recall,precision
1.0,0.23094890510948904
1.0,0.23101635514018692
1.0,0.2310838445807771
1.0,0.23115137346580947
1.0,0.23121894182987432
1.0,0.23128654970760235
1.0,0.2313541971336648
1.0,0.23142188414277357
1.0,0.231489610769681
1.0,0.23155737704918034
1.0,0.2316251830161054
1.0,0.23169302870533098
1.0,0.23176091415177263
1.0,0.23182883939038687
1.0,0.23189680445617122
1.0,0.23196480938416422
1.0,0.23203285420944558
1.0,0.23210093896713616
1.0,0.232169063692398
1.0,0.23223722842043454
1.0,0.23230543318649047
1.0,0.23237367802585193
1.0,0.23244196297384662
1.0,0.23251028806584362
1.0,0.23257865333725375
1.0,0.2326470588235294
1.0,0.23271550456016477
1.0,0.2327839905826957
1.0,0.23285251692670003
1.0,0.2329210836277974
1.0,0.2329896907216495
1.0,0.23305833824395994
1.0,0.23312702623047452
1.0,0.23319575471698112
1.0,0.23326452373930995
1.0,0.23333333333333334
1.0,0.23340218353496606
1.0,0.2334710743801653
1.0,0.23354000590493063
1.0,0.23360897814530418
1.0,0.23367799113737076
1.0,0.23374704491725767
1.0,0.23381613952113509
1.0,0.23388527498521586
1.0,0.23395445134575568
1.0,0.23402366863905325
1.0,0.23409292690145014
1.0,0.23416222616933097
1.0,0.2342315664791235
1.0,0.23430094786729858
1.0,0.23437037037037037
1.0,0.23443983402489627
1.0,0.23450933886747702
1.0,0.23457888493475682
1.0,0.2346484722634233
1.0,0.23471810089020773
1.0,0.23478777085188482
1.0,0.23485748218527316
1.0,0.23492723492723494
1.0,0.23499702911467618
1.0,0.2350668647845468
1.0,0.23513674197384066
1.0,0.2352066607195956
1.0,0.23527662105889352
1.0,0.23534662302886045
1.0,0.23541666666666666
1.0,0.23548675200952665
1.0,0.23555687909469922
1.0,0.23562704795948763
1.0,0.23569725864123958
1.0,0.23576751117734723
1.0,0.2359081419624217
1.0,0.23597852028639618
1.0,0.23604894061474188
1.0,0.23633104272482822
1.0,0.23640167364016737
1.0,0.23647234678624812
1.0,0.23654306220095694
1.0,0.23661381992222555
1.0,0.23668461998803111
1.0,0.23675546243639628
1.0,0.23682634730538923
1.0,0.23689727463312368
1.0,0.23696824445775913
1.0,0.23703925681750074
1.0,0.23711031175059952
1.0,0.23718140929535234
1.0,0.23725254949010197
1.0,0.2373237323732373
1.0,0.23739495798319327
1.0,0.2374662263584509
1.0,0.23753753753753754
1.0,0.23760889155902673
1.0,0.23768028846153846
1.0,0.2377517282837391
1.0,0.23782321106434154
1.0,0.23789473684210527
1.0,0.23796630565583635
1.0,0.2380379175443876
1.0,0.23810957254665863
1.0,0.2381812707015959
1.0,0.23825301204819277
1.0,0.2383247966254896
1.0,0.23839662447257384
1.0,0.23846849562858005
1.0,0.23854041013268998
1.0,0.23861236802413274
1.0,0.23868436934218468
1.0,0.23875641412616963
1.0,0.23882850241545894
1.0,0.23890063424947147
1.0,0.2389728096676737
1.0,0.23904502870957994
1.0,0.2391895978228001
1.0,0.23926194797338174
1.0,0.23933434190620273
1.0,0.23940677966101695
1.0,0.2394792612776264
1.0,0.2395517867958813
1.0,0.2396243562556801
1.0,0.2396969696969697
1.0,0.23976962715974537
1.0,0.23984232868405095
1.0,0.23991507430997877
1.0,0.2399878640776699
1.0,0.2400606980273141
1.0,0.24013357619914996
1.0,0.24020649863346494
1.0,0.24027946537059539
1.0,0.24035247645092678
1.0,0.2404255319148936
1.0,0.24049863180297962
1.0,0.24057177615571776
1.0,0.24071819841752892
1.0,0.24079147640791476
1.0,0.24086479902557856
1.0,0.24093816631130063
1.0,0.24101157830591102
1.0,0.24108503505028955
1.0,0.24115853658536585
1.0,0.24123208295211954
1.0,0.24130567419158022
1.0,0.2413793103448276
1.0,0.2415267175572519
1.0,0.24160048869883935
1.0,0.24167430491903452
1.0,0.2417481662591687
1.0,0.24182207276062367
1.0,0.2418960244648318
1.0,0.24204406364749081
1.0,0.2421181512090603
1.0,0.24219228413962032
1.0,0.2422664624808576
1.0,0.2423406862745098
1.0,0.24248927038626608
1.0,0.2425636307881018
1.0,0.24263803680981594
1.0,0.24271248849340288
1.0,0.24278698588090852
1.0,0.24286152901443045
1.0,0.24293611793611794
1.0,0.24301075268817204
1.0,0.24308543331284574
1.0,0.2431601598524439
1.0,0.2432349323493235
1.0,0.24330975084589357
1.0,0.2433846153846154
1.0,0.24345952600800247
1.0,0.2435344827586207
1.0,0.24360948567908838
1.0,0.24368453481207641
1.0,0.24375963020030816
1.0,0.2438347718865598
1.0,0.24390995991366018
1.0,0.24398519432449106
1.0,0.24406047516198703
1.0,0.2441358024691358
1.0,0.2442111762889781
1.0,0.24428659666460778
1.0,0.24436206363917207
1.0,0.24443757725587145
1.0,0.2445131375579598
1.0,0.24458874458874458
1.0,0.24466439839158677
1.0,0.24474009900990099
1.0,0.24481584648715568
1.0,0.24489164086687307
1.0,0.2449674821926293
1.0,0.24504337050805453
1.0,0.24511930585683298
1.0,0.24519528828270304
1.0,0.24527131782945735
1.0,0.24534739454094293
1.0,0.2454235184610611
1.0,0.24549968963376784
1.0,0.2455759081030736
1.0,0.24565217391304348
1.0,0.24572848710779746
1.0,0.24580484773151026
1.0,0.24588125582841155
1.0,0.24595771144278608
1.0,0.24603421461897357
1.0,0.246110765401369
0.9974715549936789,0.24564134495641346
0.9974715549936789,0.2457178449081283
0.9974715549936789,0.2457943925233645
0.9974715549936789,0.2458709878466812
0.9974715549936789,0.24594763092269326
0.9974715549936789,0.2460243217960711
0.9974715549936789,0.24610106051154085
0.9974715549936789,0.24617784711388455
0.9974715549936789,0.24625468164794007
0.9974715549936789,0.2463315641586013
0.9974715549936789,0.24640849469081824
0.9974715549936789,0.246485473289597
0.9974715549936789,0.2465625
0.9974715549936789,0.246639574867146
0.9974715549936789,0.24679386925242414
0.9974715549936789,0.24687108886107634
0.9974715549936789,0.24694835680751173
0.9974715549936789,0.2470256731371321
0.9974715549936789,0.24710303789539617
0.9974715549936789,0.24718045112781956
0.9974715549936789,0.24725791287997492
0.9974715549936789,0.24733542319749216
0.9974715549936789,0.24741298212605833
0.9974715549936789,0.24749058971141782
0.9974715549936789,0.24756824599937244
0.9974715549936789,0.24764595103578155
0.9974715549936789,0.247723704866562
0.9974715549936789,0.24780150753768845
0.9974715549936789,0.2478793590951932
0.9974715549936789,0.24795725958516657
0.9974715549936789,0.24803520905375667
0.9974715549936789,0.2481132075471698
0.9974715549936789,0.24819125511167034
0.9974715549936789,0.24826935179358087
0.9974715549936789,0.24834749763928235
0.9974715549936789,0.2484256926952141
0.9974715549936789,0.24850393700787402
0.9974715549936789,0.2485822306238185
0.9974715549936789,0.2486605735896628
0.9974715549936789,0.2487389659520807
0.9974715549936789,0.24881740775780511
0.9974715549936789,0.24889589905362777
0.9974715549936789,0.2489744398863995
0.9974715549936789,0.2490530303030303
0.9974715549936789,0.24913167035048941
0.9974715549936789,0.24921036007580544
0.9974715549936789,0.24928909952606634
0.9974715549936789,0.24936788874841972
0.9974715549936789,0.2494467277900727
0.9974715549936789,0.2495256166982922
0.9974715549936789,0.24960455552040495
0.9974715549936789,0.24968354430379747
0.9974715549936789,0.24976258309591642
0.9974715549936789,0.2498416719442685
0.9974715549936789,0.24992081089642065
0.9974715549936789,0.25
0.9974715549936789,0.25007923930269416
0.9974715549936789,0.2501585288522511
0.9974715549936789,0.25023786869647957
0.9974715549936789,0.25031725888324874
0.9974715549936789,0.25039669946048876
0.9974715549936789,0.25047619047619046
0.9974715549936789,0.25055573197840586
0.9974715549936789,0.2506353240152478
0.9974715549936789,0.25071496663489035
0.9974715549936789,0.250794659885569
0.9974715549936789,0.2508744038155803
0.9974715549936789,0.25095419847328243
0.9974715549936789,0.2510340439070951
0.9974715549936789,0.2511139401654997
0.9974715549936789,0.2511938872970392
0.9974715549936789,0.25127388535031847
0.9974715549936789,0.25135393437400444
0.9974715549936789,0.251434034416826
0.9949431099873578,0.25095663265306123
0.9949431099873578,0.25103668261563
0.9949431099873578,0.2511167836630504
0.9949431099873578,0.25119693584423874
0.9949431099873578,0.2512771392081737
0.9949431099873578,0.25135739380389654
0.9949431099873578,0.25143769968051116
0.9949431099873578,0.2515180568871844
0.9949431099873578,0.2515984654731458
0.9949431099873578,0.2516789254876879
0.9949431099873578,0.25175943698016634
0.9949431099873578,0.25184
0.9949431099873578,0.2519206145966709
0.9949431099873578,0.2520012808197246
0.9949431099873578,0.25208199871877
0.9949431099873578,0.25216276834347967
0.9949431099873578,0.25224358974358974
0.9949431099873578,0.25240538806927515
0.9949431099873578,0.2524863650946423
0.9949431099873578,0.25256739409499357
0.9949431099873578,0.25264847512038524
0.9949431099873578,0.2527296082209377
0.9949431099873578,0.2528107934468358
0.9949431099873578,0.25289203084832906
0.9949431099873578,0.2529733204757313
0.9949431099873578,0.2530546623794212
0.9936788874841972,0.2528144097780637
0.9936788874841972,0.2528957528957529
0.9936788874841972,0.2529771483746379
0.9936788874841972,0.253058596265293
0.9936788874841972,0.2531400966183575
0.9936788874841972,0.25322164948453607
0.9936788874841972,0.25330325491459876
0.9936788874841972,0.25338491295938104
0.9936788874841972,0.25346662366978395
0.9936788874841972,0.2535483870967742
0.9936788874841972,0.2536302032913843
0.9936788874841972,0.2537120723047127
0.9924146649810367,0.2534711010655473
0.9924146649810367,0.2535529715762274
0.9924146649810367,0.25363489499192243
0.9924146649810367,0.2537168713639302
0.9924146649810367,0.2537989007436146
0.9924146649810367,0.2538809831824062
0.9924146649810367,0.253963118731802
0.9924146649810367,0.2540453074433657
0.9924146649810367,0.2541275493687277
0.9924146649810367,0.2542098445595855
0.9924146649810367,0.2542921930677033
0.9911504424778761,0.254050550874919
0.9911504424778761,0.25413290113452186
0.9911504424778761,0.25421530479896237
0.9911504424778761,0.2542977619202076
0.9911504424778761,0.254380272550292
0.9911504424778761,0.25446283674131775
0.9911504424778761,0.2545454545454545
0.9911504424778761,0.25471085120207926
0.9911504424778761,0.254793630159246
0.9911504424778761,0.25487646293888166
0.9911504424778761,0.2549593495934959
0.9911504424778761,0.2550422901756669
0.9911504424778761,0.255125284738041
0.9911504424778761,0.2552083333333333
0.9911504424778761,0.2552914360143276
0.9911504424778761,0.2553745928338762
0.9911504424778761,0.25545780384490063
0.9911504424778761,0.25554106910039115
0.9911504424778761,0.25562438865340725
0.9911504424778761,0.2557077625570776
0.9898862199747156,0.2554649265905383
0.9898862199747156,0.25554830287206265
0.9898862199747156,0.2556317335945152
0.9898862199747156,0.2557152188112345
0.9898862199747156,0.2557987585756289
0.9898862199747156,0.25588235294117645
0.9898862199747156,0.2559660019614253
0.9898862199747156,0.25604970568999347
0.9898862199747156,0.2561334641805692
0.9898862199747156,0.256217277486911
0.9898862199747156,0.2563011456628478
0.9898862199747156,0.2564690468391746
0.9898862199747156,0.25672131147540983
0.9898862199747156,0.2568055100032798
0.9898862199747156,0.25688976377952755
0.9898862199747156,0.25705843729481287
0.9898862199747156,0.2571428571428571
0.9898862199747156,0.25731186329280314
0.9898862199747156,0.257396449704142
0.9898862199747156,0.2575657894736842
0.9898862199747156,0.25765054294175715
0.9898862199747156,0.2577353522053983
0.9898862199747156,0.25782021731972343
0.9898862199747156,0.25790513833992096
0.9898862199747156,0.25799011532125204
0.9898862199747156,0.258160237388724
0.9898862199747156,0.25833058396568787
0.9898862199747156,0.25850115549686364
0.9898862199747156,0.2585865257595773
0.9898862199747156,0.25867195242814667
0.9898862199747156,0.2588429752066116
0.9898862199747156,0.25901422428051607
0.9898862199747156,0.25918570009930486
0.9898862199747156,0.25935740311361377
0.9898862199747156,0.25944333996023855
0.9898862199747156,0.25952933377527343
0.9898862199747156,0.25987387985396615
0.9898862199747156,0.2601328903654485
0.9898862199747156,0.26021934197407776
0.9898862199747156,0.2603058510638298
0.9898862199747156,0.26047904191616766
0.9898862199747156,0.26065246338215714
0.9898862199747156,0.2608261159227182
0.9898862199747156,0.2609130289903366
0.9898862199747156,0.26117411607738494
0.9898862199747156,0.26126126126126126
0.9898862199747156,0.2616104243234213
0.9898862199747156,0.26169786096256686
0.9898862199747156,0.2620481927710843
0.9898862199747156,0.2621359223300971
0.9898862199747156,0.26222371064969857
0.9898862199747156,0.2623994638069705
0.9898862199747156,0.2625754527162978
0.9898862199747156,0.2629281396910678
0.9898862199747156,0.2632817753866846
0.9898862199747156,0.2636363636363636
0.9898862199747156,0.26399190829399866
0.9898862199747156,0.26434841323430114
0.9898862199747156,0.26443768996960487
0.9898862199747156,0.264527027027027
0.9898862199747156,0.2647058823529412
0.9898862199747156,0.2648849797023004
0.9898862199747156,0.26506431956668924
0.9898862199747156,0.2652439024390244
0.9898862199747156,0.2654237288135593
0.9898862199747156,0.2656037991858887
0.9898862199747156,0.26578411405295316
0.9898862199747156,0.26614547926580556
0.9898862199747156,0.2665078284547311
0.9898862199747156,0.2666893732970027
0.9898862199747156,0.2668711656441718
0.9898862199747156,0.2671443193449335
0.9898862199747156,0.2672354948805461
0.9898862199747156,0.26741803278688525
0.9898862199747156,0.2676008202323992
0.9898862199747156,0.2679671457905544
0.9898862199747156,0.26805888394385485
0.9898862199747156,0.26833447566826596
0.9898862199747156,0.26842646554679467
0.9898862199747156,0.2687950566426365
0.9898862199747156,0.26916466139566864
0.9898862199747156,0.26925722145804676
0.9898862199747156,0.26944253269098417
0.9898862199747156,0.26962809917355374
0.9898862199747156,0.2697209782983121
0.9898862199747156,0.27009313556398756
0.9898862199747156,0.2702795995857784
0.9898862199747156,0.2703729281767956
0.9898862199747156,0.2704663212435233
0.9898862199747156,0.27074688796680496
0.9898862199747156,0.2709342560553633
0.9898862199747156,0.27102803738317754
0.9898862199747156,0.2713097713097713
0.9898862199747156,0.2714038128249567
0.9898862199747156,0.27168632893823735
0.9898862199747156,0.271875
0.9898862199747156,0.27206393328700484
0.9898862199747156,0.2723478260869565
0.9898862199747156,0.27244258872651356
0.9898862199747156,0.27282229965156796
0.9898862199747156,0.2729173928197978
0.9898862199747156,0.2732984293193717
0.9898862199747156,0.2734893468389801
0.9898862199747156,0.2738719832109129
0.9898862199747156,0.27406370318515927
0.9898862199747156,0.2744479495268139
0.9898862199747156,0.27464047702560507
0.9898862199747156,0.27483327483327485
0.9898862199747156,0.27502634351949423
0.9898862199747156,0.27512297962052
0.9898862199747156,0.2755102040816326
0.9898862199747156,0.2757042253521127
0.9898862199747156,0.2758985200845666
0.9898862199747156,0.27599577017976734
0.9898862199747156,0.2761904761904762
0.9898862199747156,0.2763854571126015
0.9898862199747156,0.2767762460233298
0.9898862199747156,0.27716814159292036
0.9898862199747156,0.27756114852889047
0.9898862199747156,0.2776595744680851
0.9898862199747156,0.2780539772727273
0.9898862199747156,0.27844950213371267
0.9898862199747156,0.27854855923159016
0.9898862199747156,0.27894549340933383
0.9898862199747156,0.27904490377761937
0.9898862199747156,0.27924393723252494
0.9898862199747156,0.279343560470924
0.9898862199747156,0.27964285714285714
0.9898862199747156,0.2800429184549356
0.9898862199747156,0.2804441260744986
0.9898862199747156,0.28084648493543757
0.9898862199747156,0.28114901256732494
0.9898862199747156,0.28125
0.9898862199747156,0.2816546762589928
0.9898862199747156,0.2817560273479669
0.9898862199747156,0.2818574514038877
0.9898862199747156,0.28216216216216217
0.9898862199747156,0.2822638788752704
0.9898862199747156,0.2824675324675325
0.9898862199747156,0.28267148014440435
0.9898862199747156,0.28277356446370533
0.9898862199747156,0.28308026030368766
0.9898862199747156,0.2834902244750181
0.9898862199747156,0.28390137781000724
0.9898862199747156,0.28421052631578947
0.9898862199747156,0.28431372549019607
0.9898862199747156,0.28441699963675987
0.9898862199747156,0.2847272727272727
0.9898862199747156,0.2848308475809385
0.9898862199747156,0.28524590163934427
0.9898862199747156,0.2855579868708972
0.9898862199747156,0.2856621670923021
0.9898862199747156,0.28597516435354275
0.9898862199747156,0.28607964925100476
0.9898862199747156,0.2864983534577388
0.9898862199747156,0.2869182850861121
0.9898862199747156,0.28733944954128443
0.9898862199747156,0.2875504957767169
0.9898862199747156,0.28776185226019846
0.9898862199747156,0.2879735196763516
0.9898862199747156,0.2881854987118145
0.9898862199747156,0.2883977900552486
0.9898862199747156,0.28850405305821664
0.9898862199747156,0.2888233124308373
0.9898862199747156,0.28925009235315846
0.9898862199747156,0.2893569844789357
0.9898862199747156,0.28967813540510545
0.9898862199747156,0.29
0.9898862199747156,0.2901074472026677
0.9898862199747156,0.2903225806451613
0.9898862199747156,0.29053803339517625
0.9898862199747156,0.2908618127786033
0.9898862199747156,0.2909698996655518
0.9898862199747156,0.29140305173055453
0.9898862199747156,0.2915115413253909
0.9898862199747156,0.2916201117318436
0.9898862199747156,0.29205520328235735
0.9898862199747156,0.2921641791044776
0.9898862199747156,0.29260089686098656
0.9898862199747156,0.2930389221556886
0.9898862199747156,0.2932584269662921
0.9898862199747156,0.29347826086956524
0.9898862199747156,0.29358830146231724
0.9898862199747156,0.2939189189189189
0.9898862199747156,0.2941397445529677
0.9898862199747156,0.2943609022556391
0.9898862199747156,0.29447160586686727
0.9898862199747156,0.2945823927765237
0.9898862199747156,0.2948042168674699
0.9898862199747156,0.29491525423728815
0.9898862199747156,0.2951375800980023
0.988621997471555,0.2948717948717949
0.988621997471555,0.29509433962264153
0.988621997471555,0.29531722054380666
0.988621997471555,0.29554043839758126
0.988621997471555,0.2957639939485628
0.988621997471555,0.2958758986000757
0.988621997471555,0.2962121212121212
0.988621997471555,0.29632436528988254
0.988621997471555,0.2964366944655042
0.988621997471555,0.29654910883579827
0.988621997471555,0.2968868640850418
0.988621997471555,0.29699962020508924
0.9873577749683944,0.2967325227963526
0.9873577749683944,0.296958174904943
0.9873577749683944,0.29707112970711297
0.9873577749683944,0.2971841704718417
0.9873577749683944,0.2972972972972973
0.9873577749683944,0.29741051028179744
0.9873577749683944,0.2975238095238095
0.9873577749683944,0.2976371951219512
0.9873577749683944,0.29809160305343513
0.9873577749683944,0.2985474006116208
0.9873577749683944,0.29866156787762904
0.9873577749683944,0.29877582249426166
0.9873577749683944,0.29900459418070446
0.9873577749683944,0.2994631901840491
0.9873577749683944,0.29957805907172996
0.9873577749683944,0.2996930161166539
0.9873577749683944,0.2999231950844854
0.9873577749683944,0.30015372790161415
0.9873577749683944,0.3006158583525789
0.9873577749683944,0.30073161340007704
0.9873577749683944,0.3008474576271186
0.9873577749683944,0.30096339113680154
0.9873577749683944,0.3010794140323824
0.9873577749683944,0.30154440154440154
0.9873577749683944,0.3017774343122102
0.9860935524652339,0.3015075376884422
0.9848293299620733,0.30123743232791955
0.9848293299620733,0.3014705882352941
0.9848293299620733,0.301937984496124
0.9848293299620733,0.3021722265321955
0.9848293299620733,0.30240683229813664
0.9848293299620733,0.30287713841368585
0.9848293299620733,0.3029949436017114
0.9848293299620733,0.30311284046692605
0.9848293299620733,0.3032308291163877
0.9848293299620733,0.30346708219711727
0.9848293299620733,0.30358534684333593
0.9848293299620733,0.30382215288611547
0.9848293299620733,0.3039406944986344
0.9848293299620733,0.3040593286494926
0.9848293299620733,0.3045347928068804
0.9848293299620733,0.3046538912788424
0.9848293299620733,0.30477308294209704
0.9848293299620733,0.30489236790606655
0.9848293299620733,0.30501174628034455
0.9848293299620733,0.30513121817469646
0.9848293299620733,0.30525078369905956
0.9848293299620733,0.30549019607843136
0.9848293299620733,0.30572998430141285
0.9848293299620733,0.3058500196309384
0.9848293299620733,0.30597014925373134
0.9848293299620733,0.306090373280943
0.9835651074589128,0.3058176100628931
0.9835651074589128,0.3059378686590641
0.9835651074589128,0.3060582218725413
0.9835651074589128,0.30617866981503344
0.9835651074589128,0.3062992125984252
0.9835651074589128,0.3064198503347775
0.9835651074589128,0.3065405831363278
0.9835651074589128,0.3066614111154907
0.9835651074589128,0.306782334384858
0.9835651074589128,0.30690335305719924
0.9835651074589128,0.30702446724546173
0.9835651074589128,0.3071456770627714
0.9835651074589128,0.30726698262243285
0.9835651074589128,0.3073883840379297
0.9835651074589128,0.3075098814229249
0.9835651074589128,0.307753164556962
0.9835651074589128,0.3078749505342303
0.9823008849557522,0.30760095011876487
0.9823008849557522,0.3078446909667195
0.9823008849557522,0.3079667063020214
0.9823008849557522,0.30808881839809676
0.9823008849557522,0.3082110273700912
0.9823008849557522,0.30833333333333335
0.9823008849557522,0.3085782366957903
0.9823008849557522,0.30870083432657924
0.9823008849557522,0.3088235294117647
0.9823008849557522,0.3089463220675944
0.9823008849557522,0.30906921241050117
0.9823008849557522,0.30919220055710306
0.9823008849557522,0.3093152866242038
0.9823008849557522,0.3094384707287933
0.9823008849557522,0.30956175298804783
0.9823008849557522,0.3096851335193304
0.9823008849557522,0.30980861244019137
0.9823008849557522,0.30993218986836857
0.9823008849557522,0.3100558659217877
0.9823008849557522,0.3103035143769968
0.9823008849557522,0.3105515587529976
0.9823008849557522,0.31067572970811674
0.9823008849557522,0.3108
0.9823008849557522,0.31092436974789917
0.9823008849557522,0.311048839071257
0.9823008849557522,0.31117340808970767
0.9823008849557522,0.3112980769230769
0.9823008849557522,0.3114228456913828
0.9823008849557522,0.3115477145148356
0.9823008849557522,0.31167268351383876
0.9810366624525917,0.3113964686998395
0.9810366624525917,0.31152147731834606
0.9810366624525917,0.3117717959019687
0.9810366624525917,0.3120225170888621
0.9810366624525917,0.3122736418511066
0.9810366624525917,0.3125251711639146
0.9810366624525917,0.3127771060056429
0.9810366624525917,0.31290322580645163
0.9810366624525917,0.3130294473578056
0.9810366624525917,0.3131557707828894
0.9810366624525917,0.3132821962050868
0.9810366624525917,0.3134087237479806
0.9810366624525917,0.31353535353535356
0.9797724399494311,0.31325788197251414
0.9797724399494311,0.31338455317428227
0.9797724399494311,0.31351132686084143
0.9797724399494311,0.31376518218623484
0.9797724399494311,0.3138922640745241
0.9797724399494311,0.3141467369274422
0.9797724399494311,0.3144016227180527
0.9785082174462706,0.31412337662337664
0.9785082174462706,0.314378554021121
0.9785082174462706,0.3145062982527428
0.9785082174462706,0.3146341463414634
0.9785082174462706,0.31476209841398944
0.97724399494311,0.3144833197721725
0.97724399494311,0.3146113146113146
0.97724399494311,0.31473941368078173
0.97724399494311,0.314867617107943
0.97724399494311,0.3149959250203749
0.97724399494311,0.3151243375458622
0.97724399494311,0.31525285481239806
0.97724399494311,0.3153814769481844
0.97724399494311,0.31551020408163266
0.97724399494311,0.3156390363413638
0.97724399494311,0.31576797385620914
0.97724399494311,0.3158970167552105
0.97724399494311,0.3160261651676206
0.97724399494311,0.3161554192229039
0.97724399494311,0.3162847790507365
0.9759797724399494,0.31600491199345065
0.9759797724399494,0.31613431613431614
0.9759797724399494,0.31626382630069644
0.9759797724399494,0.3163934426229508
0.9759797724399494,0.3166529942575882
0.9759797724399494,0.3169129720853859
0.9759797724399494,0.31704312114989736
0.9747155499367889,0.3167625308134758
0.9747155499367889,0.31689272503082616
0.9747155499367889,0.3170230263157895
0.9747155499367889,0.3171534348004936
0.9747155499367889,0.3172839506172839
0.9747155499367889,0.31741457389872374
0.9747155499367889,0.31754530477759474
0.9747155499367889,0.3176761433868974
0.9747155499367889,0.3178070898598516
0.9747155499367889,0.3179381443298969
0.9734513274336283,0.31765676567656764
0.9734513274336283,0.31778786628146927
0.9709228824273072,0.31722428748451054
0.9709228824273072,0.31735537190082647
0.9709228824273072,0.31748656469615544
0.9709228824273072,0.3176178660049628
0.9696586599241467,0.3173355399255275
0.9696586599241467,0.31746688741721857
0.9696586599241467,0.3175983436853002
0.9696586599241467,0.31772990886495445
0.9696586599241467,0.31786158309158724
0.9696586599241467,0.3179933665008292
0.9696586599241467,0.31812525922853585
0.9696586599241467,0.31825726141078836
0.9696586599241467,0.3183893731838937
0.9696586599241467,0.3185215946843854
0.9696586599241467,0.3186539260490237
0.9696586599241467,0.3187863674147963
0.9696586599241467,0.31891891891891894
0.9696586599241467,0.31905158069883527
0.9696586599241467,0.3191843528922181
0.9696586599241467,0.3193172356369692
0.9696586599241467,0.31945022907122034
0.9696586599241467,0.31958333333333333
0.9696586599241467,0.3197165485619008
0.9696586599241467,0.31984987489574646
0.9696586599241467,0.31998331247392575
0.965865992414665,0.3191311612364244
0.9646017699115044,0.31884663602173
0.9646017699115044,0.3189799331103679
0.9646017699115044,0.3191133416980343
0.9646017699115044,0.3192468619246862
0.9646017699115044,0.3193804939305149
0.9646017699115044,0.3195142378559464
0.9646017699115044,0.3196480938416422
0.9646017699115044,0.31978206202849957
0.9646017699115044,0.319916142557652
0.9646017699115044,0.3200503355704698
0.9646017699115044,0.32018464120856066
0.9633375474083439,0.3198992443324937
0.9633375474083439,0.32003359932801345
0.9633375474083439,0.32016806722689073
0.9633375474083439,0.3203026481715006
0.9633375474083439,0.32043734230445753
0.9633375474083439,0.3205721497686159
0.9633375474083439,0.3207070707070707
0.9633375474083439,0.3208421052631579
0.9633375474083439,0.3209772535804549
0.9633375474083439,0.3211125158027813
0.9633375474083439,0.321247892074199
0.9620733249051833,0.3209616195698018
0.9620733249051833,0.3210970464135021
0.9620733249051833,0.3212325875897003
0.9620733249051833,0.32136824324324326
0.9620733249051833,0.32150401351922264
0.9620733249051833,0.3216398985629755
0.9620733249051833,0.3217758985200846
0.9620733249051833,0.321912013536379
0.9608091024020228,0.3216250528988574
0.9608091024020228,0.32176121930567314
0.9608091024020228,0.3218975010588734
0.9608091024020228,0.3220338983050847
0.9595448798988622,0.32174650275540484
0.9595448798988622,0.32188295165394404
0.9595448798988622,0.3220195163343233
0.9595448798988622,0.32215619694397285
0.9582806573957017,0.3218683651804671
0.9557522123893806,0.3212919677008075
0.9532237673830595,0.3207145895363675
0.9532237673830595,0.32085106382978723
0.9532237673830595,0.32098765432098764
0.9519595448798989,0.3206984667802385
0.9519595448798989,0.32083510864933956
0.9519595448798989,0.3209718670076726
0.9519595448798989,0.32110874200426437
0.9519595448798989,0.3212457337883959
0.9519595448798989,0.3215200683176772
0.9519595448798989,0.3216574113626655
0.9519595448798989,0.3217948717948718
0.9519595448798989,0.3219324497648568
0.9519595448798989,0.3220701454234388
0.9519595448798989,0.32220795892169446
0.9519595448798989,0.3223458904109589
0.9519595448798989,0.32248394004282654
0.9506953223767383,0.3221936589545844
0.9494310998735778,0.3219031290184312
0.9494310998735778,0.322041166380789
0.9494310998735778,0.32217932217932216
0.9494310998735778,0.3223175965665236
0.9494310998735778,0.32245598969514816
0.9481668773704172,0.32216494845360827
0.9481668773704172,0.32230339492909327
0.9481668773704172,0.32244196044711954
0.9481668773704172,0.3225806451612903
0.9481668773704172,0.3227194492254733
0.9481668773704172,0.32285837279380114
0.9469026548672567,0.32256675279931096
0.9469026548672567,0.32270573028866867
0.9469026548672567,0.3228448275862069
0.9469026548672567,0.3229840448469168
0.9469026548672567,0.32312338222605697
0.9469026548672567,0.32326283987915405
0.9456384323640961,0.3229706390328152
0.9456384323640961,0.323110151187905
0.9456384323640961,0.3232497839239412
0.9456384323640961,0.3233895373973195
0.9456384323640961,0.3235294117647059
0.9456384323640961,0.32366940718303766
0.9456384323640961,0.3238095238095238
0.9456384323640961,0.32394976180164575
0.9456384323640961,0.3240901213171577
0.9456384323640961,0.3242306025140876
0.9456384323640961,0.32437120555073723
0.9456384323640961,0.3245119305856833
0.9456384323640961,0.3246527777777778
0.9456384323640961,0.3247937472861485
0.9456384323640961,0.32493483927019984
0.9443742098609356,0.3246414602346806
0.9443742098609356,0.3247826086956522
0.9443742098609356,0.3249238799478034
0.9443742098609356,0.32506527415143605
0.9443742098609356,0.32520679146713105
0.9443742098609356,0.32534843205574915
0.9443742098609356,0.3254901960784314
0.9443742098609356,0.32563208369659985
0.9443742098609356,0.32577409507195815
0.9443742098609356,0.32591623036649214
0.9443742098609356,0.32605848974247054
0.9443742098609356,0.3262008733624454
0.9443742098609356,0.32634338138925295
0.9443742098609356,0.326486013986014
0.9443742098609356,0.32662877131613466
0.9443742098609356,0.32677165354330706
0.943109987357775,0.3264770240700219
0.943109987357775,0.3266199649737303
0.943109987357775,0.32676303109943056
0.943109987357775,0.32690622261174407
0.943109987357775,0.32704953967558087
0.943109987357775,0.32719298245614037
0.943109987357775,0.3273365511189118
0.9418457648546145,0.3270412642669008
0.9418457648546145,0.3271848924022837
0.9418457648546145,0.3273286467486819
0.9418457648546145,0.3274725274725275
0.9418457648546145,0.3276165347405453
0.9418457648546145,0.3277606687197536
0.9418457648546145,0.3279049295774648
0.9418457648546145,0.3280493174812858
0.9418457648546145,0.32819383259911894
0.9418457648546145,0.32833847509916264
0.9418457648546145,0.32848324514991184
0.9418457648546145,0.3286281429201588
0.9418457648546145,0.3287731685789938
0.9418457648546145,0.32891832229580575
0.9418457648546145,0.3290636042402827
0.9418457648546145,0.32920901458241275
0.9418457648546145,0.32935455349248455
0.9418457648546145,0.329500221141088
0.9418457648546145,0.32964601769911506
0.9418457648546145,0.3297919433377601
0.9418457648546145,0.3299379982285208
0.9418457648546145,0.33008418254319893
0.9418457648546145,0.33023049645390073
0.9418457648546145,0.3303769401330377
0.9418457648546145,0.3305235137533274
0.9418457648546145,0.33067021748779407
0.9418457648546145,0.3308170515097691
0.9418457648546145,0.33096401599289205
0.9418457648546145,0.33111111111111113
0.9418457648546145,0.33125833703868385
0.9418457648546145,0.33140569395017794
0.9418457648546145,0.33155318202047174
0.9418457648546145,0.3317008014247551
0.9418457648546145,0.33184855233853006
0.9418457648546145,0.3319964349376114
0.9418457648546145,0.3321444493981275
0.9418457648546145,0.33229259589652094
0.9418457648546145,0.3324408746095493
0.9418457648546145,0.3325892857142857
0.9418457648546145,0.3327378293881197
0.9418457648546145,0.33288650580875784
0.9418457648546145,0.3330353151542244
0.9418457648546145,0.33318425760286224
0.9418457648546145,0.3333333333333333
0.9405815423514539,0.333034914950761
0.9405815423514539,0.33318405732198836
0.9405815423514539,0.3333333333333333
0.9405815423514539,0.3334827431645002
0.9405815423514539,0.33363228699551567
0.9405815423514539,0.33378196500672946
0.9405815423514539,0.3339317773788151
0.9405815423514539,0.33408172429277055
0.9405815423514539,0.33423180592991913
0.9405815423514539,0.3345323741007194
0.9405815423514539,0.33483348334833485
0.9405815423514539,0.334984241332733
0.9405815423514539,0.33513513513513515
0.9405815423514539,0.3352861649391618
0.9405815423514539,0.33543733092876465
0.9405815423514539,0.33558863328822736
0.9405815423514539,0.33574007220216606
0.9405815423514539,0.3358916478555305
0.9393173198482933,0.3355916892502258
0.9393173198482933,0.3357433348395843
0.9393173198482933,0.3358951175406872
0.9380530973451328,0.3355947535052013
0.9380530973451328,0.3357466063348416
0.9380530973451328,0.3358985966500679
0.9380530973451328,0.33605072463768115
0.9380530973451328,0.33620299048482105
0.9380530973451328,0.33635539437896644
0.9380530973451328,0.33650793650793653
0.9380530973451328,0.3366606170598911
0.9380530973451328,0.3368134362233318
0.9380530973451328,0.3369663941871026
0.9380530973451328,0.33711949114039075
0.9367888748419722,0.3368181818181818
0.9367888748419722,0.3369713506139154
0.9367888748419722,0.33712465878070974
0.9367888748419722,0.33727810650887574
0.9367888748419722,0.337431693989071
0.9367888748419722,0.33773928896991795
0.9367888748419722,0.3378932968536252
0.9367888748419722,0.33820173436786855
0.9367888748419722,0.33851073549566013
0.9367888748419722,0.3386654478976234
0.9367888748419722,0.3388203017832647
0.9367888748419722,0.3389752973467521
0.9367888748419722,0.3392857142857143
0.9367888748419722,0.33944113605130555
0.9367888748419722,0.33959670027497707
0.9367888748419722,0.33975240715268223
0.9367888748419722,0.33990825688073395
0.9367888748419722,0.3400642496558054
0.9367888748419722,0.3402203856749311
0.9367888748419722,0.3403766651355076
0.9367888748419722,0.3405330882352941
0.9367888748419722,0.3406896551724138
0.9367888748419722,0.3408463661453542
0.9367888748419722,0.34100322135296823
0.9367888748419722,0.3411602209944751
0.9367888748419722,0.3413173652694611
0.9367888748419722,0.34147465437788016
0.9367888748419722,0.341789667896679
0.9367888748419722,0.341947392708814
0.9367888748419722,0.3422632794457275
0.9367888748419722,0.3424214417744917
0.9367888748419722,0.34257975034674065
0.9367888748419722,0.3427382053654024
0.9367888748419722,0.34289680703378067
0.9367888748419722,0.34305555555555556
0.9355246523388117,0.3427512737378416
0.9355246523388117,0.34291010194624655
0.9355246523388117,0.3430690774223458
0.9355246523388117,0.3432282003710575
0.9355246523388117,0.3433874709976798
0.9355246523388117,0.3435468895078923
0.9355246523388117,0.34370645610775663
0.9355246523388117,0.34386617100371747
0.9355246523388117,0.34402603440260343
0.9355246523388117,0.34418604651162793
0.9355246523388117,0.34434620753838996
0.9355246523388117,0.34450651769087526
0.9355246523388117,0.3446669771774569
0.9355246523388117,0.3448275862068966
0.9355246523388117,0.34498834498834496
0.9355246523388117,0.3451492537313433
0.9355246523388117,0.3453103126458236
0.9355246523388117,0.34547152194211017
0.9355246523388117,0.3456328818309201
0.9355246523388117,0.34579439252336447
0.9355246523388117,0.34595605423094905
0.9355246523388117,0.3461178671655753
0.9355246523388117,0.3462798315395414
0.9355246523388117,0.3464419475655431
0.9355246523388117,0.34660421545667447
0.9355246523388117,0.3467666354264292
0.9355246523388117,0.34692920768870134
0.9355246523388117,0.34709193245778613
0.9355246523388117,0.34725480994838104
0.9355246523388117,0.3474178403755869
0.9355246523388117,0.3475810239549084
0.9355246523388117,0.34774436090225563
0.9355246523388117,0.34790785143394454
0.9355246523388117,0.34807149576669805
0.9355246523388117,0.34823529411764703
0.9355246523388117,0.3483992467043315
0.9355246523388117,0.3485633537447009
0.9355246523388117,0.34872761545711595
0.9355246523388117,0.3488920320603489
0.9355246523388117,0.3490566037735849
0.9355246523388117,0.3492213308164228
0.9355246523388117,0.3493862134088763
0.9355246523388117,0.3497164461247637
0.9355246523388117,0.34988179669030733
0.9355246523388117,0.3502129673450071
0.9355246523388117,0.3503787878787879
0.9355246523388117,0.3505447655139744
0.9355246523388117,0.35071090047393366
0.9355246523388117,0.3508771929824561
0.9355246523388117,0.3510436432637571
0.9355246523388117,0.3512102515424775
0.9355246523388117,0.3513770180436847
0.9355246523388117,0.3515439429928741
0.9355246523388117,0.3517110266159696
0.9355246523388117,0.3518782691393248
0.9355246523388117,0.3520456707897241
0.9355246523388117,0.35221323179438363
0.9355246523388117,0.3523809523809524
0.9355246523388117,0.3525488327775131
0.9355246523388117,0.35271687321258344
0.9355246523388117,0.3528850739151168
0.9355246523388117,0.3530534351145038
0.9355246523388117,0.3532219570405728
0.9355246523388117,0.3533906399235912
0.9355246523388117,0.3535594839942666
0.9355246523388117,0.35372848948374763
0.9355246523388117,0.35389765662362505
0.9355246523388117,0.35406698564593303
0.9355246523388117,0.35423647678314985
0.9355246523388117,0.3544061302681992
0.9355246523388117,0.3545759463344514
0.9355246523388117,0.3547459252157239
0.9355246523388117,0.354916067146283
0.9355246523388117,0.3550863723608445
0.9355246523388117,0.3552568410945751
0.9355246523388117,0.3554274735830932
0.9355246523388117,0.35559827006246997
0.9355246523388117,0.3557692307692308
0.9355246523388117,0.35594035594035595
0.9355246523388117,0.35611164581328203
0.9355246523388117,0.35628310062590274
0.9355246523388117,0.35645472061657035
0.9355246523388117,0.3566265060240964
0.9355246523388117,0.35731530661516175
0.9355246523388117,0.357487922705314
0.9355246523388117,0.3578336557059961
0.9355246523388117,0.35800677310111273
0.9355246523388117,0.35818005808325265
0.9355246523388117,0.3583535108958838
0.9355246523388117,0.35852713178294576
0.9355246523388117,0.3587009209888512
0.9355246523388117,0.35904900533721495
0.9355246523388117,0.3593977659057795
0.9355246523388117,0.3595724003887269
0.9355246523388117,0.3597472046669908
0.9355246523388117,0.35992217898832685
0.9355246523388117,0.36009732360097324
0.9355246523388117,0.3602726387536514
0.9355246523388117,0.3604481246955675
0.9355246523388117,0.36062378167641324
0.9355246523388117,0.3607996099463676
0.9355246523388117,0.36097560975609755
0.9355246523388117,0.361328125
0.9355246523388117,0.361504640937958
0.9355246523388117,0.3616813294232649
0.9355246523388117,0.36185819070904646
0.9355246523388117,0.3622124326970142
0.9355246523388117,0.3623898139079334
0.9355246523388117,0.3627450980392157
0.9355246523388117,0.3631010794896958
0.9355246523388117,0.36345776031434185
0.9355246523388117,0.36363636363636365
0.9355246523388117,0.3638151425762045
0.9355246523388117,0.36399409739301525
0.9355246523388117,0.3641732283464567
0.9355246523388117,0.3643525356967011
0.9355246523388117,0.3645320197044335
0.9355246523388117,0.36471168063085263
0.9355246523388117,0.36489151873767256
0.9355246523388117,0.36507153428712386
0.9355246523388117,0.3654320987654321
0.9355246523388117,0.36561264822134387
0.9355246523388117,0.3659742828882295
0.9355246523388117,0.3661553686293914
0.9355246523388117,0.36651807825656263
0.9355246523388117,0.3668815071888944
0.9355246523388117,0.36706349206349204
0.9355246523388117,0.36724565756823824
0.9355246523388117,0.36742800397219466
0.9355246523388117,0.36761053154495776
0.9355246523388117,0.36779324055666
0.9355246523388117,0.3679761312779712
0.9355246523388117,0.3681592039800995
0.9355246523388117,0.36834245893479345
0.9355246523388117,0.36852589641434264
0.9355246523388117,0.3687095166915795
0.9355246523388117,0.36889332003988035
0.9355246523388117,0.3690773067331671
0.9355246523388117,0.36926147704590817
0.9355246523388117,0.3694458312531203
0.9355246523388117,0.3696303696303696
0.9355246523388117,0.3698150924537731
0.9355246523388117,0.37
0.9355246523388117,0.37018509254627313
0.9355246523388117,0.37037037037037035
0.9355246523388117,0.37055583375062595
0.9355246523388117,0.37074148296593185
0.9355246523388117,0.37092731829573933
0.9355246523388117,0.3711133400200602
0.9355246523388117,0.37129954841946816
0.9355246523388117,0.3714859437751004
0.9355246523388117,0.37167252636865894
0.9355246523388117,0.37185929648241206
0.9355246523388117,0.3720462543991956
0.9355246523388117,0.3722334004024145
0.9355246523388117,0.3724207347760443
0.9355246523388117,0.3726082578046324
0.9355246523388117,0.37279596977329976
0.9355246523388117,0.37298387096774194
0.9355246523388117,0.37317196167423095
0.9355246523388117,0.37336024217961655
0.9355246523388117,0.37373737373737376
0.9355246523388117,0.3739262253663466
0.9355246523388117,0.3743045017703591
0.9355246523388117,0.37449392712550605
0.9355246523388117,0.37468354430379747
0.9355246523388117,0.37487335359675783
0.9355246523388117,0.3752535496957404
0.9355246523388117,0.3754439370877727
0.9355246523388117,0.37582529202640935
0.9355246523388117,0.37601626016260165
0.9355246523388117,0.37620742247076766
0.9355246523388117,0.37639877924720244
0.9355246523388117,0.37659033078880405
0.9355246523388117,0.37678207739307534
0.9355246523388117,0.3769740193581253
0.9355246523388117,0.37716615698267075
0.9355246523388117,0.37735849056603776
0.9355246523388117,0.37755102040816324
0.9355246523388117,0.37793667007150156
0.9355246523388117,0.3783231083844581
0.9355246523388117,0.37851662404092073
0.9355246523388117,0.37871033776867963
0.9355246523388117,0.3789042498719918
0.9355246523388117,0.3790983606557377
0.9355246523388117,0.37929267042542286
0.9355246523388117,0.37948717948717947
0.9355246523388117,0.3796818881477681
0.9355246523388117,0.3800719054956343
0.9355246523388117,0.3802672147995889
0.9355246523388117,0.38046272493573263
0.9355246523388117,0.38065843621399176
0.9355246523388117,0.38085434894493053
0.9355246523388117,0.38105046343975285
0.9355246523388117,0.381246780010304
0.9355246523388117,0.38144329896907214
0.9355246523388117,0.3816400206291903
0.9355246523388117,0.38183694530443757
0.9355246523388117,0.3820340733092411
0.9355246523388117,0.3822314049586777
0.9355246523388117,0.38242894056847543
0.9355246523388117,0.3828246249353337
0.9355246523388117,0.3830227743271222
0.9355246523388117,0.3832211289487312
0.9355246523388117,0.383618455158113
0.9355246523388117,0.38381742738589214
0.9355246523388117,0.384016606123508
0.9355246523388117,0.3842159916926272
0.9355246523388117,0.38441558441558443
0.9355246523388117,0.38461538461538464
0.9355246523388117,0.38481539261570463
0.9355246523388117,0.3850156087408949
0.9355246523388117,0.38521603331598125
0.9355246523388117,0.3854166666666667
0.9355246523388117,0.385617509119333
0.9355246523388117,0.3858185610010427
0.9355246523388117,0.38601982263954093
0.9355246523388117,0.3862212943632568
0.9355246523388117,0.38642297650130547
0.9355246523388117,0.38662486938349006
0.9355246523388117,0.3868269733403032
0.9355246523388117,0.38702928870292885
0.9355246523388117,0.3872318158032444
0.9355246523388117,0.387434554973822
0.9355246523388117,0.38763750654793083
0.9355246523388117,0.38784067085953877
0.9355246523388117,0.3880440482433141
0.9355246523388117,0.3882476390346275
0.9355246523388117,0.3884514435695538
0.9355246523388117,0.38865546218487396
0.9355246523388117,0.38885969521807673
0.9355246523388117,0.3890641430073607
0.9355246523388117,0.389268805891636
0.9355246523388117,0.3894736842105263
0.9355246523388117,0.3896787783043707
0.9355246523388117,0.3898840885142255
0.9355246523388117,0.3900896151818661
0.9355246523388117,0.39029535864978904
0.9355246523388117,0.39050131926121373
0.9355246523388117,0.3907074973600845
0.9355246523388117,0.39091389329107235
0.9355246523388117,0.39112050739957716
0.9355246523388117,0.39132734003172925
0.9355246523388117,0.3915343915343915
0.9355246523388117,0.39174166225516144
0.9355246523388117,0.3919491525423729
0.9355246523388117,0.39215686274509803
0.9355246523388117,0.39236479321314954
0.9355246523388117,0.3925729442970822
0.9355246523388117,0.39278131634819535
0.9355246523388117,0.39298990971853426
0.9355246523388117,0.3931987247608927
0.9355246523388117,0.39361702127659576
0.9355246523388117,0.3938265034592869
0.9355246523388117,0.39403620873269435
0.9355246523388117,0.39424613745338305
0.9355246523388117,0.39445628997867804
0.9355246523388117,0.39466666666666667
0.9355246523388117,0.39487726787620064
0.9355246523388117,0.39508809396689804
0.9355246523388117,0.3952991452991453
0.9355246523388117,0.39551042223409943
0.9355246523388117,0.39593365436062067
0.9355246523388117,0.3961456102783726
0.9355246523388117,0.3963577932512051
0.9355246523388117,0.3965702036441586
0.9355246523388117,0.3967828418230563
0.9355246523388117,0.3969957081545064
0.9355246523388117,0.39720880300590444
0.9355246523388117,0.39742212674543503
0.9355246523388117,0.39763567974207414
0.9355246523388117,0.3978494623655914
0.9355246523388117,0.3980634749865519
0.9355246523388117,0.3984921917070544
0.9355246523388117,0.39892183288409705
0.9355246523388117,0.39913700107874867
0.9355246523388117,0.39935240151106316
0.9355246523388117,0.39956803455723544
0.9355246523388117,0.3997839005942734
0.9355246523388117,0.4
0.9355246523388117,0.4002163331530557
0.9355246523388117,0.4004329004329004
0.9355246523388117,0.40064970221981594
0.9355246523388117,0.4008667388949079
0.9355246523388117,0.4010840108401084
0.9355246523388117,0.40130151843817785
0.9355246523388117,0.40151926207270755
0.9355246523388117,0.4017372421281216
0.9355246523388117,0.40195545898967955
0.9355246523388117,0.40217391304347827
0.9355246523388117,0.4023926046764546
0.9355246523388117,0.40261153427638735
0.9355246523388117,0.4028307022318998
0.9355246523388117,0.40305010893246185
0.9355246523388117,0.4032697547683924
0.9355246523388117,0.4034896401308615
0.9355246523388117,0.4037097654118931
0.9355246523388117,0.4039301310043668
0.9355246523388117,0.4041507373020208
0.9355246523388117,0.40459267359212686
0.9355246523388117,0.4048140043763676
0.9355246523388117,0.4050355774493706
0.9355246523388117,0.40525739320920046
0.9355246523388117,0.4054794520547945
0.9355246523388117,0.4057017543859649
0.9355246523388117,0.405924300603401
0.9355246523388117,0.4061470911086718
0.9355246523388117,0.4063701263042284
0.9355246523388117,0.4065934065934066
0.9355246523388117,0.4068169323804288
0.9355246523388117,0.40704070407040704
0.9355246523388117,0.40726472206934505
0.9355246523388117,0.40748898678414097
0.9355246523388117,0.40771349862258954
0.9355246523388117,0.4079382579933848
0.9355246523388117,0.4086140254003313
0.9355246523388117,0.4090657822001106
0.9355246523388117,0.4092920353982301
0.9355246523388117,0.4095185390149419
0.9355246523388117,0.4097452934662237
0.9355246523388117,0.4099722991689751
0.9355246523388117,0.41019955654101997
0.9355246523388117,0.4104270660011093
0.9355246523388117,0.41065482796892344
0.9355246523388117,0.410882842865075
0.9355246523388117,0.4111111111111111
0.9355246523388117,0.41156840934371525
0.9355246523388117,0.4124860646599777
0.9355246523388117,0.41271611823759063
0.9355246523388117,0.41294642857142855
0.9355246523388117,0.41317699609156894
0.9355246523388117,0.4134078212290503
0.9355246523388117,0.4136389044158748
0.9355246523388117,0.41387024608501116
0.9355246523388117,0.4141018466703973
0.9355246523388117,0.4143337066069429
0.9355246523388117,0.41456582633053224
0.9355246523388117,0.4147982062780269
0.9355246523388117,0.41503084688726866
0.9355246523388117,0.4152637485970819
0.9355246523388117,0.41549691184727683
0.9355246523388117,0.41596402473299604
0.9355246523388117,0.41643218908272367
0.9355246523388117,0.4166666666666667
0.9355246523388117,0.4169014084507042
0.9355246523388117,0.41713641488162345
0.9355246523388117,0.4173716864072194
0.9355246523388117,0.417607223476298
0.9355246523388117,0.4178430265386787
0.9355246523388117,0.4180790960451977
0.9355246523388117,0.4183154324477106
0.9355246523388117,0.41855203619909503
0.9355246523388117,0.4187889077532541
0.9355246523388117,0.4190260475651189
0.9355246523388117,0.4192634560906516
0.9355246523388117,0.41950113378684806
0.9355246523388117,0.41973908111174135
0.9355246523388117,0.4199772985244041
0.9355246523388117,0.4202157864849517
0.9355246523388117,0.42069357589539513
0.9355246523388117,0.42093287827076226
0.9355246523388117,0.421172453044963
0.934260429835651,0.42084282460136674
0.93173198482933,0.4201824401368301
0.93173198482933,0.4204221334854535
0.93173198482933,0.420662100456621
0.93173198482933,0.4209023415191319
0.93173198482933,0.42114285714285715
0.93173198482933,0.42138364779874216
0.93173198482933,0.42162471395881007
0.93173198482933,0.42210767468499427
0.93173198482933,0.42234957020057307
0.93173198482933,0.42259174311926606
0.93173198482933,0.4230769230769231
0.93173198482933,0.4233199310740953
0.93173198482933,0.4235632183908046
0.93173198482933,0.42380678550891315
0.93173198482933,0.4240506329113924
0.93173198482933,0.42429476108232583
0.93173198482933,0.4245391705069124
0.9304677623261695,0.42420749279538905
0.9304677623261695,0.4244521337946944
0.9304677623261695,0.42469705712637046
0.9304677623261695,0.42494226327944573
0.9304677623261695,0.42518775274407855
0.9304677623261695,0.4254335260115607
0.9304677623261695,0.4256795835743204
0.9304677623261695,0.42592592592592593
0.9304677623261695,0.4261725535610886
0.9304677623261695,0.4264194669756663
0.9304677623261695,0.4266666666666667
0.9279393173198482,0.4260011607661056
0.9279393173198482,0.4262485481997677
0.9279393173198482,0.4264962231260895
0.9279393173198482,0.42674418604651165
0.9279393173198482,0.4269924374636416
0.9279393173198482,0.42724097788125726
0.9279393173198482,0.42748980780430984
0.9279393173198482,0.42773892773892774
0.9279393173198482,0.4279883381924198
0.9279393173198482,0.4282380396732789
0.9279393173198482,0.4284880326911851
0.9279393173198482,0.4287383177570093
0.9279393173198482,0.42923976608187137
0.9279393173198482,0.4294909303686366
0.9266750948166877,0.42915690866510536
0.9266750948166877,0.4294083186877563
0.9266750948166877,0.4296600234466589
0.9266750948166877,0.4299120234604106
0.9266750948166877,0.4301643192488263
0.9266750948166877,0.43041691133294185
0.9266750948166877,0.4306698002350176
0.9266750948166877,0.43092298647854205
0.9266750948166877,0.43117647058823527
0.9266750948166877,0.43143025309005295
0.9266750948166877,0.43168433451118965
0.9266750948166877,0.4319387153800825
0.9266750948166877,0.4321933962264151
0.9266750948166877,0.4324483775811209
0.9266750948166877,0.43270365997638727
0.9266750948166877,0.4329592439456586
0.9266750948166877,0.43321513002364065
0.9266750948166877,0.43347131874630396
0.9266750948166877,0.43372781065088756
0.9266750948166877,0.4339846062759029
0.9266750948166877,0.43424170616113744
0.9266750948166877,0.4344991108476586
0.9266750948166877,0.4347568208778173
0.9266750948166877,0.4350148367952522
0.9266750948166877,0.4352731591448931
0.9254108723135271,0.43493761140819964
0.9254108723135271,0.4351961950059453
0.9254108723135271,0.43545508625817964
0.9254108723135271,0.4357142857142857
0.9254108723135271,0.43597379392495533
0.9254108723135271,0.4362336114421931
0.9254108723135271,0.4364937388193202
0.9254108723135271,0.43675417661097854
0.9254108723135271,0.43701492537313436
0.9254108723135271,0.43727598566308246
0.9254108723135271,0.4375373580394501
0.9254108723135271,0.43779904306220097
0.9254108723135271,0.4380610412926391
0.9254108723135271,0.43832335329341315
0.9254108723135271,0.4385859796285201
0.9254108723135271,0.43884892086330934
0.9241466498103666,0.4385122975404919
0.9241466498103666,0.4387755102040816
0.9241466498103666,0.439039039039039
0.9241466498103666,0.43930288461538464
0.9241466498103666,0.4395670475045099
0.9241466498103666,0.4398315282791817
0.9241466498103666,0.44009632751354605
0.9241466498103666,0.4403614457831325
0.9241466498103666,0.44062688366485836
0.9241466498103666,0.4408926417370326
0.9241466498103666,0.4411587205793603
0.9241466498103666,0.4414251207729469
0.9241466498103666,0.4419588875453446
0.9241466498103666,0.4422262552934059
0.9241466498103666,0.4424939467312349
0.9241466498103666,0.44276196244700183
0.9241466498103666,0.44303030303030305
0.9241466498103666,0.44329896907216493
0.9241466498103666,0.44356796116504854
0.9241466498103666,0.44383727990285365
0.9241466498103666,0.44410692588092343
0.9241466498103666,0.44437689969604866
0.9241466498103666,0.444647201946472
0.9241466498103666,0.4449178332318929
0.9241466498103666,0.445460085313833
0.9241466498103666,0.45040049291435613
0.9241466498103666,0.45067817509247843
0.9241466498103666,0.4509561998766194
0.9241466498103666,0.45123456790123456
0.9241466498103666,0.4515132798023471
0.9241466498103666,0.45179233621755255
0.9241466498103666,0.4520717377860235
0.9241466498103666,0.45235148514851486
0.9216182048040455,0.4516728624535316
0.9165613147914032,0.4503105590062112
0.9165613147914032,0.45059042883778744
0.9165613147914032,0.45087064676616917
0.9165613147914032,0.4511512134411948
0.9165613147914032,0.45143212951432127
0.9165613147914032,0.4517133956386293
0.9165613147914032,0.45199501246882795
0.9165613147914032,0.45227698066126015
0.9165613147914032,0.4525593008739076
0.9165613147914032,0.452841973766396
0.9165613147914032,0.453125
0.9165613147914032,0.45369211514392993
0.9165613147914032,0.4542606516290727
0.9165613147914032,0.45454545454545453
0.9165613147914032,0.4548306148055207
0.9165613147914032,0.45511613308223475
0.9165613147914032,0.45540201005025127
0.9152970922882427,0.45505971087366437
0.9152970922882427,0.45534591194968554
0.9152970922882427,0.4556324732536186
0.9152970922882427,0.45591939546599497
0.9152970922882427,0.4562066792690611
0.9152970922882427,0.45649432534678436
0.9152970922882427,0.45678233438485805
0.9152970922882427,0.45707070707070707
0.9152970922882427,0.4573594440934934
0.9152970922882427,0.45764854614412137
0.9152970922882427,0.4579380139152435
0.9152970922882427,0.4582278481012658
0.9152970922882427,0.4585180493983534
0.9152970922882427,0.458808618504436
0.9140328697850821,0.4584654407102093
0.9140328697850821,0.45875634517766495
0.9140328697850821,0.45904761904761904
0.9140328697850821,0.4593392630241423
0.9140328697850821,0.459631277813096
0.9140328697850821,0.4599236641221374
0.9140328697850821,0.46021642266072565
0.9140328697850821,0.4605095541401274
0.9140328697850821,0.4608030592734226
0.9140328697850821,0.4610969387755102
0.9140328697850821,0.46139119336311424
0.9140328697850821,0.4616858237547893
0.9140328697850821,0.4619808306709265
0.9140328697850821,0.4622762148337596
0.9127686472819216,0.4619321817018554
0.9127686472819216,0.4622279129321383
0.9127686472819216,0.46282051282051284
0.9127686472819216,0.4634146341463415
0.9127686472819216,0.46371226718047526
0.9127686472819216,0.4640102827763496
0.9127686472819216,0.4643086816720257
0.9127686472819216,0.4646074646074646
0.9127686472819216,0.46490663232453316
0.9127686472819216,0.4652061855670103
0.9127686472819216,0.4655061250805932
0.9127686472819216,0.46580645161290324
0.9127686472819216,0.46610716591349255
0.9127686472819216,0.4664082687338501
0.9127686472819216,0.4667097608274079
0.9127686472819216,0.4670116429495472
0.9127686472819216,0.4673139158576052
0.9127686472819216,0.4676165803108808
0.9127686472819216,0.4679196370706416
0.9127686472819216,0.46852693056456846
0.9127686472819216,0.4688311688311688
0.9127686472819216,0.4691358024691358
0.9127686472819216,0.4694408322496749
0.9127686472819216,0.4697462589459987
0.9127686472819216,0.4703583061889251
0.9127686472819216,0.4706649282920469
0.9127686472819216,0.47127937336814624
0.9127686472819216,0.4715871979098628
0.9127686472819216,0.4718954248366013
0.9127686472819216,0.4722040549378679
0.9127686472819216,0.4725130890052356
0.9127686472819216,0.472822527832351
0.9127686472819216,0.47313237221494103
0.9127686472819216,0.4734426229508197
0.9127686472819216,0.47406434668417596
0.9127686472819216,0.4743758212877792
0.9127686472819216,0.4746877054569362
0.9127686472819216,0.475
0.9127686472819216,0.47531270572745227
0.9127686472819216,0.4756258234519104
0.9127686472819216,0.4759393539881345
0.9127686472819216,0.4762532981530343
0.9127686472819216,0.4765676567656766
0.9127686472819216,0.47688243064729197
0.9127686472819216,0.47719762062128224
0.9127686472819216,0.4775132275132275
0.9089759797724399,0.47647448641484424
0.9089759797724399,0.47679045092838196
0.9089759797724399,0.47710683477106836
0.9089759797724399,0.47742363877822047
0.9089759797724399,0.4777408637873754
0.9089759797724399,0.47805851063829785
0.9089759797724399,0.47837658017298734
0.9089759797724399,0.4786950732356858
0.9089759797724399,0.47901399067288475
0.9089759797724399,0.47933333333333333
0.9089759797724399,0.47965310206804534
0.9089759797724399,0.4802939211756847
0.9089759797724399,0.48061497326203206
0.9089759797724399,0.4809364548494983
0.9089759797724399,0.48125836680053546
0.9077117572692794,0.48091091761553917
0.9064475347661188,0.48056300268096513
0.9064475347661188,0.48088531187122735
0.9064475347661188,0.4812080536912752
0.9064475347661188,0.48153122901276024
0.9064475347661188,0.4821788836583726
0.9064475347661188,0.48282828282828283
0.9064475347661188,0.4831536388140162
0.9064475347661188,0.48347943358057993
0.9064475347661188,0.48380566801619435
0.9064475347661188,0.4841323430114787
0.9064475347661188,0.48445945945945945
0.9064475347661188,0.4847870182555781
0.9051833122629582,0.4844384303112314
0.9051833122629582,0.4847664184157075
0.9051833122629582,0.48509485094850946
0.9051833122629582,0.48542372881355933
0.9026548672566371,0.4847250509164969
0.9013906447534766,0.484375
0.9013906447534766,0.4847042828008158
0.9013906447534766,0.4850340136054422
0.9013906447534766,0.4853641933287951
0.9013906447534766,0.48569482288828336
0.9013906447534766,0.4863574351978172
0.9013906447534766,0.48668941979522184
0.9013906447534766,0.4870218579234973
0.8988621997471555,0.48632010943912446
0.8988621997471555,0.486652977412731
0.8988621997471555,0.48698630136986304
0.8988621997471555,0.4873200822481151
0.8988621997471555,0.4876543209876543
0.8988621997471555,0.48798901853122856
0.8988621997471555,0.4883241758241758
0.8988621997471555,0.488659793814433
0.8988621997471555,0.4889958734525447
0.8988621997471555,0.4893324156916724
0.8988621997471555,0.4896694214876033
0.8988621997471555,0.4900068917987595
0.8988621997471555,0.4903448275862069
0.8988621997471555,0.4906832298136646
0.8988621997471555,0.4910220994475138
0.8988621997471555,0.49136143745680716
0.8988621997471555,0.491701244813278
0.8988621997471555,0.49204152249134947
0.8988621997471555,0.49238227146814406
0.8988621997471555,0.49272349272349275
0.8988621997471555,0.4930651872399445
0.8988621997471555,0.49340735600277585
0.8988621997471555,0.49375
0.8988621997471555,0.49409312022237667
0.8988621997471555,0.4944367176634214
0.8988621997471555,0.49478079331941544
0.8988621997471555,0.49512534818941506
0.8988621997471555,0.49547038327526133
0.8988621997471555,0.49581589958158995
0.8975979772439949,0.4954640614096302
0.8975979772439949,0.4958100558659218
0.8975979772439949,0.49615653389238296
0.8975979772439949,0.4965034965034965
0.8975979772439949,0.49754730203223546
0.8975979772439949,0.49789621318373073
0.8963337547408344,0.4975438596491228
0.8950695322376738,0.49719101123595505
0.8950695322376738,0.4978902953586498
0.8950695322376738,0.49824067558057705
0.8950695322376738,0.49859154929577465
0.8950695322376738,0.4989429175475687
0.8950695322376738,0.4992947813822285
0.8950695322376738,0.49964714184897674
0.8950695322376738,0.5
0.8950695322376738,0.5003533568904593
0.8938053097345132,0.5
0.8938053097345132,0.5003538570417552
0.8938053097345132,0.5007082152974505
0.8938053097345132,0.5010630758327428
0.8938053097345132,0.5014184397163121
0.8938053097345132,0.5017743080198722
0.8938053097345132,0.5021306818181818
0.8938053097345132,0.5024875621890548
0.8938053097345132,0.5028449502133713
0.8925410872313527,0.502491103202847
0.8925410872313527,0.5028490028490028
0.8912768647281921,0.5024946543121882
0.8912768647281921,0.5028530670470756
0.8912768647281921,0.5032119914346895
0.8912768647281921,0.5035714285714286
0.8912768647281921,0.5039313795568263
0.8912768647281921,0.5042918454935622
0.8912768647281921,0.5046528274874732
0.8912768647281921,0.5050143266475645
0.8912768647281921,0.5053763440860215
0.8912768647281921,0.505738880918221
0.8912768647281921,0.5061019382627423
0.8900126422250316,0.5057471264367817
0.8900126422250316,0.5061107117181883
0.8900126422250316,0.5064748201438849
0.8900126422250316,0.5068394528437725
0.8900126422250316,0.5072046109510087
0.8900126422250316,0.5075702956020187
0.8900126422250316,0.5079365079365079
0.8900126422250316,0.5083032490974729
0.8900126422250316,0.5086705202312138
0.8900126422250316,0.5090383224873464
0.8900126422250316,0.5094066570188133
0.8900126422250316,0.5097755249818972
0.8900126422250316,0.5101449275362319
0.8900126422250316,0.5105148658448151
0.8900126422250316,0.5108853410740203
0.8900126422250316,0.5112563543936093
0.8900126422250316,0.5116279069767442
0.8900126422250316,0.512
0.8900126422250316,0.512372634643377
0.8900126422250316,0.5127458120903132
0.8900126422250316,0.513493800145879
0.8900126422250316,0.5142439737034331
0.8900126422250316,0.514996342355523
0.8900126422250316,0.5157509157509158
0.8900126422250316,0.516507703595011
0.8900126422250316,0.5172667156502572
0.8900126422250316,0.5176470588235295
0.8900126422250316,0.5180279617365711
0.8900126422250316,0.5184094256259205
0.888748419721871,0.5180545320560059
0.888748419721871,0.5188191881918819
0.888748419721871,0.5192023633677991
0.888748419721871,0.5195861049519586
0.888748419721871,0.5199704142011834
0.888748419721871,0.5203552923760177
0.888748419721871,0.5207407407407407
0.888748419721871,0.5211267605633803
0.888748419721871,0.521513353115727
0.888748419721871,0.5222882615156018
0.888748419721871,0.5230654761904762
0.888748419721871,0.5238450074515648
0.888748419721871,0.5242356450410142
0.888748419721871,0.5250186706497386
0.8874841972187105,0.5246636771300448
0.8874841972187105,0.525056095736724
0.8874841972187105,0.5254491017964071
0.8874841972187105,0.5258426966292135
0.8874841972187105,0.5266316579144786
0.8874841972187105,0.527027027027027
0.8874841972187105,0.5274229902329076
0.8874841972187105,0.5282167042889391
0.8874841972187105,0.5298113207547169
0.8874841972187105,0.5302114803625377
0.8862199747155499,0.5298563869992441
0.8862199747155499,0.5302571860816944
0.8849557522123894,0.5299015897047691
0.8849557522123894,0.5303030303030303
0.8849557522123894,0.530705079605762
0.8849557522123894,0.5311077389984825
0.8849557522123894,0.5315110098709187
0.8849557522123894,0.5319148936170213
0.8849557522123894,0.532319391634981
0.8849557522123894,0.532724505327245
0.8849557522123894,0.5331302361005331
0.8849557522123894,0.5335365853658537
0.8849557522123894,0.5339435545385202
0.8849557522123894,0.5343511450381679
0.8836915297092288,0.5339954163483576
0.8836915297092288,0.5344036697247706
0.8836915297092288,0.5348125478194338
0.8836915297092288,0.535632183908046
0.8836915297092288,0.5364543361473523
0.8836915297092288,0.5385208012326657
0.8836915297092288,0.5389360061680802
0.8836915297092288,0.5393518518518519
0.8836915297092288,0.5397683397683398
0.8836915297092288,0.5401854714064915
0.8836915297092288,0.5406032482598608
0.8836915297092288,0.5410216718266254
0.8836915297092288,0.5414407436096049
0.8836915297092288,0.541860465116279
0.8836915297092288,0.5422808378588053
0.8811630847029077,0.5415695415695416
0.8811630847029077,0.5419906687402799
0.8798988621997471,0.5416342412451361
0.877370417193426,0.5409197194076384
0.8761061946902655,0.5405616224648986
0.8723135271807838,0.5394839718530101
0.8723135271807838,0.539906103286385
0.8723135271807838,0.5403288958496476
0.8723135271807838,0.5411764705882353
0.8723135271807838,0.5416012558869702
0.8723135271807838,0.5420267085624509
0.8710493046776233,0.5416666666666666
0.8697850821744627,0.5413060582218725
0.8697850821744627,0.5417322834645669
0.8685208596713021,0.541371158392435
0.8685208596713021,0.5417981072555205
0.8685208596713021,0.5422257300710339
0.8685208596713021,0.542654028436019
0.8685208596713021,0.5430830039525691
0.8672566371681416,0.5427215189873418
0.865992414664981,0.5423594615993665
0.8647281921618205,0.5419968304278923
0.8634639696586599,0.5416336241078509
0.8621997471554994,0.5412698412698412
0.8609355246523388,0.5409054805401112
0.8609355246523388,0.541335453100159
0.8609355246523388,0.5421974522292994
0.8596713021491783,0.5418326693227091
0.8584070796460177,0.5414673046251993
0.8571428571428571,0.5411013567438149
0.8558786346396966,0.5407348242811502
0.854614412136536,0.5403677058353318
0.8533501896333755,0.54
0.8533501896333755,0.5404323458767014
0.8533501896333755,0.5408653846153846
0.8533501896333755,0.541299117882919
0.8520859671302149,0.5409309791332263
0.8520859671302149,0.5413654618473895
0.8508217446270544,0.5409967845659164
0.8508217446270544,0.5414320193081255
0.8508217446270544,0.5418679549114331
0.8508217446270544,0.5423045930701047
0.8508217446270544,0.54317998385795
0.8508217446270544,0.5440582053354891
0.8495575221238938,0.5436893203883495
0.8482932996207333,0.5433198380566802
0.8482932996207333,0.5437601296596435
0.8482932996207333,0.5442011354420113
0.8482932996207333,0.5446428571428571
0.8482932996207333,0.545085296506905
0.8482932996207333,0.5468622656886716
0.8470290771175727,0.5464926590538336
0.8470290771175727,0.5482815057283142
0.8470290771175727,0.5487305487305487
0.8470290771175727,0.5491803278688525
0.8470290771175727,0.549630844954881
0.8457648546144121,0.5492610837438424
0.8457648546144121,0.5497124075595727
0.8445006321112516,0.5493421052631579
0.8445006321112516,0.5497942386831276
0.8445006321112516,0.5502471169686985
0.843236409608091,0.549876339653751
0.843236409608091,0.5503300330033003
0.843236409608091,0.550784475639967
0.843236409608091,0.5512396694214876
0.8419721871049305,0.5508684863523573
0.8407079646017699,0.5504966887417219
0.8407079646017699,0.5509527754763878
0.8407079646017699,0.5514096185737977
0.8394437420986094,0.5510373443983403
0.8394437420986094,0.5514950166112956
0.8394437420986094,0.5519534497090607
0.8394437420986094,0.5524126455906821
0.8394437420986094,0.5528726061615321
0.8394437420986094,0.5533333333333333
0.8394437420986094,0.5537948290241869
0.8394437420986094,0.5542570951585977
0.8381795195954488,0.5538847117794486
0.8381795195954488,0.5543478260869565
0.8381795195954488,0.5548117154811716
0.8381795195954488,0.5552763819095478
0.8381795195954488,0.5557418273260687
0.8381795195954488,0.5562080536912751
0.8369152970922883,0.5558354324097398
0.8369152970922883,0.5563025210084034
0.8369152970922883,0.5567703952901598
0.8369152970922883,0.5577085088458298
0.8369152970922883,0.5581787521079258
0.8369152970922883,0.5591216216216216
0.8369152970922883,0.5595942519019442
0.8369152970922883,0.560067681895093
0.8369152970922883,0.5605419136325148
0.8369152970922883,0.5610169491525424
0.8369152970922883,0.5614927905004241
0.8369152970922883,0.5619694397283531
0.8369152970922883,0.562446898895497
0.8369152970922883,0.5629251700680272
0.8369152970922883,0.563404255319149
0.8369152970922883,0.5638841567291312
0.8369152970922883,0.5643648763853367
0.8369152970922883,0.5648464163822525
0.8369152970922883,0.5653287788215201
0.8369152970922883,0.5658119658119658
0.8369152970922883,0.5662959794696322
0.8369152970922883,0.5667808219178082
0.8369152970922883,0.5672664952870609
0.8369152970922883,0.5677530017152659
0.8369152970922883,0.5682403433476395
0.8369152970922883,0.5687285223367697
0.8369152970922883,0.5692175408426483
0.8369152970922883,0.5697074010327022
0.8356510745891277,0.5693367786391043
0.8356510745891277,0.5698275862068966
0.8356510745891277,0.5703192407247627
0.8343868520859671,0.5699481865284974
0.8331226295828066,0.5695764909248056
0.8331226295828066,0.5700692041522492
0.8331226295828066,0.5705627705627706
0.831858407079646,0.5701906412478336
0.831858407079646,0.5706851691240243
0.831858407079646,0.5711805555555556
0.8305941845764855,0.5708079930495221
0.8305941845764855,0.571304347826087
0.8305941845764855,0.5718015665796344
0.8293299620733249,0.5714285714285714
0.8293299620733249,0.5719267654751525
0.8280657395701644,0.5715532286212914
0.8280657395701644,0.5720524017467249
0.8280657395701644,0.5730533683289589
0.8280657395701644,0.5740578439964943
0.8268015170670038,0.5736842105263158
0.8268015170670038,0.5741878841088675
0.8268015170670038,0.5746924428822495
0.8268015170670038,0.575197889182058
0.8255372945638433,0.5748239436619719
0.8242730720606827,0.5744493392070484
0.8242730720606827,0.5749559082892416
0.8230088495575221,0.5745807590467784
0.8230088495575221,0.5750883392226148
0.8217446270543616,0.5747126436781609
0.8217446270543616,0.5752212389380531
0.8217446270543616,0.5757307351638619
0.8217446270543616,0.5762411347517731
0.8217446270543616,0.5767524401064774
0.8217446270543616,0.5772646536412078
0.8217446270543616,0.5777777777777777
0.8217446270543616,0.5782918149466192
0.8217446270543616,0.578806767586821
0.820480404551201,0.5784313725490197
0.820480404551201,0.5789473684210527
0.8192161820480405,0.5785714285714286
0.8179519595448799,0.5781948168007149
0.8166877370417194,0.5778175313059034
0.8166877370417194,0.5783348254252462
0.8166877370417194,0.578853046594982
0.8166877370417194,0.579372197309417
0.8166877370417194,0.5798922800718133
0.8166877370417194,0.5804132973944295
0.8166877370417194,0.5809352517985612
0.8154235145385588,0.5805580558055805
0.8141592920353983,0.5801801801801801
0.8128950695322377,0.5798016230838593
0.8128950695322377,0.5803249097472925
0.8128950695322377,0.5808491418247516
0.8128950695322377,0.581374321880651
0.8128950695322377,0.5819004524886878
0.8128950695322377,0.582427536231884
0.8128950695322377,0.5829555757026292
0.8128950695322377,0.5834845735027223
0.8128950695322377,0.584014532243415
0.8128950695322377,0.5845454545454546
0.8116308470290771,0.5841674249317561
0.8116308470290771,0.5846994535519126
0.8103666245259166,0.5843208751139471
0.8103666245259166,0.5848540145985401
0.8103666245259166,0.5853881278538813
0.8103666245259166,0.5859232175502742
0.8103666245259166,0.5864592863677951
0.8103666245259166,0.586996336996337
0.8103666245259166,0.5875343721356554
0.8103666245259166,0.5880733944954128
0.8078381795195955,0.5873161764705882
0.8078381795195955,0.5878564857405704
0.8078381795195955,0.5883977900552486
0.8078381795195955,0.5889400921658986
0.8078381795195955,0.5894833948339483
0.8078381795195955,0.590027700831025
0.8078381795195955,0.5905730129390019
0.8078381795195955,0.5911193339500462
0.8078381795195955,0.5916666666666667
0.8078381795195955,0.5922150139017609
0.8078381795195955,0.5927643784786641
0.8078381795195955,0.5933147632311978
0.8078381795195955,0.5938661710037175
0.8065739570164349,0.5934883720930233
0.8065739570164349,0.5940409683426443
0.8065739570164349,0.5945945945945946
0.8053097345132744,0.5942164179104478
0.8053097345132744,0.5947712418300654
0.8053097345132744,0.5953271028037384
0.8053097345132744,0.5958840037418148
0.8053097345132744,0.596441947565543
0.8053097345132744,0.5970009372071228
0.8040455120101138,0.5966228893058161
0.8027812895069533,0.596244131455399
0.8015170670037927,0.5958646616541353
0.8015170670037927,0.5964252116650988
0.8015170670037927,0.5969868173258004
0.8002528445006322,0.5966069745523092
0.7989886219974716,0.5962264150943396
0.7989886219974716,0.5967894239848914
0.7989886219974716,0.5973534971644613
0.797724399494311,0.5969725638599811
0.797724399494311,0.5975378787878788
0.797724399494311,0.5981042654028436
0.7964601769911505,0.5977229601518027
0.7964601769911505,0.5982905982905983
0.7964601769911505,0.5988593155893536
0.7951959544879899,0.5984776403425309
0.7951959544879899,0.599047619047619
0.7951959544879899,0.5996186844613918
0.7951959544879899,0.6001908396946565
0.7951959544879899,0.600764087870105
0.7951959544879899,0.6013384321223709
0.7951959544879899,0.6024904214559387
0.7951959544879899,0.6030680728667306
0.7951959544879899,0.6036468330134357
0.7939317319848294,0.6032660902977905
0.7939317319848294,0.6038461538461538
0.7939317319848294,0.6044273339749759
0.7926675094816688,0.6040462427745664
0.7926675094816688,0.6046287367405979
0.7926675094816688,0.6052123552123552
0.7926675094816688,0.6057971014492753
0.7914032869785083,0.6054158607350096
0.7901390644753477,0.6050338818973863
0.7901390644753477,0.6056201550387597
0.7901390644753477,0.6062075654704171
0.7888748419721872,0.6058252427184466
0.7888748419721872,0.6064139941690962
0.7888748419721872,0.6070038910505836
0.7888748419721872,0.6081871345029239
0.7888748419721872,0.608780487804878
0.7888748419721872,0.609375
0.7888748419721872,0.6099706744868035
0.7888748419721872,0.6105675146771037
0.7888748419721872,0.6111655239960823
0.7888748419721872,0.611764705882353
0.7888748419721872,0.6123650637880275
0.7888748419721872,0.6129666011787819
0.7888748419721872,0.6135693215339233
0.7888748419721872,0.6141732283464567
0.7888748419721872,0.6147783251231527
0.7888748419721872,0.6159921026653504
0.7888748419721872,0.616600790513834
0.7888748419721872,0.6172106824925816
0.7888748419721872,0.6178217821782178
0.7888748419721872,0.6184340931615461
0.7888748419721872,0.6190476190476191
0.7876106194690266,0.6186693147964251
0.7876106194690266,0.6192842942345924
0.7876106194690266,0.6199004975124378
0.7876106194690266,0.6205179282868526
0.7876106194690266,0.6211365902293121
0.7876106194690266,0.6217564870259481
0.7876106194690266,0.6223776223776224
0.7876106194690266,0.623
0.7876106194690266,0.6236236236236237
0.7876106194690266,0.624248496993988
0.786346396965866,0.6238716148445336
0.786346396965866,0.6244979919678715
0.786346396965866,0.6251256281407035
0.7850821744627055,0.6247484909456741
0.7850821744627055,0.6253776435045317
0.7838179519595448,0.625
0.7838179519595448,0.6256306760847629
0.7825537294563844,0.6252525252525253
0.7825537294563844,0.6258847320525783
0.7825537294563844,0.6265182186234818
0.7825537294563844,0.6271529888551165
0.7825537294563844,0.6277890466531441
0.7825537294563844,0.6284263959390863
0.7825537294563844,0.6290650406504065
0.7812895069532237,0.6286876907426246
0.7812895069532237,0.6293279022403259
0.7812895069532237,0.6299694189602446
0.7800252844500632,0.6295918367346939
0.7800252844500632,0.6302349336057201
0.7800252844500632,0.630879345603272
0.7800252844500632,0.631525076765609
0.7800252844500632,0.632172131147541
0.7800252844500632,0.6328205128205128
0.7800252844500632,0.63347022587269
0.7800252844500632,0.6341212744090442
0.7800252844500632,0.6347736625514403
0.7787610619469026,0.6343975283213182
0.7787610619469026,0.6350515463917525
0.7787610619469026,0.6357069143446853
0.7787610619469026,0.6370217166494312
0.7787610619469026,0.6376811594202898
0.7774968394437421,0.6373056994818653
0.7774968394437421,0.6379668049792531
0.7774968394437421,0.6386292834890965
0.7762326169405815,0.6382536382536382
0.7749683944374209,0.6378772112382934
0.7749683944374209,0.6385416666666667
0.7749683944374209,0.6392075078206465
0.7749683944374209,0.639874739039666
0.7749683944374209,0.6405433646812957
0.7749683944374209,0.641213389121339
0.7749683944374209,0.6418848167539267
0.7749683944374209,0.6425576519916143
0.7749683944374209,0.6432318992654774
0.7749683944374209,0.6439075630252101
0.7749683944374209,0.6445846477392219
0.7749683944374209,0.6452631578947369
0.7749683944374209,0.6459430979978925
0.7749683944374209,0.6466244725738397
0.7749683944374209,0.6473072861668426
0.7749683944374209,0.6479915433403806
0.7749683944374209,0.6486772486772486
0.7749683944374209,0.649364406779661
0.7749683944374209,0.6500530222693531
0.7749683944374209,0.6507430997876857
0.7749683944374209,0.6514346439957492
0.7749683944374209,0.652127659574468
0.7749683944374209,0.6528221512247071
0.7749683944374209,0.6535181236673774
0.7749683944374209,0.6542155816435432
0.7749683944374209,0.6549145299145299
0.7749683944374209,0.6556149732620321
0.7749683944374209,0.6563169164882227
0.7749683944374209,0.6570203644158628
0.7737041719342604,0.6566523605150214
0.7737041719342604,0.6573576799140709
0.7737041719342604,0.6580645161290323
0.7737041719342604,0.6594827586206896
0.7737041719342604,0.6601941747572816
0.7737041719342604,0.6609071274298056
0.7737041719342604,0.6616216216216216
0.7737041719342604,0.6623376623376623
0.7737041719342604,0.6630552546045504
0.7737041719342604,0.6637744034707158
0.7737041719342604,0.6644951140065146
0.7737041719342604,0.6652173913043479
0.7737041719342604,0.6659412404787813
0.7737041719342604,0.6666666666666666
0.7737041719342604,0.6673936750272628
0.7737041719342604,0.6681222707423581
0.7737041719342604,0.6688524590163935
0.7737041719342604,0.6695842450765864
0.7737041719342604,0.6703176341730559
0.7737041719342604,0.6710526315789473
0.7737041719342604,0.6717892425905598
0.7737041719342604,0.6725274725274726
0.7737041719342604,0.6732673267326733
0.7737041719342604,0.6740088105726872
0.7737041719342604,0.6747519294377067
0.7737041719342604,0.6754966887417219
0.7737041719342604,0.6762430939226519
0.7737041719342604,0.6769911504424779
0.7737041719342604,0.6777408637873754
0.7737041719342604,0.6784922394678492
0.7737041719342604,0.6792452830188679
0.7737041719342604,0.68
0.7737041719342604,0.6807563959955506
0.7737041719342604,0.6815144766146993
0.7737041719342604,0.6822742474916388
0.7737041719342604,0.6830357142857143
0.7737041719342604,0.6837988826815642
0.7737041719342604,0.6845637583892618
0.7737041719342604,0.6853303471444568
0.7737041719342604,0.6860986547085202
0.7724399494310998,0.6857463524130191
0.7724399494310998,0.6865168539325842
0.7724399494310998,0.6872890888638921
0.7724399494310998,0.6880630630630631
0.7724399494310998,0.6888387824126269
0.7724399494310998,0.6896162528216704
0.7724399494310998,0.6903954802259887
0.7724399494310998,0.6911764705882353
0.7724399494310998,0.6919592298980748
0.7724399494310998,0.6927437641723356
0.7724399494310998,0.6935300794551645
0.7724399494310998,0.6943181818181818
0.7724399494310998,0.6951080773606371
0.7711757269279393,0.6947608200455581
0.7711757269279393,0.6955530216647663
0.7711757269279393,0.6963470319634704
0.7711757269279393,0.6971428571428572
0.7699115044247787,0.6967963386727689
0.7699115044247787,0.697594501718213
0.7686472819216182,0.6972477064220184
0.7673830594184576,0.6969001148105626
0.7673830594184576,0.6977011494252874
0.7673830594184576,0.6985040276179517
0.7661188369152971,0.6981566820276498
0.7648546144121365,0.6978085351787774
0.7648546144121365,0.6986143187066974
0.7648546144121365,0.6994219653179191
0.7635903919089759,0.6990740740740741
0.7635903919089759,0.6998841251448435
0.7635903919089759,0.7006960556844548
0.7623261694058154,0.7003484320557491
0.7623261694058154,0.7011627906976744
0.7623261694058154,0.7019790454016298
0.7623261694058154,0.7027972027972028
0.7623261694058154,0.7044392523364486
0.7610619469026548,0.704093567251462
0.7610619469026548,0.7049180327868853
0.7610619469026548,0.7057444314185228
0.7610619469026548,0.7065727699530516
0.7610619469026548,0.7074030552291422
0.7610619469026548,0.7082352941176471
0.7610619469026548,0.7090694935217904
0.7597977243994943,0.7087264150943396
0.7585335018963337,0.7083825265643447
0.7585335018963337,0.7092198581560284
0.7585335018963337,0.7100591715976331
0.7572692793931732,0.7097156398104265
0.7572692793931732,0.7105575326215896
0.7572692793931732,0.7114014251781473
0.7572692793931732,0.7122473246135553
0.7572692793931732,0.7130952380952381
0.7572692793931732,0.7139451728247914
0.7560050568900126,0.7136038186157518
0.7560050568900126,0.7144563918757467
0.7560050568900126,0.715311004784689
0.7547408343868521,0.7149700598802395
0.7547408343868521,0.7158273381294964
0.7547408343868521,0.7166866746698679
0.7547408343868521,0.7175480769230769
0.7547408343868521,0.7184115523465704
0.7547408343868521,0.7192771084337349
0.7547408343868521,0.7201447527141134
0.7547408343868521,0.7210144927536232
0.7547408343868521,0.7218863361547763
0.7547408343868521,0.7227602905569007
0.7547408343868521,0.7236363636363636
0.7547408343868521,0.7245145631067961
0.7547408343868521,0.7253948967193196
0.7547408343868521,0.7262773722627737
0.7547408343868521,0.7271619975639464
0.7534766118836915,0.7268292682926829
0.7522123893805309,0.7264957264957265
0.7522123893805309,0.7273838630806846
0.7522123893805309,0.7282741738066095
0.7522123893805309,0.7291666666666666
0.7522123893805309,0.7300613496932515
0.7522123893805309,0.730958230958231
0.7522123893805309,0.7318573185731857
0.7522123893805309,0.7327586206896551
0.7509481668773704,0.7324290998766955
0.7509481668773704,0.7333333333333333
0.7509481668773704,0.7342398022249691
0.7509481668773704,0.7351485148514851
0.7509481668773704,0.7360594795539034
0.7496839443742098,0.7357320099255583
0.7484197218710493,0.7354037267080745
0.7484197218710493,0.736318407960199
0.7484197218710493,0.7372353673723536
0.7484197218710493,0.7381546134663342
0.7484197218710493,0.7390761548064919
0.7484197218710493,0.74
0.7484197218710493,0.7409261576971214
0.7484197218710493,0.7418546365914787
0.7484197218710493,0.7427854454203262
0.7471554993678887,0.742462311557789
0.7471554993678887,0.7433962264150943
0.7471554993678887,0.7443324937027708
0.7471554993678887,0.7452711223203027
0.7471554993678887,0.7462121212121212
0.7471554993678887,0.7471554993678887
0.7458912768647282,0.7468354430379747
0.7446270543615676,0.7465145754119138
0.7446270543615676,0.7474619289340102
0.7446270543615676,0.7484116899618806
0.7446270543615676,0.7493638676844784
0.7433628318584071,0.7490445859872611
0.7433628318584071,0.75
0.7433628318584071,0.7509578544061303
0.7433628318584071,0.7519181585677749
0.7420986093552465,0.7516005121638925
0.7420986093552465,0.7525641025641026
0.7408343868520859,0.7522464698331194
0.7395701643489254,0.7519280205655527
0.7395701643489254,0.752895752895753
0.7395701643489254,0.7538659793814433
0.7383059418457648,0.7535483870967742
0.7383059418457648,0.7545219638242894
0.7383059418457648,0.7554980595084088
0.7383059418457648,0.7564766839378239
0.7383059418457648,0.7574578469520103
0.7383059418457648,0.7584415584415585
0.7370417193426043,0.7581274382314694
0.7370417193426043,0.7591145833333334
0.7370417193426043,0.7601043024771839
0.7370417193426043,0.7610966057441253
0.7370417193426043,0.7620915032679738
0.7370417193426043,0.7630890052356021
0.7370417193426043,0.7640891218872871
0.7357774968394437,0.7637795275590551
0.7357774968394437,0.7647831800262812
0.7357774968394437,0.7657894736842106
0.7357774968394437,0.766798418972332
0.7357774968394437,0.7678100263852242
0.7357774968394437,0.7688243064729194
0.7357774968394437,0.7698412698412699
0.7357774968394437,0.7708609271523179
0.7357774968394437,0.7718832891246684
0.7357774968394437,0.7729083665338645
0.7357774968394437,0.773936170212766
0.7357774968394437,0.7749667110519307
0.7357774968394437,0.776
0.7357774968394437,0.7770360480640854
0.7357774968394437,0.7780748663101604
0.7357774968394437,0.7791164658634538
0.7357774968394437,0.7801608579088471
0.7345132743362832,0.7798657718120805
0.7345132743362832,0.7809139784946236
0.7345132743362832,0.7819650067294751
0.7345132743362832,0.7830188679245284
0.7345132743362832,0.7851351351351351
0.7345132743362832,0.7861975642760487
0.7345132743362832,0.7883310719131614
0.7345132743362832,0.7894021739130435
0.7345132743362832,0.7904761904761904
0.7345132743362832,0.7915531335149864
0.7345132743362832,0.7926330150068213
0.7345132743362832,0.7937158469945356
0.7345132743362832,0.7948016415868673
0.7345132743362832,0.7958904109589041
0.7332490518331226,0.7956104252400549
0.7332490518331226,0.7967032967032966
0.7332490518331226,0.7988980716253443
0.7332490518331226,0.8
0.7332490518331226,0.8011049723756906
0.7332490518331226,0.8022130013831259
0.7319848293299621,0.8019390581717452
0.7319848293299621,0.8030513176144244
0.7319848293299621,0.8041666666666667
0.7319848293299621,0.8052851182197497
0.7319848293299621,0.8075313807531381
0.7319848293299621,0.8097902097902098
0.7307206068268015,0.8095238095238095
0.729456384323641,0.8092566619915849
0.7281921618204804,0.8089887640449438
0.7281921618204804,0.810126582278481
0.7281921618204804,0.8112676056338028
0.7269279393173198,0.8110014104372355
0.7269279393173198,0.8121468926553672
0.7256637168141593,0.8118811881188119
0.7243994943109987,0.8116147308781869
0.7243994943109987,0.8127659574468085
0.7243994943109987,0.8139204545454546
0.7231352718078382,0.813655761024182
0.7218710493046776,0.8133903133903134
0.7206068268015171,0.8131241084165478
0.7206068268015171,0.8142857142857143
0.7206068268015171,0.8154506437768241
0.7193426042983565,0.8151862464183381
0.718078381795196,0.8149210903873745
0.718078381795196,0.8160919540229885
0.718078381795196,0.8172661870503597
0.718078381795196,0.8184438040345822
0.7168141592920354,0.8181818181818182
0.7168141592920354,0.819364161849711
0.7168141592920354,0.8205499276410999
0.7155499367888748,0.8202898550724638
0.7155499367888748,0.8214804063860668
0.7155499367888748,0.8226744186046512
0.7155499367888748,0.8238719068413392
0.7155499367888748,0.8250728862973761
0.7155499367888748,0.8262773722627738
0.7155499367888748,0.827485380116959
0.7155499367888748,0.828696925329429
0.7155499367888748,0.8299120234604106
0.7155499367888748,0.8311306901615272
0.7155499367888748,0.8323529411764706
0.7155499367888748,0.833578792341679
0.7155499367888748,0.8348082595870207
0.7155499367888748,0.8360413589364845
0.7155499367888748,0.8372781065088757
0.7155499367888748,0.8397626112759644
0.7142857142857143,0.8395245170876672
0.7142857142857143,0.8407738095238095
0.7142857142857143,0.842026825633383
0.7142857142857143,0.8432835820895522
0.7142857142857143,0.8445440956651719
0.7142857142857143,0.8458083832335329
0.7130214917825537,0.8455772113943029
0.7130214917825537,0.8468468468468469
0.7130214917825537,0.8481203007518797
0.7130214917825537,0.8493975903614458
0.7117572692793932,0.8491704374057315
0.7104930467762326,0.8489425981873112
0.7092288242730721,0.848714069591528
0.7079646017699115,0.8484848484848485
0.7079646017699115,0.849772382397572
0.7079646017699115,0.851063829787234
0.7079646017699115,0.852359208523592
0.706700379266751,0.8521341463414634
0.7054361567635904,0.8519083969465648
0.7041719342604298,0.8516819571865444
0.7016434892541087,0.8512269938650306
0.6991150442477876,0.8507692307692307
0.6978508217446271,0.8505392912172574
0.6965865992414665,0.8503086419753086
0.695322376738306,0.8500772797527048
0.6940581542351454,0.8498452012383901
0.6940581542351454,0.8511627906976744
0.6940581542351454,0.8524844720496895
0.6940581542351454,0.8538102643856921
0.6927939317319848,0.8535825545171339
0.6927939317319848,0.8549141965678627
0.6915297092288243,0.8546875
0.6915297092288243,0.8560250391236307
0.6902654867256637,0.8557993730407524
0.6890012642225032,0.8555729984301413
0.6890012642225032,0.8569182389937107
0.6877370417193426,0.8566929133858268
0.6864728192161821,0.8564668769716088
0.6852085967130215,0.8562401263823065
0.683944374209861,0.8560126582278481
0.6826801517067004,0.8557844690966719
0.6814159292035398,0.8555555555555555
0.6801517067003793,0.8553259141494436
0.6788874841972187,0.8550955414012739
0.6776232616940582,0.8548644338118022
0.6776232616940582,0.8562300319488818
0.6776232616940582,0.8576
0.6776232616940582,0.8589743589743589
0.6763590391908976,0.8587479935794543
0.6750948166877371,0.8585209003215434
0.6750948166877371,0.8599033816425121
0.6750948166877371,0.8612903225806452
0.6750948166877371,0.8626817447495961
0.6738305941845765,0.8624595469255664
0.672566371681416,0.8622366288492707
0.672566371681416,0.8636363636363636
0.6713021491782554,0.8634146341463415
0.6713021491782554,0.8648208469055375
0.6700379266750948,0.8646003262642741
0.6700379266750948,0.8660130718954249
0.6700379266750948,0.867430441898527
0.6700379266750948,0.8688524590163934
0.6700379266750948,0.8702791461412152
0.6700379266750948,0.8717105263157895
0.6700379266750948,0.8731466227347611
0.6700379266750948,0.8745874587458746
0.6700379266750948,0.8760330578512396
0.6700379266750948,0.8774834437086093
0.6700379266750948,0.87893864013267
0.6687737041719343,0.8787375415282392
0.6687737041719343,0.8801996672212978
0.6687737041719343,0.8816666666666667
0.6687737041719343,0.8831385642737897
0.6675094816687737,0.882943143812709
0.6662452591656132,0.8827470686767169
0.6662452591656132,0.8857142857142857
0.6649810366624526,0.8855218855218855
0.6649810366624526,0.8870151770657673
0.6649810366624526,0.8885135135135135
0.6649810366624526,0.8900169204737732
0.6649810366624526,0.8915254237288136
0.6649810366624526,0.8930390492359932
0.6649810366624526,0.8945578231292517
0.6637168141592921,0.8943781942078365
0.661188369152971,0.8940170940170941
0.661188369152971,0.8955479452054794
0.6599241466498104,0.8953687821612349
0.6599241466498104,0.8969072164948454
0.6573957016434893,0.896551724137931
0.6561314791403287,0.8963730569948186
0.6548672566371682,0.8961937716262975
0.6548672566371682,0.8977469670710572
0.6536030341340076,0.8975694444444444
0.6523388116308471,0.8973913043478261
0.6523388116308471,0.8989547038327527
0.6523388116308471,0.900523560209424
0.6510745891276865,0.9003496503496503
0.6510745891276865,0.9019264448336253
0.649810366624526,0.9017543859649123
0.649810366624526,0.9033391915641477
0.6485461441213654,0.903169014084507
0.6485461441213654,0.9047619047619048
0.6472819216182049,0.9045936395759717
0.6472819216182049,0.9061946902654867
0.6422250316055625,0.9055258467023173
0.640960809102402,0.9053571428571429
0.6359039190897599,0.9046762589928058
0.6346396965865992,0.9045045045045045
0.6333754740834386,0.9043321299638989
0.6321112515802781,0.9041591320072333
0.6308470290771175,0.9039855072463768
0.6308470290771175,0.9105839416058394
0.6308470290771175,0.9122486288848263
0.629582806573957,0.9120879120879121
0.629582806573957,0.9137614678899083
0.6245259165613148,0.9131238447319778
0.6219974715549936,0.9128014842300557
0.6207332490518331,0.912639405204461
0.6194690265486725,0.9124767225325885
0.618204804045512,0.9123134328358209
0.6169405815423514,0.9121495327102803
0.6169405815423514,0.9138576779026217
0.6156763590391909,0.9136960600375235
0.6144121365360303,0.9135338345864662
0.6131479140328698,0.9133709981167608
0.6131479140328698,0.9150943396226415
0.6131479140328698,0.9168241965973535
0.6118836915297092,0.9166666666666666
0.6106194690265486,0.9165085388994307
0.6093552465233881,0.9163498098859315
0.6080910240202275,0.9161904761904762
0.606826801517067,0.916030534351145
0.6055625790139064,0.9158699808795411
0.6055625790139064,0.9176245210727969
0.6055625790139064,0.9193857965451055
0.6042983565107459,0.9192307692307692
0.6030341340075853,0.9190751445086706
0.6017699115044248,0.918918918918919
0.6005056890012642,0.9187620889748549
0.5992414664981036,0.9186046511627907
0.5979772439949431,0.9184466019417475
0.595448798988622,0.9181286549707602
0.5941845764854614,0.91796875
0.5929203539823009,0.9178082191780822
0.5916561314791403,0.9176470588235294
0.5865992414664981,0.9169960474308301
0.5853350189633375,0.9168316831683169
0.584070796460177,0.9166666666666666
0.584070796460177,0.9184890656063618
0.5828065739570164,0.9183266932270916
0.5828065739570164,0.9201596806387226
0.5815423514538559,0.92
0.5802781289506953,0.9198396793587175
0.5777496839443742,0.9195171026156942
0.5752212389380531,0.9191919191919192
0.572692793931732,0.9188640973630832
0.5714285714285714,0.9186991869918699
0.5701643489254109,0.9185336048879837
0.5676359039190898,0.918200408997955
0.5651074589127687,0.917864476386037
0.5625790139064475,0.9175257731958762
0.5575221238938053,0.9168399168399168
0.5549936788874842,0.9164926931106472
0.5537294563843237,0.9163179916317992
0.5524652338811631,0.9161425576519916
0.5524652338811631,0.9180672268907563
0.5512010113780025,0.9178947368421052
0.5512010113780025,0.919831223628692
0.549936788874842,0.919661733615222
0.5486725663716814,0.9194915254237288
0.5474083438685209,0.9193205944798302
0.5461441213653603,0.9191489361702128
0.5461441213653603,0.9211087420042644
0.5448798988621998,0.9209401709401709
0.5448798988621998,0.9229122055674518
0.5436156763590392,0.9227467811158798
0.5436156763590392,0.9247311827956989
0.5423514538558787,0.9245689655172413
0.5410872313527181,0.9244060475161987
0.5398230088495575,0.9242424242424242
0.538558786346397,0.9240780911062907
0.5372945638432364,0.9239130434782609
0.5360303413400759,0.9237472766884531
0.5347661188369153,0.9235807860262009
0.5335018963337548,0.9234135667396062
0.5322376738305942,0.9232456140350878
0.5309734513274337,0.9230769230769231
0.5297092288242731,0.9229074889867841
0.5284450063211125,0.9227373068432672
0.5284450063211125,0.9247787610619469
0.527180783817952,0.9246119733924612
0.5259165613147914,0.9244444444444444
0.5246523388116309,0.9242761692650334
0.5233881163084703,0.9241071428571429
0.5221238938053098,0.9239373601789709
0.5208596713021492,0.9237668161434978
0.5195954487989887,0.9235955056179775
0.5183312262958281,0.9234234234234234
0.5170670037926675,0.9232505643340858
0.515802781289507,0.9230769230769231
0.5145385587863464,0.9229024943310657
0.5132743362831859,0.9227272727272727
0.5120101137800253,0.9225512528473804
0.5107458912768648,0.9223744292237442
0.5094816687737042,0.9221967963386728
0.5082174462705437,0.9220183486238532
0.506953223767383,0.9218390804597701
0.5056890012642224,0.9216589861751152
0.5056890012642224,0.9237875288683602
0.504424778761062,0.9236111111111112
0.5031605562579013,0.9234338747099768
0.5018963337547409,0.9232558139534883
0.5006321112515802,0.9230769230769231
0.4993678887484197,0.9228971962616822
0.49810366624525915,0.9227166276346604
0.4968394437420986,0.9225352112676056
0.49557522123893805,0.9223529411764706
0.4943109987357775,0.9221698113207547
0.49304677623261695,0.9219858156028369
0.4917825537294564,0.9218009478672986
0.4917825537294564,0.9239904988123515
0.49051833122629585,0.9238095238095239
0.4892541087231353,0.9236276849642004
0.4879898862199747,0.9234449760765551
0.48672566371681414,0.9232613908872902
0.4854614412136536,0.9230769230769231
0.48419721871049304,0.9228915662650602
0.4829329962073325,0.9227053140096618
0.48166877370417194,0.9225181598062954
0.4804045512010114,0.9223300970873787
0.47914032869785084,0.9221411192214112
0.4778761061946903,0.9219512195121952
0.47661188369152974,0.921760391198044
0.4740834386852086,0.9213759213759214
0.47281921618204803,0.9211822660098522
0.4715549936788875,0.9209876543209876
0.47029077117572693,0.9207920792079208
0.4690265486725664,0.9205955334987593
0.4690265486725664,0.9228855721393034
0.46776232616940583,0.9226932668329177
0.4664981036662453,0.9225
0.46523388116308473,0.9223057644110275
0.4639696586599241,0.9221105527638191
0.46270543615676357,0.9219143576826196
0.461441213653603,0.9217171717171717
0.4589127686472819,0.9213197969543148
0.45764854614412137,0.9211195928753181
0.4563843236409608,0.9209183673469388
0.45512010113780027,0.9207161125319693
0.4538558786346397,0.9205128205128205
0.4525916561314791,0.9203084832904884
0.45132743362831856,0.9201030927835051
0.450063211125158,0.9198966408268734
0.44879898862199746,0.9196891191709845
0.4475347661188369,0.9194805194805195
0.44627054361567636,0.9192708333333334
0.4450063211125158,0.9190600522193212
0.44374209860935526,0.918848167539267
0.4424778761061947,0.9186351706036745
0.43994943109987356,0.9182058047493403
0.438685208596713,0.917989417989418
0.43742098609355246,0.9177718832891246
0.4361567635903919,0.9175531914893617
0.43489254108723135,0.9173333333333333
0.43236409608091025,0.9168900804289544
0.4310998735777497,0.9166666666666666
0.42983565107458915,0.9164420485175202
0.42857142857142855,0.9162162162162162
0.427307206068268,0.9159891598915989
0.42604298356510745,0.9157608695652174
0.4247787610619469,0.9155313351498637
0.4247787610619469,0.9180327868852459
0.42351453855878635,0.9178082191780822
0.4222503160556258,0.9175824175824175
0.42098609355246525,0.9173553719008265
0.4197218710493047,0.9171270718232044
0.41845764854614415,0.9168975069252078
0.41719342604298354,0.9166666666666666
0.415929203539823,0.9164345403899722
0.41466498103666244,0.9162011173184358
0.4134007585335019,0.9159663865546218
0.41213653603034134,0.9157303370786517
0.41213653603034134,0.9183098591549296
0.4108723135271808,0.9180790960451978
0.40960809102402024,0.9178470254957507
0.4083438685208597,0.9176136363636364
0.40707964601769914,0.9173789173789174
0.40707964601769914,0.92
0.40581542351453853,0.9197707736389685
0.404551201011378,0.9195402298850575
0.40328697850821743,0.9193083573487032
0.4020227560050569,0.9190751445086706
0.40075853350189633,0.9188405797101449
0.3994943109987358,0.9186046511627907
0.39823008849557523,0.9183673469387755
0.3969658659924147,0.9181286549707602
0.39570164348925413,0.9178885630498533
0.3944374209860936,0.9176470588235294
0.393173198482933,0.9174041297935103
0.3919089759797724,0.9171597633136095
0.3906447534766119,0.9169139465875371
0.3893805309734513,0.9166666666666666
0.38811630847029077,0.9164179104477612
0.3868520859671302,0.9161676646706587
0.38558786346396967,0.9159159159159159
0.3843236409608091,0.9156626506024096
0.38305941845764857,0.9154078549848943
0.38179519595448796,0.9151515151515152
0.3805309734513274,0.9148936170212766
0.37926675094816686,0.9146341463414634
0.3754740834386852,0.9138461538461539
0.37420986093552466,0.9135802469135802
0.3729456384323641,0.913312693498452
0.37168141592920356,0.9130434782608695
0.37041719342604296,0.9127725856697819
0.3691529709228824,0.9125
0.36788874841972186,0.9122257053291536
0.3666245259165613,0.9119496855345912
0.36536030341340076,0.9116719242902208
0.3640960809102402,0.9113924050632911
0.36283185840707965,0.9111111111111111
0.3615676359039191,0.910828025477707
0.36030341340075855,0.9105431309904153
0.359039190897598,0.9102564102564102
0.3577749683944374,0.909967845659164
0.35651074589127685,0.9096774193548387
0.3552465233881163,0.9093851132686084
0.35398230088495575,0.9090909090909091
0.3527180783817952,0.9087947882736156
0.35145385587863465,0.9084967320261438
0.3501896333754741,0.9081967213114754
0.34892541087231355,0.9078947368421053
0.347661188369153,0.9075907590759076
0.3463969658659924,0.9072847682119205
0.34513274336283184,0.9069767441860465
0.3438685208596713,0.9066666666666666
0.34260429835651074,0.9063545150501672
0.3413400758533502,0.9060402684563759
0.34007585335018964,0.9057239057239057
0.3388116308470291,0.9054054054054054
0.33754740834386854,0.9050847457627119
0.336283185840708,0.9047619047619048
0.3350189633375474,0.9044368600682594
0.3350189633375474,0.9075342465753424
0.3350189633375474,0.9106529209621993
0.3350189633375474,0.9137931034482759
0.3324905183312263,0.9131944444444444
0.3324905183312263,0.9163763066202091
0.33122629582806573,0.916083916083916
0.32869785082174463,0.9154929577464789
0.32869785082174463,0.9187279151943463
0.32616940581542353,0.9181494661921709
0.32364096080910243,0.9175627240143369
0.32364096080910243,0.920863309352518
0.3211125158027813,0.9202898550724637
0.3198482932996207,0.92
0.3185840707964602,0.9197080291970803
0.3185840707964602,0.9230769230769231
0.3185840707964602,0.9264705882352942
0.3173198482932996,0.9261992619926199
0.31605562579013907,0.9259259259259259
0.3147914032869785,0.9256505576208178
0.31352718078381797,0.9253731343283582
0.31352718078381797,0.9288389513108615
0.3122629582806574,0.9285714285714286
0.3109987357774968,0.9283018867924528
0.30973451327433627,0.928030303030303
0.3084702907711757,0.9277566539923955
0.30720606826801516,0.9274809160305344
0.3059418457648546,0.9272030651340997
0.30467762326169406,0.926923076923077
0.3034134007585335,0.9266409266409267
0.30214917825537296,0.9263565891472868
0.3008849557522124,0.9260700389105059
0.2996207332490518,0.92578125
0.29835651074589126,0.9254901960784314
0.29582806573957016,0.924901185770751
0.2945638432364096,0.9246031746031746
0.2920353982300885,0.924
0.29077117572692796,0.9236947791164659
0.28824273072060685,0.9230769230769231
0.2857142857142857,0.9224489795918367
0.28445006321112515,0.9221311475409836
0.2831858407079646,0.9218106995884774
0.28192161820480405,0.9214876033057852
0.2806573957016435,0.921161825726141
0.27939317319848295,0.9208333333333333
0.2781289506953224,0.9205020920502092
0.27560050568900124,0.919831223628692
0.2743362831858407,0.9194915254237288
0.2718078381795196,0.9188034188034188
0.2667509481668774,0.9173913043478261
0.26548672566371684,0.9170305676855895
0.26422250316055623,0.9166666666666666
0.2629582806573957,0.9162995594713657
0.2629582806573957,0.9203539823008849
0.26169405815423513,0.92
0.2604298356510746,0.9196428571428571
0.25916561314791403,0.9192825112107623
0.2579013906447535,0.918918918918919
0.2528445006321112,0.9174311926605505
0.2515802781289507,0.9170506912442397
0.24905183312262957,0.9162790697674419
0.24652338811630847,0.9154929577464789
0.24146649810366624,0.9138755980861244
0.2402022756005057,0.9134615384615384
0.23893805309734514,0.9130434782608695
0.23767383059418457,0.912621359223301
0.23640960809102401,0.9121951219512195
0.23514538558786346,0.9117647058823529
0.23388116308470291,0.9113300492610837
0.23261694058154236,0.9108910891089109
0.23135271807838179,0.9104477611940298
0.23008849557522124,0.91
0.22882427307206069,0.9095477386934674
0.22756005056890014,0.9090909090909091
0.22629582806573956,0.9086294416243654
0.225031605562579,0.9081632653061225
0.22376738305941846,0.9076923076923077
0.2225031605562579,0.9072164948453608
0.22123893805309736,0.9067357512953368
0.21997471554993678,0.90625
0.21871049304677623,0.9057591623036649
0.21744627054361568,0.9052631578947369
0.21618204804045513,0.9047619047619048
0.21491782553729458,0.9042553191489362
0.213653603034134,0.9037433155080213
0.21238938053097345,0.9032258064516129
0.2111251580278129,0.9027027027027027
0.20986093552465235,0.9021739130434783
0.20859671302149177,0.9016393442622951
0.20733249051833122,0.9010989010989011
0.20606826801517067,0.9005524861878453
0.20480404551201012,0.9
0.20353982300884957,0.8994413407821229
0.19848293299620734,0.8971428571428571
0.1972187104930468,0.896551724137931
0.1959544879898862,0.8959537572254336
0.19469026548672566,0.8953488372093024
0.1934260429835651,0.8947368421052632
0.1934260429835651,0.9
0.19216182048040456,0.8994082840236687
0.19089759797724398,0.8988095238095238
0.18963337547408343,0.8982035928143712
0.18836915297092288,0.8975903614457831
0.18836915297092288,0.9030303030303031
0.18710493046776233,0.9024390243902439
0.18584070796460178,0.901840490797546
0.1845764854614412,0.9012345679012346
0.18331226295828065,0.9006211180124224
0.1820480404551201,0.9
0.18078381795195955,0.89937106918239
0.179519595448799,0.8987341772151899
0.17825537294563842,0.8980891719745223
0.17699115044247787,0.8974358974358975
0.17572692793931732,0.896774193548387
0.17446270543615677,0.8961038961038961
0.1731984829329962,0.8954248366013072
0.17193426042983564,0.8947368421052632
0.17193426042983564,0.9006622516556292
0.1706700379266751,0.9
0.168141592920354,0.8986486486486487
0.16687737041719342,0.8979591836734694
0.16561314791403287,0.8972602739726028
0.16434892541087232,0.896551724137931
0.16308470290771176,0.8958333333333334
0.16182048040455121,0.8951048951048951
0.16055625790139064,0.8943661971830986
0.1592920353982301,0.8936170212765957
0.15802781289506954,0.8928571428571429
0.15676359039190899,0.8920863309352518
0.1554993678887484,0.8913043478260869
0.15423514538558786,0.8905109489051095
0.15170670037926676,0.8888888888888888
0.1504424778761062,0.8880597014925373
0.14917825537294563,0.8872180451127819
0.14791403286978508,0.8863636363636364
0.14664981036662453,0.8854961832061069
0.14538558786346398,0.8846153846153846
0.14285714285714285,0.8828125
0.14032869785082175,0.8809523809523809
0.1390644753476612,0.88
0.13780025284450062,0.8790322580645161
0.13653603034134007,0.8780487804878049
0.13527180783817952,0.8770491803278688
0.13400758533501897,0.8760330578512396
0.13274336283185842,0.875
0.13147914032869784,0.8739495798319328
0.1302149178255373,0.8728813559322034
0.1276864728192162,0.8706896551724138
0.12515802781289506,0.868421052631579
0.12389380530973451,0.8672566371681416
0.12262958280657396,0.8660714285714286
0.12262958280657396,0.8738738738738738
0.1213653603034134,0.8727272727272727
0.12010113780025285,0.8715596330275229
0.11883691529709228,0.8703703703703703
0.11757269279393173,0.8691588785046729
0.11630847029077118,0.8679245283018868
0.11504424778761062,0.8666666666666667
0.1125158027812895,0.8640776699029126
0.10998735777496839,0.8613861386138614
0.10872313527180784,0.86
0.10745891276864729,0.8585858585858586
0.10619469026548672,0.8571428571428571
0.10493046776232617,0.8556701030927835
0.10366624525916561,0.8541666666666666
0.10240202275600506,0.8526315789473684
0.1011378002528445,0.851063829787234
0.09987357774968394,0.8494623655913979
0.0986093552465234,0.8478260869565217
0.09734513274336283,0.8461538461538461
0.09608091024020228,0.8444444444444444
0.09481668773704172,0.8426966292134831
0.09355246523388117,0.8409090909090909
0.0922882427307206,0.8390804597701149
0.09102402022756005,0.8372093023255814
0.0897597977243995,0.8352941176470589
0.08723135271807839,0.8313253012048193
0.08596713021491782,0.8292682926829268
0.08470290771175727,0.8271604938271605
0.08343868520859671,0.825
0.08217446270543616,0.8227848101265823
0.08091024020227561,0.8205128205128205
0.07838179519595449,0.8157894736842105
0.07711757269279393,0.8133333333333334
0.07585335018963338,0.8108108108108109
0.07458912768647281,0.8082191780821918
0.07332490518331226,0.8055555555555556
0.07206068268015171,0.8028169014084507
0.07079646017699115,0.8
0.06826801517067003,0.7941176470588235
0.06573957016434892,0.7878787878787878
0.0632111251580278,0.78125
0.0606826801517067,0.7741935483870968
0.05941845764854614,0.7704918032786885
0.05815423514538559,0.7666666666666667
0.056890012642225034,0.7627118644067796
0.05562579013906448,0.7586206896551724
0.05436156763590392,0.7543859649122807
0.05309734513274336,0.75
0.051833122629582805,0.7454545454545455
0.05056890012642225,0.7407407407407407
0.0493046776232617,0.7358490566037735
0.04804045512010114,0.7307692307692307
0.04677623261694058,0.7254901960784313
0.045512010113780026,0.72
0.04424778761061947,0.7142857142857143
0.04298356510745891,0.7083333333333334
0.041719342604298354,0.7021276595744681
0.040455120101137804,0.6956521739130435
0.039190897597977246,0.6888888888888889
0.03792667509481669,0.6818181818181818
0.03666245259165613,0.6744186046511628
0.035398230088495575,0.6666666666666666
0.03413400758533502,0.6585365853658537
0.03286978508217446,0.65
0.0316055625790139,0.6410256410256411
0.03034134007585335,0.631578947368421
0.029077117572692796,0.6216216216216216
0.029077117572692796,0.6388888888888888
0.018963337547408345,0.5357142857142857
0.018963337547408345,0.5555555555555556
0.018963337547408345,0.5769230769230769
0.018963337547408345,0.6
0.018963337547408345,0.625
0.018963337547408345,0.6521739130434783
0.018963337547408345,0.7142857142857143
0.018963337547408345,0.7894736842105263
0.018963337547408345,0.8333333333333334
0.018963337547408345,0.8823529411764706
0.017699115044247787,0.875
0.01643489254108723,0.8666666666666667
0.015170670037926675,0.8571428571428571
0.01390644753476612,0.8461538461538461
0.012642225031605562,0.8333333333333334
0.011378002528445006,0.8181818181818182
0.010113780025284451,0.8
0.008849557522123894,0.7777777777777778
0.007585335018963337,0.75
0.006321112515802781,0.7142857142857143
0.006321112515802781,1.0
0.0037926675094816687,1.0
0.0025284450063211127,1.0
0.0012642225031605564,1.0
0.0,1.0
