recall,precision
1.0,0.23094890510948904
1.0,0.2310838445807771
1.0,0.23115137346580947
1.0,0.23128654970760235
1.0,0.2313541971336648
1.0,0.231489610769681
1.0,0.23155737704918034
1.0,0.2316251830161054
1.0,0.23169302870533098
1.0,0.23176091415177263
1.0,0.23182883939038687
1.0,0.23189680445617122
1.0,0.23196480938416422
1.0,0.23203285420944558
1.0,0.23210093896713616
1.0,0.232169063692398
1.0,0.23223722842043454
1.0,0.23230543318649047
1.0,0.23237367802585193
1.0,0.23244196297384662
1.0,0.23251028806584362
1.0,0.23257865333725375
1.0,0.2326470588235294
1.0,0.23271550456016477
1.0,0.2327839905826957
1.0,0.23285251692670003
1.0,0.2329210836277974
1.0,0.2329896907216495
1.0,0.23305833824395994
1.0,0.23312702623047452
1.0,0.23326452373930995
1.0,0.23333333333333334
1.0,0.2334710743801653
1.0,0.23354000590493063
1.0,0.23360897814530418
1.0,0.23367799113737076
1.0,0.23374704491725767
1.0,0.23381613952113509
1.0,0.23395445134575568
1.0,0.23402366863905325
1.0,0.23409292690145014
1.0,0.23416222616933097
1.0,0.23430094786729858
1.0,0.23437037037037037
1.0,0.23443983402489627
1.0,0.23450933886747702
1.0,0.23457888493475682
1.0,0.2346484722634233
1.0,0.23471810089020773
1.0,0.23478777085188482
1.0,0.23485748218527316
1.0,0.23492723492723494
1.0,0.23499702911467618
1.0,0.2350668647845468
1.0,0.23513674197384066
1.0,0.2352066607195956
1.0,0.23527662105889352
1.0,0.23534662302886045
1.0,0.23541666666666666
1.0,0.23548675200952665
1.0,0.23555687909469922
1.0,0.23562704795948763
1.0,0.23569725864123958
1.0,0.23576751117734723
1.0,0.23583780560524747
1.0,0.2359081419624217
1.0,0.23597852028639618
1.0,0.23604894061474188
1.0,0.23611940298507464
1.0,0.23618990743505525
1.0,0.2362604540023895
1.0,0.23633104272482822
1.0,0.23640167364016737
1.0,0.23647234678624812
1.0,0.23654306220095694
1.0,0.23661381992222555
1.0,0.23668461998803111
1.0,0.23675546243639628
1.0,0.23682634730538923
1.0,0.23689727463312368
1.0,0.23696824445775913
1.0,0.23703925681750074
1.0,0.23711031175059952
1.0,0.23718140929535234
1.0,0.23725254949010197
1.0,0.2373237323732373
1.0,0.23739495798319327
1.0,0.2374662263584509
1.0,0.23753753753753754
1.0,0.23760889155902673
1.0,0.2377517282837391
1.0,0.23782321106434154
1.0,0.23789473684210527
1.0,0.23796630565583635
1.0,0.2380379175443876
1.0,0.2381812707015959
1.0,0.23825301204819277
1.0,0.2383247966254896
1.0,0.23839662447257384
1.0,0.23846849562858005
1.0,0.23854041013268998
1.0,0.23861236802413274
1.0,0.23875641412616963
1.0,0.23882850241545894
1.0,0.23890063424947147
1.0,0.2389728096676737
1.0,0.23904502870957994
1.0,0.2391172914147521
1.0,0.2391895978228001
1.0,0.23926194797338174
1.0,0.23933434190620273
1.0,0.23940677966101695
1.0,0.2394792612776264
1.0,0.2395517867958813
1.0,0.2396243562556801
1.0,0.2396969696969697
1.0,0.23976962715974537
1.0,0.23984232868405095
1.0,0.23991507430997877
1.0,0.2399878640776699
1.0,0.2400606980273141
1.0,0.24013357619914996
1.0,0.24020649863346494
1.0,0.24027946537059539
1.0,0.24035247645092678
1.0,0.2404255319148936
1.0,0.24049863180297962
1.0,0.24057177615571776
1.0,0.2406449650136903
1.0,0.24071819841752892
1.0,0.24079147640791476
1.0,0.24086479902557856
1.0,0.24093816631130063
1.0,0.24101157830591102
1.0,0.24108503505028955
1.0,0.24123208295211954
1.0,0.24130567419158022
1.0,0.2413793103448276
1.0,0.24145299145299146
1.0,0.2415267175572519
1.0,0.24160048869883935
1.0,0.24167430491903452
1.0,0.2417481662591687
1.0,0.24182207276062367
1.0,0.2418960244648318
1.0,0.24197002141327623
1.0,0.24204406364749081
1.0,0.2421181512090603
1.0,0.24219228413962032
1.0,0.2422664624808576
1.0,0.2423406862745098
1.0,0.24241495556236592
1.0,0.24248927038626608
1.0,0.2425636307881018
1.0,0.24263803680981594
1.0,0.24271248849340288
1.0,0.24278698588090852
1.0,0.24286152901443045
1.0,0.24293611793611794
1.0,0.24301075268817204
1.0,0.24308543331284574
1.0,0.2431601598524439
1.0,0.2432349323493235
1.0,0.24330975084589357
1.0,0.2433846153846154
1.0,0.2435344827586207
1.0,0.24360948567908838
1.0,0.24368453481207641
1.0,0.24375963020030816
1.0,0.2438347718865598
1.0,0.24390995991366018
1.0,0.24398519432449106
1.0,0.24406047516198703
1.0,0.2441358024691358
1.0,0.2442111762889781
1.0,0.24428659666460778
1.0,0.24436206363917207
1.0,0.24443757725587145
1.0,0.2445131375579598
1.0,0.24458874458874458
1.0,0.24466439839158677
1.0,0.24474009900990099
1.0,0.24481584648715568
1.0,0.24489164086687307
1.0,0.2449674821926293
1.0,0.24504337050805453
1.0,0.24511930585683298
1.0,0.24519528828270304
1.0,0.24527131782945735
1.0,0.24534739454094293
1.0,0.2454235184610611
1.0,0.24549968963376784
1.0,0.2455759081030736
1.0,0.24565217391304348
1.0,0.24572848710779746
1.0,0.24580484773151026
1.0,0.24588125582841155
1.0,0.24595771144278608
1.0,0.24603421461897357
1.0,0.246110765401369
1.0,0.24618736383442266
1.0,0.2462640099626401
1.0,0.24634070383058237
1.0,0.24641744548286604
1.0,0.24649423496416328
1.0,0.246571072319202
1.0,0.24664795759276584
1.0,0.24672489082969432
1.0,0.246801872074883
1.0,0.2468789013732834
0.9949431099873578,0.2459375
0.9949431099873578,0.24601437949359176
0.9949431099873578,0.24609130706691681
0.9949431099873578,0.24616828276509228
0.9949431099873578,0.2462453066332916
0.9949431099873578,0.24632237871674492
0.9949431099873578,0.24639949906073888
0.9936788874841972,0.24616348261822737
0.9936788874841972,0.2462406015037594
0.9936788874841972,0.24631776872453776
0.9936788874841972,0.2463949843260188
0.9936788874841972,0.2464722483537159
0.9936788874841972,0.2465495608531995
0.9936788874841972,0.24662692187009727
0.9936788874841972,0.24670433145009416
0.9936788874841972,0.2467817896389325
0.9936788874841972,0.24685929648241206
0.9936788874841972,0.2469368520263902
0.9936788874841972,0.2470144563167819
0.9936788874841972,0.2470921093995599
0.9936788874841972,0.24716981132075472
0.9936788874841972,0.24724756212645485
0.9936788874841972,0.2473253618628068
0.9936788874841972,0.2474032105760151
0.988621997471555,0.24645445950204853
0.988621997471555,0.24653215636822196
0.988621997471555,0.2466099022390413
0.988621997471555,0.2466876971608833
0.988621997471555,0.246765541180183
0.988621997471555,0.24684343434343434
0.988621997471555,0.24692137669718978
0.988621997471555,0.24699936828806066
0.9873577749683944,0.2467614533965245
0.9860935524652339,0.24652338811630847
0.9860935524652339,0.24660132785330383
0.9860935524652339,0.24667931688804554
0.9860935524652339,0.24675735526732046
0.9860935524652339,0.2468354430379747
0.9860935524652339,0.24691358024691357
0.9860935524652339,0.24699176694110198
0.9860935524652339,0.24707000316756414
0.9860935524652339,0.24714828897338403
0.9860935524652339,0.24722662440570523
0.9860935524652339,0.24730500951173112
0.9860935524652339,0.24738344433872503
0.9860935524652339,0.24746192893401014
0.9860935524652339,0.24754046334496985
0.9860935524652339,0.24761904761904763
0.9860935524652339,0.2476976818037472
0.9860935524652339,0.24777636594663277
0.9860935524652339,0.24785510009532888
0.9848293299620733,0.24761602034329308
0.9835651074589128,0.24737678855325915
0.9835651074589128,0.2474554707379135
0.9835651074589128,0.24753420299077314
0.9835651074589128,0.24761298535964354
0.9835651074589128,0.24769181789239095
0.9835651074589128,0.24777070063694268
0.9835651074589128,0.24784963364128704
0.9835651074589128,0.24792861695347354
0.9835651074589128,0.248007650621613
0.9835651074589128,0.24808673469387754
0.9835651074589128,0.24816586921850078
0.9835651074589128,0.2482450542437779
0.9835651074589128,0.24832428981806576
0.9823008849557522,0.24808429118773948
0.9823008849557522,0.24816352603002237
0.9823008849557522,0.24824281150159744
0.9823008849557522,0.2483221476510067
0.9823008849557522,0.2484015345268542
0.9823008849557522,0.2484809721778062
0.9823008849557522,0.24864
0.9823008849557522,0.24871959026888604
0.9823008849557522,0.24879923150816521
0.9823008849557522,0.24887892376681614
0.9823008849557522,0.24895866709388018
0.9810366624525917,0.24871794871794872
0.9810366624525917,0.2487976915678102
0.9810366624525917,0.24887748556767159
0.9810366624525917,0.2489573307667629
0.9810366624525917,0.2490372272143774
0.9810366624525917,0.2491171749598716
0.9810366624525917,0.2491971740526654
0.9810366624525917,0.24927722454224222
0.9797724399494311,0.24903598971722365
0.9785082174462706,0.24879459980713597
0.9785082174462706,0.24887459807073956
0.9785082174462706,0.2489546477967192
0.9785082174462706,0.24903474903474904
0.9785082174462706,0.2491149018345671
0.9785082174462706,0.24919510624597555
0.9785082174462706,0.2492753623188406
0.9785082174462706,0.24935567010309279
0.9785082174462706,0.24943602964872705
0.9785082174462706,0.2495164410058027
0.9785082174462706,0.24959690422444372
0.9785082174462706,0.2496774193548387
0.9785082174462706,0.24975798644724104
0.9785082174462706,0.24983860555196902
0.9759797724399494,0.24935400516795866
0.9759797724399494,0.2494345718901454
0.9759797724399494,0.24951519069166128
0.9759797724399494,0.24959586162301972
0.9759797724399494,0.24967658473479948
0.9759797724399494,0.24975736007764476
0.9759797724399494,0.24983818770226537
0.9759797724399494,0.24991906765943672
0.9759797724399494,0.25
0.9759797724399494,0.25008098477486235
0.9759797724399494,0.25016202203499677
0.9759797724399494,0.2502431118314425
0.9759797724399494,0.2503242542153048
0.9759797724399494,0.25040544923775543
0.9759797724399494,0.25048669695003245
0.9759797724399494,0.25056799740344043
0.9759797724399494,0.2506493506493506
0.9759797724399494,0.2508122157244964
0.9759797724399494,0.25089372765680856
0.9759797724399494,0.2510569105691057
0.9759797724399494,0.2511385816525699
0.9759797724399494,0.2513020833333333
0.9759797724399494,0.25138391403451643
0.9759797724399494,0.2514657980456026
0.9759797724399494,0.2515477354187032
0.9759797724399494,0.25171177045973264
0.9759797724399494,0.2517938682322244
0.9759797724399494,0.2518760195758564
0.9747155499367889,0.2516318537859008
0.9734513274336283,0.2513875285667646
0.9734513274336283,0.25146962769431747
0.9734513274336283,0.2515517804639007
0.9734513274336283,0.25163398692810457
0.9734513274336283,0.2517162471395881
0.9734513274336283,0.2517985611510791
0.9734513274336283,0.25188092901537457
0.9734513274336283,0.2519633507853403
0.9734513274336283,0.2520458265139116
0.9734513274336283,0.25212835625409297
0.9734513274336283,0.2522109400589584
0.9734513274336283,0.25229357798165136
0.9734513274336283,0.2523762700753851
0.9721871049304678,0.2521311475409836
0.9721871049304678,0.25221384060347657
0.9721871049304678,0.25229658792650916
0.9721871049304678,0.2523793895635051
0.9721871049304678,0.252462245567958
0.9721871049304678,0.25254515599343186
0.9721871049304678,0.2526281208935611
0.9721871049304678,0.2527111403220506
0.9721871049304678,0.2528773429792831
0.9721871049304678,0.25296052631578947
0.9721871049304678,0.253043764396183
0.9721871049304678,0.2531270572745227
0.9721871049304678,0.2532104050049391
0.9721871049304678,0.25329380764163373
0.9721871049304678,0.2533772652388797
0.9709228824273072,0.25313117996044826
0.9709228824273072,0.2532146389713155
0.9709228824273072,0.2532981530343008
0.9709228824273072,0.2533817222038931
0.9709228824273072,0.25346534653465347
0.9709228824273072,0.2536327608982827
0.9709228824273072,0.2537165510406343
0.9709228824273072,0.25380039656311965
0.9709228824273072,0.25388429752066116
0.9709228824273072,0.2540522659609659
0.9709228824273072,0.2541363335539378
0.9709228824273072,0.2542204568023833
0.9696586599241467,0.2539735099337748
0.9696586599241467,0.25405763497846967
0.9696586599241467,0.2541418157720345
0.9696586599241467,0.25422605236990387
0.9696586599241467,0.2543103448275862
0.9696586599241467,0.2543946932006633
0.9696586599241467,0.254479097544791
0.9696586599241467,0.2545635579156986
0.9696586599241467,0.2546480743691899
0.9696586599241467,0.25473264696114245
0.9696586599241467,0.2548172757475083
0.9696586599241467,0.25498670212765956
0.9696586599241467,0.2550714998337213
0.9696586599241467,0.2551563539587492
0.9696586599241467,0.2552412645590682
0.9696586599241467,0.25532623169107854
0.9696586599241467,0.2554112554112554
0.9696586599241467,0.2554963357761492
0.9696586599241467,0.25558147284238586
0.9696586599241467,0.25566666666666665
0.9696586599241467,0.2557519173057686
0.9696586599241467,0.256093489148581
0.9696586599241467,0.2561790247160989
0.9696586599241467,0.25626461744069495
0.9696586599241467,0.25635026737967914
0.9696586599241467,0.256435974590438
0.9696586599241467,0.2565217391304348
0.9696586599241467,0.2566075610572098
0.9696586599241467,0.2566934404283802
0.9696586599241467,0.25677937730164047
0.9696586599241467,0.25695142378559466
0.9696586599241467,0.2570375335120643
0.9696586599241467,0.2571237009721757
0.9696586599241467,0.25720992622401073
0.9696586599241467,0.2572962093257296
0.9696586599241467,0.25738255033557045
0.9696586599241467,0.2574689493118496
0.9696586599241467,0.2575554063129617
0.9696586599241467,0.2576419213973799
0.9696586599241467,0.25772849462365593
0.9696586599241467,0.2578151260504202
0.9696586599241467,0.257901815736382
0.9696586599241467,0.25798856374032964
0.9696586599241467,0.2580753701211306
0.9696586599241467,0.2581622349377314
0.9696586599241467,0.25824915824915823
0.9696586599241467,0.25833614011451667
0.9696586599241467,0.2584231805929919
0.9696586599241467,0.258510279743849
0.9696586599241467,0.2585974376264329
0.9696586599241467,0.2586846543001686
0.9696586599241467,0.25877192982456143
0.9696586599241467,0.25885926425919675
0.9696586599241467,0.2589466576637407
0.9696586599241467,0.25903411009793986
0.9696586599241467,0.2591216216216216
0.9696586599241467,0.2592968221771467
0.9696586599241467,0.25947225981055483
0.9696586599241467,0.2595600676818951
0.9696586599241467,0.25964793500338523
0.9696586599241467,0.2597358618354216
0.9696586599241467,0.25982384823848237
0.9696586599241467,0.2599118942731278
0.9696586599241467,0.26
0.9696586599241467,0.26008816547982366
0.9696586599241467,0.2601763907734057
0.9696586599241467,0.26026467594163555
0.9696586599241467,0.2603530210454854
0.9696586599241467,0.26052989130434784
0.9696586599241467,0.26061841658171936
0.9696586599241467,0.260707002039429
0.9696586599241467,0.2607956477388643
0.9696586599241467,0.2608843537414966
0.9696586599241467,0.2609731201088806
0.9696586599241467,0.2610619469026549
0.9696586599241467,0.2612397820163488
0.9696586599241467,0.26132879045996593
0.9696586599241467,0.2614178595773688
0.9696586599241467,0.2615069894306171
0.9696586599241467,0.26159618008185537
0.9696586599241467,0.26168543159331287
0.9696586599241467,0.2617747440273038
0.9696586599241467,0.2618641174462274
0.9696586599241467,0.2619535519125683
0.9696586599241467,0.2620430474888965
0.9696586599241467,0.2621326042378674
0.9696586599241467,0.26231190150478795
0.9696586599241467,0.2624016421484776
0.9696586599241467,0.2624914442162902
0.9696586599241467,0.26258130777131117
0.9696586599241467,0.26267123287671235
0.9696586599241467,0.262761219595752
0.9696586599241467,0.26285126799177516
0.9696586599241467,0.26294137812821394
0.9696586599241467,0.2630315500685871
0.9696586599241467,0.26312178387650087
0.9696586599241467,0.2632120796156486
0.9683944374209861,0.2629591486440096
0.9683944374209861,0.26304945054945056
0.9683944374209861,0.2631398144967365
0.9683944374209861,0.2632302405498282
0.9683944374209861,0.2633207287727741
0.9683944374209861,0.26341127922971114
0.9683944374209861,0.2635018919848641
0.9683944374209861,0.26359256710254647
0.9683944374209861,0.26368330464716006
0.9683944374209861,0.26377410468319556
0.9683944374209861,0.26413793103448274
0.9683944374209861,0.2642290444981028
0.9683944374209861,0.26432022084196
0.9683944374209861,0.2644114601311702
0.9683944374209861,0.26450276243093923
0.9683944374209861,0.26459412780656305
0.9683944374209861,0.2646855563234278
0.9683944374209861,0.26477704804701
0.9683944374209861,0.2648686030428769
0.9671302149178256,0.26461432030439297
0.9671302149178256,0.2647058823529412
0.9671302149178256,0.26479750778816197
0.9671302149178256,0.2648891966759003
0.965865992414665,0.2646345687564946
0.965865992414665,0.2647262647262647
0.965865992414665,0.26481802426343154
0.965865992414665,0.26490984743411927
0.965865992414665,0.2650017343045439
0.965865992414665,0.2650936849410132
0.965865992414665,0.2651856994099271
0.965865992414665,0.2653699201111497
0.965865992414665,0.26546212647671996
0.965865992414665,0.26555439694125826
0.965865992414665,0.26564673157162727
0.965865992414665,0.2657391304347826
0.965865992414665,0.26583159359777314
0.965865992414665,0.266016713091922
0.965865992414665,0.2661093695576454
0.965865992414665,0.2662020905923345
0.965865992414665,0.26629487626350645
0.965865992414665,0.26638772663877264
0.965865992414665,0.26648064178583886
0.965865992414665,0.2665736217725052
0.965865992414665,0.2669461914744934
0.965865992414665,0.2670394966794827
0.965865992414665,0.26713286713286716
0.965865992414665,0.267226302903113
0.965865992414665,0.26731980405878236
0.965865992414665,0.26741337066853343
0.965865992414665,0.26750700280112044
0.965865992414665,0.26760070052539403
0.965865992414665,0.26769446391030133
0.965865992414665,0.2677882930248861
0.965865992414665,0.26788218793828894
0.965865992414665,0.26797614871974745
0.965865992414665,0.2680701754385965
0.965865992414665,0.26816426816426814
0.965865992414665,0.26825842696629215
0.965865992414665,0.26835265191429575
0.965865992414665,0.2684469430780042
0.965865992414665,0.2685413005272408
0.965865992414665,0.26863572433192684
0.965865992414665,0.2687302145620823
0.965865992414665,0.26882477128782545
0.965865992414665,0.26891939457937347
0.965865992414665,0.2691088411412469
0.965865992414665,0.2692036645525018
0.965865992414665,0.2692985548114205
0.965865992414665,0.2693935119887165
0.965865992414665,0.2694885361552028
0.965865992414665,0.26958362738179253
0.965865992414665,0.26967878573949877
0.965865992414665,0.269774011299435
0.965865992414665,0.26986930413281524
0.965865992414665,0.26996466431095406
0.965865992414665,0.27006009190526686
0.965865992414665,0.27015558698727016
0.965865992414665,0.27025114962858154
0.965865992414665,0.27034677990092004
0.965865992414665,0.2704424778761062
0.965865992414665,0.2705382436260623
0.965865992414665,0.27063407722281263
0.965865992414665,0.27072997873848337
0.965865992414665,0.2708259482453031
0.965865992414665,0.27092198581560284
0.965865992414665,0.2710180915218163
0.965865992414665,0.27111426543647976
0.965865992414665,0.27121050763223287
0.965865992414665,0.2713068181818182
0.965865992414665,0.27149964463397297
0.965865992414665,0.27159616068254533
0.965865992414665,0.27178939879046604
0.965865992414665,0.27188612099644127
0.9646017699115044,0.271626913492346
0.9646017699115044,0.27172364672364674
0.9646017699115044,0.2719173200285103
0.9646017699115044,0.2720142602495544
0.9646017699115044,0.27211126961483595
0.9646017699115044,0.2723054960742327
0.9646017699115044,0.2724027133166726
0.9646017699115044,0.2725
0.9646017699115044,0.2725973561986424
0.9646017699115044,0.27269478198713365
0.9646017699115044,0.2727922774401144
0.9646017699115044,0.2728898426323319
0.9646017699115044,0.27298747763864045
0.9646017699115044,0.27308518253400144
0.9646017699115044,0.2732808022922636
0.9646017699115044,0.27337871730562524
0.9646017699115044,0.27347670250896056
0.9646017699115044,0.2735747579777698
0.9646017699115044,0.27377108001435235
0.9646017699115044,0.273967684021544
0.9646017699115044,0.27416457060725835
0.9646017699115044,0.27436174038115785
0.9646017699115044,0.27446043165467626
0.9646017699115044,0.27455919395465994
0.9646017699115044,0.27465802735781136
0.9646017699115044,0.27475693194094347
0.9646017699115044,0.27485590778097985
0.9646017699115044,0.274954954954955
0.9646017699115044,0.27505407354001443
0.9646017699115044,0.2754512635379061
0.9646017699115044,0.27555074033947274
0.9646017699115044,0.27574990964943985
0.9646017699115044,0.2759493670886076
0.9646017699115044,0.27604920405209843
0.9646017699115044,0.2761491132826638
0.9646017699115044,0.27624909485879795
0.9646017699115044,0.276349148859109
0.9646017699115044,0.27644927536231884
0.9646017699115044,0.2765494744472635
0.9646017699115044,0.2766497461928934
0.9646017699115044,0.276950998185118
0.9646017699115044,0.27705156136528686
0.9646017699115044,0.2772529069767442
0.9646017699115044,0.27735368956743
0.9646017699115044,0.27745454545454545
0.9646017699115044,0.2775554747180793
0.9646017699115044,0.2776564774381368
0.9646017699115044,0.27775755369493993
0.9646017699115044,0.27785870356882736
0.9646017699115044,0.277959927140255
0.9646017699115044,0.2780612244897959
0.9646017699115044,0.2781625956981407
0.9646017699115044,0.27826404084609774
0.9646017699115044,0.2783655600145932
0.9646017699115044,0.27846715328467153
0.9646017699115044,0.27856882073749545
0.9646017699115044,0.27877237851662406
0.9646017699115044,0.2789762340036563
0.9646017699115044,0.27907827359180687
0.9646017699115044,0.2791803878521771
0.9646017699115044,0.2792825768667643
0.9646017699115044,0.2793848407176858
0.9646017699115044,0.2794871794871795
0.9646017699115044,0.2796920821114369
0.9633375474083439,0.2794279427942794
0.9633375474083439,0.27953044754218637
0.9633375474083439,0.2796330275229358
0.9633375474083439,0.27973568281938327
0.9633375474083439,0.27983841351450606
0.9633375474083439,0.2799412196914034
0.9633375474083439,0.28004410143329656
0.9633375474083439,0.2801470588235294
0.9633375474083439,0.2802500919455682
0.9633375474083439,0.2803532008830022
0.9633375474083439,0.2804563857195436
0.9633375474083439,0.280559646539028
0.9633375474083439,0.28066298342541435
0.9633375474083439,0.28076639646278556
0.9633375474083439,0.2808698857353483
0.9633375474083439,0.2809734513274336
0.9633375474083439,0.28107709332349684
0.9620733249051833,0.2808118081180812
0.9620733249051833,0.2810192023633678
0.9620733249051833,0.2811230144070927
0.9620733249051833,0.2812269031781227
0.9620733249051833,0.28133086876155267
0.9620733249051833,0.28143491124260356
0.9620733249051833,0.2815390307066223
0.9620733249051833,0.28164322723908214
0.9620733249051833,0.28185185185185185
0.9620733249051833,0.282060785767235
0.9620733249051833,0.282165368928439
0.9620733249051833,0.2822700296735905
0.9620733249051833,0.2823747680890538
0.9620733249051833,0.28247958426132147
0.9620733249051833,0.2825844782770145
0.9620733249051833,0.2826894502228826
0.9620733249051833,0.28279450018580454
0.9620733249051833,0.2828996282527881
0.9620733249051833,0.28300483451097064
0.9620733249051833,0.28321548195013024
0.9620733249051833,0.28332092330603126
0.9620733249051833,0.2834264432029795
0.9620733249051833,0.28353204172876306
0.9620733249051833,0.283955223880597
0.9620733249051833,0.28416728902165794
0.9620733249051833,0.28427344041837876
0.9620733249051833,0.2843796711509716
0.9620733249051833,0.28448598130841124
0.9620733249051833,0.28459237097980555
0.9620733249051833,0.2846988402543958
0.9620733249051833,0.2848053892215569
0.9620733249051833,0.28523238380809596
0.9620733249051833,0.2853393325834271
0.9620733249051833,0.2854463615903976
0.9620733249051833,0.28566066066066065
0.9608091024020228,0.2853924145700338
0.9608091024020228,0.2856069146937242
0.9608091024020228,0.2857142857142857
0.9608091024020228,0.286144578313253
0.9608091024020228,0.2862523540489642
0.9608091024020228,0.2863602110022607
0.9608091024020228,0.28679245283018867
0.9608091024020228,0.2869007172517931
0.9608091024020228,0.28700906344410876
0.9608091024020228,0.2874432677760968
0.9608091024020228,0.2878787878787879
0.9608091024020228,0.2883156297420334
0.9608091024020228,0.2885345482156416
0.9608091024020228,0.2889733840304182
0.9608091024020228,0.2890833016356029
0.9608091024020228,0.2893033878949372
0.9608091024020228,0.2895238095238095
0.9608091024020228,0.2896341463414634
0.9608091024020228,0.2898550724637681
0.9608091024020228,0.2900763358778626
0.9608091024020228,0.290519877675841
0.9608091024020228,0.2907421576128539
0.9608091024020228,0.29096477794793263
0.9608091024020228,0.29118773946360155
0.9608091024020228,0.29163468917881813
0.9608091024020228,0.29185867895545314
0.9608091024020228,0.2923076923076923
0.9608091024020228,0.29275808936825887
0.9608091024020228,0.2932098765432099
0.9608091024020228,0.2936630602782071
0.9608091024020228,0.29411764705882354
0.9608091024020228,0.29434546862896976
0.9608091024020228,0.29457364341085274
0.9608091024020228,0.29468786351298953
0.9608091024020228,0.29514563106796116
0.9608091024020228,0.29526029526029524
0.9608091024020228,0.29571984435797666
0.9608091024020228,0.29595015576323985
0.9608091024020228,0.296411856474259
0.9608091024020228,0.296527506827936
0.9608091024020228,0.29699101211410706
0.9608091024020228,0.2974559686888454
0.9608091024020228,0.2976889933411673
0.9608091024020228,0.2981561396626128
0.9608091024020228,0.29862475442043224
0.9608091024020228,0.29874213836477986
0.9608091024020228,0.2989771833202203
0.9608091024020228,0.2994483845547675
0.9608091024020228,0.2996845425867508
0.9608091024020228,0.2999210734017364
0.9608091024020228,0.3001579778830964
0.9608091024020228,0.300276570525484
0.9608091024020228,0.3007518796992481
0.9608091024020228,0.300990099009901
0.9608091024020228,0.30122869599682917
0.9608091024020228,0.3013481363996828
0.9608091024020228,0.3018268467037331
0.9608091024020228,0.302066772655008
0.9608091024020228,0.3023070803500398
0.9608091024020228,0.30278884462151395
0.9608091024020228,0.3032721468475658
0.9608091024020228,0.3037569944044764
0.9608091024020228,0.3038784486205518
0.9608091024020228,0.30436523828594314
0.9608091024020228,0.304853590052146
0.9608091024020228,0.30497592295345105
0.9608091024020228,0.3054662379421222
0.9608091024020228,0.3059581320450886
0.9608091024020228,0.30620467365028203
0.9608091024020228,0.3064516129032258
0.9608091024020228,0.3069466882067851
0.9608091024020228,0.30719482619240096
0.9608091024020228,0.30731904569348967
0.9608091024020228,0.3076923076923077
0.9608091024020228,0.30781692993114623
0.9608091024020228,0.30831643002028397
0.9608091024020228,0.3088175538399025
0.9608091024020228,0.3090687271248475
0.9608091024020228,0.3095723014256619
0.9608091024020228,0.31007751937984496
0.9608091024020228,0.31020408163265306
0.9608091024020228,0.31033074724377296
0.9608091024020228,0.3104575163398693
0.9608091024020228,0.31058438904781366
0.9608091024020228,0.3107113654946852
0.9608091024020228,0.31122031122031124
0.9608091024020228,0.3114754098360656
0.9608091024020228,0.31198686371100165
0.9608091024020228,0.31211498973305957
0.9608091024020228,0.3122432210353328
0.9608091024020228,0.31275720164609055
0.9608091024020228,0.31327287716405605
0.9608091024020228,0.3134020618556701
0.9608091024020228,0.31353135313531355
0.9608091024020228,0.3136607511349567
0.9608091024020228,0.3137902559867878
0.9608091024020228,0.31391986782321357
0.9608091024020228,0.3144393876706661
0.9608091024020228,0.3146997929606625
0.9608091024020228,0.31496062992125984
0.9608091024020228,0.31522189962671093
0.9608091024020228,0.31548360315483603
0.9608091024020228,0.31561461794019935
0.9608091024020228,0.31574574158703783
0.9608091024020228,0.3161397670549085
0.9608091024020228,0.31627132750728254
0.9608091024020228,0.3165347771761766
0.9608091024020228,0.31679866611087953
0.9608091024020228,0.3170629954109303
0.9608091024020228,0.31719532554257096
0.9608091024020228,0.3173277661795407
0.9608091024020228,0.31759297952361054
0.9608091024020228,0.3181247383842612
0.9608091024020228,0.31825795644891125
0.9608091024020228,0.3183912861332216
0.9608091024020228,0.3189257238774654
0.9608091024020228,0.31919361612767744
0.9608091024020228,0.3194619588062211
0.9608091024020228,0.31959629941127
0.9608091024020228,0.3197307530500631
0.9608091024020228,0.31986531986531985
0.9608091024020228,0.32
0.9608091024020228,0.32026970080067424
0.9608091024020228,0.3208104685521317
0.9608091024020228,0.32108153781157583
0.9608091024020228,0.321353065539112
0.9608091024020228,0.3216250528988574
0.9608091024020228,0.32176121930567314
0.9608091024020228,0.3218975010588734
0.9608091024020228,0.3220338983050847
0.9608091024020228,0.3221704111911827
0.9608091024020228,0.3227176220806794
0.9608091024020228,0.32285471537807986
0.9608091024020228,0.32299192520187
0.9608091024020228,0.3232666950233943
0.9608091024020228,0.32354193273733506
0.9608091024020228,0.32409381663113007
0.9608091024020228,0.3242320819112628
0.9608091024020228,0.32437046521553564
0.9608091024020228,0.32450896669513235
0.9608091024020228,0.3246475865014951
0.9608091024020228,0.3247863247863248
0.9608091024020228,0.3253424657534247
0.9608091024020228,0.3259005145797599
0.9608091024020228,0.32646048109965636
0.9608091024020228,0.3266007735281478
0.9608091024020228,0.32674118658641443
0.9608091024020228,0.3273040482342808
0.9608091024020228,0.3275862068965517
0.9608091024020228,0.32786885245901637
0.9608091024020228,0.3280103582218386
0.9608091024020228,0.3281519861830743
0.9608091024020228,0.328719723183391
0.9608091024020228,0.329004329004329
0.9608091024020228,0.3292894280762565
0.9608091024020228,0.3298611111111111
0.9608091024020228,0.3300043421623969
0.9608091024020228,0.3301476976542137
0.9608091024020228,0.3307223672758921
0.9608091024020228,0.33129904097646035
0.9608091024020228,0.3318777292576419
0.9608091024020228,0.3320227173438183
0.9608091024020228,0.3321678321678322
0.9608091024020228,0.33231307389593356
0.9608091024020228,0.3324584426946632
0.9608091024020228,0.33260393873085337
0.9608091024020228,0.3327495621716287
0.9608091024020228,0.3333333333333333
0.9608091024020228,0.3339191564147627
0.9608091024020228,0.33406593406593404
0.9608091024020228,0.33421284080914687
0.9608091024020228,0.33435987681478224
0.9608091024020228,0.3345070422535211
0.9608091024020228,0.33480176211453744
0.9608091024020228,0.3350970017636684
0.9608091024020228,0.33568904593639576
0.9608091024020228,0.3359858532272325
0.9608091024020228,0.33613445378151263
0.9608091024020228,0.336283185840708
0.9608091024020228,0.33643204957945994
0.9608091024020228,0.3365810451727192
0.9608091024020228,0.33717834960070986
0.9608091024020228,0.33732800710164224
0.9608091024020228,0.33747779751332146
0.9608091024020228,0.33807829181494664
0.9608091024020228,0.33822874944370274
0.9608091024020228,0.3383793410507569
0.9608091024020228,0.33853006681514475
0.9608091024020228,0.33868092691622104
0.9608091024020228,0.3392857142857143
0.9608091024020228,0.3394372487717731
0.9608091024020228,0.33958891867739055
0.9608091024020228,0.3397407241841752
0.9608091024020228,0.33989266547406083
0.9608091024020228,0.3400447427293065
0.9608091024020228,0.3401969561324978
0.9608091024020228,0.34034930586654727
0.9608091024020228,0.34050179211469533
0.9608091024020228,0.340654415060511
0.9595448798988622,0.34035874439461883
0.9595448798988622,0.3405114401076716
0.9595448798988622,0.34066427289048473
0.9595448798988622,0.34081724292770543
0.9595448798988622,0.34097035040431267
0.9595448798988622,0.341123595505618
0.9582806573957017,0.3408273381294964
0.9582806573957017,0.34098065677013045
0.9582806573957017,0.34128770823953175
0.9582806573957017,0.34144144144144145
0.9582806573957017,0.341595313204146
0.9582806573957017,0.3417493237150586
0.9582806573957017,0.34190347316193054
0.9582806573957017,0.34205776173285196
0.9582806573957017,0.3422121896162528
0.9582806573957017,0.34236675700090335
0.9582806573957017,0.34252146407591505
0.9582806573957017,0.3426763110307414
0.9582806573957017,0.3429864253393665
0.9582806573957017,0.34314169307378906
0.9582806573957017,0.3432971014492754
0.9582806573957017,0.3434526506570005
0.9582806573957017,0.34407625964593735
0.9582806573957017,0.3442325158946412
0.9582806573957017,0.34438891412994094
0.9582806573957017,0.34454545454545454
0.9582806573957017,0.3447021373351523
0.9582806573957017,0.3451730418943534
0.9582806573957017,0.34533029612756266
0.9582806573957017,0.3454876937101185
0.9582806573957017,0.3456452348381213
0.9582806573957017,0.3458029197080292
0.9570164348925411,0.3455043359196714
0.9570164348925411,0.34582000913659205
0.9570164348925411,0.3459780621572212
0.9557522123893806,0.345679012345679
0.95448798988622,0.3453796889295517
0.9494310998735778,0.34417965169569203
0.9494310998735778,0.3443374598807886
0.9494310998735778,0.3444954128440367
0.9494310998735778,0.344811753902663
0.9494310998735778,0.3449701423977951
0.9494310998735778,0.34512867647058826
0.9481668773704172,0.3448275862068966
0.9481668773704172,0.34498620055197793
0.9481668773704172,0.3451449608835711
0.9481668773704172,0.3453038674033149
0.9481668773704172,0.34546292031321973
0.9481668773704172,0.3456221198156682
0.9481668773704172,0.3457814661134163
0.9481668773704172,0.3459409594095941
0.9481668773704172,0.3462603878116344
0.9481668773704172,0.3464203233256351
0.9469026548672567,0.34611829944547134
0.9469026548672567,0.34627831715210355
0.9469026548672567,0.3464384828862165
0.9469026548672567,0.34659879685330863
0.9469026548672567,0.34675925925925927
0.9469026548672567,0.34691987031032884
0.9469026548672567,0.3470806302131603
0.9469026548672567,0.3472415391747798
0.9469026548672567,0.3474025974025974
0.9469026548672567,0.3475638051044084
0.9469026548672567,0.3482101348210135
0.9469026548672567,0.34837209302325584
0.9469026548672567,0.3485342019543974
0.9469026548672567,0.34869646182495345
0.9469026548672567,0.3490214352283318
0.9469026548672567,0.3493470149253731
0.9469026548672567,0.34951003266448905
0.9469026548672567,0.34983652498832324
0.9469026548672567,0.35
0.9469026548672567,0.3506554307116105
0.9469026548672567,0.35081967213114756
0.9469026548672567,0.35147817925856406
0.9469026548672567,0.3516431924882629
0.9469026548672567,0.35180836073273836
0.9469026548672567,0.3519736842105263
0.9469026548672567,0.3521391631405736
0.9469026548672567,0.35230479774223894
0.9469026548672567,0.3529688972667295
0.9469026548672567,0.35313531353135313
0.9469026548672567,0.3538025507794048
0.9469026548672567,0.3544723142451491
0.9469026548672567,0.3546401515151515
0.9469026548672567,0.35514461830251304
0.9469026548672567,0.3553130929791271
0.9469026548672567,0.3554817275747508
0.9469026548672567,0.35581947743467934
0.9469026548672567,0.35598859315589354
0.9469026548672567,0.3561578697099382
0.9469026548672567,0.35632730732635587
0.9469026548672567,0.35649690623512614
0.9469026548672567,0.3568365888518342
0.9469026548672567,0.3570066730219256
0.9456384323640961,0.3567000476871722
0.9456384323640961,0.3570405727923628
0.9443742098609356,0.35673352435530087
0.9443742098609356,0.3569039655996178
0.9443742098609356,0.35707456978967494
0.9443742098609356,0.35741626794258374
0.943109987357775,0.3571086644327429
0.943109987357775,0.35727969348659006
0.943109987357775,0.35745088643986583
0.943109987357775,0.3576222435282838
0.943109987357775,0.3577937649880096
0.943109987357775,0.3579654510556622
0.943109987357775,0.35813730196831495
0.943109987357775,0.35830931796349663
0.943109987357775,0.3584814992791927
0.943109987357775,0.35865384615384616
0.943109987357775,0.35934489402697495
0.943109987357775,0.3595180722891566
0.943109987357775,0.35969141755062684
0.943109987357775,0.3598649300530632
0.943109987357775,0.36003861003861004
0.943109987357775,0.3602124577498793
0.943109987357775,0.36056065732237796
0.943109987357775,0.3607350096711799
0.943109987357775,0.36090953072085147
0.943109987357775,0.3616093068347067
0.943109987357775,0.3617846750727449
0.943109987357775,0.36196021348859775
0.943109987357775,0.36213592233009706
0.943109987357775,0.3624878522837707
0.943109987357775,0.36266407389402044
0.943109987357775,0.36284046692607
0.943109987357775,0.3630170316301703
0.943109987357775,0.3631937682570594
0.943109987357775,0.36337067705796394
0.943109987357775,0.36408003904343583
0.943109987357775,0.36443575964826574
0.943109987357775,0.364613880742913
0.943109987357775,0.3649706457925636
0.9418457648546145,0.36465981399902103
0.9418457648546145,0.3650171484566389
0.9405815423514539,0.36470588235294116
0.9405815423514539,0.36488474742520843
0.9405815423514539,0.3650637880274779
0.9405815423514539,0.36524300441826213
0.9405815423514539,0.3654223968565815
0.9405815423514539,0.3656019656019656
0.9405815423514539,0.36578171091445427
0.9405815423514539,0.3659616330545991
0.9405815423514539,0.3661417322834646
0.9405815423514539,0.3663220088626292
0.9405815423514539,0.3665024630541872
0.9393173198482933,0.366190241498275
0.9393173198482933,0.36637080867850097
0.9393173198482933,0.36655155402072026
0.9393173198482933,0.36691358024691356
0.9393173198482933,0.36709486166007904
0.9393173198482933,0.36727632229362334
0.9393173198482933,0.367457962413452
0.9393173198482933,0.36763978228599703
0.9393173198482933,0.3678217821782178
0.9393173198482933,0.3680039623576028
0.9393173198482933,0.3681863230921705
0.9393173198482933,0.368368864650471
0.9393173198482933,0.3685515873015873
0.9393173198482933,0.36873449131513647
0.9393173198482933,0.3689175769612711
0.9393173198482933,0.3691008445106806
0.9393173198482933,0.36946792640477377
0.9393173198482933,0.36983573917371826
0.9393173198482933,0.3700199203187251
0.9393173198482933,0.3702042850024913
0.9393173198482933,0.37038883349950147
0.9393173198482933,0.37075848303393216
0.9393173198482933,0.3709435846230654
0.9393173198482933,0.3711288711288711
0.9393173198482933,0.3713143428285857
0.9393173198482933,0.3715
0.9393173198482933,0.37168584292146073
0.9393173198482933,0.37205808713069605
0.9393173198482933,0.3722444889779559
0.9393173198482933,0.3724310776942356
0.9380530973451328,0.3721163490471414
0.9380530973451328,0.37230306071249375
0.9380530973451328,0.37248995983935745
0.9380530973451328,0.37267704671019586
0.9380530973451328,0.37286432160804023
0.9380530973451328,0.3730517848164907
0.9380530973451328,0.3732394366197183
0.9380530973451328,0.37342727730246605
0.9367888748419722,0.3731117824773414
0.9367888748419722,0.3732997481108312
0.9367888748419722,0.37367624810892586
0.9367888748419722,0.3738647830474268
0.9367888748419722,0.3740535083291267
0.9367888748419722,0.37424242424242427
0.9367888748419722,0.37443153107630117
0.9367888748419722,0.3746208291203236
0.9367888748419722,0.375
0.9367888748419722,0.37518987341772153
0.9367888748419722,0.37537993920972645
0.9367888748419722,0.37557019766852506
0.9367888748419722,0.3757606490872211
0.9367888748419722,0.3759512937595129
0.9367888748419722,0.3761421319796954
0.9367888748419722,0.37633316404266126
0.9367888748419722,0.37652439024390244
0.9367888748419722,0.37671581087951195
0.9367888748419722,0.37709923664122136
0.9367888748419722,0.3772912423625255
0.9367888748419722,0.37748344370860926
0.9367888748419722,0.37767584097859325
0.9355246523388117,0.37735849056603776
0.9355246523388117,0.37755102040816324
0.9355246523388117,0.37793667007150156
0.9355246523388117,0.3781297904956566
0.9355246523388117,0.3783231083844581
0.9355246523388117,0.37851662404092073
0.9355246523388117,0.37871033776867963
0.9355246523388117,0.3789042498719918
0.9355246523388117,0.3790983606557377
0.9355246523388117,0.37929267042542286
0.9355246523388117,0.37948717948717947
0.9355246523388117,0.3796818881477681
0.9355246523388117,0.3798767967145791
0.9355246523388117,0.3800719054956343
0.9355246523388117,0.3802672147995889
0.9355246523388117,0.38046272493573263
0.9355246523388117,0.38065843621399176
0.9355246523388117,0.38085434894493053
0.9355246523388117,0.38105046343975285
0.9355246523388117,0.381246780010304
0.9355246523388117,0.38144329896907214
0.9355246523388117,0.3816400206291903
0.9355246523388117,0.38183694530443757
0.9355246523388117,0.3820340733092411
0.9355246523388117,0.3822314049586777
0.9355246523388117,0.38242894056847543
0.9355246523388117,0.3826266804550155
0.9355246523388117,0.3828246249353337
0.9355246523388117,0.3830227743271222
0.9355246523388117,0.3832211289487312
0.9355246523388117,0.38341968911917096
0.9355246523388117,0.383618455158113
0.9355246523388117,0.38381742738589214
0.9355246523388117,0.384016606123508
0.9355246523388117,0.3842159916926272
0.9355246523388117,0.38441558441558443
0.9355246523388117,0.38461538461538464
0.9355246523388117,0.38481539261570463
0.9355246523388117,0.3850156087408949
0.9355246523388117,0.3858185610010427
0.9355246523388117,0.38601982263954093
0.9355246523388117,0.3862212943632568
0.9355246523388117,0.38642297650130547
0.9355246523388117,0.38662486938349006
0.9355246523388117,0.3868269733403032
0.9355246523388117,0.38702928870292885
0.9355246523388117,0.3872318158032444
0.9355246523388117,0.387434554973822
0.9355246523388117,0.38763750654793083
0.9355246523388117,0.38784067085953877
0.9355246523388117,0.3880440482433141
0.9355246523388117,0.3882476390346275
0.9355246523388117,0.3884514435695538
0.9355246523388117,0.38865546218487396
0.9355246523388117,0.38885969521807673
0.9355246523388117,0.3890641430073607
0.9355246523388117,0.389268805891636
0.9355246523388117,0.3894736842105263
0.9355246523388117,0.3896787783043707
0.9355246523388117,0.3898840885142255
0.9355246523388117,0.3900896151818661
0.9355246523388117,0.39029535864978904
0.9355246523388117,0.3907074973600845
0.9355246523388117,0.39091389329107235
0.9355246523388117,0.39112050739957716
0.9355246523388117,0.39132734003172925
0.9355246523388117,0.3915343915343915
0.9355246523388117,0.39174166225516144
0.9355246523388117,0.39215686274509803
0.9355246523388117,0.39236479321314954
0.9355246523388117,0.3925729442970822
0.9355246523388117,0.39278131634819535
0.9355246523388117,0.39298990971853426
0.9355246523388117,0.3934077618288145
0.9355246523388117,0.39361702127659576
0.9355246523388117,0.3938265034592869
0.9355246523388117,0.39424613745338305
0.9355246523388117,0.39445628997867804
0.9355246523388117,0.39466666666666667
0.9355246523388117,0.39487726787620064
0.9355246523388117,0.39508809396689804
0.9355246523388117,0.3952991452991453
0.9355246523388117,0.39551042223409943
0.9355246523388117,0.39572192513368987
0.9355246523388117,0.39593365436062067
0.9355246523388117,0.3961456102783726
0.9355246523388117,0.3963577932512051
0.9355246523388117,0.3965702036441586
0.9355246523388117,0.3969957081545064
0.9355246523388117,0.39720880300590444
0.9355246523388117,0.39742212674543503
0.9355246523388117,0.39763567974207414
0.9355246523388117,0.3978494623655914
0.9355246523388117,0.3980634749865519
0.9355246523388117,0.3982777179763186
0.9355246523388117,0.3984921917070544
0.9355246523388117,0.39870689655172414
0.9355246523388117,0.39913700107874867
0.9355246523388117,0.39935240151106316
0.9355246523388117,0.39956803455723544
0.9355246523388117,0.3997839005942734
0.9355246523388117,0.4002163331530557
0.9355246523388117,0.40064970221981594
0.9355246523388117,0.4041507373020208
0.9355246523388117,0.40437158469945356
0.9355246523388117,0.40459267359212686
0.9355246523388117,0.4048140043763676
0.9355246523388117,0.4050355774493706
0.9355246523388117,0.40525739320920046
0.9355246523388117,0.4054794520547945
0.9355246523388117,0.4057017543859649
0.9355246523388117,0.405924300603401
0.9355246523388117,0.4065934065934066
0.9355246523388117,0.4068169323804288
0.9355246523388117,0.40704070407040704
0.9355246523388117,0.40726472206934505
0.9355246523388117,0.40748898678414097
0.9355246523388117,0.40771349862258954
0.9355246523388117,0.4079382579933848
0.9355246523388117,0.40816326530612246
0.9355246523388117,0.4083885209713024
0.9355246523388117,0.4086140254003313
0.9355246523388117,0.4088397790055249
0.9355246523388117,0.4090657822001106
0.934260429835651,0.40873893805309736
0.934260429835651,0.40919158361018826
0.934260429835651,0.40941828254847645
0.934260429835651,0.40964523281596454
0.934260429835651,0.4098724348308375
0.934260429835651,0.4100998890122087
0.934260429835651,0.4103275957801222
0.9329962073324906,0.41
0.9329962073324906,0.4102279043913285
0.9329962073324906,0.41045606229143494
0.9329962073324906,0.41068447412353926
0.9329962073324906,0.410913140311804
0.9329962073324906,0.41114206128133707
0.9329962073324906,0.411371237458194
0.9329962073324906,0.41160066926938094
0.9329962073324906,0.41183035714285715
0.9329962073324906,0.4120603015075377
0.9329962073324906,0.4122905027932961
0.9329962073324906,0.412520961430967
0.9329962073324906,0.412751677852349
0.9329962073324906,0.41298265249020705
0.9329962073324906,0.4132138857782755
0.9329962073324906,0.4134453781512605
0.9329962073324906,0.413677130044843
0.9329962073324906,0.41390914189568145
0.9329962073324906,0.41414141414141414
0.9329962073324906,0.41437394722066256
0.9329962073324906,0.41460674157303373
0.9329962073324906,0.4148397976391231
0.9329962073324906,0.4150731158605174
0.9329962073324906,0.4153066966797974
0.9329962073324906,0.41577464788732393
0.9329962073324906,0.4160090191657272
0.9329962073324906,0.41624365482233505
0.9329962073324906,0.4164785553047404
0.9329962073324906,0.41671372106154714
0.9329962073324906,0.41694915254237286
0.9329962073324906,0.4171848501978519
0.9329962073324906,0.417420814479638
0.9329962073324906,0.41765704584040747
0.9329962073324906,0.4178935447338618
0.9329962073324906,0.41836734693877553
0.9329962073324906,0.4186046511627907
0.9329962073324906,0.4190800681431005
0.9329962073324906,0.4193181818181818
0.9329962073324906,0.41955656623081294
0.9329962073324906,0.4197952218430034
0.9329962073324906,0.42003414911781445
0.9329962073324906,0.4202733485193622
0.9329962073324906,0.4205128205128205
0.9329962073324906,0.4207525655644242
0.9329962073324906,0.4209925841414718
0.9329962073324906,0.4212328767123288
0.9329962073324906,0.4214734437464306
0.9329962073324906,0.4217142857142857
0.9329962073324906,0.4219554030874786
0.9329962073324906,0.42219679633867274
0.9329962073324906,0.4224384659416142
0.9329962073324906,0.422680412371134
0.9329962073324906,0.42292263610315184
0.9329962073324906,0.4231651376146789
0.9329962073324906,0.423407917383821
0.9329962073324906,0.42365097588978184
0.9329962073324906,0.4241379310344828
0.9329962073324906,0.4243818286371478
0.93173198482933,0.4240506329113924
0.93173198482933,0.42429476108232583
0.93173198482933,0.42478386167146975
0.93173198482933,0.4252740911713791
0.93173198482933,0.42576545349508954
0.93173198482933,0.4260115606936416
0.9304677623261695,0.4256795835743204
0.9304677623261695,0.42592592592592593
0.9304677623261695,0.4261725535610886
0.9304677623261695,0.4264194669756663
0.9304677623261695,0.4266666666666667
0.9304677623261695,0.42691415313225056
0.9304677623261695,0.4271619268717353
0.9304677623261695,0.4274099883855981
0.9304677623261695,0.4276583381754794
0.9304677623261695,0.42790697674418604
0.9304677623261695,0.42840512223515714
0.9304677623261695,0.42865463016889926
0.9304677623261695,0.4289044289044289
0.9304677623261695,0.4291545189504373
0.9304677623261695,0.4294049008168028
0.9304677623261695,0.4296555750145943
0.9304677623261695,0.42990654205607476
0.9304677623261695,0.43015780245470486
0.9304677623261695,0.4304093567251462
0.9304677623261695,0.4306612053832651
0.9304677623261695,0.4309133489461358
0.9304677623261695,0.4311657879320445
0.9304677623261695,0.43141852286049237
0.9304677623261695,0.43167155425219944
0.9304677623261695,0.431924882629108
0.9304677623261695,0.4321785085143864
0.9304677623261695,0.43243243243243246
0.9304677623261695,0.43268665490887714
0.9304677623261695,0.4329411764705882
0.9304677623261695,0.4331959976456739
0.9304677623261695,0.4337065409546258
0.9304677623261695,0.4342182890855457
0.9304677623261695,0.4344746162927981
0.9292035398230089,0.4341405788541051
0.9292035398230089,0.43439716312056736
0.9292035398230089,0.43465405085748077
0.9292035398230089,0.4349112426035503
0.9292035398230089,0.4351687388987567
0.9292035398230089,0.4354265402843602
0.9292035398230089,0.43568464730290457
0.9292035398230089,0.4359430604982206
0.9292035398230089,0.4362017804154303
0.9292035398230089,0.43646080760095013
0.9292035398230089,0.43672014260249553
0.9292035398230089,0.43697978596908443
0.9292035398230089,0.43723973825104107
0.9292035398230089,0.4375
0.9292035398230089,0.4377605717689101
0.9292035398230089,0.43802145411203813
0.9292035398230089,0.43828264758497315
0.9292035398230089,0.43854415274463004
0.9292035398230089,0.4388059701492537
0.9292035398230089,0.4390681003584229
0.9292035398230089,0.4393305439330544
0.9292035398230089,0.4403834631515878
0.9292035398230089,0.44064748201438847
0.9292035398230089,0.4409118176364727
0.9292035398230089,0.4411764705882353
0.9292035398230089,0.44144144144144143
0.9292035398230089,0.4417067307692308
0.9292035398230089,0.44197233914612144
0.9292035398230089,0.44223826714801445
0.9292035398230089,0.4425045153521975
0.9292035398230089,0.4427710843373494
0.9292035398230089,0.4430379746835443
0.9292035398230089,0.44330518697225574
0.9292035398230089,0.44357272178636087
0.9292035398230089,0.4438405797101449
0.9292035398230089,0.44410876132930516
0.9292035398230089,0.4443772672309553
0.9292035398230089,0.44464609800362975
0.9292035398230089,0.4449152542372881
0.9292035398230089,0.44545454545454544
0.9292035398230089,0.44572468162522744
0.9292035398230089,0.44599514563106796
0.9292035398230089,0.44626593806921677
0.9292035398230089,0.4465370595382746
0.9292035398230089,0.44680851063829785
0.9292035398230089,0.4470802919708029
0.9279393173198482,0.44674376141205113
0.9279393173198482,0.4470158343483557
0.9279393173198482,0.4472882388787325
0.9279393173198482,0.4475609756097561
0.9279393173198482,0.4478340451494814
0.9279393173198482,0.4481074481074481
0.9279393173198482,0.4483811850946854
0.9279393173198482,0.44865525672371637
0.9279393173198482,0.4489296636085627
0.9279393173198482,0.44920440636474906
0.9279393173198482,0.449479485609308
0.9279393173198482,0.4497549019607843
0.9279393173198482,0.45003065603923975
0.9279393173198482,0.4503067484662577
0.9279393173198482,0.45058317986494784
0.9279393173198482,0.45085995085995084
0.9279393173198482,0.45113706207744314
0.9279393173198482,0.45141451414514144
0.9279393173198482,0.45169230769230767
0.9279393173198482,0.45197044334975367
0.9279393173198482,0.452248921749846
0.9279393173198482,0.4525277435265105
0.9279393173198482,0.4528069093152375
0.9279393173198482,0.45308641975308644
0.9279393173198482,0.4533662754786906
0.9279393173198482,0.453646477132262
0.9279393173198482,0.45392702535559676
0.9279393173198482,0.4542079207920792
0.9266750948166877,0.4538699690402477
0.9266750948166877,0.4541511771995043
0.9266750948166877,0.45443273403595785
0.9266750948166877,0.45471464019851116
0.9266750948166877,0.4549968963376785
0.9266750948166877,0.45527950310559007
0.9266750948166877,0.4555624611559975
0.9266750948166877,0.4558457711442786
0.9266750948166877,0.4561294337274424
0.9266750948166877,0.4564134495641345
0.9266750948166877,0.45669781931464176
0.9266750948166877,0.45698254364089774
0.9266750948166877,0.45726762320648784
0.9266750948166877,0.4575530586766542
0.9266750948166877,0.45783885071830105
0.9266750948166877,0.458125
0.9266750948166877,0.45841150719199497
0.9266750948166877,0.45869837296620775
0.9266750948166877,0.45898559799624294
0.9266750948166877,0.4592731829573935
0.9266750948166877,0.45956112852664577
0.9266750948166877,0.4598494353826851
0.9266750948166877,0.4601381042059008
0.9266750948166877,0.46042713567839194
0.9266750948166877,0.4607165304839723
0.9254108723135271,0.46037735849056605
0.9254108723135271,0.460667086217747
0.9254108723135271,0.4609571788413098
0.9254108723135271,0.4612476370510397
0.9254108723135271,0.46153846153846156
0.9254108723135271,0.4618296529968454
0.9254108723135271,0.4621212121212121
0.9254108723135271,0.4624131396083386
0.9254108723135271,0.46270543615676357
0.9254108723135271,0.4629981024667932
0.9254108723135271,0.46329113924050636
0.9254108723135271,0.4635845471817606
0.9254108723135271,0.46387832699619774
0.9254108723135271,0.4641724793912492
0.9254108723135271,0.46446700507614214
0.9254108723135271,0.46476190476190476
0.9254108723135271,0.4650571791613723
0.9254108723135271,0.4653528289891926
0.9254108723135271,0.46564885496183206
0.9254108723135271,0.46594525779758117
0.9254108723135271,0.4662420382165605
0.9254108723135271,0.4665391969407266
0.9254108723135271,0.46683673469387754
0.9254108723135271,0.46713465220165923
0.9254108723135271,0.4674329501915709
0.9254108723135271,0.4680306905370844
0.9254108723135271,0.46833013435700577
0.922882427307206,0.4676489429852659
0.922882427307206,0.46794871794871795
0.922882427307206,0.46824887748556765
0.922882427307206,0.4685494223363286
0.922882427307206,0.4691516709511568
0.922882427307206,0.4697554697554698
0.922882427307206,0.47005795235028974
0.922882427307206,0.47036082474226804
0.922882427307206,0.4706640876853643
0.922882427307206,0.47096774193548385
0.9216182048040455,0.47062621045836023
0.9190897597977244,0.46994182288299935
0.9190897597977244,0.4702457956015524
0.9190897597977244,0.47055016181229775
0.9190897597977244,0.47085492227979275
0.9190897597977244,0.4714656290531777
0.9190897597977244,0.4717715768981181
0.9190897597977244,0.4720779220779221
0.9190897597977244,0.4723846653671215
0.9190897597977244,0.4726918075422627
0.9190897597977244,0.4733072916666667
0.9190897597977244,0.47392438070404175
0.9190897597977244,0.47423352902804955
0.9190897597977244,0.4745430809399478
0.9190897597977244,0.47485303723056826
0.9190897597977244,0.47516339869281043
0.9190897597977244,0.4754741661216481
0.9190897597977244,0.4757853403141361
0.9190897597977244,0.47609692206941717
0.9190897597977244,0.4764089121887287
0.9190897597977244,0.47672131147540986
0.9190897597977244,0.47703412073490814
0.9190897597977244,0.47734734077478663
0.9190897597977244,0.4776609724047306
0.9190897597977244,0.4779750164365549
0.9190897597977244,0.47828947368421054
0.9190897597977244,0.47860434496379195
0.9190897597977244,0.47891963109354413
0.9190897597977244,0.4792353328938695
0.9190897597977244,0.4795514511873351
0.9190897597977244,0.47986798679867987
0.9190897597977244,0.48018494055482164
0.9190897597977244,0.4808201058201058
0.9190897597977244,0.4811383189940437
0.9190897597977244,0.4814569536423841
0.9190897597977244,0.48177601060304837
0.9152970922882427,0.4807436918990704
0.9152970922882427,0.48106312292358805
0.9152970922882427,0.48138297872340424
0.9152970922882427,0.48170326014637393
0.9152970922882427,0.48202396804260983
0.9152970922882427,0.4826666666666667
0.9152970922882427,0.4833110814419226
0.9152970922882427,0.4839572192513369
0.9152970922882427,0.4842809364548495
0.9152970922882427,0.48460508701472554
0.9152970922882427,0.48492967180174146
0.9152970922882427,0.48525469168900803
0.9152970922882427,0.48558014755197854
0.9152970922882427,0.48590604026845635
0.9152970922882427,0.4862323707186031
0.9140328697850821,0.48588709677419356
0.9140328697850821,0.48654104979811574
0.9140328697850821,0.4868686868686869
0.9140328697850821,0.4871967654986523
0.9140328697850821,0.4875252865812542
0.9140328697850821,0.48785425101214575
0.911504424778761,0.4871621621621622
0.911504424778761,0.4874915483434753
0.911504424778761,0.4878213802435724
0.911504424778761,0.4881516587677725
0.9089759797724399,0.48745762711864404
0.9089759797724399,0.48778833107191316
0.9089759797724399,0.4881194840461643
0.9089759797724399,0.48845108695652173
0.9089759797724399,0.48878314072059825
0.9089759797724399,0.4891156462585034
0.9089759797724399,0.48944860449285227
0.9089759797724399,0.48978201634877383
0.9089759797724399,0.49011588275391954
0.9089759797724399,0.49045020463847205
0.9089759797724399,0.4907849829351536
0.9089759797724399,0.491120218579235
0.9089759797724399,0.4914559125085441
0.9089759797724399,0.49179206566347466
0.9089759797724399,0.4921286789869952
0.9089759797724399,0.49246575342465754
0.9089759797724399,0.49280328992460587
0.9089759797724399,0.4941580756013746
0.9089759797724399,0.49449793672627235
0.9089759797724399,0.49483826565726086
0.9089759797724399,0.4951790633608815
0.9089759797724399,0.49552033080634045
0.9089759797724399,0.49586206896551727
0.9089759797724399,0.49620427881297446
0.9089759797724399,0.4965469613259669
0.9089759797724399,0.4968901174844506
0.9089759797724399,0.4972337482710927
0.9089759797724399,0.4975778546712803
0.9089759797724399,0.4979224376731302
0.9089759797724399,0.4982674982674983
0.9089759797724399,0.4986130374479889
0.9089759797724399,0.4989590562109646
0.9089759797724399,0.49930555555555556
0.9089759797724399,0.4996525364836692
0.9089759797724399,0.5
0.9089759797724399,0.500347947112039
0.9089759797724399,0.5006963788300836
0.9089759797724399,0.5010452961672474
0.9089759797724399,0.50139470013947
0.9089759797724399,0.5017445917655269
0.9089759797724399,0.5020949720670391
0.9089759797724399,0.5024458420684835
0.9089759797724399,0.5027972027972027
0.9089759797724399,0.503149055283415
0.9089759797724399,0.5035014005602241
0.9089759797724399,0.50385423966363
0.9089759797724399,0.5042075736325385
0.9089759797724399,0.5045614035087719
0.9089759797724399,0.5049157303370787
0.9089759797724399,0.5052705551651441
0.9089759797724399,0.5056258790436006
0.9089759797724399,0.5063380281690141
0.9089759797724399,0.5066948555320648
0.9089759797724399,0.5070521861777151
0.9089759797724399,0.507410021171489
0.9089759797724399,0.507768361581921
0.9089759797724399,0.5081272084805654
0.9089759797724399,0.5084865629420084
0.9089759797724399,0.5088464260438783
0.9089759797724399,0.5092067988668555
0.9089759797724399,0.5095676824946846
0.9089759797724399,0.5099290780141844
0.9089759797724399,0.5102909865152591
0.9077117572692794,0.5099431818181818
0.9077117572692794,0.5103056147832267
0.9077117572692794,0.5106685633001422
0.9077117572692794,0.5110320284697509
0.9077117572692794,0.5113960113960114
0.9077117572692794,0.5117605131860299
0.9077117572692794,0.5121255349500713
0.9077117572692794,0.5124910778015703
0.9077117572692794,0.5128571428571429
0.9077117572692794,0.5132237312365976
0.9077117572692794,0.5135908440629471
0.9077117572692794,0.5139584824624195
0.9077117572692794,0.5146953405017921
0.9077117572692794,0.5150645624103299
0.9077117572692794,0.5154343144292893
0.9077117572692794,0.5158045977011494
0.9077117572692794,0.516546762589928
0.9077117572692794,0.5169186465082793
0.9077117572692794,0.5172910662824207
0.9077117572692794,0.517664023071377
0.9077117572692794,0.5180375180375181
0.9064475347661188,0.5176895306859206
0.9064475347661188,0.5180635838150289
0.9064475347661188,0.5184381778741866
0.9064475347661188,0.5188133140376266
0.9064475347661188,0.5191889934829833
0.9064475347661188,0.5195652173913043
0.9064475347661188,0.5199419869470631
0.9064475347661188,0.5206971677559913
0.9064475347661188,0.5210755813953488
0.9051833122629582,0.5207272727272727
0.9051833122629582,0.5211062590975255
0.9051833122629582,0.5214857975236707
0.9051833122629582,0.521865889212828
0.9051833122629582,0.5222465353756383
0.9051833122629582,0.5226277372262774
0.9051833122629582,0.5230094959824689
0.9051833122629582,0.5233918128654971
0.9051833122629582,0.5237746891002194
0.9051833122629582,0.5241581259150805
0.9051833122629582,0.5245421245421246
0.9051833122629582,0.5249266862170088
0.9051833122629582,0.5253118121790169
0.9051833122629582,0.5256975036710719
0.9051833122629582,0.5260837619397501
0.9051833122629582,0.5264705882352941
0.9051833122629582,0.5272459499263623
0.9051833122629582,0.5276344878408253
0.9051833122629582,0.528023598820059
0.9051833122629582,0.5284132841328413
0.9051833122629582,0.5288035450516987
0.9051833122629582,0.5291943828529194
0.9051833122629582,0.5295857988165681
0.9051833122629582,0.5303703703703704
0.9051833122629582,0.530763528539659
0.9051833122629582,0.5311572700296736
0.9051833122629582,0.5315515961395694
0.9051833122629582,0.5323420074349442
0.9051833122629582,0.5327380952380952
0.9051833122629582,0.5331347728965004
0.9051833122629582,0.533532041728763
0.9051833122629582,0.5339299030574198
0.9039190897597977,0.5335820895522388
0.9039190897597977,0.5339805825242718
0.9039190897597977,0.5343796711509716
0.9039190897597977,0.5347793567688855
0.9039190897597977,0.5351796407185628
0.9039190897597977,0.5355805243445693
0.9039190897597977,0.5359820089955023
0.9039190897597977,0.536384096024006
0.9039190897597977,0.5367867867867868
0.9039190897597977,0.5371900826446281
0.9039190897597977,0.5375939849624061
0.9039190897597977,0.5379984951091046
0.9039190897597977,0.5384036144578314
0.9039190897597977,0.5388093443858327
0.9039190897597977,0.5392156862745098
0.9039190897597977,0.539622641509434
0.9039190897597977,0.5400302114803626
0.9039190897597977,0.5404383975812547
0.9026548672566371,0.540090771558245
0.9026548672566371,0.5404996214988645
0.9026548672566371,0.5409090909090909
0.8988621997471555,0.5398633257403189
0.8963337547408344,0.5391634980988593
0.8950695322376738,0.5388127853881278
0.8950695322376738,0.5392231530845393
0.8950695322376738,0.5396341463414634
0.8950695322376738,0.540045766590389
0.8950695322376738,0.5404580152671755
0.8950695322376738,0.5408708938120703
0.8950695322376738,0.5412844036697247
0.8950695322376738,0.541698546289212
0.8950695322376738,0.5421133231240429
0.8950695322376738,0.542528735632184
0.8950695322376738,0.5429447852760736
0.8950695322376738,0.5433614735226401
0.8950695322376738,0.543778801843318
0.8950695322376738,0.5441967717140661
0.8950695322376738,0.5446153846153846
0.8950695322376738,0.5450346420323325
0.8950695322376738,0.5454545454545454
0.8950695322376738,0.5458750963762529
0.8950695322376738,0.5462962962962963
0.8950695322376738,0.5467181467181467
0.8950695322376738,0.5471406491499228
0.8938053097345132,0.5467904098994586
0.8938053097345132,0.5472136222910217
0.8938053097345132,0.5476374903175832
0.8938053097345132,0.548062015503876
0.8938053097345132,0.5484871993793639
0.8938053097345132,0.5489130434782609
0.8925410872313527,0.5485625485625486
0.8925410872313527,0.5489891135303266
0.8925410872313527,0.5494163424124514
0.8925410872313527,0.5498442367601246
0.8925410872313527,0.5502727981293842
0.8925410872313527,0.5507020280811232
0.8912768647281921,0.550351288056206
0.8912768647281921,0.55078125
0.8912768647281921,0.5512118842845973
0.8912768647281921,0.5516431924882629
0.8912768647281921,0.5520751761942052
0.8912768647281921,0.5525078369905956
0.8912768647281921,0.5533751962323391
0.8912768647281921,0.5538098978790259
0.8912768647281921,0.5542452830188679
0.8900126422250316,0.5538945712037766
0.8900126422250316,0.5543307086614173
0.8900126422250316,0.5547675334909378
0.8900126422250316,0.555205047318612
0.8900126422250316,0.5556432517758485
0.8900126422250316,0.5560821484992101
0.8900126422250316,0.5565217391304348
0.8900126422250316,0.5569620253164557
0.8900126422250316,0.557403008709422
0.8900126422250316,0.5578446909667195
0.8900126422250316,0.5582870737509913
0.8900126422250316,0.5587301587301587
0.8900126422250316,0.5591739475774424
0.8900126422250316,0.5600636435958631
0.8900126422250316,0.5605095541401274
0.8900126422250316,0.5609561752988048
0.8900126422250316,0.5618515562649641
0.888748419721871,0.5615015974440895
0.888748419721871,0.5619504396482814
0.888748419721871,0.5624
0.888748419721871,0.5628502802241794
0.888748419721871,0.563301282051282
0.888748419721871,0.565112540192926
0.888748419721871,0.5669354838709677
0.888748419721871,0.5673930589184827
0.888748419721871,0.5678513731825525
0.888748419721871,0.5683104284559418
0.888748419721871,0.5687702265372169
0.888748419721871,0.5692307692307692
0.888748419721871,0.5696920583468396
0.888748419721871,0.570154095701541
0.888748419721871,0.5706168831168831
0.888748419721871,0.5710804224207962
0.888748419721871,0.5715447154471545
0.888748419721871,0.5720097640358015
0.888748419721871,0.5724755700325733
0.888748419721871,0.5729421352893236
0.888748419721871,0.5734094616639478
0.888748419721871,0.5738775510204082
0.888748419721871,0.5743464052287581
0.888748419721871,0.5748160261651676
0.888748419721871,0.5752864157119476
0.888748419721871,0.5757575757575758
0.888748419721871,0.5762295081967214
0.888748419721871,0.5767022149302707
0.888748419721871,0.577175697865353
0.888748419721871,0.5776499589153656
0.888748419721871,0.578125
0.888748419721871,0.5786008230452675
0.888748419721871,0.5790774299835255
0.888748419721871,0.5795548227535037
0.888748419721871,0.58003300330033
0.888748419721871,0.5805119735755574
0.888748419721871,0.5809917355371901
0.888748419721871,0.5814722911497106
0.888748419721871,0.581953642384106
0.888748419721871,0.5824357912178956
0.888748419721871,0.5829187396351575
0.888748419721871,0.583402489626556
0.888748419721871,0.5838870431893688
0.888748419721871,0.5843724023275145
0.888748419721871,0.5848585690515807
0.888748419721871,0.585345545378851
0.888748419721871,0.5858333333333333
0.888748419721871,0.5863219349457881
0.888748419721871,0.5868113522537562
0.888748419721871,0.5873015873015873
0.888748419721871,0.5877926421404682
0.888748419721871,0.5882845188284519
0.888748419721871,0.5887772194304858
0.888748419721871,0.5892707460184409
0.888748419721871,0.589765100671141
0.888748419721871,0.5902602854743912
0.888748419721871,0.5907563025210084
0.888748419721871,0.5912531539108494
0.888748419721871,0.5917508417508418
0.888748419721871,0.5922493681550126
0.888748419721871,0.5927487352445194
0.888748419721871,0.5932489451476793
0.888748419721871,0.59375
0.888748419721871,0.5942519019442096
0.888748419721871,0.5947546531302876
0.888748419721871,0.5952582557154953
0.888748419721871,0.5957627118644068
0.888748419721871,0.5962680237489398
0.888748419721871,0.5967741935483871
0.888748419721871,0.5972812234494478
0.888748419721871,0.5977891156462585
0.888748419721871,0.5982978723404255
0.888748419721871,0.5988074957410562
0.888748419721871,0.5993179880647911
0.888748419721871,0.5998293515358362
0.888748419721871,0.6003415883859948
0.888748419721871,0.6008547008547008
0.888748419721871,0.6013686911890505
0.888748419721871,0.6018835616438356
0.888748419721871,0.6023993144815767
0.888748419721871,0.6029159519725558
0.888748419721871,0.6034334763948498
0.888748419721871,0.6039518900343642
0.888748419721871,0.6044711951848667
0.888748419721871,0.6049913941480206
0.888748419721871,0.6055124892334195
0.888748419721871,0.6060344827586207
0.888748419721871,0.6065573770491803
0.888748419721871,0.6070811744386874
0.888748419721871,0.6076058772687987
0.888748419721871,0.6081314878892734
0.888748419721871,0.6086580086580087
0.888748419721871,0.6091854419410745
0.888748419721871,0.6097137901127494
0.888748419721871,0.6102430555555556
0.888748419721871,0.6107732406602954
0.888748419721871,0.611304347826087
0.888748419721871,0.6118363794604004
0.888748419721871,0.6123693379790941
0.888748419721871,0.6129032258064516
0.888748419721871,0.6134380453752182
0.888748419721871,0.6139737991266375
0.888748419721871,0.6145104895104895
0.888748419721871,0.6150481189851269
0.888748419721871,0.6155866900175131
0.888748419721871,0.6161262050832603
0.888748419721871,0.6166666666666667
0.888748419721871,0.617208077260755
0.888748419721871,0.6177504393673111
0.8874841972187105,0.6174142480211082
0.8874841972187105,0.6179577464788732
0.8874841972187105,0.6185022026431718
0.8874841972187105,0.6190476190476191
0.8874841972187105,0.6195939982347749
0.8874841972187105,0.6201413427561837
0.8874841972187105,0.6206896551724138
0.8874841972187105,0.6212389380530974
0.8874841972187105,0.6217891939769707
0.8874841972187105,0.6223404255319149
0.8874841972187105,0.6228926353149956
0.8874841972187105,0.6234458259325044
0.8874841972187105,0.624
0.8874841972187105,0.6245551601423488
0.8874841972187105,0.6251113089937667
0.8874841972187105,0.6256684491978609
0.8874841972187105,0.6262265834076717
0.8874841972187105,0.6267857142857143
0.8874841972187105,0.6273458445040214
0.8874841972187105,0.627906976744186
0.8874841972187105,0.6284691136974038
0.8874841972187105,0.6290322580645161
0.8874841972187105,0.6295964125560538
0.8874841972187105,0.63016157989228
0.8874841972187105,0.6307277628032345
0.8874841972187105,0.6312949640287769
0.8874841972187105,0.6318631863186318
0.8874841972187105,0.6324324324324324
0.8874841972187105,0.6330027051397655
0.8874841972187105,0.6335740072202166
0.8874841972187105,0.6341463414634146
0.8874841972187105,0.6347197106690777
0.8874841972187105,0.6352941176470588
0.8874841972187105,0.6358695652173914
0.8874841972187105,0.6364460562103355
0.8874841972187105,0.6370235934664247
0.8874841972187105,0.6376021798365122
0.8874841972187105,0.6381818181818182
0.8874841972187105,0.6387625113739763
0.8874841972187105,0.639344262295082
0.8874841972187105,0.6399270738377393
0.8874841972187105,0.6405109489051095
0.8874841972187105,0.6410958904109589
0.8874841972187105,0.6416819012797075
0.8874841972187105,0.6422689844464776
0.8874841972187105,0.6428571428571429
0.8874841972187105,0.6434463794683777
0.8874841972187105,0.6440366972477064
0.8874841972187105,0.6446280991735537
0.8874841972187105,0.6452205882352942
0.8874841972187105,0.6458141674333027
0.8874841972187105,0.6464088397790055
0.8874841972187105,0.6470046082949309
0.8874841972187105,0.6476014760147601
0.8874841972187105,0.6481994459833795
0.8874841972187105,0.6487985212569316
0.8874841972187105,0.6493987049028677
0.8874841972187105,0.65
0.8874841972187105,0.6506024096385542
0.8874841972187105,0.6512059369202227
0.8874841972187105,0.6518105849582173
0.8874841972187105,0.6524163568773235
0.8874841972187105,0.6530232558139535
0.8862199747155499,0.6527001862197392
0.8862199747155499,0.6533084808946877
0.8862199747155499,0.6539179104477612
0.8862199747155499,0.6545284780578898
0.8862199747155499,0.6551401869158878
0.8862199747155499,0.6557530402245089
0.8862199747155499,0.6563670411985019
0.8862199747155499,0.6569821930646673
0.8862199747155499,0.6575984990619137
0.8862199747155499,0.6582159624413145
0.8862199747155499,0.6588345864661654
0.8862199747155499,0.6594543744120414
0.8862199747155499,0.660075329566855
0.8862199747155499,0.6606974552309143
0.8862199747155499,0.6613207547169812
0.8862199747155499,0.6619452313503305
0.8862199747155499,0.6625708884688091
0.8862199747155499,0.663197729422895
0.8862199747155499,0.6638257575757576
0.8862199747155499,0.6644549763033175
0.8862199747155499,0.6650853889943074
0.8862199747155499,0.6657169990503324
0.8862199747155499,0.6663498098859315
0.8862199747155499,0.6669838249286394
0.8862199747155499,0.6676190476190477
0.8862199747155499,0.6682554814108675
0.8862199747155499,0.6688931297709924
0.8862199747155499,0.6695319961795606
0.8849557522123894,0.6692160611854685
0.8849557522123894,0.6698564593301436
0.8849557522123894,0.6704980842911877
0.8849557522123894,0.6711409395973155
0.8849557522123894,0.6717850287907869
0.8849557522123894,0.6724303554274735
0.8849557522123894,0.6730769230769231
0.8849557522123894,0.6737247353224254
0.8849557522123894,0.674373795761079
0.8849557522123894,0.6750241080038573
0.8836915297092288,0.6747104247104247
0.8836915297092288,0.6753623188405797
0.8836915297092288,0.6760154738878144
0.8824273072060683,0.675701839303001
0.8824273072060683,0.6763565891472868
0.8824273072060683,0.6770126091173618
0.8824273072060683,0.6776699029126214
0.8824273072060683,0.6783284742468416
0.8824273072060683,0.6789883268482491
0.8824273072060683,0.6796494644595911
0.8824273072060683,0.6803118908382066
0.8824273072060683,0.6809756097560976
0.8811630847029077,0.6806640625
0.8811630847029077,0.6813294232649071
0.8811630847029077,0.6819960861056752
0.8811630847029077,0.682664054848188
0.8811630847029077,0.6833333333333333
0.8811630847029077,0.6840039254170756
0.8811630847029077,0.6846758349705304
0.8811630847029077,0.6853490658800393
0.8798988621997471,0.6850393700787402
0.8798988621997471,0.6857142857142857
0.8798988621997471,0.6863905325443787
0.8798988621997471,0.6870681145113524
0.8798988621997471,0.6877470355731226
0.8786346396965866,0.6874381800197824
0.8786346396965866,0.6881188118811881
0.877370417193426,0.6878097125867195
0.877370417193426,0.6884920634920635
0.877370417193426,0.689175769612711
0.877370417193426,0.6898608349900597
0.877370417193426,0.690547263681592
0.877370417193426,0.6912350597609562
0.877370417193426,0.6919242273180458
0.877370417193426,0.6926147704590818
0.877370417193426,0.6933066933066933
0.877370417193426,0.694
0.877370417193426,0.6946946946946947
0.877370417193426,0.6953907815631263
0.877370417193426,0.6960882647943831
0.877370417193426,0.6967871485943775
0.877370417193426,0.6974874371859296
0.877370417193426,0.6981891348088531
0.877370417193426,0.6988922457200403
0.877370417193426,0.6995967741935484
0.877370417193426,0.7003027245206862
0.877370417193426,0.701010101010101
0.877370417193426,0.7017189079878665
0.877370417193426,0.7024291497975709
0.877370417193426,0.7031408308004052
0.877370417193426,0.7038539553752535
0.877370417193426,0.7045685279187818
0.877370417193426,0.7052845528455285
0.877370417193426,0.7060020345879959
0.877370417193426,0.7067209775967414
0.877370417193426,0.7074413863404689
0.877370417193426,0.7081632653061225
0.877370417193426,0.7088866189989785
0.877370417193426,0.7096114519427403
0.877370417193426,0.7103377686796315
0.877370417193426,0.7110655737704918
0.877370417193426,0.7117948717948718
0.877370417193426,0.7125256673511293
0.877370417193426,0.7132579650565262
0.877370417193426,0.7139917695473251
0.877370417193426,0.7154639175257732
0.877370417193426,0.7162022703818369
0.877370417193426,0.7169421487603306
0.877370417193426,0.717683557394002
0.877370417193426,0.7184265010351967
0.877370417193426,0.7191709844559585
0.877370417193426,0.7199170124481328
0.877370417193426,0.7206645898234684
0.877370417193426,0.7214137214137214
0.877370417193426,0.7221644120707597
0.877370417193426,0.7229166666666667
0.877370417193426,0.7236704900938478
0.877370417193426,0.7244258872651357
0.877370417193426,0.7251828631138976
0.877370417193426,0.7259414225941423
0.877370417193426,0.7267015706806282
0.8761061946902655,0.7264150943396226
0.8761061946902655,0.727177334732424
0.8761061946902655,0.7279411764705882
0.8761061946902655,0.7287066246056783
0.8761061946902655,0.7294736842105263
0.8761061946902655,0.7302423603793466
0.8761061946902655,0.7310126582278481
0.8761061946902655,0.7317845828933475
0.8761061946902655,0.7325581395348837
0.8761061946902655,0.7333333333333333
0.8748419721871049,0.7330508474576272
0.8748419721871049,0.7338282078472959
0.8748419721871049,0.7346072186836518
0.8748419721871049,0.7353878852284803
0.8748419721871049,0.7361702127659574
0.8748419721871049,0.7369542066027689
0.8735777496839444,0.7366737739872068
0.8723135271807838,0.736392742796158
0.8710493046776233,0.7361111111111112
0.8697850821744627,0.7358288770053476
0.8685208596713021,0.7355460385438972
0.8672566371681416,0.7352625937834941
0.865992414664981,0.7349785407725322
0.865992414664981,0.7357679914070892
0.8647281921618205,0.7354838709677419
0.8634639696586599,0.7351991388589881
0.8621997471554994,0.7349137931034483
0.8609355246523388,0.7346278317152104
0.8609355246523388,0.7354211663066955
0.8609355246523388,0.7362162162162162
0.8609355246523388,0.737012987012987
0.8609355246523388,0.7378114842903575
0.8609355246523388,0.7386117136659436
0.8609355246523388,0.739413680781759
0.8609355246523388,0.7402173913043478
0.8596713021491783,0.7399347116430903
0.8596713021491783,0.7407407407407407
0.8596713021491783,0.7415485278080698
0.8596713021491783,0.74235807860262
0.8596713021491783,0.7431693989071039
0.8596713021491783,0.7439824945295405
0.8596713021491783,0.7447973713033954
0.8596713021491783,0.7456140350877193
0.8584070796460177,0.7453347969264544
0.8584070796460177,0.7461538461538462
0.8584070796460177,0.7477973568281938
0.8584070796460177,0.7486218302094818
0.8571428571428571,0.7483443708609272
0.8571428571428571,0.7491712707182321
0.8571428571428571,0.75
0.8558786346396966,0.7497231450719822
0.8558786346396966,0.7505543237250555
0.8558786346396966,0.7513873473917869
0.8558786346396966,0.7522222222222222
0.854614412136536,0.7519466073414905
0.8533501896333755,0.7516703786191536
0.8533501896333755,0.7525083612040134
0.8533501896333755,0.7533482142857143
0.8533501896333755,0.7541899441340782
0.8533501896333755,0.7550335570469798
0.8533501896333755,0.7558790593505039
0.8533501896333755,0.7567264573991032
0.8520859671302149,0.7564534231200898
0.8508217446270544,0.7561797752808989
0.8508217446270544,0.7570303712035995
0.8508217446270544,0.7578828828828829
0.8508217446270544,0.7595936794582393
0.8508217446270544,0.7604519774011299
0.8508217446270544,0.7613122171945701
0.8495575221238938,0.7610419026047565
0.8495575221238938,0.7619047619047619
0.8482932996207333,0.7616345062429057
0.8470290771175727,0.7613636363636364
0.8470290771175727,0.7622298065984073
0.8470290771175727,0.7630979498861048
0.8470290771175727,0.7639680729760547
0.8470290771175727,0.7648401826484018
0.8457648546144121,0.7645714285714286
0.8457648546144121,0.7654462242562929
0.8457648546144121,0.7663230240549829
0.8457648546144121,0.7672018348623854
0.8457648546144121,0.7680826636050516
0.8457648546144121,0.7689655172413793
0.8445006321112516,0.7686996547756041
0.843236409608091,0.7684331797235023
0.8419721871049305,0.7681660899653979
0.8419721871049305,0.76905311778291
0.8419721871049305,0.7699421965317919
0.8419721871049305,0.7708333333333334
0.8407079646017699,0.7705677867902665
0.8407079646017699,0.771461716937355
0.8394437420986094,0.7711962833914053
0.8381795195954488,0.7709302325581395
0.8369152970922883,0.770663562281723
0.8369152970922883,0.7715617715617715
0.8356510745891277,0.7712952158693116
0.8343868520859671,0.7710280373831776
0.8343868520859671,0.7719298245614035
0.8343868520859671,0.7728337236533958
0.8343868520859671,0.7737397420867527
0.8343868520859671,0.7746478873239436
0.8343868520859671,0.7755581668625147
0.8343868520859671,0.7764705882352941
0.8343868520859671,0.7773851590106007
0.8343868520859671,0.7783018867924528
0.8343868520859671,0.7792207792207793
0.8343868520859671,0.7801418439716312
0.8331226295828066,0.7798816568047338
0.8331226295828066,0.7808056872037915
0.831858407079646,0.7805456702253856
0.831858407079646,0.7814726840855107
0.831858407079646,0.7824019024970273
0.831858407079646,0.7833333333333333
0.831858407079646,0.7842669845053635
0.831858407079646,0.7852028639618138
0.831858407079646,0.7861409796893668
0.8305941845764855,0.7858851674641149
0.8305941845764855,0.7868263473053893
0.8305941845764855,0.7877697841726619
0.8305941845764855,0.7887154861944778
0.8305941845764855,0.7896634615384616
0.8305941845764855,0.7906137184115524
0.8305941845764855,0.791566265060241
0.8305941845764855,0.7925211097708083
0.8305941845764855,0.7934782608695652
0.8305941845764855,0.7944377267230955
0.8305941845764855,0.7953995157384988
0.8305941845764855,0.7963636363636364
0.8305941845764855,0.7973300970873787
0.8305941845764855,0.7982989064398542
0.8293299620733249,0.7980535279805353
0.8293299620733249,0.7990255785627284
0.8293299620733249,0.8
0.8293299620733249,0.800976800976801
0.8293299620733249,0.8019559902200489
0.8293299620733249,0.802937576499388
0.8293299620733249,0.803921568627451
0.8293299620733249,0.8049079754601227
0.8293299620733249,0.8058968058968059
0.8293299620733249,0.8068880688806888
0.8280657395701644,0.8066502463054187
0.8268015170670038,0.8064118372379778
0.8255372945638433,0.8061728395061728
0.8255372945638433,0.8071693448702101
0.8255372945638433,0.8081683168316832
0.8242730720606827,0.8079306071871127
0.8242730720606827,0.8089330024813896
0.8242730720606827,0.8099378881987578
0.8230088495575221,0.8097014925373134
0.8230088495575221,0.8107098381070984
0.8217446270543616,0.8104738154613467
0.820480404551201,0.8102372034956304
0.820480404551201,0.81125
0.820480404551201,0.8122653316645807
0.820480404551201,0.8132832080200502
0.8192161820480405,0.8130489335006273
0.8179519595448799,0.8128140703517588
0.8179519595448799,0.8138364779874214
0.8179519595448799,0.8148614609571788
0.8179519595448799,0.8158890290037831
0.8166877370417194,0.8156565656565656
0.8166877370417194,0.8166877370417194
0.8166877370417194,0.8177215189873418
0.8154235145385588,0.8174904942965779
0.8154235145385588,0.8185279187817259
0.8154235145385588,0.8195679796696315
0.8154235145385588,0.8206106870229007
0.8141592920353983,0.8203821656050956
0.8141592920353983,0.8214285714285714
0.8141592920353983,0.822477650063857
0.8141592920353983,0.8235294117647058
0.8141592920353983,0.8245838668373879
0.8128950695322377,0.8243589743589743
0.8128950695322377,0.8254172015404364
0.8128950695322377,0.8264781491002571
0.8128950695322377,0.8275418275418276
0.8128950695322377,0.8286082474226805
0.8128950695322377,0.8296774193548387
0.8116308470290771,0.8294573643410853
0.8116308470290771,0.8305304010349288
0.8103666245259166,0.8303108808290155
0.8103666245259166,0.8313878080415046
0.809102402022756,0.8311688311688312
0.809102402022756,0.8322496749024707
0.809102402022756,0.8333333333333334
0.8078381795195955,0.833116036505867
0.8065739570164349,0.8328981723237598
0.8065739570164349,0.8339869281045752
0.8065739570164349,0.8350785340314136
0.8053097345132744,0.8348623853211009
0.8040455120101138,0.8346456692913385
0.8040455120101138,0.835742444152431
0.8040455120101138,0.8368421052631579
0.8027812895069533,0.836627140974967
0.8027812895069533,0.837730870712401
0.8027812895069533,0.8388375165125496
0.8027812895069533,0.83994708994709
0.8027812895069533,0.8410596026490066
0.8027812895069533,0.8421750663129973
0.8027812895069533,0.8432934926958832
0.8027812895069533,0.8444148936170213
0.8015170670037927,0.844207723035952
0.8002528445006322,0.844
0.8002528445006322,0.8462566844919787
0.8002528445006322,0.8473895582329317
0.8002528445006322,0.8485254691689008
0.8002528445006322,0.8496644295302014
0.8002528445006322,0.8508064516129032
0.8002528445006322,0.8519515477792732
0.8002528445006322,0.8530997304582211
0.8002528445006322,0.854251012145749
0.7989886219974716,0.8540540540540541
0.7989886219974716,0.8563685636856369
0.7989886219974716,0.8575305291723202
0.7989886219974716,0.8586956521739131
0.7989886219974716,0.8598639455782313
0.797724399494311,0.8596730245231607
0.797724399494311,0.8608458390177354
0.7951959544879899,0.8604651162790697
0.7951959544879899,0.8616438356164383
0.7951959544879899,0.8628257887517147
0.7951959544879899,0.864010989010989
0.7951959544879899,0.8651994497936726
0.7951959544879899,0.8663911845730028
0.7951959544879899,0.8675862068965517
0.7951959544879899,0.8687845303867403
0.7951959544879899,0.871191135734072
0.7951959544879899,0.8723994452149791
0.7951959544879899,0.8736111111111111
0.7951959544879899,0.874826147426982
0.7951959544879899,0.8760445682451253
0.7951959544879899,0.8772663877266388
0.7951959544879899,0.8784916201117319
0.7951959544879899,0.8797202797202798
0.7951959544879899,0.8809523809523809
0.7951959544879899,0.8821879382889201
0.7951959544879899,0.8834269662921348
0.7951959544879899,0.8846694796061885
0.7951959544879899,0.8859154929577465
0.7939317319848294,0.8857545839210155
0.7939317319848294,0.8870056497175142
0.7939317319848294,0.8882602545968883
0.7939317319848294,0.8895184135977338
0.7926675094816688,0.8893617021276595
0.7926675094816688,0.890625
0.7926675094816688,0.8918918918918919
0.7926675094816688,0.8931623931623932
0.7926675094816688,0.8944365192582026
0.7926675094816688,0.8957142857142857
0.7926675094816688,0.8982808022922636
0.7914032869785083,0.8981348637015782
0.7914032869785083,0.8994252873563219
0.7901390644753477,0.8992805755395683
0.7901390644753477,0.9005763688760807
0.7901390644753477,0.9018759018759018
0.7901390644753477,0.903179190751445
0.7901390644753477,0.9044862518089725
0.7901390644753477,0.9057971014492754
0.7901390644753477,0.9071117561683599
0.7901390644753477,0.9084302325581395
0.7888748419721872,0.9082969432314411
0.7888748419721872,0.9096209912536443
0.7888748419721872,0.910948905109489
0.7888748419721872,0.9122807017543859
0.786346396965866,0.9120234604105572
0.786346396965866,0.9133627019089574
0.7850821744627055,0.913235294117647
0.7850821744627055,0.914580265095729
0.7850821744627055,0.915929203539823
0.7838179519595448,0.9158050221565731
0.7825537294563844,0.915680473372781
0.7812895069532237,0.9155555555555556
0.7800252844500632,0.9154302670623146
0.7800252844500632,0.9167904903417533
0.7787610619469026,0.9166666666666666
0.7787610619469026,0.9180327868852459
0.7762326169405815,0.9177877428998505
0.7762326169405815,0.9191616766467066
0.7749683944374209,0.9190404797601199
0.7737041719342604,0.918918918918919
0.7737041719342604,0.9216867469879518
0.7737041719342604,0.9244712990936556
0.7737041719342604,0.9258698940998488
0.7724399494310998,0.9257575757575758
0.7724399494310998,0.9271623672230652
0.7724399494310998,0.9285714285714286
0.7711757269279393,0.928462709284627
0.7699115044247787,0.9283536585365854
0.7673830594184576,0.9281345565749235
0.7661188369152971,0.9280245022970903
0.7648546144121365,0.9279141104294478
0.7648546144121365,0.9293394777265745
0.7635903919089759,0.9292307692307692
0.7635903919089759,0.9306625577812019
0.7635903919089759,0.9320987654320988
0.7623261694058154,0.9319938176197836
0.7610619469026548,0.9318885448916409
0.7597977243994943,0.931782945736434
0.7597977243994943,0.9332298136645962
0.7585335018963337,0.9331259720062208
0.7572692793931732,0.9330218068535826
0.7572692793931732,0.9359375
0.7572692793931732,0.9388714733542319
0.7572692793931732,0.9403453689167975
0.7547408343868521,0.9401574803149606
0.7547408343868521,0.9416403785488959
0.7547408343868521,0.943127962085308
0.7534766118836915,0.9430379746835443
0.7522123893805309,0.9429477020602218
0.7509481668773704,0.9428571428571428
0.7509481668773704,0.9443561208267091
0.7496839443742098,0.9442675159235668
0.7484197218710493,0.9441786283891547
0.7471554993678887,0.9440894568690096
0.7458912768647282,0.944
0.7446270543615676,0.9439102564102564
0.7446270543615676,0.9454253611556982
0.7420986093552465,0.9452495974235104
0.7408343868520859,0.9451612903225807
0.7395701643489254,0.9450726978998385
0.7370417193426043,0.9448946515397083
0.7345132743362832,0.9447154471544715
0.7332490518331226,0.9446254071661238
0.7319848293299621,0.9445350734094616
0.729456384323641,0.9443535188216039
0.7243994943109987,0.943986820428336
0.7231352718078382,0.9438943894389439
0.7218710493046776,0.943801652892562
0.7206068268015171,0.9437086092715232
0.718078381795196,0.9435215946843853
0.7168141592920354,0.9434276206322796
0.7168141592920354,0.945
0.7155499367888748,0.9449081803005008
0.7155499367888748,0.9464882943143813
0.7142857142857143,0.9463986599664992
0.7130214917825537,0.9463087248322147
0.7104930467762326,0.9461279461279462
0.7092288242730721,0.9460370994940978
0.7079646017699115,0.9459459459459459
0.7054361567635904,0.9457627118644067
0.7041719342604298,0.9456706281833617
0.7029077117572693,0.9455782312925171
0.7003792667509482,0.9453924914675768
0.6978508217446271,0.9452054794520548
0.6965865992414665,0.9451114922813036
0.6965865992414665,0.9467353951890034
0.695322376738306,0.9466437177280551
0.6940581542351454,0.946551724137931
0.6915297092288243,0.9463667820069204
0.6902654867256637,0.9462738301559792
0.6890012642225032,0.9461805555555556
0.6877370417193426,0.9460869565217391
0.6864728192161821,0.945993031358885
0.6852085967130215,0.9458987783595113
0.6852085967130215,0.9475524475524476
0.6801517067003793,0.9471830985915493
0.6788874841972187,0.9470899470899471
0.6776232616940582,0.9469964664310954
0.6763590391908976,0.9469026548672567
0.6763590391908976,0.9485815602836879
0.6738305941845765,0.9483985765124555
0.672566371681416,0.948306595365419
0.6713021491782554,0.9482142857142857
0.6700379266750948,0.9481216457960644
0.6687737041719343,0.9480286738351255
0.6675094816687737,0.947935368043088
0.6662452591656132,0.947841726618705
0.6649810366624526,0.9477477477477477
0.6637168141592921,0.9476534296028881
0.6624525916561315,0.9475587703435805
0.661188369152971,0.947463768115942
0.6599241466498104,0.9473684210526315
0.6586599241466498,0.9472727272727273
0.6573957016434893,0.9471766848816029
0.6561314791403287,0.9470802919708029
0.6548672566371682,0.946983546617916
0.6536030341340076,0.9468864468864469
0.6523388116308471,0.9467889908256881
0.6510745891276865,0.9466911764705882
0.649810366624526,0.9465930018416207
0.6485461441213654,0.9464944649446494
0.6460176991150443,0.9462962962962963
0.640960809102402,0.9458955223880597
0.6396965865992414,0.9457943925233645
0.638432364096081,0.9456928838951311
0.6371681415929203,0.9455909943714822
0.6359039190897599,0.9454887218045113
0.6346396965865992,0.9453860640301318
0.6333754740834386,0.9452830188679245
0.6321112515802781,0.945179584120983
0.629582806573957,0.9449715370018975
0.629582806573957,0.9485714285714286
0.6245259165613148,0.9481765834932822
0.6232616940581542,0.948076923076923
0.6207332490518331,0.9478764478764479
0.6194690265486725,0.9477756286266924
0.618204804045512,0.9476744186046512
0.6169405815423514,0.9475728155339805
0.6156763590391909,0.9474708171206225
0.6131479140328698,0.947265625
0.6118836915297092,0.9471624266144814
0.6106194690265486,0.9470588235294117
0.6093552465233881,0.9469548133595285
0.6080910240202275,0.9468503937007874
0.6055625790139064,0.9466403162055336
0.6042983565107459,0.9465346534653465
0.6030341340075853,0.9464285714285714
0.6017699115044248,0.9463220675944334
0.6005056890012642,0.9462151394422311
0.5992414664981036,0.9461077844311377
0.5979772439949431,0.946
0.5967130214917825,0.9458917835671342
0.5941845764854614,0.9456740442655935
0.5929203539823009,0.9455645161290323
0.5903919089759798,0.9453441295546559
0.5891276864728192,0.9452332657200812
0.5878634639696586,0.9451219512195121
0.5865992414664981,0.945010183299389
0.5853350189633375,0.9448979591836735
0.5828065739570164,0.944672131147541
0.5802781289506953,0.9444444444444444
0.5790139064475348,0.9443298969072165
0.5777496839443742,0.9442148760330579
0.5764854614412137,0.9440993788819876
0.5752212389380531,0.9439834024896265
0.5739570164348925,0.9438669438669439
0.572692793931732,0.94375
0.5714285714285714,0.9436325678496869
0.5701643489254109,0.9435146443514645
0.5701643489254109,0.9474789915966386
0.5689001264222503,0.9473684210526315
0.5676359039190898,0.9472573839662447
0.5651074589127687,0.9470338983050848
0.5638432364096081,0.9469214437367304
0.5625790139064475,0.9468085106382979
0.561314791403287,0.9466950959488273
0.5600505689001264,0.9465811965811965
0.5587863463969659,0.9464668094218416
0.5575221238938053,0.9463519313304721
0.5562579013906448,0.946236559139785
0.5549936788874842,0.9461206896551724
0.5537294563843237,0.9460043196544277
0.5524652338811631,0.9458874458874459
0.549936788874842,0.9456521739130435
0.5486725663716814,0.9455337690631809
0.5474083438685209,0.9454148471615721
0.5461441213653603,0.9452954048140044
0.5448798988621998,0.9451754385964912
0.5436156763590392,0.945054945054945
0.5423514538558787,0.9449339207048458
0.5410872313527181,0.9448123620309051
0.5398230088495575,0.9446902654867256
0.538558786346397,0.9445676274944568
0.5372945638432364,0.9444444444444444
0.5360303413400759,0.9443207126948775
0.5347661188369153,0.9441964285714286
0.5335018963337548,0.9440715883668904
0.5322376738305942,0.9439461883408071
0.5309734513274337,0.9438202247191011
0.5297092288242731,0.9436936936936937
0.5284450063211125,0.9435665914221218
0.5284450063211125,0.9457013574660633
0.527180783817952,0.9455782312925171
0.5259165613147914,0.9454545454545454
0.5246523388116309,0.9453302961275627
0.5233881163084703,0.9452054794520548
0.5221238938053098,0.9450800915331807
0.5208596713021492,0.944954128440367
0.5195954487989887,0.9448275862068966
0.5183312262958281,0.9447004608294931
0.5170670037926675,0.9445727482678984
0.515802781289507,0.9444444444444444
0.5145385587863464,0.9443155452436195
0.5132743362831859,0.9441860465116279
0.5120101137800253,0.9440559440559441
0.5107458912768648,0.9439252336448598
0.5094816687737042,0.9437939110070258
0.5082174462705437,0.9436619718309859
0.506953223767383,0.9435294117647058
0.5056890012642224,0.9433962264150944
0.504424778761062,0.9432624113475178
0.5031605562579013,0.943127962085308
0.5018963337547409,0.9429928741092637
0.5006321112515802,0.9428571428571428
0.4993678887484197,0.9427207637231504
0.49810366624525915,0.9425837320574163
0.4968394437420986,0.9424460431654677
0.49557522123893805,0.9423076923076923
0.4943109987357775,0.9421686746987952
0.4892541087231353,0.9416058394160584
0.4879898862199747,0.9414634146341463
0.48672566371681414,0.941320293398533
0.4854614412136536,0.9411764705882353
0.48419721871049304,0.941031941031941
0.4829329962073325,0.9408866995073891
0.48166877370417194,0.9407407407407408
0.4804045512010114,0.9405940594059405
0.4778761061946903,0.9402985074626866
0.47661188369152974,0.940149625935162
0.47534766118836913,0.94
0.4740834386852086,0.9398496240601504
0.47281921618204803,0.9396984924623115
0.4715549936788875,0.9395465994962217
0.4690265486725664,0.9392405063291139
0.46776232616940583,0.9390862944162437
0.4664981036662453,0.9389312977099237
0.46523388116308473,0.9387755102040817
0.4639696586599241,0.9386189258312021
0.461441213653603,0.9383033419023136
0.4589127686472819,0.937984496124031
0.4563843236409608,0.9376623376623376
0.45512010113780027,0.9375
0.4538558786346397,0.9373368146214099
0.4525916561314791,0.93717277486911
0.45132743362831856,0.937007874015748
0.450063211125158,0.9368421052631579
0.44879898862199746,0.9366754617414248
0.4475347661188369,0.9365079365079365
0.4450063211125158,0.9361702127659575
0.44374209860935526,0.936
0.44374209860935526,0.9385026737967914
0.44374209860935526,0.9410187667560321
0.4424778761061947,0.9408602150537635
0.44121365360303416,0.9407008086253369
0.43994943109987356,0.9405405405405406
0.438685208596713,0.940379403794038
0.43742098609355246,0.9402173913043478
0.4361567635903919,0.9400544959128065
0.43489254108723135,0.9398907103825137
0.4336283185840708,0.9397260273972603
0.42983565107458915,0.9392265193370166
0.42857142857142855,0.9390581717451524
0.427307206068268,0.9388888888888889
0.42604298356510745,0.9387186629526463
0.42351453855878635,0.938375350140056
0.4222503160556258,0.9382022471910112
0.42098609355246525,0.9380281690140845
0.4197218710493047,0.9378531073446328
0.41719342604298354,0.9375
0.41719342604298354,0.9401709401709402
0.415929203539823,0.94
0.415929203539823,0.9426934097421203
0.41466498103666244,0.9425287356321839
0.4134007585335019,0.9423631123919308
0.41213653603034134,0.9421965317919075
0.4108723135271808,0.9420289855072463
0.40960809102402024,0.9418604651162791
0.4083438685208597,0.9416909620991254
0.40707964601769914,0.9415204678362573
0.40581542351453853,0.9413489736070382
0.404551201011378,0.9411764705882353
0.40328697850821743,0.9410029498525073
0.4020227560050569,0.9408284023668639
0.3994943109987358,0.9404761904761905
0.39823008849557523,0.9402985074626866
0.3969658659924147,0.9401197604790419
0.39570164348925413,0.93993993993994
0.3944374209860936,0.9397590361445783
0.393173198482933,0.9395770392749244
0.3919089759797724,0.9393939393939394
0.3906447534766119,0.939209726443769
0.3893805309734513,0.9390243902439024
0.38811630847029077,0.9388379204892966
0.3868520859671302,0.9386503067484663
0.3843236409608091,0.9382716049382716
0.38305941845764857,0.9380804953560371
0.38179519595448796,0.937888198757764
0.3805309734513274,0.9376947040498442
0.37926675094816686,0.9375
0.37926675094816686,0.9404388714733543
0.3780025284450063,0.940251572327044
0.37673830594184576,0.9400630914826499
0.3754740834386852,0.939873417721519
0.37420986093552466,0.9396825396825397
0.37420986093552466,0.9426751592356688
0.3729456384323641,0.9424920127795527
0.37168141592920356,0.9423076923076923
0.37041719342604296,0.9421221864951769
0.3691529709228824,0.9419354838709677
0.36788874841972186,0.941747572815534
0.3666245259165613,0.9415584415584416
0.3666245259165613,0.9446254071661238
0.36536030341340076,0.9444444444444444
0.3640960809102402,0.9442622950819672
0.36283185840707965,0.944078947368421
0.3615676359039191,0.9438943894389439
0.3615676359039191,0.9470198675496688
0.36030341340075855,0.946843853820598
0.359039190897598,0.9466666666666667
0.3577749683944374,0.9464882943143813
0.35651074589127685,0.9463087248322147
0.35651074589127685,0.9494949494949495
0.35651074589127685,0.9527027027027027
0.3552465233881163,0.9525423728813559
0.35398230088495575,0.9523809523809523
0.3527180783817952,0.9522184300341296
0.35145385587863465,0.952054794520548
0.3501896333754741,0.9518900343642611
0.34892541087231355,0.9517241379310345
0.347661188369153,0.9515570934256056
0.3463969658659924,0.9513888888888888
0.34513274336283184,0.9512195121951219
0.3438685208596713,0.951048951048951
0.34260429835651074,0.9508771929824561
0.33754740834386854,0.9501779359430605
0.33754740834386854,0.9535714285714286
0.336283185840708,0.953405017921147
0.3350189633375474,0.9532374100719424
0.33375474083438683,0.9530685920577617
0.3324905183312263,0.9528985507246377
0.33122629582806573,0.9527272727272728
0.3299620733249052,0.9525547445255474
0.32869785082174463,0.9523809523809523
0.3274336283185841,0.9522058823529411
0.32616940581542353,0.9520295202952029
0.324905183312263,0.9518518518518518
0.32364096080910243,0.9516728624535316
0.3223767383059418,0.9514925373134329
0.3211125158027813,0.951310861423221
0.3198482932996207,0.9511278195488722
0.3185840707964602,0.9509433962264151
0.3185840707964602,0.9545454545454546
0.3173198482932996,0.9543726235741445
0.31605562579013907,0.9541984732824428
0.3147914032869785,0.9540229885057471
0.31352718078381797,0.9538461538461539
0.3122629582806574,0.9536679536679536
0.3109987357774968,0.9534883720930233
0.3109987357774968,0.9571984435797666
0.3084702907711757,0.9568627450980393
0.30720606826801516,0.9566929133858267
0.3059418457648546,0.9565217391304348
0.30467762326169406,0.9563492063492064
0.3034134007585335,0.9561752988047809
0.30214917825537296,0.956
0.3008849557522124,0.9558232931726908
0.2996207332490518,0.9556451612903226
0.29835651074589126,0.9554655870445344
0.2970922882427307,0.9552845528455285
0.29582806573957016,0.9551020408163265
0.2945638432364096,0.9549180327868853
0.29329962073324906,0.9547325102880658
0.2920353982300885,0.9545454545454546
0.29077117572692796,0.9543568464730291
0.2895069532237674,0.9541666666666667
0.28824273072060685,0.9539748953974896
0.28697850821744625,0.9537815126050421
0.2857142857142857,0.9535864978902954
0.28445006321112515,0.9533898305084746
0.2831858407079646,0.9531914893617022
0.28192161820480405,0.9529914529914529
0.2806573957016435,0.9527896995708155
0.27939317319848295,0.9525862068965517
0.2781289506953224,0.9523809523809523
0.2781289506953224,0.9565217391304348
0.27686472819216185,0.9563318777292577
0.27560050568900124,0.956140350877193
0.2743362831858407,0.9559471365638766
0.27307206068268014,0.9557522123893806
0.2718078381795196,0.9555555555555556
0.2718078381795196,0.9598214285714286
0.27054361567635904,0.9596412556053812
0.2692793931731985,0.9594594594594594
0.26801517067003794,0.9592760180995475
0.2667509481668774,0.9590909090909091
0.26548672566371684,0.958904109589041
0.2629582806573957,0.9585253456221198
0.26169405815423513,0.9583333333333334
0.26169405815423513,0.9627906976744186
0.26169405815423513,0.9672897196261683
0.2604298356510746,0.9671361502347418
0.25916561314791403,0.9669811320754716
0.2579013906447535,0.966824644549763
0.25663716814159293,0.9666666666666667
0.25663716814159293,0.9712918660287081
0.2553729456384324,0.9711538461538461
0.25410872313527183,0.9710144927536232
0.2528445006321112,0.970873786407767
0.2515802781289507,0.9707317073170731
0.2515802781289507,0.9754901960784313
0.2503160556257901,0.9753694581280788
0.2503160556257901,0.9801980198019802
0.2503160556257901,0.9850746268656716
0.2503160556257901,0.99
0.2503160556257901,0.9949748743718593
0.24905183312262957,0.9949494949494949
0.24778761061946902,0.9949238578680203
0.24652338811630847,0.9948979591836735
0.24525916561314792,0.9948717948717949
0.24399494310998734,0.9948453608247423
0.2427307206068268,0.9948186528497409
0.2402022756005057,0.9947643979057592
0.23893805309734514,0.9947368421052631
0.23767383059418457,0.9947089947089947
0.23640960809102401,0.9946808510638298
0.23514538558786346,0.9946524064171123
0.23388116308470291,0.9946236559139785
0.23261694058154236,0.9945945945945946
0.23135271807838179,0.9945652173913043
0.23135271807838179,1.0
0.22882427307206069,1.0
0.22629582806573956,1.0
0.225031605562579,1.0
0.22376738305941846,1.0
0.2225031605562579,1.0
0.22123893805309736,1.0
0.21997471554993678,1.0
0.21871049304677623,1.0
0.21744627054361568,1.0
0.21618204804045513,1.0
0.21491782553729458,1.0
0.213653603034134,1.0
0.21238938053097345,1.0
0.2111251580278129,1.0
0.20986093552465235,1.0
0.20859671302149177,1.0
0.20733249051833122,1.0
0.20606826801517067,1.0
0.20480404551201012,1.0
0.20353982300884957,1.0
0.202275600505689,1.0
0.20101137800252844,1.0
0.1997471554993679,1.0
0.19848293299620734,1.0
0.1972187104930468,1.0
0.1959544879898862,1.0
0.19469026548672566,1.0
0.1934260429835651,1.0
0.19089759797724398,1.0
0.18963337547408343,1.0
0.18836915297092288,1.0
0.18710493046776233,1.0
0.18584070796460178,1.0
0.18331226295828065,1.0
0.18078381795195955,1.0
0.179519595448799,1.0
0.17825537294563842,1.0
0.17699115044247787,1.0
0.17572692793931732,1.0
0.17446270543615677,1.0
0.1731984829329962,1.0
0.17193426042983564,1.0
0.1706700379266751,1.0
0.16940581542351454,1.0
0.168141592920354,1.0
0.16687737041719342,1.0
0.16561314791403287,1.0
0.16434892541087232,1.0
0.16308470290771176,1.0
0.16182048040455121,1.0
0.16055625790139064,1.0
0.1592920353982301,1.0
0.15802781289506954,1.0
0.15676359039190899,1.0
0.1554993678887484,1.0
0.15423514538558786,1.0
0.1529709228824273,1.0
0.15170670037926676,1.0
0.1504424778761062,1.0
0.14917825537294563,1.0
0.14791403286978508,1.0
0.14664981036662453,1.0
0.14538558786346398,1.0
0.14412136536030343,1.0
0.14285714285714285,1.0
0.1415929203539823,1.0
0.14032869785082175,1.0
0.1390644753476612,1.0
0.13780025284450062,1.0
0.13653603034134007,1.0
0.13527180783817952,1.0
0.13400758533501897,1.0
0.13147914032869784,1.0
0.1302149178255373,1.0
0.12895069532237674,1.0
0.1264222503160556,1.0
0.12515802781289506,1.0
0.12389380530973451,1.0
0.12262958280657396,1.0
0.1213653603034134,1.0
0.12010113780025285,1.0
0.11883691529709228,1.0
0.11757269279393173,1.0
0.11630847029077118,1.0
0.11504424778761062,1.0
0.11378002528445007,1.0
0.1125158027812895,1.0
0.11125158027812895,1.0
0.10998735777496839,1.0
0.10872313527180784,1.0
0.10745891276864729,1.0
0.10619469026548672,1.0
0.10493046776232617,1.0
0.10366624525916561,1.0
0.10240202275600506,1.0
0.1011378002528445,1.0
0.09987357774968394,1.0
0.0897597977243995,1.0
0.08849557522123894,1.0
0.08723135271807839,1.0
0.08596713021491782,1.0
0.08470290771175727,1.0
0.08343868520859671,1.0
0.08217446270543616,1.0
0.08091024020227561,1.0
0.07964601769911504,1.0
0.07838179519595449,1.0
0.07711757269279393,1.0
0.07585335018963338,1.0
0.07458912768647281,1.0
0.07332490518331226,1.0
0.07206068268015171,1.0
0.07079646017699115,1.0
0.0695322376738306,1.0
0.06826801517067003,1.0
0.06700379266750948,1.0
0.06573957016434892,1.0
0.06447534766118837,1.0
0.0632111251580278,1.0
0.061946902654867256,1.0
0.0606826801517067,1.0
0.05941845764854614,1.0
0.05815423514538559,1.0
0.056890012642225034,1.0
0.05562579013906448,1.0
0.05436156763590392,1.0
0.05309734513274336,1.0
0.051833122629582805,1.0
0.05056890012642225,1.0
0.0493046776232617,1.0
0.04804045512010114,1.0
0.04677623261694058,1.0
0.045512010113780026,1.0
0.04424778761061947,1.0
0.04298356510745891,1.0
0.041719342604298354,1.0
0.040455120101137804,1.0
0.039190897597977246,1.0
0.03792667509481669,1.0
0.03666245259165613,1.0
0.035398230088495575,1.0
0.03413400758533502,1.0
0.03286978508217446,1.0
0.0316055625790139,1.0
0.03034134007585335,1.0
0.029077117572692796,1.0
0.02781289506953224,1.0
0.02654867256637168,1.0
0.025284450063211124,1.0
0.02402022756005057,1.0
0.022756005056890013,1.0
0.021491782553729456,1.0
0.020227560050568902,1.0
0.018963337547408345,1.0
0.017699115044247787,1.0
0.01643489254108723,1.0
0.015170670037926675,1.0
0.01390644753476612,1.0
0.012642225031605562,1.0
0.011378002528445006,1.0
0.008849557522123894,1.0
0.007585335018963337,1.0
0.006321112515802781,1.0
0.0050568900126422255,1.0
0.0037926675094816687,1.0
0.0,1.0
