ID,IUPAC_Name,SMILES,Formula,CAS,CID,Identification_Confidence,Plasma_Detection_Number,Plasma_Detection_Rate,Seafood_Detection_Number,Seafood_Detection_Rate,PBT_Detection_Rate>0.5,PBT_QSAR,PBT_Prob_GAT,PBT_Pred_GAT,PBT_Prob_CNN2D,PBT_Pred_CNN2D,PBT_Label,First_PBT_Identification,First_Environmental_and_Human_Detection,Tanimoto_Match_Source,Max_Tanimoto_Similarity,Tanimoto_Match>0.6,Pollutant_Type,SMILES_clean
1,2-tert-butyl-6-(5-chlorobenzotriazol-2-yl)-4-methylphenol,Cc1cc(-n2nc3ccc(Cl)cc3n2)c(O)c(C(C)(C)C)c1,C17H18ClN3O,3896115,62531,level 1,23,0.1186,128,0.9078,1,0,0.90753734,1,0.92133284,1,1,0,0,Norman_Indoor environment substances.csv;Norman_Food contact chemicals.csv;Norman_Human metabolites.csv;Industrial_chemical.csv;Norman_Drinking water chemicals.csv;ECHA_candidate-list-of-svhc-for-authorisation-export_SMILES.csv;Norman_Plastic additives.csv,1,1,Industry and consumer goods,Cc1cc(-n2nc3ccc(Cl)cc3n2)c(O)c(C(C)(C)C)c1
10,"[(8S,9R,10S,11S,13S,14S,16S,17R)-9-chloro-11-hydroxy-17-(2-hydroxyacetyl)-10,13,16-trimethyl-3-oxo-6,7,8,11,12,14,15,16-octahydrocyclopenta[a]phenanthren-17-yl] propanoate",CCC(=O)O[C@]1(C(=O)CO)[C@@H](C)C[C@H]2[C@@H]3CCC4=CC(=O)C=C[C@]4(C)[C@@]3(Cl)[C@@H](O)C[C@@]21C,C25H33ClO6,5534189,62965,level 1,24,0.1237,96,0.6809,1,0,0.22449528,0,0.0552291,0,0,0,0,Norman_Human metabolites.csv,1,1,Transformation and metabolic products,CCC(=O)O[C@]1(C(=O)CO)[C@@H](C)C[C@H]2[C@@H]3CCC4=CC(=O)C=C[C@]4(C)[C@@]3(Cl)[C@@H](O)C[C@@]21C
20,[cyano-(3-phenoxyphenyl)methyl] 2-(4-chlorophenyl)-3-methylbutanoate,CC(C)C(C(=O)OC(C#N)c1cccc(Oc2ccccc2)c1)c1ccc(Cl)cc1,C25H22ClNO3,51630581,3347,level 2a,0,0,34,0.2411,0,1,0.3957888,0,0.27586228,0,1,1,0,Norman_Biocides.csv;Norman_Human metabolites.csv;Industrial_chemical.csv;Norman_Drinking water chemicals.csv;Norman_Human neurotoxins.csv;Norman_Plant protection products.csv,1,1,Pesticides,CC(C)C(C(=O)OC(C#N)c1cccc(Oc2ccccc2)c1)c1ccc(Cl)cc1
21,"7-chloro-N-methyl-1'-(2-phenylethyl)spiro[2,3,4,9-tetrahydropyrido[3,4-b]indole-1,4'-piperidine]-3-carboxamide",CNC(=O)C1Cc2c([nH]c3cc(Cl)ccc23)C2(CCN(CCc3ccccc3)CC2)N1,C25H29ClN4O,,44535938,level 2a,72,0.3711,116,0.8227,1,0,0.03601521,0,0.006912851,0,0,0,1,Norman_Human metabolites.csv,0.3766233766233766,0,Transformation and metabolic products,CNC(=O)C1Cc2c([nH]c3cc(Cl)ccc23)C2(CCN(CCc3ccccc3)CC2)N1
22,NAN,Cc1cccc(Cl)c1C(=O)NCCCCCNC(=O)c1ccccc1F,C20H22ClFN2O2,,,level 2a,102,0.5258,28,0.1986,1,0,0.7974763,1,0.09081542,0,1,0,1,Norman_Plastic additives.csv;Norman_Food contact chemicals.csv,0.4565217391304347,0,Food and other consumption,Cc1cccc(Cl)c1C(=O)NCCCCCNC(=O)c1ccccc1F
23,N-(1-adamantyl)-1-(5-chloropentyl)indazole-3-carboxamide,O=C(NC12CC3CC(CC(C3)C1)C2)c1nn(CCCCCCl)c2ccccc12,C23H30ClN3O,2160555520,129514129,level 2a,1,0.0052,115,0.8156,1,1,0.71623695,1,0.48046038,0,1,0,1,Norman_Human metabolites.csv;Norman_Drugs of abuse.csv,0.8113207547169812,1,Pharmaceuticals,O=C(NC12CC3CC(CC(C3)C1)C2)c1nn(CCCCCCl)c2ccccc12
30,"10,15,20-tribromo-2-(3-bromophenyl)-21,22-dihydroporphyrin",Brc1cccc(-c2cc3cc4ccc([nH]4)c(Br)c4nc(c(Br)c5nc(c(Br)c2[nH]3)C=C5)C=C4)c1,C26H14Br4N4,,174825247,level 2b,0,0,1,0.0071,0,0,0.9720008,1,0.9594729,1,1,0,1,Industrial_chemical.csv,0.3703703703703703,0,Industry and consumer goods,Brc1cccc(-c2cc3cc4ccc([nH]4)c(Br)c4nc(c(Br)c5nc(c(Br)c2[nH]3)C=C5)C=C4)c1
31,"(2Z)-1-[(2S)-1-[(2R)-2-[(1R)-1-(4-chlorophenyl)propyl]-5,5-dimethyl-4-methylidenehexanoyl]-4-[[hydroxy-[(2S)-oxolan-2-yl]methyl]-(4-methylcyclohexyl)amino]pyrrolidin-2-yl]-6-methyl-2-pentylhepta-2,6-dien-1-one",C=C(C)CC/C=C(/CCCCC)C(=O)[C@@H]1CC(N(C2CCC(C)CC2)C(O)[C@@H]2CCCO2)CN1C(=O)[C@H](CC(=C)C(C)(C)C)[C@@H](CC)c1ccc(Cl)cc1,C47H73ClN2O4,,174329983,level 2b,0,0,45,0.3191,0,1,0.16218616,0,1.6470209e-05,0,1,0,1,Norman_Indoor environment substances.csv;Industrial_chemical.csv;Norman_Personal care products.csv;Norman_Human metabolites.csv,0.2708333333333333,0,Personal care products,C=C(C)CC/C=C(/CCCCC)C(=O)[C@@H]1CC(N(C2CCC(C)CC2)C(O)[C@@H]2CCCO2)CN1C(=O)[C@H](CC(=C)C(C)(C)C)[C@@H](CC)c1ccc(Cl)cc1
32,"N-[3-[1-(4-chlorophenyl)ethenyl]-5-[2-[2-[5-[3-formyl-2-[[methyl-(6-methyl-2-oxohept-6-en-3-yl)amino]methyl]phenyl]pentyl]-3,4-dihydropyrazol-4-yl]ethynyl]-4-methylthiophen-2-yl]-N-ethanimidoylpropanimidamide",C=C(C)CCC(C(C)=O)N(C)Cc1c(C=O)cccc1CCCCCN1CC(C#Cc2sc(N(C(C)=N)C(=N)CC)c(C(=C)c3ccc(Cl)cc3)c2C)C=N1,C45H55ClN6O2S,,166682960,level 2b,0,0,5,0.0355,0,1,0.003571354,0,0.7227064,1,1,0,1,Industrial_chemical.csv,0.2251655629139073,0,Industry and consumer goods,C=C(C)CCC(C(C)=O)N(C)Cc1c(C=O)cccc1CCCCCN1CC(C#Cc2sc(N(C(C)=N)C(=N)CC)c(C(=C)c3ccc(Cl)cc3)c2C)C=N1
33,"benzyl (1S)-4-[(E)-1-[(4R,5R,8R,9R,10R,13S,14R,15R)-13-(2-chloroethylamino)-4,9,10-trimethyl-15-prop-1-en-2-yl-2,3,5,6,7,8,11,12,14,15,16,17-dodecahydro-1H-cyclopenta[a]phenanthren-4-yl]-4,4-dimethylpent-2-en-3-yl]-1-(fluoromethyl)cyclohex-3-ene-1-carboxylate",C=C(C)[C@@H]1CC[C@]2(NCCCl)CC[C@]3(C)[C@H](CC[C@@H]4[C@@](C)(C/C=C(/C5=CC[C@](CF)(C(=O)OCc6ccccc6)CC5)C(C)(C)C)CCC[C@]43C)[C@@H]12,C47H69ClFNO2,,155393458,level 2b,68,0.3505,81,0.5745,1,1,0.9468217,1,0.9281467,1,1,0,1,Norman_Pharmaceuticals.csv,0.3043478260869565,0,Pharmaceuticals,C=C(C)[C@@H]1CC[C@]2(NCCCl)CC[C@]3(C)[C@H](CC[C@@H]4[C@@](C)(C/C=C(/C5=CC[C@](CF)(C(=O)OCc6ccccc6)CC5)C(C)(C)C)CCC[C@]43C)[C@@H]12
34,"ethyl N-[(1E)-2-[1-[[3-chloro-6-[1-[(4R,5S)-5-(1-hydroxy-3-methylpentyl)-4-methyloxolan-3-yl]butan-2-ylideneamino]-5-methyl-2-pyridinyl]amino]-7-fluoro-2,3-dihydro-1H-inden-5-yl]buta-1,3-dienyl]-2-methylbutanimidate",C=C/C(=C\N=C(OCC)C(C)CC)c1cc(F)c2c(c1)CCC2Nc1nc(N=C(CC)CC2CO[C@H](C(O)CC(C)CC)[C@@H]2C)c(C)cc1Cl,C41H58ClFN4O3,,145390020,level 2b,0,0,37,0.2624,0,1,0.98593754,1,0.23023434,0,1,0,1,Industrial_chemical.csv,0.22,0,Industry and consumer goods,C=C/C(=C\N=C(OCC)C(C)CC)c1cc(F)c2c(c1)CCC2Nc1nc(N=C(CC)CC2CO[C@H](C(O)CC(C)CC)[C@@H]2C)c(C)cc1Cl
35,"8-[(3E,5E,7Z)-8-(4-chlorophenyl)-4,5-dimethylocta-3,5,7-trienyl]-20-[(3Z)-hexa-3,5-dienyl]-7,15,21-trimethyl-4,9,14,19,25-pentaoxapentacyclo[13.10.0.03,13.05,10.018,24]pentacosane-12,21-diol",C=C/C=C\CCC1OC2CCC3(C)OC4C(O)CC5OC(CC/C=C(C)/C(C)=C/C=C\c6ccc(Cl)cc6)C(C)CC5OC4CC3OC2CCC1(C)O,C45H63ClO7,,143020906,level 2b,0,0,28,0.1986,0,1,0.93205005,1,0.85730463,1,1,0,1,Norman_Human metabolites.csv,0.6666666666666666,1,Transformation and metabolic products,C=C/C=C\CCC1OC2CCC3(C)OC4C(O)CC5OC(CC/C=C(C)/C(C)=C/C=C\c6ccc(Cl)cc6)C(C)CC5OC4CC3OC2CCC1(C)O
36,"(2E)-2-[(2E,4Z,6E)-4-chloro-7-(3-dec-9-enyl-1,1-dimethylbenzo[e]indol-3-ium-2-yl)hepta-2,4,6-trienylidene]-3-dec-9-enyl-1,1-dimethylbenzo[e]indole",C=CCCCCCCCCN1/C(=C/C=C/C(Cl)=C/C=C/C2=[N+](CCCCCCCCC=C)c3ccc4ccccc4c3C2(C)C)C(C)(C)c2c1ccc1ccccc21,C55H68ClN2,,58783056,level 2b,8,0.0412,138,0.9787,1,1,0.9592581,1,0.78243345,1,1,0,1,Industrial_chemical.csv,0.6282051282051282,1,Industry and consumer goods,C=CCCCCCCCCN1/C(=C/C=C/C(Cl)=C/C=C/C2=[N+](CCCCCCCCC=C)c3ccc4ccccc4c3C2(C)C)C(C)(C)c2c1ccc1ccccc21
37,N-[(Z)-(3-bromo-5-chloro-4-prop-2-enoxyphenyl)methylideneamino]-4-iodo-3-methoxybenzamide,C=CCOc1c(Cl)cc(/C=N\NC(=O)c2ccc(I)c(OC)c2)cc1Br,C18H15BrClIN2O3,,125753987,level 2b,0,0,2,0.0142,0,1,0.89299524,1,0.98410064,1,1,0,1,Norman_Pharmaceuticals.csv,0.3835616438356164,0,Pharmaceuticals,C=CCOc1c(Cl)cc(/C=N\NC(=O)c2ccc(I)c(OC)c2)cc1Br
38,"6-[3,6-bis(2,4,4-trimethylpentan-2-yl)carbazol-9-yl]-4-chloro-6-methyl-2-phenyl-4-(2,4,4-trimethylpentan-2-yl)cyclohex-2-en-1-ol",CC(C)(C)CC(C)(C)c1ccc2c(c1)c1cc(C(C)(C)CC(C)(C)C)ccc1n2C1(C)CC(Cl)(C(C)(C)CC(C)(C)C)C=C(c2ccccc2)C1O,C49H70ClNO,,175088539,level 2b,135,0.6959,92,0.6525,1,1,0.99663246,1,0.9841989,1,1,0,1,Industrial_chemical.csv,0.3432835820895522,0,Industry and consumer goods,CC(C)(C)CC(C)(C)c1ccc2c(c1)c1cc(C(C)(C)CC(C)(C)C)ccc1n2C1(C)CC(Cl)(C(C)(C)CC(C)(C)C)C=C(c2ccccc2)C1O
39,"N-tert-butyl-6-[(2E)-2-[(2E)-2-[3-[(E)-2-[1-[6-(tert-butylamino)-6-oxohexyl]-3,3-dimethylindol-1-ium-2-yl]ethenyl]-2-chlorocyclopentylidene]ethylidene]-3,3-dimethylindol-1-yl]hexanamide",CC(C)(C)NC(=O)CCCCCN1/C(=C/C=C2\CCC(/C=C/C3=[N+](CCCCCC(=O)NC(C)(C)C)c4ccccc4C3(C)C)C2Cl)C(C)(C)c2ccccc21,C49H70ClN4O2,,168817673,level 2b,81,0.4175,99,0.7021,1,1,0.96976274,1,0.8173219,1,1,0,1,Industrial_chemical.csv,0.4941176470588235,0,Industry and consumer goods,CC(C)(C)NC(=O)CCCCCN1/C(=C/C=C2\CCC(/C=C/C3=[N+](CCCCCC(=O)NC(C)(C)C)c4ccccc4C3(C)C)C2Cl)C(C)(C)c2ccccc21
40,"4-[[3a-[2-[1-(5-chloro-2-pyridinyl)ethyl-[2-(dimethylamino)ethyl]amino]ethyl]-5b,8,8,11a-tetramethyl-2-oxo-1-propan-2-yl-3,4,5,5a,6,7,7a,9,10,11,11b,12,13,13a-tetradecahydrocyclopenta[a]chrysen-9-yl]oxy]-2,2-dimethyl-4-oxobutanoic acid",CC(C)C1=C2C3CCC4C(C)(CCC5C(C)(C)C(OC(=O)CC(C)(C)C(=O)O)CCC54C)C3CCC2(CCN(CCN(C)C)C(C)c2ccc(Cl)cn2)CC1=O,C47H72ClN3O5,,145595549,level 2b,0,0,141,1,1,0,0.7342151,1,0.7380965,1,1,0,1,Norman_Pharmaceuticals.csv,0.3333333333333333,0,Pharmaceuticals,CC(C)C1=C2C3CCC4C(C)(CCC5C(C)(C)C(OC(=O)CC(C)(C)C(=O)O)CCC54C)C3CCC2(CCN(CCN(C)C)C(C)c2ccc(Cl)cn2)CC1=O
41,"[3a-[2-[[4-chloro-2-[(dimethylamino)methyl]phenyl]methylamino]ethyl]-5a,5b,8,8,11a-pentamethyl-2-oxo-1-propan-2-yl-4,5,6,7,7a,9,10,11,11b,12,13,13a-dodecahydro-3H-cyclopenta[a]chrysen-9-yl] 4-amino-3,3-dimethyl-4-oxobutanoate",CC(C)C1=C2C3CCC4C5(C)CCC(OC(=O)CC(C)(C)C(N)=O)C(C)(C)C5CCC4(C)C3(C)CCC2(CCNCc2ccc(Cl)cc2CN(C)C)CC1=O,C47H72ClN3O4,,123924087,level 2b,7,0.0361,141,1,1,1,0.8314964,1,0.7954447,1,1,0,1,Norman_Pharmaceuticals.csv,0.3518518518518518,0,Pharmaceuticals,CC(C)C1=C2C3CCC4C5(C)CCC(OC(=O)CC(C)(C)C(N)=O)C(C)(C)C5CCC4(C)C3(C)CCC2(CCNCc2ccc(Cl)cc2CN(C)C)CC1=O
42,"4-[[3a-[2-[1-(5-chloro-2-pyridinyl)ethylamino]-1-hydroxyethyl]-5a,5b,8,8,11a-pentamethyl-2-oxo-1-propan-2-yl-4,5,6,7,7a,9,10,11,11b,12,13,13a-dodecahydro-3H-cyclopenta[a]chrysen-9-yl]oxy]-2,2-dimethylbutanoic acid",CC(C)C1=C2C3CCC4C5(C)CCC(OCCC(C)(C)C(=O)O)C(C)(C)C5CCC4(C)C3(C)CCC2(C(O)CNC(C)c2ccc(Cl)cn2)CC1=O,C44H67ClN2O5,,123668951,level 2b,0,0,73,0.5177,1,0,0.6716205,1,0.8106125,1,1,0,1,Norman_Pharmaceuticals.csv,0.3153153153153153,0,Pharmaceuticals,CC(C)C1=C2C3CCC4C5(C)CCC(OCCC(C)(C)C(=O)O)C(C)(C)C5CCC4(C)C3(C)CCC2(C(O)CNC(C)c2ccc(Cl)cn2)CC1=O
43,"(3S,4R)-2-[[3-[[(2-chloro-6-fluorophenyl)methyl-[(2S)-1-(dimethylamino)-4-methylpentan-2-yl]amino]methyl]phenyl]methyl]-5-[(E)-2-hydroxyethenyl]-4-[(1S)-1-hydroxyethyl]-N-[(2S,3S,5S,7R)-2,6,6-trimethyl-3-tricyclo[3.2.0.02,7]heptanyl]-1,2-oxazolidine-3-carboxamide",CC(C)C[C@@H](CN(C)C)N(Cc1cccc(CN2OC(/C=C/O)[C@@H]([C@H](C)O)[C@H]2C(=O)N[C@H]2C[C@H]3C4[C@H](C3(C)C)[C@]42C)c1)Cc1c(F)cccc1Cl,C41H58ClFN4O4,,149549746,level 2b,0,0,40,0.2837,0,1,0.8505778,1,0.47788468,0,1,0,1,Norman_Pharmaceuticals.csv,0.2434782608695652,0,Pharmaceuticals,CC(C)C[C@@H](CN(C)C)N(Cc1cccc(CN2OC(/C=C/O)[C@@H]([C@H](C)O)[C@H]2C(=O)N[C@H]2C[C@H]3C4[C@H](C3(C)C)[C@]42C)c1)Cc1c(F)cccc1Cl
44,"bis[2,4,6-tri(propan-2-yl)phenyl]silylidene-(4-chlorophenyl)-[2,4,6-tri(propan-2-yl)phenyl]silane",CC(C)c1cc(C(C)C)c([Si](c2ccc(Cl)cc2)=[Si](c2c(C(C)C)cc(C(C)C)cc2C(C)C)c2c(C(C)C)cc(C(C)C)cc2C(C)C)c(C(C)C)c1,C51H73ClSi2,,102264698,level 2b,0,0,75,0.5319,1,0,0.9937585,1,0.9274557,1,1,0,1,Industrial_chemical.csv;Norman_Human metabolites.csv,0.4666666666666667,0,Industry and consumer goods,CC(C)c1cc(C(C)C)c([Si](c2ccc(Cl)cc2)=[Si](c2c(C(C)C)cc(C(C)C)cc2C(C)C)c2c(C(C)C)cc(C(C)C)cc2C(C)C)c(C(C)C)c1
45,"3-chloro-N-(3-chloro-4-iodophenyl)-4-[(3,3,3-trifluoro-2-hydroxy-2-methylpropanoyl)amino]benzamide",CC(O)(C(=O)Nc1ccc(C(=O)Nc2ccc(I)c(Cl)c2)cc1Cl)C(F)(F)F,C17H12Cl2F3IN2O3,,90468795,level 2b,0,0,1,0.0071,0,0,0.91925895,1,0.9461304,1,1,0,1,Norman_Pharmaceuticals.csv,0.55,0,Pharmaceuticals,CC(O)(C(=O)Nc1ccc(C(=O)Nc2ccc(I)c(Cl)c2)cc1Cl)C(F)(F)F
46,"2,2,2-trichloroethyl (6S)-3-bromo-3-methyl-5,8-dioxo-7-[(2-phenylacetyl)amino]-5lambda4-thia-1-azabicyclo[4.2.0]octane-2-carboxylate",CC1(Br)CS(=O)[C@H]2C(NC(=O)Cc3ccccc3)C(=O)N2C1C(=O)OCC(Cl)(Cl)Cl,C18H18BrCl3N2O5S,,22799965,level 2b,0,0,1,0.0071,0,0,0.59492135,1,9.9283956e-05,0,1,0,1,Industrial_chemical.csv;Norman_Human metabolites.csv,0.5555555555555556,0,Industry and consumer goods,CC1(Br)CS(=O)[C@H]2C(NC(=O)Cc3ccccc3)C(=O)N2C1C(=O)OCC(Cl)(Cl)Cl
47,"(2S,5R)-6-[[2-(3,4-dihydroxyphenyl)acetyl]amino]-3,3-dimethyl-7-oxo-6-(2,2,2-trichloroethoxycarbonyl)-4-thia-1-azabicyclo[3.2.0]heptane-2-carboxylic acid",CC1(C)S[C@H]2N(C(=O)C2(NC(=O)Cc2ccc(O)c(O)c2)C(=O)OCC(Cl)(Cl)Cl)[C@H]1C(=O)O,C19H19Cl3N2O8S,,54552248,level 2b,0,0,19,0.1348,0,0,0.001983739,0,5.8926125e-06,0,0,0,1,Norman_Human metabolites.csv;Norman_Pharmaceuticals.csv,0.4166666666666667,0,Pharmaceuticals,CC1(C)S[C@H]2N(C(=O)C2(NC(=O)Cc2ccc(O)c(O)c2)C(=O)OCC(Cl)(Cl)Cl)[C@H]1C(=O)O
48,"1-[5-[[1-adamantylmethyl(2,3-dihydroxypropyl)amino]methyl]-5,13-dihydroxy-6,10-dimethyl-17-tricyclo[13.2.2.02,6]nonadeca-1(17),9,15,18-tetraenyl]-2-(2-chloro-6-fluorophenyl)ethanone",CC1=CCCC2(C)C(CCC2(O)CN(CC(O)CO)CC23CC4CC(CC(C4)C2)C3)c2ccc(cc2C(=O)Cc2c(F)cccc2Cl)CC(O)CC1,C44H59ClFNO5,,5068472,level 2b,1,0.0052,141,1,1,1,0.8331752,1,0.048156656,0,1,0,1,Norman_Human metabolites.csv,0.2790697674418604,0,Transformation and metabolic products,CC1=CCCC2(C)C(CCC2(O)CN(CC(O)CO)CC23CC4CC(CC(C4)C2)C3)c2ccc(cc2C(=O)Cc2c(F)cccc2Cl)CC(O)CC1
49,"1-[5-[(3,5-dichloro-4-pyridinyl)sulfanyl]-4-nitrothiophen-2-yl]-2-(3-methyl-1,1-dioxo-2,3-dihydro-1-benzothiophen-6-yl)ethanone",CC1CS(=O)(=O)c2cc(CC(=O)c3cc([N+](=O)[O-])c(Sc4c(Cl)cncc4Cl)s3)ccc21,C20H14Cl2N2O5S3,,161820446,level 2b,4,0.0206,18,0.1277,0,0,0.63261336,1,0.34759352,0,1,0,1,Norman_Human metabolites.csv,0.3086419753086419,0,Transformation and metabolic products,CC1CS(=O)(=O)c2cc(CC(=O)c3cc([N+](=O)[O-])c(Sc4c(Cl)cncc4Cl)s3)ccc21
50,"6-[2-[2-[2-chloro-3-[2-[3,3-dimethyl-1-(6-oxooctyl)indol-1-ium-2-yl]ethenyl]cyclohex-2-en-1-ylidene]ethylidene]-3,3-dimethylindol-1-yl]-N-methylhexanamide",CCC(=O)CCCCC[N+]1=C(C=CC2=C(Cl)C(=CC=C3N(CCCCCC(=O)NC)c4ccccc4C3(C)C)CCC2)C(C)(C)c2ccccc21,C45H59ClN3O2,,161008506,level 2b,0,0,33,0.234,0,1,0.90896565,1,0.90481794,1,1,0,1,Industrial_chemical.csv,0.6708860759493671,1,Industry and consumer goods,CCC(=O)CCCCC[N+]1=C(C=CC2=C(Cl)C(=CC=C3N(CCCCCC(=O)NC)c4ccccc4C3(C)C)CCC2)C(C)(C)c2ccccc21
51,"4-[[7-[5-[2-[2-(5-chloro-2-pyridinyl)propan-2-ylamino]-1-hydroxyethyl]-5-ethyl-3-oxo-2-propan-2-ylcyclopenten-1-yl]-1,1,4a,8,8a-pentamethyl-3,4,4b,5,6,7,8,9,10,10a-decahydro-2H-phenanthren-2-yl]oxy]-2,2-dimethyl-4-oxobutanoic acid",CCC1(C(O)CNC(C)(C)c2ccc(Cl)cn2)CC(=O)C(C(C)C)=C1C1CCC2C(C)(CCC3C(C)(C)C(OC(=O)CC(C)(C)C(=O)O)CCC32C)C1C,C45H69ClN2O6,,123806694,level 2b,0,0,41,0.2908,0,0,0.63431096,1,0.77032083,1,1,0,1,Norman_Pharmaceuticals.csv,0.3703703703703703,0,Pharmaceuticals,CCC1(C(O)CNC(C)(C)c2ccc(Cl)cn2)CC(=O)C(C(C)C)=C1C1CCC2C(C)(CCC3C(C)(C)C(OC(=O)CC(C)(C)C(=O)O)CCC32C)C1C
52,"2-[(Z)-7-[(1R,2R,3R,5R)-5-chloro-2-[(E)-4-(1-ethylcyclobutyl)but-1-enyl]-3-nitrosocyclopentyl]hept-5-enoyl]oxyethyl 3-(16-iminohexadecyl)benzoate",CCC1(CC/C=C/[C@@H]2[C@@H](C/C=C\CCCC(=O)OCCOC(=O)c3cccc(CCCCCCCCCCCCCCCC=N)c3)[C@H](Cl)C[C@H]2N=O)CCC1,C47H73ClN2O5,,90206640,level 2b,0,0,47,0.3333,0,1,0.000422922,0,0.79205877,1,1,0,1,Norman_Human metabolites.csv,0.3300970873786408,0,Transformation and metabolic products,CCC1(CC/C=C/[C@@H]2[C@@H](C/C=C\CCCC(=O)OCCOC(=O)c3cccc(CCCCCCCCCCCCCCCC=N)c3)[C@H](Cl)C[C@H]2N=O)CCC1
53,"(8E)-22-(4-chloro-2-propylcyclohexa-1,5-dien-1-yl)-11,12-dimethyl-7-[(4-propan-2-yl-1,4-diazepan-1-yl)methyl]-20-oxa-13-thia-1,14-diazatetracyclo[14.7.2.03,6.019,24]pentacosa-8,16(25),17,19(24)-tetraen-15-one",CCCC1=C(C2COc3ccc4cc3N(C2)CC2CCC2C(CN2CCCN(C(C)C)CC2)/C=C/CC(C)C(C)SNC4=O)C=CC(Cl)C1,C41H61ClN4O2S,,169570046,level 2b,20,0.1031,32,0.227,0,1,0.9877501,1,0.8315704,1,1,0,1,Industrial_chemical.csv,0.208955223880597,0,Industry and consumer goods,CCCC1=C(C2COc3ccc4cc3N(C2)CC2CCC2C(CN2CCCN(C(C)C)CC2)/C=C/CC(C)C(C)SNC4=O)C=CC(Cl)C1
54,"(4R,5R)-2-[[3-[[(2-chlorophenyl)methyl-[1-(dimethylamino)hexan-2-yl]amino]methyl]phenyl]methyl]-N-[(2S,5R)-5-ethyl-2,4,4-trimethylcyclohexyl]-4-[(1S)-1-hydroxyethyl]-5-(hydroxymethyl)-1,2-oxazolidine-3-carboxamide",CCCCC(CN(C)C)N(Cc1cccc(CN2O[C@@H](CO)[C@@H]([C@H](C)O)C2C(=O)NC2C[C@@H](CC)C(C)(C)C[C@@H]2C)c1)Cc1ccccc1Cl,C41H65ClN4O4,,163928127,level 2b,0,0,83,0.5887,1,1,0.9453254,1,0.000591234,0,1,0,1,Norman_Pharmaceuticals.csv,0.2611940298507462,0,Pharmaceuticals,CCCCC(CN(C)C)N(Cc1cccc(CN2O[C@@H](CO)[C@@H]([C@H](C)O)C2C(=O)NC2C[C@@H](CC)C(C)(C)C[C@@H]2C)c1)Cc1ccccc1Cl
55,"2-chloro-4-[[2-[[(2R)-3-methyl-1-[(9Z,12Z)-octadeca-9,12-dienoxy]carbonyloxybutan-2-yl]amino]-9-propan-2-ylpurin-6-yl]amino]benzoic acid",CCCCC/C=C\C/C=C\CCCCCCCCOC(=O)OC[C@H](Nc1nc(Nc2ccc(C(=O)O)c(Cl)c2)c2ncn(C(C)C)c2n1)C(C)C,C39H57ClN6O5,,59516319,level 2b,0,0,40,0.2837,0,1,0.000947175,0,0.08062636,0,1,0,1,Norman_Pharmaceuticals.csv,0.6428571428571429,1,Pharmaceuticals,CCCCC/C=C\C/C=C\CCCCCCCCOC(=O)OC[C@H](Nc1nc(Nc2ccc(C(=O)O)c(Cl)c2)c2ncn(C(C)C)c2n1)C(C)C
56,"3-[8-[2-[[4-chloro-6-(methylamino)-1,3,5-triazin-2-yl]oxy]ethyl]tridecyl]-11-[2-[(4-chloro-6-methyl-1,3,5-triazin-2-yl)oxy]ethyl]heptadecan-1-ol",CCCCCCC(CCCCCCCC(CCO)CCCCCCCC(CCCCC)CCOc1nc(Cl)nc(NC)n1)CCOc1nc(C)nc(Cl)n1,C42H75Cl2N7O3,,118229738,level 2b,0,0,138,0.9787,1,1,0.003989814,0,0.002906611,0,1,0,1,Norman_Human metabolites.csv,0.4313725490196078,0,Transformation and metabolic products,CCCCCCC(CCCCCCCC(CCO)CCCCCCCC(CCCCC)CCOc1nc(Cl)nc(NC)n1)CCOc1nc(C)nc(Cl)n1
57,"[(3S,8S,9S,10R,14R,17R)-17-[5-[bis(2-chloroethyl)carbamoyloxy]pentan-2-yl]-10-methyl-1,2,3,4,7,8,9,11,12,13,14,15,16,17-tetradecahydrocyclopenta[a]phenanthren-3-yl] (Z)-nonadec-10-enoate",CCCCCCCC/C=C\CCCCCCCCC(=O)O[C@H]1CC[C@@]2(C)C(=CC[C@H]3[C@@H]4CC[C@H](C(C)CCCOC(=O)N(CCCl)CCCl)C4CC[C@@H]32)C1,C47H79Cl2NO4,,56664834,level 2b,75,0.3866,138,0.9787,1,1,0.5743634,1,0.69472474,1,1,0,1,Industrial_chemical.csv;Norman_Personal care products.csv;Norman_Human metabolites.csv,0.6136363636363636,1,Personal care products,CCCCCCCC/C=C\CCCCCCCCC(=O)O[C@H]1CC[C@@]2(C)C(=CC[C@H]3[C@@H]4CC[C@H](C(C)CCCOC(=O)N(CCCl)CCCl)C4CC[C@@H]32)C1
58,"1-tricosanoyloxyethyl 3-chloro-6-(4-methylpiperazin-1-yl)benzo[b][1,4]benzodiazepine-5-carboxylate",CCCCCCCCCCCCCCCCCCCCCCC(=O)OC(C)OC(=O)N1C(N2CCN(C)CC2)=c2ccccc2=Nc2ccc(Cl)cc21,C44H67ClN4O4,,71622789,level 2b,0,0,81,0.5745,1,0,0.27193046,0,0.3872393,0,0,0,1,Industrial_chemical.csv;Norman_Human metabolites.csv,0.5507246376811594,0,Industry and consumer goods,CCCCCCCCCCCCCCCCCCCCCCC(=O)OC(C)OC(=O)N1C(N2CCN(C)CC2)=c2ccccc2=Nc2ccc(Cl)cc21
59,chloro-(4-iodooctatriacontyl)-dimethylsilane,CCCCCCCCCCCCCCCCCCCCCCCCCCCCCCCCCCC(I)CCC[Si](C)(C)Cl,C40H82ClISi,,87856848,level 2b,0,0,69,0.4894,0,1,0.012647711,0,0.06100459,0,1,0,1,Industrial_chemical.csv;Norman_Human metabolites.csv;Norman_Plastic additives.csv;Norman_Food contact chemicals.csv,0.6153846153846154,1,Food and other consumption,CCCCCCCCCCCCCCCCCCCCCCCCCCCCCCCCCCC(I)CCC[Si](C)(C)Cl
60,2-chloro-N-[4-[(2-chloroacetyl)-hexadecylamino]phenyl]-N-hexadecylacetamide,CCCCCCCCCCCCCCCCN(C(=O)CCl)c1ccc(N(CCCCCCCCCCCCCCCC)C(=O)CCl)cc1,C42H74Cl2N2O2,,118349716,level 2b,134,0.6907,72,0.5106,1,1,0.00140859,0,0.001003883,0,1,0,1,Norman_Human metabolites.csv,0.5277777777777778,0,Transformation and metabolic products,CCCCCCCCCCCCCCCCN(C(=O)CCl)c1ccc(N(CCCCCCCCCCCCCCCC)C(=O)CCl)cc1
61,"2-chloro-4,6-bis(2,4-dioctoxyphenyl)-1,3,5-triazine",CCCCCCCCOc1ccc(-c2nc(Cl)nc(-c3ccc(OCCCCCCCC)cc3OCCCCCCCC)n2)c(OCCCCCCCC)c1,C47H74ClN3O4,,18400486,level 2b,0,0,109,0.773,1,0,0.002772844,0,0.008802014,0,0,0,1,Industrial_chemical.csv;Norman_Human metabolites.csv;Norman_Food contact chemicals.csv,0.6904761904761905,1,Food and other consumption,CCCCCCCCOc1ccc(-c2nc(Cl)nc(-c3ccc(OCCCCCCCC)cc3OCCCCCCCC)n2)c(OCCCCCCCC)c1
62,"2-[(2E)-2-[2-chloro-3-[2-(1-hexyl-3,3-dimethyl-5-methylperoxyindol-1-ium-2-yl)ethenyl]cyclohex-2-en-1-ylidene]ethylidene]-1-hexyl-3,3-dimethylindole-5-carboxylic acid",CCCCCCN1C(=C/C=C2\CCCC(C=CC3=[N+](CCCCCC)c4ccc(OOC)cc4C3(C)C)=C2Cl)C(C)(C)c2cc(C(=O)O)ccc21,C44H58ClN2O4,,89297783,level 2b,0,0,16,0.1135,0,1,0.91189957,1,0.75908893,1,1,0,1,Industrial_chemical.csv,0.5164835164835165,0,Industry and consumer goods,CCCCCCN1C(=C/C=C2\CCCC(C=CC3=[N+](CCCCCC)c4ccc(OOC)cc4C3(C)C)=C2Cl)C(C)(C)c2cc(C(=O)O)ccc21
63,[5-tert-butyl-2-[[4-tert-butyl-2-[(1-butyl-3-methylimidazolidin-1-ium-1-yl)methyl]-6-(cyclohexyliminomethyl)phenoxy]-chloromethoxy]-3-[(4-methylpiperazin-1-yl)methyl]phenyl]methanimine,CCCC[N+]1(Cc2cc(C(C)(C)C)cc(C=NC3CCCCC3)c2OC(Cl)Oc2c(C=N)cc(C(C)(C)C)cc2CN2CCN(C)CC2)CCN(C)C1,C44H70ClN6O2,,144773325,level 2b,0,0,140,0.9929,1,1,0.71750164,1,0.38735437,0,1,0,1,Norman_Human metabolites.csv,0.25,0,Transformation and metabolic products,CCCC[N+]1(Cc2cc(C(C)(C)C)cc(C=NC3CCCCC3)c2OC(Cl)Oc2c(C=N)cc(C(C)(C)C)cc2CN2CCN(C)CC2)CCN(C)C1
64,"(2S)-N-[(2S)-1-[(5S,8S)-3-(3-chlorophenyl)-8-[(3R)-6-cyclopropyl-4-hydroxy-5-oxo-3-propylhexanoyl]-1-oxa-2,7-diazaspiro[4.4]non-2-en-7-yl]-3,3-dimethyl-1-oxobutan-2-yl]-2-cyclohexyl-3-(2H-triazol-4-yl)propanamide",CCC[C@H](CC(=O)[C@@H]1C[C@]2(CC(c3cccc(Cl)c3)=NO2)CN1C(=O)[C@@H](NC(=O)[C@@H](Cc1cn[nH]n1)C1CCCCC1)C(C)(C)C)C(O)C(=O)CC1CC1,C41H57ClN6O6,,58331695,level 2b,0,0,40,0.2837,0,1,0.16719519,0,0.819524,1,1,0,1,Industrial_chemical.csv;Norman_Human metabolites.csv;Norman_Pharmaceuticals.csv,0.2814814814814815,0,Pharmaceuticals,CCC[C@H](CC(=O)[C@@H]1C[C@]2(CC(c3cccc(Cl)c3)=NO2)CN1C(=O)[C@@H](NC(=O)[C@@H](Cc1cn[nH]n1)C1CCCCC1)C(C)(C)C)C(O)C(=O)CC1CC1
65,"1-ethyl-3-(4-phenylsulfanyloxyphenyl)-1-(2,2,2-tribromo-1-chloroethyl)urea",CCN(C(=O)Nc1ccc(OSc2ccccc2)cc1)C(Cl)C(Br)(Br)Br,C17H16Br3ClN2O2S,,57105871,level 2b,0,0,1,0.0071,0,0,0.98011136,1,0.9971752,1,1,0,1,Industrial_chemical.csv;Norman_Human metabolites.csv,0.3773584905660377,0,Industry and consumer goods,CCN(C(=O)Nc1ccc(OSc2ccccc2)cc1)C(Cl)C(Br)(Br)Br
66,"(4R)-N-[3-(1,2,3,4,4a,5,6,7,8,8a-decahydronaphthalen-2-yl)-1-[(2-chlorocyclohexyl)methyl-methylamino]-1-oxopropan-2-yl]-1-[3-[[ethyl(methyl)amino]methyl]adamantane-1-carbonyl]-4-hydroxypyrrolidine-2-carboxamide",CCN(C)CC12CC3CC(C1)CC(C(=O)N1C[C@H](O)CC1C(=O)NC(CC1CCC4CCCCC4C1)C(=O)N(C)CC1CCCCC1Cl)(C3)C2,C41H67ClN4O4,,145812436,level 2b,2,0.0103,141,1,1,1,0.6815649,1,0.5685289,1,1,0,1,Norman_Pharmaceuticals.csv,0.2523364485981308,0,Pharmaceuticals,CCN(C)CC12CC3CC(C1)CC(C(=O)N1C[C@H](O)CC1C(=O)NC(CC1CCC4CCCCC4C1)C(=O)N(C)CC1CCCCC1Cl)(C3)C2
67,"N-(2,6-dichloro-4-iodophenyl)-N-ethyl-2,4-dinitro-6-(trifluoromethyl)aniline",CCN(c1c(Cl)cc(I)cc1Cl)c1c([N+](=O)[O-])cc([N+](=O)[O-])cc1C(F)(F)F,C15H9Cl2F3IN3O4,,20375830,level 2b,0,0,1,0.0071,0,1,0.91604435,1,0.97802126,1,1,0,1,Norman_Human metabolites.csv,0.5,0,Transformation and metabolic products,CCN(c1c(Cl)cc(I)cc1Cl)c1c([N+](=O)[O-])cc([N+](=O)[O-])cc1C(F)(F)F
68,"ethyl 2-[4-[1-[3-(4-chlorophenyl)-4-[methyl-(3,4,5-trimethoxybenzoyl)amino]butyl]-4-phenylpiperidine-4-carbonyl]piperazin-1-yl]acetate",CCOC(=O)CN1CCN(C(=O)C2(c3ccccc3)CCN(CCC(CN(C)C(=O)c3cc(OC)c(OC)c(OC)c3)c3ccc(Cl)cc3)CC2)CC1,C41H53ClN4O7,,9853528,level 2b,0,0,14,0.0993,0,0,0.016939733,0,0.3021664,0,0,0,1,Norman_Human metabolites.csv;Norman_Pharmaceuticals.csv,0.4516129032258064,0,Pharmaceuticals,CCOC(=O)CN1CCN(C(=O)C2(c3ccccc3)CCN(CCC(CN(C)C(=O)c3cc(OC)c(OC)c(OC)c3)c3ccc(Cl)cc3)CC2)CC1
69,"(2S)-2-[[(2S)-4-amino-2-[[9-[[(2S,3R)-1-[[(2S)-1-amino-3-(4-bromophenyl)-1-oxopropan-2-yl]amino]-3-methyl-1-oxopentan-2-yl]amino]-9-oxononanoyl]amino]-4-oxobutanoyl]amino]-3-phenylpropanoic acid",CC[C@@H](C)[C@H](NC(=O)CCCCCCCC(=O)N[C@@H](CC(N)=O)C(=O)N[C@@H](Cc1ccccc1)C(=O)O)C(=O)N[C@@H](Cc1ccc(Br)cc1)C(N)=O,C37H51BrN6O8,,21158224,level 2b,0,0,12,0.0851,0,0,1.4416453e-06,0,0.000183806,0,0,0,1,Norman_Human metabolites.csv,0.5223880597014925,0,Transformation and metabolic products,CC[C@@H](C)[C@H](NC(=O)CCCCCCCC(=O)N[C@@H](CC(N)=O)C(=O)N[C@@H](Cc1ccccc1)C(=O)O)C(=O)N[C@@H](Cc1ccc(Br)cc1)C(N)=O
70,"4-[(3R)-1-[(3R,4S,5R,8S,9R,10R,13R)-13-[[5-(5-chloro-2-pyridinyl)-4-methyl-1,2,4-triazol-3-yl]-hydroxymethyl]-3,4,9,10-tetramethyl-16-oxo-15-propan-2-yl-1,2,3,5,6,7,8,11,12,17-decahydrocyclopenta[a]phenanthren-4-yl]pentan-3-yl]oxy-2,2-dimethyl-4-oxobutanoic acid",CC[C@H](CC[C@@]1(C)[C@H](C)CC[C@]2(C)[C@@H]1CC[C@@H]1C3=C(C(C)C)C(=O)C[C@]3(C(O)c3nnc(-c4ccc(Cl)cn4)n3C)CC[C@]12C)OC(=O)CC(C)(C)C(=O)O,C44H63ClN4O6,,138456489,level 2b,0,0,10,0.0709,0,1,0.45669293,0,0.50880337,1,1,0,1,Norman_Pharmaceuticals.csv,0.24,0,Pharmaceuticals,CC[C@H](CC[C@@]1(C)[C@H](C)CC[C@]2(C)[C@@H]1CC[C@@H]1C3=C(C(C)C)C(=O)C[C@]3(C(O)c3nnc(-c4ccc(Cl)cn4)n3C)CC[C@]12C)OC(=O)CC(C)(C)C(=O)O
71,"4-[(3R)-1-[(3R,4S,5R,8S,9R,10R,13R)-13-[5-(5-chloro-2-pyridinyl)-1,3,4-oxadiazol-2-yl]-3,4,9,10-tetramethyl-16-oxo-15-propan-2-yl-1,2,3,5,6,7,8,11,12,17-decahydrocyclopenta[a]phenanthren-4-yl]pentan-3-yl]oxy-2,2-dimethyl-4-oxobutanoic acid",CC[C@H](CC[C@@]1(C)[C@H](C)CC[C@]2(C)[C@@H]1CC[C@@H]1C3=C(C(C)C)C(=O)C[C@]3(c3nnc(-c4ccc(Cl)cn4)o3)CC[C@]12C)OC(=O)CC(C)(C)C(=O)O,C42H58ClN3O6,,138456309,level 2b,0,0,141,1,1,1,0.6062118,1,0.57655776,1,1,0,1,Norman_Pharmaceuticals.csv,0.2479338842975206,0,Pharmaceuticals,CC[C@H](CC[C@@]1(C)[C@H](C)CC[C@]2(C)[C@@H]1CC[C@@H]1C3=C(C(C)C)C(=O)C[C@]3(c3nnc(-c4ccc(Cl)cn4)o3)CC[C@]12C)OC(=O)CC(C)(C)C(=O)O
72,"(1S,2R,5R,6S,7S,8R,9S,11R,13S,14R)-15-[2-(4-chlorophenyl)ethyl]-2-ethyl-8-[(2S,3R,4S,6R)-4-[ethyl(methyl)amino]-3-hydroxy-6-methyloxan-2-yl]oxy-6-hydroxy-9-methoxy-1,5,7,9,11,13-hexamethyl-3,17-dioxa-15-azabicyclo[12.3.0]heptadecane-4,12,16-trione",CC[C@H]1OC(=O)[C@H](C)[C@@H](O)[C@H](C)[C@@H](O[C@@H]2O[C@H](C)C[C@H](N(C)CC)[C@H]2O)[C@@](C)(OC)C[C@@H](C)C(=O)[C@@H](C)[C@H]2N(CCc3ccc(Cl)cc3)C(=O)O[C@]12C,C40H63ClN2O10,,11285730,level 2b,0,0,32,0.227,0,0,0.8260957,1,0.121288635,0,1,0,1,Industrial_chemical.csv,0.5777777777777777,0,Industry and consumer goods,CC[C@H]1OC(=O)[C@H](C)[C@@H](O)[C@H](C)[C@@H](O[C@@H]2O[C@H](C)C[C@H](N(C)CC)[C@H]2O)[C@@](C)(OC)C[C@@H](C)C(=O)[C@@H](C)[C@H]2N(CCc3ccc(Cl)cc3)C(=O)O[C@]12C
73,"tert-butyl (3S,4S)-4-[4-chloro-2-[2-tri(propan-2-yl)silyloxyethyl]phenyl]-4-hydroxy-3-[[4-(3-methoxypropyl)-2,3-dihydro-1,4-benzoxazin-6-yl]methoxy]piperidine-1-carboxylate",COCCCN1CCOc2ccc(CO[C@H]3CN(C(=O)OC(C)(C)C)CC[C@]3(O)c3ccc(Cl)cc3CCO[Si](C(C)C)(C(C)C)C(C)C)cc21,C40H63ClN2O7Si,,66845727,level 2b,0,0,128,0.9078,1,1,0.9464164,1,0.57794535,1,1,0,1,Norman_Human metabolites.csv,0.2745098039215686,0,Transformation and metabolic products,COCCCN1CCOc2ccc(CO[C@H]3CN(C(=O)OC(C)(C)C)CC[C@]3(O)c3ccc(Cl)cc3CCO[Si](C(C)C)(C(C)C)C(C)C)cc21
74,tert-butyl-[(2R)-1-[4-[2-chloro-4-(2-methoxyethylcarbamoyl)phenyl]phenyl]-4-[(3R)-3-[1-(3-methoxypropyl)benzimidazol-2-yl]piperidin-1-yl]-4-oxobutan-2-yl]carbamic acid,COCCCn1c([C@@H]2CCCN(C(=O)C[C@@H](Cc3ccc(-c4ccc(C(=O)NCCOC)cc4Cl)cc3)N(C(=O)O)C(C)(C)C)C2)nc2ccccc21,C41H52ClN5O6,,66786929,level 2b,0,0,25,0.1773,0,0,0.31583333,0,0.8437958,1,1,0,1,Industrial_chemical.csv;Norman_Human metabolites.csv;Norman_Pharmaceuticals.csv,0.3486238532110092,0,Pharmaceuticals,COCCCn1c([C@@H]2CCCN(C(=O)C[C@@H](Cc3ccc(-c4ccc(C(=O)NCCOC)cc4Cl)cc3)N(C(=O)O)C(C)(C)C)C2)nc2ccccc21
75,"2-[(2S,3S)-5-chloro-6-fluoro-3-methyl-2-phenyl-2-[[[4-[4-(piperidin-4-ylmethyl)piperidine-1-carbonyl]cyclohexyl]amino]methyl]-3H-1-benzofuran-4-yl]-3-fluoro-4-methoxybenzamide",COc1ccc(C(N)=O)c(-c2c(Cl)c(F)cc3c2[C@H](C)[C@@](CNC2CCC(C(=O)N4CCC(CC5CCNCC5)CC4)CC2)(c2ccccc2)O3)c1F,C42H51ClF2N4O4,,167497117,level 2b,0,0,14,0.0993,0,1,0.000818887,0,0.001358503,0,1,0,1,Norman_Human metabolites.csv,0.2897196261682243,0,Transformation and metabolic products,COc1ccc(C(N)=O)c(-c2c(Cl)c(F)cc3c2[C@H](C)[C@@](CNC2CCC(C(=O)N4CCC(CC5CCNCC5)CC4)CC2)(c2ccccc2)O3)c1F
76,chloro-(37-iodoheptatriacontyl)-dimethylsilane,C[Si](C)(Cl)CCCCCCCCCCCCCCCCCCCCCCCCCCCCCCCCCCCCCI,C39H80ClISi,,87685957,level 2b,0,0,61,0.4326,0,1,0.005595723,0,0.03815243,0,1,0,1,Industrial_chemical.csv;Norman_Human metabolites.csv;Norman_Plastic additives.csv;Norman_Food contact chemicals.csv,0.5909090909090909,0,Food and other consumption,C[Si](C)(Cl)CCCCCCCCCCCCCCCCCCCCCCCCCCCCCCCCCCCCCI
77,2-[4-[[6-(4-bromophenoxy)-5-nitropyrimidin-4-yl]amino]-2-chloro-5-methylphenyl]-2-(4-chlorophenyl)acetonitrile,Cc1cc(C(C#N)c2ccc(Cl)cc2)c(Cl)cc1Nc1ncnc(Oc2ccc(Br)cc2)c1[N+](=O)[O-],C25H16BrCl2N5O3,,23483232,level 2b,0,0,4,0.0284,0,1,0.83667374,1,0.72093433,1,1,0,1,Norman_Human metabolites.csv,0.4189189189189189,0,Transformation and metabolic products,Cc1cc(C(C#N)c2ccc(Cl)cc2)c(Cl)cc1Nc1ncnc(Oc2ccc(Br)cc2)c1[N+](=O)[O-]
78,"N-[5-[(4-bromo-3-methylphenyl)sulfamoyl]-1,3,4-thiadiazol-2-yl]-2,4-dichlorobenzamide",Cc1cc(NS(=O)(=O)c2nnc(NC(=O)c3ccc(Cl)cc3Cl)s2)ccc1Br,C16H11BrCl2N4O3S2,,100568271,level 2b,0,0,3,0.0213,0,0,0.8237579,1,0.26306623,0,1,0,1,Norman_Pharmaceuticals.csv,0.4285714285714285,0,Pharmaceuticals,Cc1cc(NS(=O)(=O)c2nnc(NC(=O)c3ccc(Cl)cc3Cl)s2)ccc1Br
79,"(5E)-5-[[3-bromo-5-chloro-4-[(4-methylphenyl)methoxy]phenyl]methylidene]-1-(2,3-dichlorophenyl)-2-sulfanylidene-1,3-diazinane-4,6-dione",Cc1ccc(COc2c(Cl)cc(/C=C3\C(=O)NC(=S)N(c4cccc(Cl)c4Cl)C3=O)cc2Br)cc1,C25H16BrCl3N2O3S,,125865444,level 2b,0,0,1,0.0071,0,1,0.9659884,1,0.98241264,1,1,0,1,Norman_Human metabolites.csv,0.3625,0,Transformation and metabolic products,Cc1ccc(COc2c(Cl)cc(/C=C3\C(=O)NC(=S)N(c4cccc(Cl)c4Cl)C3=O)cc2Br)cc1
80,"pentakis(2,2,2-trichloroethoxy)-lambda5-phosphane",ClC(Cl)(Cl)COP(OCC(Cl)(Cl)Cl)(OCC(Cl)(Cl)Cl)(OCC(Cl)(Cl)Cl)OCC(Cl)(Cl)Cl,C10H10Cl15O5P,,12486606,level 2b,4,0.0206,63,0.4468,0,0,0.9956291,1,0.95381963,1,1,0,1,EPA_PFAS.csv,0.4444444444444444,0,Industry and consumer goods,ClC(Cl)(Cl)COP(OCC(Cl)(Cl)Cl)(OCC(Cl)(Cl)Cl)(OCC(Cl)(Cl)Cl)OCC(Cl)(Cl)Cl
81,"2-chloro-4,6-bis(2,4,6-tribromophenoxy)-1,3,5-triazine",Clc1nc(Oc2c(Br)cc(Br)cc2Br)nc(Oc2c(Br)cc(Br)cc2Br)n1,C15H4Br6ClN3O2,,21840867,level 2b,0,0,53,0.3759,0,1,0.9873978,1,0.9995938,1,1,0,1,Norman_Food contact chemicals.csv;Norman_Human metabolites.csv;Industrial_chemical.csv;Norman_Drinking water chemicals.csv;Norman_Plastic additives.csv,0.8,1,Food and other consumption,Clc1nc(Oc2c(Br)cc(Br)cc2Br)nc(Oc2c(Br)cc(Br)cc2Br)n1
82,"(4R,6S)-6-[4,4-bis(2,6-dichlorophenyl)-3-(1-methyltetrazol-5-yl)buta-1,3-dienyl]-4-hydroxyoxan-2-one",Cn1nnnc1C(C=C[C@@H]1C[C@@H](O)CC(=O)O1)=C(c1c(Cl)cccc1Cl)c1c(Cl)cccc1Cl,C23H18Cl4N4O3,,57287142,level 2b,0,0,23,0.1631,0,0,0.8677709,1,0.9823007,1,1,0,1,Norman_Human metabolites.csv,0.325,0,Transformation and metabolic products,Cn1nnnc1C(C=C[C@@H]1C[C@@H](O)CC(=O)O1)=C(c1c(Cl)cccc1Cl)c1c(Cl)cccc1Cl
83,"[3-[(4-cyano-3-fluorophenoxy)methyl]-1-(2,4-dichlorophenyl)sulfonylazetidin-3-yl]methyl 2,2,2-trifluoroacetate",N#Cc1ccc(OCC2(COC(=O)C(F)(F)F)CN(S(=O)(=O)c3ccc(Cl)cc3Cl)C2)cc1F,C20H14Cl2F4N2O5S,,175322523,level 2b,0,0,2,0.0142,0,0,0.7523999,1,0.2555087,0,1,0,1,Norman_Pharmaceuticals.csv,0.369047619047619,0,Pharmaceuticals,N#Cc1ccc(OCC2(COC(=O)C(F)(F)F)CN(S(=O)(=O)c3ccc(Cl)cc3Cl)C2)cc1F
84,"1,2-bis[3-(4-bromophenyl)-5-hydroxy-5-(trichloromethyl)-4H-pyrazol-1-yl]ethane-1,2-dione",O=C(C(=O)N1N=C(c2ccc(Br)cc2)CC1(O)C(Cl)(Cl)Cl)N1N=C(c2ccc(Br)cc2)CC1(O)C(Cl)(Cl)Cl,C22H14Br2Cl6N4O4,,129837781,level 2b,0,0,1,0.0071,0,1,0.9005352,1,0.9998867,1,1,0,1,EPA_PFAS.csv;Norman_Per- and polyfluoroalkyl substances.csv,0.3818181818181818,0,Industry and consumer goods,O=C(C(=O)N1N=C(c2ccc(Br)cc2)CC1(O)C(Cl)(Cl)Cl)N1N=C(c2ccc(Br)cc2)CC1(O)C(Cl)(Cl)Cl
85,"2-chloro-5-[[(1R,3R)-2,2-dichloro-3-(3,5-dichlorophenyl)cyclopropanecarbonyl]amino]-N-(5-nitro-3-pyridinyl)benzamide",O=C(Nc1cncc([N+](=O)[O-])c1)c1cc(NC(=O)[C@H]2[C@H](c3cc(Cl)cc(Cl)c3)C2(Cl)Cl)ccc1Cl,C22H13Cl5N4O4,,122619307,level 2b,0,0,1,0.0071,0,1,0.98022896,1,0.94909936,1,1,0,1,Industrial_chemical.csv;Norman_Pharmaceuticals.csv,0.40625,0,Pharmaceuticals,O=C(Nc1cncc([N+](=O)[O-])c1)c1cc(NC(=O)[C@H]2[C@H](c3cc(Cl)cc(Cl)c3)C2(Cl)Cl)ccc1Cl
86,39-trichlorosilylnonatriacontanoic acid,O=C(O)CCCCCCCCCCCCCCCCCCCCCCCCCCCCCCCCCCCCCC[Si](Cl)(Cl)Cl,C39H77Cl3O2Si,,87685424,level 2b,0,0,72,0.5106,1,1,1.9090036e-08,0,0.010887127,0,1,0,1,Norman_Indoor environment substances.csv;Norman_Food contact chemicals.csv;Norman_Pharmaceuticals.csv;Norman_Human metabolites.csv;Industrial_chemical.csv;Norman_Drinking water chemicals.csv;Norman_Personal care products.csv;Norman_Plastic additives.csv,0.6,0,Pharmaceuticals,O=C(O)CCCCCCCCCCCCCCCCCCCCCCCCCCCCCCCCCCCCCC[Si](Cl)(Cl)Cl
87,"(2S)-2-(2-chlorophenyl)-1-[(2-phenylacetyl)amino]-N-[4-[[(9R)-7,10,13,21-tetraoxo-8,11,14,20-tetrazaspiro[4.17]docosan-9-yl]methyl]phenyl]cyclopropane-1-carboxamide",O=C1CNC(=O)[C@@H](Cc2ccc(NC(=O)C3(NC(=O)Cc4ccccc4)C[C@H]3c3ccccc3Cl)cc2)NC(=O)CC2(CCCC2)CC(=O)NCCCCCN1,C43H51ClN6O6,,156718629,level 2b,0,0,4,0.0284,0,0,0.9329196,1,0.78311354,1,1,0,1,Norman_Pharmaceuticals.csv,0.3173076923076923,0,Pharmaceuticals,O=C1CNC(=O)[C@@H](Cc2ccc(NC(=O)C3(NC(=O)Cc4ccccc4)C[C@H]3c3ccccc3Cl)cc2)NC(=O)CC2(CCCC2)CC(=O)NCCCCCN1
88,"1-(4-chlorophenyl)-5-[[6-(4-chlorophenyl)sulfanylimidazo[2,1-b][1,3]thiazol-5-yl]methylidene]-2-sulfanylidene-1,3-diazinane-4,6-dione",O=C1NC(=S)N(c2ccc(Cl)cc2)C(=O)C1=Cc1c(Sc2ccc(Cl)cc2)nc2sccn12,C22H12Cl2N4O2S3,,90710459,level 2b,0,0,17,0.1206,0,0,0.8921161,1,0.93699527,1,1,0,1,Industrial_chemical.csv,0.3157894736842105,0,Industry and consumer goods,O=C1NC(=S)N(c2ccc(Cl)cc2)C(=O)C1=Cc1c(Sc2ccc(Cl)cc2)nc2sccn12
89,"[4,4,4-trichloro-2-hydroxy-2-(3,4,5-tribromophenyl)butyl] 2,2-dibromoethanesulfonate",O=S(=O)(CC(Br)Br)OCC(O)(CC(Cl)(Cl)Cl)c1cc(Br)c(Br)c(Br)c1,C12H10Br5Cl3O4S,,21540643,level 2b,162,0.8351,137,0.9716,1,0,0.9856428,1,0.99779004,1,1,0,1,Industrial_chemical.csv;Norman_Human metabolites.csv,0.2777777777777778,0,Industry and consumer goods,O=S(=O)(CC(Br)Br)OCC(O)(CC(Cl)(Cl)Cl)c1cc(Br)c(Br)c(Br)c1
90,"(2S)-2-[(4-amino-3-chloro-5-ethynylphenyl)methyl]-1-[4-(4-methyl-1,4-diazepan-1-yl)piperidin-1-yl]-4-[4-(2-oxo-4,5-dihydro-1H-1,3-benzodiazepin-3-yl)piperidin-1-yl]butane-1,4-dione",C#Cc1cc(C[C@@H](CC(=O)N2CCC(N3CCc4ccccc4NC3=O)CC2)C(=O)N2CCC(N3CCCN(C)CC3)CC2)cc(Cl)c1N,C38H50ClN7O3,,59814497,level 2b,0,0,58,0.4113,0,0,0.2622258,0,0.81279474,1,1,0,1,Norman_Human metabolites.csv;Norman_Pharmaceuticals.csv,0.2983870967741935,0,Pharmaceuticals,C#Cc1cc(C[C@@H](CC(=O)N2CCC(N3CCc4ccccc4NC3=O)CC2)C(=O)N2CCC(N3CCCN(C)CC3)CC2)cc(Cl)c1N
91,"2,2-dimethylpropanoyloxymethyl (2Z)-2-[(3R,4S,5S,8S,9S,10S,11R,13R,14S)-4-(4-chlorophenyl)-11-hydroxy-3,4,8,10,14-pentamethyl-16-prop-1-en-2-yloxy-1,2,3,5,6,7,9,11,12,13,15,16-dodecahydrocyclopenta[a]phenanthren-17-ylidene]-6-methylhept-5-enoate",C=C(C)OC1C[C@@]2(C)[C@@H](C[C@@H](O)[C@H]3[C@@]4(C)CC[C@@H](C)[C@](C)(c5ccc(Cl)cc5)[C@H]4CC[C@@]32C)/C1=C(\CCC=C(C)C)C(=O)OCOC(=O)C(C)(C)C,C45H65ClO6,,142988173,level 2b,0,0,89,0.6312,1,1,0.95933187,1,0.89054483,1,1,0,1,Norman_Human metabolites.csv;Norman_Pharmaceuticals.csv,0.4680851063829787,0,Pharmaceuticals,C=C(C)OC1C[C@@]2(C)[C@@H](C[C@@H](O)[C@H]3[C@@]4(C)CC[C@@H](C)[C@](C)(c5ccc(Cl)cc5)[C@H]4CC[C@@]32C)/C1=C(\CCC=C(C)C)C(=O)OCOC(=O)C(C)(C)C
92,"N'-(3-aminopropyl)-N'-[1-[2-[1-[[2-chloro-6-[4-[4-(pent-4-enylamino)phenyl]sulfanylpiperazin-1-yl]-4-pyridinyl]-difluoromethyl]cyclohexyl]ethylphosphanyl]ethenyl]propane-1,3-diamine",C=CCCCNc1ccc(SN2CCN(c3cc(C(F)(F)C4(CCPC(=C)N(CCCN)CCCN)CCCCC4)cc(Cl)n3)CC2)cc1,C37H57ClF2N7PS,,168204205,level 2b,0,0,4,0.0284,0,1,0.020877136,0,0.004224178,0,1,0,1,Norman_Pharmaceuticals.csv,0.2181818181818181,0,Pharmaceuticals,C=CCCCNc1ccc(SN2CCN(c3cc(C(F)(F)C4(CCPC(=C)N(CCCN)CCCN)CCCCC4)cc(Cl)n3)CC2)cc1
93,"2-[[2-bromo-4-[(E)-[1-(2,3-dichlorophenyl)-4,6-dioxo-2-sulfanylidene-1,3-diazinan-5-ylidene]methyl]-6-prop-2-enylphenoxy]methyl]benzonitrile",C=CCc1cc(/C=C2\C(=O)NC(=S)N(c3cccc(Cl)c3Cl)C2=O)cc(Br)c1OCc1ccccc1C#N,C28H18BrCl2N3O3S,,125860500,level 2b,0,0,35,0.2482,0,1,0.76450455,1,0.43884522,0,1,0,1,Norman_Human metabolites.csv,0.3448275862068966,0,Transformation and metabolic products,C=CCc1cc(/C=C2\C(=O)NC(=S)N(c3cccc(Cl)c3Cl)C2=O)cc(Br)c1OCc1ccccc1C#N
94,2-chloro-4-(3-ethenyl-4-pyridinyl)-5-fluoro-N-[6-(triazol-2-yl)-5-(trifluoromethyl)-3-pyridinyl]benzamide,C=Cc1cnccc1-c1cc(Cl)c(C(=O)Nc2cnc(-n3nccn3)c(C(F)(F)F)c2)cc1F,C22H13ClF4N6O,,166462813,level 2b,0,0,1,0.0071,0,0,0.9350431,1,0.000405453,0,1,0,1,EPA_PFAS.csv,0.3235294117647059,0,Industry and consumer goods,C=Cc1cnccc1-c1cc(Cl)c(C(=O)Nc2cnc(-n3nccn3)c(C(F)(F)F)c2)cc1F
95,"5-[[2-[(E)-1-(4-tert-butylpiperazin-1-yl)-6-methyl-7-[methylamino(methylidene)-lambda4-sulfanyl]oct-3-en-2-yl]cyclobutyl]methyl]-3-(4-chloro-2-propylphenyl)-3,4-dihydro-2H-1,5-benzoxazepine-7-carbaldehyde",C=S(NC)C(C)C(C)C/C=C/C(CN1CCN(C(C)(C)C)CC1)C1CCC1CN1CC(c2ccc(Cl)cc2CCC)COc2ccc(C=O)cc21,C43H65ClN4O2S,,142444936,level 2b,0,0,26,0.1844,0,1,0.9430279,1,0.7359452,1,1,0,1,Norman_Human metabolites.csv,0.2181818181818181,0,Transformation and metabolic products,C=S(NC)C(C)C(C)C/C=C/C(CN1CCN(C(C)(C)C)CC1)C1CCC1CN1CC(c2ccc(Cl)cc2CCC)COc2ccc(C=O)cc21
96,"1-[3,7-diacetyl-2,6-dichloro-9-[(2R,3R,4S,5R)-3,4-dihydroxy-5-(hydroxymethyl)oxolan-2-yl]-2,8-dihydropurin-8-yl]ethanone",CC(=O)C1N(C(C)=O)C2=C(N(C(C)=O)C(Cl)N=C2Cl)N1[C@@H]1O[C@H](CO)[C@@H](O)[C@H]1O,C16H20Cl2N4O7,,22793848,level 2b,0,0,39,0.2766,0,0,0.002488799,0,0.000711577,0,0,0,1,Industrial_chemical.csv,0.3538461538461538,0,Industry and consumer goods,CC(=O)C1N(C(C)=O)C2=C(N(C(C)=O)C(Cl)N=C2Cl)N1[C@@H]1O[C@H](CO)[C@@H](O)[C@H]1O
97,"N-[2-[3-(carbamoylcarbamothioyl)-3,5-dichloro-4-hydroxy-4-phenylmethoxycyclohexa-1,5-dien-1-yl]phenyl]acetamide",CC(=O)Nc1ccccc1C1=CC(Cl)(C(=S)NC(N)=O)C(O)(OCc2ccccc2)C(Cl)=C1,C23H21Cl2N3O4S,,91376907,level 2b,0,0,4,0.0284,0,0,0.58945096,1,0.008439021,0,1,0,1,Industrial_chemical.csv;Norman_Personal care products.csv;Norman_Human metabolites.csv;Norman_Food contact chemicals.csv,0.3174603174603174,0,Personal care products,CC(=O)Nc1ccccc1C1=CC(Cl)(C(=S)NC(N)=O)C(O)(OCc2ccccc2)C(Cl)=C1
98,"N-[6-[[5-bromo-4-(3-chloro-4-fluorophenyl)-1,3-thiazol-2-yl]sulfamoyl]-5-methyl-3-pyridinyl]acetamide",CC(=O)Nc1cnc(S(=O)(=O)Nc2nc(-c3ccc(F)c(Cl)c3)c(Br)s2)c(C)c1,C17H13BrClFN4O3S2,,176167800,level 2b,0,0,46,0.3262,0,0,0.8334426,1,0.61955976,1,1,0,1,Norman_Human metabolites.csv,0.3833333333333333,0,Transformation and metabolic products,CC(=O)Nc1cnc(S(=O)(=O)Nc2nc(-c3ccc(F)c(Cl)c3)c(Br)s2)c(C)c1
99,"4-[[3a-[2-[(2-chlorophenyl)methyl-methylamino]-1-hydroxyethyl]-5b,8,11a-trimethyl-2-oxo-1-propan-2-yl-4,5,5a,6,7,7a,8,9,10,11,11b,12,13,13a-tetradecahydro-3H-cyclopenta[a]chrysen-9-yl]oxy]-2,2-dimethyl-4-oxobutanoic acid",CC(C)C1=C2C3CCC4C(C)(CCC5C(C)C(OC(=O)CC(C)(C)C(=O)O)CCC54C)C3CCC2(C(O)CN(C)Cc2ccccc2Cl)CC1=O,C43H62ClNO6,,145595684,level 2b,3,0.0155,34,0.2411,0,0,0.57671523,1,0.709631,1,1,0,1,Norman_Natural toxins.csv,0.2666666666666666,0,Transformation and metabolic products,CC(C)C1=C2C3CCC4C(C)(CCC5C(C)C(OC(=O)CC(C)(C)C(=O)O)CCC54C)C3CCC2(C(O)CN(C)Cc2ccccc2Cl)CC1=O
100,"4-[[(3aR,5aR,5bR,7aR,9S,11aR,11bR,13aS)-3a-[(3-chlorophenyl)methylcarbamoyl]-5a,5b,8,8,11a-pentamethyl-2-oxo-1-propan-2-yl-4,5,6,7,7a,9,10,11,11b,12,13,13a-dodecahydro-3H-cyclopenta[a]chrysen-9-yl]oxy]-2,2-dimethyl-4-oxobutanoic acid",CC(C)C1=C2[C@H]3CC[C@@H]4[C@@]5(C)CC[C@H](OC(=O)CC(C)(C)C(=O)O)C(C)(C)[C@@H]5CC[C@@]4(C)[C@]3(C)CC[C@@]2(C(=O)NCc2cccc(Cl)c2)CC1=O,C43H60ClNO6,,68393182,level 2b,0,0,22,0.156,0,1,0.60335785,1,0.7580553,1,1,0,1,Norman_Pharmaceuticals.csv,0.4432989690721649,0,Pharmaceuticals,CC(C)C1=C2[C@H]3CC[C@@H]4[C@@]5(C)CC[C@H](OC(=O)CC(C)(C)C(=O)O)C(C)(C)[C@@H]5CC[C@@]4(C)[C@]3(C)CC[C@@]2(C(=O)NCc2cccc(Cl)c2)CC1=O
101,"3-[6-chloro-1-[(3-fluoro-2-pyridinyl)methyl]indazol-3-yl]-7,7-dimethyl-5H-pyrrolo[2,3-e][1,2,4]triazin-6-one",CC1(C)C(=O)Nc2nc(-c3nn(Cc4ncccc4F)c4cc(Cl)ccc34)nnc21,C20H15ClFN7O,,89694949,level 2b,0,0,23,0.1631,0,0,0.24970707,0,7.1141653e-06,0,0,0,1,EPA_PFAS.csv,0.2987012987012987,0,Industry and consumer goods,CC1(C)C(=O)Nc2nc(-c3nn(Cc4ncccc4F)c4cc(Cl)ccc34)nnc21
102,"6-[3-chloro-2-phenylmethoxy-6-(trifluoromethyl)phenyl]-8,8-dimethyl-7-sulfinylthiopyrano[3,4-b]pyridin-5-ol",CC1(C)c2ncccc2C(O)=C(c2c(C(F)(F)F)ccc(Cl)c2OCc2ccccc2)S1=S=O,C24H19ClF3NO3S2,,118513984,level 2b,0,0,14,0.0993,0,0,0.9899711,1,0.9535574,1,1,0,1,Industrial_chemical.csv,0.2906976744186046,0,Industry and consumer goods,CC1(C)c2ncccc2C(O)=C(c2c(C(F)(F)F)ccc(Cl)c2OCc2ccccc2)S1=S=O
103,"methyl (1S,3R,4S)-3-[(12R,17R,18S,19R)-19-carbamoyloxy-18-chloro-13,14,17-trihydroxy-6,12-dimethyl-15-oxotricosanoyl]oxy-4-hydroxycyclohexane-1-carboxylate",CCCC[C@@H](OC(N)=O)[C@@H](Cl)[C@H](O)CC(=O)C(O)C(O)[C@H](C)CCCCCC(C)CCCCC(=O)O[C@@H]1C[C@@H](C(=O)OC)CC[C@@H]1O,C34H60ClNO11,,11093703,level 2b,44,0.2268,23,0.1631,0,0,4.0570844e-06,0,0.010835674,0,0,0,1,Industrial_chemical.csv;Norman_Human metabolites.csv,0.3375,0,Industry and consumer goods,CCCC[C@@H](OC(N)=O)[C@@H](Cl)[C@H](O)CC(=O)C(O)C(O)[C@H](C)CCCCCC(C)CCCCC(=O)O[C@@H]1C[C@@H](C(=O)OC)CC[C@@H]1O
104,ethyl 1-(4-bromo-2-fluorophenyl)-5-(4-chlorophenyl)-4-methylsulfonylpyrazole-3-carboxylate,CCOC(=O)c1nn(-c2ccc(Br)cc2F)c(-c2ccc(Cl)cc2)c1S(C)(=O)=O,C19H15BrClFN2O4S,,140156605,level 2b,0,0,64,0.4539,0,0,0.7813929,1,0.85212076,1,1,0,1,Industrial_chemical.csv,0.423728813559322,0,Industry and consumer goods,CCOC(=O)c1nn(-c2ccc(Br)cc2F)c(-c2ccc(Cl)cc2)c1S(C)(=O)=O
105,"2-[(5-amino-1,3,4-thiadiazol-2-yl)sulfanyl]-N-[[3-bromo-4-[(2,6-dichlorophenyl)methoxy]-5-ethoxyphenyl]methylideneamino]acetamide",CCOc1cc(C=NNC(=O)CSc2nnc(N)s2)cc(Br)c1OCc1c(Cl)cccc1Cl,C20H18BrCl2N5O3S2,,19204473,level 2b,0,0,47,0.3333,0,0,0.81412077,1,0.9251143,1,1,0,1,Norman_Human metabolites.csv,0.3452380952380952,0,Transformation and metabolic products,CCOc1cc(C=NNC(=O)CSc2nnc(N)s2)cc(Br)c1OCc1c(Cl)cccc1Cl
106,1-[3-[2-[2-[[1-amino-3-(3-hydroxy-3-methylbutyl)iminoprop-1-en-2-yl]amino]pyrimidin-5-yl]ethynyl]-4-methylphenyl]-3-[3-chloro-4-[2-[(4S)-4-ethylcycloheptyl]ethyl]phenyl]propan-1-one,CC[C@H]1CCCC(CCc2ccc(CCC(=O)c3ccc(C)c(C#Cc4cnc(NC(C=NCCC(C)(C)O)=CN)nc4)c3)cc2Cl)CC1,C41H52ClN5O2,,155033549,level 2b,0,0,46,0.3262,0,1,0.8316201,1,0.6710632,1,1,0,1,Norman_Pharmaceuticals.csv,0.2660550458715596,0,Pharmaceuticals,CC[C@H]1CCCC(CCc2ccc(CCC(=O)c3ccc(C)c(C#Cc4cnc(NC(C=NCCC(C)(C)O)=CN)nc4)c3)cc2Cl)CC1
107,"7-[(4-chloro-1-ethyl-3H-pyrazol-1-ium-3-carbonyl)amino]-3-[(5-methyl-1,3,4-thiadiazol-2-yl)sulfanylmethyl]-8-oxo-5-thia-1-azabicyclo[4.2.0]oct-2-ene-2-carboxylic acid",CC[N+]1=NC(C(=O)NC2C(=O)N3C(C(=O)O)=C(CSc4nnc(C)s4)CSC23)C(Cl)=C1,C17H18ClN6O4S3,,3340879,level 2b,0,0,25,0.1773,0,0,1.5002636e-09,0,1.1343953e-07,0,0,0,1,Norman_Human metabolites.csv;Norman_Pharmaceuticals.csv,0.6410256410256411,1,Pharmaceuticals,CC[N+]1=NC(C(=O)NC2C(=O)N3C(C(=O)O)=C(CSc4nnc(C)s4)CSC23)C(Cl)=C1
108,2-[4-[4-[(2R)-3-[4-amino-3-chloro-5-(trifluoromethyl)phenyl]-2-[4-[formyl-[2-[2-(methylamino)phenyl]ethyl]amino]piperidine-1-carbonyl]oxypropanoyl]piperazin-1-yl]piperidin-1-yl]acetic acid,CNc1ccccc1CCN(C=O)C1CCN(C(=O)O[C@H](Cc2cc(Cl)c(N)c(C(F)(F)F)c2)C(=O)N2CCN(C3CCN(CC(=O)O)CC3)CC2)CC1,C37H49ClF3N7O6,,88976249,level 2b,0,0,4,0.0284,0,0,1.6821457e-07,0,0.001196219,0,0,0,1,Norman_Human metabolites.csv,0.2815533980582524,0,Transformation and metabolic products,CNc1ccccc1CCN(C=O)C1CCN(C(=O)O[C@H](Cc2cc(Cl)c(N)c(C(F)(F)F)c2)C(=O)N2CCN(C3CCN(CC(=O)O)CC3)CC2)CC1
109,"3-O-methyl 5-O-(1-oxothietan-3-yl) 4-[3-chloro-6-fluoro-2-(trifluoromethyl)phenyl]-2-(fluoromethyl)-6-methyl-1,4-dihydropyridine-3,5-dicarboxylate",COC(=O)C1=C(CF)NC(C)=C(C(=O)OC2CS(=O)C2)C1c1c(F)ccc(Cl)c1C(F)(F)F,C20H17ClF5NO5S,,88121575,level 2b,0,0,12,0.0851,0,0,0.3780968,0,1.3089235e-19,0,0,0,1,Norman_Human metabolites.csv,0.3972602739726027,0,Transformation and metabolic products,COC(=O)C1=C(CF)NC(C)=C(C(=O)OC2CS(=O)C2)C1c1c(F)ccc(Cl)c1C(F)(F)F
110,"methyl (2R,4aS,6aR,6aS,14aS,14bR)-10-[2-[[1-[(4-chlorophenyl)methyl]triazol-4-yl]methylamino]-2-oxoethoxy]-2,4a,6a,6a,9,14a-hexamethyl-11-oxo-1,3,4,5,6,13,14,14b-octahydropicene-2-carboxylate",COC(=O)[C@]1(C)CC[C@]2(C)CC[C@]3(C)C4=CC=C5C(=CC(=O)C(OCC(=O)NCc6cn(Cc7ccc(Cl)cc7)nn6)=C5C)[C@]4(C)CC[C@@]3(C)[C@@H]2C1,C42H51ClN4O5,,166636011,level 2b,0,0,3,0.0213,0,1,0.92655146,1,0.6271952,1,1,0,1,Norman_Human metabolites.csv,0.4736842105263157,0,Transformation and metabolic products,COC(=O)[C@]1(C)CC[C@]2(C)CC[C@]3(C)C4=CC=C5C(=CC(=O)C(OCC(=O)NCc6cn(Cc7ccc(Cl)cc7)nn6)=C5C)[C@]4(C)CC[C@@]3(C)[C@@H]2C1
111,"methyl 5-[[(5E)-5-[[3-chloro-4-[(2-chlorophenyl)methoxy]-5-methoxyphenyl]methylidene]-2,4-dioxo-1,3-thiazolidin-3-yl]methyl]furan-2-carboxylate",COC(=O)c1ccc(CN2C(=O)S/C(=C/c3cc(Cl)c(OCc4ccccc4Cl)c(OC)c3)C2=O)o1,C25H19Cl2NO7S,,126389069,level 2b,0,0,94,0.6667,1,0,0.9625965,1,0.8876287,1,1,0,1,Norman_Human metabolites.csv,0.3428571428571428,0,Transformation and metabolic products,COC(=O)c1ccc(CN2C(=O)S/C(=C/c3cc(Cl)c(OCc4ccccc4Cl)c(OC)c3)C2=O)o1
112,methyl 2-[1-benzyl-5-chloro-2-oxo-4-[(E)-2-phenylethenyl]-3-pyridinyl]benzoate,COC(=O)c1ccccc1-c1c(/C=C/c2ccccc2)c(Cl)cn(Cc2ccccc2)c1=O,C28H22ClNO3,,155675078,level 2b,0,0,36,0.2553,0,0,0.9561922,1,0.8019085,1,1,0,1,Norman_Human metabolites.csv,0.4,0,Transformation and metabolic products,COC(=O)c1ccccc1-c1c(/C=C/c2ccccc2)c(Cl)cn(Cc2ccccc2)c1=O
113,N-[2-[(2-amino-5-chlorophenyl)-(2-chlorophenyl)methyl]sulfanylethyl]-4-methoxycyclohexane-1-carboxamide,COC1CCC(C(=O)NCCSC(c2cc(Cl)ccc2N)c2ccccc2Cl)CC1,C23H28Cl2N2O2S,,23397326,level 2b,0,0,46,0.3262,0,0,0.9691871,1,0.97051543,1,1,0,1,Industrial_chemical.csv,0.3387096774193548,0,Industry and consumer goods,COC1CCC(C(=O)NCCSC(c2cc(Cl)ccc2N)c2ccccc2Cl)CC1
114,"3-[4-chloro-2-fluoro-5-[[3-(3-methoxypropyl)-4-oxo-1,3-thiazolidin-2-ylidene]amino]phenyl]-1-methyl-6-(trifluoromethyl)pyrimidine-2,4-dione",COCCCN1C(=O)CSC1=Nc1cc(-n2c(=O)cc(C(F)(F)F)n(C)c2=O)c(F)cc1Cl,C19H17ClF4N4O4S,,17790351,level 2b,0,0,22,0.156,0,0,0.05794985,0,0.07054807,0,0,0,1,Industrial_chemical.csv,0.4268292682926829,0,Industry and consumer goods,COCCCN1C(=O)CSC1=Nc1cc(-n2c(=O)cc(C(F)(F)F)n(C)c2=O)c(F)cc1Cl
115,"(2S,5'R)-7-chloro-6-(difluoromethoxy)-4-methoxy-5'-methyl-3'-phenylmethoxyspiro[1-benzofuran-2,4'-cyclohex-2-ene]-1',3-dione",COc1cc(OC(F)F)c(Cl)c2c1C(=O)[C@@]1(O2)C(OCc2ccccc2)=CC(=O)C[C@H]1C,C23H19ClF2O6,,127053185,level 2b,0,0,6,0.0426,0,0,0.8987455,1,0.6728426,1,1,0,1,Norman_Pharmaceuticals.csv;Norman_Natural toxins.csv;Norman_Human metabolites.csv;Industrial_chemical.csv;Norman_Human neurotoxins.csv,0.640625,1,Pharmaceuticals,COc1cc(OC(F)F)c(Cl)c2c1C(=O)[C@@]1(O2)C(OCc2ccccc2)=CC(=O)C[C@H]1C
116,"(3S,4R,5R,6S)-6-[4-chloro-3-[(2,3-difluoro-4-methoxyphenyl)methyl]phenyl]-2,2-bis(hydroxymethyl)oxane-3,4,5-triol",COc1ccc(Cc2cc([C@@H]3OC(CO)(CO)[C@@H](O)[C@H](O)[C@H]3O)ccc2Cl)c(F)c1F,C21H23ClF2O7,,68015198,level 2b,0,0,45,0.3191,0,0,0.1280248,0,6.317911e-05,0,0,0,1,Industrial_chemical.csv;Norman_Pharmaceuticals.csv,0.391304347826087,0,Pharmaceuticals,COc1ccc(Cc2cc([C@@H]3OC(CO)(CO)[C@@H](O)[C@H](O)[C@H]3O)ccc2Cl)c(F)c1F
117,"N-[[4-[(5-bromo-3-methyl-2-pyridinyl)sulfanyl]-3,5-dichlorophenyl]carbamoyl]-2-chlorobenzamide",Cc1cc(Br)cnc1Sc1c(Cl)cc(NC(=O)NC(=O)c2ccccc2Cl)cc1Cl,C20H13BrCl3N3O2S,,19073033,level 2b,0,0,2,0.0142,0,1,0.98540604,1,0.99562466,1,1,0,1,Norman_Pharmaceuticals.csv,0.4393939393939394,0,Pharmaceuticals,Cc1cc(Br)cnc1Sc1c(Cl)cc(NC(=O)NC(=O)c2ccccc2Cl)cc1Cl
118,4-hydroperoxybutoxycarbonyloxymethyl (2S)-6-chloro-8-methyl-2-(trifluoromethyl)-2H-chromene-3-carboxylate,Cc1cc(Cl)cc2c1O[C@H](C(F)(F)F)C(C(=O)OCOC(=O)OCCCCOO)=C2,C18H18ClF3O8,,162618919,level 2b,0,0,15,0.1064,0,0,0.5912162,1,0.50609624,1,1,0,1,"Industrial_chemical.csv;Norman_Drinking water chemicals.csv;Norman_Human metabolites.csv;Norman_Persistent, mobile and toxic substances.csv",0.2916666666666667,0,Food and other consumption,Cc1cc(Cl)cc2c1O[C@H](C(F)(F)F)C(C(=O)OCOC(=O)OCCCCOO)=C2
119,"(1R,10R,11S,15R)-13-(bromomethyl)-11,15-dichloro-10-[2-hydroxy-5-(trifluoromethoxy)phenyl]-4-methyl-2,4,6,13-tetrazatetracyclo[7.7.0.02,6.011,15]hexadec-8-ene-3,5,12,14-tetrone",Cn1c(=O)n2n(c1=O)[C@@H]1C[C@@]3(Cl)C(=O)N(CBr)C(=O)[C@@]3(Cl)[C@@H](c3cc(OC(F)(F)F)ccc3O)C1=CC2,C21H16BrCl2F3N4O6,,6639518,level 2b,0,0,55,0.3901,0,0,0.9515887,1,0.75520205,1,1,0,1,Norman_Human metabolites.csv,0.3804347826086957,0,Transformation and metabolic products,Cn1c(=O)n2n(c1=O)[C@@H]1C[C@@]3(Cl)C(=O)N(CBr)C(=O)[C@@]3(Cl)[C@@H](c3cc(OC(F)(F)F)ccc3O)C1=CC2
120,"2-[2-[2-chloro-4-fluoro-5-[3-methyl-2,6-dioxo-4-(trifluoromethyl)pyrimidin-1-yl]phenyl]imino-4-hydroxy-1,3-thiazolidin-3-yl]acetic acid",Cn1c(C(F)(F)F)cc(=O)n(-c2cc(N=C3SCC(O)N3CC(=O)O)c(Cl)cc2F)c1=O,C17H13ClF4N4O5S,,162547934,level 2b,0,0,12,0.0851,0,0,0.000239415,0,0.002754235,0,0,0,1,Industrial_chemical.csv,0.4625,0,Industry and consumer goods,Cn1c(C(F)(F)F)cc(=O)n(-c2cc(N=C3SCC(O)N3CC(=O)O)c(Cl)cc2F)c1=O
121,"[2-[[4-chloro-3-(3-chloro-5-cyanophenoxy)-2-fluorophenyl]methylcarbamoyl]pyrrolo[2,3-c]pyridin-1-yl] 2,2,2-trifluoroacetate",N#Cc1cc(Cl)cc(Oc2c(Cl)ccc(CNC(=O)c3cc4ccncc4n3OC(=O)C(F)(F)F)c2F)c1,C24H12Cl2F4N4O4,,87468127,level 2b,0,0,76,0.539,1,0,0.80251086,1,0.04859545,0,1,0,1,Norman_Pharmaceuticals.csv,0.3684210526315789,0,Pharmaceuticals,N#Cc1cc(Cl)cc(Oc2c(Cl)ccc(CNC(=O)c3cc4ccncc4n3OC(=O)C(F)(F)F)c2F)c1
122,"2-[3,5-dichloro-4-[[1-oxo-2-(1,3-thiazol-2-yl)-3,4-dihydroisoquinolin-6-yl]oxy]phenyl]-3,5-dioxo-1,2,4-triazine-6-carbonitrile",N#Cc1nn(-c2cc(Cl)c(Oc3ccc4c(c3)CCN(c3nccs3)C4=O)c(Cl)c2)c(=O)[nH]c1=O,C22H12Cl2N6O4S,,169002010,level 2b,0,0,89,0.6312,1,1,0.06048915,0,0.002150714,0,1,0,1,Norman_Pharmaceuticals.csv,0.2967032967032967,0,Pharmaceuticals,N#Cc1nn(-c2cc(Cl)c(Oc3ccc4c(c3)CCN(c3nccs3)C4=O)c(Cl)c2)c(=O)[nH]c1=O
123,"3-[4-[6-(3-aminoisoquinolin-1-yl)-5-chloro-7-fluoro-2H-1,3-benzothiazol-3-yl]piperazin-1-yl]prop-2-enal",Nc1cc2ccccc2c(-c2c(Cl)cc3c(c2F)SCN3N2CCN(C=CC=O)CC2)n1,C23H21ClFN5OS,,173780531,level 2b,0,0,45,0.3191,0,0,0.000780313,0,0.6938881,1,1,0,1,Industrial_chemical.csv;Norman_Human metabolites.csv,0.2575757575757575,0,Industry and consumer goods,Nc1cc2ccccc2c(-c2c(Cl)cc3c(c2F)SCN3N2CCN(C=CC=O)CC2)n1
124,"1-[5-[(4-chlorophenyl)methylsulfanyl]-1,3,4-thiadiazol-2-yl]-4-hydroxy-2-pyridin-3-yl-3-(thiophene-2-carbonyl)-2H-pyrrol-5-one",O=C(C1=C(O)C(=O)N(c2nnc(SCc3ccc(Cl)cc3)s2)C1c1cccnc1)c1cccs1,C23H15ClN4O3S3,,18814867,level 2b,0,0,30,0.2128,0,0,0.007577199,0,0.011392104,0,0,0,1,Norman_Human metabolites.csv,0.3164556962025316,0,Transformation and metabolic products,O=C(C1=C(O)C(=O)N(c2nnc(SCc3ccc(Cl)cc3)s2)C1c1cccnc1)c1cccs1
125,"1-[5-[(2-chlorophenyl)methylsulfanyl]-1,3,4-thiadiazol-2-yl]-4-hydroxy-2-pyridin-3-yl-3-(thiophene-2-carbonyl)-2H-pyrrol-5-one",O=C(C1=C(O)C(=O)N(c2nnc(SCc3ccccc3Cl)s2)C1c1cccnc1)c1cccs1,C23H15ClN4O3S3,,18814412,level 2b,0,0,74,0.5248,1,0,0.00638655,0,0.011125712,0,0,0,1,Industrial_chemical.csv,0.3,0,Industry and consumer goods,O=C(C1=C(O)C(=O)N(c2nnc(SCc3ccccc3Cl)s2)C1c1cccnc1)c1cccs1
126,"N-(2-chlorophenyl)-2-[[6-(4-nitro-1,3-dioxoisoindol-2-yl)-1,3-benzothiazol-2-yl]sulfanyl]acetamide",O=C(CSc1nc2ccc(N3C(=O)c4cccc([N+](=O)[O-])c4C3=O)cc2s1)Nc1ccccc1Cl,C23H13ClN4O5S2,,23941438,level 2b,0,0,80,0.5674,1,0,0.9476727,1,0.87274826,1,1,0,1,Industrial_chemical.csv;Norman_Human metabolites.csv,0.3428571428571428,0,Industry and consumer goods,O=C(CSc1nc2ccc(N3C(=O)c4cccc([N+](=O)[O-])c4C3=O)cc2s1)Nc1ccccc1Cl
127,"5-(2-chloro-4-nitrophenyl)-3-[2-(1,4-dioxa-8-azaspiro[4.5]decan-8-yl)-2-oxoethyl]-1,3,4-oxadiazol-2-one",O=C(Cn1nc(-c2ccc([N+](=O)[O-])cc2Cl)oc1=O)N1CCC2(CC1)OCCO2,C17H17ClN4O7,,3510703,level 2b,0,0,17,0.1206,0,0,0.000576277,0,0.014883269,0,0,0,1,Norman_Pharmaceuticals.csv,0.3880597014925373,0,Pharmaceuticals,O=C(Cn1nc(-c2ccc([N+](=O)[O-])cc2Cl)oc1=O)N1CCC2(CC1)OCCO2
128,"(2S)-2-[[4-chloro-2-(2H-[1,2,5]thiadiazolo[2,3-a]pyridin-4-ylsulfonylamino)benzoyl]amino]-3-thiophen-3-ylpropanoic acid",O=C(N[C@@H](Cc1ccsc1)C(=O)O)c1ccc(Cl)cc1NS(=O)(=O)C1=CC=CN2SNC=C12,C20H17ClN4O5S3,,68775199,level 2b,0,0,84,0.5957,1,0,0.04299931,0,0.003264107,0,0,0,1,Norman_Natural toxins.csv;Norman_Human metabolites.csv,0.3214285714285714,0,Transformation and metabolic products,O=C(N[C@@H](Cc1ccsc1)C(=O)O)c1ccc(Cl)cc1NS(=O)(=O)C1=CC=CN2SNC=C12
129,"(2E)-3-(2-bromo-6-nitrophenyl)-2-[[4-(3,4-dichlorophenyl)-1,3-thiazol-2-yl]hydrazinylidene]propanoic acid",O=C(O)/C(Cc1c(Br)cccc1[N+](=O)[O-])=N/Nc1nc(-c2ccc(Cl)c(Cl)c2)cs1,C18H11BrCl2N4O4S,,89682698,level 2b,0,0,23,0.1631,0,1,0.20671563,0,0.8930812,1,1,0,1,Norman_Human metabolites.csv,0.3285714285714285,0,Transformation and metabolic products,O=C(O)/C(Cc1c(Br)cccc1[N+](=O)[O-])=N/Nc1nc(-c2ccc(Cl)c(Cl)c2)cs1
130,"N'-(3-chloro-4-fluorophenyl)-N-hydroxy-2-[(5-oxopyrrolidin-3-yl)methylamino]-1H-imidazo[4,5-b]pyridine-7-carboximidamide",O=C1CC(CNc2nc3nccc(C(=Nc4ccc(F)c(Cl)c4)NO)c3[nH]2)CN1,C18H17ClFN7O2,,137097658,level 2b,0,0,46,0.3262,0,0,1.5906078e-06,0,0.005084249,0,0,0,1,Industrial_chemical.csv;Norman_Human metabolites.csv,0.2535211267605634,0,Industry and consumer goods,O=C1CC(CNc2nc3nccc(C(=Nc4ccc(F)c(Cl)c4)NO)c3[nH]2)CN1
131,"1-(6-bromo-4-fluoro-1H-benzimidazol-2-yl)-2-(5-chlorothiophen-2-yl)-7,8-dihydro-6H-imidazo[2,1-b][1,3]benzothiazol-5-one",O=C1CCCc2c1sc1nc(-c3ccc(Cl)s3)c(-c3nc4c(F)cc(Br)cc4[nH]3)n21,C20H11BrClFN4OS2,,171392861,level 2b,0,0,53,0.3759,0,1,0.000762344,0,0.7231643,1,1,0,1,Norman_Human metabolites.csv,0.2631578947368421,0,Transformation and metabolic products,O=C1CCCc2c1sc1nc(-c3ccc(Cl)s3)c(-c3nc4c(F)cc(Br)cc4[nH]3)n21
132,"2-(2,6-dibromophenyl)-3-[6-(trifluoromethyl)-2-pyridinyl]-1,3-thiazolidin-4-one",O=C1CSC(c2c(Br)cccc2Br)N1c1cccc(C(F)(F)F)n1,C15H9Br2F3N2OS,,25189008,level 2b,0,0,1,0.0071,0,1,0.81884295,1,0.96269065,1,1,0,1,EPA_PFAS.csv,0.3571428571428571,0,Industry and consumer goods,O=C1CSC(c2c(Br)cccc2Br)N1c1cccc(C(F)(F)F)n1
133,"[5,6-dichloro-2-[[3-(sulfomethyl)furo[2,3-d][1,3]thiazol-3-ium-2-yl]methylidene]-1,3-benzothiazol-3-yl]methanesulfonic acid",O=S(=O)(O)CN1C(=Cc2sc3ccoc3[n+]2CS(=O)(=O)O)Sc2cc(Cl)c(Cl)cc21,C15H11Cl2N2O7S4,,59893212,level 2b,0,0,40,0.2837,0,0,0.28592932,0,0.5421046,1,1,0,1,Industrial_chemical.csv,0.375,0,Industry and consumer goods,O=S(=O)(O)CN1C(=Cc2sc3ccoc3[n+]2CS(=O)(=O)O)Sc2cc(Cl)c(Cl)cc21
134,"1-[2-[bis(2-chloroethyl)amino]-2-oxo-3,4,4a,6,7,7a-hexahydrofuro[2,3-e][1,3,2]oxazaphosphinin-6-yl]-5-iodopyrimidine-2,4-dione",O=c1[nH]c(=O)n(C2CC3OP(=O)(N(CCCl)CCCl)NCC3O2)cc1I,C13H18Cl2IN4O5P,,44274210,level 2b,0,0,5,0.0355,0,0,0.001047188,0,0.023422133,0,0,0,1,Industrial_chemical.csv;Norman_Human metabolites.csv;Norman_Pharmaceuticals.csv,0.4666666666666667,0,Pharmaceuticals,O=c1[nH]c(=O)n(C2CC3OP(=O)(N(CCCl)CCCl)NCC3O2)cc1I
135,"1-[3-[4-[[4-[2-[3-[[5-chloro-4-(1H-indol-3-yl)pyrimidin-2-yl]amino]pyrrolidin-1-yl]ethyl]piperazin-1-yl]methyl]piperidin-1-yl]phenyl]pyrimidine-2,4-dione",O=c1ccn(-c2cccc(N3CCC(CN4CCN(CCN5CCC(Nc6ncc(Cl)c(-c7c[nH]c8ccccc78)n6)C5)CC4)CC3)c2)c(=O)[nH]1,C38H45ClN10O2,,169752714,level 2b,2,0.0103,18,0.1277,0,0,4.4250555e-06,0,0.035074994,0,0,0,1,Norman_Pharmaceuticals.csv,0.5280898876404494,0,Pharmaceuticals,O=c1ccn(-c2cccc(N3CCC(CN4CCN(CCN5CCC(Nc6ncc(Cl)c(-c7c[nH]c8ccccc78)n6)C5)CC4)CC3)c2)c(=O)[nH]1
136,"2-[3,5-dichloro-4-[1-[4-(2-chlorophenyl)-1,3-thiazol-2-yl]-2,3-dihydroinden-1-yl]phenyl]-1,2,4-triazine-3,5-dione",O=c1cnn(-c2cc(Cl)c(C3(c4nc(-c5ccccc5Cl)cs4)CCc4ccccc43)c(Cl)c2)c(=O)[nH]1,C27H17Cl3N4O2S,,9937901,level 2b,0,0,81,0.5745,1,1,0.9413574,1,0.93160355,1,1,0,1,Industrial_chemical.csv;Norman_Human metabolites.csv;Norman_Pharmaceuticals.csv,0.3552631578947368,0,Pharmaceuticals,O=c1cnn(-c2cc(Cl)c(C3(c4nc(-c5ccccc5Cl)cs4)CCc4ccccc43)c(Cl)c2)c(=O)[nH]1
137,"5-(azidomethyl)-1-(4-bromophenyl)-2-(2,4-dichlorophenyl)-N-piperidin-1-ylimidazole-4-carboxamide",[N-]=[N+]=NCc1c(C(=O)NN2CCCCC2)nc(-c2ccc(Cl)cc2Cl)n1-c1ccc(Br)cc1,C22H20BrCl2N7O,,59232525,level 2b,0,0,37,0.2624,0,1,0.2922791,0,0.94544894,1,1,0,1,Norman_Pharmaceuticals.csv,0.4567901234567901,0,Pharmaceuticals,[N-]=[N+]=NCc1c(C(=O)NN2CCCCC2)nc(-c2ccc(Cl)cc2Cl)n1-c1ccc(Br)cc1
166,"6-[2-chloro-4-(3-methylpyrazin-2-yl)phenyl]-2-methylsulfinyl-8-(pyridin-3-ylmethyl)pyrido[2,3-d]pyrimidin-7-one",Cc1nccnc1-c1ccc(-c2cc3cnc(S(C)=O)nc3n(Cc3cccnc3)c2=O)c(Cl)c1,C25H19ClN6O2S,,89551457,level 2b,72,0.3711,122,0.8652,1,1,0.26146975,0,0.016987473,0,1,0,1,Industrial_chemical.csv,0.3037974683544304,0,Industry and consumer goods,Cc1nccnc1-c1ccc(-c2cc3cnc(S(C)=O)nc3n(Cc3cccnc3)c2=O)c(Cl)c1
171,"2-(1-adamantyl)ethyl 6-[(2E)-2-[(2E)-2-[2-chloro-3-[2-[1-ethyl-3,3,4-trimethyl-5-[(Z)-prop-1-enyl]pyrrol-1-ium-2-yl]propyl]cyclohex-2-en-1-ylidene]ethylidene]-3,3-dimethylindol-1-yl]hexanoate",C/C=C\C1=C(C)C(C)(C)C(C(C)CC2=C(Cl)/C(=C/C=C3/N(CCCCCC(=O)OCCC45CC6CC(CC(C6)C4)C5)c4ccccc4C3(C)C)CCC2)=[N+]1CC,C51H72ClN2O2,,167009598,level 3,0,0,59,0.4184,0,1,0.9668722,1,0.8994276,1,1,0,1,Industrial_chemical.csv,0.3888888888888889,0,Industry and consumer goods,C/C=C\C1=C(C)C(C)(C)C(C(C)CC2=C(Cl)/C(=C/C=C3/N(CCCCCC(=O)OCCC45CC6CC(CC(C6)C4)C5)c4ccccc4C3(C)C)CCC2)=[N+]1CC
172,"(E)-2-[[(E)-2-[[(2S)-1-[(3R,4S,10S,11S)-14-chloro-3-ethyl-15-hydroxy-3,11-dimethyl-10-(methylamino)-6,9-dioxo-7-prop-1-en-2-yl-2-oxa-5,8-diazabicyclo[10.3.1]hexadeca-1(15),12(16),13-triene-4-carbonyl]-2,5-dihydropyrrole-2-carbonyl]amino]-3-methylpent-2-enoyl]amino]but-2-enedioic acid",C=C(C)C1NC(=O)[C@@H](NC)[C@@H](C)c2cc(Cl)c(O)c(c2)O[C@](C)(CC)[C@@H](C(=O)N2CC=C[C@H]2C(=O)N/C(C(=O)N/C(=C/C(=O)O)C(=O)O)=C(\C)CC)NC1=O,C37H47ClN6O11,,58627311,level 3,0,0,10,0.0709,0,0,0.000452507,0,0.001753399,0,0,0,1,Norman_Human metabolites.csv,0.9072164948453608,1,Transformation and metabolic products,C=C(C)C1NC(=O)[C@@H](NC)[C@@H](C)c2cc(Cl)c(O)c(c2)O[C@](C)(CC)[C@@H](C(=O)N2CC=C[C@H]2C(=O)N/C(C(=O)N/C(=C/C(=O)O)C(=O)O)=C(\C)CC)NC1=O
173,"N-[4-[[3-chloro-4-(2,8-dimethyl-3-methylidene-6-propylnon-8-enoxy)cyclohexyl]amino]-3-cyano-7-ethoxy-1,2,3,4,4a,5,6,7,8,8a-decahydroquinolin-6-yl]-4-(2-hydroxyethylamino)butanamide",C=C(C)CC(CCC)CCC(=C)C(C)COC1CCC(NC2C(C#N)CNC3CC(OCC)C(NC(=O)CCCNCCO)CC32)CC1Cl,C39H68ClN5O4,,145220660,level 3,0,0,139,0.9858,1,0,0.01041653,0,0.07254065,0,0,0,1,Industrial_chemical.csv,0.2164948453608247,0,Industry and consumer goods,C=C(C)CC(CCC)CCC(=C)C(C)COC1CCC(NC2C(C#N)CNC3CC(OCC)C(NC(=O)CCCNCCO)CC32)CC1Cl
174,"(1R,3aR,5aR,5bR,7aR,9S,11aR,11bR,13aR,13bR)-3a-[2-[2-[4-[(3-chlorophenyl)methyl]piperazin-1-yl]ethylamino]ethyl]-5a,5b,8,8,11a-pentamethyl-1-prop-1-en-2-yl-1,2,3,4,5,6,7,7a,9,10,11,11b,12,13,13a,13b-hexadecahydrocyclopenta[a]chrysen-9-ol",C=C(C)[C@@H]1CC[C@]2(CCNCCN3CCN(Cc4cccc(Cl)c4)CC3)CC[C@]3(C)[C@H](CC[C@@H]4[C@@]5(C)CC[C@H](O)C(C)(C)[C@@H]5CC[C@]43C)[C@@H]12,C44H70ClN3O,,166707869,level 3,3,0.0155,86,0.6099,1,1,0.9297043,1,0.9039149,1,1,0,1,Industrial_chemical.csv;Norman_Human metabolites.csv,0.5432098765432098,0,Industry and consumer goods,C=C(C)[C@@H]1CC[C@]2(CCNCCN3CCN(Cc4cccc(Cl)c4)CC3)CC[C@]3(C)[C@H](CC[C@@H]4[C@@]5(C)CC[C@H](O)C(C)(C)[C@@H]5CC[C@]43C)[C@@H]12
175,"4-[[(2S,3aR,5aR,7aR,9S,11aR,11bR)-3a-[4-chloro-1-(4-methoxyphenyl)-2-methyl-5-oxopyrazol-3-yl]-2,5a,5b,8,8,11a-hexamethyl-1-propan-2-yl-2,3,4,5,6,7,7a,9,10,11,11b,12,13,13a-tetradecahydrocyclopenta[a]chrysen-9-yl]oxy]-2,2-dimethylpent-4-enoic acid",C=C(CC(C)(C)C(=O)O)O[C@H]1CC[C@@]2(C)[C@@H](CCC3(C)[C@@H]2CCC2C4=C(C(C)C)[C@@H](C)C[C@]4(c4c(Cl)c(=O)n(-c5ccc(OC)cc5)n4C)CC[C@]23C)C1(C)C,C48H69ClN2O5,,89752013,level 3,0,0,86,0.6099,1,1,0.9429615,1,0.8523727,1,1,0,1,Norman_Pharmaceuticals.csv,0.3761467889908257,0,Pharmaceuticals,C=C(CC(C)(C)C(=O)O)O[C@H]1CC[C@@]2(C)[C@@H](CCC3(C)[C@@H]2CCC2C4=C(C(C)C)[C@@H](C)C[C@]4(c4c(Cl)c(=O)n(-c5ccc(OC)cc5)n4C)CC[C@]23C)C1(C)C
176,3-[ditert-butyl-[[ditert-butyl(chloro)silyl]amino]silyl]-2-[[ditert-butyl-[[ditert-butyl(chloro)silyl]amino]silyl]methyl]prop-1-ene,C=C(C[Si](N[Si](Cl)(C(C)(C)C)C(C)(C)C)(C(C)(C)C)C(C)(C)C)C[Si](N[Si](Cl)(C(C)(C)C)C(C)(C)C)(C(C)(C)C)C(C)(C)C,C36H80Cl2N2Si4,,101766214,level 3,0,0,52,0.3688,0,1,0.9622952,1,0.9932806,1,1,0,1,Industrial_chemical.csv;Norman_Personal care products.csv;Norman_Human metabolites.csv,0.2758620689655172,0,Personal care products,C=C(C[Si](N[Si](Cl)(C(C)(C)C)C(C)(C)C)(C(C)(C)C)C(C)(C)C)C[Si](N[Si](Cl)(C(C)(C)C)C(C)(C)C)(C(C)(C)C)C(C)(C)C
177,"(2S)-2-(2-chloroprop-2-enyl)-N-[(1S)-2-cyclohexyl-1-[(4R,5S)-2,2-dimethyl-5-(2-methylpropyl)-1,3-dioxolan-4-yl]ethyl]-N'-(cyclohexylmethyl)-N'-[2-[methyl(2-pyridin-2-ylethyl)amino]-2-oxoethyl]butanediamide",C=C(Cl)C[C@H](CC(=O)N(CC(=O)N(C)CCc1ccccn1)CC1CCCCC1)C(=O)N[C@@H](CC1CCCCC1)[C@H]1OC(C)(C)O[C@H]1CC(C)C,C41H65ClN4O5,,10652519,level 3,0,0,44,0.3121,0,1,0.58096457,1,0.52961206,1,1,0,1,Industrial_chemical.csv;Norman_Human metabolites.csv,0.2828282828282828,0,Industry and consumer goods,C=C(Cl)C[C@H](CC(=O)N(CC(=O)N(C)CCc1ccccn1)CC1CCCCC1)C(=O)N[C@@H](CC1CCCCC1)[C@H]1OC(C)(C)O[C@H]1CC(C)C
178,(2S)-2-[[(3R)-7-amino-3-[[(2R)-2-[[(2S)-5-(diaminomethylideneamino)-2-(undecanoylamino)pentanoyl]amino]-3-methylbutanoyl]amino]hept-1-en-2-yl]amino]-5-(diaminomethylideneamino)pentanoyl chloride,C=C(N[C@@H](CCCN=C(N)N)C(=O)Cl)[C@@H](CCCCN)NC(=O)[C@H](NC(=O)[C@H](CCCN=C(N)N)NC(=O)CCCCCCCCCC)C(C)C,C35H68ClN11O4,,171344389,level 3,0,0,102,0.7234,1,0,1.5790172e-07,0,0.3568414,0,0,0,1,Norman_Human metabolites.csv;Norman_Plastic additives.csv;Norman_Food contact chemicals.csv,0.515625,0,Food and other consumption,C=C(N[C@@H](CCCN=C(N)N)C(=O)Cl)[C@@H](CCCCN)NC(=O)[C@H](NC(=O)[C@H](CCCN=C(N)N)NC(=O)CCCCCCCCCC)C(C)C
179,"2-[(3aR,5aR,5bR,9S,11aR,13aR)-9-(6-hydroxy-4,4-dimethylhepta-1,6-dien-2-yl)oxy-5a,5b,8,8,11a-pentamethyl-1-prop-1-en-2-yl-1,2,3,4,5,6,7,7a,9,10,11,11b,12,13,13a,13b-hexadecahydrocyclopenta[a]chrysen-3a-yl]-N-[(4-chloro-2-hydroxyphenyl)methyl]acetamide",C=C(O)CC(C)(C)CC(=C)O[C@H]1CC[C@@]2(C)C(CC[C@]3(C)C2CC[C@@H]2C4C(C(=C)C)CC[C@]4(CC(=O)NCc4ccc(Cl)cc4O)CC[C@]23C)C1(C)C,C47H70ClNO4,,143669493,level 3,0,0,29,0.2057,0,1,0.9449193,1,0.91308415,1,1,0,1,Industrial_chemical.csv;Norman_Human metabolites.csv,0.5333333333333333,0,Industry and consumer goods,C=C(O)CC(C)(C)CC(=C)O[C@H]1CC[C@@]2(C)C(CC[C@]3(C)C2CC[C@@H]2C4C(C(=C)C)CC[C@]4(CC(=O)NCc4ccc(Cl)cc4O)CC[C@]23C)C1(C)C
180,"15-chloro-22-[(2S,5R)-2,5-dimethyl-4-prop-2-enoylpiperazin-1-yl]-8-ethoxy-16-fluoro-9-hydroxy-19-methyl-3-propan-2-yl-11-oxa-1,4,23,26-tetrazapentacyclo[16.6.2.02,7.012,17.021,25]hexacosan-24-one",C=CC(=O)N1C[C@H](C)N(C2NC(=O)N3C4NC(C(C)CC42)C2C(CCC(Cl)C2F)OCC(O)C(OCC)C2CCNC(C(C)C)C23)C[C@H]1C,C36H60ClFN6O5,,174019171,level 3,0,0,123,0.8723,1,0,9.804366e-05,0,0.03722513,0,0,0,1,Norman_Natural toxins.csv,0.2272727272727272,0,Transformation and metabolic products,C=CC(=O)N1C[C@H](C)N(C2NC(=O)N3C4NC(C(C)CC42)C2C(CCC(Cl)C2F)OCC(O)C(OCC)C2CCNC(C(C)C)C23)C[C@H]1C
181,"(3'R,4S,6'R,7'S,8'E,11'S,12'R)-7-chloro-7'-[[4-(diethylamino)piperazin-1-yl]methyl]-7'-ethoxy-11',12'-dimethyl-13'-methylidene-13'-oxospiro[2,3-dihydro-1H-naphthalene-4,22'-20-oxa-13lambda6-thia-1,14-diazatetracyclo[14.7.2.03,6.019,24]pentacosa-8,16(25),17,19(24)-tetraene]-15'-one",C=S1(=O)NC(=O)c2ccc3c(c2)N(C[C@@H]2CC[C@H]2[C@@](CN2CCN(N(CC)CC)CC2)(OCC)/C=C/C[C@H](C)[C@H]1C)C[C@@]1(CCCc2cc(Cl)ccc21)CO3,C44H64ClN5O4S,,159149641,level 3,0,0,84,0.5957,1,1,0.96417767,1,0.99055034,1,1,0,1,Norman_Human metabolites.csv;Norman_Drugs of abuse.csv;Norman_Pharmaceuticals.csv,0.2307692307692307,0,Pharmaceuticals,C=S1(=O)NC(=O)c2ccc3c(c2)N(C[C@@H]2CC[C@H]2[C@@](CN2CCN(N(CC)CC)CC2)(OCC)/C=C/C[C@H](C)[C@H]1C)C[C@@]1(CCCc2cc(Cl)ccc21)CO3
182,"(3'R,4S,6'R,7'R,8'E,11'S,12'R)-7-chloro-7'-ethoxy-11',12'-dimethyl-13'-methylidene-7'-(1-oxa-7-azaspiro[3.5]nonan-7-ylmethyl)-13'-oxospiro[2,3-dihydro-1H-naphthalene-4,22'-20-oxa-13lambda6-thia-1,14-diazatetracyclo[14.7.2.03,6.019,24]pentacosa-8,16(25),17,19(24)-tetraene]-15'-one",C=S1(=O)NC(=O)c2ccc3c(c2)N(C[C@@H]2CC[C@H]2[C@](CN2CCC4(CCO4)CC2)(OCC)/C=C/C[C@H](C)[C@H]1C)C[C@@]1(CCCc2cc(Cl)ccc21)CO3,C43H58ClN3O5S,,158047199,level 3,0,0,13,0.0922,0,1,0.9952139,1,0.84153855,1,1,0,1,Norman_Pharmaceuticals.csv,0.2288135593220339,0,Pharmaceuticals,C=S1(=O)NC(=O)c2ccc3c(c2)N(C[C@@H]2CC[C@H]2[C@](CN2CCC4(CCO4)CC2)(OCC)/C=C/C[C@H](C)[C@H]1C)C[C@@]1(CCCc2cc(Cl)ccc21)CO3
183,"(13E)-4-(4-chloro-2-propylphenyl)-12-(1,4-diazecan-1-ylmethyl)-12-methoxy-6,16,17-trimethyl-18-methylidene-2-oxa-18lambda4-thia-6,19-diazatricyclo[19.2.2.08,11]pentacosa-1(24),13,21(25),22-tetraen-20-one",C=S1NC(=O)c2ccc(cc2)OCC(c2ccc(Cl)cc2CCC)CN(C)CC2CCC2C(CN2CCCCCCNCC2)(OC)/C=C/CC(C)C1C,C44H67ClN4O3S,,142443750,level 3,0,0,128,0.9078,1,1,0.98625296,1,0.8390533,1,1,0,1,Norman_Pharmaceuticals.csv,0.2347826086956521,0,Pharmaceuticals,C=S1NC(=O)c2ccc(cc2)OCC(c2ccc(Cl)cc2CCC)CN(C)CC2CCC2C(CN2CCCCCCNCC2)(OC)/C=C/CC(C)C1C
184,"(8E)-7-[(4-tert-butylpiperazin-1-yl)methyl]-22-(4-chloro-2-propylphenyl)-7-methoxy-11,12-dimethyl-13-methylidene-20-oxa-13lambda4-thia-1,14-diazatetracyclo[14.7.2.03,6.019,24]pentacosa-8,16(25),17,19(24)-tetraen-15-one",C=S1NC(=O)c2ccc3c(c2)N(CC(c2ccc(Cl)cc2CCC)CO3)CC2CCC2C(CN2CCN(C(C)(C)C)CC2)(OC)/C=C/CC(C)C1C,C43H63ClN4O3S,,142443833,level 3,0,0,58,0.4113,0,1,0.9367219,1,0.889734,1,1,0,1,Norman_Pharmaceuticals.csv,0.2347826086956521,0,Pharmaceuticals,C=S1NC(=O)c2ccc3c(c2)N(CC(c2ccc(Cl)cc2CCC)CO3)CC2CCC2C(CN2CCN(C(C)(C)C)CC2)(OC)/C=C/CC(C)C1C
185,"[3a-[2-[[1-(4-chlorophenyl)cyclopropyl]methyl-[2-(dimethylamino)ethyl]amino]-2-oxoethyl]-5b,8,8,11a-tetramethyl-2-oxo-1-propan-2-yl-3,4,5,5a,6,7,7a,9,10,11,11b,12,13,13a-tetradecahydrocyclopenta[a]chrysen-9-yl] acetate",CC(=O)OC1CCC2(C)C(CCC3(C)C4CCC5(CC(=O)N(CCN(C)C)CC6(c7ccc(Cl)cc7)CC6)CC(=O)C(C(C)C)=C5C4CCC32)C1(C)C,C46H67ClN2O4,,145344310,level 3,0,0,127,0.9007,1,1,0.8651124,1,0.7364831,1,1,0,1,Industrial_chemical.csv;Norman_Human metabolites.csv;Norman_Drugs of abuse.csv;Norman_Pharmaceuticals.csv,0.3052631578947368,0,Pharmaceuticals,CC(=O)OC1CCC2(C)C(CCC3(C)C4CCC5(CC(=O)N(CCN(C)C)CC6(c7ccc(Cl)cc7)CC6)CC(=O)C(C(C)C)=C5C4CCC32)C1(C)C
186,"[(3aS,5aR,5bR,7aR,9S,11aR,11bR,13aS)-3a-[2-[(4-chlorophenyl)methyl-[(2-methylpropan-2-yl)oxycarbonyl]amino]-1-hydroxyethyl]-5a,5b,8,8,11a-pentamethyl-1-propan-2-yl-2,3,4,5,6,7,7a,9,10,11,11b,12,13,13a-tetradecahydrocyclopenta[a]chrysen-9-yl] acetate",CC(=O)O[C@H]1CC[C@]2(C)[C@H]3CC[C@@H]4C5=C(C(C)C)CC[C@]5(C(O)CN(Cc5ccc(Cl)cc5)C(=O)OC(C)(C)C)CC[C@@]4(C)[C@]3(C)CC[C@H]2C1(C)C,C45H68ClNO5,,71086176,level 3,0,0,51,0.3617,0,1,0.9535266,1,0.92625904,1,1,0,1,Norman_Human metabolites.csv,0.3473684210526316,0,Transformation and metabolic products,CC(=O)O[C@H]1CC[C@]2(C)[C@H]3CC[C@@H]4C5=C(C(C)C)CC[C@]5(C(O)CN(Cc5ccc(Cl)cc5)C(=O)OC(C)(C)C)CC[C@@]4(C)[C@]3(C)CC[C@H]2C1(C)C
187,"[7-[4-[4-(2,3-dichlorophenyl)piperazin-1-yl]butoxy]-3,4-dihydroquinolin-2-yl]oxymethyl N,N-bis(2,2,4,4-tetramethylpentyl)carbamate",CC(C)(C)CC(C)(C)CN(CC(C)(C)CC(C)(C)C)C(=O)OCOC1=Nc2cc(OCCCCN3CCN(c4cccc(Cl)c4Cl)CC3)ccc2CC1,C43H66Cl2N4O4,,155014282,level 3,0,0,64,0.4539,0,1,0.9685762,1,0.89577895,1,1,0,1,Industrial_chemical.csv;Norman_Human metabolites.csv;Norman_Human neurotoxins.csv;Norman_Pharmaceuticals.csv,0.5058823529411764,0,Pharmaceuticals,CC(C)(C)CC(C)(C)CN(CC(C)(C)CC(C)(C)C)C(=O)OCOC1=Nc2cc(OCCCCN3CCN(c4cccc(Cl)c4Cl)CC3)ccc2CC1
188,"[4-[3-[2-(7-chloro-1,2,3,4,4a,5,6,7,8,8a-decahydroquinolin-2-yl)ethyl]cyclohexyl]-2-methyl-6-[2-[2-(oxan-2-yloxy)propan-2-yl]cyclohexyl]hexan-2-yl]-hydroxy-dimethylsilane",CC(C)(OC1CCCCO1)C1CCCCC1CCC(CC(C)(C)[Si](C)(C)O)C1CCCC(CCC2CCC3CCC(Cl)CC3N2)C1,C40H74ClNO3Si,,89047624,level 3,0,0,35,0.2482,0,1,0.7543475,1,0.6656041,1,1,0,1,Industrial_chemical.csv,0.2421052631578947,0,Industry and consumer goods,CC(C)(OC1CCCCO1)C1CCCCC1CCC(CC(C)(C)[Si](C)(C)O)C1CCCC(CCC2CCC3CCC(Cl)CC3N2)C1
189,"4-[(4S,5aR,5bR,7aR,11S,11bR,13aS)-4-[(4-chlorophenyl)methyl-[2-(dimethylamino)ethyl]carbamoyl]-5b,8,8,11-tetramethyl-2-oxo-1-propan-2-yl-3,3a,4,5,5a,6,7,7a,11,11a,11b,12,13,13a-tetradecahydrocyclopenta[a]chrysen-9-yl]cyclohex-3-ene-1-carboxylic acid",CC(C)C1=C2C(CC1=O)[C@@H](C(=O)N(CCN(C)C)Cc1ccc(Cl)cc1)C[C@@H]1[C@@H]2CC[C@@H]2C3[C@H](C)C=C(C4=CCC(C(=O)O)CC4)C(C)(C)[C@@H]3CC[C@]21C,C47H65ClN2O4,,129908967,level 3,0,0,93,0.6596,1,1,0.53321946,1,0.5252547,1,1,0,1,Norman_Natural toxins.csv;Norman_Human metabolites.csv,0.2568807339449541,0,Transformation and metabolic products,CC(C)C1=C2C(CC1=O)[C@@H](C(=O)N(CCN(C)C)Cc1ccc(Cl)cc1)C[C@@H]1[C@@H]2CC[C@@H]2C3[C@H](C)C=C(C4=CCC(C(=O)O)CC4)C(C)(C)[C@@H]3CC[C@]21C
190,"4-[[(5aS,5bR,7aR,9S,11aR,11bR,13aR)-13a-amino-3a-[(1R)-2-[[1-(5-chloropyrimidin-2-yl)cyclopropyl]amino]-1-hydroxyethyl]-5a,5b,8,8,11a-pentamethyl-2-oxo-1-propan-2-yl-3,4,5,6,7,7a,9,10,11,11b,12,13-dodecahydrocyclopenta[a]chrysen-9-yl]oxy]-2,2-dimethyl-4-oxobutanoic acid",CC(C)C1=C2C([C@@H](O)CNC3(c4ncc(Cl)cn4)CC3)(CC[C@]3(C)[C@]2(N)CC[C@@H]2[C@@]4(C)CC[C@H](OC(=O)CC(C)(C)C(=O)O)C(C)(C)[C@@H]4CC[C@]23C)CC1=O,C44H65ClN4O6,,145595232,level 3,0,0,93,0.6596,1,0,0.5306639,1,0.6739274,1,1,0,1,Norman_Pharmaceuticals.csv,0.3703703703703703,0,Pharmaceuticals,CC(C)C1=C2C([C@@H](O)CNC3(c4ncc(Cl)cn4)CC3)(CC[C@]3(C)[C@]2(N)CC[C@@H]2[C@@]4(C)CC[C@H](OC(=O)CC(C)(C)C(=O)O)C(C)(C)[C@@H]4CC[C@]23C)CC1=O
191,"4-[(3aR)-3a-[2-[(4-chlorophenyl)methyl-[2-(dimethylamino)ethyl]amino]ethyl]-5b,8,8,11a-tetramethyl-2-oxo-1-propan-2-yl-3,4,5,5a,6,7,7a,11,11b,12,13,13a-dodecahydrocyclopenta[a]chrysen-9-yl]cyclohex-3-ene-1-carboxylic acid",CC(C)C1=C2C3CCC4C(C)(CCC5C(C)(C)C(C6=CCC(C(=O)O)CC6)=CCC54C)C3CC[C@@]2(CCN(CCN(C)C)Cc2ccc(Cl)cc2)CC1=O,C48H69ClN2O3,,145237841,level 3,0,0,27,0.1915,0,1,0.867952,1,0.8033985,1,1,0,1,Industrial_chemical.csv,0.2755102040816326,0,Industry and consumer goods,CC(C)C1=C2C3CCC4C(C)(CCC5C(C)(C)C(C6=CCC(C(=O)O)CC6)=CCC54C)C3CC[C@@]2(CCN(CCN(C)C)Cc2ccc(Cl)cc2)CC1=O
192,"3-[2-[3a-[2-[[4-chloro-2-(oxolan-3-yloxy)phenyl]methylamino]ethyl]-5b,8,8,11a-tetramethyl-2-oxo-1-propan-2-yl-3,4,5,5a,6,7,7a,9,10,11,11b,12,13,13a-tetradecahydrocyclopenta[a]chrysen-9-yl]acetyl]-2-methylcyclobutane-1-carbaldehyde",CC(C)C1=C2C3CCC4C(C)(CCC5C(C)(C)C(CC(=O)C6CC(C=O)C6C)CCC54C)C3CCC2(CCNCc2ccc(Cl)cc2OC2CCOC2)CC1=O,C49H70ClNO5,,145344710,level 3,0,0,89,0.6312,1,1,0.7300546,1,0.7812394,1,1,0,1,Norman_Pharmaceuticals.csv,0.2706766917293233,0,Pharmaceuticals,CC(C)C1=C2C3CCC4C(C)(CCC5C(C)(C)C(CC(=O)C6CC(C=O)C6C)CCC54C)C3CCC2(CCNCc2ccc(Cl)cc2OC2CCOC2)CC1=O
193,"4-O-[3a-[(E)-3-[1-(5-chlorocyclohexa-1,5-dien-1-yl)ethylamino]-3-oxoprop-1-enyl]-5b,8,8,11a-tetramethyl-1-propan-2-yl-3,4,5,5a,6,7,7a,9,10,11,11b,12,13,13a-tetradecahydro-2H-cyclopenta[a]chrysen-9-yl] 1-O-tert-butyl 2,2-dimethylbutanedioate",CC(C)C1=C2C3CCC4C(C)(CCC5C(C)(C)C(OC(=O)CC(C)(C)C(=O)OC(C)(C)C)CCC54C)C3CCC2(/C=C/C(=O)NC(C)C2=CCCC(Cl)=C2)CC1,C49H74ClNO5,,145595830,level 3,12,0.0619,117,0.8298,1,1,0.93496895,1,0.9072591,1,1,0,1,Norman_Pharmaceuticals.csv,0.2869565217391304,0,Pharmaceuticals,CC(C)C1=C2C3CCC4C(C)(CCC5C(C)(C)C(OC(=O)CC(C)(C)C(=O)OC(C)(C)C)CCC54C)C3CCC2(/C=C/C(=O)NC(C)C2=CCCC(Cl)=C2)CC1
194,"[3a-[2-[2-aminoethyl-[(4-chlorophenyl)methyl]amino]-1-hydroxyethyl]-5b,8,8,11a-tetramethyl-2-oxo-1-propan-2-yl-3,4,5,5a,6,7,7a,9,10,11,11b,12,13,13a-tetradecahydrocyclopenta[a]chrysen-9-yl] 3,3-dimethyl-4-oxobutanoate",CC(C)C1=C2C3CCC4C(C)(CCC5C(C)(C)C(OC(=O)CC(C)(C)C=O)CCC54C)C3CCC2(C(O)CN(CCN)Cc2ccc(Cl)cc2)CC1=O,C45H67ClN2O5,,144647778,level 3,0,0,58,0.4113,0,1,0.77775514,1,0.7615173,1,1,0,1,Norman_Pharmaceuticals.csv,0.2743362831858407,0,Pharmaceuticals,CC(C)C1=C2C3CCC4C(C)(CCC5C(C)(C)C(OC(=O)CC(C)(C)C=O)CCC54C)C3CCC2(C(O)CN(CCN)Cc2ccc(Cl)cc2)CC1=O
195,"4-[[3a-[5-(2-chlorophenyl)-1-azacycloocta-1,5,6-trien-2-yl]-5a,5b,8,8,11a-pentamethyl-2-oxo-1-propan-2-yl-4,5,6,7,7a,9,10,11,11b,12,13,13a-dodecahydro-3H-cyclopenta[a]chrysen-9-yl]oxy]-2,2-dimethyl-4-oxobutanoic acid",CC(C)C1=C2C3CCC4C5(C)CCC(OC(=O)CC(C)(C)C(=O)O)C(C)(C)C5CCC4(C)C3(C)CCC2(C2=NCC=C=C(c3ccccc3Cl)CC2)CC1=O,C48H64ClNO5,,124017350,level 3,0,0,32,0.227,0,1,0.82644236,1,0.80431765,1,1,0,1,Norman_Pharmaceuticals.csv,0.3962264150943396,0,Pharmaceuticals,CC(C)C1=C2C3CCC4C5(C)CCC(OC(=O)CC(C)(C)C(=O)O)C(C)(C)C5CCC4(C)C3(C)CCC2(C2=NCC=C=C(c3ccccc3Cl)CC2)CC1=O
196,"[(5aR)-3a-[1-(4-chlorophenyl)-2-methyl-5-oxopyrazol-3-yl]-5a,5b,8,8,11a-pentamethyl-1-propan-2-yl-2,3,4,5,6,7,7a,9,10,11,11b,12,13,13a-tetradecahydrocyclopenta[a]chrysen-9-yl] 3,3-dimethyl-4-oxobutanoate",CC(C)C1=C2C3CCC4C5(C)CCC(OC(=O)CC(C)(C)C=O)C(C)(C)C5CCC4(C)[C@]3(C)CCC2(c2cc(=O)n(-c3ccc(Cl)cc3)n2C)CC1,C45H63ClN2O4,,138456633,level 3,0,0,100,0.7092,1,1,0.97072,1,0.83352757,1,1,0,1,Norman_Pharmaceuticals.csv,0.3364485981308411,0,Pharmaceuticals,CC(C)C1=C2C3CCC4C5(C)CCC(OC(=O)CC(C)(C)C=O)C(C)(C)C5CCC4(C)[C@]3(C)CCC2(c2cc(=O)n(-c3ccc(Cl)cc3)n2C)CC1
197,"4-[[(3aR,5aR,5bR,7aR,9S,11aR,11bR,13aS)-3a-[2-[(2-chlorophenyl)methyl-[2-(dimethylamino)ethyl]amino]ethyl]-5a,5b,8,8,11a-pentamethyl-2-oxo-1-propan-2-yl-6,7,7a,9,10,11,11b,12,13,13a-decahydro-3H-cyclopenta[a]chrysen-9-yl]oxy]-2,2-dimethyl-4-oxobutanoic acid",CC(C)C1=C2[C@H]3CC[C@@H]4[C@@]5(C)CC[C@H](OC(=O)CC(C)(C)C(=O)O)C(C)(C)[C@@H]5CC[C@@]4(C)[C@]3(C)C=C[C@@]2(CCN(CCN(C)C)Cc2ccccc2Cl)CC1=O,C48H71ClN2O5,,163776312,level 3,0,0,73,0.5177,1,0,0.78935754,1,0.7822739,1,1,0,1,Norman_Pharmaceuticals.csv,0.3738317757009345,0,Pharmaceuticals,CC(C)C1=C2[C@H]3CC[C@@H]4[C@@]5(C)CC[C@H](OC(=O)CC(C)(C)C(=O)O)C(C)(C)[C@@H]5CC[C@@]4(C)[C@]3(C)C=C[C@@]2(CCN(CCN(C)C)Cc2ccccc2Cl)CC1=O
198,"4-[[(3aS,5aS,5bR,7aR,9S,11aR,11bR,13aR)-5a-amino-3a-[(E)-3-[[(1R)-1-(4-chlorophenyl)ethyl]amino]-3-oxoprop-1-enyl]-5b,8,8,11a-tetramethyl-2-oxo-1-propan-2-yl-4,5,6,7,7a,9,10,11,11b,12,13,13a-dodecahydro-3H-cyclopenta[a]chrysen-9-yl]oxy]-2,2-dimethyl-4-oxobutanoic acid",CC(C)C1=C2[C@H]3CC[C@@H]4[C@@]5(C)CC[C@H](OC(=O)CC(C)(C)C(=O)O)C(C)(C)[C@@H]5CC[C@@]4(C)[C@]3(N)CC[C@@]2(/C=C/C(=O)N[C@H](C)c2ccc(Cl)cc2)CC1=O,C45H63ClN2O6,,89661803,level 3,0,0,44,0.3121,0,0,0.5964051,1,0.70422274,1,1,0,1,Norman_Pharmaceuticals.csv,0.3809523809523809,0,Pharmaceuticals,CC(C)C1=C2[C@H]3CC[C@@H]4[C@@]5(C)CC[C@H](OC(=O)CC(C)(C)C(=O)O)C(C)(C)[C@@H]5CC[C@@]4(C)[C@]3(N)CC[C@@]2(/C=C/C(=O)N[C@H](C)c2ccc(Cl)cc2)CC1=O
199,"cis-(1R,3S)-3-[[(3aR,5aR,5bR,7aR,9S,11aR,11bR,13aS)-3a-[(1R)-2-[(5-chloro-2-pyridinyl)methylamino]-1-hydroxyethyl]-5a,5b,8,8,11a-pentamethyl-2-oxo-1-propan-2-yl-4,5,6,7,7a,9,10,11,11b,12,13,13a-dodecahydro-3H-cyclopenta[a]chrysen-9-yl]oxycarbonyl]-2,2-dimethylcyclobutane-1-carboxylic acid",CC(C)C1=C2[C@H]3CC[C@@H]4[C@@]5(C)CC[C@H](OC(=O)[C@H]6C[C@@H](C(=O)O)C6(C)C)C(C)(C)[C@@H]5CC[C@@]4(C)[C@]3(C)CC[C@@]2([C@@H](O)CNCc2ccc(Cl)cn2)CC1=O,C45H65ClN2O6,,129909341,level 3,0,0,72,0.5106,1,0,0.50070536,1,0.7783313,1,1,0,1,Norman_Human metabolites.csv,0.2869565217391304,0,Transformation and metabolic products,CC(C)C1=C2[C@H]3CC[C@@H]4[C@@]5(C)CC[C@H](OC(=O)[C@H]6C[C@@H](C(=O)O)C6(C)C)C(C)(C)[C@@H]5CC[C@@]4(C)[C@]3(C)CC[C@@]2([C@@H](O)CNCc2ccc(Cl)cn2)CC1=O
200,"4-[[(2R,5R,10S,13S,14R,18R,21S)-5-[[1-(4-chlorophenyl)-2-methyl-5-oxopyrazol-3-yl]methyl]-1,2,14,18-tetramethyl-8-propan-2-yl-20-azoniahexacyclo[11.10.0.02,10.05,9.014,21.018,21]tricos-8-en-19-yn-17-yl]oxy]-4-hydroxy-2,2-dimethylbutanoic acid",CC(C)C1=C2[C@H]3CC[C@H]4C(C)(CC[C@@]56[N+]#C[C@]5(C)C(OC(O)CC(C)(C)C(=O)O)CC[C@]46C)[C@]3(C)CC[C@@]2(Cc2cc(=O)n(-c3ccc(Cl)cc3)n2C)CC1,C46H63ClN3O5,,145619723,level 3,0,0,64,0.4539,0,0,0.9470007,1,0.7334677,1,1,0,1,Industrial_chemical.csv;Norman_Drugs of abuse.csv,0.2424242424242424,0,Pharmaceuticals,CC(C)C1=C2[C@H]3CC[C@H]4C(C)(CC[C@@]56[N+]#C[C@]5(C)C(OC(O)CC(C)(C)C(=O)O)CC[C@]46C)[C@]3(C)CC[C@@]2(Cc2cc(=O)n(-c3ccc(Cl)cc3)n2C)CC1
201,"[1-[1-[(2E)-2-[2-chloro-3-[[3-(3-methylbutyl)spiro[benzo[e]indole-1,1'-cyclohexane]-2-ylidene]methyl]cyclopent-2-en-1-ylidene]ethyl]cyclohexyl]naphthalen-2-yl]-(3-methylbutyl)azanium",CC(C)CC[NH2+]c1ccc2ccccc2c1C1(C/C=C2\CCC(C=C3N(CCC(C)C)c4ccc5ccccc5c4C34CCCCC4)=C2Cl)CCCCC1,C51H64ClN2,,145326409,level 3,0,0,93,0.6596,1,1,0.99702215,1,0.9640231,1,1,0,1,Industrial_chemical.csv,0.320754716981132,0,Industry and consumer goods,CC(C)CC[NH2+]c1ccc2ccccc2c1C1(C/C=C2\CCC(C=C3N(CCC(C)C)c4ccc5ccccc5c4C34CCCCC4)=C2Cl)CCCCC1
202,"(3S,4R,5R)-2-[[3-[[(2-chlorophenyl)methyl-[(2S)-1-(dimethylamino)-4-methylpentan-2-yl]amino]methyl]phenyl]methyl]-4-[(1S)-1-hydroxyethyl]-5-(hydroxymethyl)-N-[(1S,2S,5R)-2,4,4,5-tetramethylcyclohexyl]-1,2-oxazolidine-3-carboxamide",CC(C)C[C@@H](CN(C)C)N(Cc1cccc(CN2O[C@@H](CO)[C@@H]([C@H](C)O)[C@H]2C(=O)N[C@H]2C[C@@H](C)C(C)(C)C[C@@H]2C)c1)Cc1ccccc1Cl,C40H63ClN4O4,,163657073,level 3,0,0,37,0.2624,0,1,0.96430683,1,0.001253554,0,1,0,1,Norman_Pharmaceuticals.csv,0.2556390977443609,0,Pharmaceuticals,CC(C)C[C@@H](CN(C)C)N(Cc1cccc(CN2O[C@@H](CO)[C@@H]([C@H](C)O)[C@H]2C(=O)N[C@H]2C[C@@H](C)C(C)(C)C[C@@H]2C)c1)Cc1ccccc1Cl
203,"[11-chloro-1-(11-chloro-5,7,9-trimethyl-1-phenylmethoxydodecoxy)-5,7,9-trimethyldodecoxy]methylbenzene",CC(Cl)CC(C)CC(C)CC(C)CCCC(OCc1ccccc1)OC(CCCC(C)CC(C)CC(C)CC(C)Cl)OCc1ccccc1,C44H72Cl2O3,,176549098,level 3,0,0,13,0.0922,0,1,0.8583154,1,0.7495864,1,1,0,1,Norman_Human metabolites.csv,0.4509803921568627,0,Transformation and metabolic products,CC(Cl)CC(C)CC(C)CC(C)CCCC(OCc1ccccc1)OC(CCCC(C)CC(C)CC(C)CC(C)Cl)OCc1ccccc1
204,"(4Z,7Z,10Z,13Z,16Z,19Z)-N-[2-[2-[[2-(4-chlorophenoxy)-2-methylpropanoyl]amino]ethyl-(3-piperazin-1-ylpropyl)amino]ethyl]docosa-4,7,10,13,16,19-hexaenamide",CC/C=C\C/C=C\C/C=C\C/C=C\C/C=C\C/C=C\CCC(=O)NCCN(CCCN1CCNCC1)CCNC(=O)C(C)(C)Oc1ccc(Cl)cc1,C43H66ClN5O3,,67093312,level 3,0,0,98,0.695,1,1,0.002611685,0,0.250256,0,1,0,1,Norman_Human metabolites.csv,0.4189189189189189,0,Transformation and metabolic products,CC/C=C\C/C=C\C/C=C\C/C=C\C/C=C\C/C=C\CCC(=O)NCCN(CCCN1CCNCC1)CCNC(=O)C(C)(C)Oc1ccc(Cl)cc1
205,"N-[4-chloro-6-[formyl-[2,2,6,6-tetramethyl-1-(2,2,6,6-tetramethylpiperidin-4-yl)piperidin-4-yl]amino]-1,3,5-triazin-2-yl]-N-[2,2,6,6-tetramethyl-1-(2,2,6,6-tetramethylpiperidin-4-yl)piperidin-4-yl]formamide",CC1(C)CC(N2C(C)(C)CC(N(C=O)c3nc(Cl)nc(N(C=O)C4CC(C)(C)N(C5CC(C)(C)NC(C)(C)C5)C(C)(C)C4)n3)CC2(C)C)CC(C)(C)N1,C41H72ClN9O2,,17998652,level 3,0,0,25,0.1773,0,1,0.051069573,0,0.007514702,0,1,0,1,Norman_Human metabolites.csv,0.4035087719298245,0,Transformation and metabolic products,CC1(C)CC(N2C(C)(C)CC(N(C=O)c3nc(Cl)nc(N(C=O)C4CC(C)(C)N(C5CC(C)(C)NC(C)(C)C5)C(C)(C)C4)n3)CC2(C)C)CC(C)(C)N1
206,"4-[(5aR,13bR)-3a-[2-(1,1-dioxo-1,4-thiazinan-4-yl)ethylamino]-5a,5b,8,11a-tetramethyl-2,3,4,5,6,7,7a,8,11,11b,12,13,13a,13b-tetradecahydro-1H-cyclopenta[a]chrysen-9-yl]-1-[2-[(3-chloro-2-pyridinyl)oxy]ethyl]cyclohex-3-ene-1-carboxylic acid",CC1C(C2=CCC(CCOc3ncccc3Cl)(C(=O)O)CC2)=CCC2(C)C1CCC1(C)C2CCC2[C@H]3CCCC3(NCCN3CCS(=O)(=O)CC3)CC[C@]21C,C45H66ClN3O5S,,156028859,level 3,0,0,44,0.3121,0,0,0.62344813,1,0.8421675,1,1,0,1,Norman_Pharmaceuticals.csv,0.2448979591836734,0,Pharmaceuticals,CC1C(C2=CCC(CCOc3ncccc3Cl)(C(=O)O)CC2)=CCC2(C)C1CCC1(C)C2CCC2[C@H]3CCCC3(NCCN3CCS(=O)(=O)CC3)CC[C@]21C
207,"5-[3-chloro-5-(10,16-dimethyl-13-oxa-1-azapentacyclo[10.7.1.02,7.08,20.014,19]icosan-5-yl)phenyl]-10,16-dimethyl-13-oxa-1-azapentacyclo[10.7.1.02,7.08,20.014,19]icosane",CC1CCC2C(C1)OC1CC(C)CC3C4CC(c5cc(Cl)cc(C6CCC7C(C6)C6CC(C)CC8OC9CC(C)CCC9N7C86)c5)CCC4N2C13,C46H67ClN2O2,,123667397,level 3,0,0,141,1,1,1,0.70291317,1,0.98858154,1,1,0,1,Industrial_chemical.csv,0.2592592592592592,0,Industry and consumer goods,CC1CCC2C(C1)OC1CC(C)CC3C4CC(c5cc(Cl)cc(C6CCC7C(C6)C6CC(C)CC8OC9CC(C)CCC9N7C86)c5)CCC4N2C13
208,"1-[[[4-chloro-6-[cyclohexyl-[(1-cyclohexyl-3,3,5-trimethyl-2-oxopiperazin-1-ium-1-yl)methyl]amino]-1,3,5-triazin-2-yl]-cyclohexylamino]methyl]-1-cyclohexyl-3,3,5-trimethylpiperazin-1-ium-2-one",CC1C[N+](CN(c2nc(Cl)nc(N(C[N+]3(C4CCCCC4)CC(C)NC(C)(C)C3=O)C3CCCCC3)n2)C2CCCCC2)(C2CCCCC2)C(=O)C(C)(C)N1,C43H74ClN9O2,,20263288,level 3,0,0,70,0.4965,0,1,0.04370988,0,0.000207702,0,1,0,1,Industrial_chemical.csv,0.4126984126984127,0,Industry and consumer goods,CC1C[N+](CN(c2nc(Cl)nc(N(C[N+]3(C4CCCCC4)CC(C)NC(C)(C)C3=O)C3CCCCC3)n2)C2CCCCC2)(C2CCCCC2)C(=O)C(C)(C)N1
209,"4,4,5,5,6,6,7,7,8,8,9,9,10,10,11,11,11-heptadecachloro-2-ethylundec-2-enoic acid",CCC(=CC(Cl)(Cl)C(Cl)(Cl)C(Cl)(Cl)C(Cl)(Cl)C(Cl)(Cl)C(Cl)(Cl)C(Cl)(Cl)C(Cl)(Cl)Cl)C(=O)O,C13H7Cl17O2,,53681573,level 3,0,0,130,0.922,1,1,0.99656546,1,0.99990326,1,1,0,1,Industrial_chemical.csv;Norman_Human metabolites.csv,0.3823529411764705,0,Industry and consumer goods,CCC(=CC(Cl)(Cl)C(Cl)(Cl)C(Cl)(Cl)C(Cl)(Cl)C(Cl)(Cl)C(Cl)(Cl)C(Cl)(Cl)C(Cl)(Cl)Cl)C(=O)O
210,"[3a-[2-[(4-chlorophenyl)methyl-[2-(dimethylamino)ethyl]amino]ethyl]-5b,8,11a-trimethyl-2-oxo-1-propan-2-yl-4,5,5a,6,7,7a,8,9,10,11,11b,12,13,13a-tetradecahydro-3H-cyclopenta[a]chrysen-9-yl] 3,3-dimethylpentanoate",CCC(C)(C)CC(=O)OC1CCC2(C)C(CCC3(C)C4CCC5(CCN(CCN(C)C)Cc6ccc(Cl)cc6)CC(=O)C(C(C)C)=C5C4CCC32)C1C,C47H73ClN2O3,,145595478,level 3,0,0,30,0.2128,0,1,0.9192636,1,0.8165446,1,1,0,1,Norman_Human metabolites.csv,0.2540983606557377,0,Transformation and metabolic products,CCC(C)(C)CC(=O)OC1CCC2(C)C(CCC3(C)C4CCC5(CCN(CCN(C)C)Cc6ccc(Cl)cc6)CC(=O)C(C(C)C)=C5C4CCC32)C1C
211,"4-[[3a-[4-[(4-chlorocyclohexa-2,4-dien-1-yl)methylimino]-2-methyliminohexyl]-5a,5b,8,8,11a-pentamethyl-1-propan-2-yl-2,3,4,5,6,7,7a,9,10,11,11b,12,13,13a-tetradecahydrocyclopenta[a]chrysen-9-yl]oxy]-2,2-dimethyl-4-oxobutanoic acid",CCC(CC(CC12CCC(C(C)C)=C1C1CCC3C4(C)CCC(OC(=O)CC(C)(C)C(=O)O)C(C)(C)C4CCC3(C)C1(C)CC2)=NC)=NCC1C=CC(Cl)=CC1,C49H75ClN2O4,,123176577,level 3,0,0,126,0.8936,1,1,0.90803933,1,0.95909995,1,1,0,1,Norman_Pharmaceuticals.csv,0.4074074074074074,0,Pharmaceuticals,CCC(CC(CC12CCC(C(C)C)=C1C1CCC3C4(C)CCC(OC(=O)CC(C)(C)C(=O)O)C(C)(C)C4CCC3(C)C1(C)CC2)=NC)=NCC1C=CC(Cl)=CC1
212,"4-[2-[[3-[[3-[1-(4-chlorophenyl)pyrazole-4-carbonyl]-6-(dimethylcarbamoyl)-5,7-dihydro-4H-thieno[2,3-c]pyridin-2-yl]carbamoyl]phenyl]methyl-pentan-3-ylamino]ethyl-methylamino]-4-oxobutanoic acid",CCC(CC)N(CCN(C)C(=O)CCC(=O)O)Cc1cccc(C(=O)Nc2sc3c(c2C(=O)c2cnn(-c4ccc(Cl)cc4)c2)CCN(C(=O)N(C)C)C3)c1,C40H48ClN7O6S,,140312470,level 3,0,0,6,0.0426,0,0,0.5458323,1,0.354684,0,1,0,1,Norman_Indoor environment substances.csv;Norman_Human metabolites.csv;Norman_Pharmaceuticals.csv,0.2788461538461538,0,Pharmaceuticals,CCC(CC)N(CCN(C)C(=O)CCC(=O)O)Cc1cccc(C(=O)Nc2sc3c(c2C(=O)c2cnn(-c4ccc(Cl)cc4)c2)CCN(C(=O)N(C)C)C3)c1
213,"4-[4-[13-[2-[(2-chlorophenyl)methyl-ethylamino]ethyl]-3-ethyl-4,10-dimethyl-16-oxo-15-propan-2-yl-2,3,5,6,7,8,9,11,12,17-decahydro-1H-cyclopenta[a]phenanthren-4-yl]butan-2-yloxy]-2,2-dimethyl-4-oxobutanoic acid",CCC1CCC2(C)C3CCC4(CCN(CC)Cc5ccccc5Cl)CC(=O)C(C(C)C)=C4C3CCC2C1(C)CCC(C)OC(=O)CC(C)(C)C(=O)O,C45H68ClNO5,,145595623,level 3,0,0,87,0.617,1,1,0.6451434,1,0.7384634,1,1,0,1,Norman_Pharmaceuticals.csv,0.2436974789915966,0,Pharmaceuticals,CCC1CCC2(C)C3CCC4(CCN(CC)Cc5ccccc5Cl)CC(=O)C(C(C)C)=C4C3CCC2C1(C)CCC(C)OC(=O)CC(C)(C)C(=O)O
214,"6-chloro-2-N,4-N-bis[1-(1-cyclohex-3-en-1-yloxy-2,2,6,6-tetramethylpiperidin-4-yl)butyl]-1,3,5-triazine-2,4-diamine",CCCC(Nc1nc(Cl)nc(NC(CCC)C2CC(C)(C)N(OC3CC=CCC3)C(C)(C)C2)n1)C1CC(C)(C)N(OC2CC=CCC2)C(C)(C)C1,C41H70ClN7O2,,87324803,level 3,0,0,66,0.4681,0,1,0.73486125,1,1.839685e-05,0,1,0,1,Norman_Human metabolites.csv,0.3166666666666666,0,Transformation and metabolic products,CCCC(Nc1nc(Cl)nc(NC(CCC)C2CC(C)(C)N(OC3CC=CCC3)C(C)(C)C2)n1)C1CC(C)(C)N(OC2CC=CCC2)C(C)(C)C1
215,"3-(4-chloro-2-propylcyclohexa-2,4-dien-1-yl)-5-[(5S)-5-hydroxy-5-[4-[2-(2-methoxyethoxy)ethyl]-3-oxopiperazin-1-yl]-4,9,10-trimethylundecyl]-N-methyl-3,4-dihydro-2H-1,5-benzoxazepine-7-carboxamide",CCCC1=CC(Cl)=CCC1C1COc2ccc(C(=O)NC)cc2N(CCCC(C)[C@@](O)(CCCC(C)C(C)C)N2CCN(CCOCCOC)C(=O)C2)C1,C43H69ClN4O6,,142444499,level 3,0,0,82,0.5816,1,1,0.6825476,1,0.17438726,0,1,0,1,Industrial_chemical.csv,0.2416107382550335,0,Industry and consumer goods,CCCC1=CC(Cl)=CCC1C1COc2ccc(C(=O)NC)cc2N(CCCC(C)[C@@](O)(CCCC(C)C(C)C)N2CCN(CCOCCOC)C(=O)C2)C1
216,"4,8-bis(5-bromothiophen-2-yl)-6-(2-ethylhexyl)-7-oxo-4H-pyrrolo[3,4-g][2,1,3]benzothiadiazol-7-ium-5-one",CCCCC(CC)CC1=C2C(=O)C(c3ccc(Br)s3)c3nsnc3C2=C(c2ccc(Br)s2)[N+]1=O,C24H22Br2N3O2S3,,117762854,level 3,0,0,82,0.5816,1,0,0.2809823,0,0.905926,1,1,0,1,Norman_Indoor environment substances.csv;Industrial_chemical.csv;Norman_Human metabolites.csv,0.2763157894736842,0,Industry and consumer goods,CCCCC(CC)CC1=C2C(=O)C(c3ccc(Br)s3)c3nsnc3C2=C(c2ccc(Br)s2)[N+]1=O
217,"[2-(2-chlorosulfanylethylamino)-2-(methoxymethyl)-3-[(9Z,12Z)-octadeca-9,12-dienoyl]oxypropyl] (9Z,12Z)-octadeca-9,12-dienoate",CCCCC/C=C\C/C=C\CCCCCCCC(=O)OCC(COC)(COC(=O)CCCCCCC/C=C\C/C=C\CCCCC)NCCSCl,C43H76ClNO5S,,163296517,level 3,0,0,94,0.6667,1,0,3.1904258e-07,0,0.011231682,0,0,0,1,Norman_Human metabolites.csv,0.5769230769230769,0,Transformation and metabolic products,CCCCC/C=C\C/C=C\CCCCCCCC(=O)OCC(COC)(COC(=O)CCCCCCC/C=C\C/C=C\CCCCC)NCCSCl
218,"N-[4-[4-chloro-3-[[1-[4-(2-cyclopropyloxyphenyl)-3-pyridinyl]cyclopropyl]oxymethyl]phenyl]sulfanylbutyl]-N-[1,1,2,2,3-pentahydroxy-3-(2-oxopyrrolidin-1-yl)propyl]hexanamide",CCCCCC(=O)N(CCCCSc1ccc(Cl)c(COC2(c3cnccc3-c3ccccc3OC3CC3)CC2)c1)C(O)(O)C(O)(O)C(O)N1CCCC1=O,C41H52ClN3O9S,,142748359,level 3,0,0,7,0.0496,0,1,0.012391479,0,0.028705616,0,1,0,1,Industrial_chemical.csv,0.2554744525547445,0,Industry and consumer goods,CCCCCC(=O)N(CCCCSc1ccc(Cl)c(COC2(c3cnccc3-c3ccccc3OC3CC3)CC2)c1)C(O)(O)C(O)(O)C(O)N1CCCC1=O
219,"N-[3-[4-chloro-3-[[1-[4-(2-cyclopropyloxyphenyl)-3-pyridinyl]cyclopropyl]oxymethyl]phenyl]sulfanylpropyl]-N-[1,1,2,2,3-pentahydroxy-3-(2-oxopyrrolidin-1-yl)propyl]hexanamide",CCCCCC(=O)N(CCCSc1ccc(Cl)c(COC2(c3cnccc3-c3ccccc3OC3CC3)CC2)c1)C(O)(O)C(O)(O)C(O)N1CCCC1=O,C40H50ClN3O9S,,142748373,level 3,0,0,13,0.0922,0,1,0.013435882,0,0.04378303,0,1,0,1,Industrial_chemical.csv,0.2573529411764705,0,Industry and consumer goods,CCCCCC(=O)N(CCCSc1ccc(Cl)c(COC2(c3cnccc3-c3ccccc3OC3CC3)CC2)c1)C(O)(O)C(O)(O)C(O)N1CCCC1=O
220,"9-O-(2,6-dichloro-4-methylphenyl) 1-O-[1-hydroxy-3-[(Z)-octadec-9-enoyl]oxypropan-2-yl] 3,4,4,5,5,7-hexamethylnonanedioate",CCCCCCCC/C=C\CCCCCCCC(=O)OCC(CO)OC(=O)CC(C)C(C)(C)C(C)(C)CC(C)CC(=O)Oc1c(Cl)cc(C)cc1Cl,C43H70Cl2O7,,154695663,level 3,0,0,78,0.5532,1,1,0.121359095,0,0.08083554,0,1,0,1,Industrial_chemical.csv;Norman_Personal care products.csv;Norman_Human metabolites.csv,0.5223880597014925,0,Personal care products,CCCCCCCC/C=C\CCCCCCCC(=O)OCC(CO)OC(=O)CC(C)C(C)(C)C(C)(C)CC(C)CC(=O)Oc1c(Cl)cc(C)cc1Cl
221,"2-[(5-chloro-3,3-dimethyl-1-octylindol-2-ylidene)methyl]-4-[[1-(2-hexyldecyl)-3,3-dimethylindol-1-ium-2-yl]methylidene]-3-hydroxycyclobut-2-en-1-one",CCCCCCCCC(CCCCCC)C[N+]1=C(C=C2C(=O)C(C=C3N(CCCCCCCC)c4ccc(Cl)cc4C3(C)C)=C2O)C(C)(C)c2ccccc21,C50H72ClN2O2,,123790476,level 3,0,0,136,0.9645,1,1,0.53231335,1,0.5483186,1,1,0,1,Industrial_chemical.csv,0.4588235294117647,0,Industry and consumer goods,CCCCCCCCC(CCCCCC)C[N+]1=C(C=C2C(=O)C(C=C3N(CCCCCCCC)c4ccc(Cl)cc4C3(C)C)=C2O)C(C)(C)c2ccccc21
222,[2-[bis(2-chloroethyl)carbamoyloxy]-3-octadec-9-enoyloxypropyl] octadec-9-enoate,CCCCCCCCC=CCCCCCCCC(=O)OCC(COC(=O)CCCCCCCC=CCCCCCCCC)OC(=O)N(CCCl)CCCl,C44H79Cl2NO6,,356948,level 3,59,0.3041,105,0.7447,1,0,1.0092982e-06,0,0.000897311,0,0,0,1,Norman_Food contact chemicals.csv;Norman_Pharmaceuticals.csv;Norman_Human metabolites.csv;Industrial_chemical.csv;Norman_Drinking water chemicals.csv;Norman_Personal care products.csv,0.6888888888888889,1,Pharmaceuticals,CCCCCCCCC=CCCCCCCCC(=O)OCC(COC(=O)CCCCCCCC=CCCCCCCCC)OC(=O)N(CCCl)CCCl
223,"2-[2-(3-chloro-4-fluorophenyl)-4-oxo-6-(4-propyl-1,4-diazepan-1-yl)quinazolin-3-yl]-N-propan-2-ylhexadecanamide",CCCCCCCCCCCCCCC(C(=O)NC(C)C)n1c(-c2ccc(F)c(Cl)c2)nc2ccc(N3CCCN(CCC)CC3)cc2c1=O,C41H61ClFN5O2,,67417052,level 3,0,0,52,0.3688,0,1,0.86910814,1,0.0764274,0,1,0,1,Norman_Natural toxins.csv;Norman_Human metabolites.csv,0.3020833333333333,0,Transformation and metabolic products,CCCCCCCCCCCCCCC(C(=O)NC(C)C)n1c(-c2ccc(F)c(Cl)c2)nc2ccc(N3CCCN(CCC)CC3)cc2c1=O
224,[4-[(5-chloro-2-hexadecanoyloxybenzoyl)amino]phenyl] hexadecanoate,CCCCCCCCCCCCCCCC(=O)Oc1ccc(NC(=O)c2cc(Cl)ccc2OC(=O)CCCCCCCCCCCCCCC)cc1,C45H70ClNO5,,3101742,level 3,0,0,123,0.8723,1,0,0.000162193,0,0.000160609,0,0,0,1,Industrial_chemical.csv;Norman_Personal care products.csv;Norman_Human metabolites.csv;Norman_Food contact chemicals.csv,0.5,0,Personal care products,CCCCCCCCCCCCCCCC(=O)Oc1ccc(NC(=O)c2cc(Cl)ccc2OC(=O)CCCCCCCCCCCCCCC)cc1
225,[(2S)-3-dichlorophosphoryloxy-2-octadecanoyloxypropyl] octadecanoate,CCCCCCCCCCCCCCCCCC(=O)OC[C@@H](COP(=O)(Cl)Cl)OC(=O)CCCCCCCCCCCCCCCCC,C39H75Cl2O6P,,10533042,level 3,0,0,124,0.8794,1,0,5.262779e-06,0,3.5810106e-05,0,0,0,1,Industrial_chemical.csv;Norman_Human metabolites.csv;Norman_Pharmaceuticals.csv,0.775,1,Pharmaceuticals,CCCCCCCCCCCCCCCCCC(=O)OC[C@@H](COP(=O)(Cl)Cl)OC(=O)CCCCCCCCCCCCCCCCC
226,[(2R)-2-[(2-amino-6-chloropurin-9-yl)methyl]-4-[(2S)-3-methyl-2-(phenylmethoxycarbonylamino)butanoyl]oxybutyl] octadecanoate,CCCCCCCCCCCCCCCCCC(=O)OC[C@H](CCOC(=O)[C@@H](NC(=O)OCc1ccccc1)C(C)C)Cn1cnc2c(Cl)nc(N)nc21,C41H63ClN6O6,,87846425,level 3,0,0,107,0.7589,1,1,5.4792516e-05,0,0.15541166,0,1,0,1,Norman_Drinking water chemicals.csv;Norman_Human metabolites.csv,0.4673913043478261,0,Food and other consumption,CCCCCCCCCCCCCCCCCC(=O)OC[C@H](CCOC(=O)[C@@H](NC(=O)OCc1ccccc1)C(C)C)Cn1cnc2c(Cl)nc(N)nc21
227,"1-henicosanoyloxyethyl 3-chloro-6-(4-methylpiperazin-1-yl)benzo[b][1,4]benzodiazepine-5-carboxylate",CCCCCCCCCCCCCCCCCCCCC(=O)OC(C)OC(=O)N1C(N2CCN(C)CC2)=c2ccccc2=Nc2ccc(Cl)cc21,C42H63ClN4O4,,71622651,level 3,0,0,78,0.5532,1,0,0.41559103,0,0.4247342,0,0,0,1,Industrial_chemical.csv;Norman_Human metabolites.csv,0.5507246376811594,0,Industry and consumer goods,CCCCCCCCCCCCCCCCCCCCC(=O)OC(C)OC(=O)N1C(N2CCN(C)CC2)=c2ccccc2=Nc2ccc(Cl)cc21
228,"[(2S,5R)-2-amino-5-(4-aminopyrrolo[2,1-f][1,2,4]triazin-7-yl)oxolan-2-yl]methyl [(2R)-2-[(5-chloro-3-pyridinyl)methoxy]henicosyl] hydrogen phosphate",CCCCCCCCCCCCCCCCCCC[C@H](COP(=O)(O)OC[C@]1(N)CC[C@H](c2ccc3c(N)ncnn23)O1)OCc1cncc(Cl)c1,C38H62ClN6O6P,,169971322,level 3,0,0,106,0.7518,1,1,0.018411089,0,0.014326961,0,1,0,1,Norman_Human metabolites.csv,0.2826086956521739,0,Transformation and metabolic products,CCCCCCCCCCCCCCCCCCC[C@H](COP(=O)(O)OC[C@]1(N)CC[C@H](c2ccc3c(N)ncnn23)O1)OCc1cncc(Cl)c1
229,"6-[[2-(3-chloro-2-pyridinyl)-5-methoxy-3,4-dihydropyrazole-3-carbonyl]amino]-2-N,5-dimethyl-2-N-octadecyl-7-N-propan-2-ylindazole-2,7-dicarboxamide",CCCCCCCCCCCCCCCCCCN(C)C(=O)n1cc2cc(C)c(NC(=O)C3CC(OC)=NN3c3ncccc3Cl)c(C(=O)NC(C)C)c2n1,C42H63ClN8O4,,71029505,level 3,0,0,103,0.7305,1,1,0.073409565,0,0.50367653,1,1,0,1,Industrial_chemical.csv;Norman_Human metabolites.csv,0.3695652173913043,0,Industry and consumer goods,CCCCCCCCCCCCCCCCCCN(C)C(=O)n1cc2cc(C)c(NC(=O)C3CC(OC)=NN3c3ncccc3Cl)c(C(=O)NC(C)C)c2n1
230,"2-oxoethyl 7-[(1R,2R,3R,5R)-5-chloro-2-[(4S)-4-(1-ethylcyclobutyl)-4-hydroxybut-1-enyl]-3-hydroxycyclopentyl]-2-(N-octadecylanilino)hept-5-enoate",CCCCCCCCCCCCCCCCCCN(c1ccccc1)C(CCC=CC[C@@H]1[C@@H](C=CC[C@H](O)C2(CC)CCC2)[C@H](O)C[C@H]1Cl)C(=O)OCC=O,C48H78ClNO5,,173542904,level 3,0,0,70,0.4965,0,0,0.008383676,0,0.3096426,0,0,0,1,Norman_Human metabolites.csv,0.3723404255319149,0,Transformation and metabolic products,CCCCCCCCCCCCCCCCCCN(c1ccccc1)C(CCC=CC[C@@H]1[C@@H](C=CC[C@H](O)C2(CC)CCC2)[C@H](O)C[C@H]1Cl)C(=O)OCC=O
231,"[(2R,3R,4R,5R)-5-bromo-4-fluoro-2-(hexadecoxycarbonyloxymethyl)-4-methyloxolan-3-yl] hexadecyl carbonate",CCCCCCCCCCCCCCCCOC(=O)OC[C@H]1O[C@H](Br)[C@](C)(F)[C@@H]1OC(=O)OCCCCCCCCCCCCCCCC,C40H74BrFO7,,169299270,level 3,0,0,130,0.922,1,1,0.00037859,0,0.000164846,0,1,0,1,Industrial_chemical.csv,0.4634146341463415,0,Industry and consumer goods,CCCCCCCCCCCCCCCCOC(=O)OC[C@H]1O[C@H](Br)[C@](C)(F)[C@@H]1OC(=O)OCCCCCCCCCCCCCCCC
232,hexadecyl 4-chloro-3-[[2-(4-dodecoxyphenoxy)-3-oxobutanoyl]amino]benzoate,CCCCCCCCCCCCCCCCOC(=O)c1ccc(Cl)c(NC(=O)C(Oc2ccc(OCCCCCCCCCCCC)cc2)C(C)=O)c1,C45H70ClNO6,,53669557,level 3,0,0,70,0.4965,0,0,8.6097316e-05,0,0.000607958,0,0,0,1,Industrial_chemical.csv;Norman_Drinking water chemicals.csv;Norman_Human metabolites.csv,0.5333333333333333,0,Food and other consumption,CCCCCCCCCCCCCCCCOC(=O)c1ccc(Cl)c(NC(=O)C(Oc2ccc(OCCCCCCCCCCCC)cc2)C(C)=O)c1
233,"1,5-dichloro-9,10-dihexadecoxyanthracene",CCCCCCCCCCCCCCCCOc1c2cccc(Cl)c2c(OCCCCCCCCCCCCCCCC)c2cccc(Cl)c12,C46H72Cl2O2,,139930345,level 3,0,0,43,0.305,0,1,0.009349719,0,0.00295712,0,1,0,1,Norman_Human metabolites.csv,0.5135135135135135,0,Transformation and metabolic products,CCCCCCCCCCCCCCCCOc1c2cccc(Cl)c2c(OCCCCCCCCCCCCCCCC)c2cccc(Cl)c12
234,"1,5-dichloro-9,10-di(pentadecoxy)anthracene",CCCCCCCCCCCCCCCOc1c2cccc(Cl)c2c(OCCCCCCCCCCCCCCC)c2cccc(Cl)c12,C44H68Cl2O2,,139930331,level 3,0,0,39,0.2766,0,1,0.022946771,0,0.004543335,0,1,0,1,Norman_Human metabolites.csv,0.5135135135135135,0,Transformation and metabolic products,CCCCCCCCCCCCCCCOc1c2cccc(Cl)c2c(OCCCCCCCCCCCCCCC)c2cccc(Cl)c12
235,"[2-(N-methyl-4-pentadecylanilino)-2-oxoethyl] (Z)-7-[(1R,2R,3R,5R)-5-chloro-2-[(E)-4-(1-ethylcyclobutyl)but-1-enyl]-3-hydroxycyclopentyl]hept-5-enoate",CCCCCCCCCCCCCCCc1ccc(N(C)C(=O)COC(=O)CCC/C=C\C[C@@H]2[C@@H](/C=C/CCC3(CC)CCC3)[C@H](O)C[C@H]2Cl)cc1,C46H74ClNO4,,89409514,level 3,0,0,99,0.7021,1,1,0.022273114,0,0.4867824,0,1,0,1,Norman_Human metabolites.csv,0.3655913978494624,0,Transformation and metabolic products,CCCCCCCCCCCCCCCc1ccc(N(C)C(=O)COC(=O)CCC/C=C\C[C@@H]2[C@@H](/C=C/CCC3(CC)CCC3)[C@H](O)C[C@H]2Cl)cc1
236,"1-[7-[4-[4-(2,3-dichlorophenyl)piperazin-1-yl]butoxy]-2-oxo-3,4-dihydroquinolin-1-yl]ethyl N-ethyl-N-tetradecylcarbamate",CCCCCCCCCCCCCCN(CC)C(=O)OC(C)N1C(=O)CCc2ccc(OCCCCN3CCN(c4cccc(Cl)c4Cl)CC3)cc21,C42H64Cl2N4O4,,58096954,level 3,0,0,52,0.3688,0,1,0.6100619,1,0.48620695,0,1,0,1,Norman_Pharmaceuticals.csv,0.6436781609195402,1,Pharmaceuticals,CCCCCCCCCCCCCCN(CC)C(=O)OC(C)N1C(=O)CCc2ccc(OCCCCN3CCN(c4cccc(Cl)c4Cl)CC3)cc21
237,"dodecyl N-[2-(6-tert-butyl-7-chloro-5H-pyrazolo[1,5-b][1,2,4]triazol-2-yl)-4-(dodecoxycarbonylamino)phenyl]carbamate",CCCCCCCCCCCCOC(=O)Nc1ccc(NC(=O)OCCCCCCCCCCCC)c(-c2nc3c(Cl)c(C(C)(C)C)[nH]n3n2)c1,C40H65ClN6O4,,58819425,level 3,0,0,117,0.8298,1,1,0.004513615,0,8.7669294e-05,0,1,0,1,Industrial_chemical.csv;Norman_Human metabolites.csv,0.4264705882352941,0,Industry and consumer goods,CCCCCCCCCCCCOC(=O)Nc1ccc(NC(=O)OCCCCCCCCCCCC)c(-c2nc3c(Cl)c(C(C)(C)C)[nH]n3n2)c1
238,2-hexyldecyl 6-[(2-acetyloxy-3-dodecoxypropyl)-(2-chloroethyl)amino]hexanoate,CCCCCCCCCCCCOCC(CN(CCCl)CCCCCC(=O)OCC(CCCCCC)CCCCCCCC)OC(C)=O,C41H80ClNO5,,168858025,level 3,0,0,19,0.1348,0,1,3.8749727e-06,0,0.000178596,0,1,0,1,Industrial_chemical.csv;Norman_Personal care products.csv;Norman_Human metabolites.csv,0.5789473684210527,0,Personal care products,CCCCCCCCCCCCOCC(CN(CCCl)CCCCCC(=O)OCC(CCCCCC)CCCCCCCC)OC(C)=O
239,"5-chloro-4-dodecyl-2-[3-dodecyl-5-(3-dodecylthiophen-2-yl)thiophen-2-yl]-1,3-thiazole",CCCCCCCCCCCCc1ccsc1-c1cc(CCCCCCCCCCCC)c(-c2nc(CCCCCCCCCCCC)c(Cl)s2)s1,C47H78ClNS3,,58409901,level 3,0,0,89,0.6312,1,1,8.243079e-05,0,0.040987954,0,1,0,1,EPA_PFAS.csv,0.4193548387096774,0,Industry and consumer goods,CCCCCCCCCCCCc1ccsc1-c1cc(CCCCCCCCCCCC)c(-c2nc(CCCCCCCCCCCC)c(Cl)s2)s1
240,"14,14-dichloro-13,13-bis(4-decoxyphenyl)dispiro[5.1.58.16]tetradecane",CCCCCCCCCCOc1ccc(C2(c3ccc(OCCCCCCCCCC)cc3)CCCCC23CC2(CCCCC2)C3(Cl)Cl)cc1,C46H70Cl2O2,,70401483,level 3,0,0,91,0.6454,1,1,0.9743896,1,0.9769458,1,1,0,1,Industrial_chemical.csv,0.4042553191489361,0,Industry and consumer goods,CCCCCCCCCCOc1ccc(C2(c3ccc(OCCCCCCCCCC)cc3)CCCCC23CC2(CCCCC2)C3(Cl)Cl)cc1
241,"chloro-[3-[(Z)-11,11-di(nonoxy)undec-4-enyl]-2-methylphenyl]-bis(2-methylphenyl)phosphanium",CCCCCCCCCOC(CCCCC/C=C\CCCc1cccc([P+](Cl)(c2ccccc2C)c2ccccc2C)c1C)OCCCCCCCCC,C50H77ClO2P,,165174943,level 3,0,0,129,0.9149,1,1,0.06191124,0,0.4730361,0,1,0,1,Industrial_chemical.csv,0.4259259259259259,0,Industry and consumer goods,CCCCCCCCCOC(CCCCC/C=C\CCCc1cccc([P+](Cl)(c2ccccc2C)c2ccccc2C)c1C)OCCCCCCCCC
242,"2-chloro-5,8,11,20-tetraheptoxyhexacyclo[11.5.2.04,17.07,16.010,15.014,18]icosa-1(18),2,4,6,8,10,12,14,16,19-decaene",CCCCCCCOc1cc2c(OCCCCCCC)cc3c(OCCCCCCC)cc4c(OCCCCCCC)cc5c(Cl)cc1c1c5c4c3c21,C48H65ClO4,,102452049,level 3,0,0,20,0.1418,0,0,0.800651,1,0.5081154,1,1,0,1,Industrial_chemical.csv;Norman_Human metabolites.csv,0.5806451612903226,0,Industry and consumer goods,CCCCCCCOc1cc2c(OCCCCCCC)cc3c(OCCCCCCC)cc4c(OCCCCCCC)cc5c(Cl)cc1c1c5c4c3c21
243,"5-[5-[2-[4-[3-[1-(5-chloro-1-pentyl-1,3-diazinan-2-ylidene)piperidin-1-ium-4-yl]propoxy]-2-fluorophenyl]acetyl]-1,5-diazocan-1-yl]-5-oxopentane-1-sulfinic acid",CCCCCN1CC(Cl)CNC1=[N+]1CCC(CCCOc2ccc(CC(=O)N3CCCN(C(=O)CCCCS(=O)O)CCC3)c(F)c2)CC1,C36H58ClFN5O5S,,165404541,level 3,0,0,13,0.0922,0,0,0.1100292,0,0.02100118,0,0,0,1,Norman_Pharmaceuticals.csv,0.3068181818181818,0,Pharmaceuticals,CCCCCN1CC(Cl)CNC1=[N+]1CCC(CCCOc2ccc(CC(=O)N3CCCN(C(=O)CCCCS(=O)O)CCC3)c(F)c2)CC1
244,"8,14-dibutyl-11-chloro-4,18-dicyclohexyloxy-5,5,17,17-tetramethyl-4,8,10,12,14,18,20-heptazapentacyclo[13.3.1.11,3.13,7.19,13]docosa-9(20),10,12-triene",CCCCN1c2nc(Cl)nc(n2)N(CCCC)C2CC(C)(C)N(OC3CCCCC3)C3(C2)CC2(CC1CC(C)(C)N2OC1CCCCC1)C3,C39H66ClN7O2,,129145948,level 3,0,0,64,0.4539,0,1,0.96515405,1,0.004965354,0,1,0,1,Industrial_chemical.csv;Norman_Human metabolites.csv,0.2758620689655172,0,Industry and consumer goods,CCCCN1c2nc(Cl)nc(n2)N(CCCC)C2CC(C)(C)N(OC3CCCCC3)C3(C2)CC2(CC1CC(C)(C)N2OC1CCCCC1)C3
245,"(2Z)-5-butoxy-2-[(2E)-2-[3-[(E)-2-(5-butoxy-1-butyl-6-ethyl-3,3-dimethylindol-1-ium-2-yl)ethenyl]-2-chlorocyclohex-2-en-1-ylidene]ethylidene]-1-butyl-3,3,6-trimethylindole",CCCCOc1cc2c(cc1C)N(CCCC)/C(=C\C=C1/CCCC(/C=C/C3=[N+](CCCC)c4cc(CC)c(OCCCC)cc4C3(C)C)=C1Cl)C2(C)C,C49H70ClN2O2,,57713614,level 3,0,0,94,0.6667,1,1,0.9838713,1,0.85464674,1,1,0,1,Industrial_chemical.csv,0.5,0,Industry and consumer goods,CCCCOc1cc2c(cc1C)N(CCCC)/C(=C\C=C1/CCCC(/C=C/C3=[N+](CCCC)c4cc(CC)c(OCCCC)cc4C3(C)C)=C1Cl)C2(C)C
246,"(2Z)-5-butoxy-2-[(2E)-2-[3-[(E)-2-(5-butoxy-1-butyl-3,3-dimethylindol-1-ium-2-yl)ethenyl]-2-chlorocyclohex-2-en-1-ylidene]ethylidene]-1-butyl-6-ethyl-3,3-dimethylindole",CCCCOc1ccc2c(c1)C(C)(C)C(/C=C/C1=C(Cl)/C(=C/C=C3\N(CCCC)c4cc(CC)c(OCCCC)cc4C3(C)C)CCC1)=[N+]2CCCC,C48H68ClN2O2,,57713625,level 3,0,0,119,0.844,1,1,0.98734236,1,0.8311459,1,1,0,1,Industrial_chemical.csv,0.5287356321839081,0,Industry and consumer goods,CCCCOc1ccc2c(c1)C(C)(C)C(/C=C/C1=C(Cl)/C(=C/C=C3\N(CCCC)c4cc(CC)c(OCCCC)cc4C3(C)C)CCC1)=[N+]2CCCC
247,"2-[(N,N'-dicyclohexylcarbamimidoyl)amino]-3-naphthalen-2-yl-N-[4-[[tributyl(chloro)-lambda5-phosphanyl]methyl]phenyl]propanamide",CCCCP(Cl)(CCCC)(CCCC)Cc1ccc(NC(=O)C(Cc2ccc3ccccc3c2)NC(=NC2CCCCC2)NC2CCCCC2)cc1,C45H68ClN4OP,,140449022,level 3,0,0,123,0.8723,1,1,0.29999757,0,0.5815263,1,1,0,1,Industrial_chemical.csv,0.382716049382716,0,Industry and consumer goods,CCCCP(Cl)(CCCC)(CCCC)Cc1ccc(NC(=O)C(Cc2ccc3ccccc3c2)NC(=NC2CCCCC2)NC2CCCCC2)cc1
248,"N-[2-[2-[2-[(2E)-2-[(2E)-2-[3-[(E)-2-(1-butyl-3,3-dimethylindol-1-ium-2-yl)ethenyl]-2-chlorocyclohex-2-en-1-ylidene]ethylidene]-3,3-dimethylindol-1-yl]ethoxy]ethoxy]ethyl]-4-fluorobenzamide",CCCC[N+]1=C(/C=C/C2=C(Cl)/C(=C/C=C3/N(CCOCCOCCNC(=O)c4ccc(F)cc4)c4ccccc4C3(C)C)CCC2)C(C)(C)c2ccccc21,C47H56ClFN3O3,,126761858,level 3,0,0,38,0.2695,0,1,0.98576367,1,0.96847624,1,1,0,1,Industrial_chemical.csv,0.6067415730337079,1,Industry and consumer goods,CCCC[N+]1=C(/C=C/C2=C(Cl)/C(=C/C=C3/N(CCOCCOCCNC(=O)c4ccc(F)cc4)c4ccccc4C3(C)C)CCC2)C(C)(C)c2ccccc21
249,"tributyl-[3-(chloromethyl)-4-[5-[2-(chloromethyl)-4-tributylphosphaniumylphenyl]-4-phenyl-1,2,4-triazol-3-yl]phenyl]phosphanium",CCCC[P+](CCCC)(CCCC)c1ccc(-c2nnc(-c3ccc([P+](CCCC)(CCCC)CCCC)cc3CCl)n2-c2ccccc2)c(CCl)c1,C46H69Cl2N3P2,,88049701,level 3,0,0,65,0.461,0,1,0.93498474,1,0.81163526,1,1,0,1,Industrial_chemical.csv,0.3478260869565217,0,Industry and consumer goods,CCCC[P+](CCCC)(CCCC)c1ccc(-c2nnc(-c3ccc([P+](CCCC)(CCCC)CCCC)cc3CCl)n2-c2ccccc2)c(CCl)c1
250,"(2S,3S,6R,8R,9R,10R)-3-[[4-(4-chlorobenzoyl)piperazin-1-yl]methyl]-9-[(2S,4S,6R)-4-(dimethylamino)-6-methyloxan-2-yl]oxy-8-methoxy-2,6,8,10,12,12-hexamethyl-4-propyl-1-oxa-4-azacyclotridecane-11,13-dione",CCCN1C[C@H](C)C[C@@](C)(OC)[C@H](O[C@H]2C[C@@H](N(C)C)C[C@@H](C)O2)[C@@H](C)C(=O)C(C)(C)C(=O)O[C@@H](C)[C@@H]1CN1CCN(C(=O)c2ccc(Cl)cc2)CC1,C41H67ClN4O7,,166149636,level 3,0,0,71,0.5035,1,0,0.49803725,0,0.39453283,0,0,0,1,Industrial_chemical.csv;Norman_Human metabolites.csv,0.32,0,Industry and consumer goods,CCCN1C[C@H](C)C[C@@](C)(OC)[C@H](O[C@H]2C[C@@H](N(C)C)C[C@@H](C)O2)[C@@H](C)C(=O)C(C)(C)C(=O)O[C@@H](C)[C@@H]1CN1CCN(C(=O)c2ccc(Cl)cc2)CC1
251,"3-(4-chloro-2-propylphenyl)-5-[[2-[(E)-1-(7-formyl-1,4,7-triazecan-1-yl)-2-methoxy-6,7-dimethyloct-3-en-2-yl]cyclobutyl]methyl]-N-hydroxy-3,4-dihydro-2H-1,5-benzoxazepine-7-carboxamide",CCCc1cc(Cl)ccc1C1COc2ccc(C(=O)NO)cc2N(CC2CCC2C(/C=C/CC(C)C(C)C)(CN2CCCN(C=O)CCNCC2)OC)C1,C43H64ClN5O5,,142443259,level 3,0,0,70,0.4965,0,0,0.9191391,1,0.43694395,0,1,0,1,Norman_Human metabolites.csv,0.2419354838709677,0,Transformation and metabolic products,CCCc1cc(Cl)ccc1C1COc2ccc(C(=O)NO)cc2N(CC2CCC2C(/C=C/CC(C)C(C)C)(CN2CCCN(C=O)CCNCC2)OC)C1
252,"3-[7-[[22-(4-chloro-2-propylphenyl)-7-hydroxy-11,12-dimethyl-13,15-dioxo-20-oxa-13lambda4-thia-1,14-diazatetracyclo[14.7.2.03,6.019,24]pentacosa-16(25),17,19(24)-trien-7-yl]methyl]-1,4,7-triazecan-1-yl]propanal",CCCc1cc(Cl)ccc1C1COc2ccc3cc2N(C1)CC1CCC1C(O)(CN1CCCN(CCC=O)CCNCC1)CCCC(C)C(C)S(=O)NC3=O,C43H64ClN5O5S,,142443453,level 3,0,0,111,0.7872,1,1,0.8628269,1,0.7011373,1,1,0,1,Norman_Pharmaceuticals.csv,0.2543859649122807,0,Pharmaceuticals,CCCc1cc(Cl)ccc1C1COc2ccc3cc2N(C1)CC1CCC1C(O)(CN1CCCN(CCC=O)CCNCC1)CCCC(C)C(C)S(=O)NC3=O
253,"[2-[ethyl(15-phenylpentadecyl)amino]-2-oxoethyl] (Z)-7-[(1R,2R,3R,5R)-5-chloro-2-[(E,4S)-4-(1-ethylcyclobutyl)-4-hydroxybut-1-enyl]-3-hydroxycyclopentyl]hept-5-enoate",CCN(CCCCCCCCCCCCCCCc1ccccc1)C(=O)COC(=O)CCC/C=C\C[C@@H]1[C@@H](/C=C/C[C@H](O)C2(CC)CCC2)[C@H](O)C[C@H]1Cl,C47H76ClNO5,,71607648,level 3,0,0,50,0.3546,0,1,0.009473329,0,0.18597403,0,1,0,1,Norman_Human metabolites.csv,0.4301075268817204,0,Transformation and metabolic products,CCN(CCCCCCCCCCCCCCCc1ccccc1)C(=O)COC(=O)CCC/C=C\C[C@@H]1[C@@H](/C=C/C[C@H](O)C2(CC)CCC2)[C@H](O)C[C@H]1Cl
254,"(2S,3S,4R,5S)-N-[4-[4-chloro-3-[[[1-[4-(2-cyclopropyloxyphenyl)-3-pyridinyl]cyclopropyl]amino]methyl]phenyl]pentyl]-N-(1,1-diethoxypropyl)-2,3,4,5,6-pentahydroxyhexanamide",CCOC(CC)(OCC)N(CCCC(C)c1ccc(Cl)c(CNC2(c3cnccc3-c3ccccc3OC3CC3)CC2)c1)C(=O)[C@@H](O)[C@@H](O)[C@H](O)[C@@H](O)CO,C42H58ClN3O9,,129252058,level 3,0,0,2,0.0142,0,1,0.08951075,0,0.005310906,0,1,0,1,Norman_Pharmaceuticals.csv,0.2661290322580645,0,Pharmaceuticals,CCOC(CC)(OCC)N(CCCC(C)c1ccc(Cl)c(CNC2(c3cnccc3-c3ccccc3OC3CC3)CC2)c1)C(=O)[C@@H](O)[C@@H](O)[C@H](O)[C@@H](O)CO
255,"(1S,4S,6R,14R,18S)-18-[4-(3-chlorocyclohexyl)-5-(4-ethoxycyclohexyl)triazolidin-2-yl]-14-[(2-methylpropan-2-yl)oxycarbonylamino]-2,15-dioxo-3,16-diazatricyclo[14.3.0.04,6]nonadecane-4-carboxylic acid",CCOC1CCC(C2NN([C@H]3C[C@H]4C(=O)N[C@@]5(C(=O)O)C[C@H]5CCCCCCC[C@@H](NC(=O)OC(C)(C)C)C(=O)N4C3)NC2C2CCCC(Cl)C2)CC1,C39H65ClN6O7,,145786846,level 3,0,0,39,0.2766,0,0,0.1335774,0,0.9871875,1,1,0,1,Norman_Pharmaceuticals.csv,0.3949579831932773,0,Pharmaceuticals,CCOC1CCC(C2NN([C@H]3C[C@H]4C(=O)N[C@@]5(C(=O)O)C[C@H]5CCCCCCC[C@@H](NC(=O)OC(C)(C)C)C(=O)N4C3)NC2C2CCCC(Cl)C2)CC1
256,"(1R,9S,12S,14R,17R,18E,21S,23S,24R,25S,27R)-12-[(E)-1-[(1R,3R)-4-chloro-3-methoxycyclohexyl]prop-1-en-2-yl]-17-ethyl-1,14-dihydroxy-23,25-dimethoxy-19,21,27-trimethyl-11,28-dioxa-4-azatricyclo[22.3.1.04,9]octacos-18-ene-2,3,10,16-tetrone",CC[C@@H]1/C=C(\C)C[C@H](C)C[C@H](OC)[C@H]2O[C@@](O)(C(=O)C(=O)N3CCCC[C@H]3C(=O)O[C@H](/C(C)=C/[C@@H]3CCC(Cl)[C@H](OC)C3)C[C@@H](O)CC1=O)[C@H](C)C[C@@H]2OC,C42H66ClNO11,,160578065,level 3,0,0,84,0.5957,1,0,0.13255183,0,0.008924456,0,0,0,1,Norman_Human metabolites.csv;Norman_Pharmaceuticals.csv,0.8571428571428571,1,Pharmaceuticals,CC[C@@H]1/C=C(\C)C[C@H](C)C[C@H](OC)[C@H]2O[C@@](O)(C(=O)C(=O)N3CCCC[C@H]3C(=O)O[C@H](/C(C)=C/[C@@H]3CCC(Cl)[C@H](OC)C3)C[C@@H](O)CC1=O)[C@H](C)C[C@@H]2OC
257,"(1R,9S,12S,13R,14S,17R,18E,21S,23S,24R,25S,27R)-12-[(E)-1-[(1R,3R,4S)-4-chloro-3-methoxycyclohexyl]prop-1-en-2-yl]-17-ethyl-1,14-dihydroxy-23,25-dimethoxy-13,21,27-trimethyl-11,28-dioxa-4-azatricyclo[22.3.1.04,9]octacos-18-ene-2,3,10,16-tetrone",CC[C@@H]1/C=C/C[C@H](C)C[C@H](OC)[C@H]2O[C@@](O)(C(=O)C(=O)N3CCCC[C@H]3C(=O)O[C@H](/C(C)=C/[C@@H]3CC[C@H](Cl)[C@H](OC)C3)[C@H](C)[C@@H](O)CC1=O)[C@H](C)C[C@@H]2OC,C42H66ClNO11,,77519161,level 3,0,0,117,0.8298,1,0,0.14956549,0,0.010258306,0,0,0,1,Norman_Human metabolites.csv;Norman_Pharmaceuticals.csv,0.8260869565217391,1,Pharmaceuticals,CC[C@@H]1/C=C/C[C@H](C)C[C@H](OC)[C@H]2O[C@@](O)(C(=O)C(=O)N3CCCC[C@H]3C(=O)O[C@H](/C(C)=C/[C@@H]3CC[C@H](Cl)[C@H](OC)C3)[C@H](C)[C@@H](O)CC1=O)[C@H](C)C[C@@H]2OC
258,"(2S)-3-(3-chlorophenyl)-2-[[(2R,3S)-3-methoxy-7-[[(5S)-3-methoxy-5-methyl-4-[methyl-[(2S)-3-methyl-2-[[(2S)-3-methyl-2-(methylamino)butanoyl]amino]butanoyl]amino]heptanoyl]amino]-2-methylheptanoyl]amino]propanoic acid",CC[C@H](C)C(C(CC(=O)NCCCC[C@H](OC)[C@@H](C)C(=O)N[C@@H](Cc1cccc(Cl)c1)C(=O)O)OC)N(C)C(=O)[C@@H](NC(=O)[C@@H](NC)C(C)C)C(C)C,C39H66ClN5O8,,132193469,level 3,0,0,70,0.4965,0,0,0.009032127,0,0.016695105,0,0,0,1,Norman_Pharmaceuticals.csv,0.4649122807017544,0,Pharmaceuticals,CC[C@H](C)C(C(CC(=O)NCCCC[C@H](OC)[C@@H](C)C(=O)N[C@@H](Cc1cccc(Cl)c1)C(=O)O)OC)N(C)C(=O)[C@@H](NC(=O)[C@@H](NC)C(C)C)C(C)C
259,"(2S,5S)-2-[(1S)-1-azidoethyl]-N-[(3R,4S,5S)-1-[(2S)-2-[(1R,2R)-6-(2-chlorophenyl)-1-methoxy-2-methyl-3-oxohexyl]pyrrolidin-1-yl]-3-methoxy-5-methyl-1-oxoheptan-4-yl]-5-(dimethylamino)-N,6-dimethyl-4-oxoheptanamide",CC[C@H](C)[C@@H]([C@@H](CC(=O)N1CCC[C@H]1[C@H](OC)[C@@H](C)C(=O)CCCc1ccccc1Cl)OC)N(C)C(=O)[C@@H](CC(=O)[C@H](C(C)C)N(C)C)[C@H](C)N=[N+]=[N-],C40H65ClN6O6,,159708514,level 3,0,0,29,0.2057,0,0,0.06588734,0,0.8056207,1,1,0,1,Norman_Human metabolites.csv;Norman_Pharmaceuticals.csv,0.56,0,Pharmaceuticals,CC[C@H](C)[C@@H]([C@@H](CC(=O)N1CCC[C@H]1[C@H](OC)[C@@H](C)C(=O)CCCc1ccccc1Cl)OC)N(C)C(=O)[C@@H](CC(=O)[C@H](C(C)C)N(C)C)[C@H](C)N=[N+]=[N-]
260,"2-[2-[(7-chloroquinolin-4-yl)amino]ethyl-[[(3S,8S,9S,10R,13R,14S,17R)-10,13-dimethyl-17-[(2R)-6-methylheptan-2-yl]-2,3,4,7,8,9,11,12,14,15,16,17-dodecahydro-1H-cyclopenta[a]phenanthren-3-yl]oxycarbonyl]amino]ethyl-diethyl-(2-hydroxyethyl)azanium",CC[N+](CC)(CCO)CCN(CCNc1ccnc2cc(Cl)ccc12)C(=O)O[C@H]1CC[C@@]2(C)C(=CC[C@H]3[C@@H]4CC[C@H]([C@H](C)CCCC(C)C)[C@@]4(C)CC[C@@H]32)C1,C47H74ClN4O3,,10123630,level 3,0,0,102,0.7234,1,1,0.9707911,1,0.6754206,1,1,0,1,Norman_Human metabolites.csv,0.5576923076923077,0,Transformation and metabolic products,CC[N+](CC)(CCO)CCN(CCNc1ccnc2cc(Cl)ccc12)C(=O)O[C@H]1CC[C@@]2(C)C(=CC[C@H]3[C@@H]4CC[C@H]([C@H](C)CCCC(C)C)[C@@]4(C)CC[C@@H]32)C1
261,"(4S,7R,8S,9S,10E,13Z,16S)-7-(4-chlorobutyl)-5,5,9,13-tetramethyl-16-[(E)-1-(2-methyl-1,3-thiazol-4-yl)prop-1-en-2-yl]-4,8-bis(triethylsilyloxy)-1-oxacyclohexadeca-10,13-diene-2,6-dione",CC[Si](CC)(CC)O[C@H]1[C@@H](C)/C=C/C/C(C)=C\C[C@@H](/C(C)=C/c2csc(C)n2)OC(=O)C[C@H](O[Si](CC)(CC)CC)C(C)(C)C(=O)[C@@H]1CCCCCl,C42H72ClNO5SSi2,,140891091,level 3,0,0,124,0.8794,1,1,0.71651065,1,0.71700054,1,1,0,1,Norman_Pharmaceuticals.csv,0.5666666666666667,0,Pharmaceuticals,CC[Si](CC)(CC)O[C@H]1[C@@H](C)/C=C/C/C(C)=C\C[C@@H](/C(C)=C/c2csc(C)n2)OC(=O)C[C@H](O[Si](CC)(CC)CC)C(C)(C)C(=O)[C@@H]1CCCCCl
262,"2,3-dibromo-8,9-bis(bromomethyl)-1,4-diethyl-6,11-dihydrobenzo[c][1,6]benzodithiocine",CCc1c(Br)c(Br)c(CC)c2c1SCc1cc(CBr)c(CBr)cc1CS2,C20H20Br4S2,,102138874,level 3,0,0,1,0.0071,0,1,0.9951994,1,0.9977286,1,1,0,1,Norman_Human metabolites.csv,0.3611111111111111,0,Transformation and metabolic products,CCc1c(Br)c(Br)c(CC)c2c1SCc1cc(CBr)c(CBr)cc1CS2
263,"4-[[(3aR,5aR,5bR,7aR,9S,11aR,11bR,13aS)-3a-[(Z)-4-[(4-chlorophenyl)methylamino]-2-(methylamino)-4-oxobut-2-enyl]-5a,5b,8,8,11a-pentamethyl-1-propan-2-yl-2,3,4,5,6,7,7a,9,10,11,11b,12,13,13a-tetradecahydrocyclopenta[a]chrysen-9-yl]oxy]-2,2-dimethyl-4-oxobutanoic acid",CN/C(=C\C(=O)NCc1ccc(Cl)cc1)C[C@]12CCC(C(C)C)=C1[C@H]1CC[C@@H]3[C@@]4(C)CC[C@H](OC(=O)CC(C)(C)C(=O)O)C(C)(C)[C@@H]4CC[C@@]3(C)[C@]1(C)CC2,C47H69ClN2O5,,138456663,level 3,0,0,96,0.6809,1,1,0.8339832,1,0.80764043,1,1,0,1,Norman_Pharmaceuticals.csv,0.4077669902912621,0,Pharmaceuticals,CN/C(=C\C(=O)NCc1ccc(Cl)cc1)C[C@]12CCC(C(C)C)=C1[C@H]1CC[C@@H]3[C@@]4(C)CC[C@H](OC(=O)CC(C)(C)C(=O)O)C(C)(C)[C@@H]4CC[C@@]3(C)[C@]1(C)CC2
264,methyl N-[(1R)-2-[(2S)-2-[5-[4-[4-[2-[(2S)-1-[1-(4-chlorophenyl)cyclopropanecarbonyl]pyrrolidin-2-yl]-1H-imidazol-5-yl]phenyl]phenyl]-1H-imidazol-2-yl]pyrrolidin-1-yl]-2-oxo-1-phenylethyl]carbamate,COC(=O)N[C@@H](C(=O)N1CCC[C@H]1c1ncc(-c2ccc(-c3ccc(-c4cnc([C@@H]5CCCN5C(=O)C5(c6ccc(Cl)cc6)CC5)[nH]4)cc3)cc2)[nH]1)c1ccccc1,C46H44ClN7O4,,90772043,level 3,0,0,11,0.078,0,1,0.5301124,1,0.97489727,1,1,0,1,Norman_Pharmaceuticals.csv,0.5769230769230769,0,Pharmaceuticals,COC(=O)N[C@@H](C(=O)N1CCC[C@H]1c1ncc(-c2ccc(-c3ccc(-c4cnc([C@@H]5CCCN5C(=O)C5(c6ccc(Cl)cc6)CC5)[nH]4)cc3)cc2)[nH]1)c1ccccc1
265,"[3-fluoro-2,2-bis[fluoro-[3-(3-methoxypropyl)piperidin-1-yl]methyl]-3-[3-(3-methoxypropyl)piperidin-1-yl]propyl] N-(4-chlorophenyl)carbamate",COCCCC1CCCN(C(F)C(COC(=O)Nc2ccc(Cl)cc2)(C(F)N2CCCC(CCCOC)C2)C(F)N2CCCC(CCCOC)C2)C1,C39H64ClF3N4O5,,90102833,level 3,0,0,93,0.6596,1,1,2.1948409e-12,0,3.1030587e-09,0,1,0,1,Norman_Human metabolites.csv,0.3648648648648648,0,Transformation and metabolic products,COCCCC1CCCN(C(F)C(COC(=O)Nc2ccc(Cl)cc2)(C(F)N2CCCC(CCCOC)C2)C(F)N2CCCC(CCCOC)C2)C1
266,"[3-[[8-chloro-3-(3-methoxypropyl)imidazo[1,5-a]pyridin-6-yl]methyl]-6-hydroxy-2,9-dimethyl-8-[methyl-[6-(3-oxabicyclo[3.1.0]hexan-1-yl)hexyl]carbamoyl]decan-5-yl]carbamic acid",COCCCc1ncc2c(Cl)cc(CC(CC(NC(=O)O)C(O)CC(C(=O)N(C)CCCCCCC34COCC3C4)C(C)C)C(C)C)cn12,C38H61ClN4O6,,68653334,level 3,0,0,68,0.4823,0,1,0.5908199,1,0.89595217,1,1,0,1,Norman_Human metabolites.csv;Norman_Pharmaceuticals.csv,0.275,0,Pharmaceuticals,COCCCc1ncc2c(Cl)cc(CC(CC(NC(=O)O)C(O)CC(C(=O)N(C)CCCCCCC34COCC3C4)C(C)C)C(C)C)cn12
267,"(Z)-2-cyano-3-[2,3-dibromo-4-[(3,4-dichlorophenyl)methoxy]-5-methoxyphenyl]-N-(3,4-dichlorophenyl)prop-2-enamide",COc1cc(/C=C(/C#N)C(=O)Nc2ccc(Cl)c(Cl)c2)c(Br)c(Br)c1OCc1ccc(Cl)c(Cl)c1,C24H14Br2Cl4N2O3,,126003285,level 3,0,0,1,0.0071,0,1,0.9328189,1,0.9749713,1,1,0,1,Norman_Human metabolites.csv,0.3661971830985915,0,Transformation and metabolic products,COc1cc(/C=C(/C#N)C(=O)Nc2ccc(Cl)c(Cl)c2)c(Br)c(Br)c1OCc1ccc(Cl)c(Cl)c1
268,"[(5S,6S,9R,13R,14E,16E)-22-chloro-12-hydroxy-13,21-dimethoxy-2,6,9,17-tetramethyl-3-oxo-7-oxa-2-azatricyclo[17.3.1.06,8]tricosa-1(22),14,16,19(23),20-pentaen-5-yl] (2S)-2-[3-[(3-amino-3-oxopropyl)disulfanyl]propanoyl-methylamino]propanoate",COc1cc2cc(c1Cl)N(C)C(=O)C[C@H](OC(=O)[C@H](C)N(C)C(=O)CCSSCCC(N)=O)[C@]1(C)OC1[C@H](C)CCC(O)[C@H](OC)/C=C/C=C(\C)C2,C37H54ClN3O9S2,,129103238,level 3,0,0,12,0.0851,0,0,0.36494204,0,0.020712592,0,0,0,1,Industrial_chemical.csv,0.616822429906542,1,Industry and consumer goods,COc1cc2cc(c1Cl)N(C)C(=O)C[C@H](OC(=O)[C@H](C)N(C)C(=O)CCSSCCC(N)=O)[C@]1(C)OC1[C@H](C)CCC(O)[C@H](OC)/C=C/C=C(\C)C2
269,[3-methoxy-2-(9-methyldecyl)-5-(4-methylpentyl)phenyl] 17-(3-chloro-4-methoxyphenyl)heptadecanoate,COc1ccc(CCCCCCCCCCCCCCCCC(=O)Oc2cc(CCCC(C)C)cc(OC)c2CCCCCCCCC(C)C)cc1Cl,C48H79ClO4,,632374,level 3,0,0,16,0.1135,0,1,0.00208581,0,0.02214013,0,1,0,1,Industrial_chemical.csv;Norman_Human metabolites.csv,0.4918032786885246,0,Industry and consumer goods,COc1ccc(CCCCCCCCCCCCCCCCC(=O)Oc2cc(CCCC(C)C)cc(OC)c2CCCCCCCCC(C)C)cc1Cl
270,"(3S)-5-[(1R,5S)-7-[4-[2-(2-chloro-4,5-dimethylphenoxy)ethoxy]phenyl]-6-[cyclopropyl-[2-(4-methoxyphenoxy)ethyl]carbamoyl]-3,9-diazabicyclo[3.3.1]non-6-en-3-yl]-3-formyloxy-5-oxopentanoic acid",COc1ccc(OCCN(C(=O)C2=C(c3ccc(OCCOc4cc(C)c(C)cc4Cl)cc3)C[C@@H]3CN(C(=O)C[C@@H](CC(=O)O)OC=O)C[C@H]2N3)C2CC2)cc1,C42H48ClN3O10,,91403815,level 3,0,0,6,0.0426,0,0,0.30784586,0,0.35671526,0,0,0,1,Norman_Natural toxins.csv;Norman_Human metabolites.csv,0.2702702702702703,0,Transformation and metabolic products,COc1ccc(OCCN(C(=O)C2=C(c3ccc(OCCOc4cc(C)c(C)cc4Cl)cc3)C[C@@H]3CN(C(=O)C[C@@H](CC(=O)O)OC=O)C[C@H]2N3)C2CC2)cc1
271,"(6S)-4-[2-[[(4aS,7aR)-1-[(3aR,6aS)-2,2-dioxo-3,3a,4,5,6,6a-hexahydro-1H-cyclopenta[c]thiophen-5-yl]-3,4,5,6,7,7a-hexahydro-2H-cyclopenta[b]pyridin-4a-yl]methoxy]-7-(6-chloro-5-methyl-1H-indazol-4-yl)-8-fluoro-5-methoxypyrido[4,3-d]pyrimidin-4-yl]-6-methyl-1,4-oxazepan-6-ol",COc1nc(-c2c(C)c(Cl)cc3[nH]ncc23)c(F)c2nc(OC[C@]34CCC[C@H]3N(C3C[C@@H]5CS(=O)(=O)C[C@@H]5C3)CCC4)nc(N3CCOC[C@@](C)(O)C3)c12,C38H47ClFN7O6S,,176189629,level 3,0,0,13,0.0922,0,0,4.321708e-05,0,0.6391345,1,1,0,1,Norman_Pharmaceuticals.csv,0.2222222222222222,0,Pharmaceuticals,COc1nc(-c2c(C)c(Cl)cc3[nH]ncc23)c(F)c2nc(OC[C@]34CCC[C@H]3N(C3C[C@@H]5CS(=O)(=O)C[C@@H]5C3)CCC4)nc(N3CCOC[C@@](C)(O)C3)c12
272,"(2S)-1-[(2R)-2-[[4-(aminomethyl)cyclohexyl]amino]-6-piperidin-1-ylhexanoyl]-N-[(3-chloro-1H-indol-5-yl)methyl]-4-[(4S,5S)-4-methyl-5-phenyl-4,5-dihydro-1,3-oxazol-2-yl]piperazine-2-carboxamide",C[C@@H]1N=C(N2CCN(C(=O)[C@@H](CCCCN3CCCCC3)NC3CCC(CN)CC3)[C@H](C(=O)NCc3ccc4[nH]cc(Cl)c4c3)C2)O[C@H]1c1ccccc1,C42H59ClN8O3,,146257378,level 3,0,0,49,0.3475,0,0,0.003209174,0,0.01438631,0,0,0,1,Norman_Pharmaceuticals.csv,0.3272727272727272,0,Pharmaceuticals,C[C@@H]1N=C(N2CCN(C(=O)[C@@H](CCCCN3CCCCC3)NC3CCC(CN)CC3)[C@H](C(=O)NCc3ccc4[nH]cc(Cl)c4c3)C2)O[C@H]1c1ccccc1
273,"(8R,9R,10S,13S,14S)-1-[(8R,9R,10R,13S,14S)-17-[(4-chlorophenyl)methylamino]-3-hydroxy-10,13-dimethyl-1,2,3,4,7,8,9,11,12,14,15,16-dodecahydrocyclopenta[a]phenanthren-17-yl]-17-(furan-2-ylmethylamino)-10,13-dimethyl-2,3,4,7,8,9,11,12,14,15,16,17-dodecahydro-1H-cyclopenta[a]phenanthren-3-ol",C[C@]12CCC(O)CC1=CC[C@@H]1[C@H]2CC[C@@]2(C)[C@H]1CCC2(NCc1ccc(Cl)cc1)C1CC(O)CC2=CC[C@@H]3[C@@H](CC[C@]4(C)C(NCc5ccco5)CC[C@@H]34)[C@]21C,C50H69ClN2O3,,67887097,level 3,0,0,3,0.0213,0,1,0.95381445,1,0.9155236,1,1,0,1,Industrial_chemical.csv;Norman_Human metabolites.csv;Norman_Drugs of abuse.csv;Norman_Pharmaceuticals.csv,0.3975903614457831,0,Pharmaceuticals,C[C@]12CCC(O)CC1=CC[C@@H]1[C@H]2CC[C@@]2(C)[C@H]1CCC2(NCc1ccc(Cl)cc1)C1CC(O)CC2=CC[C@@H]3[C@@H](CC[C@]4(C)C(NCc5ccco5)CC[C@@H]34)[C@]21C
274,"2-[5-chloro-4-[2-[2-methyl-3-[2-methyl-3-[[1-[3-(4-methylpiperazin-1-yl)propyl]triazol-4-yl]methoxy]phenyl]phenyl]ethyl]-2-[2-(5-methyl-2,3,4,5-tetrahydropyridin-3-yl)ethyl]phenyl]-N-(2-phosphanylethyl)acetamide",Cc1c(CCc2cc(CCC3CN=CC(C)C3)c(CC(=O)NCCP)cc2Cl)cccc1-c1cccc(OCc2cn(CCCN3CCN(C)CC3)nn2)c1C,C45H61ClN7O2P,,169935863,level 3,0,0,39,0.2766,0,1,0.9341546,1,0.9382634,1,1,0,1,Norman_Human metabolites.csv,0.2605042016806723,0,Transformation and metabolic products,Cc1c(CCc2cc(CCC3CN=CC(C)C3)c(CC(=O)NCCP)cc2Cl)cccc1-c1cccc(OCc2cn(CCCN3CCN(C)CC3)nn2)c1C
275,"1-N,3-N-bis(4-tert-butyl-2-methylphenyl)-1-N-(3-chlorophenyl)-5-methyl-3-N-(5,5,8,8-tetramethyl-6,7-dihydronaphthalen-2-yl)benzene-1,3-diamine",Cc1cc(N(c2cccc(Cl)c2)c2ccc(C(C)(C)C)cc2C)cc(N(c2ccc3c(c2)C(C)(C)CCC3(C)C)c2ccc(C(C)(C)C)cc2C)c1,C49H59ClN2,,167394190,level 3,0,0,141,1,1,1,0.99916357,1,0.9988304,1,1,0,1,Norman_Human metabolites.csv,0.3461538461538461,0,Transformation and metabolic products,Cc1cc(N(c2cccc(Cl)c2)c2ccc(C(C)(C)C)cc2C)cc(N(c2ccc3c(c2)C(C)(C)CCC3(C)C)c2ccc(C(C)(C)C)cc2C)c1
276,"3-[2-[(E)-2-[(3E)-2-chloro-3-[(2E)-2-[3,3-dimethyl-5-sulfo-1-[3-(trimethylazaniumyl)propyl]indol-2-ylidene]ethylidene]cyclohexen-1-yl]ethenyl]-3,3,5-trimethyl-2H-indol-1-yl]propyl-trimethylazanium",Cc1ccc2c(c1)C(C)(C)C(/C=C/C1=C(Cl)/C(=C/C=C3/N(CCC[N+](C)(C)C)c4ccc(S(=O)(=O)O)cc4C3(C)C)CCC1)N2CCC[N+](C)(C)C,C43H63ClN4O3S,,122534858,level 3,0,0,59,0.4184,0,0,0.99132705,1,0.046993837,0,1,0,1,Industrial_chemical.csv,0.4117647058823529,0,Industry and consumer goods,Cc1ccc2c(c1)C(C)(C)C(/C=C/C1=C(Cl)/C(=C/C=C3/N(CCC[N+](C)(C)C)c4ccc(S(=O)(=O)O)cc4C3(C)C)CCC1)N2CCC[N+](C)(C)C
277,"1,1,2,2,3,3,4,4,5,5,6,6,7,7,8,8-hexadecachloro-4a,8a-dihydronaphthalene",ClC1(Cl)C2C(C(Cl)(Cl)C(Cl)(Cl)C1(Cl)Cl)C(Cl)(Cl)C(Cl)(Cl)C(Cl)(Cl)C2(Cl)Cl,C10H2Cl16,,18927777,level 3,0,0,62,0.4397,0,1,0.99857384,1,0.99993753,1,1,0,1,Industrial_chemical.csv;Norman_Human metabolites.csv,0.3846153846153846,0,Industry and consumer goods,ClC1(Cl)C2C(C(Cl)(Cl)C(Cl)(Cl)C1(Cl)Cl)C(Cl)(Cl)C(Cl)(Cl)C(Cl)(Cl)C2(Cl)Cl
278,"[4-[4-[2-[4-[1-[(2R)-2-amino-2-cyclohexylacetyl]piperidin-4-yl]oxypiperidin-1-yl]ethyl]-4-(4-chlorophenyl)-2-azabicyclo[1.1.1]pentane-2-carbonyl]-1-(7H-pyrrolo[2,3-d]pyrimidin-4-yl)piperidin-4-yl]azanium",N[C@@H](C(=O)N1CCC(OC2CCN(CCC3(c4ccc(Cl)cc4)C4CC3N4C(=O)C3([NH3+])CCN(c4ncnc5[nH]ccc45)CC3)CC2)CC1)C1CCCCC1,C42H59ClN9O3,,176576751,level 3,0,0,59,0.4184,0,0,3.521323e-07,0,5.1556734e-05,0,0,0,1,Norman_Pharmaceuticals.csv,0.4157303370786517,0,Pharmaceuticals,N[C@@H](C(=O)N1CCC(OC2CCN(CCC3(c4ccc(Cl)cc4)C4CC3N4C(=O)C3([NH3+])CCN(c4ncnc5[nH]ccc45)CC3)CC2)CC1)C1CCCCC1
279,"3-bromo-5-(1,2,3,3,4,4,5,5,6,6,7,7,8,8,9,9,9-heptadecafluoronon-1-enoxy)aniline",Nc1cc(Br)cc(OC(F)=C(F)C(F)(F)C(F)(F)C(F)(F)C(F)(F)C(F)(F)C(F)(F)C(F)(F)F)c1,C15H5BrF17NO,,139811454,level 3,0,0,1,0.0071,0,1,0.99868494,1,0.9955018,1,1,0,1,EPA_PFAS.csv,0.6136363636363636,1,Industry and consumer goods,Nc1cc(Br)cc(OC(F)=C(F)C(F)(F)C(F)(F)C(F)(F)C(F)(F)C(F)(F)C(F)(F)C(F)(F)F)c1
280,"1,5-dibromo-2,4-bis[2-(trifluoromethyl)-1,3-thiazol-4-yl]pentan-3-one",O=C(C(CBr)c1csc(C(F)(F)F)n1)C(CBr)c1csc(C(F)(F)F)n1,C13H8Br2F6N2OS2,,174465692,level 3,0,0,11,0.078,0,0,0.89009094,1,0.97611284,1,1,0,1,Norman_Human metabolites.csv,0.3666666666666666,0,Transformation and metabolic products,O=C(C(CBr)c1csc(C(F)(F)F)n1)C(CBr)c1csc(C(F)(F)F)n1
281,"2-[(5-bromo-2-hydroxy-3-iodophenyl)methylideneamino]-N-(4-chlorophenyl)-4,5,6,7-tetrahydro-1-benzothiophene-3-carboxamide",O=C(Nc1ccc(Cl)cc1)c1c(N=Cc2cc(Br)cc(I)c2O)sc2c1CCCC2,C22H17BrClIN2O2S,,137170842,level 3,0,0,71,0.5035,1,1,0.93385535,1,0.97921664,1,1,0,1,Industrial_chemical.csv,0.3846153846153846,0,Industry and consumer goods,O=C(Nc1ccc(Cl)cc1)c1c(N=Cc2cc(Br)cc(I)c2O)sc2c1CCCC2
282,"N-[2-(1,3-benzothiazol-2-yl)-4-iodophenyl]-5-bromo-2-chlorobenzamide",O=C(Nc1ccc(I)cc1-c1nc2ccccc2s1)c1cc(Br)ccc1Cl,C20H11BrClIN2OS,,4233674,level 3,0,0,96,0.6809,1,1,0.96705276,1,0.99622834,1,1,0,1,Norman_Food contact chemicals.csv,0.4,0,Food and other consumption,O=C(Nc1ccc(I)cc1-c1nc2ccccc2s1)c1cc(Br)ccc1Cl
283,"2,3,5,6-tetrafluoro-4-(2,3,4,5,6-pentabromobenzoyl)oxybenzenesulfonic acid",O=C(Oc1c(F)c(F)c(S(=O)(=O)O)c(F)c1F)c1c(Br)c(Br)c(Br)c(Br)c1Br,C13HBr5F4O5S,,176596812,level 3,0,0,97,0.6879,1,0,0.9889074,1,0.98114276,1,1,0,1,EPA_PFAS.csv,0.3529411764705882,0,Industry and consumer goods,O=C(Oc1c(F)c(F)c(S(=O)(=O)O)c(F)c1F)c1c(Br)c(Br)c(Br)c(Br)c1Br
284,"N-[(3aR,5S,6S,7aR)-5,6-dibromo-1,3-dioxo-3a,4,5,6,7,7a-hexahydroisoindol-2-yl]-4-chloro-N-[(2-chlorophenyl)methyl]benzamide",O=C(c1ccc(Cl)cc1)N(Cc1ccccc1Cl)N1C(=O)[C@@H]2C[C@H](Br)[C@@H](Br)C[C@H]2C1=O,C22H18Br2Cl2N2O3,,125699444,level 3,0,0,4,0.0284,0,0,0.97386277,1,0.9947848,1,1,0,1,Industrial_chemical.csv;Norman_Human metabolites.csv,0.3461538461538461,0,Industry and consumer goods,O=C(c1ccc(Cl)cc1)N(Cc1ccccc1Cl)N1C(=O)[C@@H]2C[C@H](Br)[C@@H](Br)C[C@H]2C1=O
285,"(2E,5Z)-2-[(Z)-(3,5-dibromo-2-hydroxyphenyl)methylidenehydrazinylidene]-3-(furan-2-ylmethyl)-5-[(4-nitrophenyl)methylidene]-1,3-thiazolidin-4-one",O=C1/C(=C/c2ccc([N+](=O)[O-])cc2)S/C(=N/N=C\c2cc(Br)cc(Br)c2O)N1Cc1ccco1,C22H14Br2N4O5S,,135773140,level 3,0,0,4,0.0284,0,1,0.8164888,1,0.69848764,1,1,0,1,Industrial_chemical.csv,0.3170731707317073,0,Industry and consumer goods,O=C1/C(=C/c2ccc([N+](=O)[O-])cc2)S/C(=N/N=C\c2cc(Br)cc(Br)c2O)N1Cc1ccco1
286,"4-[[1,24-dichloro-24-(1,3,5-trihydroxypentan-3-ylamino)tetracosyl]amino]-5-phenylpentane-1,2,4-triol",OCCC(O)(CCO)NC(Cl)CCCCCCCCCCCCCCCCCCCCCCC(Cl)NC(O)(Cc1ccccc1)CC(O)CO,C40H74Cl2N2O6,,70536577,level 3,0,0,72,0.5106,1,0,8.023111e-07,0,9.0201225e-05,0,0,0,1,Norman_Pharmaceuticals.csv,0.3404255319148936,0,Pharmaceuticals,OCCC(O)(CCO)NC(Cl)CCCCCCCCCCCCCCCCCCCCCCC(Cl)NC(O)(Cc1ccccc1)CC(O)CO
287,"bis(4,4,4-tribromobutoxy)phosphinothioyl hypochlorite",S=P(OCl)(OCCCC(Br)(Br)Br)OCCCC(Br)(Br)Br,C8H12Br6ClO3PS,,87901567,level 3,0,0,60,0.4255,0,0,0.9621406,1,0.98870564,1,1,0,1,Industrial_chemical.csv;Norman_Human metabolites.csv,0.2903225806451613,0,Industry and consumer goods,S=P(OCl)(OCCCC(Br)(Br)Br)OCCCC(Br)(Br)Br
288,2-[[4-[(2-amino-4-oxo-3H-quinazolin-6-yl)methyl-prop-2-ynylamino]-3-chlorobenzoyl]amino]pentanedioic acid,C#CCN(Cc1ccc2nc(N)[nH]c(=O)c2c1)c1ccc(C(=O)NC(CCC(=O)O)C(=O)O)cc1Cl,C24H22ClN5O6,,136044155,level 3,0,0,17,0.1206,0,0,0.001360618,0,0.16880347,0,0,0,1,Norman_Pharmaceuticals.csv,0.65,1,Pharmaceuticals,C#CCN(Cc1ccc2nc(N)[nH]c(=O)c2c1)c1ccc(C(=O)NC(CCC(=O)O)C(=O)O)cc1Cl
289,"4-[[2-chloro-4-[(E)-(2,4-dioxo-3-prop-2-ynyl-1,3-thiazolidin-5-ylidene)methyl]-6-methoxyphenoxy]methyl]benzoate",C#CCN1C(=O)S/C(=C/c2cc(Cl)c(OCc3ccc(C(=O)[O-])cc3)c(OC)c2)C1=O,C22H15ClNO6S,,2269237,level 3,0,0,81,0.5745,1,0,0.5899845,1,0.8410868,1,1,0,1,Industrial_chemical.csv,0.3614457831325301,0,Industry and consumer goods,C#CCN1C(=O)S/C(=C/c2cc(Cl)c(OCc3ccc(C(=O)[O-])cc3)c(OC)c2)C1=O
290,"5-(4-chlorophenyl)-N-[(3S)-3-methylpent-1-yn-3-yl]-7-(trifluoromethyl)pyrazolo[1,5-a]pyrimidine-2-carboxamide",C#C[C@](C)(CC)NC(=O)c1cc2nc(-c3ccc(Cl)cc3)cc(C(F)(F)F)n2n1,C20H16ClF3N4O,,1261861,level 3,0,0,33,0.234,0,0,0.87844247,1,0.56414866,1,1,0,1,EPA_PFAS.csv;Norman_Per- and polyfluoroalkyl substances.csv,0.3150684931506849,0,Industry and consumer goods,C#C[C@](C)(CC)NC(=O)c1cc2nc(-c3ccc(Cl)cc3)cc(C(F)(F)F)n2n1
291,"2-[(6-chloro-4-ethynyl-2,3-dihydro-1H-inden-2-yl)amino]-6-(2,2,2-trifluoroethyl)-7,8-dihydropyrido[4,3-d]pyrimidin-5-one",C#Cc1cc(Cl)cc2c1CC(Nc1ncc3c(n1)CCN(CC(F)(F)F)C3=O)C2,C20H16ClF3N4O,,162384981,level 3,0,0,39,0.2766,0,0,0.91513896,1,0.65401155,1,1,0,1,Norman_Pharmaceuticals.csv,0.25,0,Pharmaceuticals,C#Cc1cc(Cl)cc2c1CC(Nc1ncc3c(n1)CCN(CC(F)(F)F)C3=O)C2
292,"N-[2-chloro-4-(trifluoromethyl)cyclohexyl]-2-[6-ethyl-7-[4-(5-hydroxy-6-methyl-1,3-diazinane-4-carbonyl)piperazin-1-yl]-8-oxo-2-prop-1-en-2-yl-1,2,3,4,4a,6,7,8a-octahydropyrido[2,3-b]pyrazin-5-yl]acetamide",C=C(C)C1CNC2C(N1)C(=O)C(N1CCN(C(=O)C3NCNC(C)C3O)CC1)C(CC)N2CC(=O)NC1CCC(C(F)(F)F)CC1Cl,C31H50ClF3N8O4,,176616369,level 3,0,0,8,0.0567,0,0,4.1180837e-08,0,0.006657354,0,0,0,1,Norman_Human metabolites.csv,0.219047619047619,0,Transformation and metabolic products,C=C(C)C1CNC2C(N1)C(=O)C(N1CCN(C(=O)C3NCNC(C)C3O)CC1)C(CC)N2CC(=O)NC1CCC(C(F)(F)F)CC1Cl
293,"4-[[3a-[2-[[(3E)-4-chloro-2-methylidenehexa-3,5-dienyl]amino]ethyl]-5b,8,11a-trimethyl-2-oxo-1-propan-2-yl-4,5,5a,6,7,7a,8,9,10,11,11b,12,13,13a-tetradecahydro-3H-cyclopenta[a]chrysen-9-yl]oxy]-2,2-dimethyl-4-oxobutanoic acid",C=C/C(Cl)=C\C(=C)CNCCC12CCC3C(CCC4C3(C)CCC3C(C)C(OC(=O)CC(C)(C)C(=O)O)CCC34C)C1=C(C(C)C)C(=O)C2,C42H62ClNO5,,145595516,level 3,10,0.0515,72,0.5106,1,1,0.56592107,1,0.75265837,1,1,0,1,Norman_Pharmaceuticals.csv,0.2882882882882883,0,Pharmaceuticals,C=C/C(Cl)=C\C(=C)CNCCC12CCC3C(CCC4C3(C)CCC3C(C)C(OC(=O)CC(C)(C)C(=O)O)CCC34C)C1=C(C(C)C)C(=O)C2
294,"(5E)-5-[[4-[(2,4-dichlorophenyl)methoxy]-3-iodo-5-methoxyphenyl]methylidene]-3-prop-2-enyl-1,3-thiazolidine-2,4-dione",C=CCN1C(=O)S/C(=C/c2cc(I)c(OCc3ccc(Cl)cc3Cl)c(OC)c2)C1=O,C21H16Cl2INO4S,,126103608,level 3,0,0,32,0.227,0,1,0.9587037,1,0.9592093,1,1,0,1,Norman_Human metabolites.csv,0.3670886075949367,0,Transformation and metabolic products,C=CCN1C(=O)S/C(=C/c2cc(I)c(OCc3ccc(Cl)cc3Cl)c(OC)c2)C1=O
295,"prop-2-enyl 2-chloro-2-[2-ethylsulfanylcarbothioylsulfanyl-4-oxo-3-[1-(2,2,2-trichloroethoxycarbonyloxy)ethyl]azetidin-1-yl]acetate",C=CCOC(=O)C(Cl)N1C(=O)C(C(C)OC(=O)OCC(Cl)(Cl)Cl)C1SC(=S)SCC,C16H19Cl4NO6S3,,13258891,level 3,0,0,19,0.1348,0,0,0.001398835,0,8.9867084e-05,0,0,0,1,Norman_Human metabolites.csv,0.2950819672131147,0,Transformation and metabolic products,C=CCOC(=O)C(Cl)N1C(=O)C(C(C)OC(=O)OCC(Cl)(Cl)Cl)C1SC(=S)SCC
296,"(5Z)-3-[(2,6-dichlorophenyl)methyl]-5-[(3-iodo-5-methoxy-4-prop-2-enoxyphenyl)methylidene]-1,3-thiazolidine-2,4-dione",C=CCOc1c(I)cc(/C=C2\SC(=O)N(Cc3c(Cl)cccc3Cl)C2=O)cc1OC,C21H16Cl2INO4S,,49905395,level 3,0,0,26,0.1844,0,1,0.9593982,1,0.97089106,1,1,0,1,Norman_Human metabolites.csv,0.3291139240506329,0,Transformation and metabolic products,C=CCOc1c(I)cc(/C=C2\SC(=O)N(Cc3c(Cl)cccc3Cl)C2=O)cc1OC
297,"2,2,2-trichloro-N-[(1R,2S,4S,5S)-4,5-dibromo-2-[(4S)-2,2-dimethyl-1,3-dioxolan-4-yl]-1-ethenylcyclohexyl]acetamide",C=C[C@]1(NC(=O)C(Cl)(Cl)Cl)C[C@H](Br)[C@@H](Br)C[C@@H]1[C@H]1COC(C)(C)O1,C15H20Br2Cl3NO3,,101512523,level 3,0,0,32,0.227,0,0,0.93817717,1,0.96412516,1,1,0,1,Industrial_chemical.csv,0.2950819672131147,0,Industry and consumer goods,C=C[C@]1(NC(=O)C(Cl)(Cl)Cl)C[C@H](Br)[C@@H](Br)C[C@@H]1[C@H]1COC(C)(C)O1
298,"ethyl (4R)-6-[[(8aS)-2-[4-[3-[(methyl-methylidene-oxo-lambda6-sulfanyl)amino]propyl]phenyl]-3-oxo-5,6,8,8a-tetrahydro-1H-imidazo[1,5-a]pyrazin-7-yl]methyl]-4-(2-bromo-4-fluorophenyl)-2-(1,3-thiazol-2-yl)-1,4-dihydropyrimidine-5-carboxylate",C=S(C)(=O)NCCCc1ccc(N2C[C@@H]3CN(CC4=C(C(=O)OCC)[C@H](c5ccc(F)cc5Br)N=C(c5nccs5)N4)CCN3C2=O)cc1,C34H39BrFN7O4S2,,157413109,level 3,0,0,1,0.0071,0,0,0.09717507,0,0.75418645,1,1,0,1,Norman_Human metabolites.csv;Norman_Pharmaceuticals.csv,0.2704918032786885,0,Pharmaceuticals,C=S(C)(=O)NCCCc1ccc(N2C[C@@H]3CN(CC4=C(C(=O)OCC)[C@H](c5ccc(F)cc5Br)N=C(c5nccs5)N4)CCN3C2=O)cc1
299,"N-[2-[[4-[(E)-C-[(3-chloro-4-fluorophenyl)methyl]-N-hydroxycarbonimidoyl]-6,7-difluoro-1,3-dihydroindol-2-ylidene]amino]ethyl]acetamide",CC(=O)NCCN=C1Cc2c(/C(Cc3ccc(F)c(Cl)c3)=N/O)cc(F)c(F)c2N1,C20H18ClF3N4O2,,172917078,level 3,0,0,55,0.3901,0,0,0.9668481,1,0.9771329,1,1,0,1,Norman_Human metabolites.csv,0.3076923076923077,0,Transformation and metabolic products,CC(=O)NCCN=C1Cc2c(/C(Cc3ccc(F)c(Cl)c3)=N/O)cc(F)c(F)c2N1
300,"4-[[3a-[1-acetyloxy-2-[(4-chlorophenyl)methyl-methylamino]ethyl]-5b,8,11a-trimethyl-2-oxo-1-propan-2-yl-4,5,5a,6,7,7a,8,9,10,11,11b,12,13,13a-tetradecahydro-3H-cyclopenta[a]chrysen-9-yl]oxy]-2,2-dimethyl-4-oxobutanoic acid",CC(=O)OC(CN(C)Cc1ccc(Cl)cc1)C12CCC3C(CCC4C3(C)CCC3C(C)C(OC(=O)CC(C)(C)C(=O)O)CCC34C)C1=C(C(C)C)C(=O)C2,C45H64ClNO7,,145595131,level 3,0,0,42,0.2979,0,0,0.5879704,1,0.7152082,1,1,0,1,Norman_Pharmaceuticals.csv,0.2743362831858407,0,Pharmaceuticals,CC(=O)OC(CN(C)Cc1ccc(Cl)cc1)C12CCC3C(CCC4C3(C)CCC3C(C)C(OC(=O)CC(C)(C)C(=O)O)CCC34C)C1=C(C(C)C)C(=O)C2
301,"[3-[2-chloro-5-[(3,4,5-trifluorophenyl)carbamoyl]phenyl]sulfanyl-2-methylpropyl] acetate",CC(=O)OCC(C)CSc1cc(C(=O)Nc2cc(F)c(F)c(F)c2)ccc1Cl,C19H17ClF3NO3S,,167246610,level 3,1,0.0052,19,0.1348,0,0,0.42721292,0,0.5542269,1,1,0,1,Industrial_chemical.csv,0.3559322033898305,0,Industry and consumer goods,CC(=O)OCC(C)CSc1cc(C(=O)Nc2cc(F)c(F)c(F)c2)ccc1Cl
302,"(6R)-3-(acetyloxymethyl)-7-[[3,3-dichloro-2-(4-methylphenyl)prop-2-enoyl]amino]-8-oxo-5-thia-1-azabicyclo[4.2.0]oct-2-ene-2-carboxylic acid",CC(=O)OCC1=C(C(=O)O)N2C(=O)C(NC(=O)C(=C(Cl)Cl)c3ccc(C)cc3)[C@H]2SC1,C20H18Cl2N2O6S,,88691650,level 3,0,0,94,0.6667,1,0,0.002330691,0,1.1843436e-07,0,0,0,1,Norman_Human metabolites.csv;Norman_Pharmaceuticals.csv,0.6461538461538462,1,Pharmaceuticals,CC(=O)OCC1=C(C(=O)O)N2C(=O)C(NC(=O)C(=C(Cl)Cl)c3ccc(C)cc3)[C@H]2SC1
303,"2,2-dimethylpropanoyloxymethyl 2-[(3R,4S,5R,8S,9R,10S,11R,13S,14S,16S)-16-acetyloxy-3,11-dihydroxy-4,8,10,14-tetramethyl-2,3,4,5,6,7,9,11,12,13,15,16-dodecahydro-1H-cyclopenta[a]phenanthren-17-ylidene]-10-chloro-5-propan-2-ylidenedec-6-enoate",CC(=O)O[C@H]1C[C@@]2(C)[C@H](C[C@@H](O)[C@@H]3[C@@]4(C)CC[C@@H](O)[C@@H](C)[C@H]4CC[C@@]32C)C1=C(CCC(C=CCCCCl)=C(C)C)C(=O)OCOC(=O)C(C)(C)C,C42H65ClO8,,87848014,level 3,0,0,58,0.4113,0,1,0.86842084,1,0.87368095,1,1,0,1,Norman_Human metabolites.csv;Norman_Pharmaceuticals.csv,0.5555555555555556,0,Pharmaceuticals,CC(=O)O[C@H]1C[C@@]2(C)[C@H](C[C@@H](O)[C@@H]3[C@@]4(C)CC[C@@H](O)[C@@H](C)[C@H]4CC[C@@]32C)C1=C(CCC(C=CCCCCl)=C(C)C)C(=O)OCOC(=O)C(C)(C)C
304,"1-(2-acetyl-3-fluoro-5-methyl-4-pyridinyl)-3-bromo-4-[1-(3,5-difluoro-2-pyridinyl)ethoxy]-6-methylpyridin-2-one",CC(=O)c1ncc(C)c(-n2c(C)cc(OC(C)c3ncc(F)cc3F)c(Br)c2=O)c1F,C21H17BrF3N3O3,,170972756,level 3,0,0,16,0.1135,0,0,0.005339598,0,0.002209247,0,0,0,1,Norman_Pharmaceuticals.csv,0.3493975903614458,0,Pharmaceuticals,CC(=O)c1ncc(C)c(-n2c(C)cc(OC(C)c3ncc(F)cc3F)c(Br)c2=O)c1F
305,"2-[2-chloro-4-(3,5-dioxo-1,2,4-triazin-2-yl)phenyl]-2-[4-chloro-3-(trifluoromethyl)phenyl]propanethioamide",CC(C(N)=S)(c1ccc(Cl)c(C(F)(F)F)c1)c1ccc(-n2ncc(=O)[nH]c2=O)cc1Cl,C19H13Cl2F3N4O2S,,22557308,level 3,0,0,20,0.1418,0,0,0.6570653,1,0.3239974,0,1,0,1,Norman_Human metabolites.csv;Norman_Pharmaceuticals.csv,0.3943661971830985,0,Pharmaceuticals,CC(C(N)=S)(c1ccc(Cl)c(C(F)(F)F)c1)c1ccc(-n2ncc(=O)[nH]c2=O)cc1Cl
306,"[(1S,4R,6R,7Z,14S,18R)-4-(cyclopropylsulfonylcarbamoyl)-14-(3,3-dimethylbutanoylamino)-2,15-dioxo-3,16-diazatricyclo[14.3.0.04,6]nonadec-7-en-18-yl] 5-bromo-1,3-dihydroisoindole-2-carboxylate",CC(C)(C)CC(=O)N[C@H]1CCCCC/C=C\[C@H]2C[C@@]2(C(=O)NS(=O)(=O)C2CC2)NC(=O)[C@@H]2C[C@@H](OC(=O)N3Cc4ccc(Br)cc4C3)CN2C1=O,C36H48BrN5O8S,,57672799,level 3,0,0,34,0.2411,0,0,0.6457418,1,0.72149736,1,1,0,1,Norman_Pharmaceuticals.csv,0.6923076923076923,1,Pharmaceuticals,CC(C)(C)CC(=O)N[C@H]1CCCCC/C=C\[C@H]2C[C@@]2(C(=O)NS(=O)(=O)C2CC2)NC(=O)[C@@H]2C[C@@H](OC(=O)N3Cc4ccc(Br)cc4C3)CN2C1=O
307,"tert-butyl N-[3-chloro-4-[[4-chloro-3-(1,2-dihydropyridin-2-yl)phenyl]carbamoyl]phenyl]sulfonylcarbamate",CC(C)(C)OC(=O)NS(=O)(=O)c1ccc(C(=O)Nc2ccc(Cl)c(C3C=CC=CN3)c2)c(Cl)c1,C23H23Cl2N3O5S,,134504041,level 3,0,0,69,0.4894,0,0,0.34529638,0,1.1889127e-29,0,0,0,1,Norman_Human metabolites.csv;Norman_Human neurotoxins.csv;Norman_Pharmaceuticals.csv,0.3815789473684211,0,Pharmaceuticals,CC(C)(C)OC(=O)NS(=O)(=O)c1ccc(C(=O)Nc2ccc(Cl)c(C3C=CC=CN3)c2)c(Cl)c1
308,"tert-butyl 3-(2,2-dibromoethenyl)-4-(trifluoromethylsulfonyloxy)indole-1-carboxylate",CC(C)(C)OC(=O)n1cc(C=C(Br)Br)c2c(OS(=O)(=O)C(F)(F)F)cccc21,C16H14Br2F3NO5S,,102226819,level 3,0,0,65,0.461,0,0,0.9757476,1,0.9664585,1,1,0,1,EPA_PFAS.csv,0.3571428571428571,0,Industry and consumer goods,CC(C)(C)OC(=O)n1cc(C=C(Br)Br)c2c(OS(=O)(=O)C(F)(F)F)cccc21
309,"4-[[3a-[2-[(4-chlorophenyl)methylamino]-1-hydroxyethyl]-5b,8,8,11a-tetramethyl-1-propan-2-yl-3,4,5,5a,6,7,7a,9,10,11,11b,12,13,13a-tetradecahydro-2H-cyclopenta[a]chrysen-9-yl]oxy]-2,2-dimethyl-4-oxobutanoic acid",CC(C)C1=C2C3CCC4C(C)(CCC5C(C)(C)C(OC(=O)CC(C)(C)C(=O)O)CCC54C)C3CCC2(C(O)CNCc2ccc(Cl)cc2)CC1,C43H64ClNO5,,123846393,level 3,12,0.0619,62,0.4397,0,0,0.82880914,1,0.8904599,1,1,0,1,Norman_Pharmaceuticals.csv,0.3627450980392157,0,Pharmaceuticals,CC(C)C1=C2C3CCC4C(C)(CCC5C(C)(C)C(OC(=O)CC(C)(C)C(=O)O)CCC54C)C3CCC2(C(O)CNCc2ccc(Cl)cc2)CC1
310,"4-[3a-[[2-[(4-chlorobenzoyl)-[2-(dimethylamino)ethyl]amino]acetyl]amino]-5b,11a-dimethyl-2-oxo-1-propan-2-yl-4,5,5a,6,7,7a,8,11,11b,12,13,13a-dodecahydro-3H-cyclopenta[a]chrysen-9-yl]benzoic acid",CC(C)C1=C2C3CCC4C5(C)CC=C(c6ccc(C(=O)O)cc6)CC5CCC4(C)C3CCC2(NC(=O)CN(CCN(C)C)C(=O)c2ccc(Cl)cc2)CC1=O,C46H58ClN3O5,,130272399,level 3,0,0,12,0.0851,0,0,0.9374199,1,0.49734142,0,1,0,1,Industrial_chemical.csv,0.27,0,Industry and consumer goods,CC(C)C1=C2C3CCC4C5(C)CC=C(c6ccc(C(=O)O)cc6)CC5CCC4(C)C3CCC2(NC(=O)CN(CCN(C)C)C(=O)c2ccc(Cl)cc2)CC1=O
311,"4-[[3a-[4-(2-chlorophenyl)-1-hydroxybutyl]-5a,5b,8,8,11a-pentamethyl-2-oxo-1-propan-2-yl-4,5,6,7,7a,9,10,11,11b,12,13,13a-dodecahydro-3H-cyclopenta[a]chrysen-9-yl]oxy]-2,2-dimethyl-4-oxobutanoic acid",CC(C)C1=C2C3CCC4C5(C)CCC(OC(=O)CC(C)(C)C(=O)O)C(C)(C)C5CCC4(C)C3(C)CCC2(C(O)CCCc2ccccc2Cl)CC1=O,C45H65ClO6,,124005021,level 3,0,0,57,0.4043,0,1,0.5838875,1,0.8097366,1,1,0,1,Norman_Pharmaceuticals.csv,0.4285714285714285,0,Pharmaceuticals,CC(C)C1=C2C3CCC4C5(C)CCC(OC(=O)CC(C)(C)C(=O)O)C(C)(C)C5CCC4(C)C3(C)CCC2(C(O)CCCc2ccccc2Cl)CC1=O
312,"4-[[(11bS)-3a-[2-[(4-chlorophenyl)methylamino]-1-hydroxyethyl]-5b,8,11a-trimethyl-2-oxo-1-propan-2-yl-4,5,5a,6,7,7a,8,9,10,11,11b,12,13,13a-tetradecahydro-3H-cyclopenta[a]chrysen-9-yl]oxy]-2,2-dimethyl-4-oxobutanoic acid",CC(C)C1=C2C3CC[C@H]4C(C)(CCC5C(C)C(OC(=O)CC(C)(C)C(=O)O)CCC54C)C3CCC2(C(O)CNCc2ccc(Cl)cc2)CC1=O,C42H60ClNO6,,145595361,level 3,0,0,73,0.5177,1,0,0.5132204,1,0.73083144,1,1,0,1,Norman_Pharmaceuticals.csv,0.2612612612612612,0,Pharmaceuticals,CC(C)C1=C2C3CC[C@H]4C(C)(CCC5C(C)C(OC(=O)CC(C)(C)C(=O)O)CCC54C)C3CCC2(C(O)CNCc2ccc(Cl)cc2)CC1=O
313,"4-[[(3aR,5aR,5bR,7aR,9S,11aR,11bR,13aS)-3a-[2-[(4-chlorophenyl)methyl-methylamino]ethyl]-5a,5b,8,8,11a-pentamethyl-2-oxo-1-propan-2-yl-4,5,6,7,7a,9,10,11,11b,12,13,13a-dodecahydro-3H-cyclopenta[a]chrysen-9-yl]oxy]-2,2-dimethyl-4-oxobutanoic acid",CC(C)C1=C2[C@H]3CC[C@@H]4[C@@]5(C)CC[C@H](OC(=O)CC(C)(C)C(=O)O)C(C)(C)[C@@H]5CC[C@@]4(C)[C@]3(C)CC[C@@]2(CCN(C)Cc2ccc(Cl)cc2)CC1=O,C45H66ClNO5,,71614540,level 3,35,0.1804,100,0.7092,1,0,0.7319327,1,0.76754165,1,1,0,1,Norman_Pharmaceuticals.csv,0.4375,0,Pharmaceuticals,CC(C)C1=C2[C@H]3CC[C@@H]4[C@@]5(C)CC[C@H](OC(=O)CC(C)(C)C(=O)O)C(C)(C)[C@@H]5CC[C@@]4(C)[C@]3(C)CC[C@@]2(CCN(C)Cc2ccc(Cl)cc2)CC1=O
314,"4-[[(3aR,5aR,5bR,7aR,9S,11aR,11bR,13aS)-3a-[5-(5-chloro-2-pyridinyl)-4-methyl-1,2,4-triazol-3-yl]-5a,5b,8,8,11a-pentamethyl-2-oxo-1-propan-2-yl-4,5,6,7,7a,9,10,11,11b,12,13,13a-dodecahydro-3H-cyclopenta[a]chrysen-9-yl]oxy]-2,2-dimethyl-4-oxobutanoic acid",CC(C)C1=C2[C@H]3CC[C@@H]4[C@@]5(C)CC[C@H](OC(=O)CC(C)(C)C(=O)O)C(C)(C)[C@@H]5CC[C@@]4(C)[C@]3(C)CC[C@@]2(c2nnc(-c3ccc(Cl)cn3)n2C)CC1=O,C43H59ClN4O5,,117803425,level 3,0,0,20,0.1418,0,1,0.5895289,1,0.65204597,1,1,0,1,Norman_Pharmaceuticals.csv,0.4077669902912621,0,Pharmaceuticals,CC(C)C1=C2[C@H]3CC[C@@H]4[C@@]5(C)CC[C@H](OC(=O)CC(C)(C)C(=O)O)C(C)(C)[C@@H]5CC[C@@]4(C)[C@]3(C)CC[C@@]2(c2nnc(-c3ccc(Cl)cn3)n2C)CC1=O
315,"4-[[(1R,2R,5R,10S,13S,14R,17S,20S)-5-[2-[(4-chlorophenyl)methyl-methylamino]ethyl]-1,2,14,18-tetramethyl-7-oxo-8-propan-2-yl-17-hexacyclo[11.9.0.02,10.05,9.014,20.018,20]docos-8-enyl]oxy]-2,2-dimethyl-4-oxobutanoic acid",CC(C)C1=C2[C@H]3CC[C@@H]4[C@@]5(C)CC[C@H](OC(=O)CC(C)(C)C(=O)O)C6(C)C[C@]65CC[C@@]4(C)[C@]3(C)CC[C@@]2(CCN(C)Cc2ccc(Cl)cc2)CC1=O,C45H64ClNO5,,134260158,level 3,0,0,81,0.5745,1,0,0.8532549,1,0.7540888,1,1,0,1,Norman_Pharmaceuticals.csv,0.3431372549019608,0,Pharmaceuticals,CC(C)C1=C2[C@H]3CC[C@@H]4[C@@]5(C)CC[C@H](OC(=O)CC(C)(C)C(=O)O)C6(C)C[C@]65CC[C@@]4(C)[C@]3(C)CC[C@@]2(CCN(C)Cc2ccc(Cl)cc2)CC1=O
316,"cis-(1R,3S)-3-[[(3aR,5aR,5bR,7aR,9S,11aR,11bR,13aS)-3a-[2-[(4-chlorophenyl)methylamino]ethyl]-2-hydroxy-5a,5b,8,8,11a-pentamethyl-1-propan-2-yl-2,3,4,5,6,7,7a,9,10,11,11b,12,13,13a-tetradecahydrocyclopenta[a]chrysen-9-yl]oxycarbonyl]-2,2-dimethylcyclobutane-1-carboxylic acid",CC(C)C1=C2[C@H]3CC[C@@H]4[C@@]5(C)CC[C@H](OC(=O)[C@H]6C[C@@H](C(=O)O)C6(C)C)C(C)(C)[C@@H]5CC[C@@]4(C)[C@]3(C)CC[C@@]2(CCNCc2ccc(Cl)cc2)CC1O,C46H68ClNO5,,130199292,level 3,93,0.4794,42,0.2979,0,0,0.8258404,1,0.9038678,1,1,0,1,Norman_Pharmaceuticals.csv,0.3113207547169811,0,Pharmaceuticals,CC(C)C1=C2[C@H]3CC[C@@H]4[C@@]5(C)CC[C@H](OC(=O)[C@H]6C[C@@H](C(=O)O)C6(C)C)C(C)(C)[C@@H]5CC[C@@]4(C)[C@]3(C)CC[C@@]2(CCNCc2ccc(Cl)cc2)CC1O
317,"cis-(1R,3S)-3-[[(3aR,5aR,5bR,7aR,9S,11aR,11bR,13aS)-3a-[(1R)-2-[(3-chlorobenzoyl)amino]-1-hydroxyethyl]-5a,5b,8,8,11a-pentamethyl-2-oxo-1-propan-2-yl-4,5,6,7,7a,9,10,11,11b,12,13,13a-dodecahydro-3H-cyclopenta[a]chrysen-9-yl]oxycarbonyl]-2,2-dimethylcyclobutane-1-carboxylic acid",CC(C)C1=C2[C@H]3CC[C@@H]4[C@@]5(C)CC[C@H](OC(=O)[C@H]6C[C@@H](C(=O)O)C6(C)C)C(C)(C)[C@@H]5CC[C@@]4(C)[C@]3(C)CC[C@@]2([C@@H](O)CNC(=O)c2cccc(Cl)c2)CC1=O,C46H64ClNO7,,134814902,level 3,1,0.0052,33,0.234,0,1,0.569608,1,0.76470876,1,1,0,1,Norman_Pharmaceuticals.csv,0.2857142857142857,0,Pharmaceuticals,CC(C)C1=C2[C@H]3CC[C@@H]4[C@@]5(C)CC[C@H](OC(=O)[C@H]6C[C@@H](C(=O)O)C6(C)C)C(C)(C)[C@@H]5CC[C@@]4(C)[C@]3(C)CC[C@@]2([C@@H](O)CNC(=O)c2cccc(Cl)c2)CC1=O
318,"2-[2-[7-bromo-2-(2,2-dimethylpropyl)-2,3,3,4,6,7-hexamethyl-4-(2-methylpropyl)-6-[2-(trimethylazaniumyl)ethoxycarbonyl]octanoyl]oxyethoxy-hydroxyphosphoryl]oxyethyl-trimethylazanium",CC(C)CC(C)(CC(C)(C(=O)OCC[N+](C)(C)C)C(C)(C)Br)C(C)(C)C(C)(CC(C)(C)C)C(=O)OCCOP(=O)(O)OCC[N+](C)(C)C,C36H74BrN2O8P,,123825716,level 3,8,0.0412,40,0.2837,0,0,0.92402804,1,0.042558774,0,1,0,1,Norman_Human metabolites.csv;Norman_Pharmaceuticals.csv,0.352112676056338,0,Pharmaceuticals,CC(C)CC(C)(CC(C)(C(=O)OCC[N+](C)(C)C)C(C)(C)Br)C(C)(C)C(C)(CC(C)(C)C)C(=O)OCCOP(=O)(O)OCC[N+](C)(C)C
319,"(3S,4S)-2-[[3-[[(2-chloro-6-fluorophenyl)methyl-[(2S)-1-(dimethylamino)-4-methylpentan-2-yl]amino]methyl]phenyl]methyl]-4-[(1S)-1-hydroxyethyl]-N-[(1S,2S,3S,5R)-2,6,6-trimethyl-3-bicyclo[3.1.1]heptanyl]-1,2-oxazolidine-3-carboxamide",CC(C)C[C@@H](CN(C)C)N(Cc1cccc(CN2OC[C@@H]([C@H](C)O)[C@H]2C(=O)N[C@H]2C[C@H]3C[C@@H]([C@@H]2C)C3(C)C)c1)Cc1c(F)cccc1Cl,C39H58ClFN4O3,,163999738,level 3,55,0.2835,85,0.6028,1,1,0.9150202,1,0.09356347,0,1,0,1,Norman_Pharmaceuticals.csv,0.2523364485981308,0,Pharmaceuticals,CC(C)C[C@@H](CN(C)C)N(Cc1cccc(CN2OC[C@@H]([C@H](C)O)[C@H]2C(=O)N[C@H]2C[C@H]3C[C@@H]([C@@H]2C)C3(C)C)c1)Cc1c(F)cccc1Cl
320,"N'-[2-[(2S,6S)-6-[4-[6-[5-[(4R)-4-amino-4-cyclopropylbutyl]-3-chloro-2-fluorophenyl]-2-oxo-7H-pyrrolo[2,3-d]pyrimidin-3-yl]phenyl]-1-(3-fluoropropyl)piperidin-2-yl]ethyl]ethanimidamide",CC(N)=NCC[C@@H]1CCC[C@@H](c2ccc(-n3cc4cc(-c5cc(CCC[C@@H](N)C6CC6)cc(Cl)c5F)[nH]c4nc3=O)cc2)N1CCCF,C37H46ClF2N7O,,132107808,level 3,0,0,14,0.0993,0,1,0.07384548,0,0.011646807,0,1,0,1,Norman_Human metabolites.csv;Norman_Pharmaceuticals.csv,0.219298245614035,0,Pharmaceuticals,CC(N)=NCC[C@@H]1CCC[C@@H](c2ccc(-n3cc4cc(-c5cc(CCC[C@@H](N)C6CC6)cc(Cl)c5F)[nH]c4nc3=O)cc2)N1CCCF
321,"N-[2-chloro-4-[(3,4-dichlorophenyl)sulfamoyl]phenyl]-3,3,3-trifluoro-2-hydroxy-2-methylpropanamide",CC(O)(C(=O)Nc1ccc(S(=O)(=O)Nc2ccc(Cl)c(Cl)c2)cc1Cl)C(F)(F)F,C16H12Cl3F3N2O4S,,17965746,level 3,112,0.5773,50,0.3546,1,0,0.978069,1,0.7039293,1,1,0,1,Norman_Pharmaceuticals.csv,0.576271186440678,0,Pharmaceuticals,CC(O)(C(=O)Nc1ccc(S(=O)(=O)Nc2ccc(Cl)c(Cl)c2)cc1Cl)C(F)(F)F
322,1-(oxolan-2-ylmethoxycarbonyloxy)ethyl 5-[4-bromo-5-(difluoromethoxy)-1-methylpyrazol-3-yl]-2-chloro-4-fluorobenzoate,CC(OC(=O)OCC1CCCO1)OC(=O)c1cc(-c2nn(C)c(OC(F)F)c2Br)c(F)cc1Cl,C20H19BrClF3N2O7,,176902662,level 3,0,0,5,0.0355,0,0,0.64647585,1,0.21391316,0,1,0,1,Industrial_chemical.csv;Norman_Human metabolites.csv;Norman_Plant protection products.csv,0.4,0,Pesticides,CC(OC(=O)OCC1CCCO1)OC(=O)c1cc(-c2nn(C)c(OC(F)F)c2Br)c(F)cc1Cl
323,methyl 2-[4-[3-[3-[[(E)-3-amino-3-[[(Z)-1-amino-2-chloropent-2-enylidene]amino]-2-methylprop-2-enoyl]amino]-1-[3-[4-(2-methoxy-2-oxoethoxy)phenyl]propyl]piperidin-1-ium-1-yl]propyl]phenoxy]acetate,CC/C=C(Cl)/C(N)=N/C(N)=C(\C)C(=O)NC1CCC[N+](CCCc2ccc(OCC(=O)OC)cc2)(CCCc2ccc(OCC(=O)OC)cc2)C1,C38H53ClN5O7,,173786758,level 3,0,0,34,0.2411,0,0,0.00173334,0,0.015454655,0,0,0,1,Norman_Human metabolites.csv,0.325,0,Transformation and metabolic products,CC/C=C(Cl)/C(N)=N/C(N)=C(\C)C(=O)NC1CCC[N+](CCCc2ccc(OCC(=O)OC)cc2)(CCCc2ccc(OCC(=O)OC)cc2)C1
324,"(4Z)-4-[[5-chloro-2-(2,2,2-trifluoroethoxy)phenyl]methylidene]-5-methyl-2-(2,3,4,5,6-pentafluorophenyl)pyrazol-3-one",CC1=NN(c2c(F)c(F)c(F)c(F)c2F)C(=O)/C1=C\c1cc(Cl)ccc1OCC(F)(F)F,C19H9ClF8N2O2,,126036193,level 3,0,0,80,0.5674,1,1,0.98066944,1,0.9694295,1,1,0,1,Industrial_chemical.csv,0.3611111111111111,0,Industry and consumer goods,CC1=NN(c2c(F)c(F)c(F)c(F)c2F)C(=O)/C1=C\c1cc(Cl)ccc1OCC(F)(F)F
325,"3-chloro-4-[(4E)-3-methyl-4-[(5Z)-3-methyl-5-(3-methyl-1,3-benzothiazol-2-ylidene)-4-oxo-1,3-thiazolidin-2-ylidene]-5-oxopyrazol-1-yl]benzenesulfonic acid",CC1=NN(c2ccc(S(=O)(=O)O)cc2Cl)C(=O)/C1=c1/s/c(=C2\Sc3ccccc3N2C)c(=O)n1C,C22H17ClN4O5S3,,3091164,level 3,0,0,78,0.5532,1,0,0.8240174,1,0.8466643,1,1,0,1,Industrial_chemical.csv;Norman_Human metabolites.csv,0.375,0,Industry and consumer goods,CC1=NN(c2ccc(S(=O)(=O)O)cc2Cl)C(=O)/C1=c1/s/c(=C2\Sc3ccccc3N2C)c(=O)n1C
326,"6-bromo-2-(7-methyl-5,6-dihydro-2H-1,2,4-triazepin-3-yl)-3-(4-piperidin-4-ylphenyl)benzenesulfonamide",CC1=NNC(c2c(-c3ccc(C4CCNCC4)cc3)ccc(Br)c2S(N)(=O)=O)=NCC1,C22H26BrN5O2S,,123721115,level 3,0,0,49,0.3475,0,0,0.008461406,0,0.681611,1,1,0,1,Industrial_chemical.csv,0.2982456140350877,0,Industry and consumer goods,CC1=NNC(c2c(-c3ccc(C4CCNCC4)cc3)ccc(Br)c2S(N)(=O)=O)=NCC1
327,"tert-butyl 3-[7-[(8-chloronaphthalen-1-yl)methyl]-8-methyl-2-[[(2S)-1-methylpyrrolidin-2-yl]methoxy]-6,7,8,9-tetrahydro-5H-cyclohepta[d]pyrimidin-4-yl]-6-methyl-3-azabicyclo[3.3.2]decane-7-carboxylate",CC1Cc2nc(OC[C@@H]3CCCN3C)nc(N3CC4CCC(C3)C(C)C(C(=O)OC(C)(C)C)C4)c2CCC1Cc1cccc2cccc(Cl)c12,C42H57ClN4O3,,163223151,level 3,0,0,25,0.1773,0,1,0.992443,1,0.7349991,1,1,0,1,Industrial_chemical.csv,0.2830188679245283,0,Industry and consumer goods,CC1Cc2nc(OC[C@@H]3CCCN3C)nc(N3CC4CCC(C3)C(C)C(C(=O)OC(C)(C)C)C4)c2CCC1Cc1cccc2cccc(Cl)c12
328,"N-[2-[[8-(chloroamino)-4-(ethylamino)octan-2-yl]amino]ethyl]-N-[[1-[2-[2-[(4,4,11,11-tetramethyl-3,5,7,10,12-pentaoxatricyclo[6.4.0.02,6]dodecan-9-yl)oxy]ethoxy]ethyl]triazol-4-yl]methyl]butanamide",CCCC(=O)N(CCNC(C)CC(CCCCNCl)NCC)Cc1cn(CCOCCOC2OC(C)(C)OC3C2OC2OC(C)(C)OC23)nn1,C34H62ClN7O8,,174253460,level 3,32,0.1649,91,0.6454,1,0,0.001487984,0,0.023978218,0,0,0,1,Norman_Human metabolites.csv,0.2403846153846154,0,Transformation and metabolic products,CCCC(=O)N(CCNC(C)CC(CCCCNCl)NCC)Cc1cn(CCOCCOC2OC(C)(C)OC3C2OC2OC(C)(C)OC23)nn1
329,"2-[1-[2-[1-[5-chloro-2-(methanesulfonamido)benzoyl]piperidin-2-yl]-6-methylpyrazolo[1,5-a]pyrimidin-5-yl]pyrrolidin-3-yl]-1-[(3R)-3-methyl-1-(2-methylpentan-2-yloxy)pentan-3-yl]guanidine",CCCC(C)(C)OCC[C@@](C)(CC)NC(N)=NC1CCN(c2nc3cc(C4CCCCN4C(=O)c4cc(Cl)ccc4NS(C)(=O)=O)nn3cc2C)C1,C37H56ClN9O4S,,156650067,level 3,0,0,13,0.0922,0,0,0.5509801,1,0.44400296,0,1,0,1,Norman_Pharmaceuticals.csv,0.6470588235294118,1,Pharmaceuticals,CCCC(C)(C)OCC[C@@](C)(CC)NC(N)=NC1CCN(c2nc3cc(C4CCCCN4C(=O)c4cc(Cl)ccc4NS(C)(=O)=O)nn3cc2C)C1
330,"methyl 4-[(Z)-2-(5-chloro-6-methyl-1H-indazol-4-yl)-1-fluoroethenyl]-6-[2-ethoxyethyl(ethyl)amino]-2-[[1-[2-(hydroxymethyl)pentyl]-3,4,5,6,7,7a-hexahydro-2H-cyclopenta[b]pyridin-4a-yl]methoxy]-N-methylpyrimidine-5-carboximidate",CCCC(CO)CN1CCCC2(COc3nc(/C(F)=C/c4c(Cl)c(C)cc5[nH]ncc45)c(C(=NC)OC)c(N(CC)CCOCC)n3)CCCC12,C38H55ClFN7O4,,176662652,level 3,6,0.0309,52,0.3688,0,1,0.006587162,0,0.014792752,0,1,0,1,Industrial_chemical.csv,0.2112676056338028,0,Industry and consumer goods,CCCC(CO)CN1CCCC2(COc3nc(/C(F)=C/c4c(Cl)c(C)cc5[nH]ncc45)c(C(=NC)OC)c(N(CC)CCOCC)n3)CCCC12
331,"4-[bis[4-(N,2,4,6-tetramethylanilino)phenyl]methyl]-N-(2-chlorohexan-3-yl)naphthalen-1-amine",CCCC(Nc1ccc(C(c2ccc(N(C)c3c(C)cc(C)cc3C)cc2)c2ccc(N(C)c3c(C)cc(C)cc3C)cc2)c2ccccc12)C(C)Cl,C49H56ClN3,,145258383,level 3,0,0,32,0.227,0,1,0.9974066,1,0.9986408,1,1,0,1,Industrial_chemical.csv,0.4126984126984127,0,Industry and consumer goods,CCCC(Nc1ccc(C(c2ccc(N(C)c3c(C)cc(C)cc3C)cc2)c2ccc(N(C)c3c(C)cc(C)cc3C)cc2)c2ccccc12)C(C)Cl
332,"N-[2-[2-[2-[2-[[3-[2-[[9-chloro-11-[4-[[(E)-3-cyanoprop-2-enyl]-methylamino]butyl]-5,6-dihydrobenzo[b][1]benzazepin-3-yl]oxy]ethoxy]-2-hydrazinylidenepropylidene]amino]ethoxy]ethoxy]ethoxy]ethyl]pentanamide",CCCCC(=O)NCCOCCOCCOCCN=CC(COCCOc1ccc2c(c1)CCc1ccc(Cl)cc1N2CCCCN(C)C/C=C/C#N)=NN,C41H60ClN7O6,,173903807,level 3,0,0,2,0.0142,0,0,0.004746822,0,0.8111716,1,1,0,1,Industrial_chemical.csv,0.34,0,Industry and consumer goods,CCCCC(=O)NCCOCCOCCOCCN=CC(COCCOc1ccc2c(c1)CCc1ccc(Cl)cc1N2CCCCN(C)C/C=C/C#N)=NN
333,heptadecan-9-yl 8-[3-[(6-chloro-3-pyridinyl)methylsulfanylamino]propyl-(8-oxooctyl)amino]octanoate,CCCCCCCCC(CCCCCCCC)OC(=O)CCCCCCCN(CCCCCCCC=O)CCCNSCc1ccc(Cl)nc1,C42H76ClN3O3S,,156709968,level 3,5,0.0258,66,0.4681,0,0,2.4175744e-05,0,0.000108176,0,0,0,1,Industrial_chemical.csv,0.3947368421052631,0,Industry and consumer goods,CCCCCCCCC(CCCCCCCC)OC(=O)CCCCCCCN(CCCCCCCC=O)CCCNSCc1ccc(Cl)nc1
334,"2-(4-chloro-2-methylphenyl)-7-(9,9-dioctylfluoren-2-yl)-9,9-dimethylfluorene",CCCCCCCCC1(CCCCCCCC)c2ccccc2-c2ccc(-c3ccc4c(c3)C(C)(C)c3cc(-c5ccc(Cl)cc5C)ccc3-4)cc21,C51H59Cl,,138569760,level 3,0,0,91,0.6454,1,1,0.9707678,1,0.875803,1,1,0,1,Industrial_chemical.csv,0.4915254237288136,0,Industry and consumer goods,CCCCCCCCC1(CCCCCCCC)c2ccccc2-c2ccc(-c3ccc4c(c3)C(C)(C)c3cc(-c5ccc(Cl)cc5C)ccc3-4)cc21
335,[(2R)-2-(10-bromodecanoyloxy)-3-hexadecanoyloxypropyl] 2-(trimethylazaniumyl)ethyl phosphate,CCCCCCCCCCCCCCCC(=O)OC[C@H](COP(=O)([O-])OCC[N+](C)(C)C)OC(=O)CCCCCCCCCBr,C34H67BrNO8P,,11343106,level 3,0,0,21,0.1489,0,0,8.3379884e-05,0,0.013817054,0,0,0,1,Industrial_chemical.csv;Norman_Human metabolites.csv,0.9183673469387756,1,Industry and consumer goods,CCCCCCCCCCCCCCCC(=O)OC[C@H](COP(=O)([O-])OCC[N+](C)(C)C)OC(=O)CCCCCCCCCBr
336,[(4-chlorophenyl)-[(2R)-2-[4-(6-fluoroquinolin-4-yl)cyclohexyl]propanoyl]carbamoyl]oxymethyl octadecanoate,CCCCCCCCCCCCCCCCCC(=O)OCOC(=O)N(C(=O)[C@H](C)C1CCC(c2ccnc3ccc(F)cc23)CC1)c1ccc(Cl)cc1,C44H60ClFN2O5,,156426176,level 3,0,0,92,0.6525,1,1,0.62029696,1,0.5164857,1,1,0,1,Norman_Human metabolites.csv,0.33,0,Transformation and metabolic products,CCCCCCCCCCCCCCCCCC(=O)OCOC(=O)N(C(=O)[C@H](C)C1CCC(c2ccnc3ccc(F)cc23)CC1)c1ccc(Cl)cc1
337,"(5',7'-dichloro-1',3',3'-trimethyl-6-nitrospiro[chromene-2,2'-indole]-8-yl)methyl docosanoate",CCCCCCCCCCCCCCCCCCCCCC(=O)OCc1cc([N+](=O)[O-])cc2c1OC1(C=C2)N(C)c2c(Cl)cc(Cl)cc2C1(C)C,C42H60Cl2N2O5,,100957803,level 3,0,0,9,0.0638,0,1,0.91806483,1,0.83361787,1,1,0,1,Industrial_chemical.csv,0.4050632911392405,0,Industry and consumer goods,CCCCCCCCCCCCCCCCCCCCCC(=O)OCc1cc([N+](=O)[O-])cc2c1OC1(C=C2)N(C)c2c(Cl)cc(Cl)cc2C1(C)C
338,"(3'R,4S,4'S,5'R,6'R)-3',4',5'-tributoxy-6'-(butoxymethyl)-7-chloro-6-[(4-ethylphenyl)methyl]spiro[2,3-dihydrochromene-4,2'-oxane]-2-ol",CCCCOC[C@H]1O[C@]2(CC(O)Oc3cc(Cl)c(Cc4ccc(CC)cc4)cc32)[C@H](OCCCC)[C@@H](OCCCC)[C@@H]1OCCCC,C39H59ClO7,,70855588,level 3,14,0.0722,29,0.2057,0,1,0.94478554,1,0.70974183,1,1,0,1,Industrial_chemical.csv,0.3214285714285714,0,Industry and consumer goods,CCCCOC[C@H]1O[C@]2(CC(O)Oc3cc(Cl)c(Cc4ccc(CC)cc4)cc32)[C@H](OCCCC)[C@@H](OCCCC)[C@@H]1OCCCC
339,[2-butyl-5-chloro-3-[[4-[2-[2-[3-(nitrooxymethyl)benzoyl]tetrazol-5-yl]phenyl]phenyl]methyl]imidazol-4-yl]methyl 3-(nitrooxymethyl)benzoate,CCCCc1nc(Cl)c(COC(=O)c2cccc(CO[N+](=O)[O-])c2)n1Cc1ccc(-c2ccccc2-c2nnn(C(=O)c3cccc(CO[N+](=O)[O-])c3)n2)cc1,C38H33ClN8O9,,143266459,level 3,0,0,13,0.0922,0,1,0.20007227,0,0.9548405,1,1,0,1,Industrial_chemical.csv;Norman_Drinking water chemicals.csv;Norman_Human metabolites.csv,0.4943820224719101,0,Food and other consumption,CCCCc1nc(Cl)c(COC(=O)c2cccc(CO[N+](=O)[O-])c2)n1Cc1ccc(-c2ccccc2-c2nnn(C(=O)c3cccc(CO[N+](=O)[O-])c3)n2)cc1
340,"4-[4-[(2S)-2-[[5-(benzylamino)-5-oxopentanoyl]amino]-2-[1-butyl-4-(2,4-dichlorophenyl)imidazol-2-yl]ethyl]phenoxy]benzoic acid",CCCCn1cc(-c2ccc(Cl)cc2Cl)nc1[C@H](Cc1ccc(Oc2ccc(C(=O)O)cc2)cc1)NC(=O)CCCC(=O)NCc1ccccc1,C40H40Cl2N4O5,,60113671,level 3,7,0.0361,22,0.156,0,1,0.7909109,1,0.9768919,1,1,0,1,Norman_Human metabolites.csv,0.348314606741573,0,Transformation and metabolic products,CCCCn1cc(-c2ccc(Cl)cc2Cl)nc1[C@H](Cc1ccc(Oc2ccc(C(=O)O)cc2)cc1)NC(=O)CCCC(=O)NCc1ccccc1
341,"(5E)-5-[[3,5-dibromo-4-(naphthalen-1-ylmethoxy)phenyl]methylidene]-3-propyl-2-sulfanylidene-1,3-thiazolidin-4-one",CCCN1C(=O)/C(=C\c2cc(Br)c(OCc3cccc4ccccc34)c(Br)c2)SC1=S,C24H19Br2NO2S2,,50870645,level 3,0,0,17,0.1206,0,1,0.968588,1,0.9416115,1,1,0,1,Industrial_chemical.csv,0.4590163934426229,0,Industry and consumer goods,CCCN1C(=O)/C(=C\c2cc(Br)c(OCc3cccc4ccccc34)c(Br)c2)SC1=S
342,"3-(4-chloro-2-propylphenyl)-5-[[2-[2-(8-methyl-3,4,6,7,9,9a-hexahydro-1H-pyrazino[1,2-a]pyrazin-2-yl)ethyl]cyclobutyl]methyl]-N-(3-methylhexan-2-ylsulfinyl)-3,4-dihydro-2H-1,5-benzoxazepine-7-carboxamide",CCCc1cc(Cl)ccc1C1COc2ccc(C(=O)NS(=O)C(C)C(C)CCC)cc2N(CC2CCC2CCN2CCN3CCN(C)CC3C2)C1,C41H62ClN5O3S,,142537622,level 3,25,0.1289,29,0.2057,0,0,0.12603015,0,0.6420882,1,1,0,1,Norman_Pharmaceuticals.csv,0.2868217054263566,0,Pharmaceuticals,CCCc1cc(Cl)ccc1C1COc2ccc(C(=O)NS(=O)C(C)C(C)CCC)cc2N(CC2CCC2CCN2CCN3CCN(C)CC3C2)C1
343,"(E)-8-[3,3-bis(hydroxymethyl)azetidin-1-yl]-7-[2-[[3-(4-chloro-2-propylphenyl)-7-formyl-3,4-dihydro-2H-1,5-benzoxazepin-5-yl]methyl]cyclobutyl]-7-methoxy-N,3-dimethyloct-5-ene-2-sulfinamide",CCCc1cc(Cl)ccc1C1COc2ccc(C=O)cc2N(CC2CCC2C(/C=C/CC(C)C(C)S(=O)NC)(CN2CC(CO)(CO)C2)OC)C1,C40H58ClN3O6S,,142444441,level 3,0,0,18,0.1277,0,0,0.92358893,1,0.61889434,1,1,0,1,Industrial_chemical.csv,0.2214285714285714,0,Industry and consumer goods,CCCc1cc(Cl)ccc1C1COc2ccc(C=O)cc2N(CC2CCC2C(/C=C/CC(C)C(C)S(=O)NC)(CN2CC(CO)(CO)C2)OC)C1
344,"(E)-7-[2-[[3-(4-chloro-2-propylphenyl)-7-formyl-3,4-dihydro-2H-1,5-benzoxazepin-5-yl]methyl]cyclobutyl]-7-methoxy-N,3-dimethyl-8-(7-methyl-1,4,7-triazecan-1-yl)oct-5-ene-2-sulfinamide",CCCc1cc(Cl)ccc1C1COc2ccc(C=O)cc2N(CC2CCC2C(/C=C/CC(C)C(C)S(=O)NC)(CN2CCCN(C)CCNCC2)OC)C1,C43H66ClN5O4S,,142443460,level 3,0,0,23,0.1631,0,1,0.9712232,1,0.76118314,1,1,0,1,Norman_Pharmaceuticals.csv,0.2158273381294964,0,Pharmaceuticals,CCCc1cc(Cl)ccc1C1COc2ccc(C=O)cc2N(CC2CCC2C(/C=C/CC(C)C(C)S(=O)NC)(CN2CCCN(C)CCNCC2)OC)C1
345,"(13E)-12-[(4-tert-butylpiperazin-1-yl)methyl]-4-(4-chloro-2-propylphenyl)-6,16,17-trimethyl-18-oxo-2-oxa-18lambda4-thia-6,19-diazatricyclo[19.2.2.08,11]pentacosa-1(24),13,21(25),22-tetraen-20-one",CCCc1cc(Cl)ccc1C1COc2ccc(cc2)C(=O)NS(=O)C(C)C(C)C/C=C/C(CN2CCN(C(C)(C)C)CC2)C2CCC2CN(C)C1,C42H63ClN4O3S,,142443756,level 3,6,0.0309,32,0.227,0,1,0.9629199,1,0.8385698,1,1,0,1,Norman_Pharmaceuticals.csv,0.2336448598130841,0,Pharmaceuticals,CCCc1cc(Cl)ccc1C1COc2ccc(cc2)C(=O)NS(=O)C(C)C(C)C/C=C/C(CN2CCN(C(C)(C)C)CC2)C2CCC2CN(C)C1
346,"22-(4-chloro-2-propylphenyl)-7-[[(2S)-2-(dimethylamino)-3-hydroxy-2-methylpropoxy]methyl]-11,12-dimethyl-13-oxo-20-oxa-13lambda4-thia-1,14-diazatetracyclo[14.7.2.03,6.019,24]pentacosa-16(25),17,19(24)-trien-15-one",CCCc1cc(Cl)ccc1C1COc2ccc3cc2N(C1)CC1CCC1C(COC[C@](C)(CO)N(C)C)CCCC(C)C(C)S(=O)NC3=O,C39H58ClN3O5S,,142532491,level 3,0,0,16,0.1135,0,1,0.97972506,1,0.76301837,1,1,0,1,Norman_Pharmaceuticals.csv,0.2314814814814814,0,Pharmaceuticals,CCCc1cc(Cl)ccc1C1COc2ccc3cc2N(C1)CC1CCC1C(COC[C@](C)(CO)N(C)C)CCCC(C)C(C)S(=O)NC3=O
347,"[3-chloro-6-fluoro-4-[4-(hydroxymethyl)-3-(trifluoromethyl)pyrazol-1-yl]-9H-pyrido[2,3-b]indol-8-yl]-ethylcarbamic acid",CCN(C(=O)O)c1cc(F)cc2c1[nH]c1ncc(Cl)c(-n3cc(CO)c(C(F)(F)F)n3)c12,C19H14ClF4N5O3,,146597246,level 3,0,0,111,0.7872,1,0,0.065573126,0,0.001919444,0,0,0,1,EPA_PFAS.csv,0.3,0,Industry and consumer goods,CCN(C(=O)O)c1cc(F)cc2c1[nH]c1ncc(Cl)c(-n3cc(CO)c(C(F)(F)F)n3)c12
348,"4-[[3a-[2-[(3-chlorophenyl)methyl-ethylamino]ethyl]-5b,11a-dimethyl-2-oxo-1-propan-2-yl-4,5,5a,6,7,7a,8,9,10,11,11b,12,13,13a-tetradecahydro-3H-cyclopenta[a]chrysen-9-yl]oxy]-2,2-dimethyl-4-oxobutanoic acid",CCN(CCC12CCC3C(CCC4C5(C)CCC(OC(=O)CC(C)(C)C(=O)O)CC5CCC34C)C1=C(C(C)C)C(=O)C2)Cc1cccc(Cl)c1,C43H62ClNO5,,145595774,level 3,86,0.4433,112,0.7943,1,0,0.6244493,1,0.7088214,1,1,0,1,EPA_PFAS.csv,0.2719298245614035,0,Industry and consumer goods,CCN(CCC12CCC3C(CCC4C5(C)CCC(OC(=O)CC(C)(C)C(=O)O)CC5CCC34C)C1=C(C(C)C)C(=O)C2)Cc1cccc(Cl)c1
349,"N-(5-chloro-2,4-dimethoxyphenyl)-2-[3-[2-[ethyl(hydroxy)amino]-2-oxoethyl]-2,4-dioxoquinazolin-1-yl]acetamide",CCN(O)C(=O)Cn1c(=O)c2ccccc2n(CC(=O)Nc2cc(Cl)c(OC)cc2OC)c1=O,C22H23ClN4O7,,87508548,level 3,0,0,11,0.078,0,0,0.1618271,0,0.003170622,0,0,0,1,Industrial_chemical.csv;Norman_Human metabolites.csv,0.4307692307692308,0,Industry and consumer goods,CCN(O)C(=O)Cn1c(=O)c2ccccc2n(CC(=O)Nc2cc(Cl)c(OC)cc2OC)c1=O
350,[N-(2-bromoethyl)-5-(4-ethylpiperazine-1-carbonyl)-2-methylsulfonyl-4-nitroanilino]methanesulfonic acid,CCN1CCN(C(=O)c2cc(N(CCBr)CS(=O)(=O)O)c(S(C)(=O)=O)cc2[N+](=O)[O-])CC1,C17H25BrN4O8S2,,175547938,level 3,0,0,85,0.6028,1,0,9.017993e-06,0,0.035247732,0,0,0,1,Norman_Pharmaceuticals.csv,0.3513513513513513,0,Pharmaceuticals,CCN1CCN(C(=O)c2cc(N(CCBr)CS(=O)(=O)O)c(S(C)(=O)=O)cc2[N+](=O)[O-])CC1
351,N'-[(Z)-[3-bromo-4-[(2-chloro-6-fluorophenyl)methoxy]-5-ethoxyphenyl]methylideneamino]-N-ethyloxamide,CCNC(=O)C(=O)N/N=C\c1cc(Br)c(OCc2c(F)cccc2Cl)c(OCC)c1,C20H20BrClFN3O4,,125624346,level 3,0,0,50,0.3546,0,0,0.9607818,1,0.995724,1,1,0,1,Norman_Human metabolites.csv,0.3181818181818182,0,Transformation and metabolic products,CCNC(=O)C(=O)N/N=C\c1cc(Br)c(OCc2c(F)cccc2Cl)c(OCC)c1
352,"[3-chloro-6-fluoro-4-[4-(hydroxymethyl)-3-(trifluoromethyl)pyrazol-1-yl]-9H-pyrido[2,3-b]indol-8-yl] N-ethylcarbamate",CCNC(=O)Oc1cc(F)cc2c1[nH]c1ncc(Cl)c(-n3cc(CO)c(C(F)(F)F)n3)c12,C19H14ClF4N5O3,,146597249,level 3,0,0,125,0.8865,1,0,0.02028952,0,5.6540517e-05,0,0,0,1,Norman_Human metabolites.csv,0.2916666666666667,0,Transformation and metabolic products,CCNC(=O)Oc1cc(F)cc2c1[nH]c1ncc(Cl)c(-n3cc(CO)c(C(F)(F)F)n3)c12
353,2-[1-(2-chlorophenyl)-5-(4-chlorophenyl)-3-(ethylcarbamoyl)pyrazol-4-yl]ethyl methanesulfonate,CCNC(=O)c1nn(-c2ccccc2Cl)c(-c2ccc(Cl)cc2)c1CCOS(C)(=O)=O,C21H21Cl2N3O4S,,42637821,level 3,0,0,44,0.3121,0,0,0.7257087,1,0.78446597,1,1,0,1,Norman_Pharmaceuticals.csv,0.4473684210526316,0,Pharmaceuticals,CCNC(=O)c1nn(-c2ccccc2Cl)c(-c2ccc(Cl)cc2)c1CCOS(C)(=O)=O
354,2-[4-(4-chlorobenzoyl)-2-[(E)-3-ethoxy-3-oxoprop-1-enyl]phenoxy]-2-methylpropanoic acid,CCOC(=O)/C=C/c1cc(C(=O)c2ccc(Cl)cc2)ccc1OC(C)(C)C(=O)O,C22H21ClO6,,71733560,level 3,0,0,10,0.0709,0,0,0.20694557,0,0.004381692,0,0,0,1,Industrial_chemical.csv;Norman_Drinking water chemicals.csv;Norman_Human metabolites.csv;Norman_Pharmaceuticals.csv,0.5,0,Pharmaceuticals,CCOC(=O)/C=C/c1cc(C(=O)c2ccc(Cl)cc2)ccc1OC(C)(C)C(=O)O
355,"ethyl 2-[2-[2-chloro-4-fluoro-5-[3-methyl-2,6-dioxo-4-(trifluoromethyl)pyrimidin-1-yl]phenyl]imino-4-oxo-1,3-thiazolidin-3-yl]propanoate",CCOC(=O)C(C)N1C(=O)CSC1=Nc1cc(-n2c(=O)cc(C(F)(F)F)n(C)c2=O)c(F)cc1Cl,C20H17ClF4N4O5S,,88185098,level 3,0,0,7,0.0496,0,0,0.7506856,1,0.29837134,0,1,0,1,Industrial_chemical.csv,0.4634146341463415,0,Industry and consumer goods,CCOC(=O)C(C)N1C(=O)CSC1=Nc1cc(-n2c(=O)cc(C(F)(F)F)n(C)c2=O)c(F)cc1Cl
356,2-chloro-3-[2-(1-ethoxy-1-oxopropan-2-yl)oxyphenoxy]-6-(trifluoromethyl)benzoic acid,CCOC(=O)C(C)Oc1ccccc1Oc1ccc(C(F)(F)F)c(C(=O)O)c1Cl,C19H16ClF3O6,,145776938,level 3,0,0,73,0.5177,1,0,0.8130013,1,0.889647,1,1,0,1,Norman_Human metabolites.csv,0.4464285714285714,0,Transformation and metabolic products,CCOC(=O)C(C)Oc1ccccc1Oc1ccc(C(F)(F)F)c(C(=O)O)c1Cl
357,"ethyl 2-[(15S,18S)-12-chloro-13,20-difluoro-15-[5-[2-(3-fluoroazetidin-1-yl)ethyl]-2-oxo-4-(trifluoromethyl)-1-pyridinyl]-3,21-dimethyl-16-oxo-8-oxa-17-azatetracyclo[17.3.1.110,14.02,7]tetracosa-1(23),2,4,6,10(24),11,13,19,21-nonaen-18-yl]acetate",CCOC(=O)C[C@@H]1NC(=O)[C@@H](n2cc(CCN3CC(F)C3)c(C(F)(F)F)cc2=O)c2cc(cc(Cl)c2F)COc2cccc(C)c2-c2cc(C)c(F)c1c2,C39H36ClF6N3O5,,171826326,level 3,1,0.0052,97,0.6879,1,1,0.94046557,1,0.008623195,0,1,0,1,Industrial_chemical.csv,0.2604166666666667,0,Industry and consumer goods,CCOC(=O)C[C@@H]1NC(=O)[C@@H](n2cc(CCN3CC(F)C3)c(C(F)(F)F)cc2=O)c2cc(cc(Cl)c2F)COc2cccc(C)c2-c2cc(C)c(F)c1c2
358,"ethyl 6-chloro-3-[3-[7-chloro-3-[(4-methoxyphenyl)methylsulfanyl]naphthalen-1-yl]oxypropyl]-7-[2-(hydroxymethyl)-6,7-dihydro-4H-pyrazolo[5,1-c][1,4]oxazin-3-yl]-1-methylindole-2-carboxylate",CCOC(=O)c1c(CCCOc2cc(SCc3ccc(OC)cc3)cc3ccc(Cl)cc23)c2ccc(Cl)c(-c3c(CO)nn4c3COCC4)c2n1C,C40H39Cl2N3O6S,,155776011,level 3,0,0,4,0.0284,0,1,0.9901522,1,0.8819902,1,1,0,1,Norman_Human metabolites.csv,0.287037037037037,0,Transformation and metabolic products,CCOC(=O)c1c(CCCOc2cc(SCc3ccc(OC)cc3)cc3ccc(Cl)cc23)c2ccc(Cl)c(-c3c(CO)nn4c3COCC4)c2n1C
359,"2-amino-4-(3-bromo-4-ethoxy-5-methoxyphenyl)-6-methyl-5-oxo-4H-pyrano[3,2-c]quinoline-3-carbonitrile",CCOc1c(Br)cc(C2C(C#N)=C(N)Oc3c2c(=O)n(C)c2ccccc32)cc1OC,C23H20BrN3O4,,25248984,level 3,0,0,31,0.2199,0,0,0.000686626,0,0.03600494,0,0,0,1,Norman_Pharmaceuticals.csv,0.4931506849315068,0,Pharmaceuticals,CCOc1c(Br)cc(C2C(C#N)=C(N)Oc3c2c(=O)n(C)c2ccccc32)cc1OC
360,(E)-3-[3-bromo-5-ethoxy-4-[(4-nitrophenyl)methoxy]phenyl]-2-cyano-N-naphthalen-1-ylprop-2-enamide,CCOc1cc(/C=C(\C#N)C(=O)Nc2cccc3ccccc23)cc(Br)c1OCc1ccc([N+](=O)[O-])cc1,C29H22BrN3O5,,125898887,level 3,0,0,134,0.9504,1,1,0.27754414,0,0.2086671,0,1,0,1,Industrial_chemical.csv;Norman_Human metabolites.csv,0.3617021276595745,0,Industry and consumer goods,CCOc1cc(/C=C(\C#N)C(=O)Nc2cccc3ccccc23)cc(Br)c1OCc1ccc([N+](=O)[O-])cc1
361,"(5E)-5-[[4-[(3,4-dichlorophenyl)methoxy]-3-ethoxy-5-iodophenyl]methylidene]-3-(3-methoxypropyl)-1,3-thiazolidine-2,4-dione",CCOc1cc(/C=C2/SC(=O)N(CCCOC)C2=O)cc(I)c1OCc1ccc(Cl)c(Cl)c1,C23H22Cl2INO5S,,126239734,level 3,0,0,15,0.1064,0,1,0.94588035,1,0.95147055,1,1,0,1,Industrial_chemical.csv,0.3294117647058823,0,Industry and consumer goods,CCOc1cc(/C=C2/SC(=O)N(CCCOC)C2=O)cc(I)c1OCc1ccc(Cl)c(Cl)c1
362,"(5E)-5-[[4-[(3,4-dichlorophenyl)methoxy]-3-ethoxy-5-iodophenyl]methylidene]-3-(2-methoxyethyl)-1,3-thiazolidine-2,4-dione",CCOc1cc(/C=C2/SC(=O)N(CCOC)C2=O)cc(I)c1OCc1ccc(Cl)c(Cl)c1,C22H20Cl2INO5S,,126146007,level 3,0,0,17,0.1206,0,0,0.9554651,1,0.96481943,1,1,0,1,Industrial_chemical.csv,0.3373493975903614,0,Industry and consumer goods,CCOc1cc(/C=C2/SC(=O)N(CCOC)C2=O)cc(I)c1OCc1ccc(Cl)c(Cl)c1
363,"(5E)-3-(3-bromophenyl)-5-[[3-ethoxy-4-[2-nitro-4-(trifluoromethyl)phenoxy]phenyl]methylidene]-2-sulfanylidene-1,3-thiazolidin-4-one",CCOc1cc(/C=C2/SC(=S)N(c3cccc(Br)c3)C2=O)ccc1Oc1ccc(C(F)(F)F)cc1[N+](=O)[O-],C25H16BrF3N2O5S2,,126203770,level 3,1,0.0052,50,0.3546,0,1,0.967108,1,0.83055717,1,1,0,1,Industrial_chemical.csv,0.4615384615384615,0,Industry and consumer goods,CCOc1cc(/C=C2/SC(=S)N(c3cccc(Br)c3)C2=O)ccc1Oc1ccc(C(F)(F)F)cc1[N+](=O)[O-]
364,"(4Z)-4-[[3-bromo-5-ethoxy-4-[(2-iodophenyl)methoxy]phenyl]methylidene]-2-(furan-2-yl)-1,3-oxazol-5-one",CCOc1cc(/C=C2\N=C(c3ccco3)OC2=O)cc(Br)c1OCc1ccccc1I,C23H17BrINO5,,19663422,level 3,0,0,96,0.6809,1,1,0.9293215,1,0.7234968,1,1,0,1,Industrial_chemical.csv;Norman_Human metabolites.csv,0.3194444444444444,0,Industry and consumer goods,CCOc1cc(/C=C2\N=C(c3ccco3)OC2=O)cc(Br)c1OCc1ccccc1I
365,"2-[(5-amino-1,3,4-thiadiazol-2-yl)sulfanyl]-N-[[3-bromo-4-[(2,4-dichlorophenyl)methoxy]-5-ethoxyphenyl]methylideneamino]acetamide",CCOc1cc(C=NNC(=O)CSc2nnc(N)s2)cc(Br)c1OCc1ccc(Cl)cc1Cl,C20H18BrCl2N5O3S2,,19204474,level 3,0,0,76,0.539,1,0,0.8208983,1,0.90600055,1,1,0,1,Norman_Human metabolites.csv,0.3529411764705882,0,Transformation and metabolic products,CCOc1cc(C=NNC(=O)CSc2nnc(N)s2)cc(Br)c1OCc1ccc(Cl)cc1Cl
366,"3-[[2-chloro-4-[(E)-[2-(4-ethoxyphenyl)imino-4-oxo-1,3-thiazolidin-5-ylidene]methyl]phenoxy]methyl]benzoic acid",CCOc1ccc(N=C2NC(=O)/C(=C\c3ccc(OCc4cccc(C(=O)O)c4)c(Cl)c3)S2)cc1,C26H21ClN2O5S,,137139410,level 3,0,0,47,0.3333,0,0,0.9021317,1,0.5521747,1,1,0,1,Norman_Indoor environment substances.csv;Norman_Human metabolites.csv,0.3582089552238806,0,Transformation and metabolic products,CCOc1ccc(N=C2NC(=O)/C(=C\c3ccc(OCc4cccc(C(=O)O)c4)c(Cl)c3)S2)cc1
367,"7-acetyl-6-(6-bromo-1,3-benzodioxol-5-yl)-3-ethylsulfanyl-2,6-dihydro-[1,2,4]triazino[1,6-c]quinazolin-5-ium-1-one",CCSc1n[n+]2c(c(=O)[nH]1)-c1ccccc1N(C(C)=O)C2c1cc2c(cc1Br)OCO2,C21H18BrN4O4S,,136938816,level 3,0,0,38,0.2695,0,0,0.018176578,0,0.002105955,0,0,0,1,Industrial_chemical.csv,0.2891566265060241,0,Industry and consumer goods,CCSc1n[n+]2c(c(=O)[nH]1)-c1ccccc1N(C(C)=O)C2c1cc2c(cc1Br)OCO2
368,"(2S)-2-[[(2S)-1-[(2S)-2-[[(2S,3S)-2-[[(2R,3R)-3-amino-10-chloro-2-hydroxydecanoyl]amino]-3-methylpentanoyl]-methylamino]-4-methylpentanoyl]pyrrolidine-2-carbonyl]amino]-3-(4-hydroxyphenyl)propanoic acid",CC[C@H](C)[C@H](NC(=O)[C@H](O)[C@H](N)CCCCCCCCl)C(=O)N(C)[C@@H](CC(C)C)C(=O)N1CCC[C@H]1C(=O)N[C@@H](Cc1ccc(O)cc1)C(=O)O,C37H60ClN5O8,,10485138,level 3,34,0.1753,37,0.2624,0,0,9.542844e-06,0,0.000720298,0,0,0,1,Industrial_chemical.csv,0.5,0,Industry and consumer goods,CC[C@H](C)[C@H](NC(=O)[C@H](O)[C@H](N)CCCCCCCCl)C(=O)N(C)[C@@H](CC(C)C)C(=O)N1CCC[C@H]1C(=O)N[C@@H](Cc1ccc(O)cc1)C(=O)O
369,"N-[2-chloro-4-(trifluoromethyl)phenyl]-2-[2-(2-cyclopropylethynyl)-5-ethyl-6-[4-(6-methyl-5-phenylmethoxypyrimidine-4-carbonyl)piperazin-1-yl]-7-oxo-[1,2,4]triazolo[1,5-a]pyrimidin-4-yl]acetamide",CCc1c(N2CCN(C(=O)c3ncnc(C)c3OCc3ccccc3)CC2)c(=O)n2nc(C#CC3CC3)nc2n1CC(=O)Nc1ccc(C(F)(F)F)cc1Cl,C38H35ClF3N9O4,,176214341,level 3,0,0,5,0.0355,0,1,0.731526,1,0.06481005,0,1,0,1,Norman_Pharmaceuticals.csv,0.2769230769230769,0,Pharmaceuticals,CCc1c(N2CCN(C(=O)c3ncnc(C)c3OCc3ccccc3)CC2)c(=O)n2nc(C#CC3CC3)nc2n1CC(=O)Nc1ccc(C(F)(F)F)cc1Cl
370,"N-[3-acetamido-5-(5-ethyl-1,3-oxazol-2-yl)-2-pyridinyl]-N-(5-chlorothiophen-2-yl)sulfonylpiperidine-4-carboxamide",CCc1cnc(-c2cnc(N(C(=O)C3CCNCC3)S(=O)(=O)c3ccc(Cl)s3)c(NC(C)=O)c2)o1,C22H24ClN5O5S2,,69499772,level 3,0,0,18,0.1277,0,0,3.13165e-05,0,0.5666684,1,1,0,1,Norman_Pharmaceuticals.csv,0.3111111111111111,0,Pharmaceuticals,CCc1cnc(-c2cnc(N(C(=O)C3CCNCC3)S(=O)(=O)c3ccc(Cl)s3)c(NC(C)=O)c2)o1
371,"6-(4-chlorophenyl)-2-(1-ethylpyrazol-4-yl)-3-oxo-N-[(2S)-1,1,1-trifluoro-3-hydroxypropan-2-yl]pyridazine-4-carboxamide",CCn1cc(-n2nc(-c3ccc(Cl)cc3)cc(C(=O)N[C@@H](CO)C(F)(F)F)c2=O)cn1,C19H17ClF3N5O3,,175807482,level 3,0,0,17,0.1206,0,0,0.020411536,0,0.007446946,0,0,0,1,Norman_Human metabolites.csv,0.3428571428571428,0,Transformation and metabolic products,CCn1cc(-n2nc(-c3ccc(Cl)cc3)cc(C(=O)N[C@@H](CO)C(F)(F)F)c2=O)cn1
372,"1-(3-chloro-2-pyridinyl)-N-[2-(dimethylamino)-2-oxoethyl]-5-(1,1,2,2,2-pentafluoroethyl)pyrazole-4-carboxamide",CN(C)C(=O)CNC(=O)c1cnn(-c2ncccc2Cl)c1C(F)(F)C(F)(F)F,C15H13ClF5N5O2,,86904019,level 3,0,0,31,0.2199,0,0,0.007554456,0,0.012648121,0,0,0,1,Norman_Human metabolites.csv,0.4,0,Transformation and metabolic products,CN(C)C(=O)CNC(=O)c1cnn(-c2ncccc2Cl)c1C(F)(F)C(F)(F)F
373,4-[[[6-(4-bromo-2-fluoroanilino)pyrimidin-4-yl]-methylamino]methyl]piperidine-1-carboxylic acid,CN(CC1CCN(C(=O)O)CC1)c1cc(Nc2ccc(Br)cc2F)ncn1,C18H21BrFN5O2,,141132630,level 3,0,0,49,0.3475,0,0,7.0760984e-06,0,0.000156006,0,0,0,1,Norman_Human metabolites.csv;Norman_Pharmaceuticals.csv,0.4125,0,Pharmaceuticals,CN(CC1CCN(C(=O)O)CC1)c1cc(Nc2ccc(Br)cc2F)ncn1
374,"(E)-1-[3-[[[7-(3-amino-8-chloroisoquinolin-1-yl)-8-fluoro-2-(1,2,3,5,6,7-hexahydropyrrolizin-8-ylmethoxy)pyrido[4,3-d]pyrimidin-4-yl]-methylamino]methyl]azetidin-1-yl]-3-[3-(1,1-difluoroethyl)-1,2,4-oxadiazol-5-yl]prop-2-en-1-one",CN(CC1CN(C(=O)/C=C/c2nc(C(C)(F)F)no2)C1)c1nc(OCC23CCCN2CCC3)nc2c(F)c(-c3nc(N)cc4cccc(Cl)c34)ncc12,C36H36ClF3N10O3,,170704677,level 3,0,0,4,0.0284,0,0,0.5031936,1,0.029752124,0,1,0,1,Norman_Pharmaceuticals.csv,0.234375,0,Pharmaceuticals,CN(CC1CN(C(=O)/C=C/c2nc(C(C)(F)F)no2)C1)c1nc(OCC23CCCN2CCC3)nc2c(F)c(-c3nc(N)cc4cccc(Cl)c34)ncc12
375,"1-[2,6-dichloro-4-(trifluoromethyl)phenyl]-5-[methyl(2-methylsulfonylethyl)amino]-4-(trifluoromethylsulfonyl)pyrazole-3-carbonitrile",CN(CCS(C)(=O)=O)c1c(S(=O)(=O)C(F)(F)F)c(C#N)nn1-c1c(Cl)cc(C(F)(F)F)cc1Cl,C16H12Cl2F6N4O4S2,,91491773,level 3,13,0.067,57,0.4043,0,0,0.000991275,0,0.080562286,0,0,0,1,Industrial_chemical.csv;Norman_Human metabolites.csv;Norman_Plant protection products.csv,0.6440677966101694,1,Pesticides,CN(CCS(C)(=O)=O)c1c(S(=O)(=O)C(F)(F)F)c(C#N)nn1-c1c(Cl)cc(C(F)(F)F)cc1Cl
376,"5-chloro-N-[(2R)-1-[(3-methyl-1,2,4,5-tetrahydro-3-benzazepin-7-yl)amino]-1-oxo-4-[(2,2,2-trifluoroacetyl)amino]butan-2-yl]thiophene-2-carboxamide",CN1CCc2ccc(NC(=O)[C@@H](CCNC(=O)C(F)(F)F)NC(=O)c3ccc(Cl)s3)cc2CC1,C22H24ClF3N4O3S,,59452337,level 3,0,0,23,0.1631,0,0,0.4757295,0,0.33624893,0,0,0,1,Industrial_chemical.csv,0.3380281690140845,0,Industry and consumer goods,CN1CCc2ccc(NC(=O)[C@@H](CCNC(=O)C(F)(F)F)NC(=O)c3ccc(Cl)s3)cc2CC1
377,"5-bromo-2-(3-chloro-2-pyridinyl)-N-[4-iodo-2-methyl-6-(methylcarbamoyl)phenyl]-3,4-dihydropyrazole-3-carboxamide",CNC(=O)c1cc(I)cc(C)c1NC(=O)C1CC(Br)=NN1c1ncccc1Cl,C18H16BrClIN5O2,,149198908,level 3,0,0,27,0.1915,0,0,0.8461933,1,0.99228144,1,1,0,1,Industrial_chemical.csv;Norman_Human metabolites.csv,0.5217391304347826,0,Industry and consumer goods,CNC(=O)c1cc(I)cc(C)c1NC(=O)C1CC(Br)=NN1c1ncccc1Cl
378,2-[[5-chloro-2-[4-[4-[6-[(2-cyclohexylacetyl)amino]hexyl]piperazin-1-yl]-2-methoxyanilino]pyrimidin-4-yl]amino]-N-methylbenzamide,CNC(=O)c1ccccc1Nc1nc(Nc2ccc(N3CCN(CCCCCCNC(=O)CC4CCCCC4)CC3)cc2OC)ncc1Cl,C37H51ClN8O3,,153555624,level 3,0,0,9,0.0638,0,1,0.20073602,0,0.006412898,0,1,0,1,Norman_Pharmaceuticals.csv,0.6588235294117647,1,Pharmaceuticals,CNC(=O)c1ccccc1Nc1nc(Nc2ccc(N3CCN(CCCCCCNC(=O)CC4CCCCC4)CC3)cc2OC)ncc1Cl
379,"[[3-bromo-5-(methylsulfamoyl)-7-(4,4,4-trifluorobutoxy)-1-benzothiophen-2-yl]-difluoromethyl]phosphonic acid",CNS(=O)(=O)c1cc(OCCCC(F)(F)F)c2sc(C(F)(F)P(=O)(O)O)c(Br)c2c1,C14H14BrF5NO6PS2,,168955051,level 3,0,0,84,0.5957,1,0,0.9031219,1,0.22646664,0,1,0,1,Norman_Human metabolites.csv,0.3076923076923077,0,Transformation and metabolic products,CNS(=O)(=O)c1cc(OCCCC(F)(F)F)c2sc(C(F)(F)P(=O)(O)O)c(Br)c2c1
380,N-[[4-bromo-3-(3-chloro-5-cyanophenoxy)-2-fluorophenyl]methyl]-5-chloro-2-(methylsulfamoyl)-1H-imidazole-4-carboxamide,CNS(=O)(=O)c1nc(C(=O)NCc2ccc(Br)c(Oc3cc(Cl)cc(C#N)c3)c2F)c(Cl)[nH]1,C19H13BrCl2FN5O4S,,70937169,level 3,0,0,17,0.1206,0,0,0.00166459,0,0.03552209,0,0,0,1,Norman_Pharmaceuticals.csv,0.5,0,Pharmaceuticals,CNS(=O)(=O)c1nc(C(=O)NCc2ccc(Br)c(Oc3cc(Cl)cc(C#N)c3)c2F)c(Cl)[nH]1
381,"3-chloro-N-(5-chlorothiophen-2-yl)sulfonyl-5-fluoro-4-[7-(methylamino)-2,4-dioxo-1H-quinazolin-3-yl]benzamide",CNc1ccc2c(=O)n(-c3c(F)cc(C(=O)NS(=O)(=O)c4ccc(Cl)s4)cc3Cl)c(=O)[nH]c2c1,C20H13Cl2FN4O5S2,,20800038,level 3,0,0,65,0.461,0,0,0.66075945,1,0.008339468,0,1,0,1,Norman_Pharmaceuticals.csv,0.358695652173913,0,Pharmaceuticals,CNc1ccc2c(=O)n(-c3c(F)cc(C(=O)NS(=O)(=O)c4ccc(Cl)s4)cc3Cl)c(=O)[nH]c2c1
382,"(4S)-2-[1-[[3-(2-chlorophenyl)-5-methyl-1,2-oxazole-4-carbonyl]amino]-2-methoxy-2-oxoethyl]-5,5-dimethyl-1,3-thiazolidine-4-carboxylic acid",COC(=O)C(NC(=O)c1c(-c2ccccc2Cl)noc1C)C1N[C@@H](C(=O)O)C(C)(C)S1,C20H22ClN3O6S,,175674331,level 3,0,0,2,0.0142,0,0,0.000188816,0,1.7403723e-05,0,0,0,1,Norman_Pharmaceuticals.csv;Norman_Human metabolites.csv;Industrial_chemical.csv;Norman_Drinking water chemicals.csv;Norman_Human neurotoxins.csv,0.5394736842105263,0,Pharmaceuticals,COC(=O)C(NC(=O)c1c(-c2ccccc2Cl)noc1C)C1N[C@@H](C(=O)O)C(C)(C)S1
383,"methyl 3-amino-5-benzyl-13-bromo-10-hydroxy-4-methyl-9-oxo-12-oxa-5-azatricyclo[6.4.1.02,6]trideca-1(13),2(6),3,7,10-pentaene-11-carboxylate",COC(=O)C1=C(O)C(=O)c2cc3c(c(N)c(C)n3Cc3ccccc3)c(c2Br)O1,C21H17BrN2O5,,91555370,level 3,0,0,57,0.4043,0,0,0.022718832,0,2.1092479e-05,0,0,0,1,Norman_Pharmaceuticals.csv,0.375,0,Pharmaceuticals,COC(=O)C1=C(O)C(=O)c2cc3c(c(N)c(C)n3Cc3ccccc3)c(c2Br)O1
384,"methyl 6-[(2E,4Z)-3-bromo-7-(4-fluoroanilino)-7-oxohepta-2,4-dienyl]iminohexanoate",COC(=O)CCCCC=NC/C=C(Br)\C=C/CC(=O)Nc1ccc(F)cc1,C20H24BrFN2O3,,144364912,level 3,0,0,54,0.383,0,0,0.33623224,0,2.4780004e-05,0,0,0,1,Industrial_chemical.csv,0.3728813559322034,0,Industry and consumer goods,COC(=O)CCCCC=NC/C=C(Br)\C=C/CC(=O)Nc1ccc(F)cc1
385,"trans-methyl (1S,3R)-1-(4-fluoro-3-phenoxyphenyl)-2,2-dimethyl-3-[(1S)-2,2,2-tribromo-1-methylsulfonyloxyethyl]cyclopropane-1-carboxylate",COC(=O)[C@@]1(c2ccc(F)c(Oc3ccccc3)c2)[C@H]([C@H](OS(C)(=O)=O)C(Br)(Br)Br)C1(C)C,C22H22Br3FO6S,,88492472,level 3,0,0,3,0.0213,0,0,0.9271426,1,0.9260616,1,1,0,1,Norman_Plant protection products.csv,0.3934426229508196,0,Pesticides,COC(=O)[C@@]1(c2ccc(F)c(Oc3ccccc3)c2)[C@H]([C@H](OS(C)(=O)=O)C(Br)(Br)Br)C1(C)C
386,"methyl 3-[3-azido-6-(4-methylphenyl)sulfonyl-2,3-dihydrofuro[2,3-e]indol-7-yl]-5-chlorobenzoate",COC(=O)c1cc(Cl)cc(-c2cc3c4c(ccc3n2S(=O)(=O)c2ccc(C)cc2)C(N=[N+]=[N-])CO4)c1,C25H19ClN4O5S,,142413173,level 3,0,0,15,0.1064,0,1,0.8777077,1,0.9587851,1,1,0,1,Norman_Human metabolites.csv,0.2857142857142857,0,Transformation and metabolic products,COC(=O)c1cc(Cl)cc(-c2cc3c4c(ccc3n2S(=O)(=O)c2ccc(C)cc2)C(N=[N+]=[N-])CO4)c1
387,"methyl 2-[(3E)-2-(4-bromophenyl)-3-[hydroxy-(4-methoxyphenyl)methylidene]-4,5-dioxopyrrolidin-1-yl]-4-methyl-1,3-thiazole-5-carboxylate",COC(=O)c1sc(N2C(=O)C(=O)/C(=C(/O)c3ccc(OC)cc3)C2c2ccc(Br)cc2)nc1C,C24H19BrN2O6S,,23908258,level 3,0,0,62,0.4397,0,0,0.9433111,1,0.87502617,1,1,0,1,Norman_Indoor environment substances.csv;Norman_Food contact chemicals.csv;Norman_Human metabolites.csv;Industrial_chemical.csv;Norman_Personal care products.csv,0.3275862068965517,0,Personal care products,COC(=O)c1sc(N2C(=O)C(=O)/C(=C(/O)c3ccc(OC)cc3)C2c2ccc(Br)cc2)nc1C
388,"(2R)-7-[(2R)-2-[(17-acetyl-7-chloro-2-oxa-14-azatricyclo[13.4.0.04,9]nonadeca-1(15),5,7,16,18-pentaen-14-yl)methyl]cyclobutyl]-8-[(9aR)-8,8-difluoro-3,4,6,7,9,9a-hexahydro-1H-pyrido[1,2-a]pyrazin-2-yl]-7-methoxy-2,3-dimethyloctanal",COC(CCCC(C)[C@@H](C)C=O)(CN1CCN2CCC(F)(F)C[C@@H]2C1)C1CC[C@H]1CN1CCCCC2C=C(Cl)C=CC2COc2ccc(C(C)=O)cc21,C43H62ClF2N3O4,,162609446,level 3,0,0,26,0.1844,0,0,0.03951731,0,0.65657127,1,1,0,1,Norman_Human metabolites.csv,0.232,0,Transformation and metabolic products,COC(CCCC(C)[C@@H](C)C=O)(CN1CCN2CCC(F)(F)C[C@@H]2C1)C1CC[C@H]1CN1CCCCC2C=C(Cl)C=CC2COc2ccc(C(C)=O)cc21
389,"5-bromo-8-chloro-2-[(4,6-dimethyl-2-oxo-1H-pyridin-3-yl)methyl]-7-[[1-(2-hydroxyacetyl)azetidin-3-yl]-methoxymethyl]-3,4-dihydroisoquinolin-1-one",COC(c1cc(Br)c2c(c1Cl)C(=O)N(Cc1c(C)cc(C)[nH]c1=O)CC2)C1CN(C(=O)CO)C1,C24H27BrClN3O5,,118580521,level 3,0,0,2,0.0142,0,0,0.00357681,0,0.000511687,0,0,0,1,Industrial_chemical.csv;Norman_Pharmaceuticals.csv,0.2545454545454545,0,Pharmaceuticals,COC(c1cc(Br)c2c(c1Cl)C(=O)N(Cc1c(C)cc(C)[nH]c1=O)CC2)C1CN(C(=O)CO)C1
390,"N-[2-[2-[2-[2-[[2-[(4S)-6-(4-chlorocyclohexyl)-8-methoxy-1-methyl-2,3,3a,4,6a,7,8,9,10,10a-decahydro-1H-[1,2,4]triazolo[4,3-a][1,4]benzodiazepin-4-yl]acetyl]amino]ethoxy]ethoxy]ethoxy]ethyl]-3,4-dihydroxycyclohexane-1-carboxamide",COC1CCC2C(C1)C(C1CCC(Cl)CC1)=N[C@@H](CC(=O)NCCOCCOCCOCCNC(=O)C1CCC(O)C(O)C1)C1NNC(C)N21,C35H61ClN6O8,,140651232,level 3,0,0,7,0.0496,0,0,0.37507308,0,0.8210995,1,1,0,1,Industrial_chemical.csv,0.22,0,Industry and consumer goods,COC1CCC2C(C1)C(C1CCC(Cl)CC1)=N[C@@H](CC(=O)NCCOCCOCCOCCNC(=O)C1CCC(O)C(O)C1)C1NNC(C)N21
391,"2-[2-bromo-6-methoxy-4-[(Z)-[3-(3-methoxypropyl)-4-oxo-2-sulfanylidene-1,3-thiazolidin-5-ylidene]methyl]phenoxy]-N-(4-fluorophenyl)acetamide",COCCCN1C(=O)/C(=C/c2cc(Br)c(OCC(=O)Nc3ccc(F)cc3)c(OC)c2)SC1=S,C23H22BrFN2O5S2,,126243802,level 3,0,0,82,0.5816,1,0,0.2555208,0,0.10064621,0,0,0,1,Industrial_chemical.csv,0.3164556962025316,0,Industry and consumer goods,COCCCN1C(=O)/C(=C/c2cc(Br)c(OCC(=O)Nc3ccc(F)cc3)c(OC)c2)SC1=S
392,"2-(5-chloro-6-pyrimidin-5-yl-1,3-benzothiazol-2-yl)-N-[2-(cyclopropylamino)-2-oxoethyl]-2-(2-methoxyethylsulfonyl)acetamide",COCCS(=O)(=O)C(C(=O)NCC(=O)NC1CC1)c1nc2cc(Cl)c(-c3cncnc3)cc2s1,C21H22ClN5O5S2,,137375038,level 3,0,0,23,0.1631,0,0,0.000812475,0,0.35291395,0,0,0,1,Industrial_chemical.csv,0.2717391304347826,0,Industry and consumer goods,COCCS(=O)(=O)C(C(=O)NCC(=O)NC1CC1)c1nc2cc(Cl)c(-c3cncnc3)cc2s1
393,4-chloro-N-[3-(cyclopentylamino)-3-oxopropyl]-3-[methoxy(methyl)sulfamoyl]benzamide,CON(C)S(=O)(=O)c1cc(C(=O)NCCC(=O)NC2CCCC2)ccc1Cl,C17H24ClN3O5S,,56033259,level 3,0,0,26,0.1844,0,0,0.000142895,0,0.000722459,0,0,0,1,Norman_Human metabolites.csv,0.3809523809523809,0,Transformation and metabolic products,CON(C)S(=O)(=O)c1cc(C(=O)NCCC(=O)NC2CCCC2)ccc1Cl
394,"(E)-N-[4-chloro-3-([1,3]oxazolo[4,5-b]pyridin-2-yl)phenyl]-3-(3,5-dibromo-2-methoxyphenyl)prop-2-enamide",COc1c(Br)cc(Br)cc1/C=C/C(=O)Nc1ccc(Cl)c(-c2nc3ncccc3o2)c1,C22H14Br2ClN3O3,,17318411,level 3,0,0,104,0.7376,1,0,0.98912835,1,0.99482644,1,1,0,1,Industrial_chemical.csv,0.3205128205128205,0,Industry and consumer goods,COc1c(Br)cc(Br)cc1/C=C/C(=O)Nc1ccc(Cl)c(-c2nc3ncccc3o2)c1
395,"N-[3-[2-(2-aminopyrimidin-5-yl)ethynyl]-2,4-difluorophenyl]-5-chloro-3-(2-hydroxypropan-2-yl)-2-methoxybenzenesulfonamide",COc1c(C(C)(C)O)cc(Cl)cc1S(=O)(=O)Nc1ccc(F)c(C#Cc2cnc(N)nc2)c1F,C22H19ClF2N4O4S,,138676196,level 3,0,0,18,0.1277,0,0,0.8664982,1,0.04346493,0,1,0,1,Norman_Human neurotoxins.csv,0.3111111111111111,0,Transformation and metabolic products,COc1c(C(C)(C)O)cc(Cl)cc1S(=O)(=O)Nc1ccc(F)c(C#Cc2cnc(N)nc2)c1F
396,"[1-(4-bromo-3-methoxyphenyl)-1,3,4,9-tetrahydropyrido[3,4-b]indol-2-yl]-[3-(difluoromethylsulfanyl)phenyl]methanone",COc1cc(C2c3[nH]c4ccccc4c3CCN2C(=O)c2cccc(SC(F)F)c2)ccc1Br,C26H21BrF2N2O2S,,44758879,level 3,0,0,11,0.078,0,1,0.94982934,1,0.7498568,1,1,0,1,Norman_Human metabolites.csv;Norman_Pharmaceuticals.csv,0.336734693877551,0,Pharmaceuticals,COc1cc(C2c3[nH]c4ccccc4c3CCN2C(=O)c2cccc(SC(F)F)c2)ccc1Br
397,"2-[(5-amino-1,3,4-thiadiazol-2-yl)sulfanyl]-N-[[3-bromo-4-[(2,4-dichlorophenyl)methoxy]-5-methoxyphenyl]methylideneamino]acetamide",COc1cc(C=NNC(=O)CSc2nnc(N)s2)cc(Br)c1OCc1ccc(Cl)cc1Cl,C19H16BrCl2N5O3S2,,19204448,level 3,0,0,58,0.4113,0,0,0.7968032,1,0.86967087,1,1,0,1,Norman_Human metabolites.csv,0.3571428571428571,0,Transformation and metabolic products,COc1cc(C=NNC(=O)CSc2nnc(N)s2)cc(Br)c1OCc1ccc(Cl)cc1Cl
398,[4-[(3-chloro-4-methylphenyl)iminomethyl]-2-iodo-6-methoxyphenyl] 4-chlorobenzenesulfonate,COc1cc(C=Nc2ccc(C)c(Cl)c2)cc(I)c1OS(=O)(=O)c1ccc(Cl)cc1,C21H16Cl2INO4S,,126224845,level 3,0,0,13,0.0922,0,1,0.9710225,1,0.9882267,1,1,0,1,Norman_Human metabolites.csv,0.3728813559322034,0,Transformation and metabolic products,COc1cc(C=Nc2ccc(C)c(Cl)c2)cc(I)c1OS(=O)(=O)c1ccc(Cl)cc1
399,"4-bromo-N-[[3-bromo-4-[(2,4-dichlorophenyl)methoxy]-5-methoxyphenyl]methyl]-2-methylaniline",COc1cc(CNc2ccc(Br)cc2C)cc(Br)c1OCc1ccc(Cl)cc1Cl,C22H19Br2Cl2NO2,,125619514,level 3,0,0,15,0.1064,0,1,0.9921856,1,0.99902385,1,1,0,1,Industrial_chemical.csv;Norman_Human metabolites.csv,0.3214285714285714,0,Industry and consumer goods,COc1cc(CNc2ccc(Br)cc2C)cc(Br)c1OCc1ccc(Cl)cc1Cl
400,"(2R,4R,6S)-6-[4-chloro-5-[[5-(4-fluorophenyl)thiophen-2-yl]methyl]-2-methoxyphenyl]-4,5-dihydroxy-2-(hydroxymethyl)oxan-3-one",COc1cc(Cl)c(Cc2ccc(-c3ccc(F)cc3)s2)cc1[C@@H]1O[C@H](CO)C(=O)[C@H](O)C1O,C24H22ClFO6S,,145041969,level 3,0,0,60,0.4255,0,0,9.3253475e-05,0,0.006220317,0,0,0,1,Industrial_chemical.csv;Norman_Pharmaceuticals.csv,0.4415584415584415,0,Pharmaceuticals,COc1cc(Cl)c(Cc2ccc(-c3ccc(F)cc3)s2)cc1[C@@H]1O[C@H](CO)C(=O)[C@H](O)C1O
401,"(2,4-dichlorophenyl)methyl 5-chloro-4-(5,6-dichloro-1,3-dioxoisoindol-2-yl)-2-methoxybenzoate",COc1cc(N2C(=O)c3cc(Cl)c(Cl)cc3C2=O)c(Cl)cc1C(=O)OCc1ccc(Cl)cc1Cl,C23H12Cl5NO5,,126185673,level 3,0,0,10,0.0709,0,0,0.99417603,1,0.9995565,1,1,0,1,Norman_Human metabolites.csv,0.4074074074074074,0,Transformation and metabolic products,COc1cc(N2C(=O)c3cc(Cl)c(Cl)cc3C2=O)c(Cl)cc1C(=O)OCc1ccc(Cl)cc1Cl
402,"(3-benzoyl-2,6-dibromophenyl)-oxo-(2,4,6-trimethoxybenzoyl)phosphanium",COc1cc(OC)c(C(=O)[P+](=O)c2c(Br)ccc(C(=O)c3ccccc3)c2Br)c(OC)c1,C23H18Br2O6P,,70015713,level 3,0,0,37,0.2624,0,0,0.9733033,1,0.9702687,1,1,0,1,Industrial_chemical.csv;Norman_Human metabolites.csv,0.5652173913043478,0,Industry and consumer goods,COc1cc(OC)c(C(=O)[P+](=O)c2c(Br)ccc(C(=O)c3ccccc3)c2Br)c(OC)c1
403,"1-[5-chloro-4-[(2-chloropyrimidin-4-yl)methoxy]-2-methoxyphenyl]-3-[(1S,2S)-2-hydroxycyclohexyl]thiourea",COc1cc(OCc2ccnc(Cl)n2)c(Cl)cc1NC(=S)N[C@H]1CCCC[C@@H]1O,C19H22Cl2N4O3S,,135169699,level 3,0,0,20,0.1418,0,0,0.03788602,0,0.15711083,0,0,0,1,Industrial_chemical.csv;Norman_Human metabolites.csv,0.3382352941176471,0,Industry and consumer goods,COc1cc(OCc2ccnc(Cl)n2)c(Cl)cc1NC(=S)N[C@H]1CCCC[C@@H]1O
404,"[(3E)-6-bromo-3-[(3,4-dimethoxyphenyl)methylidene]-7-methoxy-4-oxo-2H-quinolin-1-yl] thiohypoiodite",COc1cc2c(cc1Br)C(=O)/C(=C/c1ccc(OC)c(OC)c1)CN2SI,C19H17BrINO4S,,167464768,level 3,0,0,45,0.3191,0,0,0.92739993,1,0.87637246,1,1,0,1,Industrial_chemical.csv,0.4166666666666667,0,Industry and consumer goods,COc1cc2c(cc1Br)C(=O)/C(=C/c1ccc(OC)c(OC)c1)CN2SI
405,"[(1S,2R,3S,5S,7R,16E,18E,20R,21S)-11-chloro-21-hydroxy-12,20-dimethoxy-2,5,9,16-tetramethyl-8,23-dioxo-4,24-dioxa-22-azatetracyclo[19.3.1.110,14.03,5]hexacosa-10,12,14(26),16,18-pentaen-7-yl] (2S)-2-[methyl-(2-sulfanylacetyl)amino]propanoate",COc1cc2cc(c1Cl)C(C)C(=O)[C@H](OC(=O)[C@H](C)N(C)C(=O)CS)C[C@]1(C)O[C@H]1[C@H](C)[C@@H]1C[C@@](O)(NC(=O)O1)[C@H](OC)/C=C/C=C(\C)C2,C35H47ClN2O10S,,172516721,level 3,1,0.0052,39,0.2766,0,0,0.043408554,0,0.000437895,0,0,0,1,Industrial_chemical.csv,0.6509433962264151,1,Industry and consumer goods,COc1cc2cc(c1Cl)C(C)C(=O)[C@H](OC(=O)[C@H](C)N(C)C(=O)CS)C[C@]1(C)O[C@H]1[C@H](C)[C@@H]1C[C@@](O)(NC(=O)O1)[C@H](OC)/C=C/C=C(\C)C2
406,2-[2-chloro-6-(6-fluoro-5-methoxy-1H-benzimidazol-2-yl)phenyl]-5-(propan-2-ylcarbamoyl)benzoic acid,COc1cc2nc(-c3cccc(Cl)c3-c3ccc(C(=O)NC(C)C)cc3C(=O)O)[nH]c2cc1F,C25H21ClFN3O4,,154995882,level 3,0,0,5,0.0355,0,0,0.039706483,0,0.68275845,1,1,0,1,Norman_Human metabolites.csv,0.4057971014492754,0,Transformation and metabolic products,COc1cc2nc(-c3cccc(Cl)c3-c3ccc(C(=O)NC(C)C)cc3C(=O)O)[nH]c2cc1F
407,2-[3-[7-chloro-6-(4-methoxyphenyl)-2-oxo-1H-quinolin-3-yl]phenyl]acetic acid,COc1ccc(-c2cc3cc(-c4cccc(CC(=O)O)c4)c(=O)[nH]c3cc2Cl)cc1,C24H18ClNO4,,162354410,level 3,0,0,16,0.1135,0,0,0.020045752,0,0.1658417,0,0,0,1,Industrial_chemical.csv;Norman_Human metabolites.csv,0.4528301886792453,0,Industry and consumer goods,COc1ccc(-c2cc3cc(-c4cccc(CC(=O)O)c4)c(=O)[nH]c3cc2Cl)cc1
408,"4-[4-(4-aminopiperidin-1-yl)-5-chloro-1-(3-fluoro-4-methoxyphenyl)-6-oxopyrimidin-2-yl]-2-fluorocyclohexa-1,3-dien-5-yne-1-carbonitrile",COc1ccc(-n2c(-c3c#cc(C#N)c(F)c3)nc(N3CCC(N)CC3)c(Cl)c2=O)cc1F,C23H18ClF2N5O2,,139324998,level 3,0,0,12,0.0851,0,0,2.8511087e-05,0,0.001030937,0,0,0,1,Norman_Pharmaceuticals.csv,0.325,0,Pharmaceuticals,COc1ccc(-n2c(-c3c#cc(C#N)c(F)c3)nc(N3CCC(N)CC3)c(Cl)c2=O)cc1F
409,[3-(4-bromophenyl)-3-(3-cyclopentyloxy-4-methoxyphenyl)oxiran-2-yl]-trimethylsilane,COc1ccc(C2(c3ccc(Br)cc3)OC2[Si](C)(C)C)cc1OC1CCCC1,C23H29BrO3Si,,23563767,level 3,1,0.0052,75,0.5319,1,1,0.9453738,1,0.9736797,1,1,0,1,Industrial_chemical.csv;Norman_Human metabolites.csv,0.45,0,Industry and consumer goods,COc1ccc(C2(c3ccc(Br)cc3)OC2[Si](C)(C)C)cc1OC1CCCC1
410,"5-[[3-[[[2-(2,4-dichlorophenyl)-4-methyl-1,3-thiazole-5-carbonyl]amino]methyl]-4-methoxyphenyl]methyl]-2H-furan-5-carboxylic acid",COc1ccc(CC2(C(=O)O)C=CCO2)cc1CNC(=O)c1sc(-c2ccc(Cl)cc2Cl)nc1C,C25H22Cl2N2O5S,,59712376,level 3,0,0,9,0.0638,0,0,0.875798,1,0.87991357,1,1,0,1,Norman_Human metabolites.csv,0.3452380952380952,0,Transformation and metabolic products,COc1ccc(CC2(C(=O)O)C=CCO2)cc1CNC(=O)c1sc(-c2ccc(Cl)cc2Cl)nc1C
411,"3-[(5-chloro-2-methoxyphenyl)sulfamoyl]-N-[2-oxo-2-(2,2,2-trifluoroethylamino)ethyl]benzamide",COc1ccc(Cl)cc1NS(=O)(=O)c1cccc(C(=O)NCC(=O)NCC(F)(F)F)c1,C18H17ClF3N3O5S,,55934437,level 3,0,0,94,0.6667,1,0,0.28399685,0,4.5103832e-05,0,0,0,1,Industrial_chemical.csv;Norman_Human metabolites.csv,0.4126984126984127,0,Industry and consumer goods,COc1ccc(Cl)cc1NS(=O)(=O)c1cccc(C(=O)NCC(=O)NCC(F)(F)F)c1
412,"4-[3-[[2-(3,4-dichlorophenyl)-1-(4-methoxyphenyl)-4,5-dioxopyrrolidin-3-ylidene]-hydroxymethyl]anilino]-4-oxobut-2-enoic acid",COc1ccc(N2C(=O)C(=O)C(=C(O)c3cccc(NC(=O)C=CC(=O)O)c3)C2c2ccc(Cl)c(Cl)c2)cc1,C28H20Cl2N2O7,,154071920,level 3,0,0,2,0.0142,0,0,0.8881757,1,0.057978176,0,1,0,1,Industrial_chemical.csv;Norman_Human metabolites.csv,0.3692307692307692,0,Industry and consumer goods,COc1ccc(N2C(=O)C(=O)C(=C(O)c3cccc(NC(=O)C=CC(=O)O)c3)C2c2ccc(Cl)c(Cl)c2)cc1
413,"1-[4-[5-[(5-bromo-3-methyl-1H-indol-2-yl)sulfonyl]-2-methoxyphenyl]piperazin-1-yl]-2,2,2-trichloroethanone",COc1ccc(S(=O)(=O)c2[nH]c3ccc(Br)cc3c2C)cc1N1CCN(C(=O)C(Cl)(Cl)Cl)CC1,C22H21BrCl3N3O4S,,175359427,level 3,0,0,11,0.078,0,0,0.02594929,0,0.32634443,0,0,0,1,Industrial_chemical.csv;Norman_Human metabolites.csv,0.3538461538461538,0,Industry and consumer goods,COc1ccc(S(=O)(=O)c2[nH]c3ccc(Br)cc3c2C)cc1N1CCN(C(=O)C(Cl)(Cl)Cl)CC1
414,"cis-(1S,2S)-2-[2-[[5-chloro-3-(trifluoromethyl)pyrazol-1-yl]methyl]-7-methoxy-4-oxopyrido[1,2-a]pyrimidin-6-yl]cyclobutane-1-carbonitrile",COc1ccc2nc(Cn3nc(C(F)(F)F)cc3Cl)cc(=O)n2c1[C@H]1CC[C@@H]1C#N,C19H15ClF3N5O2,,162597269,level 3,0,0,13,0.0922,0,0,0.002535855,0,1.1419188e-06,0,0,0,1,Norman_Human metabolites.csv,0.2619047619047619,0,Transformation and metabolic products,COc1ccc2nc(Cn3nc(C(F)(F)F)cc3Cl)cc(=O)n2c1[C@H]1CC[C@@H]1C#N
415,3-[(5-bromo-2-fluorophenyl)methyl-(2-hydroxyethyl)amino]-N-(2-methoxyphenyl)propanamide,COc1ccccc1NC(=O)CCN(CCO)Cc1cc(Br)ccc1F,C19H22BrFN2O3,,56521173,level 3,0,0,74,0.5248,1,0,0.013196194,0,0.049211245,0,0,0,1,Industrial_chemical.csv;Norman_Drinking water chemicals.csv;Norman_Human metabolites.csv;Norman_Food contact chemicals.csv,0.4285714285714285,0,Food and other consumption,COc1ccccc1NC(=O)CCN(CCO)Cc1cc(Br)ccc1F
416,"(5Z)-5-[(3,5-dibromo-2,4-dihydroxyphenyl)methylidene]-3-[2-(2-methoxyphenoxy)ethyl]-1,3-thiazolidine-2,4-dione",COc1ccccc1OCCN1C(=O)S/C(=C\c2cc(Br)c(O)c(Br)c2O)C1=O,C19H15Br2NO6S,,49926104,level 3,0,0,37,0.2624,0,0,0.9421895,1,0.81040883,1,1,0,1,Norman_Pharmaceuticals.csv,0.3478260869565217,0,Pharmaceuticals,COc1ccccc1OCCN1C(=O)S/C(=C\c2cc(Br)c(O)c(Br)c2O)C1=O
417,"(5Z)-5-[(2,3-dibromo-4-hydroxy-5-methoxyphenyl)methylidene]-3-[2-(2-methoxyphenoxy)ethyl]-1,3-thiazolidine-2,4-dione",COc1ccccc1OCCN1C(=O)S/C(=C\c2cc(OC)c(O)c(Br)c2Br)C1=O,C20H17Br2NO6S,,49926425,level 3,0,0,14,0.0993,0,0,0.9571878,1,0.74635255,1,1,0,1,Norman_Human metabolites.csv,0.3396226415094339,0,Transformation and metabolic products,COc1ccccc1OCCN1C(=O)S/C(=C\c2cc(OC)c(O)c(Br)c2Br)C1=O
418,"N-(5-bromo-6-chloro-3-methoxypyrazin-2-yl)-2,3-dichloro-N-(2-trimethylsilylethoxymethyl)benzenesulfonamide",COc1nc(Br)c(Cl)nc1N(COCC[Si](C)(C)C)S(=O)(=O)c1cccc(Cl)c1Cl,C17H21BrCl3N3O4SSi,,58656101,level 3,0,0,27,0.1915,0,1,0.95459855,1,0.97631747,1,1,0,1,Norman_Pharmaceuticals.csv,0.264367816091954,0,Pharmaceuticals,COc1nc(Br)c(Cl)nc1N(COCC[Si](C)(C)C)S(=O)(=O)c1cccc(Cl)c1Cl
419,"18-chloro-25-methoxy-22,22-dioxo-3,22lambda6,30-trithia-6,8,23,26-tetrazahexacyclo[22.3.1.12,5.110,13.117,21.04,9]hentriaconta-1(28),2(31),4,6,8,10,12,17,19,21(29),24,26-dodecaen-16-one",COc1ncc2cc1NS(=O)(=O)c1ccc(Cl)c(c1)C(=O)CCc1ccc(s1)-c1ncnc3cc-2sc13,C25H17ClN4O4S3,,159454194,level 3,0,0,90,0.6383,1,0,0.00115288,0,0.02002077,0,0,0,1,Norman_Human metabolites.csv,0.2289156626506024,0,Transformation and metabolic products,COc1ncc2cc1NS(=O)(=O)c1ccc(Cl)c(c1)C(=O)CCc1ccc(s1)-c1ncnc3cc-2sc13
420,"N-[2-chloro-4-(3-chlorophenoxy)-3-pyridinyl]-2-methylsulfonyl-3,4-dihydrothieno[3,2-g]chromene-2-carboxamide",CS(=O)(=O)C1(C(=O)Nc2c(Oc3cccc(Cl)c3)ccnc2Cl)CCc2cc3ccsc3cc2O1,C24H18Cl2N2O5S2,,172823101,level 3,0,0,45,0.3191,0,1,0.12275488,0,0.31666374,0,1,0,1,Industrial_chemical.csv,0.3069306930693069,0,Industry and consumer goods,CS(=O)(=O)C1(C(=O)Nc2c(Oc3cccc(Cl)c3)ccnc2Cl)CCc2cc3ccsc3cc2O1
421,"[[3-bromo-5-(methanesulfonamidomethyl)-7-(4,4,4-trifluorobutoxy)-1-benzothiophen-2-yl]-difluoromethyl]phosphonic acid",CS(=O)(=O)NCc1cc(OCCCC(F)(F)F)c2sc(C(F)(F)P(=O)(O)O)c(Br)c2c1,C15H16BrF5NO6PS2,,168955285,level 3,0,0,37,0.2624,0,0,0.9128204,1,0.22821285,0,1,0,1,Norman_Pharmaceuticals.csv,0.28125,0,Pharmaceuticals,CS(=O)(=O)NCc1cc(OCCCC(F)(F)F)c2sc(C(F)(F)P(=O)(O)O)c(Br)c2c1
422,"(2R,3R)-2-[(2,4-dibromophenyl)methyl]-3-[[3-(trifluoromethyl)phenyl]sulfonylamino]butanoic acid",C[C@@H](NS(=O)(=O)c1cccc(C(F)(F)F)c1)[C@@H](Cc1ccc(Br)cc1Br)C(=O)O,C18H16Br2F3NO4S,,126662330,level 3,0,0,31,0.2199,0,0,0.9156353,1,0.6184686,1,1,0,1,Industrial_chemical.csv;Norman_Human metabolites.csv,0.396551724137931,0,Industry and consumer goods,C[C@@H](NS(=O)(=O)c1cccc(C(F)(F)F)c1)[C@@H](Cc1ccc(Br)cc1Br)C(=O)O
423,"(3S,4R,5R)-2-[[3-[[(2-chloro-6-fluorophenyl)methyl-[(2S)-1-(dimethylamino)-4,4-dimethylpentan-2-yl]amino]methyl]phenyl]methyl]-4-[(1S)-1-hydroxyethyl]-5-(hydroxymethyl)-N-[(1S,2S,3S,5R)-2,3,4,4,5-pentamethylcyclohexyl]-1,2-oxazolidine-3-carboxamide",C[C@@H]1[C@@H](NC(=O)[C@@H]2[C@H]([C@H](C)O)[C@H](CO)ON2Cc2cccc(CN(Cc3c(F)cccc3Cl)[C@H](CN(C)C)CC(C)(C)C)c2)C[C@@H](C)C(C)(C)[C@H]1C,C42H66ClFN4O4,,89615249,level 3,105,0.5412,91,0.6454,1,1,0.9132104,1,0.16436806,0,1,0,1,Norman_Human metabolites.csv,0.2377049180327868,0,Transformation and metabolic products,C[C@@H]1[C@@H](NC(=O)[C@@H]2[C@H]([C@H](C)O)[C@H](CO)ON2Cc2cccc(CN(Cc3c(F)cccc3Cl)[C@H](CN(C)C)CC(C)(C)C)c2)C[C@@H](C)C(C)(C)[C@H]1C
424,2-[[6-chloro-2-methylsulfonyl-5-(2-phenylethynyl)benzimidazol-1-yl]methoxy]ethyl-trimethylsilane,C[Si](C)(C)CCOCn1c(S(C)(=O)=O)nc2cc(C#Cc3ccccc3)c(Cl)cc21,C22H25ClN2O3SSi,,58387189,level 3,1,0.0052,46,0.3262,0,0,0.94002426,1,0.9776192,1,1,0,1,Norman_Human metabolites.csv,0.2898550724637681,0,Transformation and metabolic products,C[Si](C)(C)CCOCn1c(S(C)(=O)=O)nc2cc(C#Cc3ccccc3)c(Cl)cc21
425,"(5E)-5-[[4-bromo-1-(4-bromophenyl)-2,5-dimethylpyrrol-3-yl]methylidene]-1-(4-chlorophenyl)-1,3-diazinane-2,4,6-trione",Cc1c(Br)c(/C=C2\C(=O)NC(=O)N(c3ccc(Cl)cc3)C2=O)c(C)n1-c1ccc(Br)cc1,C23H16Br2ClN3O3,,125903687,level 3,0,0,16,0.1135,0,0,0.97912806,1,0.996072,1,1,0,1,Norman_Human metabolites.csv,0.3285714285714285,0,Transformation and metabolic products,Cc1c(Br)c(/C=C2\C(=O)NC(=O)N(c3ccc(Cl)cc3)C2=O)c(C)n1-c1ccc(Br)cc1
426,"N-[3-amino-1-(3-chlorophenyl)-3-oxoprop-1-enyl]-4-(3,6-difluoro-2-methylphenyl)-5-[4-[2-[2-[2-[2-[2-(2-oxoethoxy)ethoxy]ethoxy]ethoxy]ethoxy]ethyl]benzoyl]-1H-pyrrole-3-carboxamide",Cc1c(F)ccc(F)c1-c1c(C(=O)NC(=CC(N)=O)c2cccc(Cl)c2)c[nH]c1C(=O)c1ccc(CCOCCOCCOCCOCCOCC=O)cc1,C40H42ClF2N3O9,,176186541,level 3,0,0,9,0.0638,0,0,0.7364358,1,0.08678332,0,1,0,1,Industrial_chemical.csv;Norman_Human metabolites.csv,0.2840909090909091,0,Industry and consumer goods,Cc1c(F)ccc(F)c1-c1c(C(=O)NC(=CC(N)=O)c2cccc(Cl)c2)c[nH]c1C(=O)c1ccc(CCOCCOCCOCCOCCOCC=O)cc1
427,"[7-[3-(aminomethyl)pyrrolidin-1-yl]-5-bromo-1-cyclopropyl-6-fluoro-8-methyl-2-oxoquinolin-3-yl] 2,2,2-trifluoroacetate",Cc1c(N2CCC(CN)C2)c(F)c(Br)c2cc(OC(=O)C(F)(F)F)c(=O)n(C3CC3)c12,C20H20BrF4N3O3,,140300973,level 3,0,0,9,0.0638,0,0,0.007975482,0,0.036989193,0,0,0,1,Norman_Human metabolites.csv,0.3571428571428571,0,Transformation and metabolic products,Cc1c(N2CCC(CN)C2)c(F)c(Br)c2cc(OC(=O)C(F)(F)F)c(=O)n(C3CC3)c12
428,1-[[5-chloro-2-(2-chloro-4-fluorophenyl)-1-benzofuran-7-yl]methyl]-5-methyl-N-morpholin-4-ylpyrazole-3-carboxamide,Cc1cc(C(=O)NN2CCOCC2)nn1Cc1cc(Cl)cc2cc(-c3ccc(F)cc3Cl)oc12,C24H21Cl2FN4O3,,25007721,level 3,21,0.1082,65,0.461,0,0,0.41563356,0,0.8808272,1,1,0,1,Industrial_chemical.csv,0.348314606741573,0,Industry and consumer goods,Cc1cc(C(=O)NN2CCOCC2)nn1Cc1cc(Cl)cc2cc(-c3ccc(F)cc3Cl)oc12
429,"2-chloro-N-[4-[(4,6-dimethylpyrimidin-2-yl)sulfamoyl]phenyl]-5-pyrrolidin-1-ylsulfonylbenzamide",Cc1cc(C)nc(NS(=O)(=O)c2ccc(NC(=O)c3cc(S(=O)(=O)N4CCCC4)ccc3Cl)cc2)n1,C23H24ClN5O5S2,,99943332,level 3,0,0,16,0.1135,0,0,0.6781632,1,0.7391771,1,1,0,1,Norman_Human metabolites.csv,0.625,1,Transformation and metabolic products,Cc1cc(C)nc(NS(=O)(=O)c2ccc(NC(=O)c3cc(S(=O)(=O)N4CCCC4)ccc3Cl)cc2)n1
430,N-[2-chloro-5-(4-chlorophenyl)sulfonylphenyl]-2-hydroxy-5-iodo-3-methylbenzamide,Cc1cc(I)cc(C(=O)Nc2cc(S(=O)(=O)c3ccc(Cl)cc3)ccc2Cl)c1O,C20H14Cl2INO4S,,142932878,level 3,0,0,55,0.3901,0,0,0.9444238,1,0.9780655,1,1,0,1,Industrial_chemical.csv,0.4716981132075472,0,Industry and consumer goods,Cc1cc(I)cc(C(=O)Nc2cc(S(=O)(=O)c3ccc(Cl)cc3)ccc2Cl)c1O
431,"1-(4-bromo-3-methylphenyl)-3-[(E)-[3,5-dibromo-4-[(3-fluorophenyl)methoxy]phenyl]methylideneamino]urea",Cc1cc(NC(=O)N/N=C/c2cc(Br)c(OCc3cccc(F)c3)c(Br)c2)ccc1Br,C22H17Br3FN3O2,,125911947,level 3,0,0,18,0.1277,0,1,0.9824291,1,0.9977021,1,1,0,1,Norman_Pharmaceuticals.csv,0.3888888888888889,0,Pharmaceuticals,Cc1cc(NC(=O)N/N=C/c2cc(Br)c(OCc3cccc(F)c3)c(Br)c2)ccc1Br
432,4-[[5-chloro-2-[2-(difluoromethoxy)phenoxy]-4-methylbenzoyl]amino]benzoic acid,Cc1cc(Oc2ccccc2OC(F)F)c(C(=O)Nc2ccc(C(=O)O)cc2)cc1Cl,C22H16ClF2NO5,,138748288,level 3,0,0,114,0.8085,1,0,0.7928777,1,0.9788058,1,1,0,1,Industrial_chemical.csv,0.4032258064516129,0,Industry and consumer goods,Cc1cc(Oc2ccccc2OC(F)F)c(C(=O)Nc2ccc(C(=O)O)cc2)cc1Cl
433,5-chloro-3-hydroxy-1-[(4-methylphenyl)methyl]-3-[2-oxo-2-(3-pyrrol-1-ylphenyl)ethyl]indol-2-one,Cc1ccc(CN2C(=O)C(O)(CC(=O)c3cccc(-n4cccc4)c3)c3cc(Cl)ccc32)cc1,C28H23ClN2O3,,4617089,level 3,0,0,119,0.844,1,0,0.9514651,1,0.9425975,1,1,0,1,Norman_Human metabolites.csv,0.3076923076923077,0,Transformation and metabolic products,Cc1ccc(CN2C(=O)C(O)(CC(=O)c3cccc(-n4cccc4)c3)c3cc(Cl)ccc32)cc1
434,N'-[3-(2-chloro-5-methylphenyl)-5-oxocyclohexyl]-N'-hydroxy-4-methylbenzenesulfonohydrazide,Cc1ccc(S(=O)(=O)NN(O)C2CC(=O)CC(c3cc(C)ccc3Cl)C2)cc1,C20H23ClN2O4S,,57156051,level 3,0,0,5,0.0355,0,0,0.010741481,0,0.5429763,1,1,0,1,Industrial_chemical.csv;Norman_Pharmaceuticals.csv,0.3529411764705882,0,Pharmaceuticals,Cc1ccc(S(=O)(=O)NN(O)C2CC(=O)CC(c3cc(C)ccc3Cl)C2)cc1
435,"3-[[5-[(2-chloro-6-methylphenyl)carbamoyl]-1,3-thiazol-2-yl]amino]-5-(trifluoromethyl)benzoic acid",Cc1cccc(Cl)c1NC(=O)c1cnc(Nc2cc(C(=O)O)cc(C(F)(F)F)c2)s1,C19H13ClF3N3O3S,,135354019,level 3,0,0,1,0.0071,0,0,0.92631763,1,0.9624796,1,1,0,1,Industrial_chemical.csv;Norman_Drinking water chemicals.csv;Norman_Human metabolites.csv,0.5909090909090909,0,Food and other consumption,Cc1cccc(Cl)c1NC(=O)c1cnc(Nc2cc(C(=O)O)cc(C(F)(F)F)c2)s1
436,2-[2-chloro-5-[[2-methyl-6-(trifluoromethyl)pyridine-3-carbonyl]amino]phenyl]-N-hydroxy-3H-benzimidazole-5-carboxamide,Cc1nc(C(F)(F)F)ccc1C(=O)Nc1ccc(Cl)c(-c2nc3ccc(C(=O)NO)cc3[nH]2)c1,C22H15ClF3N5O3,,89930073,level 3,0,0,140,0.9929,1,0,0.1702005,0,0.43534124,0,0,0,1,Industrial_chemical.csv,0.4615384615384615,0,Industry and consumer goods,Cc1nc(C(F)(F)F)ccc1C(=O)Nc1ccc(Cl)c(-c2nc3ccc(C(=O)NO)cc3[nH]2)c1
437,[3-[[3-bromo-2-[2-(2H-tetrazol-5-yl)phenyl]-1-benzofuran-5-yl]methyl]-2-(cyclopropylmethyl)-5-methylimidazol-4-yl] hydrogen carbonate,Cc1nc(CC2CC2)n(Cc2ccc3oc(-c4ccccc4-c4nn[nH]n4)c(Br)c3c2)c1OC(=O)O,C25H21BrN6O4,,67620920,level 3,0,0,17,0.1206,0,0,2.0836873e-05,0,0.684883,1,1,0,1,Norman_Human metabolites.csv,0.5747126436781609,0,Transformation and metabolic products,Cc1nc(CC2CC2)n(Cc2ccc3oc(-c4ccccc4-c4nn[nH]n4)c(Br)c3c2)c1OC(=O)O
438,"(2S,4R)-1-[(2S)-2-[4-[7-chloro-3-(2-hydroxyphenyl)cinnolin-6-yl]triazol-1-yl]-3-methylbutanoyl]-4-hydroxy-N-[(1S)-1-[4-(4-methyl-1,3-thiazol-5-yl)phenyl]ethyl]pyrrolidine-2-carboxamide",Cc1ncsc1-c1ccc([C@H](C)NC(=O)[C@@H]2C[C@@H](O)CN2C(=O)[C@H](C(C)C)n2cc(-c3cc4cc(-c5ccccc5O)nnc4cc3Cl)nn2)cc1,C38H37ClN8O4S,,176352694,level 3,0,0,2,0.0142,0,0,0.9413401,1,0.76696694,1,1,0,1,Norman_Pharmaceuticals.csv,0.2869565217391304,0,Pharmaceuticals,Cc1ncsc1-c1ccc([C@H](C)NC(=O)[C@@H]2C[C@@H](O)CN2C(=O)[C@H](C(C)C)n2cc(-c3cc4cc(-c5ccccc5O)nnc4cc3Cl)nn2)cc1
439,"N-[3-chloro-4-[4-[(4R)-4-hydroxy-1,1-dimethylpyrrolidin-1-ium-2-carbonyl]piperazine-1-carbonyl]phenyl]-5-[4-[1-[(2,2-difluorocyclopropyl)methyl]-3,5-dimethylpyrazol-4-yl]-2,3-difluorophenyl]-1-methylimidazole-2-carboxamide",Cc1nn(CC2CC2(F)F)c(C)c1-c1ccc(-c2cnc(C(=O)Nc3ccc(C(=O)N4CCN(C(=O)C5C[C@@H](O)C[N+]5(C)C)CC4)c(Cl)c3)n2C)c(F)c1F,C38H42ClF4N8O4,,168140023,level 3,0,0,36,0.2553,0,0,0.000163501,0,0.027099576,0,0,0,1,Industrial_chemical.csv;Norman_Human metabolites.csv;Norman_Pharmaceuticals.csv,0.2586206896551724,0,Pharmaceuticals,Cc1nn(CC2CC2(F)F)c(C)c1-c1ccc(-c2cnc(C(=O)Nc3ccc(C(=O)N4CCN(C(=O)C5C[C@@H](O)C[N+]5(C)C)CC4)c(Cl)c3)n2C)c(F)c1F
440,"3-[2-(3,4-dichlorophenyl)-5-(2,5-difluorophenyl)-3-(5-methyl-1,3,4-thiadiazol-2-yl)-1,3,4-thiadiazol-2-yl]propan-1-amine",Cc1nnc(N2N=C(c3cc(F)ccc3F)SC2(CCCN)c2ccc(Cl)c(Cl)c2)s1,C20H17Cl2F2N5S2,,90269218,level 3,0,0,54,0.383,0,1,0.9667198,1,0.9962044,1,1,0,1,Norman_Pharmaceuticals.csv,0.4675324675324675,0,Pharmaceuticals,Cc1nnc(N2N=C(c3cc(F)ccc3F)SC2(CCCN)c2ccc(Cl)c(Cl)c2)s1
441,"2-[4-[6-(4-chloroanilino)-1-methyl-5,6-dihydro-4H-[1,2,4]triazolo[4,3-a][1]benzazepin-8-yl]pyrazol-1-yl]-N-[7-[2-(2,6-dioxopiperidin-3-yl)-1-oxo-3H-isoindol-4-yl]hept-6-ynyl]acetamide",Cc1nnc2n1-c1ccc(-c3cnn(CC(=O)NCCCCCC#Cc4cccc5c4CN(C4CCC(=O)NC4=O)C5=O)c3)cc1C(Nc1ccc(Cl)cc1)CC2,C43H42ClN9O4,,172462229,level 3,0,0,1,0.0071,0,0,0.93427694,1,0.65752435,1,1,0,1,Industrial_chemical.csv;Norman_Human metabolites.csv;Norman_Human neurotoxins.csv;Norman_Pharmaceuticals.csv,0.308411214953271,0,Pharmaceuticals,Cc1nnc2n1-c1ccc(-c3cnn(CC(=O)NCCCCCC#Cc4cccc5c4CN(C4CCC(=O)NC4=O)C5=O)c3)cc1C(Nc1ccc(Cl)cc1)CC2
442,"2-[3-[3-(3-chloroanilino)-2,3-dioxopropyl]phenyl]-6-hydroxy-3-iodo-1-methylindole-5-carboxylic acid",Cn1c(-c2cccc(CC(=O)C(=O)Nc3cccc(Cl)c3)c2)c(I)c2cc(C(=O)O)c(O)cc21,C25H18ClIN2O5,,159916480,level 3,0,0,13,0.0922,0,0,0.60876286,1,0.23050396,0,1,0,1,Industrial_chemical.csv,0.3928571428571428,0,Industry and consumer goods,Cn1c(-c2cccc(CC(=O)C(=O)Nc3cccc(Cl)c3)c2)c(I)c2cc(C(=O)O)c(O)cc21
443,"3-[6-chloro-2-fluoro-3-[2-hydroxy-1-(4-methyl-5-oxo-1H-1,2,4-triazol-3-yl)ethyl]phenoxy]-5-(difluoromethyl)benzonitrile",Cn1c(C(CO)c2ccc(Cl)c(Oc3cc(C#N)cc(C(F)F)c3)c2F)n[nH]c1=O,C19H14ClF3N4O3,,67109303,level 3,0,0,19,0.1348,0,0,0.001513366,0,4.5570683e-05,0,0,0,1,Industrial_chemical.csv;Norman_Pharmaceuticals.csv,0.4166666666666667,0,Pharmaceuticals,Cn1c(C(CO)c2ccc(Cl)c(Oc3cc(C#N)cc(C(F)F)c3)c2F)n[nH]c1=O
444,"6-(4-chlorophenyl)-2-(1-methylpyrazol-4-yl)-3-oxo-N-(3,3,3-trifluoro-2-hydroxypropyl)pyridazine-4-carboxamide",Cn1cc(-n2nc(-c3ccc(Cl)cc3)cc(C(=O)NCC(O)C(F)(F)F)c2=O)cn1,C18H15ClF3N5O3,,135304042,level 3,0,0,59,0.4184,0,0,0.002357096,0,0.000602534,0,0,0,1,Norman_Human metabolites.csv,0.3428571428571428,0,Transformation and metabolic products,Cn1cc(-n2nc(-c3ccc(Cl)cc3)cc(C(=O)NCC(O)C(F)(F)F)c2=O)cn1
445,5-chloro-N-[2-chloro-4-(trifluoromethyl)phenyl]-2-[(1-methylimidazol-4-yl)sulfonylamino]benzamide,Cn1cnc(S(=O)(=O)Nc2ccc(Cl)cc2C(=O)Nc2ccc(C(F)(F)F)cc2Cl)c1,C18H13Cl2F3N4O3S,,139512748,level 3,0,0,55,0.3901,0,0,0.8514376,1,0.88139945,1,1,0,1,Norman_Human metabolites.csv;Norman_Pharmaceuticals.csv,0.3658536585365853,0,Pharmaceuticals,Cn1cnc(S(=O)(=O)Nc2ccc(Cl)cc2C(=O)Nc2ccc(C(F)(F)F)cc2Cl)c1
446,"4-[6-chloro-1-(4-fluorophenyl)indazol-5-yl]-1-methyl-3-pyridin-2-yl-4,8-dihydropyrazolo[5,4-e][1,4]thiazepin-7-one",Cn1nc(-c2ccccn2)c2c1NC(=O)CSC2c1cc2cnn(-c3ccc(F)cc3)c2cc1Cl,C25H18ClFN6OS,,136639864,level 3,0,0,2,0.0142,0,0,0.96778154,1,0.42454475,0,1,0,1,Industrial_chemical.csv,0.3048780487804878,0,Industry and consumer goods,Cn1nc(-c2ccccn2)c2c1NC(=O)CSC2c1cc2cnn(-c3ccc(F)cc3)c2cc1Cl
447,"2-amino-1-(4-bromo-2-fluorophenyl)-4-(5-nitrothiophen-2-yl)-5-oxo-4,6,7,8-tetrahydroquinoline-3-carbonitrile",N#CC1=C(N)N(c2ccc(Br)cc2F)C2=C(C(=O)CCC2)C1c1ccc([N+](=O)[O-])s1,C20H14BrFN4O3S,,5302162,level 3,3,0.0155,57,0.4043,0,0,0.015937278,0,0.022451958,0,0,0,1,Norman_Human metabolites.csv,0.2857142857142857,0,Transformation and metabolic products,N#CC1=C(N)N(c2ccc(Br)cc2F)C2=C(C(=O)CCC2)C1c1ccc([N+](=O)[O-])s1
448,"2-(3-nitro-1,2-diazacyclohepta-2,5,6-trien-1-yl)-5-[(E)-4,4,4-trifluoro-3-(3,4,5-trichlorophenyl)but-1-enyl]benzonitrile",N#Cc1cc(/C=C/C(c2cc(Cl)c(Cl)c(Cl)c2)C(F)(F)F)ccc1N1C=C=CCC([N+](=O)[O-])=N1,C22H12Cl3F3N4O2,,90248492,level 3,0,0,54,0.383,0,1,0.63067883,1,0.913522,1,1,0,1,Norman_Human metabolites.csv,0.2753623188405797,0,Transformation and metabolic products,N#Cc1cc(/C=C/C(c2cc(Cl)c(Cl)c(Cl)c2)C(F)(F)F)ccc1N1C=C=CCC([N+](=O)[O-])=N1
449,"2-[6-chloro-3-(2,4-difluorophenyl)-4-oxoquinazolin-2-yl]sulfanyl-N-(3-cyanothiophen-2-yl)acetamide",N#Cc1ccsc1NC(=O)CSc1nc2ccc(Cl)cc2c(=O)n1-c1ccc(F)cc1F,C21H11ClF2N4O2S2,,41148359,level 3,3,0.0155,33,0.234,0,0,0.03796085,0,2.7583603e-05,0,0,0,1,Industrial_chemical.csv;Norman_Human metabolites.csv;Norman_Plant protection products.csv,0.3875,0,Pesticides,N#Cc1ccsc1NC(=O)CSc1nc2ccc(Cl)cc2c(=O)n1-c1ccc(F)cc1F
450,"2-[amino-(bromo-chloro-fluoromethyl)sulfanyl-nitrosulfanylmethyl]-N-(2,3,4-trifluorophenyl)-7H-purin-6-amine",NC(S[N+](=O)[O-])(SC(F)(Cl)Br)c1nc(Nc2ccc(F)c(F)c2F)c2[nH]cnc2n1,C13H7BrClF4N7O2S2,,152757334,level 3,0,0,72,0.5106,1,0,0.002677646,0,0.5265794,1,1,0,1,Norman_Human metabolites.csv,0.2839506172839506,0,Transformation and metabolic products,NC(S[N+](=O)[O-])(SC(F)(Cl)Br)c1nc(Nc2ccc(F)c(F)c2F)c2[nH]cnc2n1
451,"2-[4-[5-[5-amino-1-[(2,4-difluorophenyl)methyl]-6-oxo-4-(trifluoromethyl)-2-pyridinyl]thiophen-2-yl]-2-chlorophenoxy]acetic acid",Nc1c(C(F)(F)F)cc(-c2ccc(-c3ccc(OCC(=O)O)c(Cl)c3)s2)n(Cc2ccc(F)cc2F)c1=O,C25H16ClF5N2O4S,,143213589,level 3,0,0,12,0.0851,0,0,0.5164528,1,0.19941702,0,1,0,1,Industrial_chemical.csv;Norman_Drinking water chemicals.csv;Norman_Human neurotoxins.csv;Norman_Plant protection products.csv,0.3582089552238806,0,Pesticides,Nc1c(C(F)(F)F)cc(-c2ccc(-c3ccc(OCC(=O)O)c(Cl)c3)s2)n(Cc2ccc(F)cc2F)c1=O
452,"(2S)-2-[[4-amino-3-chloro-5-(trifluoromethyl)phenyl]methyl]-1-[4-(oxan-3-yl)piperazin-1-yl]-4-[4-(2-oxo-4,5-dihydro-1H-1,3-benzodiazepin-3-yl)piperidin-1-yl]butane-1,4-dione",Nc1c(Cl)cc(C[C@@H](CC(=O)N2CCC(N3CCc4ccccc4NC3=O)CC2)C(=O)N2CCN(C3CCCOC3)CC2)cc1C(F)(F)F,C35H44ClF3N6O4,,11992870,level 3,0,0,7,0.0496,0,0,0.002726772,0,0.4678858,0,0,0,1,Norman_Human metabolites.csv;Norman_Pharmaceuticals.csv,0.314516129032258,0,Pharmaceuticals,Nc1c(Cl)cc(C[C@@H](CC(=O)N2CCC(N3CCc4ccccc4NC3=O)CC2)C(=O)N2CCN(C3CCCOC3)CC2)cc1C(F)(F)F
453,"[(1R,3R,4R,5R)-3-(4-amino-5-fluoro-2-oxopyrimidin-1-yl)-4-chloro-1-(chloromethyl)-5-hydroxy-2-oxabicyclo[3.1.0]hexan-6-yl] [hydroxy(phosphonooxy)phosphoryl] hydrogen phosphate",Nc1nc(=O)n([C@@H]2O[C@]3(CCl)C(OP(=O)(O)OP(=O)(O)OP(=O)(O)O)[C@]3(O)[C@H]2Cl)cc1F,C10H13Cl2FN3O13P3,,173861243,level 3,0,0,47,0.3333,0,0,0.17843062,0,0.07144217,0,0,0,1,Industrial_chemical.csv;Norman_Human metabolites.csv,0.3648648648648648,0,Industry and consumer goods,Nc1nc(=O)n([C@@H]2O[C@]3(CCl)C(OP(=O)(O)OP(=O)(O)OP(=O)(O)O)[C@]3(O)[C@H]2Cl)cc1F
454,"(E)-1-(3-chloro-2,4-dihydroxyphenyl)-3-[4-[2-[3-(hydroperoxymethyl)cyclobutyl]oxyethoxy]phenyl]prop-2-en-1-one",O=C(/C=C/c1ccc(OCCOC2CC(COO)C2)cc1)c1ccc(O)c(Cl)c1O,C22H23ClO7,,146493492,level 3,0,0,25,0.1773,0,0,0.92309034,1,0.122519895,0,1,0,1,Norman_Human metabolites.csv,0.3670886075949367,0,Transformation and metabolic products,O=C(/C=C/c1ccc(OCCOC2CC(COO)C2)cc1)c1ccc(O)c(Cl)c1O
455,5-chloro-3-hydroxy-3-[2-oxo-2-(3-pyrrol-1-ylphenyl)ethyl]-1-(2-phenylethyl)indol-2-one,O=C(CC1(O)C(=O)N(CCc2ccccc2)c2ccc(Cl)cc21)c1cccc(-n2cccc2)c1,C28H23ClN2O3,,3737816,level 3,0,0,136,0.9645,1,0,0.94622767,1,0.87430394,1,1,0,1,Norman_Human metabolites.csv,0.3289473684210526,0,Transformation and metabolic products,O=C(CC1(O)C(=O)N(CCc2ccccc2)c2ccc(Cl)cc21)c1cccc(-n2cccc2)c1
456,"7-[2-[1-[2-[4-[3-[1-(5-chloropyrimidin-2-yl)piperidin-4-yl]propoxy]-2-fluorophenyl]acetyl]azetidin-3-yl]ethylamino]-1-hydroxy-2,2-bis(hydroxymethyl)heptan-4-one",O=C(CCCNCCC1CN(C(=O)Cc2ccc(OCCCC3CCN(c4ncc(Cl)cn4)CC3)cc2F)C1)CC(CO)(CO)CO,C34H49ClFN5O6,,165019272,level 3,0,0,4,0.0284,0,0,0.002784065,0,0.005152501,0,0,0,1,Norman_Pharmaceuticals.csv,0.3069306930693069,0,Pharmaceuticals,O=C(CCCNCCC1CN(C(=O)Cc2ccc(OCCCC3CCN(c4ncc(Cl)cn4)CC3)cc2F)C1)CC(CO)(CO)CO
457,N-[3-[(4-bromobenzoyl)amino]propyl]-N'-[2-(3-bromophenoxy)-5-chlorophenyl]oxamide,O=C(NCCCNC(=O)c1ccc(Br)cc1)C(=O)Nc1cc(Cl)ccc1Oc1cccc(Br)c1,C24H20Br2ClN3O4,,166348054,level 3,0,0,14,0.0993,0,0,0.98188305,1,0.9782687,1,1,0,1,Norman_Human metabolites.csv,0.3684210526315789,0,Transformation and metabolic products,O=C(NCCCNC(=O)c1ccc(Br)cc1)C(=O)Nc1cc(Cl)ccc1Oc1cccc(Br)c1
458,"benzyl N-[(2S)-1-[(3-chloro-4,5-dihydro-1,2-oxazol-5-yl)methylamino]-3-(5-hydroxy-1H-indol-3-yl)-1-oxopropan-2-yl]carbamate",O=C(N[C@@H](Cc1c[nH]c2ccc(O)cc12)C(=O)NCC1CC(Cl)=NO1)OCc1ccccc1,C23H23ClN4O5,,54221878,level 3,0,0,1,0.0071,0,0,0.021455543,0,0.42687818,0,0,0,1,Industrial_chemical.csv;Norman_Human metabolites.csv,0.5138888888888888,0,Industry and consumer goods,O=C(N[C@@H](Cc1c[nH]c2ccc(O)cc12)C(=O)NCC1CC(Cl)=NO1)OCc1ccccc1
459,"N-(2,4-dibromo-5-fluoro-3-pyridinyl)-4-fluoro-2-[6-[(3R)-3-fluoropyrrolidin-1-yl]-3-pyridinyl]-1,3-thiazole-5-carboxamide",O=C(Nc1c(Br)ncc(F)c1Br)c1sc(-c2ccc(N3CC[C@@H](F)C3)nc2)nc1F,C18H12Br2F3N5OS,,176036766,level 3,0,0,60,0.4255,0,0,0.9441091,1,0.086398095,0,1,0,1,Norman_Pharmaceuticals.csv,0.3493975903614458,0,Pharmaceuticals,O=C(Nc1c(Br)ncc(F)c1Br)c1sc(-c2ccc(N3CC[C@@H](F)C3)nc2)nc1F
460,"2,4,5,7-tetrabromo-9-(2-carboxyphenyl)-6-oxoxanthen-3-olate",O=C(O)c1ccccc1-c1c2cc(Br)c(=O)c(Br)c-2oc2c(Br)c([O-])c(Br)cc12,C20H7Br4O5,,54678399,level 3,0,0,13,0.0922,0,0,0.97977346,1,0.9829079,1,1,0,1,Industrial_chemical.csv;Norman_Personal care products.csv;Norman_Human metabolites.csv;Norman_Food contact chemicals.csv,0.82,1,Personal care products,O=C(O)c1ccccc1-c1c2cc(Br)c(=O)c(Br)c-2oc2c(Br)c([O-])c(Br)cc12
461,"[2,4-dibromo-6-[[2-(4-bromophenyl)-4-oxoquinazolin-3-yl]iminomethyl]phenyl] 2,4-dichlorobenzoate",O=C(Oc1c(Br)cc(Br)cc1C=Nn1c(-c2ccc(Br)cc2)nc2ccccc2c1=O)c1ccc(Cl)cc1Cl,C28H14Br3Cl2N3O3,,126150990,level 3,0,0,1,0.0071,0,1,0.97972995,1,0.97911674,1,1,0,1,Norman_Human metabolites.csv,0.3285714285714285,0,Transformation and metabolic products,O=C(Oc1c(Br)cc(Br)cc1C=Nn1c(-c2ccc(Br)cc2)nc2ccccc2c1=O)c1ccc(Cl)cc1Cl
462,"(2,4,6-triiodophenyl) 3,4-dibromo-2,2,3,4,4-pentafluorobutanoate",O=C(Oc1c(I)cc(I)cc1I)C(F)(F)C(F)(Br)C(F)(F)Br,C10H2Br2F5I3O2,,14533541,level 3,124,0.6392,42,0.2979,1,1,0.9932763,1,0.99304986,1,1,0,1,EPA_PFAS.csv,0.4705882352941176,0,Industry and consumer goods,O=C(Oc1c(I)cc(I)cc1I)C(F)(F)C(F)(Br)C(F)(F)Br
463,"(4E)-5-(4-chlorophenyl)-1-(6-fluoro-1,3-benzothiazol-2-yl)-4-[hydroxy(pyridin-3-yl)methylidene]pyrrolidine-2,3-dione",O=C1C(=O)N(c2nc3ccc(F)cc3s2)C(c2ccc(Cl)cc2)/C1=C(\O)c1cccnc1,C23H13ClFN3O3S,,58285902,level 3,0,0,138,0.9787,1,0,0.95923257,1,0.7528408,1,1,0,1,Norman_Plant protection products.csv,0.3283582089552239,0,Pesticides,O=C1C(=O)N(c2nc3ccc(F)cc3s2)C(c2ccc(Cl)cc2)/C1=C(\O)c1cccnc1
464,"8-benzyl-11-[(4-bromophenyl)methyl]-14-(furan-2-ylmethyl)-3,6,12,15-tetraoxo-2,7,10,13,16-pentazabicyclo[17.2.2]tricosa-1(21),19,22-triene-17-carboxylic acid",O=C1CCC(=O)NC(Cc2ccccc2)CNC(Cc2ccc(Br)cc2)C(=O)NC(Cc2ccco2)C(=O)NC(C(=O)O)Cc2ccc(cc2)N1,C38H40BrN5O7,,91458581,level 3,0,0,98,0.695,1,0,0.34213164,0,0.14730097,0,0,0,1,Norman_Pharmaceuticals.csv,0.3218390804597701,0,Pharmaceuticals,O=C1CCC(=O)NC(Cc2ccccc2)CNC(Cc2ccc(Br)cc2)C(=O)NC(Cc2ccco2)C(=O)NC(C(=O)O)Cc2ccc(cc2)N1
465,bis(2-chloroethyl)amino-[2-(4-bromophenyl)sulfonyloxyethyl-bis(2-chloroethyl)azaniumyl]phosphinate,O=P([O-])(N(CCCl)CCCl)[N+](CCCl)(CCCl)CCOS(=O)(=O)c1ccc(Br)cc1,C16H24BrCl4N2O5PS,,17949375,level 3,0,0,65,0.461,0,0,0.9594184,1,0.6868159,1,1,0,1,Industrial_chemical.csv;Norman_Human metabolites.csv,0.38,0,Industry and consumer goods,O=P([O-])(N(CCCl)CCCl)[N+](CCCl)(CCCl)CCOS(=O)(=O)c1ccc(Br)cc1
466,"17-(2-chloroethylsulfonyl)-6-oxidooxyperoxy-10-(trioxidanylsulfanyl)-12,14-dioxa-21-aza-1-azoniapentacyclo[11.8.0.02,11.03,8.015,20]henicosa-1(13),2,4,6,8,10,15(20),16,18-nonaene",O=S(=O)(CCCl)c1ccc2c(c1)Oc1oc3c(SOOO)cc4cc(OOO[O-])ccc4c3[n+]1N2,C19H13ClN2O11S2,,20621182,level 3,0,0,70,0.4965,0,0,0.0597354,0,0.96587384,1,1,0,1,Industrial_chemical.csv,0.2333333333333333,0,Industry and consumer goods,O=S(=O)(CCCl)c1ccc2c(c1)Oc1oc3c(SOOO)cc4cc(OOO[O-])ccc4c3[n+]1N2
467,"2,6-dibromo-4-[3,5-dibromo-4-(1,4-dibromobutoxy)phenyl]sulfonylphenol",O=S(=O)(c1cc(Br)c(O)c(Br)c1)c1cc(Br)c(OC(Br)CCCBr)c(Br)c1,C16H12Br6O4S,,4151132,level 3,193,0.9948,69,0.4894,1,1,0.99049383,1,0.9992222,1,1,0,1,Industrial_chemical.csv;Norman_Plastic additives.csv;Norman_Human metabolites.csv;Norman_Industrial chemicals.csv,0.5277777777777778,0,Industry and consumer goods,O=S(=O)(c1cc(Br)c(O)c(Br)c1)c1cc(Br)c(OC(Br)CCCBr)c(Br)c1
468,"2,6-dibromo-4-[3,5-dibromo-4-(2,3-dibromopropoxy)phenyl]sulfonylphenol",O=S(=O)(c1cc(Br)c(O)c(Br)c1)c1cc(Br)c(OCC(Br)CBr)c(Br)c1,C15H10Br6O4S,,4098537,level 3,1,0.0052,70,0.4965,0,1,0.98916686,1,0.99917275,1,1,0,1,Industrial_chemical.csv;Norman_Human metabolites.csv,0.8571428571428571,1,Industry and consumer goods,O=S(=O)(c1cc(Br)c(O)c(Br)c1)c1cc(Br)c(OCC(Br)CBr)c(Br)c1
469,"7,9-dibromo-2-(4-chlorophenyl)-5-(4-nitrophenyl)-5,10b-dihydro-1H-pyrazolo[1,5-c][1,3]benzoxazine",O=[N+]([O-])c1ccc(C2Oc3c(Br)cc(Br)cc3C3CC(c4ccc(Cl)cc4)=NN32)cc1,C22H14Br2ClN3O3,,137893675,level 3,0,0,48,0.3404,0,1,0.9804239,1,0.9985054,1,1,0,1,"Industrial_chemical.csv;Norman_Drinking water chemicals.csv;Norman_Human metabolites.csv;Norman_Persistent, mobile and toxic substances.csv",0.3214285714285714,0,Food and other consumption,O=[N+]([O-])c1ccc(C2Oc3c(Br)cc(Br)cc3C3CC(c4ccc(Cl)cc4)=NN32)cc1
470,"(2R,3R,4R)-4-[[5-[4-(azetidin-1-yl)phenyl]-6-chloro-1H-imidazo[4,5-b]pyridin-2-yl]oxy]-2-(hydroxymethyl)oxolan-3-ol",OC[C@H]1OC[C@@H](Oc2nc3nc(-c4ccc(N5CCC5)cc4)c(Cl)cc3[nH]2)[C@@H]1O,C20H21ClN4O4,,90060773,level 3,0,0,3,0.0213,0,0,2.657598e-06,0,0.02437468,0,0,0,1,Norman_Human metabolites.csv,0.2769230769230769,0,Transformation and metabolic products,OC[C@H]1OC[C@@H](Oc2nc3nc(-c4ccc(N5CCC5)cc4)c(Cl)cc3[nH]2)[C@@H]1O
471,"(3R,6S)-3-(2-chloro-4-fluorophenyl)-4-[1-(difluoromethyl)pyrazol-3-yl]-6-[(hydroxyamino)methyl]-1-(1,3-thiazol-2-yl)-5,7-dihydro-3H-pyrrolo[1,2-c]pyrimidin-6-ol",ONC[C@]1(O)CC2=C(c3ccn(C(F)F)n3)[C@H](c3ccc(F)cc3Cl)N=C(c3nccs3)N2C1,C21H18ClF3N6O2S,,155380484,level 3,0,0,31,0.2199,0,0,0.42609128,0,0.48775756,0,0,0,1,Norman_Human metabolites.csv,0.231578947368421,0,Transformation and metabolic products,ONC[C@]1(O)CC2=C(c3ccn(C(F)F)n3)[C@H](c3ccc(F)cc3Cl)N=C(c3nccs3)N2C1
3,[2-butyl-5-chloro-3-[[4-[2-(2H-tetrazol-5-yl)phenyl]phenyl]methyl]imidazol-4-yl]methanol,CCCCc1nc(Cl)c(CO)n1Cc1ccc(-c2ccccc2-c2nn[nH]n2)cc1,C22H23ClN6O,114798264,3961,level 1,1,0.0052,48,0.3404,0,0,6.622431e-07,0,0.7917503,1,1,0,0,"Norman_Pharmaceuticals.csv;Norman_Food contact chemicals.csv;Norman_Human metabolites.csv;Norman_Drinking water chemicals.csv;Norman_Persistent, mobile and toxic substances.csv",1,1,Pharmaceuticals,CCCCc1nc(Cl)c(CO)n1Cc1ccc(-c2ccccc2-c2nn[nH]n2)cc1
476,"N-[4-(3-chloropentan-3-yl)-6-morpholin-4-yl-1,3,5-triazin-2-yl]-N,N'-bis(1,2,2,6,6-pentamethylpiperidin-4-yl)-N'-pentan-3-ylhexane-1,6-diamine",CCC(CC)N(CCCCCCN(c1nc(N2CCOCC2)nc(C(Cl)(CC)CC)n1)C1CC(C)(C)N(C)C(C)(C)C1)C1CC(C)(C)N(C)C(C)(C)C1,C43H81ClN8O,,67990433,level 3,41,0.2113,33,0.234,0,1,0.03294978,0,0.20280184,0,1,0,1,Industrial_chemical.csv,0.4927536231884058,0,Industry and consumer goods,CCC(CC)N(CCCCCCN(c1nc(N2CCOCC2)nc(C(Cl)(CC)CC)n1)C1CC(C)(C)N(C)C(C)(C)C1)C1CC(C)(C)N(C)C(C)(C)C1
533,"[2-amino-6-[(2,4-dichlorophenyl)carbamothioylamino]-4-fluorophenyl] N-tert-butyl-N-(3-hydroxypropyl)carbamate",CC(C)(C)N(CCCO)C(=O)Oc1c(N)cc(F)cc1NC(=S)Nc1ccc(Cl)cc1Cl,C21H25Cl2FN4O3S,,90733854,level 3,23,0.1186,68,0.4823,0,0,0.9636614,1,0.84925663,1,1,0,1,Industrial_chemical.csv;Norman_Human metabolites.csv,0.3582089552238806,0,Industry and consumer goods,CC(C)(C)N(CCCO)C(=O)Oc1c(N)cc(F)cc1NC(=S)Nc1ccc(Cl)cc1Cl
