ID,IUPAC_Name,SMILES,Formula,CAS,CID,Identification_Confidence,Plasma_Detection_Number,Plasma_Detection_Rate,Seafood_Detection_Number,Seafood_Detection_Rate,PBT_Detection_Rate>0.5,PBT_QSAR,PBT_Prob_GAT,PBT_Pred_GAT,PBT_Prob_CNN2D,PBT_Pred_CNN2D,PBT_Label,First_PBT_Identification,First_Environmental_and_Human_Detection,Tanimoto_Match_Source,Max_Tanimoto_Similarity,Tanimoto_Match>0.6,Pollutant_Type,SMILES_clean
2,2-butyl-5-chloro-3-[[4-[2-(2H-tetrazol-5-yl)phenyl]phenyl]methyl]imidazole-4-carboxylic acid,CCCCc1nc(Cl)c(C(=O)O)n1Cc1ccc(-c2ccccc2-c2nn[nH]n2)cc1,C22H21ClN6O2,124750921,108185,level 1,1,0.0052,0,0,0,0,5.543155e-09,0,0.21203849,0,0,0,0,Norman_Human metabolites.csv,1,1,Transformation and metabolic products,CCCCc1nc(Cl)c(C(=O)O)n1Cc1ccc(-c2ccccc2-c2nn[nH]n2)cc1
3,[2-butyl-5-chloro-3-[[4-[2-(2H-tetrazol-5-yl)phenyl]phenyl]methyl]imidazol-4-yl]methanol,CCCCc1nc(Cl)c(CO)n1Cc1ccc(-c2ccccc2-c2nn[nH]n2)cc1,C22H23ClN6O,114798264,3961,level 1,1,0.0052,48,0.3404,0,0,6.622431e-07,0,0.7917503,1,1,0,0,"Norman_Pharmaceuticals.csv;Norman_Food contact chemicals.csv;Norman_Human metabolites.csv;Norman_Drinking water chemicals.csv;Norman_Persistent, mobile and toxic substances.csv",1,1,Pharmaceuticals,CCCCc1nc(Cl)c(CO)n1Cc1ccc(-c2ccccc2-c2nn[nH]n2)cc1
4,4-[4-[[4-chloro-3-(trifluoromethyl)phenyl]carbamoylamino]-3-fluorophenoxy]-N-methyl-1-oxidopyridin-1-ium-2-carboxamide,CNC(=O)c1cc(Oc2ccc(NC(=O)Nc3ccc(Cl)c(C(F)(F)F)c3)c(F)c2)cc[n+]1[O-],C21H15ClF4N4O4,835621119,53491674,level 1,2,0.0103,0,0,0,0,0.9766639,1,0.43088162,0,1,0,1,Norman_Pharmaceuticals.csv,0.6811594202898551,1,Pharmaceuticals,CNC(=O)c1cc(Oc2ccc(NC(=O)Nc3ccc(Cl)c(C(F)(F)F)c3)c(F)c2)cc[n+]1[O-]
5,4-[4-[[4-chloro-3-(trifluoromethyl)phenyl]carbamoylamino]-3-fluorophenoxy]-N-methylpyridine-2-carboxamide,CNC(=O)c1cc(Oc2ccc(NC(=O)Nc3ccc(Cl)c(C(F)(F)F)c3)c(F)c2)ccn1,C21H15ClF4N4O3,755037037,11167602,level 1,6,0.0309,0,0,0,1,0.9805138,1,0.71207845,1,1,0,0,Norman_Pharmaceuticals.csv,1,1,Pharmaceuticals,CNC(=O)c1cc(Oc2ccc(NC(=O)Nc3ccc(Cl)c(C(F)(F)F)c3)c(F)c2)ccn1
6,5-chloro-N-[2-[4-(cyclohexylcarbamoylsulfamoyl)phenyl]ethyl]-2-methoxybenzamide,COc1ccc(Cl)cc1C(=O)NCCc1ccc(S(=O)(=O)NC(=O)NC2CCCCC2)cc1,C23H28ClN3O5S,10238218,3488,level 1,1,0.0052,0,0,0,0,0.028791973,0,0.01810725,0,0,0,0,Norman_Pharmaceuticals.csv;Norman_Human metabolites.csv;Industrial_chemical.csv;Norman_Drinking water chemicals.csv;Norman_Human neurotoxins.csv,1,1,Pharmaceuticals,COc1ccc(Cl)cc1C(=O)NCCc1ccc(S(=O)(=O)NC(=O)NC2CCCCC2)cc1
7,"5-amino-1-[2,6-dichloro-4-(trifluoromethyl)phenyl]-4-(trifluoromethylsulfonyl)pyrazole-3-carbonitrile",N#Cc1nn(-c2c(Cl)cc(C(F)(F)F)cc2Cl)c(N)c1S(=O)(=O)C(F)(F)F,C12H4Cl2F6N4O2S,120068362,3078139,level 1,65,0.3351,0,0,0,1,0.039982043,0,0.13564932,0,1,0,0,Industrial_chemical.csv;Norman_Human metabolites.csv;Norman_Plant protection products.csv,1,1,Pesticides,N#Cc1nn(-c2c(Cl)cc(C(F)(F)F)cc2Cl)c(N)c1S(=O)(=O)C(F)(F)F
8,"2-(6-chloro-1,1,2,2,3,3,4,4,5,5,6,6-dodecafluorohexoxy)-1,1,2,2-tetrafluoroethanesulfonic acid",O=S(=O)(O)C(F)(F)C(F)(F)OC(F)(F)C(F)(F)C(F)(F)C(F)(F)C(F)(F)C(F)(F)Cl,C8HClF16O4S,73606196,22568738,level 1,194,1,0,0,1,0,0.99790955,1,0.99738944,1,1,0,0,EPA_PFAS.csv;Norman_Per- and polyfluoroalkyl substances.csv,1,1,Industry and consumer goods,O=S(=O)(O)C(F)(F)C(F)(F)OC(F)(F)C(F)(F)C(F)(F)C(F)(F)C(F)(F)C(F)(F)Cl
9,tris(1-chloropropan-2-yl) phosphate,CC(CCl)OP(=O)(OC(C)CCl)OC(C)CCl,C9H18Cl3O4P,98112324,26176,level 1,194,1,0,0,1,0,0.8844236,1,0.9481261,1,1,1,0,"Norman_Indoor environment substances.csv;Norman_Food contact chemicals.csv;Norman_Human metabolites.csv;Industrial_chemical.csv;Norman_Drinking water chemicals.csv;Norman_Persistent, mobile and toxic substances.csv;Norman_Plastic additives.csv",1,1,Industry and consumer goods,CC(CCl)OP(=O)(OC(C)CCl)OC(C)CCl
10,"[(8S,9R,10S,11S,13S,14S,16S,17R)-9-chloro-11-hydroxy-17-(2-hydroxyacetyl)-10,13,16-trimethyl-3-oxo-6,7,8,11,12,14,15,16-octahydrocyclopenta[a]phenanthren-17-yl] propanoate",CCC(=O)O[C@]1(C(=O)CO)[C@@H](C)C[C@H]2[C@@H]3CCC4=CC(=O)C=C[C@]4(C)[C@@]3(Cl)[C@@H](O)C[C@@]21C,C25H33ClO6,5534189,62965,level 1,24,0.1237,96,0.6809,1,0,0.22449528,0,0.0552291,0,0,0,0,Norman_Human metabolites.csv,1,1,Transformation and metabolic products,CCC(=O)O[C@]1(C(=O)CO)[C@@H](C)C[C@H]2[C@@H]3CCC4=CC(=O)C=C[C@]4(C)[C@@]3(Cl)[C@@H](O)C[C@@]21C
11,"ethyl 4-(13-chloro-4-azatricyclo[9.4.0.03,8]pentadeca-1(11),3(8),4,6,12,14-hexaen-2-ylidene)piperidine-1-carboxylate",CCOC(=O)N1CCC(=C2c3ccc(Cl)cc3CCc3cccnc32)CC1,C22H23ClN2O2,79794755,3957,level 1,4,0.0206,0,0,0,0,0.001473792,0,3.584341e-05,0,1,0,0,Norman_Pharmaceuticals.csv;Norman_Human metabolites.csv;Industrial_chemical.csv;Norman_Drinking water chemicals.csv;Norman_Human neurotoxins.csv,1,1,Pharmaceuticals,CCOC(=O)N1CCC(=C2c3ccc(Cl)cc3CCc3cccnc32)CC1
12,"4-[4-(4-chlorophenyl)-4-hydroxypiperidin-1-yl]-N,N-dimethyl-2,2-diphenylbutanamide",CN(C)C(=O)C(CCN1CCC(O)(c2ccc(Cl)cc2)CC1)(c1ccccc1)c1ccccc1,C29H33ClN2O2,53179116,3955,level 1,2,0.0103,0,0,0,0,0.96680796,1,0.23865005,0,1,0,0,"Norman_Pharmaceuticals.csv;Norman_Human metabolites.csv;Industrial_chemical.csv;Norman_Persistent, mobile and toxic substances.csv;Norman_Human neurotoxins.csv",1,1,Pharmaceuticals,CN(C)C(=O)C(CCN1CCC(O)(c2ccc(Cl)cc2)CC1)(c1ccccc1)c1ccccc1
13,"2-[4-[(Z)-4-chloro-1,2-diphenylbut-1-enyl]phenoxy]-N,N-dimethylethanamine",CN(C)CCOc1ccc(/C(=C(/CCCl)c2ccccc2)c2ccccc2)cc1,C26H28ClNO,89778267,3005573,level 1,14,0.0722,0,0,0,1,0.99140227,1,0.9843167,1,1,0,0,Industrial_chemical.csv;Norman_Human metabolites.csv;Norman_Pharmaceuticals.csv,1,1,Pharmaceuticals,CN(C)CCOc1ccc(/C(=C(/CCCl)c2ccccc2)c2ccccc2)cc1
14,"4-[(2-amino-3,5-dibromophenyl)methylamino]cyclohexan-1-ol",Nc1c(Br)cc(Br)cc1CNC1CCC(O)CC1,C13H18Br2N2O,18683915,2132,level 1,21,0.1082,0,0,0,0,0.60515,1,0.49477372,0,0,0,0,Industrial_chemical.csv;Norman_Drinking water chemicals.csv;Norman_Human metabolites.csv;Norman_Pharmaceuticals.csv,1,1,Pharmaceuticals,Nc1c(Br)cc(Br)cc1CNC1CCC(O)CC1
15,"2-[3-[4-(3-chlorophenyl)piperazin-1-yl]propyl]-[1,2,4]triazolo[4,3-a]pyridin-3-one",O=c1n(CCCN2CCN(c3cccc(Cl)c3)CC2)nc2ccccn12,C19H22ClN5O,19794935,5533,level 1,18,0.0928,0,0,0,0,7.5776966e-06,0,0.014106953,0,1,0,0,Norman_Pharmaceuticals.csv;Norman_Human metabolites.csv;Industrial_chemical.csv;Norman_Drinking water chemicals.csv;Norman_Human neurotoxins.csv,1,1,Pharmaceuticals,O=c1n(CCCN2CCN(c3cccc(Cl)c3)CC2)nc2ccccn12
16,4-[5-(4-chlorophenyl)-3-(trifluoromethyl)pyrazol-1-yl]benzenesulfonamide,NS(=O)(=O)c1ccc(-n2nc(C(F)(F)F)cc2-c2ccc(Cl)cc2)cc1,C16H11ClF3N3O2S,170569865,9865808,level 1,6,0.0309,0,0,0,0,0.63442063,1,0.69370437,1,0,0,0,Norman_Pharmaceuticals.csv,1,1,Pharmaceuticals,NS(=O)(=O)c1ccc(-n2nc(C(F)(F)F)cc2-c2ccc(Cl)cc2)cc1
17,"3-O-ethyl 5-O-methyl 2-(2-aminoethoxymethyl)-4-(2-chlorophenyl)-6-methyl-1,4-dihydropyridine-3,5-dicarboxylate",CCOC(=O)C1=C(COCCN)NC(C)=C(C(=O)OC)C1c1ccccc1Cl,C20H25ClN2O5,88150429,2162,level 1,37,0.1907,0,0,0,0,0.004082318,0,5.3438774e-33,0,1,0,0,Industrial_chemical.csv;Norman_Drinking water chemicals.csv;Norman_Human neurotoxins.csv;Norman_Pharmaceuticals.csv,1,1,Pharmaceuticals,CCOC(=O)C1=C(COCCN)NC(C)=C(C(=O)OC)C1c1ccccc1Cl
18,"6-amino-5-[(1R)-1-(2,6-dichloro-3-fluorophenyl)ethoxy]-N-[4-[(3R,5S)-3,5-dimethylpiperazine-1-carbonyl]phenyl]pyridazine-3-carboxamide",C[C@@H]1CN(C(=O)c2ccc(NC(=O)c3cc(O[C@H](C)c4c(Cl)ccc(F)c4Cl)c(N)nn3)cc2)C[C@H](C)N1,C26H27Cl2FN6O3,1370651209,56960363,level 1,1,0.0052,0,0,0,0,0.1004462,0,0.047791194,0,0,0,1,Norman_Pharmaceuticals.csv,0.7671232876712328,1,Pharmaceuticals,C[C@@H]1CN(C(=O)c2ccc(NC(=O)c3cc(O[C@H](C)c4c(Cl)ccc(F)c4Cl)c(N)nn3)cc2)C[C@H](C)N1
19,"1-(2,6-dichlorophenyl)-3H-indol-2-one",O=C1Cc2ccccc2N1c1c(Cl)cccc1Cl,C14H9Cl2NO,15362400,27211,level 1,2,0.0103,0,0,0,0,0.9424662,1,0.9235029,1,1,0,0,Industrial_chemical.csv;Norman_Human metabolites.csv,1,1,Industry and consumer goods,O=C1Cc2ccccc2N1c1c(Cl)cccc1Cl
24,ethyl 2-(benzenesulfonylmethyl)-6-bromo-4-[(dimethylamino)methyl]-5-hydroxy-1-methylindole-3-carboxylate,CCOC(=O)c1c(CS(=O)(=O)c2ccccc2)n(C)c2cc(Br)c(O)c(CN(C)C)c12,C22H25BrN2O5S,,1283486,level 2a,1,0.0052,0,0,0,0,0.5261892,1,0.9223155,1,1,0,1,Industrial_chemical.csv;Norman_Human metabolites.csv;Norman_Pharmaceuticals.csv,0.734375,1,Pharmaceuticals,CCOC(=O)c1c(CS(=O)(=O)c2ccccc2)n(C)c2cc(Br)c(O)c(CN(C)C)c12
25,3-[4-[(2-chlorophenyl)methoxy]-3-ethoxyphenyl]-1-phenylprop-2-en-1-one,CCOc1cc(C=CC(=O)c2ccccc2)ccc1OCc1ccccc1Cl,C24H21ClO3,,2888148,level 2a,1,0.0052,0,0,0,1,0.9221066,1,0.5332384,1,1,0,1,Norman_Human metabolites.csv,0.4509803921568627,0,Transformation and metabolic products,CCOc1cc(C=CC(=O)c2ccccc2)ccc1OCc1ccccc1Cl
26,3-[[3-[(E)-2-(7-chloroquinolin-2-yl)ethenyl]phenyl]-[3-(dimethylamino)-3-oxopropyl]sulfanylmethyl]sulfanylpropanoic acid,CN(C)C(=O)CCSC(SCCC(=O)O)c1cccc(/C=C/c2ccc3ccc(Cl)cc3n2)c1,C26H27ClN2O3S2,115104284,5281888,level 2a,39,0.201,0,0,0,0,0.5934397,1,0.583712,1,1,0,0,Norman_Human metabolites.csv,1,1,Transformation and metabolic products,CN(C)C(=O)CCSC(SCCC(=O)O)c1cccc(/C=C/c2ccc3ccc(Cl)cc3n2)c1
27,"2-[4-[(E)-4-chloro-1,2-diphenylbut-1-enyl]phenoxy]-N,N-dimethylethanamine;2-hydroxypropane-1,2,3-tricarboxylic acid",CN(C)CCOc1ccc(/C(=C(\CCCl)c2ccccc2)c2ccccc2)cc1,C32H36ClNO8,,6536897,level 2a,1,0.0052,0,0,0,1,0.99140227,1,0.9843167,1,0,0,0,Industrial_chemical.csv;Norman_Human metabolites.csv;Norman_Pharmaceuticals.csv,1,1,Pharmaceuticals,CN(C)CCOc1ccc(/C(=C(\CCCl)c2ccccc2)c2ccccc2)cc1
28,"[6-(5-chloro-2-pyridinyl)-5-oxo-7H-pyrrolo[3,4-b]pyrazin-7-yl] 4-methylpiperazine-1-carboxylate",CN1CCN(C(=O)OC2c3nccnc3C(=O)N2c2ccc(Cl)cn2)CC1,C17H17ClN6O3,43200802,5735,level 2a,159,0.8196,0,0,1,0,1.1749638e-06,0,0.00432923,0,0,0,0,Norman_Drugs of abuse.csv;Norman_Pharmaceuticals.csv;Norman_Natural toxins.csv;Norman_Human metabolites.csv;Industrial_chemical.csv;Norman_Human neurotoxins.csv,1,1,Pharmaceuticals,CN1CCN(C(=O)OC2c3nccnc3C(=O)N2c2ccc(Cl)cn2)CC1
29,NAN,Nc1nc2ncc(CNc3ccc(C(=O)N[C@@H](CCC(=O)Nc4cc(Cl)ccc4OC(F)(F)F)C(=O)NC4CCCC4)cc3)nc2c(=O)[nH]1,C31H31ClF3N9O5,,,level 2a,174,0.8969,0,0,1,0,0.075525425,0,1.05434e-05,0,1,0,1,Industrial_chemical.csv,0.5425531914893617,0,Industry and consumer goods,Nc1nc2ncc(CNc3ccc(C(=O)N[C@@H](CCC(=O)Nc4cc(Cl)ccc4OC(F)(F)F)C(=O)NC4CCCC4)cc3)nc2c(=O)[nH]1
53,"(8E)-22-(4-chloro-2-propylcyclohexa-1,5-dien-1-yl)-11,12-dimethyl-7-[(4-propan-2-yl-1,4-diazepan-1-yl)methyl]-20-oxa-13-thia-1,14-diazatetracyclo[14.7.2.03,6.019,24]pentacosa-8,16(25),17,19(24)-tetraen-15-one",CCCC1=C(C2COc3ccc4cc3N(C2)CC2CCC2C(CN2CCCN(C(C)C)CC2)/C=C/CC(C)C(C)SNC4=O)C=CC(Cl)C1,C41H61ClN4O2S,,169570046,level 2b,20,0.1031,32,0.227,0,1,0.9877501,1,0.8315704,1,1,0,1,Industrial_chemical.csv,0.208955223880597,0,Industry and consumer goods,CCCC1=C(C2COc3ccc4cc3N(C2)CC2CCC2C(CN2CCCN(C(C)C)CC2)/C=C/CC(C)C(C)SNC4=O)C=CC(Cl)C1
103,"methyl (1S,3R,4S)-3-[(12R,17R,18S,19R)-19-carbamoyloxy-18-chloro-13,14,17-trihydroxy-6,12-dimethyl-15-oxotricosanoyl]oxy-4-hydroxycyclohexane-1-carboxylate",CCCC[C@@H](OC(N)=O)[C@@H](Cl)[C@H](O)CC(=O)C(O)C(O)[C@H](C)CCCCCC(C)CCCCC(=O)O[C@@H]1C[C@@H](C(=O)OC)CC[C@@H]1O,C34H60ClNO11,,11093703,level 2b,44,0.2268,23,0.1631,0,0,4.0570844e-06,0,0.010835674,0,0,0,1,Industrial_chemical.csv;Norman_Human metabolites.csv,0.3375,0,Industry and consumer goods,CCCC[C@@H](OC(N)=O)[C@@H](Cl)[C@H](O)CC(=O)C(O)C(O)[C@H](C)CCCCCC(C)CCCCC(=O)O[C@@H]1C[C@@H](C(=O)OC)CC[C@@H]1O
138,"4-chloro-N-[(5Z)-5-[(3-ethoxy-4-hydroxy-5-iodophenyl)methylidene]-4-oxo-1,3-thiazolidin-2-ylidene]benzamide",CCOc1cc(/C=C2\SC(=NC(=O)c3ccc(Cl)cc3)NC2=O)cc(I)c1O,C19H14ClIN2O4S,,137131212,level 2b,16,0.0825,0,0,0,0,0.46189016,0,0.76713693,1,1,0,1,Industrial_chemical.csv;Norman_Human metabolites.csv,0.3174603174603174,0,Industry and consumer goods,CCOc1cc(/C=C2\SC(=NC(=O)c3ccc(Cl)cc3)NC2=O)cc(I)c1O
139,methyl 2-[4-[(Z)-[(5-bromo-7-iodo-1-benzofuran-2-carbonyl)hydrazinylidene]methyl]-2-chloro-6-methoxyphenoxy]acetate,COC(=O)COc1c(Cl)cc(/C=N\NC(=O)c2cc3cc(Br)cc(I)c3o2)cc1OC,C20H15BrClIN2O6,,126020150,level 2b,7,0.0361,0,0,0,0,0.8130845,1,0.8983759,1,1,0,1,Norman_Human metabolites.csv,0.3116883116883117,0,Transformation and metabolic products,COC(=O)COc1c(Cl)cc(/C=N\NC(=O)c2cc3cc(Br)cc(I)c3o2)cc1OC
140,"6-bromo-2-(5,7-dibromo-3-hydroxy-6-methoxy-1H-indol-2-yl)indol-3-one",COc1c(Br)cc2c(O)c(C3=Nc4cc(Br)ccc4C3=O)[nH]c2c1Br,C17H9Br3N2O3,,162844256,level 2b,2,0.0103,0,0,0,1,0.9347617,1,0.9068892,1,1,0,1,Industrial_chemical.csv;Norman_Drinking water chemicals.csv;Norman_Human metabolites.csv,0.3191489361702128,0,Food and other consumption,COc1c(Br)cc2c(O)c(C3=Nc4cc(Br)ccc4C3=O)[nH]c2c1Br
141,"N-[4-chloro-5-[(4-chlorophenyl)-cyanomethyl]-2-methylphenyl]-2-hydroxy-3,5-diiodobenzamide",Cc1cc(Cl)c(C(C#N)c2ccc(Cl)cc2)cc1NC(=O)c1cc(I)cc(I)c1O,C22H14Cl2I2N2O2,,156634555,level 2b,35,0.1804,0,0,0,1,0.6620836,1,0.88503003,1,1,0,1,Industrial_chemical.csv;Norman_Human metabolites.csv;Norman_Human neurotoxins.csv,0.9245283018867924,1,Industry and consumer goods,Cc1cc(Cl)c(C(C#N)c2ccc(Cl)cc2)cc1NC(=O)c1cc(I)cc(I)c1O
142,"N-[4-chloro-3-(2,2,2-trifluoroethylcarbamoyl)phenyl]-3-(difluoromethoxy)-4-iodo-1-methylpyrazole-5-carboxamide",Cn1nc(OC(F)F)c(I)c1C(=O)Nc1ccc(Cl)c(C(=O)NCC(F)(F)F)c1,C15H11ClF5IN4O3,,86660086,level 2b,12,0.0619,0,0,0,1,0.4254232,0,0.13796082,0,1,0,1,Industrial_chemical.csv;Norman_Drinking water chemicals.csv;Norman_Human metabolites.csv;Norman_Plant protection products.csv,0.3333333333333333,0,Pesticides,Cn1nc(OC(F)F)c(I)c1C(=O)Nc1ccc(Cl)c(C(=O)NCC(F)(F)F)c1
143,"[(Z)-[amino-(2,4-dichlorophenyl)methylidene]amino] 1-[(4-bromo-2-chlorophenoxy)methyl]pyrazole-3-carboxylate",N/C(=N\OC(=O)c1ccn(COc2ccc(Br)cc2Cl)n1)c1ccc(Cl)cc1Cl,C18H12BrCl3N4O3,,19293803,level 2b,172,0.8866,0,0,1,1,0.96195745,1,0.9799899,1,1,0,1,Industrial_chemical.csv;Norman_Human metabolites.csv,0.3833333333333333,0,Industry and consumer goods,N/C(=N\OC(=O)c1ccn(COc2ccc(Br)cc2Cl)n1)c1ccc(Cl)cc1Cl
144,"2-[5-bromo-4-[4-(trifluoromethoxy)phenyl]-1,3-oxazol-2-yl]-4-(3-carbamoyl-2,4-difluorophenoxy)butanoic acid",NC(=O)c1c(F)ccc(OCCC(C(=O)O)c2nc(-c3ccc(OC(F)(F)F)cc3)c(Br)o2)c1F,C21H14BrF5N2O6,,130301499,level 2b,12,0.0619,0,0,0,0,0.007794497,0,0.7811414,1,1,0,1,EPA_PFAS.csv,0.2898550724637681,0,Industry and consumer goods,NC(=O)c1c(F)ccc(OCCC(C(=O)O)c2nc(-c3ccc(OC(F)(F)F)cc3)c(Br)o2)c1F
145,"N-[2,6-dibromo-4-(1,1,1,2,3,3-hexafluoropropan-2-yl)phenyl]-2-fluoro-3-nitrobenzamide",O=C(Nc1c(Br)cc(C(F)(C(F)F)C(F)(F)F)cc1Br)c1cccc([N+](=O)[O-])c1F,C16H7Br2F7N2O3,,175277730,level 2b,1,0.0052,0,0,0,0,0.9685425,1,0.9398735,1,1,0,1,EPA_PFAS.csv,0.7692307692307693,1,Industry and consumer goods,O=C(Nc1c(Br)cc(C(F)(C(F)F)C(F)(F)F)cc1Br)c1cccc([N+](=O)[O-])c1F
146,5-bromo-N-(2-chloro-5-iodophenyl)-2-iodobenzamide,O=C(Nc1cc(I)ccc1Cl)c1cc(Br)ccc1I,C13H7BrClI2NO,,114258803,level 2b,49,0.2526,0,0,0,1,0.94650847,1,0.9963202,1,1,0,1,Industrial_chemical.csv,0.4615384615384615,0,Industry and consumer goods,O=C(Nc1cc(I)ccc1Cl)c1cc(Br)ccc1I
147,"[2-(3,5-dichloroanilino)-2-oxo-1-phenylethyl] 3-iodobenzoate",O=C(OC(C(=O)Nc1cc(Cl)cc(Cl)c1)c1ccccc1)c1cccc(I)c1,C21H14Cl2INO3,,24106420,level 2b,47,0.2423,0,0,0,1,0.95046395,1,0.99043006,1,1,0,1,Industrial_chemical.csv;Norman_Human metabolites.csv,0.4468085106382978,0,Industry and consumer goods,O=C(OC(C(=O)Nc1cc(Cl)cc(Cl)c1)c1ccccc1)c1cccc(I)c1
148,"[4,9,10-trichloro-6-(2-hydroxybenzoyl)-13-oxo-2-oxa-7,11-diazatetracyclo[12.4.0.03,7.08,12]octadeca-1(14),3,5,8(12),9,15,17-heptaen-17-yl] trifluoromethanesulfonate",O=C1c2ccc(OS(=O)(=O)C(F)(F)F)cc2Oc2c(Cl)cc(C(=O)c3ccccc3O)n2-c2c1[nH]c(Cl)c2Cl,C23H10Cl3F3N2O7S,,127050689,level 2b,1,0.0052,0,0,0,1,0.9440782,1,0.48096722,0,1,0,1,Norman_Human metabolites.csv;EPA_PFAS.csv,0.2857142857142857,0,Industry and consumer goods,O=C1c2ccc(OS(=O)(=O)C(F)(F)F)cc2Oc2c(Cl)cc(C(=O)c3ccccc3O)n2-c2c1[nH]c(Cl)c2Cl
149,"[(2R,3S,5S,6S,16E,18E,20R,21S)-11-chloro-21-hydroxy-2,5,9,12,16,20-hexamethyl-8,23-dioxo-4,24-dioxa-9,22-diazatetracyclo[19.3.1.110,14.03,5]hexacosa-10,12,14(26),16,18-pentaen-6-yl] (2S)-2-[methyl(4-sulfanylbutanoyl)amino]propanoate",C/C1=C\C=C\[C@@H](C)[C@@]2(O)CC(OC(=O)N2)[C@@H](C)[C@@H]2O[C@@]2(C)[C@@H](OC(=O)[C@H](C)N(C)C(=O)CCCS)CC(=O)N(C)c2cc(cc(C)c2Cl)C1,C36H50ClN3O8S,,160509500,level 2b,1,0.0052,0,0,0,0,0.80266505,1,0.070346504,0,1,0,1,Industrial_chemical.csv,0.79,1,Industry and consumer goods,C/C1=C\C=C\[C@@H](C)[C@@]2(O)CC(OC(=O)N2)[C@@H](C)[C@@H]2O[C@@]2(C)[C@@H](OC(=O)[C@H](C)N(C)C(=O)CCCS)CC(=O)N(C)c2cc(cc(C)c2Cl)C1
150,"(Z)-1-[(2R,3R)-4-acetyl-3-[3-chloro-5-(2-methylpyrimidin-5-yl)phenyl]-2-methyl-2,3-dihydropyrazin-1-yl]-3-chloroprop-2-en-1-one",CC(=O)N1C=CN(C(=O)/C=C\Cl)[C@H](C)[C@H]1c1cc(Cl)cc(-c2cnc(C)nc2)c1,C21H20Cl2N4O2,,176677006,level 2b,1,0.0052,0,0,0,0,0.924088,1,0.86358166,1,1,0,1,Norman_Human metabolites.csv;Norman_Pharmaceuticals.csv,0.25,0,Pharmaceuticals,CC(=O)N1C=CN(C(=O)/C=C\Cl)[C@H](C)[C@H]1c1cc(Cl)cc(-c2cnc(C)nc2)c1
151,"3-[[4-chloro-5-[[2-chloro-3-[2-chloro-3-[3-[(3R)-3-hydroxypyrrolidin-1-yl]propoxy]phenyl]phenyl]methoxy]-2-[[(1,3-dihydroxy-2-methylpropan-2-yl)amino]methyl]phenoxy]methyl]-4-fluorobenzonitrile",CC(CO)(CO)NCc1cc(Cl)c(OCc2cccc(-c3cccc(OCCCN4CC[C@@H](O)C4)c3Cl)c2Cl)cc1OCc1cc(C#N)ccc1F,C39H41Cl3FN3O6,,129020007,level 2b,11,0.0567,0,0,0,1,0.38433906,0,0.22312216,0,1,0,1,Industrial_chemical.csv;Norman_Human metabolites.csv;Norman_Human neurotoxins.csv;Norman_Pharmaceuticals.csv,0.3061224489795918,0,Pharmaceuticals,CC(CO)(CO)NCc1cc(Cl)c(OCc2cccc(-c3cccc(OCCCN4CC[C@@H](O)C4)c3Cl)c2Cl)cc1OCc1cc(C#N)ccc1F
152,"3-[2-chloro-3,3-difluoro-3-(2,2,2-trifluoroethoxy)prop-1-enyl]-1-[cyano-(3-pyridin-2-yloxyphenyl)methyl]-2,2-dimethylcyclopropane-1-carboxylate",CC1(C)C(C=C(Cl)C(F)(F)OCC(F)(F)F)C1(C(=O)[O-])C(C#N)c1cccc(Oc2ccccn2)c1,C24H19ClF5N2O4,,154480528,level 2b,11,0.0567,0,0,0,1,0.23877434,0,0.26433966,0,1,0,1,Norman_Indoor environment substances.csv;Norman_Biocides.csv;Norman_Human metabolites.csv;Industrial_chemical.csv;Norman_Drinking water chemicals.csv;Norman_Human neurotoxins.csv;Norman_Plant protection products.csv,0.3863636363636363,0,Pesticides,CC1(C)C(C=C(Cl)C(F)(F)OCC(F)(F)F)C1(C(=O)[O-])C(C#N)c1cccc(Oc2ccccn2)c1
153,"(3S)-3-[5-[(3-chloro-5-fluoro-1,7-naphthyridin-8-yl)amino]-2-fluorophenyl]-3-(fluoromethyl)-1,1-dihydroxy-6,6-dimethyl-2H-1,4-thiazin-5-amine",CC1(C)C(N)=N[C@](CF)(c2cc(Nc3ncc(F)c4cc(Cl)cnc34)ccc2F)CS1(O)O,C21H21ClF3N5O2S,,117870544,level 2b,2,0.0103,0,0,0,1,0.7840511,1,0.006462182,0,1,0,1,Norman_Pharmaceuticals.csv,0.3068181818181818,0,Pharmaceuticals,CC1(C)C(N)=N[C@](CF)(c2cc(Nc3ncc(F)c4cc(Cl)cnc34)ccc2F)CS1(O)O
154,methyl 2-[3-amino-5-chloro-3-(2-chlorophenyl)-1-[4-(diethylcarbamoylamino)phenyl]sulfonyl-2-oxoindol-4-yl]-6-[(2-methylpropan-2-yl)oxycarbonylamino]hexanoate,CCN(CC)C(=O)Nc1ccc(S(=O)(=O)N2C(=O)C(N)(c3ccccc3Cl)c3c2ccc(Cl)c3C(CCCCNC(=O)OC(C)(C)C)C(=O)OC)cc1,C37H45Cl2N5O8S,,67633993,level 2b,41,0.2113,0,0,0,1,0.94831526,1,0.41851306,0,0,0,1,Industrial_chemical.csv,0.3333333333333333,0,Industry and consumer goods,CCN(CC)C(=O)Nc1ccc(S(=O)(=O)N2C(=O)C(N)(c3ccccc3Cl)c3c2ccc(Cl)c3C(CCCCNC(=O)OC(C)(C)C)C(=O)OC)cc1
155,6-(carboxymethoxymethyl)-4-(2-chlorophenyl)-5-ethoxycarbonyl-2-(hydroxymethyl)pyridine-3-carboxylic acid,CCOC(=O)c1c(COCC(=O)O)nc(CO)c(C(=O)O)c1-c1ccccc1Cl,C19H18ClNO8,113994471,14271901,level 2b,42,0.2165,0,0,0,0,6.0609087e-05,0,5.725373e-05,0,1,0,1,Norman_Natural toxins.csv;Norman_Human metabolites.csv,0.4603174603174603,0,Transformation and metabolic products,CCOC(=O)c1c(COCC(=O)O)nc(CO)c(C(=O)O)c1-c1ccccc1Cl
156,3-[7-[(2-chloro-6-fluorophenyl)methoxy]-2-oxochromen-4-yl]-8-ethoxychromen-2-one,CCOc1cccc2cc(-c3cc(=O)oc4cc(OCc5c(F)cccc5Cl)ccc34)c(=O)oc12,C27H18ClFO6,,93753258,level 2b,36,0.1856,0,0,0,0,0.9863788,1,0.97874784,1,1,0,1,Norman_Natural toxins.csv;Norman_Human metabolites.csv,0.4090909090909091,0,Transformation and metabolic products,CCOc1cccc2cc(-c3cc(=O)oc4cc(OCc5c(F)cccc5Cl)ccc34)c(=O)oc12
157,"benzyl N-[2-[[[4-chloro-5-[2-(difluoromethoxy)-4-(3,3,3-trifluoro-2,2-dimethylpropyl)phenyl]-1-ethylpyrazole-3-carbonyl]amino]methyl]-5-methylsulfonylpiperidin-1-yl]carbamate",CCn1nc(C(=O)NCC2CCC(S(C)(=O)=O)CN2NC(=O)OCc2ccccc2)c(Cl)c1-c1ccc(CC(C)(C)C(F)(F)F)cc1OC(F)F,C33H39ClF5N5O6S,,175097796,level 2b,1,0.0052,0,0,0,1,0.79479563,1,0.5801875,1,0,0,1,EPA_PFAS.csv,0.2959183673469387,0,Industry and consumer goods,CCn1nc(C(=O)NCC2CCC(S(C)(=O)=O)CN2NC(=O)OCc2ccccc2)c(Cl)c1-c1ccc(CC(C)(C)C(F)(F)F)cc1OC(F)F
158,"N-(3-chloro-4-fluorophenyl)-2-methyl-1-oxo-5-[4-[1-(trifluoromethyl)pyrazol-4-yl]thiophen-2-yl]-1,2,6-thiadiazinane-3-carboxamide",CN1C(C(=O)Nc2ccc(F)c(Cl)c2)CC(c2cc(-c3cnn(C(F)(F)F)c3)cs2)NS1=O,C19H16ClF4N5O2S2,,142419998,level 2b,32,0.1649,0,0,0,0,0.018141342,0,0.03784369,0,1,0,1,Norman_Human metabolites.csv,0.323943661971831,0,Transformation and metabolic products,CN1C(C(=O)Nc2ccc(F)c(Cl)c2)CC(c2cc(-c3cnn(C(F)(F)F)c3)cs2)NS1=O
159,"methyl (2E)-2-[2-[[3,8-dichloro-4-(3,4-dichloro-1,2-thiazol-5-yl)-2-oxochromen-7-yl]oxymethyl]phenyl]-2-methoxyiminoacetate",CO/N=C(/C(=O)OC)c1ccccc1COc1ccc2c(-c3snc(Cl)c3Cl)c(Cl)c(=O)oc2c1Cl,C23H14Cl4N2O6S,,155819157,level 2b,87,0.4485,0,0,0,1,0.99282014,1,0.99567723,1,1,0,1,"Norman_Human metabolites.csv;Industrial_chemical.csv;Norman_Drinking water chemicals.csv;Norman_Persistent, mobile and toxic substances.csv;Norman_Plant protection products.csv",0.4788732394366197,0,Pesticides,CO/N=C(/C(=O)OC)c1ccccc1COc1ccc2c(-c3snc(Cl)c3Cl)c(Cl)c(=O)oc2c1Cl
160,"methyl 5-[2-chloro-5-(3,4-dihydro-2H-quinolin-1-ylmethyl)phenyl]-4,6-dioxo-7H-thieno[3,4-c]pyridine-3-carboxylate",COC(=O)c1scc2c1C(=O)N(c1cc(CN3CCCc4ccccc43)ccc1Cl)C(=O)C2,C25H21ClN2O4S,,165023102,level 2b,1,0.0052,0,0,0,0,0.96959776,1,0.91065776,1,0,0,1,Industrial_chemical.csv,0.3380281690140845,0,Industry and consumer goods,COC(=O)c1scc2c1C(=O)N(c1cc(CN3CCCc4ccccc43)ccc1Cl)C(=O)C2
161,1-[(5-bromo-7-iodo-1-benzofuran-2-carbonyl)amino]-3-(2-methoxyethyl)thiourea,COCCNC(=S)NNC(=O)c1cc2cc(Br)cc(I)c2o1,C13H13BrIN3O3S,,125597814,level 2b,126,0.6495,0,0,1,0,0.002887277,0,0.3571837,0,1,0,1,Norman_Human metabolites.csv,0.3793103448275862,0,Transformation and metabolic products,COCCNC(=S)NNC(=O)c1cc2cc(Br)cc(I)c2o1
162,"(2R,4S)-6-bromo-7-methoxy-2-(4-methoxy-3-phenylmethoxyphenyl)-4-phenyl-3,4-dihydro-2H-chromene",COc1cc2c(cc1Br)[C@H](c1ccccc1)C[C@H](c1ccc(OC)c(OCc3ccccc3)c1)O2,C30H27BrO4,,42645225,level 2b,3,0.0155,0,0,0,1,0.99351007,1,0.96758896,1,0,0,1,Norman_Human metabolites.csv,0.4727272727272727,0,Transformation and metabolic products,COc1cc2c(cc1Br)[C@H](c1ccccc1)C[C@H](c1ccc(OC)c(OCc3ccccc3)c1)O2
163,"3-[[(2S)-1-[[(16E,18E)-11-chloro-21-hydroxy-12,20-dimethoxy-2,5,9,16-tetramethyl-8,23-dioxo-4,24-dioxa-9,22-diazatetracyclo[19.3.1.110,14.03,5]hexacosa-10,12,14(26),16,18-pentaen-6-yl]oxy]-1-oxopropan-2-yl]-methylamino]-3-oxopropane-1-sulfonic acid",COc1cc2cc(c1Cl)N(C)C(=O)CC(OC(=O)[C@H](C)N(C)C(=O)CCS(=O)(=O)O)C1(C)OC1C(C)C1CC(O)(NC(=O)O1)C(OC)/C=C/C=C(\C)C2,C35H48ClN3O13S,,89946122,level 2b,2,0.0103,0,0,0,0,0.040200505,0,6.3003245e-05,0,0,0,1,Industrial_chemical.csv,0.875,1,Industry and consumer goods,COc1cc2cc(c1Cl)N(C)C(=O)CC(OC(=O)[C@H](C)N(C)C(=O)CCS(=O)(=O)O)C1(C)OC1C(C)C1CC(O)(NC(=O)O1)C(OC)/C=C/C=C(\C)C2
164,"2-[[5-(3-chloro-4-methoxyphenyl)sulfonyl-4-oxo-1,3-diazinan-2-yl]sulfanyl]-N-(4-fluorophenyl)acetamide",COc1ccc(S(=O)(=O)C2CNC(SCC(=O)Nc3ccc(F)cc3)NC2=O)cc1Cl,C19H19ClFN3O5S2,,73452917,level 2b,2,0.0103,0,0,0,0,0.000177928,0,0.16130175,0,0,0,1,Norman_Human metabolites.csv,0.35,0,Transformation and metabolic products,COc1ccc(S(=O)(=O)C2CNC(SCC(=O)Nc3ccc(F)cc3)NC2=O)cc1Cl
165,"2-[amino-[(Z)-[amino-[2-[4-(3-chloro-4-methylphenyl)piperazin-1-yl]-1,3-thiazol-5-yl]methylidene]amino]amino]acetic acid",Cc1ccc(N2CCN(c3ncc(/C(N)=N/N(N)CC(=O)O)s3)CC2)cc1Cl,C17H22ClN7O2S,,144041358,level 2b,1,0.0052,0,0,0,0,4.4089475e-06,0,0.4070481,0,1,0,1,Industrial_chemical.csv,0.3382352941176471,0,Industry and consumer goods,Cc1ccc(N2CCN(c3ncc(/C(N)=N/N(N)CC(=O)O)s3)CC2)cc1Cl
166,"6-[2-chloro-4-(3-methylpyrazin-2-yl)phenyl]-2-methylsulfinyl-8-(pyridin-3-ylmethyl)pyrido[2,3-d]pyrimidin-7-one",Cc1nccnc1-c1ccc(-c2cc3cnc(S(C)=O)nc3n(Cc3cccnc3)c2=O)c(Cl)c1,C25H19ClN6O2S,,89551457,level 2b,72,0.3711,122,0.8652,1,1,0.26146975,0,0.016987473,0,1,0,1,Industrial_chemical.csv,0.3037974683544304,0,Industry and consumer goods,Cc1nccnc1-c1ccc(-c2cc3cnc(S(C)=O)nc3n(Cc3cccnc3)c2=O)c(Cl)c1
167,3-[2-[3-[2-chloro-4-[(hydrazinylsulfanylamino)methyl]phenyl]phenyl]-5-fluoro-1H-indol-3-yl]thiophene-2-carbonitrile,N#Cc1sccc1-c1c(-c2cccc(-c3ccc(CNSNN)cc3Cl)c2)[nH]c2ccc(F)cc12,C26H19ClFN5S2,,169889539,level 2b,1,0.0052,0,0,0,1,0.0484214,0,0.4505268,0,1,0,1,Industrial_chemical.csv;Norman_Drinking water chemicals.csv;Norman_Human metabolites.csv,0.2368421052631578,0,Food and other consumption,N#Cc1sccc1-c1c(-c2cccc(-c3ccc(CNSNN)cc3Cl)c2)[nH]c2ccc(F)cc12
168,"4-[[4-[(E)-[[2-(2,4-dichlorophenoxy)acetyl]hydrazinylidene]methyl]-2,6-diiodophenoxy]methyl]benzoic acid",O=C(COc1ccc(Cl)cc1Cl)N/N=C/c1cc(I)c(OCc2ccc(C(=O)O)cc2)c(I)c1,C23H16Cl2I2N2O5,,126003284,level 2b,71,0.366,0,0,0,1,0.8198091,1,0.99551314,1,0,0,1,Industrial_chemical.csv;Norman_Drinking water chemicals.csv;Norman_Human neurotoxins.csv;Norman_Plant protection products.csv,0.4067796610169492,0,Pesticides,O=C(COc1ccc(Cl)cc1Cl)N/N=C/c1cc(I)c(OCc2ccc(C(=O)O)cc2)c(I)c1
169,"(2S,3S,4S,5R,6S)-6-[2-[2,6-dichloro-3-(hydroxymethyl)anilino]benzoyl]oxy-3,4,5-trihydroxyoxane-2-carboxylic acid",O=C(O[C@@H]1O[C@H](C(=O)O)[C@@H](O)[C@H](O)[C@H]1O)c1ccccc1Nc1c(Cl)ccc(CO)c1Cl,C20H19Cl2NO9,,171114859,level 2b,2,0.0103,0,0,0,0,0.008732958,0,0.00012065,0,1,0,1,Norman_Natural toxins.csv;Norman_Human metabolites.csv,0.640625,1,Transformation and metabolic products,O=C(O[C@@H]1O[C@H](C(=O)O)[C@@H](O)[C@H](O)[C@H]1O)c1ccccc1Nc1c(Cl)ccc(CO)c1Cl
170,N-[4-[4-[[4-chloro-3-(trifluoromethyl)phenyl]carbamoylamino]-3-fluorophenoxy]-2-pyridinyl]formamide,O=CNc1cc(Oc2ccc(NC(=O)Nc3ccc(Cl)c(C(F)(F)F)c3)c(F)c2)ccn1,C20H13ClF4N4O3,,175081738,level 2b,1,0.0052,0,0,0,1,0.9868883,1,0.70608354,1,1,0,1,Norman_Pharmaceuticals.csv,0.7014925373134329,1,Pharmaceuticals,O=CNc1cc(Oc2ccc(NC(=O)Nc3ccc(Cl)c(C(F)(F)F)c3)c(F)c2)ccn1
357,"ethyl 2-[(15S,18S)-12-chloro-13,20-difluoro-15-[5-[2-(3-fluoroazetidin-1-yl)ethyl]-2-oxo-4-(trifluoromethyl)-1-pyridinyl]-3,21-dimethyl-16-oxo-8-oxa-17-azatetracyclo[17.3.1.110,14.02,7]tetracosa-1(23),2,4,6,10(24),11,13,19,21-nonaen-18-yl]acetate",CCOC(=O)C[C@@H]1NC(=O)[C@@H](n2cc(CCN3CC(F)C3)c(C(F)(F)F)cc2=O)c2cc(cc(Cl)c2F)COc2cccc(C)c2-c2cc(C)c(F)c1c2,C39H36ClF6N3O5,,171826326,level 3,1,0.0052,97,0.6879,1,1,0.94046557,1,0.008623195,0,1,0,1,Industrial_chemical.csv,0.2604166666666667,0,Industry and consumer goods,CCOC(=O)C[C@@H]1NC(=O)[C@@H](n2cc(CCN3CC(F)C3)c(C(F)(F)F)cc2=O)c2cc(cc(Cl)c2F)COc2cccc(C)c2-c2cc(C)c(F)c1c2
467,"2,6-dibromo-4-[3,5-dibromo-4-(1,4-dibromobutoxy)phenyl]sulfonylphenol",O=S(=O)(c1cc(Br)c(O)c(Br)c1)c1cc(Br)c(OC(Br)CCCBr)c(Br)c1,C16H12Br6O4S,,4151132,level 3,193,0.9948,69,0.4894,1,1,0.99049383,1,0.9992222,1,1,0,1,Industrial_chemical.csv;Norman_Plastic additives.csv;Norman_Human metabolites.csv;Norman_Industrial chemicals.csv,0.5277777777777778,0,Industry and consumer goods,O=S(=O)(c1cc(Br)c(O)c(Br)c1)c1cc(Br)c(OC(Br)CCCBr)c(Br)c1
472,"[3-[2-methyl-1-(2,2,2-trichloroacetyl)oxypropan-2-yl]-4-(2,2,2-trichloroacetyl)oxyphenyl]methanesulfonic acid",CC(C)(COC(=O)C(Cl)(Cl)Cl)c1cc(CS(=O)(=O)O)ccc1OC(=O)C(Cl)(Cl)Cl,C15H14Cl6O7S,,54113370,level 3,8,0.0412,0,0,0,0,0.96340454,1,0.91634566,1,1,0,1,Industrial_chemical.csv;Norman_Drinking water chemicals.csv;Norman_Human metabolites.csv,0.3333333333333333,0,Food and other consumption,CC(C)(COC(=O)C(Cl)(Cl)Cl)c1cc(CS(=O)(=O)O)ccc1OC(=O)C(Cl)(Cl)Cl
473,"4-[[(3aR,5aR,5bR,7aR,9S,11aR,11bR,13aS)-3a-[5-[1-(4-chlorophenyl)cyclopropyl]-1,3,4-oxadiazol-2-yl]-5a,5b,8,8,11a-pentamethyl-2-oxo-1-propan-2-yl-4,5,6,7,7a,9,10,11,11b,12,13,13a-dodecahydro-3H-cyclopenta[a]chrysen-9-yl]oxy]-2,2-dimethyl-4-oxobutanoic acid",CC(C)C1=C2[C@H]3CC[C@@H]4[C@@]5(C)CC[C@H](OC(=O)CC(C)(C)C(=O)O)C(C)(C)[C@@H]5CC[C@@]4(C)[C@]3(C)CC[C@@]2(c2nnc(C3(c4ccc(Cl)cc4)CC3)o2)CC1=O,C46H61ClN2O6,,71679553,level 3,141,0.7268,0,0,1,1,0.67064035,1,0.69314915,1,1,0,1,Norman_Pharmaceuticals.csv,0.4285714285714285,0,Pharmaceuticals,CC(C)C1=C2[C@H]3CC[C@@H]4[C@@]5(C)CC[C@H](OC(=O)CC(C)(C)C(=O)O)C(C)(C)[C@@H]5CC[C@@]4(C)[C@]3(C)CC[C@@]2(c2nnc(C3(c4ccc(Cl)cc4)CC3)o2)CC1=O
474,"4-[2,2-bis(3-chloro-4-hydroxyphenyl)-1-(3,5-dichloro-4-hydroxyphenyl)propyl]-2,6-dichlorophenol",CC(c1ccc(O)c(Cl)c1)(c1ccc(O)c(Cl)c1)C(c1cc(Cl)c(O)c(Cl)c1)c1cc(Cl)c(O)c(Cl)c1,C27H18Cl6O4,,153971434,level 3,2,0.0103,0,0,0,1,0.99795216,1,0.9970514,1,1,0,1,Industrial_chemical.csv;Norman_Human metabolites.csv,0.5757575757575758,0,Industry and consumer goods,CC(c1ccc(O)c(Cl)c1)(c1ccc(O)c(Cl)c1)C(c1cc(Cl)c(O)c(Cl)c1)c1cc(Cl)c(O)c(Cl)c1
475,"1-bromo-4-chloro-5,6-diiodo-3-methyl-2,5,6-triphenylcyclohexa-1,3-diene",CC1=C(Cl)C(I)(c2ccccc2)C(I)(c2ccccc2)C(Br)=C1c1ccccc1,C25H18BrClI2,,141392965,level 3,70,0.3608,0,0,0,1,0.98031443,1,0.9995889,1,1,0,1,Norman_Human metabolites.csv,0.3,0,Transformation and metabolic products,CC1=C(Cl)C(I)(c2ccccc2)C(I)(c2ccccc2)C(Br)=C1c1ccccc1
476,"N-[4-(3-chloropentan-3-yl)-6-morpholin-4-yl-1,3,5-triazin-2-yl]-N,N'-bis(1,2,2,6,6-pentamethylpiperidin-4-yl)-N'-pentan-3-ylhexane-1,6-diamine",CCC(CC)N(CCCCCCN(c1nc(N2CCOCC2)nc(C(Cl)(CC)CC)n1)C1CC(C)(C)N(C)C(C)(C)C1)C1CC(C)(C)N(C)C(C)(C)C1,C43H81ClN8O,,67990433,level 3,41,0.2113,33,0.234,0,1,0.03294978,0,0.20280184,0,1,0,1,Industrial_chemical.csv,0.4927536231884058,0,Industry and consumer goods,CCC(CC)N(CCCCCCN(c1nc(N2CCOCC2)nc(C(Cl)(CC)CC)n1)C1CC(C)(C)N(C)C(C)(C)C1)C1CC(C)(C)N(C)C(C)(C)C1
477,"bis[2-(1-hydroxyethoxy)ethyl] 3,4,5,6-tetrabromo-1-(1-hydroxypropyl)cyclohexa-3,5-diene-1,2-dicarboxylate",CCC(O)C1(C(=O)OCCOC(C)O)C(Br)=C(Br)C(Br)=C(Br)C1C(=O)OCCOC(C)O,C19H26Br4O9,,23323922,level 3,31,0.1598,0,0,0,0,0.85804904,1,0.57939553,1,1,0,1,Industrial_chemical.csv,0.2647058823529412,0,Industry and consumer goods,CCC(O)C1(C(=O)OCCOC(C)O)C(Br)=C(Br)C(Br)=C(Br)C1C(=O)OCCOC(C)O
478,chloro-[[[dimethyl(triacontyl)silyl]oxy-dimethylsilyl]oxy-dimethylsilyl]oxy-dimethylsilane,CCCCCCCCCCCCCCCCCCCCCCCCCCCCCC[Si](C)(C)O[Si](C)(C)O[Si](C)(C)O[Si](C)(C)Cl,C38H85ClO3Si4,,155630633,level 3,135,0.6959,0,0,1,1,0.7038561,1,0.3768285,0,1,0,1,Norman_Human metabolites.csv,0.8076923076923077,1,Transformation and metabolic products,CCCCCCCCCCCCCCCCCCCCCCCCCCCCCC[Si](C)(C)O[Si](C)(C)O[Si](C)(C)O[Si](C)(C)Cl
479,"(Z)-7-[(1R,2R,3R,5R)-5-chloro-2-[(E,4S)-4-(1-ethylcyclobutyl)-4-hydroxybut-1-enyl]-3-hydroxycyclopentyl]-2-[2-[icosyl(methyl)amino]-2-oxoethyl]hept-5-enoic acid",CCCCCCCCCCCCCCCCCCCCN(C)C(=O)CC(CC/C=C\C[C@@H]1[C@@H](/C=C/C[C@H](O)C2(CC)CCC2)[C@H](O)C[C@H]1Cl)C(=O)O,C45H80ClNO5,,151946959,level 3,164,0.8454,0,0,1,1,9.4980904e-05,0,0.078416325,0,1,0,1,Norman_Human metabolites.csv,0.4117647058823529,0,Transformation and metabolic products,CCCCCCCCCCCCCCCCCCCCN(C)C(=O)CC(CC/C=C\C[C@@H]1[C@@H](/C=C/C[C@H](O)C2(CC)CCC2)[C@H](O)C[C@H]1Cl)C(=O)O
480,"5,6-bis(hydroperoxymethyl)-1-octyl-2-(tribromomethylsulfonyl)benzimidazole",CCCCCCCCn1c(S(=O)(=O)C(Br)(Br)Br)nc2cc(COO)c(COO)cc21,C18H25Br3N2O6S,,22945045,level 3,8,0.0412,0,0,0,1,0.70867705,1,0.9637161,1,1,0,1,Industrial_chemical.csv;Norman_Human metabolites.csv,0.390625,0,Industry and consumer goods,CCCCCCCCn1c(S(=O)(=O)C(Br)(Br)Br)nc2cc(COO)c(COO)cc21
481,"ethyl 8-[(2,4-dibromophenyl)sulfamoyl]-1,4-dioxaspiro[4.5]dec-6-ene-7-carboxylate",CCOC(=O)C1=CC2(CCC1S(=O)(=O)Nc1ccc(Br)cc1Br)OCCO2,C17H19Br2NO6S,,57871046,level 3,8,0.0412,0,0,0,0,0.9574782,1,0.9588767,1,0,0,1,Industrial_chemical.csv;Norman_Pharmaceuticals.csv,0.4324324324324324,0,Pharmaceuticals,CCOC(=O)C1=CC2(CCC1S(=O)(=O)Nc1ccc(Br)cc1Br)OCCO2
482,"(2S,3R)-3-[[2-[[2-[(2-chloroacetyl)amino]-1,3-thiazol-4-yl]methoxyimino]acetyl]amino]-2-(3-ethoxy-3-oxoprop-1-enyl)sulfanyl-4-oxoazetidine-1-sulfonic acid",CCOC(=O)C=CS[C@H]1[C@H](NC(=O)C=NOCc2csc(NC(=O)CCl)n2)C(=O)N1S(=O)(=O)O,C16H18ClN5O9S3,,57065996,level 3,41,0.2113,0,0,0,0,3.9493254e-05,0,0.00012994,0,1,0,1,Industrial_chemical.csv,0.3186813186813186,0,Industry and consumer goods,CCOC(=O)C=CS[C@H]1[C@H](NC(=O)C=NOCc2csc(NC(=O)CCl)n2)C(=O)N1S(=O)(=O)O
483,ethyl 2-[4-[(Z)-[(5-bromo-7-iodo-1-benzofuran-2-carbonyl)hydrazinylidene]methyl]-2-chloro-6-methoxyphenoxy]acetate,CCOC(=O)COc1c(Cl)cc(/C=N\NC(=O)c2cc3cc(Br)cc(I)c3o2)cc1OC,C21H17BrClIN2O6,,126023245,level 3,2,0.0103,0,0,0,1,0.8423796,1,0.958975,1,1,0,1,Norman_Human metabolites.csv,0.323943661971831,0,Transformation and metabolic products,CCOC(=O)COc1c(Cl)cc(/C=N\NC(=O)c2cc3cc(Br)cc(I)c3o2)cc1OC
484,"N-[[2-chloro-4-[5-(3,5-dibromo-4-fluorophenyl)-5-(trifluoromethyl)-4H-1,2-oxazol-3-yl]phenyl]methyl]-2-ethylsulfonylacetamide",CCS(=O)(=O)CC(=O)NCc1ccc(C2=NOC(c3cc(Br)c(F)c(Br)c3)(C(F)(F)F)C2)cc1Cl,C21H17Br2ClF4N2O4S,,140215342,level 3,4,0.0206,0,0,0,1,0.9937777,1,0.9946109,1,1,0,1,Industrial_chemical.csv,0.4578313253012048,0,Industry and consumer goods,CCS(=O)(=O)CC(=O)NCc1ccc(C2=NOC(c3cc(Br)c(F)c(Br)c3)(C(F)(F)F)C2)cc1Cl
485,"2-chloro-5-[[2,2-dichloro-3-(3,5-dibromophenyl)cyclopropanecarbonyl]amino]-N-(4-fluorophenyl)-N-methylbenzamide",CN(C(=O)c1cc(NC(=O)C2C(c3cc(Br)cc(Br)c3)C2(Cl)Cl)ccc1Cl)c1ccc(F)cc1,C24H16Br2Cl3FN2O2,,122618576,level 3,17,0.0876,0,0,0,1,0.9915912,1,0.99908185,1,1,0,1,"Norman_Indoor environment substances.csv;Norman_Biocides.csv;Norman_Food contact chemicals.csv;Norman_Human metabolites.csv;Industrial_chemical.csv;Norman_Drinking water chemicals.csv;Norman_Persistent, mobile and toxic substances.csv;Norman_Plant protection products.csv;Norman_Plastic additives.csv",0.3114754098360656,0,Pesticides,CN(C(=O)c1cc(NC(=O)C2C(c3cc(Br)cc(Br)c3)C2(Cl)Cl)ccc1Cl)c1ccc(F)cc1
486,"(2E)-3-[3,5-dibromo-4-[[(4Z)-7-bromo-4-methoxyimino-2,8-dioxo-1-oxaspiro[4.5]deca-6,9-dien-9-yl]oxy]phenoxy]-2-methoxyiminopropanoic acid",CO/N=C1/CC(=O)OC12C=C(Br)C(=O)C(Oc1c(Br)cc(OC/C(=N\OC)C(=O)O)cc1Br)=C2,C20H15Br3N2O9,,101743143,level 3,78,0.4021,0,0,0,0,0.79463613,1,0.9972631,1,1,0,1,Norman_Pharmaceuticals.csv,0.2560975609756097,0,Pharmaceuticals,CO/N=C1/CC(=O)OC12C=C(Br)C(=O)C(Oc1c(Br)cc(OC/C(=N\OC)C(=O)O)cc1Br)=C2
487,"methyl 3-[2,5-dichloro-4-[5-[8-chloro-6-(trifluoromethyl)imidazo[1,2-a]pyridin-2-yl]-1,2,4-oxadiazol-3-yl]phenoxy]-2-hydroxy-2-methylpropanoate",COC(=O)C(C)(O)COc1cc(Cl)c(-c2noc(-c3cn4cc(C(F)(F)F)cc(Cl)c4n3)n2)cc1Cl,C21H14Cl3F3N4O5,,46234847,level 3,86,0.4433,0,0,0,1,0.8850219,1,0.86887616,1,1,0,1,Industrial_chemical.csv;Norman_Human metabolites.csv,0.2954545454545454,0,Industry and consumer goods,COC(=O)C(C)(O)COc1cc(Cl)c(-c2noc(-c3cn4cc(C(F)(F)F)cc(Cl)c4n3)n2)cc1Cl
488,"dimethyl 1,4,5,7,7-pentachloro-6-(1,2,3,4,5-pentachlorocyclopenta-2,4-dien-1-yl)bicyclo[2.2.1]hepta-2,5-diene-2,3-dicarboxylate",COC(=O)C1=C(C(=O)OC)C2(Cl)C(C3(Cl)C(Cl)=C(Cl)C(Cl)=C3Cl)=C(Cl)C1(Cl)C2(Cl)Cl,C16H6Cl10O4,,90487234,level 3,3,0.0155,0,0,0,1,0.9977484,1,0.999782,1,1,0,1,Industrial_chemical.csv;Norman_Human metabolites.csv,0.3846153846153846,0,Industry and consumer goods,COC(=O)C1=C(C(=O)OC)C2(Cl)C(C3(Cl)C(Cl)=C(Cl)C(Cl)=C3Cl)=C(Cl)C1(Cl)C2(Cl)Cl
489,"methyl 2-[4-chloro-3,5-diiodo-2-(2-methoxy-2-oxoethoxy)phenoxy]acetate",COC(=O)COc1cc(I)c(Cl)c(I)c1OCC(=O)OC,C12H11ClI2O6,,12079773,level 3,1,0.0052,0,0,0,0,0.81286275,1,0.58894855,1,1,0,1,Industrial_chemical.csv;Norman_Human metabolites.csv,0.525,0,Industry and consumer goods,COC(=O)COc1cc(I)c(Cl)c(I)c1OCC(=O)OC
490,"(5E)-5-[[4-[(4-bromophenyl)methoxy]-3-iodo-5-methoxyphenyl]methylidene]-3-(2-methoxyethyl)-1,3-thiazolidine-2,4-dione",COCCN1C(=O)S/C(=C/c2cc(I)c(OCc3ccc(Br)cc3)c(OC)c2)C1=O,C21H19BrINO5S,,126132591,level 3,20,0.1031,0,0,0,0,0.9258543,1,0.8727876,1,1,0,1,Industrial_chemical.csv,0.3544303797468354,0,Industry and consumer goods,COCCN1C(=O)S/C(=C/c2cc(I)c(OCc3ccc(Br)cc3)c(OC)c2)C1=O
491,"[2-bromo-4-[(E)-[1-(3,4-dichlorophenyl)-2,4,6-trioxo-1,3-diazinan-5-ylidene]methyl]-6-methoxyphenyl] benzenesulfonate",COc1cc(/C=C2\C(=O)NC(=O)N(c3ccc(Cl)c(Cl)c3)C2=O)cc(Br)c1OS(=O)(=O)c1ccccc1,C24H15BrCl2N2O7S,,126073921,level 3,13,0.067,0,0,0,0,0.97934663,1,0.99535394,1,0,0,1,Norman_Human metabolites.csv,0.3414634146341463,0,Transformation and metabolic products,COc1cc(/C=C2\C(=O)NC(=O)N(c3ccc(Cl)c(Cl)c3)C2=O)cc(Br)c1OS(=O)(=O)c1ccccc1
492,[2-iodo-6-methoxy-4-(morpholine-4-carbothioyl)phenyl] 2-chloro-4-nitrobenzoate,COc1cc(C(=S)N2CCOCC2)cc(I)c1OC(=O)c1ccc([N+](=O)[O-])cc1Cl,C19H16ClIN2O6S,,1326239,level 3,123,0.634,0,0,1,0,0.21461374,0,0.29920936,0,1,0,1,Norman_Human metabolites.csv,0.4666666666666667,0,Transformation and metabolic products,COc1cc(C(=S)N2CCOCC2)cc(I)c1OC(=O)c1ccc([N+](=O)[O-])cc1Cl
493,"6-[9-bromo-2-(5-bromothiophen-2-yl)-5,10b-dihydro-1H-pyrazolo[1,5-c][1,3]benzoxazin-5-yl]-2,3-dimethoxybenzoic acid",COc1ccc(C2Oc3ccc(Br)cc3C3CC(c4ccc(Br)s4)=NN32)c(C(=O)O)c1OC,C23H18Br2N2O5S,,3632294,level 3,9,0.0464,0,0,0,0,0.88856155,1,0.9340048,1,1,0,1,Norman_Human metabolites.csv,0.3088235294117647,0,Transformation and metabolic products,COc1ccc(C2Oc3ccc(Br)cc3C3CC(c4ccc(Br)s4)=NN32)c(C(=O)O)c1OC
494,"N-[3-cyano-1-[2,6-dichloro-4-(pentafluoro-lambda6-sulfanyl)phenyl]-5-iodopyrazol-4-yl]-N-(2,2,2-trifluoroethyl)methanesulfonamide",CS(=O)(=O)N(CC(F)(F)F)c1c(C#N)nn(-c2c(Cl)cc(S(F)(F)(F)(F)F)cc2Cl)c1I,C13H7Cl2F8IN4O2S2,,140530568,level 3,96,0.4948,0,0,0,1,0.7037418,1,0.5482854,1,1,0,1,Norman_Natural toxins.csv;Norman_Human metabolites.csv,0.4264705882352941,0,Transformation and metabolic products,CS(=O)(=O)N(CC(F)(F)F)c1c(C#N)nn(-c2c(Cl)cc(S(F)(F)(F)(F)F)cc2Cl)c1I
495,"5-[2,2-bis(methylsulfanyl)ethyl-methylamino]-1-[2,6-dichloro-4-(trifluoromethyl)phenyl]-4-(trifluoromethylsulfonyl)pyrazole-3-carbonitrile",CSC(CN(C)c1c(S(=O)(=O)C(F)(F)F)c(C#N)nn1-c1c(Cl)cc(C(F)(F)F)cc1Cl)SC,C17H14Cl2F6N4O2S3,,87145311,level 3,15,0.0773,0,0,0,1,0.02616728,0,0.4183184,0,1,0,1,Industrial_chemical.csv;Norman_Human metabolites.csv;Norman_Plant protection products.csv,0.6065573770491803,1,Pesticides,CSC(CN(C)c1c(S(=O)(=O)C(F)(F)F)c(C#N)nn1-c1c(Cl)cc(C(F)(F)F)cc1Cl)SC
496,"(10R)-17-chloro-33-fluoro-5,10,13,14,22-pentamethyl-10-(2-morpholin-4-ylethyl)-9,28-dioxa-5,6,12,13,24-pentazaheptacyclo[27.7.1.14,7.011,15.016,21.020,24.030,35]octatriaconta-1(36),4(38),6,11,14,16,18,20,22,29(37),30(35),31,33-tridecaene-23-carboxylic acid",Cc1c(C(=O)O)n2c3ccc(Cl)c(c13)-c1c(nn(C)c1C)[C@@](C)(CCN1CCOCC1)OCc1cc(n(C)n1)CCc1cc(c3ccc(F)cc3c1)OCCC2,C43H48ClFN6O5,,164530192,level 3,4,0.0206,0,0,0,1,0.32942066,0,0.8943291,1,1,0,1,Norman_Human metabolites.csv,0.264,0,Transformation and metabolic products,Cc1c(C(=O)O)n2c3ccc(Cl)c(c13)-c1c(nn(C)c1C)[C@@](C)(CCN1CCOCC1)OCc1cc(n(C)n1)CCc1cc(c3ccc(F)cc3c1)OCCC2
497,"[2,6-dibromo-4-[(Z)-[2-(4-iodo-3-methylphenyl)-5-oxo-1,3-oxazol-4-ylidene]methyl]phenyl] benzoate",Cc1cc(C2=N/C(=C\c3cc(Br)c(OC(=O)c4ccccc4)c(Br)c3)C(=O)O2)ccc1I,C24H14Br2INO4,,19671921,level 3,86,0.4433,0,0,0,1,0.9916389,1,0.9928347,1,1,0,1,Industrial_chemical.csv;Norman_Human metabolites.csv,0.4067796610169492,0,Industry and consumer goods,Cc1cc(C2=N/C(=C\c3cc(Br)c(OC(=O)c4ccccc4)c(Br)c3)C(=O)O2)ccc1I
498,"2-chloro-N-[4-(1,1,1,2,3,3,3-heptafluoropropan-2-yl)-2,6-diiodophenyl]-3-methylbenzamide",Cc1cccc(C(=O)Nc2c(I)cc(C(F)(C(F)(F)F)C(F)(F)F)cc2I)c1Cl,C17H9ClF7I2NO,,89792486,level 3,87,0.4485,0,0,0,1,0.9867555,1,0.99676776,1,1,0,1,EPA_PFAS.csv,0.6111111111111112,1,Industry and consumer goods,Cc1cccc(C(=O)Nc2c(I)cc(C(F)(C(F)(F)F)C(F)(F)F)cc2I)c1Cl
499,"4,5,6-trichloro-1,2,2-tris(2-chlorophenoxy)-1,3,5-triaza-2lambda5,4,6-triphosphacyclohex-2-ene",Clc1ccccc1ON1P(Cl)N(Cl)P(Cl)N=P1(Oc1ccccc1Cl)Oc1ccccc1Cl,C18H12Cl6N3O3P3,,20139607,level 3,10,0.0515,0,0,0,1,0.9801209,1,0.99856985,1,0,0,1,Industrial_chemical.csv;Norman_Human metabolites.csv,0.3095238095238095,0,Industry and consumer goods,Clc1ccccc1ON1P(Cl)N(Cl)P(Cl)N=P1(Oc1ccccc1Cl)Oc1ccccc1Cl
500,"2-[3-(carboxymethyl)-2-[2,4-dichloro-5-[3-methyl-2,6-dioxo-4-(trifluoromethyl)pyrimidin-1-yl]phenyl]imino-4-oxo-1,3-thiazolidin-5-yl]acetic acid",Cn1c(C(F)(F)F)cc(=O)n(-c2cc(N=C3SC(CC(=O)O)C(=O)N3CC(=O)O)c(Cl)cc2Cl)c1=O,C19H13Cl2F3N4O7S,,88185403,level 3,2,0.0103,0,0,0,0,0.001581022,0,0.00727229,0,1,0,1,Industrial_chemical.csv,0.3950617283950617,0,Industry and consumer goods,Cn1c(C(F)(F)F)cc(=O)n(-c2cc(N=C3SC(CC(=O)O)C(=O)N3CC(=O)O)c(Cl)cc2Cl)c1=O
501,"N-[2-(2-bromo-5-iodophenyl)-1,3-benzoxazol-5-yl]-2-(2,4-dichlorophenoxy)acetamide",O=C(COc1ccc(Cl)cc1Cl)Nc1ccc2oc(-c3cc(I)ccc3Br)nc2c1,C21H12BrCl2IN2O3,,4491397,level 3,34,0.1753,0,0,0,1,0.98832434,1,0.99960226,1,1,0,1,Norman_Human metabolites.csv,0.3766233766233766,0,Transformation and metabolic products,O=C(COc1ccc(Cl)cc1Cl)Nc1ccc2oc(-c3cc(I)ccc3Br)nc2c1
502,"5-bromo-N-[(E)-[3-bromo-4-[(2,4-dichlorophenyl)methoxy]phenyl]methylideneamino]-2-hydroxybenzamide",O=C(N/N=C/c1ccc(OCc2ccc(Cl)cc2Cl)c(Br)c1)c1cc(Br)ccc1O,C21H14Br2Cl2N2O3,,125877046,level 3,108,0.5567,0,0,1,1,0.9570683,1,0.99515915,1,1,0,1,Norman_Human metabolites.csv,0.4262295081967213,0,Transformation and metabolic products,O=C(N/N=C/c1ccc(OCc2ccc(Cl)cc2Cl)c(Br)c1)c1cc(Br)ccc1O
503,"(12E,24E,36E)-48-bromooctatetraconta-12,24,36-trienoic acid",O=C(O)CCCCCCCCCC/C=C/CCCCCCCCCC/C=C/CCCCCCCCCC/C=C/CCCCCCCCCCCBr,C48H89BrO2,,11803351,level 3,169,0.8711,0,0,1,1,5.792375e-11,0,2.5016661e-05,0,0,0,1,Industrial_chemical.csv,0.782608695652174,1,Industry and consumer goods,O=C(O)CCCCCCCCCC/C=C/CCCCCCCCCC/C=C/CCCCCCCCCC/C=C/CCCCCCCCCCCBr
504,"(2S,3S,4S,5R,6S)-6-[[3-[3-bromo-6-fluoro-2-(hydroxymethyl)indol-1-yl]sulfonyl-1,2,4-triazol-1-yl]oxy]-3,4,5-trihydroxyoxane-2-carboxylic acid",O=C(O)[C@H]1O[C@@H](On2cnc(S(=O)(=O)n3c(CO)c(Br)c4ccc(F)cc43)n2)[C@H](O)[C@@H](O)[C@@H]1O,C17H16BrFN4O10S,,102147021,level 3,11,0.0567,0,0,0,0,2.2833802e-07,0,1.1716468e-05,0,1,0,1,Norman_Plant protection products.csv,0.5671641791044776,0,Pesticides,O=C(O)[C@H]1O[C@@H](On2cnc(S(=O)(=O)n3c(CO)c(Br)c4ccc(F)cc43)n2)[C@H](O)[C@@H](O)[C@@H]1O
505,"bis(oxiran-2-ylmethyl) 3,4,5,6-tetrabromocyclohexene-1,2-dicarboxylate",O=C(OCC1CO1)C1=C(C(=O)OCC2CO2)C(Br)C(Br)C(Br)C1Br,C14H14Br4O6,97890192,113468,level 3,94,0.4845,0,0,0,0,0.6893649,1,0.36004528,0,1,1,1,Norman_Human metabolites.csv,1,1,Transformation and metabolic products,O=C(OCC1CO1)C1=C(C(=O)OCC2CO2)C(Br)C(Br)C(Br)C1Br
506,N-[4-bromo-2-(2-chlorobenzoyl)phenyl]-1-(4-fluorophenyl)sulfonylpyrrolidine-2-carboxamide,O=C(c1ccccc1Cl)c1cc(Br)ccc1NC(=O)C1CCCN1S(=O)(=O)c1ccc(F)cc1,C24H19BrClFN2O4S,,44043686,level 3,2,0.0103,0,0,0,0,0.96841955,1,0.92717355,1,1,0,1,Industrial_chemical.csv,0.4761904761904761,0,Industry and consumer goods,O=C(c1ccccc1Cl)c1cc(Br)ccc1NC(=O)C1CCCN1S(=O)(=O)c1ccc(F)cc1
507,"(5E)-5-[[5-bromo-2-[(4-iodophenyl)methoxy]phenyl]methylidene]-1-(2,3-dichlorophenyl)-2-sulfanylidene-1,3-diazinane-4,6-dione",O=C1NC(=S)N(c2cccc(Cl)c2Cl)C(=O)/C1=C/c1cc(Br)ccc1OCc1ccc(I)cc1,C24H14BrCl2IN2O3S,,125864248,level 3,46,0.2371,0,0,0,1,0.9262683,1,0.98002464,1,1,0,1,Industrial_chemical.csv,0.4,0,Industry and consumer goods,O=C1NC(=S)N(c2cccc(Cl)c2Cl)C(=O)/C1=C/c1cc(Br)ccc1OCc1ccc(I)cc1
508,N-[3-(dichloromethylsulfanyl)-4-[2-(dichloromethylsulfanyl)-4-[fluoro(formyl)amino]phenyl]sulfanylphenyl]-N-fluoroformamide,O=CN(F)c1ccc(Sc2ccc(N(F)C=O)cc2SC(Cl)Cl)c(SC(Cl)Cl)c1,C16H10Cl4F2N2O2S3,,88697757,level 3,1,0.0052,0,0,0,0,0.9722915,1,0.96980166,1,1,0,1,Norman_Human metabolites.csv,0.2682926829268293,0,Transformation and metabolic products,O=CN(F)c1ccc(Sc2ccc(N(F)C=O)cc2SC(Cl)Cl)c(SC(Cl)Cl)c1
509,6-bromo-1-[6-bromo-2-(trifluoromethoxy)naphthalen-1-yl]naphthalene-2-sulfinyl bromide,O=S(Br)c1ccc2cc(Br)ccc2c1-c1c(OC(F)(F)F)ccc2cc(Br)ccc12,C21H10Br3F3O2S,,140039183,level 3,1,0.0052,0,0,0,1,0.99176115,1,0.99766684,1,1,0,1,Industrial_chemical.csv;Norman_Human metabolites.csv;EPA_PFAS.csv,0.4318181818181818,0,Industry and consumer goods,O=S(Br)c1ccc2cc(Br)ccc2c1-c1c(OC(F)(F)F)ccc2cc(Br)ccc12
510,"2-[2-(6-chloro-1,1,2,2,3,3,4,4,5,5,6,6-dodecafluorohexoxy)-1,1,2,2-tetrafluoroethoxy]-1,1,2,2-tetrafluoroethanesulfinic acid",O=S(O)C(F)(F)C(F)(F)OC(F)(F)C(F)(F)OC(F)(F)C(F)(F)C(F)(F)C(F)(F)C(F)(F)C(F)(F)Cl,C10HClF20O4S,,163324863,level 3,59,0.3041,0,0,0,1,0.9990848,1,0.99728274,1,1,0,1,EPA_PFAS.csv,0.5384615384615384,0,Industry and consumer goods,O=S(O)C(F)(F)C(F)(F)OC(F)(F)C(F)(F)OC(F)(F)C(F)(F)C(F)(F)C(F)(F)C(F)(F)C(F)(F)Cl
511,3-bromo-2-[[2-bromo-3-[4-(trifluoromethoxy)phenyl]propyl]-sulfinoamino]-1-benzothiophene,O=S(O)N(CC(Br)Cc1ccc(OC(F)(F)F)cc1)c1sc2ccccc2c1Br,C18H14Br2F3NO3S2,,67263847,level 3,86,0.4433,0,0,0,0,0.88217413,1,0.38625574,0,0,0,1,Industrial_chemical.csv,0.3214285714285714,0,Industry and consumer goods,O=S(O)N(CC(Br)Cc1ccc(OC(F)(F)F)cc1)c1sc2ccccc2c1Br
512,"(E)-3-(2,3-dibromo-4-hydroxy-5-nitrophenyl)-N-[(3,4,5-trihydroxyphenyl)methyl]prop-2-enethioamide",O=[N+]([O-])c1cc(/C=C/C(=S)NCc2cc(O)c(O)c(O)c2)c(Br)c(Br)c1O,C16H12Br2N2O6S,,163740688,level 3,130,0.6701,0,0,1,0,0.23249756,0,0.375949,0,1,0,1,Industrial_chemical.csv,0.3584905660377358,0,Industry and consumer goods,O=[N+]([O-])c1cc(/C=C/C(=S)NCc2cc(O)c(O)c(O)c2)c(Br)c(Br)c1O
513,"5-bromo-7-chloro-N-[3-chloro-4-(trifluoromethoxy)phenyl]-2-oxo-3H-1,3-benzoxazole-6-sulfonamide",O=c1[nH]c2cc(Br)c(S(=O)(=O)Nc3ccc(OC(F)(F)F)c(Cl)c3)c(Cl)c2o1,C14H6BrCl2F3N2O5S,,166373232,level 3,63,0.3247,0,0,0,0,0.95066077,1,0.96694696,1,1,0,1,Norman_Plant protection products.csv,0.3285714285714285,0,Pesticides,O=c1[nH]c2cc(Br)c(S(=O)(=O)Nc3ccc(OC(F)(F)F)c(Cl)c3)c(Cl)c2o1
514,"(2R,3S,5R)-5-(5,6-dichloro-4,7-diiodobenzimidazol-1-yl)-2-(hydroxymethyl)oxolan-3-ol",OC[C@H]1O[C@@H](n2cnc3c(I)c(Cl)c(Cl)c(I)c32)C[C@@H]1O,C12H10Cl2I2N2O3,,71483445,level 3,36,0.1856,0,0,0,1,0.850937,1,0.98420614,1,1,0,1,Industrial_chemical.csv;Norman_Human metabolites.csv;Norman_Human neurotoxins.csv;Norman_Pharmaceuticals.csv,0.5555555555555556,0,Pharmaceuticals,OC[C@H]1O[C@@H](n2cnc3c(I)c(Cl)c(Cl)c(I)c32)C[C@@H]1O
515,"6-[2-chloro-5-methyl-4-(4-methylcyclohepta-1,4,6-trien-1-yl)phenyl]-3-ethyl-11-[5-(4-ethylcycloheptyl)-2-methylhepta-2,4-dien-6-ynyl]imino-10-azatricyclo[6.5.0.02,4]trideca-1(8),6,9-trien-5-one",C#CC(=CC=C(C)CN=C1CCC2=C(C=N1)C=C(c1cc(C)c(C3=CCC(C)=CC=C3)cc1Cl)C(=O)C1C(CC)C21)C1CCCC(CC)CC1,C46H53ClN2O,,123161218,level 3,147,0.7577,0,0,1,1,0.9510859,1,0.9995797,1,1,0,1,Norman_Pharmaceuticals.csv,0.2047244094488189,0,Pharmaceuticals,C#CC(=CC=C(C)CN=C1CCC2=C(C=N1)C=C(c1cc(C)c(C3=CCC(C)=CC=C3)cc1Cl)C(=O)C1C(CC)C21)C1CCCC(CC)CC1
516,"5-[[(5aR,11bR)-3a-[(E)-4-[(4-chlorophenyl)methylamino]-2-methyl-4-oxobut-2-enyl]-5a,5b,8,8,11a-pentamethyl-1-propan-2-yl-2,3,4,5,6,7,7a,9,10,11,11b,12,13,13a-tetradecahydrocyclopenta[a]chrysen-9-yl]oxy]-2,2-dimethyl-5-oxopentanoic acid",C/C(=C\C(=O)NCc1ccc(Cl)cc1)CC12CCC(C(C)C)=C1C1CC[C@@H]3C4(C)CCC(OC(=O)CCC(C)(C)C(=O)O)C(C)(C)C4CCC3(C)[C@]1(C)CC2,C48H70ClNO5,,138456706,level 3,19,0.0979,0,0,0,1,0.847926,1,0.85891646,1,1,0,1,Norman_Pharmaceuticals.csv,0.3714285714285714,0,Pharmaceuticals,C/C(=C\C(=O)NCc1ccc(Cl)cc1)CC12CCC(C(C)C)=C1C1CC[C@@H]3C4(C)CCC(OC(=O)CCC(C)(C)C(=O)O)C(C)(C)C4CCC3(C)[C@]1(C)CC2
517,"(5Z)-7-bromo-N-butan-2-yl-2-(2-butyl-2-methyloctoxy)-5-ethylidene-4-[3-(3-methoxypropyl)-3,8-diazabicyclo[3.2.1]octan-8-yl]quinazolin-6-imine",C/C=C1\C(=NC(C)CC)C(Br)=Cc2nc(OCC(C)(CCCC)CCCCCC)nc(N3C4CCC3CN(CCCOC)C4)c21,C37H60BrN5O2,,172596104,level 3,40,0.2062,0,0,0,1,0.78952926,1,0.7928974,1,1,0,1,Norman_Human metabolites.csv,0.2232142857142857,0,Transformation and metabolic products,C/C=C1\C(=NC(C)CC)C(Br)=Cc2nc(OCC(C)(CCCC)CCCCCC)nc(N3C4CCC3CN(CCCOC)C4)c21
518,"6-[3-[[tert-butyl(diphenyl)silyl]oxymethyl]-4-ethyl-5-oxo-1,2,4-triazol-1-yl]-2-(2-chloro-6-fluorophenyl)-4-(3,3,3-trifluoroprop-1-en-2-yl)-3,4-dihydroisoquinolin-1-one",C=C(C1CN(c2c(F)cccc2Cl)C(=O)c2ccc(-n3nc(CO[Si](c4ccccc4)(c4ccccc4)C(C)(C)C)n(CC)c3=O)cc21)C(F)(F)F,C39H37ClF4N4O3Si,,162366590,level 3,54,0.2784,0,0,0,1,0.9792513,1,0.8425736,1,0,0,1,Norman_Natural toxins.csv;Norman_Human metabolites.csv,0.2574257425742574,0,Transformation and metabolic products,C=C(C1CN(c2c(F)cccc2Cl)C(=O)c2ccc(-n3nc(CO[Si](c4ccccc4)(c4ccccc4)C(C)(C)C)n(CC)c3=O)cc21)C(F)(F)F
519,N-[5-bromo-2-hydroxy-1-(morpholin-4-ylmethyl)indol-3-yl]imino-2-(1-thiophen-2-ylethenylamino)oxyacetamide,C=C(NOCC(=O)N=Nc1c(O)n(CN2CCOCC2)c2ccc(Br)cc12)c1cccs1,C21H22BrN5O4S,,1882700,level 3,2,0.0103,0,0,0,0,1.3308377e-07,0,1.629759e-05,0,1,0,1,Norman_Human metabolites.csv,0.3376623376623376,0,Transformation and metabolic products,C=C(NOCC(=O)N=Nc1c(O)n(CN2CCOCC2)c2ccc(Br)cc12)c1cccs1
520,prop-2-enyl 5-[[chloro-[[(2S)-1-oxo-1-propoxypropan-2-yl]amino]phosphoryl]methyl]-1-benzothiophene-2-carboxylate,C=CCOC(=O)c1cc2cc(CP(=O)(Cl)N[C@@H](C)C(=O)OCCC)ccc2s1,C19H23ClNO5PS,,168982554,level 3,35,0.1804,0,0,0,1,0.000914495,0,0.001074274,0,1,0,1,Industrial_chemical.csv;Norman_Human metabolites.csv,0.3134328358208955,0,Industry and consumer goods,C=CCOC(=O)c1cc2cc(CP(=O)(Cl)N[C@@H](C)C(=O)OCCC)ccc2s1
521,"2-[(5Z)-5-[(3,5-dibromo-4-prop-2-enoxyphenyl)methylidene]-2,4-dioxo-1,3-thiazolidin-3-yl]-N-[2-methoxy-5-(trifluoromethyl)phenyl]acetamide",C=CCOc1c(Br)cc(/C=C2\SC(=O)N(CC(=O)Nc3cc(C(F)(F)F)ccc3OC)C2=O)cc1Br,C23H17Br2F3N2O5S,,125875767,level 3,129,0.6649,0,0,1,0,0.98949265,1,0.8752883,1,1,0,1,Norman_Human metabolites.csv,0.3411764705882353,0,Transformation and metabolic products,C=CCOc1c(Br)cc(/C=C2\SC(=O)N(CC(=O)Nc3cc(C(F)(F)F)ccc3OC)C2=O)cc1Br
522,"4-[[2,4-dibromo-6-[(E)-[(3-ethoxy-4-prop-2-enoxybenzoyl)hydrazinylidene]methyl]phenoxy]methyl]benzoic acid",C=CCOc1ccc(C(=O)N/N=C/c2cc(Br)cc(Br)c2OCc2ccc(C(=O)O)cc2)cc1OCC,C27H24Br2N2O6,,126329684,level 3,154,0.7938,0,0,1,0,0.81138414,1,0.97630435,1,1,0,1,Norman_Human metabolites.csv,0.3934426229508196,0,Transformation and metabolic products,C=CCOc1ccc(C(=O)N/N=C/c2cc(Br)cc(Br)c2OCc2ccc(C(=O)O)cc2)cc1OCC
523,"(4R,6S,7Z,15S,17S)-17-[8-chloro-2-(4-ethenyl-1,3-thiazol-2-yl)-7-methoxyquinolin-4-yl]oxy-N-(1-methylcyclopropyl)sulfonyl-2,14-dioxo-1,3,13-triazatricyclo[13.3.0.04,6]octadeca-7,12-diene-4-carboxamide",C=Cc1csc(-c2cc(O[C@H]3C[C@H]4C(=O)N=CCCC/C=C\[C@@H]5C[C@@]5(C(=O)NS(=O)(=O)C5(C)CC5)NC(=O)N4C3)c3ccc(OC)c(Cl)c3n2)n1,C35H37ClN6O7S2,,68254943,level 3,91,0.4691,0,0,0,0,0.96451956,1,0.7050599,1,0,0,1,Norman_Pharmaceuticals.csv,0.4518518518518518,0,Pharmaceuticals,C=Cc1csc(-c2cc(O[C@H]3C[C@H]4C(=O)N=CCCC/C=C\[C@@H]5C[C@@]5(C(=O)NS(=O)(=O)C5(C)CC5)NC(=O)N4C3)c3ccc(OC)c(Cl)c3n2)n1
524,3-[[5-chloro-4-[2-[2-[methyl-(methyl-methylidene-oxo-lambda6-sulfanyl)amino]-3-pyridinyl]ethyl]pyrimidin-2-yl]amino]-4-methylbenzoic acid,C=S(C)(=O)N(C)c1ncccc1CCc1nc(Nc2cc(C(=O)O)ccc2C)ncc1Cl,C22H24ClN5O3S,,160453707,level 3,78,0.4021,0,0,0,0,0.01573033,0,0.057076234,0,1,0,1,Industrial_chemical.csv;Norman_Drinking water chemicals.csv;Norman_Human metabolites.csv,0.3536585365853658,0,Food and other consumption,C=S(C)(=O)N(C)c1ncccc1CCc1nc(Nc2cc(C(=O)O)ccc2C)ncc1Cl
525,"(8E)-22-(4-chloro-2-propylphenyl)-7-[(4-cyclobutylpiperazin-1-yl)methyl]-7-methoxy-11,12-dimethyl-13-methylidene-20-oxa-13lambda4-thia-1,14-diazatetracyclo[14.7.2.03,6.019,24]pentacosa-8,16(25),17,19(24)-tetraen-15-one",C=S1NC(=O)c2ccc3c(c2)N(CC(c2ccc(Cl)cc2CCC)CO3)CC2CCC2C(CN2CCN(C3CCC3)CC2)(OC)/C=C/CC(C)C1C,C43H61ClN4O3S,,142443591,level 3,21,0.1082,0,0,0,1,0.8023934,1,0.86196005,1,0,0,1,Norman_Pharmaceuticals.csv,0.2347826086956521,0,Pharmaceuticals,C=S1NC(=O)c2ccc3c(c2)N(CC(c2ccc(Cl)cc2CCC)CO3)CC2CCC2C(CN2CCN(C3CCC3)CC2)(OC)/C=C/CC(C)C1C
526,2-[3-acetamido-5-(4-fluorophenoxy)-4-hydroxy-6-(hydroxymethyl)oxan-2-yl]oxy-5-chlorobenzoic acid,CC(=O)NC1C(Oc2ccc(Cl)cc2C(=O)O)OC(CO)C(Oc2ccc(F)cc2)C1O,C21H21ClFNO8,,58460281,level 3,9,0.0464,0,0,0,0,0.000579805,0,0.000127314,0,1,0,1,Norman_Human metabolites.csv,0.5076923076923077,0,Transformation and metabolic products,CC(=O)NC1C(Oc2ccc(Cl)cc2C(=O)O)OC(CO)C(Oc2ccc(F)cc2)C1O
527,"[2-acetyloxy-3-[2-[2-(1,3-benzothiazol-2-ylamino)-2-oxoethoxy]-5-[2-[chloro(triphenyl)-lambda5-phosphanyl]acetyl]phenyl]propyl] acetate",CC(=O)OCC(Cc1cc(C(=O)CP(Cl)(c2ccccc2)(c2ccccc2)c2ccccc2)ccc1OCC(=O)Nc1nc2ccccc2s1)OC(C)=O,C42H38ClN2O7PS,,141587706,level 3,107,0.5515,0,0,1,0,0.9836686,1,0.7259971,1,0,0,1,Industrial_chemical.csv;Norman_Human metabolites.csv,0.3766233766233766,0,Industry and consumer goods,CC(=O)OCC(Cc1cc(C(=O)CP(Cl)(c2ccccc2)(c2ccccc2)c2ccccc2)ccc1OCC(=O)Nc1nc2ccccc2s1)OC(C)=O
528,"[(3S,4S)-2-[5-carbamoyl-3-[2-(4-chlorophenyl)ethynyl]-1,2,4-triazol-1-yl]-4-carboxyoxy-5-(hydroxymethyl)oxolan-3-yl] acetate",CC(=O)O[C@@H]1C(n2nc(C#Cc3ccc(Cl)cc3)nc2C(N)=O)OC(CO)[C@@H]1OC(=O)O,C19H17ClN4O8,,25174798,level 3,120,0.6186,0,0,1,0,1.6915565e-06,0,5.4858225e-07,0,1,0,1,Norman_Human metabolites.csv,0.3552631578947368,0,Transformation and metabolic products,CC(=O)O[C@@H]1C(n2nc(C#Cc3ccc(Cl)cc3)nc2C(N)=O)OC(CO)[C@@H]1OC(=O)O
529,"[(3R,4S,5R)-5-acetyloxy-6-[[(1S)-1-(chloromethyl)-3-[5-(5-hydroxy-1,2-dihydrobenzo[e]indole-3-carbonyl)thiophene-2-carbonyl]-1,2-dihydrobenzo[e]indol-5-yl]oxy]-4-hydroxyoxan-3-yl] acetate",CC(=O)O[C@@H]1COC(Oc2cc3c(c4ccccc24)[C@H](CCl)CN3C(=O)c2ccc(C(=O)N3CCc4c3cc(O)c3ccccc43)s2)[C@H](OC(C)=O)[C@H]1O,C40H35ClN2O10S,,138457937,level 3,96,0.4948,0,0,0,0,0.9379953,1,0.55675924,1,1,0,1,Norman_Human metabolites.csv;Norman_Pharmaceuticals.csv,0.2678571428571428,0,Pharmaceuticals,CC(=O)O[C@@H]1COC(Oc2cc3c(c4ccccc24)[C@H](CCl)CN3C(=O)c2ccc(C(=O)N3CCc4c3cc(O)c3ccccc43)s2)[C@H](OC(C)=O)[C@H]1O
530,"[(3S,6aR,6bS,8aS,12aR,14aR,14bR)-11-[2-[4-(2-chlorophenyl)piperazin-1-yl]ethylcarbamoyl]-4,4,6a,6b,8a,11,14b-heptamethyl-1,2,3,4a,5,6,7,8,9,10,12,12a,14,14a-tetradecahydropicen-3-yl] acetate",CC(=O)O[C@H]1CC[C@@]2(C)C(CC[C@]3(C)[C@@H]2CC=C2[C@@H]4CC(C)(C(=O)NCCN5CCN(c6ccccc6Cl)CC5)CC[C@]4(C)CC[C@]23C)C1(C)C,C44H66ClN3O3,,18655738,level 3,12,0.0619,0,0,0,1,0.8742066,1,0.86784166,1,1,0,1,Industrial_chemical.csv,0.5057471264367817,0,Industry and consumer goods,CC(=O)O[C@H]1CC[C@@]2(C)C(CC[C@]3(C)[C@@H]2CC=C2[C@@H]4CC(C)(C(=O)NCCN5CCN(c6ccccc6Cl)CC5)CC[C@]4(C)CC[C@]23C)C1(C)C
531,"N-[3-[[3-(4-acetylphenyl)-2-oxopropanoyl]amino]-2,2-dimethylpropyl]-4-[[4-[[1-(4-chlorophenyl)cyclopropyl]amino]-6-(2,2,2-trifluoroethoxy)-1,3,5-triazin-2-yl]amino]benzamide",CC(=O)c1ccc(CC(=O)C(=O)NCC(C)(C)CNC(=O)c2ccc(Nc3nc(NC4(c5ccc(Cl)cc5)CC4)nc(OCC(F)(F)F)n3)cc2)cc1,C37H37ClF3N7O5,,161524950,level 3,3,0.0155,0,0,0,1,0.6466739,1,0.010304522,0,1,0,1,Industrial_chemical.csv,0.3170731707317073,0,Industry and consumer goods,CC(=O)c1ccc(CC(=O)C(=O)NCC(C)(C)CNC(=O)c2ccc(Nc3nc(NC4(c5ccc(Cl)cc5)CC4)nc(OCC(F)(F)F)n3)cc2)cc1
532,"2-[4-chloro-3,5-bis(difluoromethyl)pyrazol-1-yl]-N-[4-chloro-1-[(2-chloro-6-fluorophenyl)methyl]pyrazol-3-yl]propanamide",CC(C(=O)Nc1nn(Cc2c(F)cccc2Cl)cc1Cl)n1nc(C(F)F)c(Cl)c1C(F)F,C18H13Cl3F5N5O,,19535809,level 3,8,0.0412,0,0,0,1,0.9516648,1,0.5367029,1,1,0,1,Norman_Human metabolites.csv,0.3728813559322034,0,Transformation and metabolic products,CC(C(=O)Nc1nn(Cc2c(F)cccc2Cl)cc1Cl)n1nc(C(F)F)c(Cl)c1C(F)F
533,"[2-amino-6-[(2,4-dichlorophenyl)carbamothioylamino]-4-fluorophenyl] N-tert-butyl-N-(3-hydroxypropyl)carbamate",CC(C)(C)N(CCCO)C(=O)Oc1c(N)cc(F)cc1NC(=S)Nc1ccc(Cl)cc1Cl,C21H25Cl2FN4O3S,,90733854,level 3,23,0.1186,68,0.4823,0,0,0.9636614,1,0.84925663,1,1,0,1,Industrial_chemical.csv;Norman_Human metabolites.csv,0.3582089552238806,0,Industry and consumer goods,CC(C)(C)N(CCCO)C(=O)Oc1c(N)cc(F)cc1NC(=S)Nc1ccc(Cl)cc1Cl
534,"1-N,1-N,3-N,3-N-tetrakis(4-tert-butylphenyl)-2-chloro-5-cyclohexylbenzene-1,3-diamine",CC(C)(C)c1ccc(N(c2ccc(C(C)(C)C)cc2)c2cc(C3CCCCC3)cc(N(c3ccc(C(C)(C)C)cc3)c3ccc(C(C)(C)C)cc3)c2Cl)cc1,C52H65ClN2,,146319496,level 3,15,0.0773,0,0,0,1,0.99803,1,0.97255015,1,1,0,1,Norman_Human metabolites.csv,0.4,0,Transformation and metabolic products,CC(C)(C)c1ccc(N(c2ccc(C(C)(C)C)cc2)c2cc(C3CCCCC3)cc(N(c3ccc(C(C)(C)C)cc3)c3ccc(C(C)(C)C)cc3)c2Cl)cc1
535,"[2-(6-tert-butyl-1-oxo-3,4-dihydroisoquinolin-2-yl)phenyl]methyl 2-bromoacetate",CC(C)(C)c1ccc2c(c1)CCN(c1ccccc1COC(=O)CBr)C2=O,C22H24BrNO3,,152320987,level 3,12,0.0619,0,0,0,1,0.9063294,1,0.9532014,1,1,0,1,Industrial_chemical.csv;Norman_Human metabolites.csv;Norman_Food contact chemicals.csv,0.3392857142857143,0,Food and other consumption,CC(C)(C)c1ccc2c(c1)CCN(c1ccccc1COC(=O)CBr)C2=O
536,"2-piperidin-1-ium-4-ylpropan-2-yl 3,5-bis[(2,2-dibromoacetyl)oxy]benzoate",CC(C)(OC(=O)c1cc(OC(=O)C(Br)Br)cc(OC(=O)C(Br)Br)c1)C1CC[NH2+]CC1,C19H22Br4NO6,,162509278,level 3,82,0.4227,0,0,0,0,0.95283264,1,0.18112202,0,1,0,1,Industrial_chemical.csv;Norman_Human metabolites.csv,0.34,0,Industry and consumer goods,CC(C)(OC(=O)c1cc(OC(=O)C(Br)Br)cc(OC(=O)C(Br)Br)c1)C1CC[NH2+]CC1
537,2-[4-(4-chlorobenzoyl)phenoxy]-N-[4-chloro-3-(trifluoromethyl)phenyl]-2-methylpropanamide,CC(C)(Oc1ccc(C(=O)c2ccc(Cl)cc2)cc1)C(=O)Nc1ccc(Cl)c(C(F)(F)F)c1,C24H18Cl2F3NO3,,154646205,level 3,1,0.0052,0,0,0,1,0.9858351,1,0.988207,1,1,0,1,Industrial_chemical.csv;Norman_Personal care products.csv;Norman_Human metabolites.csv,0.5714285714285714,0,Personal care products,CC(C)(Oc1ccc(C(=O)c2ccc(Cl)cc2)cc1)C(=O)Nc1ccc(Cl)c(C(F)(F)F)c1
538,"[2-(15-bromopentadecoxy)-3-(3,7,11,15-tetramethylhexadecoxy)propoxy]methylbenzene",CC(C)CCCC(C)CCCC(C)CCCC(C)CCOCC(COCc1ccccc1)OCCCCCCCCCCCCCCCBr,C45H83BrO3,,15487022,level 3,144,0.7423,0,0,1,1,0.025744174,0,0.16146354,0,1,0,1,Industrial_chemical.csv;Norman_Personal care products.csv;Norman_Human metabolites.csv,0.4782608695652174,0,Personal care products,CC(C)CCCC(C)CCCC(C)CCCC(C)CCOCC(COCc1ccccc1)OCCCCCCCCCCCCCCCBr
539,"3-[4-[(4,5-dichloro-1-methylindole-2-carbonyl)amino]-N-(sulfonylcarbamoyl)anilino]butanoic acid",CC(CC(=O)O)N(C(=O)N=S(=O)=O)c1ccc(NC(=O)c2cc3c(Cl)c(Cl)ccc3n2C)cc1,C21H18Cl2N4O6S,,130408722,level 3,1,0.0052,0,0,0,0,0.7815407,1,0.08752573,0,1,0,1,Norman_Human metabolites.csv,0.2985074626865671,0,Transformation and metabolic products,CC(CC(=O)O)N(C(=O)N=S(=O)=O)c1ccc(NC(=O)c2cc3c(Cl)c(Cl)ccc3n2C)cc1
540,"1-O-[2-[2-[2-(2-hydroxypropoxy)propoxy]ethoxy]ethyl] 2-O-(2-hydroxypropyl) 3,4,5,6-tetrabromobenzene-1,2-dicarboxylate",CC(O)COC(=O)c1c(Br)c(Br)c(Br)c(Br)c1C(=O)OCCOCCOCC(C)OCC(C)O,C21H28Br4O9,74113750,20834300,level 3,44,0.2268,0,0,0,0,0.9587901,1,0.74609613,1,1,0,1,Industrial_chemical.csv,1,1,Industry and consumer goods,CC(O)COC(=O)c1c(Br)c(Br)c(Br)c(Br)c1C(=O)OCCOCCOCC(C)OCC(C)O
541,"4-[1-[2-[4-chloro-3-(3,3-dimethylbutoxy)phenyl]-7,9-dimethyl-3-oxo-1,4-diazaspiro[4.5]dec-1-en-4-yl]-4,4-dimethylpentyl]-N-[(2-methyl-1,3-dihydrotetrazol-5-yl)methyl]benzamide",CC1CC(C)CC2(C1)N=C(c1ccc(Cl)c(OCCC(C)(C)C)c1)C(=O)N2C(CCC(C)(C)C)c1ccc(C(=O)NCC2=NNN(C)N2)cc1,C39H56ClN7O3,,123233567,level 3,20,0.1031,0,0,0,1,0.98284674,1,0.999212,1,0,0,1,Industrial_chemical.csv,0.2653061224489796,0,Industry and consumer goods,CC1CC(C)CC2(C1)N=C(c1ccc(Cl)c(OCCC(C)(C)C)c1)C(=O)N2C(CCC(C)(C)C)c1ccc(C(=O)NCC2=NNN(C)N2)cc1
542,"2-(10-chloro-2,5-dioxo-6,7-dihydropyrido[3,4-d][2]benzazepin-3-yl)-N-[4-(5-oxo-4H-1,2,4-oxadiazol-3-yl)phenyl]butanamide",CCC(C(=O)Nc1ccc(-c2noc(=O)[nH]2)cc1)n1cc2c(cc1=O)-c1cc(Cl)ccc1CNC2=O,C25H20ClN5O5,,137135831,level 3,10,0.0515,0,0,0,0,0.022080684,0,0.000152079,0,1,0,1,Industrial_chemical.csv,0.3717948717948718,0,Industry and consumer goods,CCC(C(=O)Nc1ccc(-c2noc(=O)[nH]2)cc1)n1cc2c(cc1=O)-c1cc(Cl)ccc1CNC2=O
543,"N'-(3-aminopentanoyl)-N'-[(2S)-2-[[(2S,3S)-2-[[5-(4-chlorophenyl)furan-2-carbonyl]amino]-3-methylpentanoyl]amino]-3-cyclohexylpropanoyl]-N-(trifluoromethylsulfonyl)oxamide",CCC(N)CC(=O)N(C(=O)C(=O)NS(=O)(=O)C(F)(F)F)C(=O)[C@H](CC1CCCCC1)NC(=O)[C@@H](NC(=O)c1ccc(-c2ccc(Cl)cc2)o1)[C@@H](C)CC,C34H43ClF3N5O9S,,69966283,level 3,71,0.366,0,0,0,1,0.43877643,0,0.8710052,1,1,0,1,Norman_Human metabolites.csv,0.268041237113402,0,Transformation and metabolic products,CCC(N)CC(=O)N(C(=O)C(=O)NS(=O)(=O)C(F)(F)F)C(=O)[C@H](CC1CCCCC1)NC(=O)[C@@H](NC(=O)c1ccc(-c2ccc(Cl)cc2)o1)[C@@H](C)CC
544,"2-(dimethylamino)ethyl 2-[(3,4-dichloro-8a-ethyl-6-oxo-8,9-dihydro-7H-fluoren-2-yl)oxy]acetate",CCC12CCC(=O)C=C1c1c(cc(OCC(=O)OCCN(C)C)c(Cl)c1Cl)C2,C21H25Cl2NO4,,57318486,level 3,63,0.3247,0,0,0,0,0.8431696,1,0.7944418,1,1,0,1,Norman_Pharmaceuticals.csv,0.390625,0,Pharmaceuticals,CCC12CCC(=O)C=C1c1c(cc(OCC(=O)OCCN(C)C)c(Cl)c1Cl)C2
545,"6-[[3-chloro-5-methoxy-4-[(4-nitrophenyl)methoxy]phenyl]methylidene]-2-ethyl-5-imino-[1,3,4]thiadiazolo[3,2-a]pyrimidin-7-one",CCC1=NN2C(=N)C(=Cc3cc(Cl)c(OCc4ccc([N+](=O)[O-])cc4)c(OC)c3)C(=O)N=C2S1,C22H18ClN5O5S,,4379867,level 3,10,0.0515,0,0,0,0,0.010120912,0,0.76748264,1,1,0,1,Industrial_chemical.csv;Norman_Human metabolites.csv,0.3055555555555556,0,Industry and consumer goods,CCC1=NN2C(=N)C(=Cc3cc(Cl)c(OCc4ccc([N+](=O)[O-])cc4)c(OC)c3)C(=O)N=C2S1
546,"N-[1-[3-(3-amino-4-chloro-1-methylindazol-7-yl)-6-(3-hydroxy-3-methylbut-1-ynyl)-2-pyridinyl]-2-(3,5-difluorophenyl)ethyl]-2-[5-ethyl-6,6-difluoro-3-(trifluoromethyl)-4,5-dihydrocyclopenta[d]pyrazol-1-yl]acetamide",CCC1Cc2c(C(F)(F)F)nn(CC(=O)NC(Cc3cc(F)cc(F)c3)c3nc(C#CC(C)(C)O)ccc3-c3ccc(Cl)c4c(N)nn(C)c34)c2C1(F)F,C37H33ClF7N7O2,,123219243,level 3,176,0.9072,0,0,1,1,0.89621234,1,0.009252733,0,1,0,1,Norman_Pharmaceuticals.csv,0.2396694214876033,0,Pharmaceuticals,CCC1Cc2c(C(F)(F)F)nn(CC(=O)NC(Cc3cc(F)cc(F)c3)c3nc(C#CC(C)(C)O)ccc3-c3ccc(Cl)c4c(N)nn(C)c34)c2C1(F)F
547,"methyl 2-[[3-[2-chloro-4-(trifluoromethyl)phenyl]-2-oxo-1,3-benzoxazol-6-yl]oxy]hexanoate",CCCCC(Oc1ccc2c(c1)oc(=O)n2-c1ccc(C(F)(F)F)cc1Cl)C(=O)OC,C21H19ClF3NO5,,175542059,level 3,19,0.0979,0,0,0,1,0.97709155,1,0.99141985,1,0,0,1,Industrial_chemical.csv;Norman_Human metabolites.csv,0.3970588235294117,0,Industry and consumer goods,CCCCC(Oc1ccc2c(c1)oc(=O)n2-c1ccc(C(F)(F)F)cc1Cl)C(=O)OC
548,"[(Z)-octadec-12-enyl] (2S)-3-[(2-bromoacetyl)amino]-2-[[(9Z,12Z)-octadeca-9,12-dienoyl]amino]propanoate",CCCCC/C=C\C/C=C\CCCCCCCC(=O)N[C@@H](CNC(=O)CBr)C(=O)OCCCCCCCCCCC/C=C\CCCCC,C41H73BrN2O4,,155015510,level 3,18,0.0928,0,0,0,0,4.0352066e-07,0,0.000389063,0,0,0,1,Industrial_chemical.csv;Norman_Personal care products.csv;Norman_Human metabolites.csv,0.5510204081632653,0,Personal care products,CCCCC/C=C\C/C=C\CCCCCCCC(=O)N[C@@H](CNC(=O)CBr)C(=O)OCCCCCCCCCCC/C=C\CCCCC
549,"3,3-diamino-2-(6-chloro-3-cyclohexylazepan-2-yl)-N-[4-[4-(3,3-difluoroazetidin-1-yl)piperidin-1-yl]-3-hexyl-2,3,4,5-tetrahydropyridin-5-yl]propanamide",CCCCCCC1CN=CC(NC(=O)C(C(N)N)C2NCC(Cl)CCC2C2CCCCC2)C1N1CCC(N2CC(F)(F)C2)CC1,C34H60ClF2N7O,,155150980,level 3,136,0.701,0,0,1,0,0.05323207,0,0.049405094,0,1,0,1,Norman_Pharmaceuticals.csv,0.232,0,Pharmaceuticals,CCCCCCC1CN=CC(NC(=O)C(C(N)N)C2NCC(Cl)CCC2C2CCCCC2)C1N1CCC(N2CC(F)(F)C2)CC1
550,[2-[2-(2-aminoethylamino)ethyl-hexadecylamino]acetyl] 2-bromooctadecanoate,CCCCCCCCCCCCCCCCC(Br)C(=O)OC(=O)CN(CCCCCCCCCCCCCCCC)CCNCCN,C40H80BrN3O3,,88719699,level 3,28,0.1443,0,0,0,1,1.3402425e-07,0,2.1902237e-05,0,1,0,1,Norman_Human metabolites.csv,0.5957446808510638,0,Transformation and metabolic products,CCCCCCCCCCCCCCCCC(Br)C(=O)OC(=O)CN(CCCCCCCCCCCCCCCC)CCNCCN
551,"4-[[6-tert-butyl-2-[4-[(2-oxo-2-tetradecoxyethoxy)methylamino]phenyl]pyrazolo[1,5-b][1,2,4]triazol-7-ylidene]amino]-2,6-dichlorophenolate",CCCCCCCCCCCCCCOC(=O)COCNc1ccc(-c2nc3n(n2)N=C(C(C)(C)C)C3=Nc2cc(Cl)c([O-])c(Cl)c2)cc1,C37H49Cl2N6O4,,57832385,level 3,2,0.0103,0,0,0,1,0.6977824,1,0.039873842,0,0,0,1,Industrial_chemical.csv,0.3608247422680412,0,Industry and consumer goods,CCCCCCCCCCCCCCOC(=O)COCNc1ccc(-c2nc3n(n2)N=C(C(C)(C)C)C3=Nc2cc(Cl)c([O-])c(Cl)c2)cc1
552,[2-[(E)-8-bromo-7-hydroxy-18-methoxy-18-oxooctadec-9-en-6-yl]oxy-2-oxoethyl]-dodecyl-dimethylazanium,CCCCCCCCCCCC[N+](C)(C)CC(=O)OC(CCCCC)C(O)C(Br)/C=C/CCCCCCCC(=O)OC,C35H67BrNO5,,10147013,level 3,173,0.8918,0,0,1,0,0.000124661,0,0.026342059,0,1,0,1,Industrial_chemical.csv;Norman_Personal care products.csv;Norman_Human metabolites.csv;Norman_Food contact chemicals.csv,0.4833333333333333,0,Personal care products,CCCCCCCCCCCC[N+](C)(C)CC(=O)OC(CCCCC)C(O)C(Br)/C=C/CCCCCCCC(=O)OC
553,"propyl 2-chloro-5-[[2-[(5E)-5-[[5-(2,4-dichlorophenyl)furan-2-yl]methylidene]-2,4-dioxo-1,3-thiazolidin-3-yl]acetyl]amino]benzoate",CCCOC(=O)c1cc(NC(=O)CN2C(=O)S/C(=C/c3ccc(-c4ccc(Cl)cc4Cl)o3)C2=O)ccc1Cl,C26H19Cl3N2O6S,,126181298,level 3,3,0.0155,0,0,0,1,0.97754586,1,0.98657227,1,1,0,1,Norman_Pharmaceuticals.csv,0.369047619047619,0,Pharmaceuticals,CCCOC(=O)c1cc(NC(=O)CN2C(=O)S/C(=C/c3ccc(-c4ccc(Cl)cc4Cl)o3)C2=O)ccc1Cl
554,N-[1-[2-(3-bromo-4-propoxyphenoxy)quinolin-6-yl]ethyl]acetamide,CCCOc1ccc(Oc2ccc3cc(C(C)NC(C)=O)ccc3n2)cc1Br,C22H23BrN2O3,,70833759,level 3,15,0.0773,0,0,0,0,0.9727395,1,0.71907055,1,0,0,1,Industrial_chemical.csv;Norman_Drinking water chemicals.csv;Norman_Human metabolites.csv;Norman_Plant protection products.csv,0.3513513513513513,0,Pesticides,CCCOc1ccc(Oc2ccc3cc(C(C)NC(C)=O)ccc3n2)cc1Br
555,2-chloro-N-[(3S)-1-[[(2S)-1-[[1-[[(2S)-1-[[1-(ethylamino)-3-methyl-1-oxobutan-2-yl]amino]-1-oxopropan-2-yl]amino]-4-methylpentan-2-yl]amino]-1-oxopentan-2-yl]amino]-3-methyl-1-oxopentan-2-yl]-1-hydroxypyridin-1-ium-4-carboxamide,CCC[C@H](NC(=O)C(NC(=O)c1cc[n+](O)c(Cl)c1)[C@@H](C)CC)C(=O)NC(CN[C@@H](C)C(=O)NC(C(=O)NCC)C(C)C)CC(C)C,C33H57ClN7O6,,143138516,level 3,21,0.1082,0,0,0,0,0.003938838,0,0.017913181,0,1,0,1,Norman_Human metabolites.csv,0.4141414141414141,0,Transformation and metabolic products,CCC[C@H](NC(=O)C(NC(=O)c1cc[n+](O)c(Cl)c1)[C@@H](C)CC)C(=O)NC(CN[C@@H](C)C(=O)NC(C(=O)NCC)C(C)C)CC(C)C
556,"22-(4-chloro-2-propylphenyl)-7-[[3-(dimethylamino)azetidin-1-yl]methyl]-11,12-dimethyl-13-oxo-20-oxa-13lambda4-thia-1,14-diazatetracyclo[14.7.2.03,6.019,24]pentacosa-16(25),17,19(24)-trien-15-one",CCCc1cc(Cl)ccc1C1COc2ccc3cc2N(C1)CC1CCC1C(CN1CC(N(C)C)C1)CCCC(C)C(C)S(=O)NC3=O,C38H55ClN4O3S,,142537957,level 3,191,0.9845,0,0,1,1,0.98551947,1,0.8344869,1,1,0,1,Norman_Pharmaceuticals.csv,0.2352941176470588,0,Pharmaceuticals,CCCc1cc(Cl)ccc1C1COc2ccc3cc2N(C1)CC1CCC1C(CN1CC(N(C)C)C1)CCCC(C)C(C)S(=O)NC3=O
557,"6-bromo-3-[[1-[(2,4-dibromophenyl)methyl]-2-methylindol-3-yl]methylideneamino]-2-propylquinazolin-4-one",CCCc1nc2ccc(Br)cc2c(=O)n1N=Cc1c(C)n(Cc2ccc(Br)cc2Br)c2ccccc12,C28H23Br3N4O,,126315608,level 3,112,0.5773,0,0,1,1,0.9753326,1,0.9875677,1,0,0,1,Norman_Human metabolites.csv,0.2926829268292683,0,Transformation and metabolic products,CCCc1nc2ccc(Br)cc2c(=O)n1N=Cc1c(C)n(Cc2ccc(Br)cc2Br)c2ccccc12
558,"2-chloro-3-[4-chloro-3-[2,3-dihydroxypropyl(ethyl)sulfamoyl]phenyl]-5-(5-cyclohexylimino-4-methyl-1,3,4-thiadiazol-2-yl)-N-(2,3-dihydroxypropyl)-N-ethylbenzenesulfonamide",CCN(CC(O)CO)S(=O)(=O)c1cc(-c2cc(-c3nn(C)c(=NC4CCCCC4)s3)cc(S(=O)(=O)N(CC)CC(O)CO)c2Cl)ccc1Cl,C31H43Cl2N5O8S3,,70004505,level 3,12,0.0619,0,0,0,0,0.4661669,0,0.01578179,0,1,0,1,Norman_Human metabolites.csv,0.2873563218390804,0,Transformation and metabolic products,CCN(CC(O)CO)S(=O)(=O)c1cc(-c2cc(-c3nn(C)c(=NC4CCCCC4)s3)cc(S(=O)(=O)N(CC)CC(O)CO)c2Cl)ccc1Cl
559,tert-butyl N-[4-[[(2R)-3-(4-chlorophenyl)-1-[4-[cycloheptyl(diethylcarbamoyl)amino]piperidin-1-yl]-1-oxopropan-2-yl]amino]cyclohexyl]carbamate,CCN(CC)C(=O)N(C1CCCCCC1)C1CCN(C(=O)[C@@H](Cc2ccc(Cl)cc2)NC2CCC(NC(=O)OC(C)(C)C)CC2)CC1,C37H60ClN5O4,,86614292,level 3,113,0.5825,0,0,1,1,0.4855174,0,0.5680786,1,0,0,1,Industrial_chemical.csv,0.4342105263157895,0,Industry and consumer goods,CCN(CC)C(=O)N(C1CCCCCC1)C1CCN(C(=O)[C@@H](Cc2ccc(Cl)cc2)NC2CCC(NC(=O)OC(C)(C)C)CC2)CC1
560,"benzyl (2S,5R,6R)-6-[[2-(4,5-diacetyloxy-2-chlorophenyl)-2-[(4-ethyl-2,3-dioxopiperazine-1-carbonyl)amino]acetyl]amino]-3,3-dimethyl-7-oxo-4-thia-1-azabicyclo[3.2.0]heptane-2-carboxylate",CCN1CCN(C(=O)NC(C(=O)N[C@@H]2C(=O)N3[C@@H]2SC(C)(C)[C@@H]3C(=O)OCc2ccccc2)c2cc(OC(C)=O)c(OC(C)=O)cc2Cl)C(=O)C1=O,C34H36ClN5O11S,,70399765,level 3,14,0.0722,0,0,0,0,0.002140313,0,0.04196592,0,1,0,1,Industrial_chemical.csv;Norman_Human metabolites.csv;Norman_Human neurotoxins.csv;Norman_Pharmaceuticals.csv,0.6046511627906976,1,Pharmaceuticals,CCN1CCN(C(=O)NC(C(=O)N[C@@H]2C(=O)N3[C@@H]2SC(C)(C)[C@@H]3C(=O)OCc2ccccc2)c2cc(OC(C)=O)c(OC(C)=O)cc2Cl)C(=O)C1=O
561,"4-[5-acetyl-2-(2,4-dichlorophenoxy)phenyl]-N-ethyl-6-methyl-7-oxothieno[2,3-c]pyridine-2-carboxamide",CCNC(=O)c1cc2c(-c3cc(C(C)=O)ccc3Oc3ccc(Cl)cc3Cl)cn(C)c(=O)c2s1,C25H20Cl2N2O4S,,155457873,level 3,1,0.0052,0,0,0,0,0.4461823,0,0.76408565,1,1,0,1,Norman_Pharmaceuticals.csv,0.4078947368421052,0,Pharmaceuticals,CCNC(=O)c1cc2c(-c3cc(C(C)=O)ccc3Oc3ccc(Cl)cc3Cl)cn(C)c(=O)c2s1
562,"(2S)-1-[(2S)-2-[[4-[4-[[[6-chloro-3-(2-phenylethyl)-3,4-dihydro-2H-1,2,4-benzothiadiazin-7-yl]sulfonylamino]methyl]-1,3-oxazol-2-yl]-1-ethoxy-1-oxobutan-2-yl]amino]propanoyl]pyrrolidine-2-carboxylic acid",CCOC(=O)C(CCc1nc(CNS(=O)(=O)c2cc3c(cc2Cl)NC(CCc2ccccc2)NS3)co1)N[C@@H](C)C(=O)N1CCC[C@H]1C(=O)O,C33H41ClN6O8S2,,70385624,level 3,10,0.0515,0,0,0,0,0.004836313,0,0.90666467,1,1,0,1,Norman_Drinking water chemicals.csv;Norman_Human metabolites.csv;Norman_Human neurotoxins.csv;Norman_Pharmaceuticals.csv,0.5157894736842106,0,Pharmaceuticals,CCOC(=O)C(CCc1nc(CNS(=O)(=O)c2cc3c(cc2Cl)NC(CCc2ccccc2)NS3)co1)N[C@@H](C)C(=O)N1CCC[C@H]1C(=O)O
563,"ethyl 4-[4-methoxy-3-[(2,4,6-tribromophenoxy)methyl]phenyl]-6-methyl-2-sulfanylidene-3,4-dihydro-1H-pyrimidine-5-carboxylate",CCOC(=O)C1=C(C)NC(=S)NC1c1ccc(OC)c(COc2c(Br)cc(Br)cc2Br)c1,C22H21Br3N2O4S,,5110503,level 3,18,0.0928,0,0,0,1,0.9760436,1,0.8561847,1,1,0,1,Industrial_chemical.csv;Norman_Pharmaceuticals.csv,0.546875,0,Pharmaceuticals,CCOC(=O)C1=C(C)NC(=S)NC1c1ccc(OC)c(COc2c(Br)cc(Br)cc2Br)c1
564,"ethyl (2Z)-2-[(5-bromo-2-hydroxy-3-methoxyphenyl)methylidene]-3-oxo-7-phenyl-5-thiophen-2-yl-5H-[1,3]thiazolo[3,2-a]pyrimidine-6-carboxylate",CCOC(=O)C1=C(c2ccccc2)N=c2s/c(=C\c3cc(Br)cc(OC)c3O)c(=O)n2C1c1cccs1,C27H21BrN2O5S2,,21234506,level 3,4,0.0206,0,0,0,0,0.8822135,1,0.4531076,0,1,0,1,Norman_Human metabolites.csv,0.3291139240506329,0,Transformation and metabolic products,CCOC(=O)C1=C(c2ccccc2)N=c2s/c(=C\c3cc(Br)cc(OC)c3O)c(=O)n2C1c1cccs1
565,ethyl 2-[2-bromo-6-ethoxy-4-[(E)-[(4-nitrophenyl)hydrazinylidene]methyl]phenoxy]acetate,CCOC(=O)COc1c(Br)cc(/C=N/Nc2ccc([N+](=O)[O-])cc2)cc1OCC,C19H20BrN3O6,,125920830,level 3,7,0.0361,0,0,0,0,0.5976119,1,0.94641495,1,1,0,1,Industrial_chemical.csv,0.4838709677419355,0,Industry and consumer goods,CCOC(=O)COc1c(Br)cc(/C=N/Nc2ccc([N+](=O)[O-])cc2)cc1OCC
566,ethyl (3S)-3-[[2-(5-bromo-2-fluorophenyl)-2-[5-[2-(3-fluoroazetidin-1-yl)ethyl]-2-oxo-4-(trifluoromethyl)-1-pyridinyl]acetyl]amino]-3-[5-(2-hydroxy-6-methylphenyl)-2-methylthiophen-3-yl]propanoate,CCOC(=O)C[C@H](NC(=O)C(c1cc(Br)ccc1F)n1cc(CCN2CC(F)C2)c(C(F)(F)F)cc1=O)c1cc(-c2c(C)cccc2O)sc1C,C36H35BrF5N3O5S,,171826095,level 3,9,0.0464,0,0,0,1,0.76581997,1,0.05611944,0,0,0,1,Norman_Pharmaceuticals.csv,0.2616822429906542,0,Pharmaceuticals,CCOC(=O)C[C@H](NC(=O)C(c1cc(Br)ccc1F)n1cc(CCN2CC(F)C2)c(C(F)(F)F)cc1=O)c1cc(-c2c(C)cccc2O)sc1C
567,"2,2,2-trichloroethyl (4R,6R,7R)-4-ethoxycarbonyloxy-3-methyl-8-oxo-7-[(2-phenoxyacetyl)amino]-5-thia-1-azabicyclo[4.2.0]oct-2-ene-2-carboxylate",CCOC(=O)O[C@@H]1S[C@@H]2[C@H](NC(=O)COc3ccccc3)C(=O)N2C(C(=O)OCC(Cl)(Cl)Cl)=C1C,C21H21Cl3N2O8S,,23252506,level 3,16,0.0825,0,0,0,0,0.024485271,0,2.1715035e-05,0,1,0,1,Norman_Human metabolites.csv,0.4683544303797468,0,Transformation and metabolic products,CCOC(=O)O[C@@H]1S[C@@H]2[C@H](NC(=O)COc3ccccc3)C(=O)N2C(C(=O)OCC(Cl)(Cl)Cl)=C1C
568,"ethyl 4-bromo-2-(bromomethyl)-5-(4-chlorophenyl)-1-[1-(1,3-dioxol-4-yl)-2-phenylethyl]pyrrole-3-carboxylate",CCOC(=O)c1c(Br)c(-c2ccc(Cl)cc2)n(C(Cc2ccccc2)C2=COCO2)c1CBr,C25H22Br2ClNO4,,68428693,level 3,1,0.0052,0,0,0,1,0.9780935,1,0.9740688,1,1,0,1,Norman_Human metabolites.csv,0.35,0,Transformation and metabolic products,CCOC(=O)c1c(Br)c(-c2ccc(Cl)cc2)n(C(Cc2ccccc2)C2=COCO2)c1CBr
569,ethyl 6-bromo-4-[(dimethylamino)methyl]-5-hydroxy-2-[(3-hydroxyphenyl)sulfanylmethyl]-1-methylindole-3-carboxylate,CCOC(=O)c1c(CSc2cccc(O)c2)n(C)c2cc(Br)c(O)c(CN(C)C)c12,C22H25BrN2O4S,,137653866,level 3,2,0.0103,0,0,0,1,0.7687629,1,0.92848253,1,1,0,1,Industrial_chemical.csv;Norman_Human metabolites.csv;Norman_Pharmaceuticals.csv,0.8524590163934426,1,Pharmaceuticals,CCOC(=O)c1c(CSc2cccc(O)c2)n(C)c2cc(Br)c(O)c(CN(C)C)c12
570,"ethyl 3-(1,2-dibromo-3-ethoxy-3-oxopropyl)-2-methylsulfanylindolizine-1-carboxylate",CCOC(=O)c1c(SC)c(C(Br)C(Br)C(=O)OCC)n2ccccc12,C17H19Br2NO4S,,101042429,level 3,171,0.8814,0,0,1,1,0.61784124,1,0.6869222,1,1,0,1,Industrial_chemical.csv,0.3653846153846153,0,Industry and consumer goods,CCOC(=O)c1c(SC)c(C(Br)C(Br)C(=O)OCC)n2ccccc12
571,"ethyl 4,6-dibromo-5-[3-(4-fluorobenzoyl)-4-hydroxyphenoxy]-1-benzofuran-2-carboxylate",CCOC(=O)c1cc2c(Br)c(Oc3ccc(O)c(C(=O)c4ccc(F)cc4)c3)c(Br)cc2o1,C24H15Br2FO6,,22228626,level 3,46,0.2371,0,0,0,1,0.9599007,1,0.97243613,1,1,0,1,Norman_Indoor environment substances.csv;Industrial_chemical.csv;Norman_Human metabolites.csv,0.3934426229508196,0,Industry and consumer goods,CCOC(=O)c1cc2c(Br)c(Oc3ccc(O)c(C(=O)c4ccc(F)cc4)c3)c(Br)cc2o1
572,"benzyl (2R,3R)-1,1,1-trichloro-2-[(4-methylphenyl)sulfonylamino]pentane-3-sulfonate",CC[C@H]([C@@H](NS(=O)(=O)c1ccc(C)cc1)C(Cl)(Cl)Cl)S(=O)(=O)OCc1ccccc1,C19H22Cl3NO5S2,,102083712,level 3,74,0.3814,0,0,0,0,0.9078783,1,0.92449826,1,0,0,1,Industrial_chemical.csv;Norman_Human metabolites.csv,0.4561403508771929,0,Industry and consumer goods,CC[C@H]([C@@H](NS(=O)(=O)c1ccc(C)cc1)C(Cl)(Cl)Cl)S(=O)(=O)OCc1ccccc1
573,"[(2R,3R,4R,5R)-5-ethyl-4-methyl-2-[[(2R,3S,4S,5R,6S)-3,4,5-triacetyloxy-6-bromooxan-2-yl]methoxy]oxolan-3-yl] acetate",CC[C@H]1O[C@@H](OC[C@H]2O[C@@H](Br)[C@H](OC(C)=O)[C@@H](OC(C)=O)[C@H]2OC(C)=O)[C@H](OC(C)=O)[C@@H]1C,C21H31BrO11,,161946566,level 3,33,0.1701,0,0,0,0,0.001234496,0,0.08387343,0,1,0,1,Industrial_chemical.csv;Norman_Human metabolites.csv,0.5909090909090909,0,Industry and consumer goods,CC[C@H]1O[C@@H](OC[C@H]2O[C@@H](Br)[C@H](OC(C)=O)[C@@H](OC(C)=O)[C@H]2OC(C)=O)[C@H](OC(C)=O)[C@@H]1C
574,"4-[3-[[[2-chloro-5-[2-methyl-1-[5-(1,1,2,2,2-pentafluoroethyl)-4-(trifluoromethyl)-1H-pyrazol-3-yl]-3H-pyrazol-4-yl]benzoyl]-(1-cyanocyclopropyl)amino]methoxycarbonyloxy]propoxy]-4-oxobutanoic acid",CN1CC(c2ccc(Cl)c(C(=O)N(COC(=O)OCCCOC(=O)CCC(=O)O)C3(C#N)CC3)c2)=CN1c1n[nH]c(C(F)(F)C(F)(F)F)c1C(F)(F)F,C30H27ClF8N6O8,,175103026,level 3,8,0.0412,0,0,0,0,0.009006016,0,0.789228,1,0,0,1,EPA_PFAS.csv,0.3076923076923077,0,Industry and consumer goods,CN1CC(c2ccc(Cl)c(C(=O)N(COC(=O)OCCCOC(=O)CCC(=O)O)C3(C#N)CC3)c2)=CN1c1n[nH]c(C(F)(F)C(F)(F)F)c1C(F)(F)F
575,"4-(4-chlorophenyl)-11-methyl-5-(2-morpholin-4-yl-2-oxoethyl)sulfanyl-8-thia-4,6,11-triazatricyclo[7.4.0.02,7]trideca-1(9),2(7),5-trien-3-one",CN1CCc2c(sc3nc(SCC(=O)N4CCOCC4)n(-c4ccc(Cl)cc4)c(=O)c23)C1,C22H23ClN4O3S2,,5160172,level 3,87,0.4485,0,0,0,0,1.4144424e-05,0,0.04353655,0,0,0,1,Norman_Drugs of abuse.csv;Norman_Pharmaceuticals.csv;Norman_Human metabolites.csv;Industrial_chemical.csv;Norman_Human neurotoxins.csv,0.3150684931506849,0,Pharmaceuticals,CN1CCc2c(sc3nc(SCC(=O)N4CCOCC4)n(-c4ccc(Cl)cc4)c(=O)c23)C1
576,"2-[2-[(3-chloro-5,5-dihydroxy-6-methyl-11H-benzo[c][2,1]benzothiazepin-11-yl)amino]ethylsulfonyl]acetic acid",CN1c2ccccc2C(NCCS(=O)(=O)CC(=O)O)c2ccc(Cl)cc2S1(O)O,C18H21ClN2O6S2,,90355129,level 3,14,0.0722,0,0,0,0,0.002580912,0,0.004756737,0,1,0,1,Industrial_chemical.csv;Norman_Human metabolites.csv;Norman_Pharmaceuticals.csv,0.6060606060606061,1,Pharmaceuticals,CN1c2ccccc2C(NCCS(=O)(=O)CC(=O)O)c2ccc(Cl)cc2S1(O)O
577,4-azido-5-[2-chloro-6-[(3-iodobenzoyl)amino]purin-9-yl]-N-methyloxolane-2-carboxamide,CNC(=O)C1CC(N=[N+]=[N-])C(n2cnc3c(NC(=O)c4cccc(I)c4)nc(Cl)nc32)O1,C18H15ClIN9O3,,44293495,level 3,18,0.0928,0,0,0,0,0.060305003,0,0.8118037,1,1,0,1,Norman_Pharmaceuticals.csv,0.4831460674157303,0,Pharmaceuticals,CNC(=O)C1CC(N=[N+]=[N-])C(n2cnc3c(NC(=O)c4cccc(I)c4)nc(Cl)nc32)O1
578,4-[4-[[4-chloro-3-(trifluoromethoxy)phenyl]carbamoylamino]-3-fluorophenoxy]-N-methylpyridine-2-carboxamide,CNC(=O)c1cc(Oc2ccc(NC(=O)Nc3ccc(Cl)c(OC(F)(F)F)c3)c(F)c2)ccn1,C21H15ClF4N4O4,,155813764,level 3,2,0.0103,0,0,0,1,0.9232384,1,0.7812423,1,1,0,1,Norman_Pharmaceuticals.csv,0.7846153846153846,1,Pharmaceuticals,CNC(=O)c1cc(Oc2ccc(NC(=O)Nc3ccc(Cl)c(OC(F)(F)F)c3)c(F)c2)ccn1
579,"4-[[[2-[2-(2-chlorophenyl)-1,3-thiazol-4-yl]acetyl]-(furan-2-ylmethyl)amino]methyl]-N-methylbenzamide",CNC(=O)c1ccc(CN(Cc2ccco2)C(=O)Cc2csc(-c3ccccc3Cl)n2)cc1,C25H22ClN3O3S,,37433336,level 3,164,0.8454,0,0,1,0,0.93336254,1,0.8745383,1,1,0,1,Norman_Human metabolites.csv,0.3142857142857143,0,Transformation and metabolic products,CNC(=O)c1ccc(CN(Cc2ccco2)C(=O)Cc2csc(-c3ccccc3Cl)n2)cc1
580,"3-[[7-chloro-5-fluoro-3-(methylsulfamoyl)quinolin-4-yl]amino]-5-(3,5-difluorophenoxy)benzoic acid",CNS(=O)(=O)c1cnc2cc(Cl)cc(F)c2c1Nc1cc(Oc2cc(F)cc(F)c2)cc(C(=O)O)c1,C23H15ClF3N3O5S,,168991080,level 3,1,0.0052,0,0,0,0,0.94725215,1,0.8410504,1,0,0,1,Norman_Plant protection products.csv,0.3287671232876712,0,Pesticides,CNS(=O)(=O)c1cnc2cc(Cl)cc(F)c2c1Nc1cc(Oc2cc(F)cc(F)c2)cc(C(=O)O)c1
581,"(2S)-2-[(2,6-dichloropyridine-3-carbonyl)amino]-3-[4-[2-[6-(methylamino)-2-pyridinyl]ethoxy]phenyl]propanoic acid",CNc1cccc(CCOc2ccc(C[C@H](NC(=O)c3ccc(Cl)nc3Cl)C(=O)O)cc2)n1,C23H22Cl2N4O4,,25026332,level 3,3,0.0155,0,0,0,0,0.20573877,0,2.7588707e-05,0,1,0,1,Industrial_chemical.csv;Norman_Human metabolites.csv,0.4324324324324324,0,Industry and consumer goods,CNc1cccc(CCOc2ccc(C[C@H](NC(=O)c3ccc(Cl)nc3Cl)C(=O)O)cc2)n1
582,methyl 2-[(2Z)-2-[2-[2-chloro-4-(trifluoromethyl)phenoxy]phenyl]-2-methoxyiminoethoxy]propanoate,CO/N=C(\COC(C)C(=O)OC)c1ccccc1Oc1ccc(C(F)(F)F)cc1Cl,C20H19ClF3NO5,,141776606,level 3,13,0.067,0,0,0,0,0.98801446,1,0.9802829,1,0,0,1,Norman_Human metabolites.csv,0.4202898550724637,0,Transformation and metabolic products,CO/N=C(\COC(C)C(=O)OC)c1ccccc1Oc1ccc(C(F)(F)F)cc1Cl
583,(2R)-2-amino-3-[[(3Z)-3-(carboxymethylidene)-1-[1-(2-chlorophenyl)-2-methoxy-2-oxoethyl]piperidin-4-yl]disulfanyl]propanoic acid,COC(=O)C(c1ccccc1Cl)N1CCC(SSC[C@H](N)C(=O)O)/C(=C\C(=O)O)C1,C19H23ClN2O6S2,,118565507,level 3,11,0.0567,0,0,0,0,4.806948e-08,0,6.7435035e-10,0,0,0,1,Norman_Human metabolites.csv,0.4722222222222222,0,Transformation and metabolic products,COC(=O)C(c1ccccc1Cl)N1CCC(SSC[C@H](N)C(=O)O)/C(=C\C(=O)O)C1
584,methyl 3-carbamoyl-5-[(3-chlorophenyl)-[2-(methoxycarbonylamino)ethoxy]methyl]benzoate,COC(=O)NCCOC(c1cccc(Cl)c1)c1cc(C(N)=O)cc(C(=O)OC)c1,C20H21ClN2O6,,68024965,level 3,34,0.1753,0,0,0,0,0.011896254,0,7.738528e-05,0,0,0,1,Industrial_chemical.csv;Norman_Human metabolites.csv,0.4150943396226415,0,Industry and consumer goods,COC(=O)NCCOC(c1cccc(Cl)c1)c1cc(C(N)=O)cc(C(=O)OC)c1
585,methyl (2S)-4-[5-(3-bromobutoxy)-4-fluoro-6-methoxy-1-benzothiophen-2-yl]-2-methyl-4-oxobutanoate,COC(=O)[C@@H](C)CC(=O)c1cc2c(F)c(OCCC(C)Br)c(OC)cc2s1,C19H22BrFO5S,,139547105,level 3,9,0.0464,0,0,0,0,4.4078548e-05,0,0.017225808,0,1,0,1,Norman_Human metabolites.csv,0.3,0,Transformation and metabolic products,COC(=O)[C@@H](C)CC(=O)c1cc2c(F)c(OCCC(C)Br)c(OC)cc2s1
586,"methyl (2S)-2-[[4-[[4-[[1-(4-chlorophenyl)cyclopropyl]amino]-6-(2,2,2-trifluoroethoxy)-1,3,5-triazin-2-yl]amino]benzoyl]amino]-4-[[2-oxo-2-[2-(1,2,4-triazol-1-yl)ethylamino]acetyl]amino]butanoate",COC(=O)[C@H](CCNC(=O)C(=O)NCCn1cncn1)NC(=O)c1ccc(Nc2nc(NC3(c4ccc(Cl)cc4)CC3)nc(OCC(F)(F)F)n2)cc1,C32H33ClF3N11O6,,117794868,level 3,1,0.0052,0,0,0,0,0.62314487,1,0.011715491,0,1,0,1,Norman_Plant protection products.csv,0.3,0,Pesticides,COC(=O)[C@H](CCNC(=O)C(=O)NCCn1cncn1)NC(=O)c1ccc(Nc2nc(NC3(c4ccc(Cl)cc4)CC3)nc(OCC(F)(F)F)n2)cc1
587,"methyl (2S)-3-[4-(4-cyanophenyl)phenyl]-2-[[(8S)-3-[4-[(3,4-dichlorophenyl)methoxy]phenyl]-7-propan-2-yl-3,6,8,9-tetrahydro-2H-[1,4]dioxino[2,3-g]isoquinoline-8-carbonyl]amino]propanoate",COC(=O)[C@H](Cc1ccc(-c2ccc(C#N)cc2)cc1)NC(=O)[C@@H]1Cc2cc3c(cc2CN1C(C)C)OC(c1ccc(OCc2ccc(Cl)c(Cl)c2)cc1)CO3,C45H41Cl2N3O6,,66719740,level 3,1,0.0052,0,0,0,1,0.94425803,1,0.62451756,1,1,0,1,Industrial_chemical.csv;Norman_Human metabolites.csv,0.3125,0,Industry and consumer goods,COC(=O)[C@H](Cc1ccc(-c2ccc(C#N)cc2)cc1)NC(=O)[C@@H]1Cc2cc3c(cc2CN1C(C)C)OC(c1ccc(OCc2ccc(Cl)c(Cl)c2)cc1)CO3
588,"2-(2-chloro-4-iodoanilino)-3,4-difluoro-1-methoxycarbonyl-5-[(E)-[(4-methylphenyl)-sulfinatohydrazinylidene]methyl]benzene",COC(=O)c1cc(/C=N/N(c2ccc(C)cc2)S(=O)[O-])c(F)c(F)c1Nc1ccc(I)cc1Cl,C22H16ClF2IN3O4S,,175291148,level 3,103,0.5309,0,0,1,1,0.8783997,1,0.6677999,1,1,0,1,Industrial_chemical.csv;Norman_Pharmaceuticals.csv,0.3614457831325301,0,Pharmaceuticals,COC(=O)c1cc(/C=N/N(c2ccc(C)cc2)S(=O)[O-])c(F)c(F)c1Nc1ccc(I)cc1Cl
589,"methyl 5-[[2-[(4-bromophenyl)sulfonyl-[(2,4-dichlorophenyl)methyl]amino]acetyl]amino]-1-benzothiophene-2-carboxylate",COC(=O)c1cc2cc(NC(=O)CN(Cc3ccc(Cl)cc3Cl)S(=O)(=O)c3ccc(Br)cc3)ccc2s1,C25H19BrCl2N2O5S2,,43872279,level 3,126,0.6495,0,0,1,1,0.97791976,1,0.36486724,0,1,0,1,Norman_Human metabolites.csv,0.3373493975903614,0,Transformation and metabolic products,COC(=O)c1cc2cc(NC(=O)CN(Cc3ccc(Cl)cc3Cl)S(=O)(=O)c3ccc(Br)cc3)ccc2s1
590,"dimethyl 1,6-dibromo-4,9-diformylperylene-3,10-dicarboxylate",COC(=O)c1ccc2c3c(Br)cc(C(=O)OC)c4c(C=O)cc(Br)c(c5ccc(C=O)c1c52)c43,C26H14Br2O6,,142401200,level 3,65,0.3351,0,0,0,0,0.99096566,1,0.8337341,1,1,0,1,Industrial_chemical.csv;Norman_Human metabolites.csv,0.4444444444444444,0,Industry and consumer goods,COC(=O)c1ccc2c3c(Br)cc(C(=O)OC)c4c(C=O)cc(Br)c(c5ccc(C=O)c1c52)c43
591,"3a-[[4-(2-aminoethyl)-5-(4-chlorophenyl)-1,2,4-triazol-3-yl]-hydroxymethyl]-9-methoxy-5b,8,8,11a-tetramethyl-1-propan-2-yl-3,4,5,5a,6,7,7a,9,10,11,11b,12,13,13a-tetradecahydrocyclopenta[a]chrysen-2-one",COC1CCC2(C)C(CCC3(C)C4CCC5(C(O)c6nnc(-c7ccc(Cl)cc7)n6CCN)CC(=O)C(C(C)C)=C5C4CCC32)C1(C)C,C40H57ClN4O3,,138456563,level 3,26,0.134,0,0,0,1,0.84290045,1,0.68837583,1,1,0,1,Norman_Human metabolites.csv,0.2456140350877192,0,Transformation and metabolic products,COC1CCC2(C)C(CCC3(C)C4CCC5(C(O)c6nnc(-c7ccc(Cl)cc7)n6CCN)CC(=O)C(C(C)C)=C5C4CCC32)C1(C)C
592,"4-[[3a-[(1R)-2-[(4-chlorophenyl)methyl-(3-methoxypropyl)amino]-1-hydroxyethyl]-5b,8,8,11a-tetramethyl-2-oxo-1-propan-2-yl-3,4,5,5a,6,7,7a,9,10,11,11b,12,13,13a-tetradecahydrocyclopenta[a]chrysen-9-yl]oxy]-2,2-dimethyl-4-oxobutanoic acid",COCCCN(Cc1ccc(Cl)cc1)C[C@H](O)C12CCC3C(CCC4C3(C)CCC3C(C)(C)C(OC(=O)CC(C)(C)C(=O)O)CCC34C)C1=C(C(C)C)C(=O)C2,C47H70ClNO7,,144647707,level 3,21,0.1082,0,0,0,0,0.5587405,1,0.7341503,1,1,0,1,Norman_Pharmaceuticals.csv,0.3333333333333333,0,Pharmaceuticals,COCCCN(Cc1ccc(Cl)cc1)C[C@H](O)C12CCC3C(CCC4C3(C)CCC3C(C)(C)C(OC(=O)CC(C)(C)C(=O)O)CCC34C)C1=C(C(C)C)C(=O)C2
593,"5-[(3,5-dichloro-4-pyridinyl)sulfanyl]-N-[3-(2-methoxyethylamino)-1-oxo-2,3-dihydro-1-benzothiophen-6-yl]-4-nitrothiophene-2-carboxamide",COCCNC1CS(=O)c2cc(NC(=O)c3cc([N+](=O)[O-])c(Sc4c(Cl)cncc4Cl)s3)ccc21,C21H18Cl2N4O5S3,,126559347,level 3,37,0.1907,0,0,0,0,0.607939,1,0.062014326,0,0,0,1,Industrial_chemical.csv;Norman_Human metabolites.csv,0.3023255813953488,0,Industry and consumer goods,COCCNC1CS(=O)c2cc(NC(=O)c3cc([N+](=O)[O-])c(Sc4c(Cl)cncc4Cl)s3)ccc21
594,"2-[4-chloro-2-[2-(2-methoxyethoxycarbonyloxy)-3,4-dihydro-1H-isoquinolin-1-yl]phenoxy]acetic acid",COCCOC(=O)ON1CCc2ccccc2C1c1cc(Cl)ccc1OCC(=O)O,C21H22ClNO7,,118387357,level 3,27,0.1392,0,0,0,0,6.6482484e-05,0,2.2929714e-09,0,1,0,1,Industrial_chemical.csv,0.4032258064516129,0,Industry and consumer goods,COCCOC(=O)ON1CCc2ccccc2C1c1cc(Cl)ccc1OCC(=O)O
595,"(10R,12R,13R,14R)-4-[(3-chlorophenyl)methyl]-13-[(2S,3R,4S,6R)-4-(dimethylamino)-3-hydroxy-6-methyloxan-2-yl]oxy-12-methoxy-8,10,12,14,16,16-hexamethyl-1-oxa-4,8-diazacycloheptadecane-15,17-dione",CO[C@]1(C)C[C@@H](C)CN(C)CCCN(Cc2cccc(Cl)c2)CCOC(=O)C(C)(C)C(=O)[C@H](C)[C@H]1O[C@@H]1O[C@H](C)C[C@H](N(C)C)[C@H]1O,C36H60ClN3O7,,174270670,level 3,20,0.1031,0,0,0,0,0.83934516,1,0.05305216,0,1,0,1,Industrial_chemical.csv;Norman_Pharmaceuticals.csv,0.4031007751937984,0,Pharmaceuticals,CO[C@]1(C)C[C@@H](C)CN(C)CCCN(Cc2cccc(Cl)c2)CCOC(=O)C(C)(C)C(=O)[C@H](C)[C@H]1O[C@@H]1O[C@H](C)C[C@H](N(C)C)[C@H]1O
596,"N-[4-(acetylcarbamothioylamino)phenyl]-3,5-dibromo-2-methoxybenzamide",COc1c(Br)cc(Br)cc1C(=O)Nc1ccc(NC(=S)NC(C)=O)cc1,C17H15Br2N3O3S,,5087993,level 3,63,0.3247,0,0,0,0,0.8314192,1,0.55883366,1,1,0,1,Norman_Human metabolites.csv,0.4791666666666667,0,Transformation and metabolic products,COc1c(Br)cc(Br)cc1C(=O)Nc1ccc(NC(=S)NC(C)=O)cc1
597,"2,6-dibromo-4-[3-(3,5-dibromo-4-methoxy-2-methylphenyl)-1-oxo-2,1lambda4-benzoxathiol-3-yl]-3-methylphenol",COc1c(Br)cc(C2(c3cc(Br)c(O)c(Br)c3C)OS(=O)c3ccccc32)c(C)c1Br,C22H16Br4O4S,,168916336,level 3,20,0.1031,0,0,0,1,0.9952525,1,0.9967706,1,1,0,1,Industrial_chemical.csv;Norman_Personal care products.csv;Norman_Industrial chemicals.csv,0.5,0,Personal care products,COc1c(Br)cc(C2(c3cc(Br)c(O)c(Br)c3C)OS(=O)c3ccccc32)c(C)c1Br
598,"N-(4-bromo-2,6-dichloro-3,5-dimethoxyphenyl)-4-(2,3,4-trifluoroanilino)thieno[3,2-d]pyrimidine-7-carboxamide",COc1c(Cl)c(NC(=O)c2csc3c(Nc4ccc(F)c(F)c4F)ncnc23)c(Cl)c(OC)c1Br,C21H12BrCl2F3N4O3S,,87357005,level 3,85,0.4381,0,0,0,0,0.9695622,1,0.3126591,0,1,0,1,Norman_Pharmaceuticals.csv,0.3157894736842105,0,Pharmaceuticals,COc1c(Cl)c(NC(=O)c2csc3c(Nc4ccc(F)c(F)c4F)ncnc23)c(Cl)c(OC)c1Br
599,"(Z)-3-[3-bromo-4-[(2-fluorophenyl)methoxy]-5-methoxyphenyl]-2-[[5-(4-chlorophenyl)-1H-1,2,4-triazol-3-yl]sulfanyl]prop-2-enoic acid",COc1cc(/C=C(\Sc2n[nH]c(-c3ccc(Cl)cc3)n2)C(=O)O)cc(Br)c1OCc1ccccc1F,C25H18BrClFN3O4S,,125645207,level 3,6,0.0309,0,0,0,1,0.24071662,0,0.05109287,0,1,0,1,Industrial_chemical.csv,0.2921348314606741,0,Industry and consumer goods,COc1cc(/C=C(\Sc2n[nH]c(-c3ccc(Cl)cc3)n2)C(=O)O)cc(Br)c1OCc1ccccc1F
600,"2-[(5E)-5-[[3-bromo-4-[(4-bromophenyl)methoxy]-5-methoxyphenyl]methylidene]-2,4-dioxo-1,3-thiazolidin-3-yl]-N-(2,3,4-trifluorophenyl)acetamide",COc1cc(/C=C2/SC(=O)N(CC(=O)Nc3ccc(F)c(F)c3F)C2=O)cc(Br)c1OCc1ccc(Br)cc1,C26H17Br2F3N2O5S,,126271171,level 3,86,0.4433,0,0,0,0,0.97882223,1,0.79879445,1,1,0,1,Industrial_chemical.csv,0.3522727272727273,0,Industry and consumer goods,COc1cc(/C=C2/SC(=O)N(CC(=O)Nc3ccc(F)c(F)c3F)C2=O)cc(Br)c1OCc1ccc(Br)cc1
601,"4-[[2-bromo-4-[(E)-[2,4-dioxo-3-(2-phenylethyl)-1,3-thiazolidin-5-ylidene]methyl]-6-methoxyphenoxy]methyl]benzonitrile",COc1cc(/C=C2/SC(=O)N(CCc3ccccc3)C2=O)cc(Br)c1OCc1ccc(C#N)cc1,C27H21BrN2O4S,,126208114,level 3,10,0.0515,0,0,0,1,0.7165576,1,0.42028654,0,1,0,1,Industrial_chemical.csv,0.3411764705882353,0,Industry and consumer goods,COc1cc(/C=C2/SC(=O)N(CCc3ccccc3)C2=O)cc(Br)c1OCc1ccc(C#N)cc1
602,"2-[[4-[(E)-[3-[(3-bromophenyl)methyl]-2,4-dioxo-1,3-thiazolidin-5-ylidene]methyl]-2-iodo-6-methoxyphenoxy]methyl]benzonitrile",COc1cc(/C=C2/SC(=O)N(Cc3cccc(Br)c3)C2=O)cc(I)c1OCc1ccccc1C#N,C26H18BrIN2O4S,,126163209,level 3,90,0.4639,0,0,0,1,0.69619125,1,0.7019113,1,1,0,1,Industrial_chemical.csv,0.3111111111111111,0,Industry and consumer goods,COc1cc(/C=C2/SC(=O)N(Cc3cccc(Br)c3)C2=O)cc(I)c1OCc1ccccc1C#N
603,"(5E)-3-(4-bromophenyl)-5-[[3-methoxy-4-[2-nitro-4-(trifluoromethyl)phenoxy]phenyl]methylidene]-2-sulfanylidene-1,3-thiazolidin-4-one",COc1cc(/C=C2/SC(=S)N(c3ccc(Br)cc3)C2=O)ccc1Oc1ccc(C(F)(F)F)cc1[N+](=O)[O-],C24H14BrF3N2O5S2,,126344798,level 3,85,0.4381,0,0,0,1,0.9709607,1,0.8343165,1,1,0,1,Norman_Human metabolites.csv,0.453125,0,Transformation and metabolic products,COc1cc(/C=C2/SC(=S)N(c3ccc(Br)cc3)C2=O)ccc1Oc1ccc(C(F)(F)F)cc1[N+](=O)[O-]
604,"4-[[4-[(Z)-(3-benzyl-2,4-dioxo-1,3-thiazolidin-5-ylidene)methyl]-2-bromo-6-methoxyphenoxy]methyl]benzonitrile",COc1cc(/C=C2\SC(=O)N(Cc3ccccc3)C2=O)cc(Br)c1OCc1ccc(C#N)cc1,C26H19BrN2O4S,,49888679,level 3,154,0.7938,0,0,1,1,0.7333277,1,0.5944823,1,0,0,1,Industrial_chemical.csv,0.4177215189873418,0,Industry and consumer goods,COc1cc(/C=C2\SC(=O)N(Cc3ccccc3)C2=O)cc(Br)c1OCc1ccc(C#N)cc1
605,"N-[(E)-(3-bromo-5-methoxy-4-propan-2-yloxyphenyl)methylideneamino]-2-[(3,5-dioxo-2H-1,2,4-triazin-6-yl)amino]acetamide",COc1cc(/C=N/NC(=O)CNc2n[nH]c(=O)[nH]c2=O)cc(Br)c1OC(C)C,C16H19BrN6O5,,110511810,level 3,45,0.232,0,0,0,0,1.0356755e-06,0,0.000291525,0,1,0,1,Norman_Human metabolites.csv,0.3376623376623376,0,Transformation and metabolic products,COc1cc(/C=N/NC(=O)CNc2n[nH]c(=O)[nH]c2=O)cc(Br)c1OC(C)C
606,"5,7-dibromo-N-[(Z)-[3-chloro-4-[(3,4-dichlorophenyl)methoxy]-5-methoxyphenyl]methylideneamino]-1-benzofuran-2-carboxamide",COc1cc(/C=N\NC(=O)c2cc3cc(Br)cc(Br)c3o2)cc(Cl)c1OCc1ccc(Cl)c(Cl)c1,C24H15Br2Cl3N2O4,,21375891,level 3,13,0.067,0,0,0,1,0.98728687,1,0.99778247,1,1,0,1,Norman_Human metabolites.csv,0.3376623376623376,0,Transformation and metabolic products,COc1cc(/C=N\NC(=O)c2cc3cc(Br)cc(Br)c3o2)cc(Cl)c1OCc1ccc(Cl)c(Cl)c1
607,"2-[(3R,5R)-7-chloro-1-[[2-chloro-5-[[2-[3-methoxy-4-[(2-methylphenyl)carbamoylamino]phenyl]acetyl]amino]phenyl]methyl]-2-oxo-5-phenyl-5H-4,1-benzoxazepin-3-yl]acetic acid",COc1cc(CC(=O)Nc2ccc(Cl)c(CN3C(=O)[C@@H](CC(=O)O)O[C@H](c4ccccc4)c4cc(Cl)ccc43)c2)ccc1NC(=O)Nc1ccccc1C,C41H36Cl2N4O7,,9853652,level 3,5,0.0258,0,0,0,1,0.99034745,1,0.9134774,1,1,0,1,Industrial_chemical.csv,0.3805309734513274,0,Industry and consumer goods,COc1cc(CC(=O)Nc2ccc(Cl)c(CN3C(=O)[C@@H](CC(=O)O)O[C@H](c4ccccc4)c4cc(Cl)ccc43)c2)ccc1NC(=O)Nc1ccccc1C
608,"1-[1-(3,5-dichlorophenyl)cyclopropyl]-3-[(3S,4R)-4-(2,6-difluoro-4-methoxyphenyl)-1-(2-hydroxyethyl)-2-oxopyrrolidin-3-yl]urea",COc1cc(F)c([C@@H]2CN(CCO)C(=O)[C@H]2NC(=O)NC2(c3cc(Cl)cc(Cl)c3)CC2)c(F)c1,C23H23Cl2F2N3O4,,150609620,level 3,6,0.0309,0,0,0,0,0.36580646,0,0.6637548,1,0,0,1,Norman_Human metabolites.csv;Norman_Pharmaceuticals.csv,0.2926829268292683,0,Pharmaceuticals,COc1cc(F)c([C@@H]2CN(CCO)C(=O)[C@H]2NC(=O)NC2(c3cc(Cl)cc(Cl)c3)CC2)c(F)c1
609,4-[[3-chloro-4-[4-[(3-methoxy-1H-pyrazol-5-yl)amino]-6-methylpyrimidin-2-yl]oxyphenyl]carbamoylamino]benzoic acid,COc1cc(Nc2cc(C)nc(Oc3ccc(NC(=O)Nc4ccc(C(=O)O)cc4)cc3Cl)n2)[nH]n1,C23H20ClN7O5,,117760373,level 3,164,0.8454,0,0,1,0,0.20017831,0,0.00245719,0,0,0,1,Norman_Human metabolites.csv;Norman_Plant protection products.csv,0.3538461538461538,0,Pesticides,COc1cc(Nc2cc(C)nc(Oc3ccc(NC(=O)Nc4ccc(C(=O)O)cc4)cc3Cl)n2)[nH]n1
610,"2-[1-[2-(5-chloro-2,4-dimethoxyanilino)-2-oxoethyl]-2,4-dioxopyrido[3,4-d]pyrimidin-3-yl]acetic acid",COc1cc(OC)c(NC(=O)Cn2c(=O)n(CC(=O)O)c(=O)c3ccncc32)cc1Cl,C19H17ClN4O7,,59317715,level 3,194,1,0,0,1,0,0.000174952,0,0.00016203,0,1,0,1,Industrial_chemical.csv;Norman_Human metabolites.csv,0.4444444444444444,0,Industry and consumer goods,COc1cc(OC)c(NC(=O)Cn2c(=O)n(CC(=O)O)c(=O)c3ccncc32)cc1Cl
611,"[(1S)-2-(3,5-dichloro-4-pyridinyl)-1-[4-(difluoromethoxy)-3-methoxyphenyl]ethyl] 4-[[N-[[(1R)-5-azatricyclo[3.2.1.02,7]octan-1-yl]oxycarbonyl]-2-methoxyanilino]methyl]benzoate",COc1cc([C@H](Cc2c(Cl)cncc2Cl)OC(=O)c2ccc(CN(C(=O)O[C@]34CN5CCC3C4C5)c3ccccc3OC)cc2)ccc1OC(F)F,C38H35Cl2F2N3O7,,144638580,level 3,1,0.0052,0,0,0,1,0.8132842,1,0.74651927,1,0,0,1,Norman_Pharmaceuticals.csv,0.3684210526315789,0,Pharmaceuticals,COc1cc([C@H](Cc2c(Cl)cncc2Cl)OC(=O)c2ccc(CN(C(=O)O[C@]34CN5CCC3C4C5)c3ccccc3OC)cc2)ccc1OC(F)F
612,4-[3-chloro-4-(cyclopropylcarbamoylamino)phenoxy]-7-methoxy-2-oxo-1H-quinoline-6-carboxamide,COc1cc2[nH]c(=O)cc(Oc3ccc(NC(=O)NC4CC4)c(Cl)c3)c2cc1C(N)=O,C21H19ClN4O5,1788899648,156596540,level 3,2,0.0103,0,0,0,0,0.007914959,0,0.027220802,0,1,0,1,Industrial_chemical.csv;Norman_Pharmaceuticals.csv,0.676056338028169,1,Pharmaceuticals,COc1cc2[nH]c(=O)cc(Oc3ccc(NC(=O)NC4CC4)c(Cl)c3)c2cc1C(N)=O
613,"4-(4-chloro-2-fluorophenoxy)-7-methoxy-N-[2-(5-methyl-2,4-dioxo-1,3-thiazolidin-3-yl)ethyl]quinoline-6-carboxamide",COc1cc2nccc(Oc3ccc(Cl)cc3F)c2cc1C(=O)NCCN1C(=O)SC(C)C1=O,C23H19ClFN3O5S,,9935876,level 3,1,0.0052,0,0,0,0,0.6818131,1,0.8929216,1,0,0,1,Norman_Pharmaceuticals.csv,0.3838383838383838,0,Pharmaceuticals,COc1cc2nccc(Oc3ccc(Cl)cc3F)c2cc1C(=O)NCCN1C(=O)SC(C)C1=O
614,"2-[2,4-dibromo-6-[(Z)-2-cyano-2-(3,4-dimethoxyphenyl)ethenyl]phenoxy]acetic acid",COc1ccc(/C(C#N)=C/c2cc(Br)cc(Br)c2OCC(=O)O)cc1OC,C19H15Br2NO5,,125594924,level 3,138,0.7113,0,0,1,0,0.0005435,0,0.18841718,0,0,0,1,Industrial_chemical.csv;Norman_Human metabolites.csv,0.3962264150943396,0,Industry and consumer goods,COc1ccc(/C(C#N)=C/c2cc(Br)cc(Br)c2OCC(=O)O)cc1OC
615,"[(2R,3R,4S,5R)-3-[(2-chlorophenoxy)-hydroxyphosphoryl]oxy-3-hydroxy-5-[6-[(4-methoxybenzoyl)amino]purin-9-yl]-4-(oxolan-2-yloxy)oxolan-2-yl]methyl 4-oxopentanoate",COc1ccc(C(=O)Nc2ncnc3c2ncn3[C@@H]2O[C@H](COC(=O)CCC(C)=O)[C@@](O)(OP(=O)(O)Oc3ccccc3Cl)[C@H]2OC2CCCO2)cc1,C33H35ClN5O13P,,69474295,level 3,27,0.1392,0,0,0,0,0.000855061,0,0.057144456,0,1,0,1,Industrial_chemical.csv;Norman_Human metabolites.csv,0.4247787610619469,0,Industry and consumer goods,COc1ccc(C(=O)Nc2ncnc3c2ncn3[C@@H]2O[C@H](COC(=O)CCC(C)=O)[C@@](O)(OP(=O)(O)Oc3ccccc3Cl)[C@H]2OC2CCCO2)cc1
616,"[(1R,2R,3S)-3-[(3S,10R,13E,16S)-10-[(3-chloro-4-methoxyphenyl)methyl]-6,6-dimethyl-3-(2-methylpropyl)-2,5,9,12-tetraoxo-1,4-dioxa-8,11-diazacyclohexadec-13-en-16-yl]-1-hydroxy-1-phenylbutan-2-yl] formate",COc1ccc(C[C@H]2NC(=O)/C=C/C[C@@H]([C@H](C)[C@@H](OC=O)[C@H](O)c3ccccc3)OC(=O)[C@H](CC(C)C)OC(=O)C(C)(C)CNC2=O)cc1Cl,C37H47ClN2O10,,10604878,level 3,31,0.1598,0,0,0,0,0.936494,1,0.016909173,0,1,0,1,Industrial_chemical.csv,0.2872340425531915,0,Industry and consumer goods,COc1ccc(C[C@H]2NC(=O)/C=C/C[C@@H]([C@H](C)[C@@H](OC=O)[C@H](O)c3ccccc3)OC(=O)[C@H](CC(C)C)OC(=O)C(C)(C)CNC2=O)cc1Cl
617,"N-(7-chloro-4-methoxy-1,3-benzothiazol-2-yl)-4-[(4-fluorophenyl)sulfonylamino]-N-(pyridin-3-ylmethyl)benzamide",COc1ccc(Cl)c2sc(N(Cc3cccnc3)C(=O)c3ccc(NS(=O)(=O)c4ccc(F)cc4)cc3)nc12,C27H20ClFN4O4S2,,43995146,level 3,6,0.0309,0,0,0,1,0.9720015,1,0.88011384,1,1,0,1,Industrial_chemical.csv;Norman_Human metabolites.csv,0.3452380952380952,0,Industry and consumer goods,COc1ccc(Cl)c2sc(N(Cc3cccnc3)C(=O)c3ccc(NS(=O)(=O)c4ccc(F)cc4)cc3)nc12
618,5-chloro-N-[(Z)-3-(5-chloro-2-methylanilino)-1-(3-nitrophenyl)-3-oxoprop-1-en-2-yl]-2-methoxybenzamide,COc1ccc(Cl)cc1C(=O)N/C(=C\c1cccc([N+](=O)[O-])c1)C(=O)Nc1cc(Cl)ccc1C,C24H19Cl2N3O5,,46497338,level 3,5,0.0258,0,0,0,0,0.9598828,1,0.34969127,0,1,0,1,Industrial_chemical.csv,0.4578313253012048,0,Industry and consumer goods,COc1ccc(Cl)cc1C(=O)N/C(=C\c1cccc([N+](=O)[O-])c1)C(=O)Nc1cc(Cl)ccc1C
619,[2-[(E)-[(4-acetamidobenzoyl)hydrazinylidene]methyl]-4-chlorophenyl] 5-chloro-2-methoxybenzoate,COc1ccc(Cl)cc1C(=O)Oc1ccc(Cl)cc1/C=N/NC(=O)c1ccc(NC(C)=O)cc1,C24H19Cl2N3O5,,126231420,level 3,15,0.0773,0,0,0,0,0.974584,1,0.98987925,1,1,0,1,Norman_Human metabolites.csv,0.4716981132075472,0,Transformation and metabolic products,COc1ccc(Cl)cc1C(=O)Oc1ccc(Cl)cc1/C=N/NC(=O)c1ccc(NC(C)=O)cc1
620,"[(1S)-2-(3,5-dichloro-4-pyridinyl)-1-(3,4-dimethoxyphenyl)ethyl] 4-[[N-[[(1R)-5-azatricyclo[3.2.1.02,7]octan-1-yl]oxycarbonyl]-2-(difluoromethoxy)anilino]methyl]benzoate",COc1ccc([C@H](Cc2c(Cl)cncc2Cl)OC(=O)c2ccc(CN(C(=O)O[C@]34CN5CCC3C4C5)c3ccccc3OC(F)F)cc2)cc1OC,C38H35Cl2F2N3O7,,162570960,level 3,76,0.3918,0,0,0,1,0.8033832,1,0.73586863,1,1,0,1,Norman_Pharmaceuticals.csv,0.3565217391304348,0,Pharmaceuticals,COc1ccc([C@H](Cc2c(Cl)cncc2Cl)OC(=O)c2ccc(CN(C(=O)O[C@]34CN5CCC3C4C5)c3ccccc3OC(F)F)cc2)cc1OC
621,"(4S)-4-[[(2S)-2-[[(2R)-2-(3-chloro-5-cyanophenoxy)-3-(3-chlorophenyl)propanoyl]amino]-2-(4-methoxyphenyl)acetyl]amino]-2,2-difluoro-5-methyl-3-oxo-N-(2,2,2-trifluoroethyl)hexanamide",COc1ccc([C@H](NC(=O)[C@@H](Cc2cccc(Cl)c2)Oc2cc(Cl)cc(C#N)c2)C(=O)N[C@H](C(=O)C(F)(F)C(=O)NCC(F)(F)F)C(C)C)cc1,C34H31Cl2F5N4O6,,138618634,level 3,81,0.4175,0,0,0,1,0.10590005,0,0.04405602,0,0,0,1,Norman_Human metabolites.csv,0.3052631578947368,0,Transformation and metabolic products,COc1ccc([C@H](NC(=O)[C@@H](Cc2cccc(Cl)c2)Oc2cc(Cl)cc(C#N)c2)C(=O)N[C@H](C(=O)C(F)(F)C(=O)NCC(F)(F)F)C(C)C)cc1
622,N-[2-[(2-chloro-6-fluorophenyl)methylsulfanyl]ethyl]-2-(2-methoxy-N-methylsulfonyl-5-nitroanilino)acetamide,COc1ccc([N+](=O)[O-])cc1N(CC(=O)NCCSCc1c(F)cccc1Cl)S(C)(=O)=O,C19H21ClFN3O6S2,,3947057,level 3,21,0.1082,0,0,0,0,0.11100437,0,0.21864675,0,0,0,1,Industrial_chemical.csv,0.3661971830985915,0,Industry and consumer goods,COc1ccc([N+](=O)[O-])cc1N(CC(=O)NCCSCc1c(F)cccc1Cl)S(C)(=O)=O
623,"(2S)-2-[5-[[4-[(3,5-dichloro-4-pyridinyl)amino]-7-methoxy-2-oxo-1H-quinolin-8-yl]oxy]pentanoylamino]-3-hydroxypropanoic acid",COc1ccc2c(Nc3c(Cl)cncc3Cl)cc(=O)[nH]c2c1OCCCCC(=O)N[C@@H](CO)C(=O)O,C23H24Cl2N4O7,,53345401,level 3,92,0.4742,0,0,0,0,2.0581516e-05,0,1.8975562e-07,0,1,0,1,Norman_Human metabolites.csv,0.3285714285714285,0,Transformation and metabolic products,COc1ccc2c(Nc3c(Cl)cncc3Cl)cc(=O)[nH]c2c1OCCCCC(=O)N[C@@H](CO)C(=O)O
624,"2-chloro-1-[6-[[5-fluoro-2-(4-methylsulfonylanilino)pyrimidin-4-yl]amino]spiro[2H-indole-3,1'-cyclopropane]-1-yl]ethanone",CS(=O)(=O)c1ccc(Nc2ncc(F)c(Nc3ccc4c(c3)N(C(=O)CCl)CC43CC3)n2)cc1,C23H21ClFN5O3S,,118507344,level 3,14,0.0722,0,0,0,0,0.9065684,1,0.9699453,1,1,0,1,Industrial_chemical.csv,0.3870967741935484,0,Industry and consumer goods,CS(=O)(=O)c1ccc(Nc2ncc(F)c(Nc3ccc4c(c3)N(C(=O)CCl)CC43CC3)n2)cc1
625,"N-[3-[4-[3,5-dichloro-4-(3-chloropropoxy)phenoxy]sulfanylphenoxy]-2-hydroxypropyl]methanesulfinamide",CS(=O)NCC(O)COc1ccc(SOc2cc(Cl)c(OCCCCl)c(Cl)c2)cc1,C19H22Cl3NO5S2,,170376539,level 3,91,0.4691,0,0,0,0,0.9710868,1,0.9057541,1,1,0,1,Norman_Human metabolites.csv,0.373134328358209,0,Transformation and metabolic products,CS(=O)NCC(O)COc1ccc(SOc2cc(Cl)c(OCCCCl)c(Cl)c2)cc1
626,4-[bromo(chloro)methyl]-2-cyclohexylsulfanyl-3-iodo-6-methylsulfanyl-5-phenylsulfanylbenzenesulfonic acid,CSc1c(Sc2ccccc2)c(C(Cl)Br)c(I)c(SC2CCCCC2)c1S(=O)(=O)O,C20H21BrClIO3S4,,154450201,level 3,20,0.1031,0,0,0,0,0.83354235,1,0.8829047,1,1,0,1,Industrial_chemical.csv,0.2857142857142857,0,Industry and consumer goods,CSc1c(Sc2ccccc2)c(C(Cl)Br)c(I)c(SC2CCCCC2)c1S(=O)(=O)O
627,2-[5-amino-4-(4-fluorophenyl)sulfonyl-3-methylsulfanylpyrazol-1-yl]-N-(4-bromo-2-fluorophenyl)acetamide,CSc1nn(CC(=O)Nc2ccc(Br)cc2F)c(N)c1S(=O)(=O)c1ccc(F)cc1,C18H15BrF2N4O3S2,,50790552,level 3,4,0.0206,0,0,0,0,0.6254131,1,0.5557889,1,1,0,1,Norman_Human metabolites.csv,0.396551724137931,0,Transformation and metabolic products,CSc1nn(CC(=O)Nc2ccc(Br)cc2F)c(N)c1S(=O)(=O)c1ccc(F)cc1
628,"1-[4-chloro-2-(cyclopentanecarbonyl)phenyl]-3-[4-(methanesulfonamidomethyl)-5-methylsulfanyl-1,3-thiazol-2-yl]urea",CSc1sc(NC(=O)Nc2ccc(Cl)cc2C(=O)C2CCCC2)nc1CNS(C)(=O)=O,C19H23ClN4O4S3,,87230584,level 3,80,0.4124,0,0,0,0,0.119713195,0,0.5011218,1,1,0,1,Norman_Human metabolites.csv,0.3582089552238806,0,Transformation and metabolic products,CSc1sc(NC(=O)Nc2ccc(Cl)cc2C(=O)C2CCCC2)nc1CNS(C)(=O)=O
629,"(3S)-4-[5-(2,6-dichlorophenyl)-1,3-oxazol-2-yl]-3-[[(2S)-2-(3-formamido-2-oxo-1-pyridinyl)propanoyl]amino]-4-oxobutanoic acid",C[C@@H](C(=O)N[C@@H](CC(=O)O)C(=O)c1ncc(-c2c(Cl)cccc2Cl)o1)n1cccc(NC=O)c1=O,C22H18Cl2N4O7,,89135320,level 3,1,0.0052,0,0,0,0,0.002101892,0,0.76754284,1,1,0,1,Norman_Pharmaceuticals.csv,0.2808988764044944,0,Pharmaceuticals,C[C@@H](C(=O)N[C@@H](CC(=O)O)C(=O)c1ncc(-c2c(Cl)cccc2Cl)o1)n1cccc(NC=O)c1=O
630,"benzyl N-[(4R)-1-[(1S)-1-[4-chloro-3-[5-(difluoromethyl)-1,2,4-triazol-1-yl]phenyl]ethyl]-4-[1-(difluoromethyl)isoquinolin-6-yl]-4-(2,2-dimethylpropyl)-5-oxoimidazol-2-yl]carbamate",C[C@@H](c1ccc(Cl)c(-n2ncnc2C(F)F)c1)N1C(=O)[C@@](CC(C)(C)C)(c2ccc3c(C(F)F)nccc3c2)N=C1NC(=O)OCc1ccccc1,C37H34ClF4N7O3,,173810323,level 3,178,0.9175,0,0,1,1,0.9962413,1,0.5274581,1,1,0,1,Norman_Human metabolites.csv,0.2803738317757009,0,Transformation and metabolic products,C[C@@H](c1ccc(Cl)c(-n2ncnc2C(F)F)c1)N1C(=O)[C@@](CC(C)(C)C)(c2ccc3c(C(F)F)nccc3c2)N=C1NC(=O)OCc1ccccc1
631,"(19R,22R,23S,24E,27S,28R)-10-chloro-23-[2-[3-hydroxy-3-(trifluoromethyl)azetidin-1-yl]-2-oxoethoxy]-27,28-dimethyl-29,29-dioxo-5-oxa-29lambda6-thia-17,30-diazapentacyclo[15.14.2.04,33.07,12.019,22]tritriaconta-1(32),2,4(33),7(12),8,10,24-heptaen-31-one",C[C@@H]1[C@@H](C)C/C=C/[C@H](OCC(=O)N2CC(O)(C(F)(F)F)C2)[C@@H]2CC[C@H]2CN2CCCCc3cc(Cl)ccc3COc3ccc(cc32)C(=O)NS1(=O)=O,C37H45ClF3N3O7S,,173961568,level 3,107,0.5515,0,0,1,1,0.94184756,1,0.5795457,1,0,0,1,Norman_Human metabolites.csv,0.25,0,Transformation and metabolic products,C[C@@H]1[C@@H](C)C/C=C/[C@H](OCC(=O)N2CC(O)(C(F)(F)F)C2)[C@@H]2CC[C@H]2CN2CCCCc3cc(Cl)ccc3COc3ccc(cc32)C(=O)NS1(=O)=O
632,"4-[[(1S)-1-[4-chloro-8-(methylsulfonimidoyl)-1-oxo-2-phenylisoquinolin-3-yl]ethyl]amino]-8H-pyrido[2,3-d]pyrimidin-5-one",C[C@H](Nc1ncnc2[nH]ccc(=O)c12)c1c(Cl)c2cccc(S(C)(=N)=O)c2c(=O)n1-c1ccccc1,C25H21ClN6O3S,,155756502,level 3,2,0.0103,0,0,0,0,0.007705737,0,0.000496968,0,1,0,1,Norman_Pharmaceuticals.csv,0.4166666666666667,0,Pharmaceuticals,C[C@H](Nc1ncnc2[nH]ccc(=O)c12)c1c(Cl)c2cccc(S(C)(=N)=O)c2c(=O)n1-c1ccccc1
633,"(1R)-1-[(3,5-dibromo-4-methylphenyl)methyl]-2-[4-(1-methylpiperidin-4-yl)piperidin-1-yl]-4-(2-oxo-4,5-dihydro-1H-1,3-benzodiazepin-3-yl)-2-(2-oxoethyl)piperidin-1-ium-1-carboxylic acid",Cc1c(Br)cc(C[N@+]2(C(=O)O)CCC(N3CCc4ccccc4NC3=O)CC2(CC=O)N2CCC(C3CCN(C)CC3)CC2)cc1Br,C36H48Br2N5O4,,87634561,level 3,19,0.0979,0,0,0,1,1.2507205e-05,0,4.3542667e-09,0,0,0,1,Norman_Pharmaceuticals.csv,0.2790697674418604,0,Pharmaceuticals,Cc1c(Br)cc(C[N@+]2(C(=O)O)CCC(N3CCc4ccccc4NC3=O)CC2(CC=O)N2CCC(C3CCN(C)CC3)CC2)cc1Br
634,"3-[5-[(Z)-2-carboxy-2-[[5-(4-chlorophenyl)-1,3,4-oxadiazol-2-yl]sulfanyl]ethenyl]furan-2-yl]-2-methylbenzoic acid",Cc1c(C(=O)O)cccc1-c1ccc(/C=C(\Sc2nnc(-c3ccc(Cl)cc3)o2)C(=O)O)o1,C23H15ClN2O6S,,125644875,level 3,10,0.0515,0,0,0,0,9.709198e-05,0,0.30008814,0,1,0,1,Norman_Plant protection products.csv,0.35,0,Pesticides,Cc1c(C(=O)O)cccc1-c1ccc(/C=C(\Sc2nnc(-c3ccc(Cl)cc3)o2)C(=O)O)o1
635,"2-[1-(4-chlorophenyl)ethylsulfanyl]-1-[1-(1,1-dioxothiolan-3-yl)-2,5-dimethylpyrrol-3-yl]ethanone",Cc1cc(C(=O)CSC(C)c2ccc(Cl)cc2)c(C)n1C1CCS(=O)(=O)C1,C20H24ClNO3S2,,55988762,level 3,19,0.0979,0,0,0,0,0.26104158,0,0.9162276,1,1,0,1,Norman_Human metabolites.csv,0.3478260869565217,0,Transformation and metabolic products,Cc1cc(C(=O)CSC(C)c2ccc(Cl)cc2)c(C)n1C1CCS(=O)(=O)C1
636,"3-methyl-N-[2-oxo-2-(trifluoromethylamino)ethyl]-5-[5-(3,4,5-trichlorophenyl)-5-(trifluoromethyl)-4H-1,2-oxazol-3-yl]-1H-pyrrole-2-carboxamide",Cc1cc(C2=NOC(c3cc(Cl)c(Cl)c(Cl)c3)(C(F)(F)F)C2)[nH]c1C(=O)NCC(=O)NC(F)(F)F,C19H13Cl3F6N4O3,,169614079,level 3,30,0.1546,0,0,0,1,0.9851547,1,0.9954905,1,1,0,1,Industrial_chemical.csv,0.475,0,Industry and consumer goods,Cc1cc(C2=NOC(c3cc(Cl)c(Cl)c(Cl)c3)(C(F)(F)F)C2)[nH]c1C(=O)NCC(=O)NC(F)(F)F
637,"3-[2-[4-[5-(3,5-dichlorophenyl)-5-(trifluoromethyl)-4H-1,2-thiazol-3-yl]-2-methylphenyl]-2-oxoethyl]-1-(2,2,2-trifluoroethyl)pyrrolidin-2-one",Cc1cc(C2=NSC(c3cc(Cl)cc(Cl)c3)(C(F)(F)F)C2)ccc1C(=O)CC1CCN(CC(F)(F)F)C1=O,C25H20Cl2F6N2O2S,,158802839,level 3,22,0.1134,0,0,0,0,0.9802476,1,0.98997694,1,1,0,1,Industrial_chemical.csv,0.425287356321839,0,Industry and consumer goods,Cc1cc(C2=NSC(c3cc(Cl)cc(Cl)c3)(C(F)(F)F)C2)ccc1C(=O)CC1CCN(CC(F)(F)F)C1=O
638,"3-bromo-4,4,5,5-tetrafluoro-6,6-bis(4-iodo-2-methylanilino)cyclohex-2-ene-1-carboxylic acid",Cc1cc(I)ccc1NC1(Nc2ccc(I)cc2C)C(C(=O)O)C=C(Br)C(F)(F)C1(F)F,C21H17BrF4I2N2O2,,22226050,level 3,61,0.3144,0,0,0,1,0.93249804,1,0.000765576,0,1,0,1,Norman_Human metabolites.csv,0.3269230769230769,0,Transformation and metabolic products,Cc1cc(I)ccc1NC1(Nc2ccc(I)cc2C)C(C(=O)O)C=C(Br)C(F)(F)C1(F)F
639,"2-[[2,6-dibromo-4-[(E)-[1-(4-bromo-3-methylphenyl)-2,4,6-trioxo-1,3-diazinan-5-ylidene]methyl]phenoxy]methyl]benzonitrile",Cc1cc(N2C(=O)NC(=O)/C(=C\c3cc(Br)c(OCc4ccccc4C#N)c(Br)c3)C2=O)ccc1Br,C26H16Br3N3O4,,125774100,level 3,104,0.5361,0,0,1,1,0.9538491,1,0.92106,1,1,0,1,Industrial_chemical.csv,0.3066666666666666,0,Industry and consumer goods,Cc1cc(N2C(=O)NC(=O)/C(=C\c3cc(Br)c(OCc4ccccc4C#N)c(Br)c3)C2=O)ccc1Br
640,"5-[[6-chloro-3-[3-(4-chloro-3,5-dimethylphenoxy)propyl]-7-(3,5-dimethyl-1-propan-2-ylpyrazol-4-yl)-1H-indene-2-carbonyl]sulfamoyl]-N-(pyridin-4-ylmethyl)furan-2-carboxamide",Cc1cc(OCCCC2=C(C(=O)NS(=O)(=O)c3ccc(C(=O)NCc4ccncc4)o3)Cc3c2ccc(Cl)c3-c2c(C)nn(C(C)C)c2C)cc(C)c1Cl,C40H41Cl2N5O6S,,157691692,level 3,12,0.0619,0,0,0,1,0.86692333,1,0.873573,1,1,0,1,Norman_Human metabolites.csv,0.2717391304347826,0,Transformation and metabolic products,Cc1cc(OCCCC2=C(C(=O)NS(=O)(=O)c3ccc(C(=O)NCc4ccncc4)o3)Cc3c2ccc(Cl)c3-c2c(C)nn(C(C)C)c2C)cc(C)c1Cl
641,"9-(2,3-dichlorophenyl)-14-(4-methylphenyl)-3,7-dithia-5,14-diazapentacyclo[9.5.1.02,10.04,8.012,16]heptadec-4(8)-ene-6,13,15-trione",Cc1ccc(N2C(=O)C3C4CC(C3C2=O)C2C(c3cccc(Cl)c3Cl)c3sc(=O)[nH]c3SC42)cc1,C26H20Cl2N2O3S2,,16558014,level 3,66,0.3402,0,0,0,0,0.9743789,1,0.9861038,1,1,0,1,Industrial_chemical.csv;Norman_Human metabolites.csv,0.3230769230769231,0,Industry and consumer goods,Cc1ccc(N2C(=O)C3C4CC(C3C2=O)C2C(c3cccc(Cl)c3Cl)c3sc(=O)[nH]c3SC42)cc1
642,"(E)-N-[5-[1-(3-chloro-4-methylphenyl)-5-oxopyrrolidin-3-yl]-1,3,4-thiadiazol-2-yl]-3-(2-nitrophenyl)prop-2-enamide",Cc1ccc(N2CC(c3nnc(NC(=O)/C=C/c4ccccc4[N+](=O)[O-])s3)CC2=O)cc1Cl,C22H18ClN5O4S,,17203875,level 3,11,0.0567,0,0,0,0,0.7962744,1,0.7271428,1,1,0,1,Norman_Human metabolites.csv,0.3571428571428571,0,Transformation and metabolic products,Cc1ccc(N2CC(c3nnc(NC(=O)/C=C/c4ccccc4[N+](=O)[O-])s3)CC2=O)cc1Cl
643,"3-(4-bromophenyl)-2-[2-(6-methyl-2,3-dihydro-1,4-benzoxazin-4-yl)-2-oxoethyl]sulfanylthieno[3,2-d]pyrimidin-4-one",Cc1ccc2c(c1)N(C(=O)CSc1nc3ccsc3c(=O)n1-c1ccc(Br)cc1)CCO2,C23H18BrN3O3S2,,20917887,level 3,18,0.0928,0,0,0,0,0.8900401,1,0.27866533,0,1,0,1,Industrial_chemical.csv,0.3333333333333333,0,Industry and consumer goods,Cc1ccc2c(c1)N(C(=O)CSc1nc3ccsc3c(=O)n1-c1ccc(Br)cc1)CCO2
644,"(1R,2R,5S,9Z,16S,19R,20S)-21-bromo-7-(2-chloro-6-methylphenyl)-4-[(2R)-1-hydroxy-4-methylpentan-2-yl]-16-phenyl-14,23-dioxa-4,7,17-triazatetracyclo[18.2.1.01,5.02,19]tricosa-9,21-diene-3,6,13,18-tetrone",Cc1cccc(Cl)c1N1C/C=C\CCC(=O)OC[C@H](c2ccccc2)NC(=O)[C@H]2[C@@H]3O[C@@]4(C=C3Br)[C@@H]2C(=O)N([C@@H](CO)CC(C)C)[C@@H]4C1=O,C37H41BrClN3O7,,23927160,level 3,71,0.366,0,0,0,0,0.9884837,1,0.54493755,1,1,0,1,Industrial_chemical.csv;Norman_Human metabolites.csv,0.2424242424242424,0,Industry and consumer goods,Cc1cccc(Cl)c1N1C/C=C\CCC(=O)OC[C@H](c2ccccc2)NC(=O)[C@H]2[C@@H]3O[C@@]4(C=C3Br)[C@@H]2C(=O)N([C@@H](CO)CC(C)C)[C@@H]4C1=O
645,"6-bromo-3-[[1-[(2,4-dibromophenyl)methyl]indol-3-yl]methylideneamino]-2-methylquinazolin-4-one",Cc1nc2ccc(Br)cc2c(=O)n1N=Cc1cn(Cc2ccc(Br)cc2Br)c2ccccc12,C25H17Br3N4O,,126292883,level 3,68,0.3505,0,0,0,1,0.97067785,1,0.98348415,1,1,0,1,Norman_Human metabolites.csv;Norman_Drugs of abuse.csv,0.3333333333333333,0,Pharmaceuticals,Cc1nc2ccc(Br)cc2c(=O)n1N=Cc1cn(Cc2ccc(Br)cc2Br)c2ccccc12
646,"2-[12-chloro-20,20-dimethyl-23-oxo-5-(2,2,2-trifluoroethoxy)-14-oxa-2,4,6,8,18,22,31-heptazatetracyclo[22.2.2.210,13.13,7]hentriaconta-1(26),3,5,7(31),10,12,24,27,29-nonaen-18-yl]-N-(5-methyl-1,3,4-thiadiazol-2-yl)-2-oxoacetamide",Cc1nnc(NC(=O)C(=O)N2CCCOc3ccc(cc3Cl)CNc3nc(nc(OCC(F)(F)F)n3)Nc3ccc(cc3)C(=O)NCC(C)(C)C2)s1,C32H34ClF3N10O5S,,73672413,level 3,12,0.0619,0,0,0,0,0.9694716,1,0.031970605,0,1,0,1,Norman_Pharmaceuticals.csv,0.2459016393442623,0,Pharmaceuticals,Cc1nnc(NC(=O)C(=O)N2CCCOc3ccc(cc3Cl)CNc3nc(nc(OCC(F)(F)F)n3)Nc3ccc(cc3)C(=O)NCC(C)(C)C2)s1
647,"1-[(3R,9R,10S)-9-[[(4-chlorophenyl)sulfonyl-methylamino]methyl]-12-[(2R)-1-hydroxypropan-2-yl]-3,10-dimethyl-13-oxo-2,8-dioxa-12-azabicyclo[12.4.0]octadeca-1(14),15,17-trien-16-yl]-3-(3,5-dimethyl-1,2-oxazol-4-yl)urea",Cc1noc(C)c1NC(=O)Nc1ccc2c(c1)C(=O)N([C@H](C)CO)C[C@H](C)[C@H](CN(C)S(=O)(=O)c1ccc(Cl)cc1)OCCCC[C@@H](C)O2,C34H46ClN5O8S,,44503145,level 3,2,0.0103,0,0,0,0,0.87548155,1,0.59531844,1,1,0,1,Norman_Pharmaceuticals.csv,0.2882882882882883,0,Pharmaceuticals,Cc1noc(C)c1NC(=O)Nc1ccc2c(c1)C(=O)N([C@H](C)CO)C[C@H](C)[C@H](CN(C)S(=O)(=O)c1ccc(Cl)cc1)OCCCC[C@@H](C)O2
648,"4-[4-[2-[(9S)-7-(4-chlorophenyl)-4,5,13-trimethyl-3-thia-1,8,11,12-tetrazatricyclo[8.3.0.02,6]trideca-2(6),4,7,10,12-pentaen-9-yl]acetyl]piperazine-1-carbonyl]-2-[3-[(2-methylpropan-2-yl)oxycarbonylamino]prop-1-ynyl]benzoic acid",Cc1sc2c(c1C)C(c1ccc(Cl)cc1)=N[C@@H](CC(=O)N1CCN(C(=O)c3ccc(C(=O)O)c(C#CCNC(=O)OC(C)(C)C)c3)CC1)c1nnc(C)n1-2,C39H40ClN7O6S,,169718891,level 3,121,0.6237,0,0,1,0,0.3907411,0,0.5649848,1,1,0,1,Industrial_chemical.csv,0.5824175824175825,0,Industry and consumer goods,Cc1sc2c(c1C)C(c1ccc(Cl)cc1)=N[C@@H](CC(=O)N1CCN(C(=O)c3ccc(C(=O)O)c(C#CCNC(=O)OC(C)(C)C)c3)CC1)c1nnc(C)n1-2
649,"2-[(9S)-7-(4-chlorophenyl)-4,5,13-trimethyl-3-thia-1,8,11,12-tetrazatricyclo[8.3.0.02,6]trideca-2(6),4,7,10,12-pentaen-9-yl]-N-[7-[2-(2,6-dioxopiperidin-3-yl)-1-oxo-3H-isoindol-4-yl]-2-oxoheptyl]acetamide",Cc1sc2c(c1C)C(c1ccc(Cl)cc1)=N[C@@H](CC(=O)NCC(=O)CCCCCc1cccc3c1CN(C1CCC(=O)NC1=O)C3=O)c1nnc(C)n1-2,C39H40ClN7O5S,,165014204,level 3,175,0.9021,0,0,1,0,0.66421306,1,0.8040165,1,1,0,1,Industrial_chemical.csv,0.4615384615384615,0,Industry and consumer goods,Cc1sc2c(c1C)C(c1ccc(Cl)cc1)=N[C@@H](CC(=O)NCC(=O)CCCCCc1cccc3c1CN(C1CCC(=O)NC1=O)C3=O)c1nnc(C)n1-2
650,2-[(4-chlorophenoxy)methyl]-4-[3-[2-(2-cyclooctylethyl)piperidin-1-yl]propoxy]-1-(3-piperidin-4-ylpropyl)benzimidazole,Clc1ccc(OCc2nc3c(OCCCN4CCCCC4CCC4CCCCCCC4)cccc3n2CCCC2CCNCC2)cc1,C40H59ClN4O2,,141873042,level 3,95,0.4897,0,0,0,1,0.2856155,0,0.6424341,1,1,0,1,Norman_Pharmaceuticals.csv,0.3300970873786408,0,Pharmaceuticals,Clc1ccc(OCc2nc3c(OCCCN4CCCCC4CCC4CCCCCCC4)cccc3n2CCCC2CCNCC2)cc1
651,"[3-[(5-bromo-3-methyl-4-oxoquinazolin-6-yl)amino]-2-chloro-4-fluoro-N-[(3R)-3-fluoropyrrolidin-1-yl]sulfonylanilino] 2,2,2-trifluoroacetate",Cn1cnc2ccc(Nc3c(F)ccc(N(OC(=O)C(F)(F)F)S(=O)(=O)N4CC[C@@H](F)C4)c3Cl)c(Br)c2c1=O,C21H16BrClF5N5O5S,,175428916,level 3,97,0.5,0,0,0,0,0.97090757,1,0.78290236,1,0,0,1,Industrial_chemical.csv,0.2783505154639175,0,Industry and consumer goods,Cn1cnc2ccc(Nc3c(F)ccc(N(OC(=O)C(F)(F)F)S(=O)(=O)N4CC[C@@H](F)C4)c3Cl)c(Br)c2c1=O
652,"4-[3-[[[2-chloro-5-[1-[1-methyl-3-(1,1,2,2,2-pentafluoroethyl)-4-(trifluoromethyl)pyrazol-5-yl]pyrazol-4-yl]benzoyl]-(1-cyanocyclopropyl)amino]methoxycarbonyloxy]propoxy]-4-hydroxybutanoic acid",Cn1nc(C(F)(F)C(F)(F)F)c(C(F)(F)F)c1-n1cc(-c2ccc(Cl)c(C(=O)N(COC(=O)OCCCOC(O)CCC(=O)O)C3(C#N)CC3)c2)cn1,C30H27ClF8N6O8,,146293471,level 3,5,0.0258,0,0,0,0,0.002795808,0,0.13213827,0,1,0,1,EPA_PFAS.csv,0.5544554455445545,0,Industry and consumer goods,Cn1nc(C(F)(F)C(F)(F)F)c(C(F)(F)F)c1-n1cc(-c2ccc(Cl)c(C(=O)N(COC(=O)OCCCOC(O)CCC(=O)O)C3(C#N)CC3)c2)cn1
653,"(E)-2-(1H-benzimidazol-2-yl)-3-[3,5-dibromo-2-[2-nitro-4-(trifluoromethyl)phenoxy]phenyl]prop-2-enenitrile",N#C/C(=C\c1cc(Br)cc(Br)c1Oc1ccc(C(F)(F)F)cc1[N+](=O)[O-])c1nc2ccccc2[nH]1,C23H11Br2F3N4O3,,126086380,level 3,90,0.4639,0,0,0,1,0.3936841,0,0.5884418,1,1,0,1,Industrial_chemical.csv;Norman_Human metabolites.csv,0.3783783783783784,0,Industry and consumer goods,N#C/C(=C\c1cc(Br)cc(Br)c1Oc1ccc(C(F)(F)F)cc1[N+](=O)[O-])c1nc2ccccc2[nH]1
654,"(Z)-3-[3,5-dibromo-2-(2,4-dinitrophenoxy)phenyl]-2-(4-nitrophenyl)prop-2-enenitrile",N#C/C(=C\c1cc(Br)cc(Br)c1Oc1ccc([N+](=O)[O-])cc1[N+](=O)[O-])c1ccc([N+](=O)[O-])cc1,C21H10Br2N4O7,,126099083,level 3,20,0.1031,0,0,0,0,0.20975062,0,0.7179675,1,1,0,1,Industrial_chemical.csv;Norman_Human metabolites.csv,0.4067796610169492,0,Industry and consumer goods,N#C/C(=C\c1cc(Br)cc(Br)c1Oc1ccc([N+](=O)[O-])cc1[N+](=O)[O-])c1ccc([N+](=O)[O-])cc1
655,(E)-3-[5-[2-chloro-5-(trifluoromethyl)phenyl]furan-2-yl]-2-cyano-N-[4-(trifluoromethoxy)phenyl]prop-2-enamide,N#C/C(=C\c1ccc(-c2cc(C(F)(F)F)ccc2Cl)o1)C(=O)Nc1ccc(OC(F)(F)F)cc1,C22H11ClF6N2O3,,18863774,level 3,2,0.0103,0,0,0,1,0.61852074,1,0.7859186,1,1,0,1,Industrial_chemical.csv,0.4810126582278481,0,Industry and consumer goods,N#C/C(=C\c1ccc(-c2cc(C(F)(F)F)ccc2Cl)o1)C(=O)Nc1ccc(OC(F)(F)F)cc1
656,"2-[4-bromo-2-[(Z)-[3-(3,4-dichlorophenyl)-2-imino-4-oxo-1,3-thiazolidin-5-ylidene]methyl]phenoxy]-N-(4-chlorophenyl)acetamide",N=C1S/C(=C\c2cc(Br)ccc2OCC(=O)Nc2ccc(Cl)cc2)C(=O)N1c1ccc(Cl)c(Cl)c1,C24H15BrCl3N3O3S,,16633649,level 3,50,0.2577,0,0,0,1,0.88718134,1,0.92704326,1,1,0,1,Norman_Pharmaceuticals.csv,0.36,0,Pharmaceuticals,N=C1S/C(=C\c2cc(Br)ccc2OCC(=O)Nc2ccc(Cl)cc2)C(=O)N1c1ccc(Cl)c(Cl)c1
657,3-amino-4-[5-[4-[2-(2-chloropyrimidin-5-yl)ethoxy]-2-fluorophenyl]tetrazol-2-yl]butanoic acid,NC(CC(=O)O)Cn1nnc(-c2ccc(OCCc3cnc(Cl)nc3)cc2F)n1,C17H17ClFN7O3,,175585795,level 3,1,0.0052,0,0,0,0,6.4852196e-07,0,0.0932895,0,0,0,1,Industrial_chemical.csv,0.3076923076923077,0,Industry and consumer goods,NC(CC(=O)O)Cn1nnc(-c2ccc(OCCc3cnc(Cl)nc3)cc2F)n1
658,N'-(4-chlorophenyl)-N-[1-[2-[[(2S)-2-(diaminomethylideneamino)-6-[11-(diaminomethylideneamino)undecanoylamino]hexanoyl]amino]ethyl]-1-azaspiro[5.5]undecan-4-yl]oxamide,NC(N)=NCCCCCCCCCCC(=O)NCCCC[C@H](N=C(N)N)C(=O)NCCN1CCC(NC(=O)C(=O)Nc2ccc(Cl)cc2)CC12CCCCC2,C39H66ClN11O4,,164628573,level 3,81,0.4175,0,0,0,0,0.000158757,0,0.7246164,1,1,0,1,Norman_Human metabolites.csv,0.3218390804597701,0,Transformation and metabolic products,NC(N)=NCCCCCCCCCCC(=O)NCCCC[C@H](N=C(N)N)C(=O)NCCN1CCC(NC(=O)C(=O)Nc2ccc(Cl)cc2)CC12CCCCC2
659,"(6S,7R)-7-[[2-(6-amino-3-chloro-2-pyridinyl)-2-nitrosoacetyl]amino]-3-[[4-(2-aminoethylsulfanylmethyl)-1,2,5-thiadiazol-3-yl]sulfanyl]-8-oxo-5-thia-1-azabicyclo[4.2.0]oct-2-ene-2-carboxylic acid",NCCSCc1nsnc1SC1=C(C(=O)O)N2C(=O)[C@@H](NC(=O)C(N=O)c3nc(N)ccc3Cl)[C@@H]2SC1,C19H19ClN8O5S4,,54143733,level 3,1,0.0052,0,0,0,0,4.543313e-05,0,0.00052082,0,0,0,1,Industrial_chemical.csv;Norman_Human metabolites.csv;Norman_Pharmaceuticals.csv,0.4090909090909091,0,Pharmaceuticals,NCCSCc1nsnc1SC1=C(C(=O)O)N2C(=O)[C@@H](NC(=O)C(N=O)c3nc(N)ccc3Cl)[C@@H]2SC1
660,[(4-bromo-3-chloro-2-fluorophenyl)-(5-chloro-2-iodophenyl)methyl]hydrazine,NNC(c1cc(Cl)ccc1I)c1ccc(Br)c(Cl)c1F,C13H9BrCl2FIN2,,108038435,level 3,62,0.3196,0,0,0,1,0.9840868,1,0.99908996,1,1,0,1,Industrial_chemical.csv,0.3333333333333333,0,Industry and consumer goods,NNC(c1cc(Cl)ccc1I)c1ccc(Br)c(Cl)c1F
661,"[(2R,3S,4R,5R)-5-[6-[2-(3-bromophenyl)ethynyl]purin-9-yl]-3,4-dihydroxyoxolan-2-yl]methyl sulfamate",NS(=O)(=O)OC[C@H]1O[C@@H](n2cnc3c(C#Cc4cccc(Br)c4)ncnc32)[C@H](O)[C@@H]1O,C18H16BrN5O6S,,58296264,level 3,2,0.0103,0,0,0,0,1.2461521e-05,0,0.004534125,0,0,0,1,Norman_Pharmaceuticals.csv,0.6060606060606061,1,Pharmaceuticals,NS(=O)(=O)OC[C@H]1O[C@@H](n2cnc3c(C#Cc4cccc(Br)c4)ncnc32)[C@H](O)[C@@H]1O
662,N-[3-chloro-4-(difluoromethoxy)phenyl]-3-(2-nitro-4-sulfamoylanilino)propanamide,NS(=O)(=O)c1ccc(NCCC(=O)Nc2ccc(OC(F)F)c(Cl)c2)c([N+](=O)[O-])c1,C16H15ClF2N4O6S,,24502767,level 3,1,0.0052,0,0,0,0,0.06845464,0,0.002045435,0,0,0,1,Industrial_chemical.csv;Norman_Human metabolites.csv,0.4411764705882353,0,Industry and consumer goods,NS(=O)(=O)c1ccc(NCCC(=O)Nc2ccc(OC(F)F)c(Cl)c2)c([N+](=O)[O-])c1
663,"2-chloro-3-[3-fluoro-4-[[5-[2-[[(3S)-piperidin-3-yl]amino]pyrimidin-4-yl]-1,3-thiazol-4-yl]oxy]phenyl]benzenesulfonamide",NS(=O)(=O)c1cccc(-c2ccc(Oc3ncsc3-c3ccnc(N[C@H]4CCCNC4)n3)c(F)c2)c1Cl,C24H22ClFN6O3S2,,176102013,level 3,37,0.1907,0,0,0,0,0.109923735,0,0.17697372,0,0,0,1,Norman_Pharmaceuticals.csv,0.3203883495145631,0,Pharmaceuticals,NS(=O)(=O)c1cccc(-c2ccc(Oc3ncsc3-c3ccnc(N[C@H]4CCCNC4)n3)c(F)c2)c1Cl
664,"[1-(6-amino-3,5-difluoro-2-pyridinyl)-8-chloro-6-fluoro-7-(3-hydroxyazetidin-1-yl)-4-oxoquinolin-3-yl] hydrogen carbonate",Nc1nc(-n2cc(OC(=O)O)c(=O)c3cc(F)c(N4CC(O)C4)c(Cl)c32)c(F)cc1F,C18H12ClF3N4O5,,66647829,level 3,113,0.5825,0,0,1,0,0.000737168,0,0.00297209,0,0,0,1,Norman_Pharmaceuticals.csv,0.8064516129032258,1,Pharmaceuticals,Nc1nc(-n2cc(OC(=O)O)c(=O)c3cc(F)c(N4CC(O)C4)c(Cl)c32)c(F)cc1F
665,4-[[3-(4-bromophenyl)-1-(3-fluorophenyl)-3-oxopropyl]amino]-N-pyrimidin-2-ylbenzenesulfonamide,O=C(CC(Nc1ccc(S(=O)(=O)Nc2ncccn2)cc1)c1cccc(F)c1)c1ccc(Br)cc1,C25H20BrFN4O3S,,141204498,level 3,5,0.0258,0,0,0,0,0.8721422,1,0.39115754,0,1,0,1,Norman_Human metabolites.csv;Norman_Pharmaceuticals.csv,0.4333333333333333,0,Pharmaceuticals,O=C(CC(Nc1ccc(S(=O)(=O)Nc2ncccn2)cc1)c1cccc(F)c1)c1ccc(Br)cc1
666,"[(1S,4R,6R,14S,18R)-4-(cyclopropylsulfonylcarbamoyl)-2,15-dioxo-14-(4,4,4-trifluorobutanoylamino)-3,16-diazatricyclo[14.3.0.04,6]nonadecan-18-yl] 4-chloro-1,3-dihydroisoindole-2-carboxylate",O=C(CCC(F)(F)F)N[C@H]1CCCCCCC[C@@H]2C[C@@]2(C(=O)NS(=O)(=O)C2CC2)NC(=O)[C@@H]2C[C@@H](OC(=O)N3Cc4cccc(Cl)c4C3)CN2C1=O,C34H43ClF3N5O8S,,163962358,level 3,1,0.0052,0,0,0,0,0.78579754,1,0.68142325,1,1,0,1,Norman_Pharmaceuticals.csv,0.6037735849056604,1,Pharmaceuticals,O=C(CCC(F)(F)F)N[C@H]1CCCCCCC[C@@H]2C[C@@]2(C(=O)NS(=O)(=O)C2CC2)NC(=O)[C@@H]2C[C@@H](OC(=O)N3Cc4cccc(Cl)c4C3)CN2C1=O
667,"N-[2-[4-[4-chloro-1-(4-hydroxyphenyl)-2-phenylbut-1-enyl]phenoxy]ethyl]-N'-[2-(2,6-dioxopiperidin-3-yl)-1-oxo-3H-isoindol-4-yl]octanediamide",O=C(CCCCCCC(=O)Nc1cccc2c1CN(C1CCC(=O)NC1=O)C2=O)NCCOc1ccc(C(=C(CCCl)c2ccccc2)c2ccc(O)cc2)cc1,C45H47ClN4O7,,153533867,level 3,1,0.0052,0,0,0,0,0.9460529,1,0.6409391,1,1,0,1,Norman_Natural toxins.csv;Norman_Human metabolites.csv,0.3928571428571428,0,Transformation and metabolic products,O=C(CCCCCCC(=O)Nc1cccc2c1CN(C1CCC(=O)NC1=O)C2=O)NCCOc1ccc(C(=C(CCCl)c2ccccc2)c2ccc(O)cc2)cc1
668,"[7-(4-chlorophenyl)-2-oxo-1,3-benzoxathiol-5-yl] 3-[(5Z)-5-benzylidene-4-oxo-2-sulfanylidene-1,3-thiazolidin-3-yl]propanoate",O=C(CCN1C(=O)/C(=C/c2ccccc2)SC1=S)Oc1cc(-c2ccc(Cl)cc2)c2oc(=O)sc2c1,C26H16ClNO5S3,,45126753,level 3,14,0.0722,0,0,0,1,0.9631094,1,0.9166755,1,1,0,1,Norman_Pharmaceuticals.csv,0.4736842105263157,0,Pharmaceuticals,O=C(CCN1C(=O)/C(=C/c2ccccc2)SC1=S)Oc1cc(-c2ccc(Cl)cc2)c2oc(=O)sc2c1
669,"(2S)-2-[[4-[[4-[[1-(4-chlorophenyl)cyclopropyl]amino]-6-(2,2,2-trifluoroethoxy)-1,3,5-triazin-2-yl]amino]benzoyl]amino]-4-[[4-(2,3-difluorophenyl)-2-oxobutanoyl]amino]butanoic acid",O=C(CCc1cccc(F)c1F)C(=O)NCC[C@H](NC(=O)c1ccc(Nc2nc(NC3(c4ccc(Cl)cc4)CC3)nc(OCC(F)(F)F)n2)cc1)C(=O)O,C35H31ClF5N7O6,,161223045,level 3,11,0.0567,0,0,0,0,0.067786954,0,0.012209117,0,0,0,1,Norman_Human metabolites.csv,0.3218390804597701,0,Transformation and metabolic products,O=C(CCc1cccc(F)c1F)C(=O)NCC[C@H](NC(=O)c1ccc(Nc2nc(NC3(c4ccc(Cl)cc4)CC3)nc(OCC(F)(F)F)n2)cc1)C(=O)O
670,"2-nitro-N-[2-(4-nitrophenyl)-2-oxoethyl]-N-(4,5,6,7-tetrachloro-1,3-dioxoisoindol-2-yl)benzamide",O=C(CN(C(=O)c1ccccc1[N+](=O)[O-])N1C(=O)c2c(Cl)c(Cl)c(Cl)c(Cl)c2C1=O)c1ccc([N+](=O)[O-])cc1,C23H10Cl4N4O8,,125697090,level 3,58,0.299,0,0,0,0,0.80639964,1,0.9426923,1,1,0,1,Norman_Human metabolites.csv,0.3728813559322034,0,Transformation and metabolic products,O=C(CN(C(=O)c1ccccc1[N+](=O)[O-])N1C(=O)c2c(Cl)c(Cl)c(Cl)c(Cl)c2C1=O)c1ccc([N+](=O)[O-])cc1
671,"2-[(3E)-5-bromo-3-(2,4-dioxo-1,3-thiazolidin-5-ylidene)-2-oxoindol-1-yl]-N-[3-(trifluoromethyl)phenyl]acetamide",O=C(CN1C(=O)/C(=C2/SC(=O)NC2=O)c2cc(Br)ccc21)Nc1cccc(C(F)(F)F)c1,C20H11BrF3N3O4S,,50741402,level 3,1,0.0052,0,0,0,0,0.9536096,1,0.79231757,1,1,0,1,Norman_Human metabolites.csv,0.375,0,Transformation and metabolic products,O=C(CN1C(=O)/C(=C2/SC(=O)NC2=O)c2cc(Br)ccc21)Nc1cccc(C(F)(F)F)c1
672,N-[2-[(2-anilino-2-oxoethoxy)carbamoyl]-6-bromo-4-fluorophenyl]-3-bromo-1-(3-chloro-2-pyridinyl)pyrazole-5-carboxamide,O=C(CONC(=O)c1cc(F)cc(Br)c1NC(=O)c1cc(Br)nn1-c1ncccc1Cl)Nc1ccccc1,C24H16Br2ClFN6O4,,71514578,level 3,88,0.4536,0,0,0,0,0.95227337,1,0.09818091,0,1,0,1,Norman_Human metabolites.csv,0.5357142857142857,0,Transformation and metabolic products,O=C(CONC(=O)c1cc(F)cc(Br)c1NC(=O)c1cc(Br)nn1-c1ncccc1Cl)Nc1ccccc1
673,"N-[(3S)-4-[[2-(3,4-dichlorophenoxy)acetyl]amino]-3-hydroxy-1-bicyclo[3.1.1]hept-4-enyl]-5-(trifluoromethyl)pyridine-2-carboxamide",O=C(COc1ccc(Cl)c(Cl)c1)NC1=C2CC(NC(=O)c3ccc(C(F)(F)F)cn3)(C2)C[C@@H]1O,C22H18Cl2F3N3O4,,155265292,level 3,10,0.0515,0,0,0,0,0.90104896,1,0.3754855,0,1,0,1,Norman_Human metabolites.csv,0.3384615384615385,0,Transformation and metabolic products,O=C(COc1ccc(Cl)c(Cl)c1)NC1=C2CC(NC(=O)c3ccc(C(F)(F)F)cn3)(C2)C[C@@H]1O
674,N-(4-chlorophenyl)-2-[3-[2-(4-chlorophenyl)ethyl]-5-hydroxy-1-phenyl-2-sulfanylideneimidazol-4-yl]acetamide,O=C(Cc1c(O)n(-c2ccccc2)c(=S)n1CCc1ccc(Cl)cc1)Nc1ccc(Cl)cc1,C25H21Cl2N3O2S,,123969112,level 3,146,0.7526,0,0,1,0,0.9476949,1,0.9965237,1,1,0,1,Norman_Human metabolites.csv,0.4901960784313725,0,Transformation and metabolic products,O=C(Cc1c(O)n(-c2ccccc2)c(=S)n1CCc1ccc(Cl)cc1)Nc1ccc(Cl)cc1
675,"(2S)-2-[[4-[[4-[[1-(4-chlorophenyl)cyclopropyl]amino]-6-(2,2,2-trifluoroethoxy)-1,3,5-triazin-2-yl]amino]benzoyl]amino]-4-[[3-(2,4-difluorophenyl)-2-oxopropanoyl]amino]butanoic acid",O=C(Cc1ccc(F)cc1F)C(=O)NCC[C@H](NC(=O)c1ccc(Nc2nc(NC3(c4ccc(Cl)cc4)CC3)nc(OCC(F)(F)F)n2)cc1)C(=O)O,C34H29ClF5N7O6,,159086527,level 3,10,0.0515,0,0,0,0,0.295934,0,0.017632144,0,0,0,1,Norman_Human metabolites.csv,0.3176470588235294,0,Transformation and metabolic products,O=C(Cc1ccc(F)cc1F)C(=O)NCC[C@H](NC(=O)c1ccc(Nc2nc(NC3(c4ccc(Cl)cc4)CC3)nc(OCC(F)(F)F)n2)cc1)C(=O)O
676,"(4R,5R)-4-[(2-bromophenyl)methyl]-2-[4-(3-hydroxypropoxy)phenyl]-5-(4-phenylphenyl)-N-[(2-phenylsulfanylphenyl)methyl]-5H-1,3-oxazole-4-carboxamide",O=C(NCc1ccccc1Sc1ccccc1)[C@]1(Cc2ccccc2Br)N=C(c2ccc(OCCCO)cc2)O[C@@H]1c1ccc(-c2ccccc2)cc1,C45H39BrN2O4S,,24004000,level 3,38,0.1959,0,0,0,1,0.9928558,1,0.5663705,1,1,0,1,Industrial_chemical.csv,0.2876712328767123,0,Industry and consumer goods,O=C(NCc1ccccc1Sc1ccccc1)[C@]1(Cc2ccccc2Br)N=C(c2ccc(OCCCO)cc2)O[C@@H]1c1ccc(-c2ccccc2)cc1
677,"N'-[6-(1,3-benzothiazol-2-ylamino)-5-nitropyrimidin-4-yl]-4-chloro-3-nitrobenzohydrazide",O=C(NNc1ncnc(Nc2nc3ccccc3s2)c1[N+](=O)[O-])c1ccc(Cl)c([N+](=O)[O-])c1,C18H11ClN8O5S,,22528546,level 3,1,0.0052,0,0,0,0,0.42782626,0,0.6073465,1,1,0,1,Industrial_chemical.csv;Norman_Human metabolites.csv,0.4375,0,Industry and consumer goods,O=C(NNc1ncnc(Nc2nc3ccccc3s2)c1[N+](=O)[O-])c1ccc(Cl)c([N+](=O)[O-])c1
678,"[[4-[(Z)-1,4,4,4-tetrafluoro-3-(3,4,5-trichlorophenyl)but-1-enyl]-2-(trifluoromethyl)benzoyl]amino] cyclopropanecarboxylate",O=C(NOC(=O)C1CC1)c1ccc(/C(F)=C/C(c2cc(Cl)c(Cl)c(Cl)c2)C(F)(F)F)cc1C(F)(F)F,C22H13Cl3F7NO3,,175180802,level 3,1,0.0052,0,0,0,1,0.9944075,1,0.9975512,1,1,0,1,EPA_PFAS.csv,0.3050847457627119,0,Industry and consumer goods,O=C(NOC(=O)C1CC1)c1ccc(/C(F)=C/C(c2cc(Cl)c(Cl)c(Cl)c2)C(F)(F)F)cc1C(F)(F)F
679,"N-[[5-nitro-4-(3,4,5-trichlorophenyl)-2-(trifluoromethyl)-3-pyridinyl]oxy]benzamide",O=C(NOc1c(C(F)(F)F)ncc([N+](=O)[O-])c1-c1cc(Cl)c(Cl)c(Cl)c1)c1ccccc1,C19H9Cl3F3N3O4,,140802885,level 3,3,0.0155,0,0,0,0,0.96653414,1,0.9284511,1,1,0,1,Norman_Human metabolites.csv,0.3768115942028985,0,Transformation and metabolic products,O=C(NOc1c(C(F)(F)F)ncc([N+](=O)[O-])c1-c1cc(Cl)c(Cl)c(Cl)c1)c1ccccc1
680,"(2S)-3-(3-bromo-4-chlorophenyl)-2-[[4-iodo-2-(2H-[1,2,5]thiadiazolo[2,3-a]pyridin-4-ylsulfonylamino)benzoyl]amino]propanoic acid",O=C(N[C@@H](Cc1ccc(Cl)c(Br)c1)C(=O)O)c1ccc(I)cc1NS(=O)(=O)C1=CC=CN2SNC=C12,C22H17BrClIN4O5S2,,68770252,level 3,16,0.0825,0,0,0,0,0.77245325,1,0.30384356,0,1,0,1,Industrial_chemical.csv,0.2941176470588235,0,Industry and consumer goods,O=C(N[C@@H](Cc1ccc(Cl)c(Br)c1)C(=O)O)c1ccc(I)cc1NS(=O)(=O)C1=CC=CN2SNC=C12
681,"9-[(3-carboxyphenyl)carbamoylamino]-8-chloro-5-oxo-6H-pyrazolo[1,5-c]quinazoline-1,2-dicarboxylic acid",O=C(Nc1cccc(C(=O)O)c1)Nc1cc2c(cc1Cl)[nH]c(=O)n1nc(C(=O)O)c(C(=O)O)c21,C20H12ClN5O8,,136036810,level 3,2,0.0103,0,0,0,0,2.0705049e-05,0,8.5115275e-09,0,0,0,1,Industrial_chemical.csv,0.3442622950819672,0,Industry and consumer goods,O=C(Nc1cccc(C(=O)O)c1)Nc1cc2c(cc1Cl)[nH]c(=O)n1nc(C(=O)O)c(C(=O)O)c21
682,"6-[(5Z)-5-[[5-bromo-2-[2-(4-fluoroanilino)-2-oxoethoxy]phenyl]methylidene]-4-oxo-2-sulfanylidene-1,3-thiazolidin-3-yl]hexanoic acid",O=C(O)CCCCCN1C(=O)/C(=C/c2cc(Br)ccc2OCC(=O)Nc2ccc(F)cc2)SC1=S,C24H22BrFN2O5S2,,16628843,level 3,3,0.0155,0,0,0,0,0.021460796,0,0.19467427,0,0,0,1,Industrial_chemical.csv,0.3563218390804598,0,Industry and consumer goods,O=C(O)CCCCCN1C(=O)/C(=C/c2cc(Br)ccc2OCC(=O)Nc2ccc(F)cc2)SC1=S
683,"6-[3-chloro-4-[6-(3-sulfopropoxy)-1,3-benzoxazol-2-yl]pyridin-1-ium-1-yl]hexanoic acid",O=C(O)CCCCC[n+]1ccc(-c2nc3ccc(OCCCS(=O)(=O)O)cc3o2)c(Cl)c1,C21H24ClN2O7S,,118156940,level 3,3,0.0155,0,0,0,0,2.4784754e-06,0,0.7142677,1,1,0,1,Industrial_chemical.csv,0.3815789473684211,0,Industry and consumer goods,O=C(O)CCCCC[n+]1ccc(-c2nc3ccc(OCCCS(=O)(=O)O)cc3o2)c(Cl)c1
684,"2-[2-bromo-4-[(Z)-[2,4-dioxo-3-(2-oxo-2-piperidin-1-ylethyl)-1,3-thiazolidin-5-ylidene]methyl]-6-iodophenoxy]acetic acid",O=C(O)COc1c(Br)cc(/C=C2\SC(=O)N(CC(=O)N3CCCCC3)C2=O)cc1I,C19H18BrIN2O6S,,126390399,level 3,49,0.2526,0,0,0,0,0.001762475,0,0.1963946,0,0,0,1,Norman_Human metabolites.csv,0.3174603174603174,0,Transformation and metabolic products,O=C(O)COc1c(Br)cc(/C=C2\SC(=O)N(CC(=O)N3CCCCC3)C2=O)cc1I
685,"2-[4-[5-[(5-chlorothiophen-2-yl)methylamino]-4-fluoro-1-(1,2-oxazole-4-carbonyl)pyrazol-3-yl]-2-hydroxy-6-oxo-1-pyridinyl]acetic acid",O=C(O)Cn1c(O)cc(-c2nn(C(=O)c3cnoc3)c(NCc3ccc(Cl)s3)c2F)cc1=O,C19H13ClFN5O6S,,118959786,level 3,2,0.0103,0,0,0,0,4.3515465e-07,0,0.00141699,0,0,0,1,Norman_Pharmaceuticals.csv,0.2727272727272727,0,Pharmaceuticals,O=C(O)Cn1c(O)cc(-c2nn(C(=O)c3cnoc3)c(NCc3ccc(Cl)s3)c2F)cc1=O
686,"4-[5-chloro-2-[3-(2-hydroxyethyl)-5-oxo-1-pyridin-2-yl-2-sulfanylideneimidazolidin-4-ylidene]-1,3-benzoxazol-3-yl]butane-1-sulfonic acid",O=C1C(=C2Oc3ccc(Cl)cc3N2CCCCS(=O)(=O)O)N(CCO)C(=S)N1c1ccccn1,C21H21ClN4O6S2,,53783009,level 3,1,0.0052,0,0,0,0,0.001947607,0,0.002279706,0,0,0,1,Industrial_chemical.csv,0.4404761904761904,0,Industry and consumer goods,O=C1C(=C2Oc3ccc(Cl)cc3N2CCCCS(=O)(=O)O)N(CCO)C(=S)N1c1ccccn1
687,"(5E)-5-[[3-bromo-4-[(4-bromophenyl)methoxy]-5-iodophenyl]methylidene]-1-(2-fluorophenyl)-2-sulfanylidene-1,3-diazinane-4,6-dione",O=C1NC(=S)N(c2ccccc2F)C(=O)/C1=C/c1cc(Br)c(OCc2ccc(Br)cc2)c(I)c1,C24H14Br2FIN2O3S,,124601366,level 3,12,0.0619,0,0,0,1,0.924758,1,0.9554877,1,1,0,1,Industrial_chemical.csv,0.3684210526315789,0,Industry and consumer goods,O=C1NC(=S)N(c2ccccc2F)C(=O)/C1=C/c1cc(Br)c(OCc2ccc(Br)cc2)c(I)c1
688,"5-[[1-[(6-chloro-3-pyridinyl)methyl]-2-oxo-3,4-dihydroquinolin-5-yl]methyl]-4-oxo-1,3-thiazolidine-2-sulfonic acid",O=C1NC(S(=O)(=O)O)SC1Cc1cccc2c1CCC(=O)N2Cc1ccc(Cl)nc1,C19H18ClN3O5S2,,158858399,level 3,1,0.0052,0,0,0,0,0.003544798,0,0.002471378,0,0,0,1,Norman_Plant protection products.csv,0.3880597014925373,0,Pesticides,O=C1NC(S(=O)(=O)O)SC1Cc1cccc2c1CCC(=O)N2Cc1ccc(Cl)nc1
689,"2-chloro-5-[[2,2-dichloro-3-(3,5-dibromophenyl)-1-formylcyclopropyl]methylamino]-N-(3,3-difluorocyclobutyl)benzamide",O=CC1(CNc2ccc(Cl)c(C(=O)NC3CC(F)(F)C3)c2)C(c2cc(Br)cc(Br)c2)C1(Cl)Cl,C22H17Br2Cl3F2N2O2,,138653873,level 3,39,0.201,0,0,0,1,0.9842101,1,0.9806165,1,1,0,1,Norman_Pharmaceuticals.csv,0.2839506172839506,0,Pharmaceuticals,O=CC1(CNc2ccc(Cl)c(C(=O)NC3CC(F)(F)C3)c2)C(c2cc(Br)cc(Br)c2)C1(Cl)Cl
690,"N-[3-(2,6-dibromophenyl)-1-[2-(1,1,2,2-tetrafluoroethoxy)phenyl]propyl]-2-nitrobenzenesulfonamide",O=[N+]([O-])c1ccccc1S(=O)(=O)NC(CCc1c(Br)cccc1Br)c1ccccc1OC(F)(F)C(F)F,C23H18Br2F4N2O5S,,59009860,level 3,118,0.6082,0,0,1,1,0.89616764,1,0.8989296,1,1,0,1,Norman_Human metabolites.csv;EPA_PFAS.csv,0.4655172413793103,0,Industry and consumer goods,O=[N+]([O-])c1ccccc1S(=O)(=O)NC(CCc1c(Br)cccc1Br)c1ccccc1OC(F)(F)C(F)F
691,"6,8-dibromo-2-[[4-(2,2,2-trifluoroethyl)piperazin-1-yl]methyl]-3H-quinazolin-4-one",O=c1[nH]c(CN2CCN(CC(F)(F)F)CC2)nc2c(Br)cc(Br)cc12,C15H15Br2F3N4O,,136185650,level 3,142,0.732,0,0,1,0,6.9341346e-05,0,0.004893858,0,0,0,1,EPA_PFAS.csv,0.2884615384615384,0,Industry and consumer goods,O=c1[nH]c(CN2CCN(CC(F)(F)F)CC2)nc2c(Br)cc(Br)cc12
692,"[3-[[4-bromo-3-(3-chloro-5-isocyanophenoxy)-2-fluorophenyl]methyl]pyrazolo[3,4-b]pyridin-1-yl]methyl dihydrogen phosphate",[C-]#[N+]c1cc(Cl)cc(Oc2c(Br)ccc(Cc3nn(COP(=O)(O)O)c4ncccc34)c2F)c1,C21H14BrClFN4O5P,,57767048,level 3,158,0.8144,0,0,1,0,0.8069757,1,0.06894253,0,1,0,1,Norman_Pharmaceuticals.csv,0.3695652173913043,0,Pharmaceuticals,[C-]#[N+]c1cc(Cl)cc(Oc2c(Br)ccc(Cc3nn(COP(=O)(O)O)c4ncccc34)c2F)c1
1,2-tert-butyl-6-(5-chlorobenzotriazol-2-yl)-4-methylphenol,Cc1cc(-n2nc3ccc(Cl)cc3n2)c(O)c(C(C)(C)C)c1,C17H18ClN3O,3896115,62531,level 1,23,0.1186,128,0.9078,1,0,0.90753734,1,0.92133284,1,1,0,0,Norman_Indoor environment substances.csv;Norman_Food contact chemicals.csv;Norman_Human metabolites.csv;Industrial_chemical.csv;Norman_Drinking water chemicals.csv;ECHA_candidate-list-of-svhc-for-authorisation-export_SMILES.csv;Norman_Plastic additives.csv,1,1,Industry and consumer goods,Cc1cc(-n2nc3ccc(Cl)cc3n2)c(O)c(C(C)(C)C)c1
21,"7-chloro-N-methyl-1'-(2-phenylethyl)spiro[2,3,4,9-tetrahydropyrido[3,4-b]indole-1,4'-piperidine]-3-carboxamide",CNC(=O)C1Cc2c([nH]c3cc(Cl)ccc23)C2(CCN(CCc3ccccc3)CC2)N1,C25H29ClN4O,,44535938,level 2a,72,0.3711,116,0.8227,1,0,0.03601521,0,0.006912851,0,0,0,1,Norman_Human metabolites.csv,0.3766233766233766,0,Transformation and metabolic products,CNC(=O)C1Cc2c([nH]c3cc(Cl)ccc23)C2(CCN(CCc3ccccc3)CC2)N1
22,NAN,Cc1cccc(Cl)c1C(=O)NCCCCCNC(=O)c1ccccc1F,C20H22ClFN2O2,,,level 2a,102,0.5258,28,0.1986,1,0,0.7974763,1,0.09081542,0,1,0,1,Norman_Plastic additives.csv;Norman_Food contact chemicals.csv,0.4565217391304347,0,Food and other consumption,Cc1cccc(Cl)c1C(=O)NCCCCCNC(=O)c1ccccc1F
23,N-(1-adamantyl)-1-(5-chloropentyl)indazole-3-carboxamide,O=C(NC12CC3CC(CC(C3)C1)C2)c1nn(CCCCCCl)c2ccccc12,C23H30ClN3O,2160555520,129514129,level 2a,1,0.0052,115,0.8156,1,1,0.71623695,1,0.48046038,0,1,0,1,Norman_Human metabolites.csv;Norman_Drugs of abuse.csv,0.8113207547169812,1,Pharmaceuticals,O=C(NC12CC3CC(CC(C3)C1)C2)c1nn(CCCCCCl)c2ccccc12
33,"benzyl (1S)-4-[(E)-1-[(4R,5R,8R,9R,10R,13S,14R,15R)-13-(2-chloroethylamino)-4,9,10-trimethyl-15-prop-1-en-2-yl-2,3,5,6,7,8,11,12,14,15,16,17-dodecahydro-1H-cyclopenta[a]phenanthren-4-yl]-4,4-dimethylpent-2-en-3-yl]-1-(fluoromethyl)cyclohex-3-ene-1-carboxylate",C=C(C)[C@@H]1CC[C@]2(NCCCl)CC[C@]3(C)[C@H](CC[C@@H]4[C@@](C)(C/C=C(/C5=CC[C@](CF)(C(=O)OCc6ccccc6)CC5)C(C)(C)C)CCC[C@]43C)[C@@H]12,C47H69ClFNO2,,155393458,level 2b,68,0.3505,81,0.5745,1,1,0.9468217,1,0.9281467,1,1,0,1,Norman_Pharmaceuticals.csv,0.3043478260869565,0,Pharmaceuticals,C=C(C)[C@@H]1CC[C@]2(NCCCl)CC[C@]3(C)[C@H](CC[C@@H]4[C@@](C)(C/C=C(/C5=CC[C@](CF)(C(=O)OCc6ccccc6)CC5)C(C)(C)C)CCC[C@]43C)[C@@H]12
36,"(2E)-2-[(2E,4Z,6E)-4-chloro-7-(3-dec-9-enyl-1,1-dimethylbenzo[e]indol-3-ium-2-yl)hepta-2,4,6-trienylidene]-3-dec-9-enyl-1,1-dimethylbenzo[e]indole",C=CCCCCCCCCN1/C(=C/C=C/C(Cl)=C/C=C/C2=[N+](CCCCCCCCC=C)c3ccc4ccccc4c3C2(C)C)C(C)(C)c2c1ccc1ccccc21,C55H68ClN2,,58783056,level 2b,8,0.0412,138,0.9787,1,1,0.9592581,1,0.78243345,1,1,0,1,Industrial_chemical.csv,0.6282051282051282,1,Industry and consumer goods,C=CCCCCCCCCN1/C(=C/C=C/C(Cl)=C/C=C/C2=[N+](CCCCCCCCC=C)c3ccc4ccccc4c3C2(C)C)C(C)(C)c2c1ccc1ccccc21
38,"6-[3,6-bis(2,4,4-trimethylpentan-2-yl)carbazol-9-yl]-4-chloro-6-methyl-2-phenyl-4-(2,4,4-trimethylpentan-2-yl)cyclohex-2-en-1-ol",CC(C)(C)CC(C)(C)c1ccc2c(c1)c1cc(C(C)(C)CC(C)(C)C)ccc1n2C1(C)CC(Cl)(C(C)(C)CC(C)(C)C)C=C(c2ccccc2)C1O,C49H70ClNO,,175088539,level 2b,135,0.6959,92,0.6525,1,1,0.99663246,1,0.9841989,1,1,0,1,Industrial_chemical.csv,0.3432835820895522,0,Industry and consumer goods,CC(C)(C)CC(C)(C)c1ccc2c(c1)c1cc(C(C)(C)CC(C)(C)C)ccc1n2C1(C)CC(Cl)(C(C)(C)CC(C)(C)C)C=C(c2ccccc2)C1O
39,"N-tert-butyl-6-[(2E)-2-[(2E)-2-[3-[(E)-2-[1-[6-(tert-butylamino)-6-oxohexyl]-3,3-dimethylindol-1-ium-2-yl]ethenyl]-2-chlorocyclopentylidene]ethylidene]-3,3-dimethylindol-1-yl]hexanamide",CC(C)(C)NC(=O)CCCCCN1/C(=C/C=C2\CCC(/C=C/C3=[N+](CCCCCC(=O)NC(C)(C)C)c4ccccc4C3(C)C)C2Cl)C(C)(C)c2ccccc21,C49H70ClN4O2,,168817673,level 2b,81,0.4175,99,0.7021,1,1,0.96976274,1,0.8173219,1,1,0,1,Industrial_chemical.csv,0.4941176470588235,0,Industry and consumer goods,CC(C)(C)NC(=O)CCCCCN1/C(=C/C=C2\CCC(/C=C/C3=[N+](CCCCCC(=O)NC(C)(C)C)c4ccccc4C3(C)C)C2Cl)C(C)(C)c2ccccc21
41,"[3a-[2-[[4-chloro-2-[(dimethylamino)methyl]phenyl]methylamino]ethyl]-5a,5b,8,8,11a-pentamethyl-2-oxo-1-propan-2-yl-4,5,6,7,7a,9,10,11,11b,12,13,13a-dodecahydro-3H-cyclopenta[a]chrysen-9-yl] 4-amino-3,3-dimethyl-4-oxobutanoate",CC(C)C1=C2C3CCC4C5(C)CCC(OC(=O)CC(C)(C)C(N)=O)C(C)(C)C5CCC4(C)C3(C)CCC2(CCNCc2ccc(Cl)cc2CN(C)C)CC1=O,C47H72ClN3O4,,123924087,level 2b,7,0.0361,141,1,1,1,0.8314964,1,0.7954447,1,1,0,1,Norman_Pharmaceuticals.csv,0.3518518518518518,0,Pharmaceuticals,CC(C)C1=C2C3CCC4C5(C)CCC(OC(=O)CC(C)(C)C(N)=O)C(C)(C)C5CCC4(C)C3(C)CCC2(CCNCc2ccc(Cl)cc2CN(C)C)CC1=O
48,"1-[5-[[1-adamantylmethyl(2,3-dihydroxypropyl)amino]methyl]-5,13-dihydroxy-6,10-dimethyl-17-tricyclo[13.2.2.02,6]nonadeca-1(17),9,15,18-tetraenyl]-2-(2-chloro-6-fluorophenyl)ethanone",CC1=CCCC2(C)C(CCC2(O)CN(CC(O)CO)CC23CC4CC(CC(C4)C2)C3)c2ccc(cc2C(=O)Cc2c(F)cccc2Cl)CC(O)CC1,C44H59ClFNO5,,5068472,level 2b,1,0.0052,141,1,1,1,0.8331752,1,0.048156656,0,1,0,1,Norman_Human metabolites.csv,0.2790697674418604,0,Transformation and metabolic products,CC1=CCCC2(C)C(CCC2(O)CN(CC(O)CO)CC23CC4CC(CC(C4)C2)C3)c2ccc(cc2C(=O)Cc2c(F)cccc2Cl)CC(O)CC1
49,"1-[5-[(3,5-dichloro-4-pyridinyl)sulfanyl]-4-nitrothiophen-2-yl]-2-(3-methyl-1,1-dioxo-2,3-dihydro-1-benzothiophen-6-yl)ethanone",CC1CS(=O)(=O)c2cc(CC(=O)c3cc([N+](=O)[O-])c(Sc4c(Cl)cncc4Cl)s3)ccc21,C20H14Cl2N2O5S3,,161820446,level 2b,4,0.0206,18,0.1277,0,0,0.63261336,1,0.34759352,0,1,0,1,Norman_Human metabolites.csv,0.3086419753086419,0,Transformation and metabolic products,CC1CS(=O)(=O)c2cc(CC(=O)c3cc([N+](=O)[O-])c(Sc4c(Cl)cncc4Cl)s3)ccc21
57,"[(3S,8S,9S,10R,14R,17R)-17-[5-[bis(2-chloroethyl)carbamoyloxy]pentan-2-yl]-10-methyl-1,2,3,4,7,8,9,11,12,13,14,15,16,17-tetradecahydrocyclopenta[a]phenanthren-3-yl] (Z)-nonadec-10-enoate",CCCCCCCC/C=C\CCCCCCCCC(=O)O[C@H]1CC[C@@]2(C)C(=CC[C@H]3[C@@H]4CC[C@H](C(C)CCCOC(=O)N(CCCl)CCCl)C4CC[C@@H]32)C1,C47H79Cl2NO4,,56664834,level 2b,75,0.3866,138,0.9787,1,1,0.5743634,1,0.69472474,1,1,0,1,Industrial_chemical.csv;Norman_Personal care products.csv;Norman_Human metabolites.csv,0.6136363636363636,1,Personal care products,CCCCCCCC/C=C\CCCCCCCCC(=O)O[C@H]1CC[C@@]2(C)C(=CC[C@H]3[C@@H]4CC[C@H](C(C)CCCOC(=O)N(CCCl)CCCl)C4CC[C@@H]32)C1
60,2-chloro-N-[4-[(2-chloroacetyl)-hexadecylamino]phenyl]-N-hexadecylacetamide,CCCCCCCCCCCCCCCCN(C(=O)CCl)c1ccc(N(CCCCCCCCCCCCCCCC)C(=O)CCl)cc1,C42H74Cl2N2O2,,118349716,level 2b,134,0.6907,72,0.5106,1,1,0.00140859,0,0.001003883,0,1,0,1,Norman_Human metabolites.csv,0.5277777777777778,0,Transformation and metabolic products,CCCCCCCCCCCCCCCCN(C(=O)CCl)c1ccc(N(CCCCCCCCCCCCCCCC)C(=O)CCl)cc1
66,"(4R)-N-[3-(1,2,3,4,4a,5,6,7,8,8a-decahydronaphthalen-2-yl)-1-[(2-chlorocyclohexyl)methyl-methylamino]-1-oxopropan-2-yl]-1-[3-[[ethyl(methyl)amino]methyl]adamantane-1-carbonyl]-4-hydroxypyrrolidine-2-carboxamide",CCN(C)CC12CC3CC(C1)CC(C(=O)N1C[C@H](O)CC1C(=O)NC(CC1CCC4CCCCC4C1)C(=O)N(C)CC1CCCCC1Cl)(C3)C2,C41H67ClN4O4,,145812436,level 2b,2,0.0103,141,1,1,1,0.6815649,1,0.5685289,1,1,0,1,Norman_Pharmaceuticals.csv,0.2523364485981308,0,Pharmaceuticals,CCN(C)CC12CC3CC(C1)CC(C(=O)N1C[C@H](O)CC1C(=O)NC(CC1CCC4CCCCC4C1)C(=O)N(C)CC1CCCCC1Cl)(C3)C2
80,"pentakis(2,2,2-trichloroethoxy)-lambda5-phosphane",ClC(Cl)(Cl)COP(OCC(Cl)(Cl)Cl)(OCC(Cl)(Cl)Cl)(OCC(Cl)(Cl)Cl)OCC(Cl)(Cl)Cl,C10H10Cl15O5P,,12486606,level 2b,4,0.0206,63,0.4468,0,0,0.9956291,1,0.95381963,1,1,0,1,EPA_PFAS.csv,0.4444444444444444,0,Industry and consumer goods,ClC(Cl)(Cl)COP(OCC(Cl)(Cl)Cl)(OCC(Cl)(Cl)Cl)(OCC(Cl)(Cl)Cl)OCC(Cl)(Cl)Cl
89,"[4,4,4-trichloro-2-hydroxy-2-(3,4,5-tribromophenyl)butyl] 2,2-dibromoethanesulfonate",O=S(=O)(CC(Br)Br)OCC(O)(CC(Cl)(Cl)Cl)c1cc(Br)c(Br)c(Br)c1,C12H10Br5Cl3O4S,,21540643,level 2b,162,0.8351,137,0.9716,1,0,0.9856428,1,0.99779004,1,1,0,1,Industrial_chemical.csv;Norman_Human metabolites.csv,0.2777777777777778,0,Industry and consumer goods,O=S(=O)(CC(Br)Br)OCC(O)(CC(Cl)(Cl)Cl)c1cc(Br)c(Br)c(Br)c1
99,"4-[[3a-[2-[(2-chlorophenyl)methyl-methylamino]-1-hydroxyethyl]-5b,8,11a-trimethyl-2-oxo-1-propan-2-yl-4,5,5a,6,7,7a,8,9,10,11,11b,12,13,13a-tetradecahydro-3H-cyclopenta[a]chrysen-9-yl]oxy]-2,2-dimethyl-4-oxobutanoic acid",CC(C)C1=C2C3CCC4C(C)(CCC5C(C)C(OC(=O)CC(C)(C)C(=O)O)CCC54C)C3CCC2(C(O)CN(C)Cc2ccccc2Cl)CC1=O,C43H62ClNO6,,145595684,level 2b,3,0.0155,34,0.2411,0,0,0.57671523,1,0.709631,1,1,0,1,Norman_Natural toxins.csv,0.2666666666666666,0,Transformation and metabolic products,CC(C)C1=C2C3CCC4C(C)(CCC5C(C)C(OC(=O)CC(C)(C)C(=O)O)CCC54C)C3CCC2(C(O)CN(C)Cc2ccccc2Cl)CC1=O
135,"1-[3-[4-[[4-[2-[3-[[5-chloro-4-(1H-indol-3-yl)pyrimidin-2-yl]amino]pyrrolidin-1-yl]ethyl]piperazin-1-yl]methyl]piperidin-1-yl]phenyl]pyrimidine-2,4-dione",O=c1ccn(-c2cccc(N3CCC(CN4CCN(CCN5CCC(Nc6ncc(Cl)c(-c7c[nH]c8ccccc78)n6)C5)CC4)CC3)c2)c(=O)[nH]1,C38H45ClN10O2,,169752714,level 2b,2,0.0103,18,0.1277,0,0,4.4250555e-06,0,0.035074994,0,0,0,1,Norman_Pharmaceuticals.csv,0.5280898876404494,0,Pharmaceuticals,O=c1ccn(-c2cccc(N3CCC(CN4CCN(CCN5CCC(Nc6ncc(Cl)c(-c7c[nH]c8ccccc78)n6)C5)CC4)CC3)c2)c(=O)[nH]1
174,"(1R,3aR,5aR,5bR,7aR,9S,11aR,11bR,13aR,13bR)-3a-[2-[2-[4-[(3-chlorophenyl)methyl]piperazin-1-yl]ethylamino]ethyl]-5a,5b,8,8,11a-pentamethyl-1-prop-1-en-2-yl-1,2,3,4,5,6,7,7a,9,10,11,11b,12,13,13a,13b-hexadecahydrocyclopenta[a]chrysen-9-ol",C=C(C)[C@@H]1CC[C@]2(CCNCCN3CCN(Cc4cccc(Cl)c4)CC3)CC[C@]3(C)[C@H](CC[C@@H]4[C@@]5(C)CC[C@H](O)C(C)(C)[C@@H]5CC[C@]43C)[C@@H]12,C44H70ClN3O,,166707869,level 3,3,0.0155,86,0.6099,1,1,0.9297043,1,0.9039149,1,1,0,1,Industrial_chemical.csv;Norman_Human metabolites.csv,0.5432098765432098,0,Industry and consumer goods,C=C(C)[C@@H]1CC[C@]2(CCNCCN3CCN(Cc4cccc(Cl)c4)CC3)CC[C@]3(C)[C@H](CC[C@@H]4[C@@]5(C)CC[C@H](O)C(C)(C)[C@@H]5CC[C@]43C)[C@@H]12
193,"4-O-[3a-[(E)-3-[1-(5-chlorocyclohexa-1,5-dien-1-yl)ethylamino]-3-oxoprop-1-enyl]-5b,8,8,11a-tetramethyl-1-propan-2-yl-3,4,5,5a,6,7,7a,9,10,11,11b,12,13,13a-tetradecahydro-2H-cyclopenta[a]chrysen-9-yl] 1-O-tert-butyl 2,2-dimethylbutanedioate",CC(C)C1=C2C3CCC4C(C)(CCC5C(C)(C)C(OC(=O)CC(C)(C)C(=O)OC(C)(C)C)CCC54C)C3CCC2(/C=C/C(=O)NC(C)C2=CCCC(Cl)=C2)CC1,C49H74ClNO5,,145595830,level 3,12,0.0619,117,0.8298,1,1,0.93496895,1,0.9072591,1,1,0,1,Norman_Pharmaceuticals.csv,0.2869565217391304,0,Pharmaceuticals,CC(C)C1=C2C3CCC4C(C)(CCC5C(C)(C)C(OC(=O)CC(C)(C)C(=O)OC(C)(C)C)CCC54C)C3CCC2(/C=C/C(=O)NC(C)C2=CCCC(Cl)=C2)CC1
222,[2-[bis(2-chloroethyl)carbamoyloxy]-3-octadec-9-enoyloxypropyl] octadec-9-enoate,CCCCCCCCC=CCCCCCCCC(=O)OCC(COC(=O)CCCCCCCC=CCCCCCCCC)OC(=O)N(CCCl)CCCl,C44H79Cl2NO6,,356948,level 3,59,0.3041,105,0.7447,1,0,1.0092982e-06,0,0.000897311,0,0,0,1,Norman_Food contact chemicals.csv;Norman_Pharmaceuticals.csv;Norman_Human metabolites.csv;Industrial_chemical.csv;Norman_Drinking water chemicals.csv;Norman_Personal care products.csv,0.6888888888888889,1,Pharmaceuticals,CCCCCCCCC=CCCCCCCCC(=O)OCC(COC(=O)CCCCCCCC=CCCCCCCCC)OC(=O)N(CCCl)CCCl
293,"4-[[3a-[2-[[(3E)-4-chloro-2-methylidenehexa-3,5-dienyl]amino]ethyl]-5b,8,11a-trimethyl-2-oxo-1-propan-2-yl-4,5,5a,6,7,7a,8,9,10,11,11b,12,13,13a-tetradecahydro-3H-cyclopenta[a]chrysen-9-yl]oxy]-2,2-dimethyl-4-oxobutanoic acid",C=C/C(Cl)=C\C(=C)CNCCC12CCC3C(CCC4C3(C)CCC3C(C)C(OC(=O)CC(C)(C)C(=O)O)CCC34C)C1=C(C(C)C)C(=O)C2,C42H62ClNO5,,145595516,level 3,10,0.0515,72,0.5106,1,1,0.56592107,1,0.75265837,1,1,0,1,Norman_Pharmaceuticals.csv,0.2882882882882883,0,Pharmaceuticals,C=C/C(Cl)=C\C(=C)CNCCC12CCC3C(CCC4C3(C)CCC3C(C)C(OC(=O)CC(C)(C)C(=O)O)CCC34C)C1=C(C(C)C)C(=O)C2
301,"[3-[2-chloro-5-[(3,4,5-trifluorophenyl)carbamoyl]phenyl]sulfanyl-2-methylpropyl] acetate",CC(=O)OCC(C)CSc1cc(C(=O)Nc2cc(F)c(F)c(F)c2)ccc1Cl,C19H17ClF3NO3S,,167246610,level 3,1,0.0052,19,0.1348,0,0,0.42721292,0,0.5542269,1,1,0,1,Industrial_chemical.csv,0.3559322033898305,0,Industry and consumer goods,CC(=O)OCC(C)CSc1cc(C(=O)Nc2cc(F)c(F)c(F)c2)ccc1Cl
309,"4-[[3a-[2-[(4-chlorophenyl)methylamino]-1-hydroxyethyl]-5b,8,8,11a-tetramethyl-1-propan-2-yl-3,4,5,5a,6,7,7a,9,10,11,11b,12,13,13a-tetradecahydro-2H-cyclopenta[a]chrysen-9-yl]oxy]-2,2-dimethyl-4-oxobutanoic acid",CC(C)C1=C2C3CCC4C(C)(CCC5C(C)(C)C(OC(=O)CC(C)(C)C(=O)O)CCC54C)C3CCC2(C(O)CNCc2ccc(Cl)cc2)CC1,C43H64ClNO5,,123846393,level 3,12,0.0619,62,0.4397,0,0,0.82880914,1,0.8904599,1,1,0,1,Norman_Pharmaceuticals.csv,0.3627450980392157,0,Pharmaceuticals,CC(C)C1=C2C3CCC4C(C)(CCC5C(C)(C)C(OC(=O)CC(C)(C)C(=O)O)CCC54C)C3CCC2(C(O)CNCc2ccc(Cl)cc2)CC1
313,"4-[[(3aR,5aR,5bR,7aR,9S,11aR,11bR,13aS)-3a-[2-[(4-chlorophenyl)methyl-methylamino]ethyl]-5a,5b,8,8,11a-pentamethyl-2-oxo-1-propan-2-yl-4,5,6,7,7a,9,10,11,11b,12,13,13a-dodecahydro-3H-cyclopenta[a]chrysen-9-yl]oxy]-2,2-dimethyl-4-oxobutanoic acid",CC(C)C1=C2[C@H]3CC[C@@H]4[C@@]5(C)CC[C@H](OC(=O)CC(C)(C)C(=O)O)C(C)(C)[C@@H]5CC[C@@]4(C)[C@]3(C)CC[C@@]2(CCN(C)Cc2ccc(Cl)cc2)CC1=O,C45H66ClNO5,,71614540,level 3,35,0.1804,100,0.7092,1,0,0.7319327,1,0.76754165,1,1,0,1,Norman_Pharmaceuticals.csv,0.4375,0,Pharmaceuticals,CC(C)C1=C2[C@H]3CC[C@@H]4[C@@]5(C)CC[C@H](OC(=O)CC(C)(C)C(=O)O)C(C)(C)[C@@H]5CC[C@@]4(C)[C@]3(C)CC[C@@]2(CCN(C)Cc2ccc(Cl)cc2)CC1=O
316,"cis-(1R,3S)-3-[[(3aR,5aR,5bR,7aR,9S,11aR,11bR,13aS)-3a-[2-[(4-chlorophenyl)methylamino]ethyl]-2-hydroxy-5a,5b,8,8,11a-pentamethyl-1-propan-2-yl-2,3,4,5,6,7,7a,9,10,11,11b,12,13,13a-tetradecahydrocyclopenta[a]chrysen-9-yl]oxycarbonyl]-2,2-dimethylcyclobutane-1-carboxylic acid",CC(C)C1=C2[C@H]3CC[C@@H]4[C@@]5(C)CC[C@H](OC(=O)[C@H]6C[C@@H](C(=O)O)C6(C)C)C(C)(C)[C@@H]5CC[C@@]4(C)[C@]3(C)CC[C@@]2(CCNCc2ccc(Cl)cc2)CC1O,C46H68ClNO5,,130199292,level 3,93,0.4794,42,0.2979,0,0,0.8258404,1,0.9038678,1,1,0,1,Norman_Pharmaceuticals.csv,0.3113207547169811,0,Pharmaceuticals,CC(C)C1=C2[C@H]3CC[C@@H]4[C@@]5(C)CC[C@H](OC(=O)[C@H]6C[C@@H](C(=O)O)C6(C)C)C(C)(C)[C@@H]5CC[C@@]4(C)[C@]3(C)CC[C@@]2(CCNCc2ccc(Cl)cc2)CC1O
317,"cis-(1R,3S)-3-[[(3aR,5aR,5bR,7aR,9S,11aR,11bR,13aS)-3a-[(1R)-2-[(3-chlorobenzoyl)amino]-1-hydroxyethyl]-5a,5b,8,8,11a-pentamethyl-2-oxo-1-propan-2-yl-4,5,6,7,7a,9,10,11,11b,12,13,13a-dodecahydro-3H-cyclopenta[a]chrysen-9-yl]oxycarbonyl]-2,2-dimethylcyclobutane-1-carboxylic acid",CC(C)C1=C2[C@H]3CC[C@@H]4[C@@]5(C)CC[C@H](OC(=O)[C@H]6C[C@@H](C(=O)O)C6(C)C)C(C)(C)[C@@H]5CC[C@@]4(C)[C@]3(C)CC[C@@]2([C@@H](O)CNC(=O)c2cccc(Cl)c2)CC1=O,C46H64ClNO7,,134814902,level 3,1,0.0052,33,0.234,0,1,0.569608,1,0.76470876,1,1,0,1,Norman_Pharmaceuticals.csv,0.2857142857142857,0,Pharmaceuticals,CC(C)C1=C2[C@H]3CC[C@@H]4[C@@]5(C)CC[C@H](OC(=O)[C@H]6C[C@@H](C(=O)O)C6(C)C)C(C)(C)[C@@H]5CC[C@@]4(C)[C@]3(C)CC[C@@]2([C@@H](O)CNC(=O)c2cccc(Cl)c2)CC1=O
318,"2-[2-[7-bromo-2-(2,2-dimethylpropyl)-2,3,3,4,6,7-hexamethyl-4-(2-methylpropyl)-6-[2-(trimethylazaniumyl)ethoxycarbonyl]octanoyl]oxyethoxy-hydroxyphosphoryl]oxyethyl-trimethylazanium",CC(C)CC(C)(CC(C)(C(=O)OCC[N+](C)(C)C)C(C)(C)Br)C(C)(C)C(C)(CC(C)(C)C)C(=O)OCCOP(=O)(O)OCC[N+](C)(C)C,C36H74BrN2O8P,,123825716,level 3,8,0.0412,40,0.2837,0,0,0.92402804,1,0.042558774,0,1,0,1,Norman_Human metabolites.csv;Norman_Pharmaceuticals.csv,0.352112676056338,0,Pharmaceuticals,CC(C)CC(C)(CC(C)(C(=O)OCC[N+](C)(C)C)C(C)(C)Br)C(C)(C)C(C)(CC(C)(C)C)C(=O)OCCOP(=O)(O)OCC[N+](C)(C)C
319,"(3S,4S)-2-[[3-[[(2-chloro-6-fluorophenyl)methyl-[(2S)-1-(dimethylamino)-4-methylpentan-2-yl]amino]methyl]phenyl]methyl]-4-[(1S)-1-hydroxyethyl]-N-[(1S,2S,3S,5R)-2,6,6-trimethyl-3-bicyclo[3.1.1]heptanyl]-1,2-oxazolidine-3-carboxamide",CC(C)C[C@@H](CN(C)C)N(Cc1cccc(CN2OC[C@@H]([C@H](C)O)[C@H]2C(=O)N[C@H]2C[C@H]3C[C@@H]([C@@H]2C)C3(C)C)c1)Cc1c(F)cccc1Cl,C39H58ClFN4O3,,163999738,level 3,55,0.2835,85,0.6028,1,1,0.9150202,1,0.09356347,0,1,0,1,Norman_Pharmaceuticals.csv,0.2523364485981308,0,Pharmaceuticals,CC(C)C[C@@H](CN(C)C)N(Cc1cccc(CN2OC[C@@H]([C@H](C)O)[C@H]2C(=O)N[C@H]2C[C@H]3C[C@@H]([C@@H]2C)C3(C)C)c1)Cc1c(F)cccc1Cl
321,"N-[2-chloro-4-[(3,4-dichlorophenyl)sulfamoyl]phenyl]-3,3,3-trifluoro-2-hydroxy-2-methylpropanamide",CC(O)(C(=O)Nc1ccc(S(=O)(=O)Nc2ccc(Cl)c(Cl)c2)cc1Cl)C(F)(F)F,C16H12Cl3F3N2O4S,,17965746,level 3,112,0.5773,50,0.3546,1,0,0.978069,1,0.7039293,1,1,0,1,Norman_Pharmaceuticals.csv,0.576271186440678,0,Pharmaceuticals,CC(O)(C(=O)Nc1ccc(S(=O)(=O)Nc2ccc(Cl)c(Cl)c2)cc1Cl)C(F)(F)F
328,"N-[2-[[8-(chloroamino)-4-(ethylamino)octan-2-yl]amino]ethyl]-N-[[1-[2-[2-[(4,4,11,11-tetramethyl-3,5,7,10,12-pentaoxatricyclo[6.4.0.02,6]dodecan-9-yl)oxy]ethoxy]ethyl]triazol-4-yl]methyl]butanamide",CCCC(=O)N(CCNC(C)CC(CCCCNCl)NCC)Cc1cn(CCOCCOC2OC(C)(C)OC3C2OC2OC(C)(C)OC23)nn1,C34H62ClN7O8,,174253460,level 3,32,0.1649,91,0.6454,1,0,0.001487984,0,0.023978218,0,0,0,1,Norman_Human metabolites.csv,0.2403846153846154,0,Transformation and metabolic products,CCCC(=O)N(CCNC(C)CC(CCCCNCl)NCC)Cc1cn(CCOCCOC2OC(C)(C)OC3C2OC2OC(C)(C)OC23)nn1
330,"methyl 4-[(Z)-2-(5-chloro-6-methyl-1H-indazol-4-yl)-1-fluoroethenyl]-6-[2-ethoxyethyl(ethyl)amino]-2-[[1-[2-(hydroxymethyl)pentyl]-3,4,5,6,7,7a-hexahydro-2H-cyclopenta[b]pyridin-4a-yl]methoxy]-N-methylpyrimidine-5-carboximidate",CCCC(CO)CN1CCCC2(COc3nc(/C(F)=C/c4c(Cl)c(C)cc5[nH]ncc45)c(C(=NC)OC)c(N(CC)CCOCC)n3)CCCC12,C38H55ClFN7O4,,176662652,level 3,6,0.0309,52,0.3688,0,1,0.006587162,0,0.014792752,0,1,0,1,Industrial_chemical.csv,0.2112676056338028,0,Industry and consumer goods,CCCC(CO)CN1CCCC2(COc3nc(/C(F)=C/c4c(Cl)c(C)cc5[nH]ncc45)c(C(=NC)OC)c(N(CC)CCOCC)n3)CCCC12
333,heptadecan-9-yl 8-[3-[(6-chloro-3-pyridinyl)methylsulfanylamino]propyl-(8-oxooctyl)amino]octanoate,CCCCCCCCC(CCCCCCCC)OC(=O)CCCCCCCN(CCCCCCCC=O)CCCNSCc1ccc(Cl)nc1,C42H76ClN3O3S,,156709968,level 3,5,0.0258,66,0.4681,0,0,2.4175744e-05,0,0.000108176,0,0,0,1,Industrial_chemical.csv,0.3947368421052631,0,Industry and consumer goods,CCCCCCCCC(CCCCCCCC)OC(=O)CCCCCCCN(CCCCCCCC=O)CCCNSCc1ccc(Cl)nc1
338,"(3'R,4S,4'S,5'R,6'R)-3',4',5'-tributoxy-6'-(butoxymethyl)-7-chloro-6-[(4-ethylphenyl)methyl]spiro[2,3-dihydrochromene-4,2'-oxane]-2-ol",CCCCOC[C@H]1O[C@]2(CC(O)Oc3cc(Cl)c(Cc4ccc(CC)cc4)cc32)[C@H](OCCCC)[C@@H](OCCCC)[C@@H]1OCCCC,C39H59ClO7,,70855588,level 3,14,0.0722,29,0.2057,0,1,0.94478554,1,0.70974183,1,1,0,1,Industrial_chemical.csv,0.3214285714285714,0,Industry and consumer goods,CCCCOC[C@H]1O[C@]2(CC(O)Oc3cc(Cl)c(Cc4ccc(CC)cc4)cc32)[C@H](OCCCC)[C@@H](OCCCC)[C@@H]1OCCCC
340,"4-[4-[(2S)-2-[[5-(benzylamino)-5-oxopentanoyl]amino]-2-[1-butyl-4-(2,4-dichlorophenyl)imidazol-2-yl]ethyl]phenoxy]benzoic acid",CCCCn1cc(-c2ccc(Cl)cc2Cl)nc1[C@H](Cc1ccc(Oc2ccc(C(=O)O)cc2)cc1)NC(=O)CCCC(=O)NCc1ccccc1,C40H40Cl2N4O5,,60113671,level 3,7,0.0361,22,0.156,0,1,0.7909109,1,0.9768919,1,1,0,1,Norman_Human metabolites.csv,0.348314606741573,0,Transformation and metabolic products,CCCCn1cc(-c2ccc(Cl)cc2Cl)nc1[C@H](Cc1ccc(Oc2ccc(C(=O)O)cc2)cc1)NC(=O)CCCC(=O)NCc1ccccc1
342,"3-(4-chloro-2-propylphenyl)-5-[[2-[2-(8-methyl-3,4,6,7,9,9a-hexahydro-1H-pyrazino[1,2-a]pyrazin-2-yl)ethyl]cyclobutyl]methyl]-N-(3-methylhexan-2-ylsulfinyl)-3,4-dihydro-2H-1,5-benzoxazepine-7-carboxamide",CCCc1cc(Cl)ccc1C1COc2ccc(C(=O)NS(=O)C(C)C(C)CCC)cc2N(CC2CCC2CCN2CCN3CCN(C)CC3C2)C1,C41H62ClN5O3S,,142537622,level 3,25,0.1289,29,0.2057,0,0,0.12603015,0,0.6420882,1,1,0,1,Norman_Pharmaceuticals.csv,0.2868217054263566,0,Pharmaceuticals,CCCc1cc(Cl)ccc1C1COc2ccc(C(=O)NS(=O)C(C)C(C)CCC)cc2N(CC2CCC2CCN2CCN3CCN(C)CC3C2)C1
345,"(13E)-12-[(4-tert-butylpiperazin-1-yl)methyl]-4-(4-chloro-2-propylphenyl)-6,16,17-trimethyl-18-oxo-2-oxa-18lambda4-thia-6,19-diazatricyclo[19.2.2.08,11]pentacosa-1(24),13,21(25),22-tetraen-20-one",CCCc1cc(Cl)ccc1C1COc2ccc(cc2)C(=O)NS(=O)C(C)C(C)C/C=C/C(CN2CCN(C(C)(C)C)CC2)C2CCC2CN(C)C1,C42H63ClN4O3S,,142443756,level 3,6,0.0309,32,0.227,0,1,0.9629199,1,0.8385698,1,1,0,1,Norman_Pharmaceuticals.csv,0.2336448598130841,0,Pharmaceuticals,CCCc1cc(Cl)ccc1C1COc2ccc(cc2)C(=O)NS(=O)C(C)C(C)C/C=C/C(CN2CCN(C(C)(C)C)CC2)C2CCC2CN(C)C1
348,"4-[[3a-[2-[(3-chlorophenyl)methyl-ethylamino]ethyl]-5b,11a-dimethyl-2-oxo-1-propan-2-yl-4,5,5a,6,7,7a,8,9,10,11,11b,12,13,13a-tetradecahydro-3H-cyclopenta[a]chrysen-9-yl]oxy]-2,2-dimethyl-4-oxobutanoic acid",CCN(CCC12CCC3C(CCC4C5(C)CCC(OC(=O)CC(C)(C)C(=O)O)CC5CCC34C)C1=C(C(C)C)C(=O)C2)Cc1cccc(Cl)c1,C43H62ClNO5,,145595774,level 3,86,0.4433,112,0.7943,1,0,0.6244493,1,0.7088214,1,1,0,1,EPA_PFAS.csv,0.2719298245614035,0,Industry and consumer goods,CCN(CCC12CCC3C(CCC4C5(C)CCC(OC(=O)CC(C)(C)C(=O)O)CC5CCC34C)C1=C(C(C)C)C(=O)C2)Cc1cccc(Cl)c1
363,"(5E)-3-(3-bromophenyl)-5-[[3-ethoxy-4-[2-nitro-4-(trifluoromethyl)phenoxy]phenyl]methylidene]-2-sulfanylidene-1,3-thiazolidin-4-one",CCOc1cc(/C=C2/SC(=S)N(c3cccc(Br)c3)C2=O)ccc1Oc1ccc(C(F)(F)F)cc1[N+](=O)[O-],C25H16BrF3N2O5S2,,126203770,level 3,1,0.0052,50,0.3546,0,1,0.967108,1,0.83055717,1,1,0,1,Industrial_chemical.csv,0.4615384615384615,0,Industry and consumer goods,CCOc1cc(/C=C2/SC(=S)N(c3cccc(Br)c3)C2=O)ccc1Oc1ccc(C(F)(F)F)cc1[N+](=O)[O-]
368,"(2S)-2-[[(2S)-1-[(2S)-2-[[(2S,3S)-2-[[(2R,3R)-3-amino-10-chloro-2-hydroxydecanoyl]amino]-3-methylpentanoyl]-methylamino]-4-methylpentanoyl]pyrrolidine-2-carbonyl]amino]-3-(4-hydroxyphenyl)propanoic acid",CC[C@H](C)[C@H](NC(=O)[C@H](O)[C@H](N)CCCCCCCCl)C(=O)N(C)[C@@H](CC(C)C)C(=O)N1CCC[C@H]1C(=O)N[C@@H](Cc1ccc(O)cc1)C(=O)O,C37H60ClN5O8,,10485138,level 3,34,0.1753,37,0.2624,0,0,9.542844e-06,0,0.000720298,0,0,0,1,Industrial_chemical.csv,0.5,0,Industry and consumer goods,CC[C@H](C)[C@H](NC(=O)[C@H](O)[C@H](N)CCCCCCCCl)C(=O)N(C)[C@@H](CC(C)C)C(=O)N1CCC[C@H]1C(=O)N[C@@H](Cc1ccc(O)cc1)C(=O)O
375,"1-[2,6-dichloro-4-(trifluoromethyl)phenyl]-5-[methyl(2-methylsulfonylethyl)amino]-4-(trifluoromethylsulfonyl)pyrazole-3-carbonitrile",CN(CCS(C)(=O)=O)c1c(S(=O)(=O)C(F)(F)F)c(C#N)nn1-c1c(Cl)cc(C(F)(F)F)cc1Cl,C16H12Cl2F6N4O4S2,,91491773,level 3,13,0.067,57,0.4043,0,0,0.000991275,0,0.080562286,0,0,0,1,Industrial_chemical.csv;Norman_Human metabolites.csv;Norman_Plant protection products.csv,0.6440677966101694,1,Pesticides,CN(CCS(C)(=O)=O)c1c(S(=O)(=O)C(F)(F)F)c(C#N)nn1-c1c(Cl)cc(C(F)(F)F)cc1Cl
405,"[(1S,2R,3S,5S,7R,16E,18E,20R,21S)-11-chloro-21-hydroxy-12,20-dimethoxy-2,5,9,16-tetramethyl-8,23-dioxo-4,24-dioxa-22-azatetracyclo[19.3.1.110,14.03,5]hexacosa-10,12,14(26),16,18-pentaen-7-yl] (2S)-2-[methyl-(2-sulfanylacetyl)amino]propanoate",COc1cc2cc(c1Cl)C(C)C(=O)[C@H](OC(=O)[C@H](C)N(C)C(=O)CS)C[C@]1(C)O[C@H]1[C@H](C)[C@@H]1C[C@@](O)(NC(=O)O1)[C@H](OC)/C=C/C=C(\C)C2,C35H47ClN2O10S,,172516721,level 3,1,0.0052,39,0.2766,0,0,0.043408554,0,0.000437895,0,0,0,1,Industrial_chemical.csv,0.6509433962264151,1,Industry and consumer goods,COc1cc2cc(c1Cl)C(C)C(=O)[C@H](OC(=O)[C@H](C)N(C)C(=O)CS)C[C@]1(C)O[C@H]1[C@H](C)[C@@H]1C[C@@](O)(NC(=O)O1)[C@H](OC)/C=C/C=C(\C)C2
409,[3-(4-bromophenyl)-3-(3-cyclopentyloxy-4-methoxyphenyl)oxiran-2-yl]-trimethylsilane,COc1ccc(C2(c3ccc(Br)cc3)OC2[Si](C)(C)C)cc1OC1CCCC1,C23H29BrO3Si,,23563767,level 3,1,0.0052,75,0.5319,1,1,0.9453738,1,0.9736797,1,1,0,1,Industrial_chemical.csv;Norman_Human metabolites.csv,0.45,0,Industry and consumer goods,COc1ccc(C2(c3ccc(Br)cc3)OC2[Si](C)(C)C)cc1OC1CCCC1
423,"(3S,4R,5R)-2-[[3-[[(2-chloro-6-fluorophenyl)methyl-[(2S)-1-(dimethylamino)-4,4-dimethylpentan-2-yl]amino]methyl]phenyl]methyl]-4-[(1S)-1-hydroxyethyl]-5-(hydroxymethyl)-N-[(1S,2S,3S,5R)-2,3,4,4,5-pentamethylcyclohexyl]-1,2-oxazolidine-3-carboxamide",C[C@@H]1[C@@H](NC(=O)[C@@H]2[C@H]([C@H](C)O)[C@H](CO)ON2Cc2cccc(CN(Cc3c(F)cccc3Cl)[C@H](CN(C)C)CC(C)(C)C)c2)C[C@@H](C)C(C)(C)[C@H]1C,C42H66ClFN4O4,,89615249,level 3,105,0.5412,91,0.6454,1,1,0.9132104,1,0.16436806,0,1,0,1,Norman_Human metabolites.csv,0.2377049180327868,0,Transformation and metabolic products,C[C@@H]1[C@@H](NC(=O)[C@@H]2[C@H]([C@H](C)O)[C@H](CO)ON2Cc2cccc(CN(Cc3c(F)cccc3Cl)[C@H](CN(C)C)CC(C)(C)C)c2)C[C@@H](C)C(C)(C)[C@H]1C
424,2-[[6-chloro-2-methylsulfonyl-5-(2-phenylethynyl)benzimidazol-1-yl]methoxy]ethyl-trimethylsilane,C[Si](C)(C)CCOCn1c(S(C)(=O)=O)nc2cc(C#Cc3ccccc3)c(Cl)cc21,C22H25ClN2O3SSi,,58387189,level 3,1,0.0052,46,0.3262,0,0,0.94002426,1,0.9776192,1,1,0,1,Norman_Human metabolites.csv,0.2898550724637681,0,Transformation and metabolic products,C[Si](C)(C)CCOCn1c(S(C)(=O)=O)nc2cc(C#Cc3ccccc3)c(Cl)cc21
428,1-[[5-chloro-2-(2-chloro-4-fluorophenyl)-1-benzofuran-7-yl]methyl]-5-methyl-N-morpholin-4-ylpyrazole-3-carboxamide,Cc1cc(C(=O)NN2CCOCC2)nn1Cc1cc(Cl)cc2cc(-c3ccc(F)cc3Cl)oc12,C24H21Cl2FN4O3,,25007721,level 3,21,0.1082,65,0.461,0,0,0.41563356,0,0.8808272,1,1,0,1,Industrial_chemical.csv,0.348314606741573,0,Industry and consumer goods,Cc1cc(C(=O)NN2CCOCC2)nn1Cc1cc(Cl)cc2cc(-c3ccc(F)cc3Cl)oc12
447,"2-amino-1-(4-bromo-2-fluorophenyl)-4-(5-nitrothiophen-2-yl)-5-oxo-4,6,7,8-tetrahydroquinoline-3-carbonitrile",N#CC1=C(N)N(c2ccc(Br)cc2F)C2=C(C(=O)CCC2)C1c1ccc([N+](=O)[O-])s1,C20H14BrFN4O3S,,5302162,level 3,3,0.0155,57,0.4043,0,0,0.015937278,0,0.022451958,0,0,0,1,Norman_Human metabolites.csv,0.2857142857142857,0,Transformation and metabolic products,N#CC1=C(N)N(c2ccc(Br)cc2F)C2=C(C(=O)CCC2)C1c1ccc([N+](=O)[O-])s1
449,"2-[6-chloro-3-(2,4-difluorophenyl)-4-oxoquinazolin-2-yl]sulfanyl-N-(3-cyanothiophen-2-yl)acetamide",N#Cc1ccsc1NC(=O)CSc1nc2ccc(Cl)cc2c(=O)n1-c1ccc(F)cc1F,C21H11ClF2N4O2S2,,41148359,level 3,3,0.0155,33,0.234,0,0,0.03796085,0,2.7583603e-05,0,0,0,1,Industrial_chemical.csv;Norman_Human metabolites.csv;Norman_Plant protection products.csv,0.3875,0,Pesticides,N#Cc1ccsc1NC(=O)CSc1nc2ccc(Cl)cc2c(=O)n1-c1ccc(F)cc1F
462,"(2,4,6-triiodophenyl) 3,4-dibromo-2,2,3,4,4-pentafluorobutanoate",O=C(Oc1c(I)cc(I)cc1I)C(F)(F)C(F)(Br)C(F)(F)Br,C10H2Br2F5I3O2,,14533541,level 3,124,0.6392,42,0.2979,1,1,0.9932763,1,0.99304986,1,1,0,1,EPA_PFAS.csv,0.4705882352941176,0,Industry and consumer goods,O=C(Oc1c(I)cc(I)cc1I)C(F)(F)C(F)(Br)C(F)(F)Br
468,"2,6-dibromo-4-[3,5-dibromo-4-(2,3-dibromopropoxy)phenyl]sulfonylphenol",O=S(=O)(c1cc(Br)c(O)c(Br)c1)c1cc(Br)c(OCC(Br)CBr)c(Br)c1,C15H10Br6O4S,,4098537,level 3,1,0.0052,70,0.4965,0,1,0.98916686,1,0.99917275,1,1,0,1,Industrial_chemical.csv;Norman_Human metabolites.csv,0.8571428571428571,1,Industry and consumer goods,O=S(=O)(c1cc(Br)c(O)c(Br)c1)c1cc(Br)c(OCC(Br)CBr)c(Br)c1
