ID,Sample1,Sample10,Sample100,Sample101,Sample102,Sample103,Sample104,Sample105,Sample106,Sample107,Sample108,Sample109,Sample11,Sample110,Sample111,Sample112,Sample113,Sample114,Sample115,Sample116,Sample117,Sample118,Sample119,Sample12,Sample120,Sample121,Sample122,Sample123,Sample124,Sample125,Sample126,Sample127,Sample128,Sample129,Sample13,Sample130,Sample131,Sample132,Sample133,Sample134,Sample135,Sample136,Sample137,Sample138,Sample139,Sample14,Sample140,Sample141,Sample142,Sample143,Sample144,Sample145,Sample146,Sample147,Sample148,Sample149,Sample15,Sample150,Sample151,Sample152,Sample153,Sample154,Sample155,Sample156,Sample157,Sample158,Sample159,Sample16,Sample160,Sample161,Sample162,Sample163,Sample164,Sample165,Sample166,Sample167,Sample168,Sample169,Sample17,Sample170,Sample171,Sample172,Sample173,Sample174,Sample175,Sample176,Sample177,Sample178,Sample179,Sample18,Sample180,Sample181,Sample182,Sample183,Sample184,Sample185,Sample186,Sample187,Sample188,Sample189,Sample19,Sample190,Sample191,Sample192,Sample193,Sample194,Sample2,Sample20,Sample21,Sample22,Sample23,Sample24,Sample25,Sample26,Sample27,Sample28,Sample29,Sample3,Sample30,Sample31,Sample32,Sample33,Sample34,Sample35,Sample36,Sample37,Sample38,Sample39,Sample4,Sample40,Sample41,Sample42,Sample43,Sample44,Sample45,Sample46,Sample47,Sample48,Sample49,Sample5,Sample50,Sample51,Sample52,Sample53,Sample54,Sample55,Sample56,Sample57,Sample58,Sample59,Sample6,Sample60,Sample61,Sample62,Sample63,Sample64,Sample65,Sample66,Sample67,Sample68,Sample69,Sample7,Sample70,Sample71,Sample72,Sample73,Sample74,Sample75,Sample76,Sample77,Sample78,Sample79,Sample8,Sample80,Sample81,Sample82,Sample83,Sample84,Sample85,Sample86,Sample87,Sample88,Sample89,Sample9,Sample90,Sample91,Sample92,Sample93,Sample94,Sample95,Sample96,Sample97,Sample98,Sample99
L1_ID0004,0,0,0,0,0,0,0,0,0,0,0,0,0,0,0,0,0,0,0,0,0,0,0,0,0,0,0,0,0,0,0,0,0,0,0,0,0,0,0,0,0,0,0,0,0,0,0,0,0,0,0,0,0,0,0,0,0,0,0,0,1,0,0,0,0,0,0,0,0,0,0,0,0,0,0,0,0,0,0,0,0,0,0,0,0,0,0,0,0,0,0,0,0,0,0,0,0,0,0,0,0,0,0,0,0,0,0,0,0,0,0,0,0,0,0,0,0,0,0,0,0,0,0,0,0,0,0,0,0,0,0,0,0,0,0,0,0,0,0,0,0,0,0,0,0,0,0,0,0,0,0,0,0,0,0,0,0,0,0,0,0,0,0,0,0,0,0,0,0,0,0,0,0,0,0,0,0,0,0,0,0,0,0,0,0,0,0,0,0,0,0,0,0,0
L1_ID0005,0,0,0,0,0,0,0,0,0,0,0,0,0,0,0,0,0,0,0,0,0,0,0,0,0,0,0,0,0,0,0,0,0,0,0,0,0,0,0,0,0,0,0,0,0,0,0,0,0,0,0,0,0,0,0,0,0,0,0,0,0,0,0,0,0,0,0,0,0,0,0,0,0,0,0,0,0,0,0,0,0,0,0,0,0,0,0,0,0,0,0,0,0,0,0,0,0,0,0,0,0,0,0,0,0,0,0,0,0,1,0,0,0,0,0,0,0,0,0,0,0,0,0,0,0,0,0,0,0,0,0,0,0,0,0,0,0,0,0,0,0,0,0,0,0,0,0,0,0,0,0,0,0,0,0,0,0,0,0,0,0,0,0,0,0,0,0,0,0,0,0,0,0,0,0,0,0,0,0,0,0,0,0,0,0,0,0,0,0,0,0,0,0,0
L1_ID0008,0,0,0,0,0,0,0,0,0,0,0,0,0,0,0,0.0002308394886276,0,0,0,0,0,0,0,0,0,0,0,0,0,0,0,0,0,0,0,0,0,0,0,0,0,0,0,0,0,0,0,0,0,0,0,0,0,0,0,0,0,0,0,0,0,0,0,0,0,0,0,0,0,0,0,0,0,0,0,0,0,0,0,0,0,0,0,0,0,0,0,0,0,0,0,0,0,0,0,0,0,0,0,0,0,0,0,0,0,0,0,0,0,0,0,0,0,0,0,0,0,0,0,0,0,0,0,0,0,0,0,0,0,0,0,0,0,0,0,0,0,0,0,0,0,0,0,0,0,0,0,0,0,0,0,0,1,0,0,0,0,0,0,0,0,0,0,0,0,0,0,0,0,0,0,0,0,0,0,0,0,0,0,0,0,0,0,0,0,0,0,0,0,0,0,0,0,0
L1_ID0009,2.365509898484326e-05,0,0,0,0,0,0,0,0,0,0,0,0,0,0,0,0,0,0,0,0,0,0,0,0,0,0,0,0,0,0,0,0,0,0,0,0,0,0,0,0,0,0,0,0,0,0,0,0,0,0,0,0,0,0,0,0,0,0,0,0,0,0,0,0,0,0,0,0,0,0,0,0,0,0,0,0,0,0,0,0,0,0,0,0,0,0,0,0,0,0,0,0,0,0,0,0,0,0,0,0,0,0,0,0,0,0,0,0,0,0,0,0,0,0,0,0,0,0,0,0,0,0,0,0,0,0,0,0,0,0,0,0,0,0,0,0,0,0,0,0,0,0,0,0,0,0,5.4057954914736166e-05,0,0,0,0,1,0.00067763904723,0.0001513493054464,5.115928831928185e-05,0,0,0,0,0,0,0,0,0,0,0,0,0,0,0,0,0,0,0,0,0,0,0,0,0,0,0,0,0,0,0,0,0,0,0,0,0,0
L1_ID0011,0,0,0,0,0,0,0,0,0,0,0,0,0,0,0,0,0,0,0,0,0,0,0,0,0,0,0,0,0,0,0,0,0,0,0,1,0,0,0,0,0,0,0,0,0,0,0,0,0,0,0,0,0,0,0,0,0,0,0,0,0,0,0,0,0,0,0,0,0,0,0,0,0,0,0,0,0,0,0,0,0,0,0,0,0,0,0,0,0,0,0,0,0,0,0,0,0,0,0,0,0,0,0,0,0,0,0,0,0,0,0,0,0,0,0,0,0,0,0,0,0,0,0,0,0,0,0,0,0,0,0,0,0,0,0,0,0,0,0,0,0,0,0,0,0,0,0,0,0,0,0,0,0,0,0,0,0,0,0,0,0,0,0,0,0,0,0,0,0,0,0,0,0,0,0,0,0,0,0,0,0,0,0,0,0,0,0,0,0,0,0,0,0,0
L1_ID0015,0,0,0,0,0,0,0,0.1025619358088637,0,0.0896125241519645,0.032365916967264,0.0498497127676214,0,0.0760335301212396,0.0565361947203262,0.1846623667110573,0.1220269134331984,0.0348757199685727,0.0765282491004388,0.0847436762157965,0.0524255183400488,0.0251349996040274,0.035772629379411,0,0.1191529808751705,0.1244764196430172,0.111660091005898,0,0.0751921796670209,0,0.1563999456363613,0,0.1231444633045009,0.0458703122194032,0,0.0582611741687944,0.0775335334674863,0.0719869847734621,1,0.0717414539218826,0,0.084146601770645,0,0,0.0944711188450403,0,0.1489789893459795,0.0359970719054361,0.0851315029907294,0.2824266534898907,0.0897587079420763,0.0717079860923123,0,0.1167215358174095,0.0796495894112399,0.0563149348824682,0,0.0552315821509141,0.1127136760845207,0.1679201292097392,0.0448597216060027,0.5631654258240497,0.1613028191098829,0.1570395077619624,0.0984790751042763,0.1565305779594399,0.1292640513832482,0,0.1370475177327479,0.086494261959121,0.084834035601834,0.168129569932652,0.2736781059969116,0.0696769323223321,0.1031992563781821,0.1357889857689276,0,0,0,0,0.0249332085941225,0,0.0527605666534161,0,0,0,0.0335887797645426,0,0,0,0,0,0,0,0.0701674309551329,0.1092389528169777,0.0883310510929828,0.125629105104665,0,0,0,0.0377375465139016,0,0,0.0310798884009565,0.0635348428795602,0,0,0,0,0,0,0,0,0,0,0,0,0,0,0,0,0,0,0,0,0,0,0,0,0,0,0,0,0,0,0,0,0,0,0,0,0,0,0,0,0,0,0,0,0,0,0,0,0,0,0,0,0,0,0,0,0,0,0,0,0,0,0,0,0,0,0,0,0,0,0,0,0,0,0,0,0,0,0,0,0,0,0,0,0,0,0,0
L1_ID0021,0.0803867569535628,0.1061891134258012,0.2448051776303688,0.1398399953101168,0.0206217758544852,0.0532209611061391,0.4700337976694479,0.0880601883847628,0.2675882078071446,0.1698602421007898,0.0052451314751364,0.1043615267438431,0.0224008038452736,0.1883144459972301,0.2209700035416621,0.0393362938518757,0.2282744874002576,0.2493154502691607,0.0389918966744169,0.1112727792515004,0.409305105354335,1,0.1884353266141099,0.0278146615394616,0.0187969071305502,0.5945715641244302,0.1562730890236687,0.4637671976811594,0.1249176731302004,0.383946968492796,0.5075385254228076,0.1738585750360411,0.0849662037199767,0.1400762350025169,0.120407934507282,0.0127358182242706,0.1506655663406672,0.4747805242377558,0.5742330092653882,0.3120939375295114,0.1409430190532927,0.0871326298310429,0.1130788463652202,0.4924361195760288,0.1200960692371208,0.255772954717708,0.2521394533552023,0.15017118207372,0.0221895195112984,0.5494036106427874,0.4599554432343161,0.0375012040780274,0.1564780748311352,0.3616363058515133,0.463415611801736,0.1987292581715338,0.0824934730050162,0.0532283752450504,0.2080592656478479,0.3927294818070709,0.0402878578395786,0.1026288836589057,0.2091849583946566,0.8279895201500612,0.1926820115606435,0.0770152095918272,0.4127846513733753,5.495461398867082e-05,0.1094844363789174,0.7338323499098504,0.1408721220887453,0.2762724444200213,0.7774205564216886,0.3216775898776721,0.0791796661220263,0.291335709888234,0.145008570901379,0.1907633815295746,0.0734346537029525,0.0478043855532613,0.1652530618095254,0.2008552643668366,0.2002434601810238,0.0815339311246187,0.2399136939458342,0.3570248244900174,0.2225263659665449,0.4049994119579809,0.1375696026359997,0.0196119170709177,0.0911540745109055,0.3888630288771783,0.7232543091930268,0.0569312285976776,0.0173203195071704,0.0078685774299962,0.0261040481738083,0.0632475875711849,0.0092765762379647,0.0532528700445842,0.0108974359982019,0.0304902368206457,0.0052130070827423,0.0035109101577393,0.0358024582615643,0.0089707408970425,0.0781323072260042,0.0059070723610786,0.024345012600953,0.055447827860895,0.0232701069887864,0.0551474439320154,0.0107877243441777,0.2079063209587265,0.0405007807758326,0.0252368286458022,0.076459783416666,0.0636020595302583,0.0266303859798566,0.0275083780066455,0.2376363196797034,0.0394609120087038,0.0485036729823612,0.0818812194477264,0.0328103450713253,0.1507325348838947,0.1019315331175972,0.0324849005403791,0.1057712205754102,0.0143924141360467,0.000891420847276,0.0089438522019921,0.5224595091608744,0.041546879579153,0.1342305539545695,0.0247013680685805,0.040129483989076,0.029289896283511,0.1718612412369398,0.0223948629186802,0.0084847157267829,0.0625455218390761,0.0857569095807653,0.0377223597589988,0.3028166372479522,0.0236272881055676,0.0180577401588924,0.0568232302445812,0.0461853587036735,0.0020654998426285,0.0182024536926293,0.1407800344733818,0.0553291181797096,0.0279965161950715,0.0285041840758318,0.0217153764239339,0.1509391859025503,0.0327565366147319,0.0654070713268947,0.0415120987657212,0.0217323780835335,0.0979731075630638,0,0.0296279283314768,0.0551816273052553,0.0338148407874125,0.094585921165031,0.0670023657228515,0.1404892093640723,0.043099271210851,0.0702087958433477,0.2121731077885008,0.0519775543145343,0.0783280812596518,0.0436412105176221,0.0860122073123197,0.0822460473451396,0.0442212566522875,0.0990944923483925,0.1994703959160584,0.3237707161390097,0.0245681124303649,0.0281217774419557,0.012620133856994,0.0698540130517229,0.1262758280726369,0.0547959826538125,0.093730251493457,0.0571995143581569,0.0858592453888691,0.0218421088095531,0.2530477380681523,0.0553678271971697,0.1329858344484422
L1_ID0028,0.7627614775266346,0.8371033201834296,0.8281267089009164,0.5464782473131623,0.741199334423551,0.6906940693229114,0.6353997972492671,0.5102919665329018,0.4101171003543554,0.5137713368570713,0.4761041464906833,0.4507875457791593,0.8348692502966929,0.4189936071667702,0.4565110892271957,0.3806955476578741,0.498080164633519,0.492221565770039,0.4759341176667369,0.5390372745084518,0.2996410059102209,0.326663013869246,0.5374070713208106,0.7990784593256278,0.492257299470031,0.5257632762812616,0.4939932522920779,0.4496808378405299,0.5456593442618957,0.4413987752965502,0.5907511266072724,0.5303405075158226,0.1688322028994044,0.4738095176588973,0.8385755183842326,0.5667387713867512,0.239036862395906,0.1556656304037663,0.2734930048560768,0.2899447471983712,0.2653488920190051,0.3538041154422796,0.4270404977296616,0.3532173000077644,0.1637594689661153,0.8738584493279675,0.2450102998329579,0.1903431300030797,0.1538132838664651,0.2505161925628615,0.1422626936517501,0.1990140125263725,0.4605720825405963,0.5236407497956652,0.1937359653322977,0.0849413500345643,0.7913283243544492,0.0021467694164903,0.215544339201767,0.1650108741986193,0.140076540272152,0.2311937645108218,0.2606444307555497,0.2986064783176401,0.2171369468392354,0.0806618382339721,0.2120926849582489,0.839244246587032,0.3364039375461666,0.1338121055874504,0.5101230435874852,0.2008060541250992,0.2413243030172487,0.1407063078559684,0.260868701625428,0.6149429797366508,0.4177793179824203,0.4872812607906853,0.8047773278589697,0.1177666202505832,0.3988492003388031,0.0859494754684218,0.2899476393299167,0.2501231002637598,0.1593892443688384,0.2066852154174915,0.2255946064783522,0.4313899525458019,0,1,0.4458810511351234,0.4847691626739628,0.2317509199375824,0.2326422925912506,0.3209601225299587,0.4684637008461724,0.0852047764345164,0.2304652324706567,0.0404282148284124,0.2059850128749747,0.7562990871292404,0.1788143808893269,0.1649868397431075,0.4141333401460058,0.297522724788624,0.3863235190098489,0.8471126388515811,0.9005324908796771,0.7766389519395646,0.7836123333828762,0.8446163254229353,0.8978938206453888,0.907525884404539,0.855873620236181,0.9073801849082468,0.8291922228643134,0.4299887353312233,0.7905851739824693,0.8740114985966445,0.8644828802703072,0.7359310630228856,0.7141724234483883,0.8436694169318522,0.8418881922074943,0.7884673474806243,0.6230407752706139,0.7709230684282816,0.7525092232645291,0.7665440901112679,0.7375952071777461,0.9352876516627088,0.7435612144934263,0.7708075041219247,0.7333611438744425,0.7056319309154918,0.7935337684026503,0.6428747758187667,0.7373531580145509,0.8690952231481872,0.8196375438192488,0.961275111121137,0.7336790839517404,0.7243841749093424,0.7271642844156807,0.8104616946961227,0.6427473924356233,0.7608122283831655,0.7338205672861381,0.8397453452039141,0.8905545886654138,0.7862369468642905,0.6490091531405987,0.618530726156734,0.7470669358294371,0.6540212019895688,0.816909859002993,0.848784727188536,0.7545756264147415,0.7867248285048071,0.6781910066657606,0.6986128507698742,0.6492053774622181,0.6671222684616722,0.6681393311219852,0.8348746414545254,0.9000453332440106,0.5803086612380529,0.575022216278893,0.7339264551553599,0.706550224799618,0.8090527233723219,0.5794258937016943,0.7071846081303447,0.6003613492654604,0.7223886171024408,0.720590804200137,0.6990105523361291,0.6067059817427576,0.6702565355671573,0.6788451338160971,0.8083503522711258,0.6632015834867315,0.775979974475114,0.6037338640766945,0.713415034890338,0.6564904213942362,0.6364409127676017,0.65778768602702,0.6698331223250861,0.3985705880667188,0.5759902055794492,0.7696376384237011,0.6987581355617177,0.714304368580467
L1_ID0030,0,0.0802621276199762,0,0,0,0,0.0744328420932856,0,0,0.0761543662356604,0,0,0,0,0,0,0,0,0,0,0.0275762485729213,0,0,0,0.0109804314364289,0,0.0677322005846899,0,0,0,0,0,0,0,0,0,0,0,0,0,0,0.0355684427066145,0,0,0,0,0,0.0277091824017576,0.0244070633951959,0,0,0.0639212599668473,0,0,0,0,0,0,0,0,0,0,0,0,0,0,0,0,0,0,0,0,0,0,0,0,0,0,0,0,0,0,0,0,0,0,0,0,0,0,0,0,0,0,0,0,0,0,0,0,0,0,0,0,0,0,0,0,0,0.049132710690711,0,0,0,0,0,0.0621877475491107,0,0,0,0.0284931151799697,0,0,0,0,0,0,0,0,0,0,0,0,0,0,0,0,0,0,0,0,0,0,1,0,0,0,0,0,0,0,0,0,0,0,0,0,0.0224056551863608,0,0,0,0,0,0.0374812673520072,0,0,0,0,0,0,0,0.0663099640536141,0,0,0.6164128402856311,0.0483790874317849,0.2444860259869023,0,0,0,0.0311768044610301,0,0,0,0,0,0,0,0,0.0554228403041103,0,0,0,0.0209766469129192,0.0573469755631018
L1_ID0032,0,0,0,0,0,0,0,0,0,0,0,0,0,0,0,0,0,0,0,0,0,0,0,0,0,0,0,0,0,0,0,0,0,0,0,0,0,0,0,0,0,0,0,0,0,0,0,0,0,0,0,1,0,0,0,0,0,0,0,0,0,0,0,0,0,0,0,0,0,0,0,0,0,0,0,0,0,0,0,0,0,0,0,0,0,0,0,0,0,0,0,0,0,0,0,0.3688100244478782,0,0,0,0,0,0,0,0,0,0,0,0,0,0,0,0,0,0,0,0,0,0,0,0,0,0,0,0,0,0,0,0,0,0,0,0,0,0,0,0,0,0,0,0,0,0,0,0,0,0,0,0,0,0,0,0,0.1162774342539775,0,0,0,0,0,0,0,0,0,0,0,0,0,0,0,0,0,0,0,0,0,0,0,0.3111696876684248,0,0,0,0,0,0,0,0,0,0,0,0,0,0,0,0,0
L1_ID0035,0,0,0,0,0,0,0,0,0,0,0,0,0,0,0,0,0,0,0,0,0,0,0,0,0,0,0,0,0,0,0,0,0,0,0,0,0,0,0,0,0,0,0,0,0,0,0,0,0,0,0,0,0,0,0,0,0,0,0,0,0,0,0,0,0,0,0,0,0,0,0,0,0,0,0,0,0,0,0,0,0,0,0,0.0103516770451185,0,0,0,0,0,0,0,0,0,0,0,0,0,0,0,0,0,0,0,0,0,0,0,0,0,0,0,0,0,0,0,0,0,0,0,0,0,0,0,0,0,0,0,0,0,0,0,0,0,0,0,0,0,0,0,0,0,0,0,0,0,0,0,0,0,0,0,0,0,0,1,0,0,0,0,0,0,0,0,0,0,0,0,0,0,0,0,0,0,0,0,0,0,0,0,0,0,0,0,0,0,0,0,0,0,0,0,0,0,0
L1_ID0037,9.78155332523081e-05,0,0,0,0,0,0,0,0,0,0,0,0,0,0,0,0,0,0,0.0001386231543906,0,0,0,0,0,0,0,0,0,0,0,0,0,0,0,0,0,0,0,0,0,0,0.000114824526546,0,0,0,6.812012424651265e-05,0,0,0.0002227960422652,0,0.0001764023888357,0,0,0,0,0,0.0001130319719731,0,1.7284619610200603e-05,0,0,0,0,0,0,9.20332816997168e-05,0,0,0.0001396978372085,0,0,0,0,0,0,0,0,0,0,0,0,0,0,0,0.0003102198753798,0,0,0,0,0,0,0,0,0,0,0,0.0001229769982221,0,0,0,0,0,0,0,0,0,0,0,0,0,0,0,0,0,0,0,0,0,0,0,0,0,0,0,0,0,0,0,0,0,0,1,6.071707571782292e-05,0,0,0,0,0,0,0,0,0,0,0,0,0,0,0,0,0,0,0,0,0,0,0,0,0,0,0,0,0,0,0,0,0,0,0,0,0,0,0,0,0,0,0,0,0,0,0,0,0,0,0,0,0,0,0,0,0,0,0,0
L1_ID0043,0,0,0,0,0,0,0,0,0,0,0,0,0,0,0,0,0,0,0,0,0,0,0,0,0,0,0,0,0,0,0,0,0,0,0,0,0,0,0,0,0,0,0,0,0,0,0,0,0,0,0,0,0,0,0,0,0,0,0,0,0,0,0,0,0,0,0,0.1150213277728472,0,0,0,0,0,0,0,0,0,0,0,0,0,0,0,0,0.031317948557887,0.0052247483818486,0,0,0,0,0,0,0,0,0,0,0,0,0,0,0,0,0,0,0,0,0,0,0,0,0,0,0.2793572006116155,0,0,0,0.1077086567504875,0,0.0005972565222327,0.339008150033356,0,0,0.2369598755931222,0.1905986086471683,0.0005120586744525,0,0,0,0,0.1988531655337002,0,0,0.001705421640414,0,0,0,0.3469396646848832,0,0,0,0,0,0,0.1137850119295347,0,0,0,0,0,0,0,0,0,0.0010532342502258,0,0,0,0,0,1,0.0021609215082155,0,0,0.0005893720035815,0.3733781784072421,0,0,0,0,0,0,0,0,0,0,0,0,0,0,0,0,0,0,0,0,0,0,0.0148605384877858,0,0,0,0,0.0133870122439143,0
L1_ID0048,0,0,0,0.0022310759255578,0,0,0,0,0,0,0,0,0,0,0,0,0,0,0,0,0,0,0,0,0,0,0,0,0,0,0,0,0,0,0,0,0,0,0,0,0,0.1902416608851354,4.7985843424479226e-05,0,0,0,0,0,0,0,0,0,0,0,0,0,0,0,0,0,0,0,0,0,0,0,0,0,0,0,0,0,0,0,0,0,0,0,0,0,0,0,0,0,0,0,0,0,0,0,0,0,0,0,0,0,3.0127149349795563e-05,0,0,0,0,0,0,0,0,0,0,0,0,0,0,0,0,0,0,0,0,0,0,0,0,0.0013810536434703,0,0,0,0,0,9.054228366177833e-05,0,0,0,0,0.8899738596773265,0,0,0,0,0,0,0,0,0,0.0001684793265343,1,0,0,0,0.0001108079910676,0,0,0,0,0,0,0,0,0,0,0,0,0,0,0,0,0,0,0.0064258993335657,0,0,0.0001062028542129,0,0,0,0,0,0.0006812460178787,0.000891827014221,0,0,0,0.0002056955636744,0.0001656442731405,0,0,0,0.0002307724302063,0,0,0,0,0,0,7.979888120804902e-05,0
L2a_ID0007,0,0,0.1471955696539447,0,0,0,0,0,0,0,0,0,0,0,0,0,0,0,0,0,0,0,0,0,0,0,0,0,0,0,0,0,0,0,0,0,0,0,0,0,0,0,0,0,0,0,0,0,0,0,0,0,0,0,0,0,0,0,0,0,0,0,0,0,0,0,0,0,0,0,0,0,0,0,0,0,0,0,0,0,0,0,0,0,0,0,0,0,0,0,0,0,0,0,0,0,0,0,0,0,0,0,0,0,0,0,0,0,0,0,0,0,0,0,0,0,0,0,0,0,0,0,0,0,0,0,0,0,0,0,0,0,0,0,0,0,0,0,0,0.0265566387075327,0,0.0079084754793256,0,0,0,0,1,0,0,0,0.1093485656100668,0,0,0,0,0,0,0,0,0,0,0,0,0,0,0.0072787528783005,0,0,0,0,0,0,0,0,0,0,0,0,0,0,0,0,0,0,0,0,0,0,0,0,0,0,0,0
L2a_ID0033,0,0,0,0,0,0,0,0.3691826029202262,0,0,0,0,0.4425485703109671,0,0.1408556271113007,0,0,0,0.3663175934541595,0,0,0,0,0,0.3933332362560877,0,0,0.101929977883641,0,0.5281942341775074,0,0,0,0,0,0.74233858670759,0,0,0.0943520176665864,0,0,0,0,0,0,0.3080408461482773,0,0.3115649572030822,0,0,0,0,0,0,0,0,0,0,0,0,0,0,0,0.1123255016380404,0,0,0,0,0,0,0,0.12921753761634,0,0,0,0,0.1171908400855503,0,0,0,0,0,0,0,0.2796921452799168,0,0.338394370421511,0,0,0.4024547936916445,0,0,0,0,0,0,0,0,0,0,0,0,0,0,0,0,0,0,0,0,0,0,0,0,0,0.5665189850311718,0.524141351186897,0.391541401938513,0,0,0.3816185776587025,0,0,0,0,0.3811023659542094,0,0,0.5692175369262175,0,0,0,0,0,0,0,0.063242546037561,0,0,0,0,0,0.1409237422118802,0,0.3049457498075075,0,0,0,0,0,0.7982959354746412,0,0,0.762889126490432,0,0,0,0,0,1,0,0,0,0,0.2726000313729734,0,0.2541725329963142,0,0,0,0,0,0,0,0.1524442348158708,0.2224232702715404,0,0.0924713645704445,0,0,0,0.3177386559544916,0,0,0,0,0,0.1670301139827189,0.4806558980396308,0,0,0,0,0
L2a_ID0034,0,0,0,0,0,0,0,0,0,0,0,0,0,0,0,0,0,0,0,0,0,0,0,0,0,0,0,0,0,0,0,0,0,0,0,0,0,0,0,0,0,0,0,0,0,0,0,0,0,0,0,0,0,0,0,0,0,0,0,0,0,0,0,0,0,0,0,0,0,0,0,0,0,0,0,0,0,0,0,0,0,0,0,0,0,0,0,0,0,0,0,0,0,0,0,0,0,0,0,0,0,0,0,0,0,0,0,0,0,0,0,0,0,0,0,0,0,0,0,0,0,0,0,0,0,0,0,0,0,0,0,0,0,0,0,0,0,0,0,0,0,0,0,0,0,0,0,0,0,0,0,0,0,0,0,0,0,0,0,0,0,0,0,0,0,0,0,0,0,0,0,0,0,0,0,0,0,0,1,0,0,0,0,0,0,0,0,0,0,0,0,0,0,0
L2a_ID0036,0,0,0,0,0,0,0,0,0,0,0,0,0,0,0,0,0,0,0,0,0,0,0,0,0,0,0,0,0,0,0,0,0,0,0,0,0,0,0,0,0,0,0,0,0,0,0,0,0,0,0,0,0,0,0,0,0,0,0,0,0,0,0,0,0,0,0,0,0,0,0,0,0,0,0,0,0,0,0,0,0,0,0,0,0,0,0,0,0,0,0,0,0,0,0,0,0,0,0,0,0,0,0,0,0,0,0,0,0,0,0,0,0,0,0,0,0,0,0,0,0,0,0,0,0,0,0,0,0,0,0,0,1,0,0,0,0,0,0,0,0,0,0,0,0,0,0,0,0,0,0,0,0,0,0,0,0,0,0,0,0,0,0,0,0,0,0,0,0,0,0,0,0,0,0,0,0,0,0,0,0,0,0,0,0,0,0,0,0,0,0,0,0,0
L2a_ID0040,0,0,0,0,0,0,0,0.1962413292255364,0,0,0,0,0.2675182921692621,0,0.3157671610823249,0,0,0,0.4479196773522443,0,0,0,0,0,0.6456307883702714,0,0,0.1021452240112966,0,0.3282707273630187,0,0,0,0,0,0.4402611041065402,0,0,0.5569855003055483,0,0,0,0,0,0,0.2805967103184077,0,0.4717066823140868,0,0.0601503308030775,0,0,0,0,0,0,0,0,0,0,0,0,0,0.3019752540844095,0,0,0,0,0,0,0,0.1901560064544444,0,0,0,0,0.0655765570509499,0,0,0,0,0,0,0,0.2086255443668589,0,0.1808238265482079,0,0,0.3056743249199361,0,0,0,0,0,0,0,0,0,0,0,0,0,0,0,0,0,0,0,0.2665064109276891,0,0,0,0,0,0.6973413930113465,0.3724363503253518,0.2532963661868652,0,0,0.2249876314636947,0,0,0,0,0.2608420750843457,0,0,0.3982047063735079,0,0,0,0,0,0,0,0.0483017158987934,0,0,0,0,0,0.0773183689751963,0,0.2964166849344014,0,0,0,0,0,0.3189693960756717,0,0,1,0,0,0,0,0,0.5467975730209061,0,0,0,0,0.0648682678161609,0,0.1386904890726367,0,0,0,0,0,0,0,0.0767178608296483,0.2966429372283402,0,0.194169439406273,0,0,0,0.2736086327496501,0,0,0,0,0,0.0622192572059813,0.3891002768318116,0,0,0,0,0
L2a_ID0041,0,0,0,0,0,0,0,0,0,0,0,0,0,0,0,0,0,0,0,0,0,0,0,0,0,0,0,0,0,0,0,0,0,0,0,0,0,0,0,0,0,0,0,0,0,0,0,0,0,0,0,0,0,0,0,0,0,0,0,0,0,0,0,0,0,0,0,0,0,0,0,0,0,0,0,0,0,0,0,0,0,0,0,0,0,0,0,0,0,0,0,0,0,0,0,0,0,0,0,0,0,0,0,0,0,0,0,0,0,0,0,0,0,0,0,0,0,0,0,0,0,0,0,0,0,0,0,0,0,0,0,0,1,0,0,0,0,0,0,0,0,0,0,0,0,0,0,0,0,0,0,0,0,0,0,0,0,0,0,0,0,0,0,0,0,0,0,0,0,0,0,0,0,0,0,0,0,0,0,0,0,0,0,0,0,0,0,0,0,0,0,0,0,0
L2a_ID0045,0.3323240628971132,0.2438983474901017,0.9198520332456468,0.2357143882568901,0.3658093503683861,0.2765416273679342,0.3701221069920639,0,0,0.1111951401081609,0,0.0762251940174025,0.3911726643753624,0.1223102349033627,0.0659668357326531,0,0.0703710521745913,0.3450070603671771,0,0.4086964541978137,0.2135556974240037,0.172889487265481,0.0761837638710184,0.2849004526279977,0,0,0.0966103881143682,0.1089880727013722,0.0984306768629761,0.2892421806260549,0.1566779709798499,0.1409796155680231,0.0695369900886766,0.0981873281284025,0.1590924107279529,0,0.1308639467072,0.0626032159263341,0.2277876472632256,0.1086999912999395,0.1287497930924979,0.0907888606881626,0.1336149192373212,0,0.1298007296981148,0.2905976085384434,0,0.1744841452207869,0.1127872684733158,0,0.1087570368009099,0.1283454262156172,0.0881839179381929,0,0.0613680192176206,0.0985788524706701,0.2583635817543646,0,0.132744134853359,0.0516455448771778,0,0.1030265638099277,0.458277415698057,0,0.060686651408986,0.0938010620473439,0.0676533210535064,0.2415395587253218,0.0774969778964845,0.1066902643555754,0.09196304454725,0.1379493395304976,0.2067673801004537,0.0737533087903992,0.2772632091738419,0.1281882348891797,0.0628754063127154,0,0.2226173163374855,0,0.1418295794792036,0.0621655535893457,0,0.0462118176744063,0.0631651957280108,0,0,0.0782080900098226,0,0.2576546046583548,0.1473560421055253,0.141135909646672,0,0,0.0545991062287763,0,0.0925263323848595,0,0,0.180994315729865,0.1628874013265257,0.0699039320035789,0.0557322923500523,0.1036106396896759,0,0.0625922003179413,0.3939601429992446,0,0.2622817655553363,0.1684230850656629,0.2165645259963169,0.2136347200906881,0.2046164068957751,0.2279067109637539,0.20672478785603,0.1920963625963817,0.2192362056043956,0.5111628002709991,0.2376117754540333,0.312502497159508,0.200982488490581,0.2811936733782819,0.2080248458506678,0.2146645011068794,0.1789264622630984,0.418158894237879,0.2530736033765229,0.375734467581378,0.1641637092803009,0.159376730174802,0.1198983787964824,0.1760195740118296,0,0.1823833201679336,0.2433942888167554,0.2751664600041961,0.2751749568326522,0.199435049551428,0,0.2097465454446708,0.3059668577854904,0.3280062903339906,0.3219332200307563,0.245467298755753,0.1933765946579553,0.4546386975577045,0.3121532191348058,0.416919568027295,0.1828730012562333,0.4172280483031509,0.2025944211683714,0.4070046556566219,0.4304930028509562,0.569578560767847,0.4627178193324338,0,0.2639499113475944,0.1960044280367492,0.2490902556036259,0.3163342424867713,0.3349521989619081,0.3354855316956349,0.3379459148546009,0.3964027325454388,0.4575560717168644,0.2711785070799985,0.4687947596923949,0.3279560660782566,0.3126972756011387,0.3510754822782535,0.3118390959270745,0.2271624925690586,0.3420750707982556,0.2129341533414199,0.22272195921211,0.2189981430646248,0,0.3152363787407882,0.3345207200675111,0,0,0.2081996470162338,0.7074572231171158,0.2984650663167731,0.2338656037833328,0.3198847925191241,0.4066090882941983,0.6537249231134317,0,0.734140248088365,0.188676162128308,0.3888838393176662,0.9546712146823813,1
L2a_ID0050,0,0,0,0,0,0,0,0,0,0,0,0,0,0,0,0,0,0,0,0,0,0,0,0,0,0,0,0,0,0,0,0,0,0,0,0,0,0,0,0,0,0,0,0,0,0,0,0,0,0,0,0,0,0,0,0,0,0,0,0,0,0,0,0,0,0,0,0,0,0,0,0,0,0,0,0,0,0,0,0,0,0,0,0,0,0,0,0,0,0,0,0,0,0,0,0,0,0,0,0,0,0,0,0,0,0,0,0,0,0,0,0,0,0,0,0,0,0,0,0,0,0,0,0,0,0,1,0,0,0,0,0,0,0,0,0,0,0,0,0,0,0,0,0,0,0,0,0,0,0,0,0,0,0,0,0,0,0,0,0,0,0,0,0,0,0,0,0,0,0,0,0,0,0,0,0,0,0,0,0,0,0,0,0,0,0,0,0,0,0,0,0,0,0
L2a_ID0061,0.0495844708191395,0.0392258796950645,0.2720970156969237,0.0487641706726428,0.2107168280789357,0.0719126725228516,0.1784011996826451,0.0741869233838892,0.0583304082840279,0.0731432754017408,0.0518507283472874,0.0773349751649099,0.0768842002410673,0.0874370513773198,0.0727714027319199,0.071601007618422,0.0764033739893163,0.1054085208843515,0.0719488502373954,0.1284839419397934,0.1931138973757362,0.0870165430057526,0.0511364887668096,0,0.0809592033503086,0.0369528200758726,0,0,0.054786328651893,0.1409678962124435,0.2682954326226004,0.069717814427184,0.0708716122383262,0.07434774603829,0.0446735062367817,0.0643210383961071,0.0595734040822877,0.0941567064833747,0.1787957509944967,0.3262385972128224,0.2392509943766177,0.0904466588329001,0.1460708058937281,0.2003246944875093,0.2265123746202941,0.0532557880939722,0.1743634904515259,0.1449144604267056,0.2240933928802097,0.1217334803435885,0.1256891083817057,0.0925160961799456,0.1583036784186779,0.4280889942146889,0.2792702536540292,0.1403331745277817,0.0538075633085979,0.0638670801537186,0,0.0830491170435355,0.1459612616960929,0.1075376758763475,0.2309670184974432,0.1732348338495915,0.1663628799751164,0.1178462924029041,0.1224043641014885,0.038043807408347,0,0.2910217843897906,0.1922613085689569,0.1880233906242579,0.4192330420616885,0.0901286673331214,0.3493025409128508,0.176070149609565,0.0665374539650094,0.1518286082875676,0,0,0.2301557928108895,0.0998197901348197,0,0.0936717309060349,0.1192807477939602,0.0637743250208477,0.1372873092741721,0.0797686021723926,0.0663940344530366,0.0389936200690495,1,0.2826593166844572,0,0.1458443998699764,0.0710174542757333,0.111487563555255,0.0853719585593589,0.1307590737191707,0.0864709041881981,0.2340675307194243,0.032054573752045,0,0.0712822553255317,0.0976831627434968,0,0,0,0.0335743255629128,0.0327065909669512,0.0342549851369055,0.0441056792885447,0,0.0637806800833733,0.050244243619088,0.0369906219836054,0.038427462360962,0.0291782177083966,0.0503097769362605,0.0668302542034019,0.0400691237601374,0.0309255818005154,0.0641323566992118,0.0517208879913131,0.0498803843030282,0.0265543974282309,0.0626235988493284,0.0569526119589149,0.0920123910774504,0.0313358770250811,0,0.0407213687124553,0.0796193665972903,0.0521056440918528,0.07242095739967,0.0608718126472485,0.0509567664098469,0.0799400008520882,0.0508754416303908,0.0835364901202205,0.0435222460710841,0.0730757199765611,0.1757340992838214,0.0615123053480792,0.0482076154749803,0.1612341834115228,0.1245948476367643,0.0741430426390904,0.0419616516826461,0.0574745160334745,0.0711800137407244,0.0344827851138254,0.122653413730746,0.1279046980896645,0.0758558632202898,0,0.0460698719200792,0.0618114672183457,0.0630305230596792,0.0679808258388204,0.0550556444081826,0.0572782063845918,0.0397555919094537,0.0379103032329142,0,0.0812348156706403,0.1336226889808087,0.2404221753093164,0.0637096960839736,0.1543909594874464,0.1471108401085964,0.044283885064502,0.1174256038434947,0.0641072905682716,0.0532680759037681,0,0.1295365292410031,0.1291268146217068,0.1034844204386188,0.1427980240841472,0.0597777070640601,0.1664132925291958,0.1360355143029505,0.2278685283834692,0.0426075625317881,0,0.0780882654549715,0,0.1963629844840649,0.1937364864123551,0.0936416795781266,0.0645251812109087,0.1283653082665617,0.1855041844021555,0.1886393527524573
L2a_ID0070,0,0,1,0,0,0,0,0,0,0,0,0,0,0,0,0,0,0,0,0,0,0,0,0,0,0,0,0,0,0,0,0,0,0,0,0,0,0,0,0,0,0,0,0,0.0867868257846229,0,0,0,0,0,0,0,0,0,0,0,0,0,0,0,0,0,0,0,0,0,0,0,0,0,0,0,0,0,0,0,0,0,0,0,0,0,0,0,0,0,0,0,0,0,0,0,0,0,0,0,0,0,0,0,0,0,0,0,0,0,0,0,0,0,0,0,0,0,0,0,0,0,0,0,0,0,0,0,0,0,0,0,0,0,0,0,0,0,0,0,0,0,0,0,0,0,0,0,0,0,0,0,0,0,0,0,0,0,0,0,0,0,0,0,0,0,0,0,0,0,0,0,0,0,0,0,0,0,0,0,0,0,0,0,0,0,0,0,0,0,0,0,0,0,0,0,0,0
L2b_ID0027,0,0,0,0,0,0,0,0.3190368410047099,0,0,0,0,0,0,0,0,0,0,0,0,0,0,0,0,0,0,0,0,0,0,0,0,0,0,0,0.4875163647477663,0,0,0,0,0,0,0,0,0,0,0,0,0,0,0,0,0,0,0,0,0,0,0,0,0,0,0,0,0,0,0,0,0,0,0,0,0,0,0,0,0,0,0,0,0,0,0,0,0,0.4335012658613713,0,0,0,0,0,0,0,0,0,0,0,0,0,0,0,0,0,0,0,0,0,0,0,0,0,0,0,0,0.1698842147300913,0,0,0,0,0.0322959767855891,0,0,0,0,0,0,0,0,0,0.1793734621281766,0,0,0,0,0,0,0.3460054840622866,0,0,0,0,0,0,0,0,0,0,0.24842855303542,0,0,0,0.2436690219068353,0,0,0,0,0,0,0,1,0,0,0,0.1181587599799558,0.9519349041352008,0,0,0,0,0,0,0,0,0,0.3064087440697844,0,0,0,0,0,0,0,0,0,0,0,0,0,0,0.6938963902896079,0.2458169117635261,0,0,0.0189968031919814
L2b_ID0043,0.2436869380986032,0.3252152948533914,0,0,0,0,0,0,0,0,0,0,0,0,0,0,0,0,0,0,0,0,0,0,0,0,0,0,0,0,0,0,0,0,0,0,0,0,0,0,0,0,0,0,0,0,0,0,0,0,0,0,0,0,0,0,0,0,0,0,0,0,0,0,0,0,0,0,0,0,0,0,0,0,0,0,0,0,0,0,0,0,0,0,0,0,0,0,0,0,0,0,0,0,0,0,0,0,0,0,0,0,0,0,0,0,0.1728579852436115,0,0,0,0,0,0,0,0,0,0,0,0,0,0,0,0,0,0,0,0,0,0,0,0,0,0,0,0,0,0,0,0,0.0818139248614876,0,0,0,0,0,0,0,0,0,0,0.8815586479983621,0,0,0,0,0,0,0,0,0,0,0.8104356860938307,0,0,0,0,0,0,0,0,0,0,1,0,0,0,0,0,0,0,0,0,0,0,0,0,0,0,0,0,0,0,0,0
L2b_ID0050,0,0,0,0,0,0,0,0,0,0,0,0,0,0,0,0,0,0,0,0,0,0,0,0,0,0,0,0,0,0,0,0,0,0,0,0,0,0,0,0,0,0,0,0,0,0,0,0,0,0,0,0,0,0,0,0,0,0,0,0,0,0,0,0,0,0,0,0,0,0,0,0,0,0,0,0,0,0,0,0,0,0,0,0,0,0,0,0,0,0,0,0,0,0,0,0,0,0,0,0,0,0,0,0,0,0,0,0,0,0,0,0,0,0,0,0,0,0,0,0,0,0,0,0,0,0,0,0,0,0,0,0,0,0,0,0,0,0,0,0,0,0,0,0,0,0,0,0,0,0,0,0,0,0,0,0,0,0,0,0,0,0,0,0,0,0,0,0,0,0,0,0,0,0,0,1,0,0,0,0.0806826642968326,0,0,0,0,0,0,0,0,0,0,0,0,0,0
L2b_ID0072,0,0.0498058126860948,0,0,0,0,0,0,0,0,0,0,0,0.2038111756589539,0.1112135970723719,0,0,0.0191771445138425,0,0.1572034780768528,0,0,0,0,0,0,0,0,0.084237873065626,0,0.451138195784942,0,0,0.4464071331497559,0,0,0,0.3134528041748384,0.0155636854099663,0,0,0,0,0,0,0,0,0,0,0,0,0,0.6041502365158223,0,0,0,0,0,0.8326905287488372,0,0,0,0.0401585579045339,0,0,0,0,0,0,0,0,0,0,0.9273320031766762,0.0599008975087656,0.0398238734466302,1,0,0,0,0,0,0,0,0,0,0.2729212496667333,0.1188622590173033,0,0,0,0,0.0608102081875,0,0.0213704448980776,0,0,0,0.2529030299679236,0.1833002473094473,0,0.1871868291060602,0,0,0,0.0706892852620418,0,0,0,0,0,0.0128652453313001,0,0,0,0,0,0,0,0,0,0,0,0,0.0360970717189935,0,0,0,0,0,0,0.0478464787225302,0,0,0.0167200861098469,0,0,0,0.0896892413488143,0,0,0,0.0687967258939326,0,0,0,0.1154477910527302,0,0,0,0,0,0,0,0,0,0.0282676897739785,0,0,0,0,0,0.2451891697519719,0,0,0,0,0,0,0,0,0,0,0,0,0,0,0,0,0,0.0198162356417364,0,0,0,0,0,0,0,0,0,0,0,0,0
L2b_ID0088,0,0,0,0,0,0,0,0,0.0839398490190824,0,0,0,0,0,0,0,0,0.0547736971729642,0,0.087140100533096,0.041945068852926,0,0,0,0,0,0,0,0,0,1,0,0,0.0455177605896744,0,0,0,0,0,0,0,0,0,0,0,0,0,0,0,0,0.0588141292961665,0,0,0,0,0,0,0,0,0,0,0,0,0,0,0,0,0,0,0,0,0,0.0756154570483042,0.4342401548332711,0.2452330048229268,0,0,0,0,0,0,0,0,0,0,0,0,0,0,0,0,0,0,0,0,0,0,0.0798496105602671,0.0902250752781933,0,0,0,0,0,0,0,0,0,0,0,0,0,0,0,0,0,0,0,0,0,0,0,0,0,0,0,0,0,0,0,0,0,0,0,0,0,0,0,0,0,0,0,0,0,0,0,0,0,0,0,0,0,0,0,0,0,0,0,0,0,0,0,0,0,0,0,0,0,0,0,0,0,0,0,0,0,0,0,0,0,0,0,0,0,0,0,0,0,0,0,0,0,0,0
L2b_ID0097,0.0262840746263432,0.0157781442946751,0.0192534448099551,0,0.0322462362118771,0,0.0154073888572456,0.3925742648515341,0.4113817027303797,0.3767392135990684,0.363824660332866,0.3923631730336945,0.0174381967998086,0.4038316263362588,0.3675876372801608,0.4439115449484879,0.4125561519661087,0.3860921476290588,0.4273705847847081,0.3468913571557599,0.3681075875181304,0.603481905944486,0.4736922732894621,0.0190600758483726,0.4376425674297001,0.4297744038311742,0.4216309724596055,0.4065596762446731,0.1931768060597846,0.396662775860862,0.3441965521474716,0.4091818211992462,0.3976487132149169,0.7203914004539179,0.0137798507022067,0.4171318470398422,0.6085366733269942,0.4339835805299992,0.4721200288767862,0.4030682968334472,0.481360089821869,0.3971871942134086,0.3291030749351751,0.373635496319231,0.4298436596071165,0.0176799753227095,0.3865340654374529,0.4346181857795232,0.4219069849184111,0.4572941864084635,0.4547751272402009,0.4762640987632046,0.5041156654437507,0.4030986959701224,0.4301490339617134,0.4355370748190041,0.0285241642019341,0.3513775037665142,0.4351577372106071,0.7598191073175163,0.4824756822864151,0.3767261550022989,0.5407014918609038,0.5106928896765064,0.4605354311911419,0.3748477649533433,0.3649627529458173,0.0162425240198392,0.5016006488553435,0.462753956462266,0.5176452227663629,0.3995240713289811,0.4347899156356137,0.4806741810424707,0.5842759282029307,0.478150866526992,0,0,0.0135067837415523,0,0,1,0,0,0,0,0.693776384482536,0.8001411817822628,0.5562832435703299,0.0260816713631515,0.6532559576456781,0.4329620844307696,0.4166869504883968,0.4427706065720859,0.4677614362988351,0.5745708109989661,0.4372316604641434,0.4156178476921869,0.6787919239467324,0,0.0154404309634808,0.5590903897451238,0.695353150201629,0.7029054872489584,0,0,0.0170086627167115,0.0170328533682881,0.0232601916496683,0.0120615888636712,0.0239190424048541,0.0127784320226367,0.0239814929497407,0.0169726551653851,0.0168895728354804,0.016472380921555,0.0746105120586965,0.0142598413946985,0.0351302782528991,0.014337046026261,0.0242838120980159,0.0507356670863148,0.0186047553584927,0.0154161588618988,0.0415418996646573,0.0171225148639278,0.02000841488263,0.0213459702473569,0.0142912013089873,0.0180160829252278,0,0.026192142504025,0.0146471394944307,0.0258958639541026,0.024770096887873,0.0159438318901677,0.0246464823757348,0.0319668797283556,0.0201118480781468,0.0313254193804257,0.0288104027920184,0,0.0302290757130525,0.015166210404792,0.0280311955249066,0.0180379647184906,0.0218840888232454,0.0148228969701715,0.0120587015440952,0.0310612022121848,0.0145421520998329,0.0204039178237133,0.0309200077968599,0.0274055680606616,0.0186498021981634,0.0172875159522328,0.0176234141118803,0.0137772102193652,0,0.0229586221738909,0,0.0181964680910661,0.027268933183389,0.0251100459386008,0.0145464905592994,0.0615455256194243,0,0,0.0264627958849303,0.0302325930234859,0.0219985260807039,0.0291082039583665,0.0122457415078163,0.0142328980653914,0.0175268725841595,0.0163349930472945,0,0.0214802364254955,0.0465378834147629,0.0227732535975237,0.0132796387859153,0.0304318371966921,0.0266453702274419,0.0219885393127061,0.0243946239991157,0,0.01459152077652,0.0146265758614578,0.0249347339445217,0,0.0116878663189055,0.0116770741932021,0.0140136595847759,0.0226290272473073
L2b_ID0099,0,0,0,0,0,0,0,0,0,0,0,0,0,0,0,0,0,0,0,0,0,0,0,0,0,0,0,0,0,0,0,0,0,0,0,0,0,0,0,0,0,0,0,0,0,0,0,0,0,0,0,0,0,0,0,0,0,0,0,0,0,0,0,0,0,0,0,0.144180409139485,0,0,0,0,0,0,0,0,0,0,0,0,0,0,0,0,0,0,0,0,0,0,0,0,0,0,0,0,0,0,0,0,0,0,0,0,0,0,0,0,0,0,0,0,1,0,0,0,0.5847857440893086,0,0,0.8677708720957462,0,0,0.3520591090428362,0.3006075675583618,0,0,0,0,0,0,0,0,0,0,0,0,0.6605197108199821,0,0,0,0,0,0,0.528166738337215,0,0,0,0,0,0,0,0,0.2837737257899017,0,0,0,0,0,0,0.2818810112785316,0,0,0,0,0.1722569916039017,0,0,0,0,0,0,0,0,0,0,0,0,0,0,0,0,0,0,0,0,0,0,0.1032927317123016,0,0,0,0,0,0
L2b_ID0108,0,0,0,0,0,0,0,0,0,0,0,0,0,0,0,0,0,0,0,0,0,0,0,0,0,0,0,0,0,0,0,0,0,0,0,0,0,0,0,0,0,0,0,0,0,0,0,0,0,0,0,0,0,0,0,0,0,0,0,0,0,0,0,0,0,0,0,0,0,0,0,0,0,0,0,0,0,0,0,0,0,0,0,0,0,0,0,0,0,0,0,0,0,0,0,0,0,0,0,0,0,0,0,0,0,0,0,0,0,0,0,0,0,0,0,0,0,0,0,0,0,0,0,0,0,0,0,0,0,0,0,0,0,0,0,0,0,0,0,0,0,0,0,0,0,0,0,0,0,0,0,0,0,0,0,0,0,0,0,0,0,0,0,0,0,0,0,0,0,0,0,0,0,0,0,1,0,0,0,0,0,0,0,0,0,0,0,0,0,0,0,0,0,0
L2b_ID0109,0,0,0,0,0,0,0,0,0,0.3289103940105846,0,0.2355639706143554,0,0.1276770013673634,0.1684034200171044,0,0,0.2139220617855751,0.1941184914128716,0.2234740220030156,0.13306451706219,0,0.1313537795271308,0,0,0,0.1913462883608404,0,0.1386911796203249,0,0.1526394124676195,0.1034068491291374,0,0,0,0.548654280361469,0.4615813615987357,0,0.1705861305349033,0,0.2313126701032228,0,0.1937498777796664,0,0.2554507665254329,0,0.455775765579491,0.1329195594074133,0,0.1140491304334242,0.4480175080844773,0.5440321821614664,0,0.2490026242224328,0.1475835694909814,0.230462855490496,0,0.3161500415578062,0.2362458734076209,0,0,0.50408589083841,0.1683716716582704,0.2636346400601052,0,0.2750003500274641,0,0,0.1637651511268165,0.2647670801542064,0.2169067257227604,0.4820184238257504,0.3025940275016289,0,0.4722172209115317,0.2177367391950571,0.6312889955183756,1,0,0,0,0,0,0,0.4037329011583768,0.2998121191426375,0.3938002209859342,0.7916748195102185,0,0,0,0,0.3288786022599161,0,0,0,0,0.1240271261449224,0,0.1538904424451287,0,0,0,0,0,0,0,0,0,0,0,0,0,0,0,0,0,0,0,0,0,0,0,0,0,0,0,0,0,0,0,0,0,0,0,0,0,0,0,0,0,0,0,0,0,0,0,0,0,0,0,0,0,0,0,0,0,0,0,0,0,0,0,0,0,0,0,0,0,0,0,0,0,0,0,0,0,0,0,0,0,0,0,0,0,0,0,0,0,0,0,0,0,0
L2b_ID0123,0,0,0,0,0,0,0,0,0.5030542346764724,0,0.1043564093370627,0,0,0,0,0,0,0.0932295466093843,0,0.1046321080486989,0.0917338603035147,0,0,0,0,0.0314515681134714,0,0,0,0,1,0,0,0.1149814064221739,0,0,0,0.1403893614579244,0,0,0,0,0,0,0,0,0,0,0.054899399083593,0.037681709189538,0.2002350992876523,0,0.2684030436330127,0.106059529081376,0,0.019124089360309,0,0,0.0906968779579011,0,0.1556127164454214,0,0.2549815306959685,0.0157855446087184,0.0365360441495594,0,0.0439891054823455,0,0,0.0219486539072079,0.0558220004827624,0.0414577343118411,0,0.696665128363739,0.4478822721640464,0.1566036506578889,0.6939967396471398,0.3208414945479351,0,0,0.1775426759623085,0.0272438941753754,0.1481893194380253,0,0.1006398479457513,0,0.4328061546070656,0.0753506781822878,0.1260601805945645,0,0.3590326800835347,0,0.5175752152211681,0.0720076775610895,0,0,0.0754479217155858,0.1627294813727516,0.29569391017456,0.084842238541302,0,0.2213617581153062,0.0274472236637097,0.0792721704733881,0,0.1644610674942637,0,0,0,0,0,0,0,0,0,0,0,0,0,0,0,0,0,0,0,0,0,0,0,0,0,0,0,0,0,0,0,0,0,0,0,0,0,0,0,0,0,0,0,0,0,0,0,0,0,0,0,0,0,0,0,0,0,0,0,0,0,0,0,0,0,0,0,0,0,0,0,0,0,0,0,0,0,0,0,0,0,0,0,0,0,0,0,0
L2b_ID0128,0,0,0,0,0,0,0,0,0,0,0,0,0,0,0,0,0,0,0,0,0,0,0,0,0,0,0,0,0,0,0,0,0,0,0,0,0,0,0,0,0,0,0,0,0,0,0,0,0,0,0,0,0,0,0,0,0,0,0,0,0,0,0,0,0,0,0,0,0,0,0,0,0,0,0,0,0,0,0,0,0,0,0,0,0,0,0,0,0,0,0,0,0,0,0,0,0,0,0,0,0,0,0,0,0,0,0,0,0,0,0,0,0,1,0,0,0,0,0,0,0,0,0,0,0,0,0,0,0,0,0,0,0,0,0,0,0,0,0,0,0,0,0,0,0,0,0,0,0,0,0,0,0,0,0,0,0,0,0,0,0,0,0,0,0,0,0,0,0,0,0,0,0,0,0,0,0,0,0,0,0,0,0,0,0,0,0,0,0,0,0,0,0,0
L2b_ID0137,0,0,0,0,0,0,0,0,0,0,0,0,0,0,0,0,0,0,0,0,0,0,0,0,0,0,0,0,0,0,0,0,0,0,0,0,0,0,0,0,0,0,0,0,0,0,0,0,0,0,0,0,0,0,0,0,0,0,0,0,0,0,0,0,0,0,0,0,0,0,0,0,0,0,0,0,0,0,0,0,0,0,0,0,0,0,0,0,0,0,0,0,0,0,0,0,0,0,0,0,0,0,0,0,0,0,0,0,0,0,0,0,0,0,0,0,0,0,0,0,0,0,0,0,0,0,0,0,0,0,0,0,1,0,0,0,0,0,0,0,0,0,0,0,0,0,0,0,0,0,0,0,0,0,0,0,0,0,0,0,0,0,0,0,0,0,0,0,0,0,0,0,0,0,0,0,0,0,0,0,0,0,0,0,0,0,0,0,0,0,0,0,0,0
L2b_ID0144,0,0,0,0,0,0,0,0,0,0,0,0,0,0,0,0,0,0,0,0,0,0,0,0,0,0,0,0,0,0,0,0,0,0,0,0,0,0,0,0,0,0,0,0,0,0,0,0,0,0,0,0,0,0,0,0,0,0,0,0,0,0,0,0,0,0,0,0,0,0,0,0,0,0,0,0,0,0,0,0,0,0,0,0,0,0,0,0,0,0,0,0,0,0,0,0,0,0,0,0,0,0,0,0,0,0,0,0,0,0,0,0,0,0,0,0,0,0,0,0,0,0,0,0,0,0,0,0,0,0,0,0,1,0,0,0,0,0,0,0,0,0,0,0,0,0,0,0,0,0,0,0,0,0,0,0,0,0,0,0,0,0,0,0,0,0,0,0,0,0,0,0,0,0,0,0,0,0,0,0,0,0,0,0,0,0,0,0,0,0,0,0,0,0
L2b_ID0148,0,0.1232256611726536,0,0,0,0,0,0,0,0,0,0,0,0,0,0,0,0,0,0,0,0,0,0,0,0,0,0,0,0,0,0,0,0,0,0,0,0,0,0,0,0,0,0,0,0,0,0,0,0,0,0,0,0,0,0,0.5160007608103943,0,0,0,0,0,0,0,0,0,0,0.3410669709908244,0,0,0,0,0,0,0,0,0,0,0,0,0,0,0,0,0,0,0,0,0,0,0,0,0,0,0,0,0,0,0,0,0,0,0,0,0,0,0,0,0,0,0,0,0.0361077661688605,0,0,0,0,0,0,0.1314723211494358,0,0.1906001930884311,0,0,0,0,0,0,0,0,0,0.3108926623335454,0,0,0,0,0.2380326492598495,0,0,0,0,0,0,0,0,0,0,0,0,0,0,0,0,0,0,0,0,0,0,0,0,0,0,0,0,0,0,0,0,0,0,0,0,0.041241235923368,0,0,0,0,0,0,0,0,0,1,0,0,0,0,0,0.1765206479131277,0,0,0,0
L2b_ID0152,0,0,0,1,0,0,0,0,0,0,0,0,0,0,0,0,0,0,0,0,0,0,0,0,0,0,0,0,0,0,0,0,0,0,0,0.2332881111669295,0,0,0,0,0,0,0,0,0,0,0,0,0,0,0,0,0,0,0,0,0,0,0,0,0,0,0,0,0,0,0,0,0,0,0,0,0,0,0,0,0,0,0,0,0,0,0,0,0,0.0343554082557863,0,0,0,0,0,0,0,0,0,0,0,0,0,0,0,0,0,0,0,0,0,0,0,0,0,0,0,0,0.0113113804091472,0,0,0,0,0,0,0,0,0,0,0,0,0,0,0,0,0,0,0,0,0,0.0219500364875778,0,0,0,0,0,0,0,0,0,0,0.3230951335821342,0,0,0,0.0483068488175891,0,0,0,0,0,0,0,0.2512319462582962,0,0,0,0,0.1128068265117502,0,0,0,0,0,0,0,0,0,0.0766902193447275,0,0,0,0,0,0,0,0,0,0,0,0,0,0,0,0.132114189930264,0,0,0
L2b_ID0153,0,0,0,0,0,0,0,0,0,0,0,0,0,0,0,0,0,0,0,0,0,0,0,0,0,0,0,0,0,0,0,0,0,0,0,0,0,0,0,0,0,0,0,0,0,0,0,0,0,0,0,0,0,0,0,0,0,0,0,0,0,0,0,0,0,0,0,0,0,0,0,0,0,0,0,0,0,0,0,0,0,0,0,0,0,0,0,0,0,0,0,0,0,0,0,0,0,0,0,0,0,0,0,0,0,0,0,0,0,0,0,0,0,0,0,0,0,0,0,0,0,0,0,0,0,0,0,0,0,0,0,0,1,0,0,0,0,0,0,0,0,0,0,0,0,0,0,0,0,0,0,0,0.8943300393359743,0,0,0,0,0,0,0,0,0,0,0,0,0,0,0,0,0,0,0,0,0,0,0,0,0,0,0,0,0,0,0,0,0,0,0,0,0,0,0,0,0
L2b_ID0166,0,0,0,0,0,0,0,0,0,0,0,0,0,0,0,0,0,0,0,0,0.0697170343849789,0,0,0,0,0,0,0,0,0,0.0944116162690325,0,0,0,0,0.0551993185156847,0,0.0566579553533352,0,0,0.0595123762027508,0,0.2436881657226367,0.1045713372080736,0.1044868222342758,0,0,0,0,0,0,0,0,0.1676556775638771,0,0.0659678063482378,0,0,0,0.0578513420049884,0.0995711529718655,0.0829359865198701,0,0.1410329020128889,0.1235187188728862,0.067697649721722,0,0.0652770433353364,0.0733071046223239,0.8891112743347582,0.0836239936097129,0.2500190670928664,0.2033958593995958,0,0.1274641338839106,0,0,0,0,0,0.1628349542958736,0.1649108459313872,0,0,0,0,0,0,0,0,1,0.7370219984805931,0,0.2609253934120383,0,0.115326176659765,0,0,0.1039517836909773,0,0,0,0,0,0,0,0,0,0,0,0,0,0,0,0,0,0,0.0249723290084786,0,0,0,0,0,0,0,0,0,0,0,0,0,0,0,0,0,0,0,0,0,0,0,0.2452022893245413,0,0.0449107041982013,0,0,0,0.0580585484720044,0,0,0,0,0,0,0,0,0,0,0.0369821506271888,0,0,0,0,0,0,0,0,0,0,0,0,0,0,0,0.0951407547696857,0,0,0,0.1480285777452414,0,0,0,0.070550584692572,0.039453680206312,0,0,0,0,0.0615008868738204,0,0,0.0699136489633732,0,0
L2b_ID0174,0,0,0,0,0,0,0,0.1847731706709369,0,0,0,0,0.164511592273022,0,1,0,0,0.0195303750813885,0.465196188742061,0,0,0,0,0,0.7299425603521021,0,0,0.177446290152286,0,0.1983639864441851,0,0,0,0,0,0.2869567928503846,0,0,0.4018867443224446,0,0,0,0,0,0,0.2608900475866739,0,0.2221849747552147,0,0.0845400721663768,0,0,0,0,0,0,0,0,0,0,0,0,0,0.1868731071684274,0,0,0,0,0,0,0,0.077326136997469,0,0,0,0,0.0326915350113446,0,0,0,0,0,0,0,0.1738258099931619,0,0.0760855013765029,0,0,0.3852757033229201,0,0,0,0,0,0,0,0,0,0,0,0,0,0,0,0,0,0,0,0.0488534160184256,0,0,0,0,0,0.819954566109909,0.4345238307107733,0.1480314090240533,0,0,0.2303227415840718,0,0,0,0,0.2633188504898868,0,0,0.2588754050971014,0.0052996673171158,0,0,0,0,0,0,0.1692046742434639,0,0,0,0,0,0.1058089635697032,0,0.1624092828355894,0,0,0,0,0,0.2672536298400889,0,0,0.9004366473153415,0,0,0,0,0,0.3637823713500723,0,0,0,0.0049263154985803,0.0539668567358602,0,0.0197841910819116,0,0,0,0,0,0,0,0.1145832303411483,0.1060362467235302,0,0.2751428312100135,0,0,0,0.2611961733179514,0,0,0,0,0,0.0229652612633242,0.4068870231428877,0,0,0,0,0
L2b_ID0177,0,0,0,0,0,0,0,0.2061403440587423,0,0,0,0,0.4758647867148642,0,1,0,0,0.0702950572852826,0.4714695200248264,0,0,0,0,0,0.8440180524462493,0,0,0,0,0.1144576495304563,0,0,0,0,0,0.4364253822665346,0,0,0.8685734433084684,0,0,0,0,0,0,0.8728691730790606,0,0.999177651019235,0,0.4341200388088363,0,0,0,0,0,0,0,0,0,0,0,0,0,0.2919195787963728,0,0,0,0,0,0,0,0.436006462103795,0,0,0,0,0.2307217759519003,0,0,0,0,0,0,0,0.7598135405418047,0,0.223767243551602,0,0,0.4221261669433817,0,0,0,0,0,0,0,0,0,0,0,0,0,0,0,0,0,0,0,0,0,0,0,0,0,0.1508763297986577,0.3216544605264945,0.4755615486717429,0,0,0.3757562467087179,0,0,0,0,0.7131921374384056,0,0,0.6193094582203965,0,0,0,0,0,0,0,0.8081020738786253,0,0,0,0,0,0.2178856376624768,0,0.6532478258048583,0,0,0,0,0,0.8656024246972271,0,0,0.3482935378459084,0,0,0,0,0,0.7313114781307982,0,0,0,0.105100946490984,0.1635109925676753,0,0,0,0,0,0,0,0,0,0.2537836855015599,0,0,0.6655345746192424,0,0,0,0.2972174426505892,0,0,0,0,0,0,0.7080230579612686,0,0,0,0,0
L2b_ID0182,0,0,0,0,0,0,0,0,0,0,0,0,0,0,0,0,0,0,0,0,0,0,0,0,0,0,0,0,0,0,0,0,0,0,0,0,0,0,0,0,0,0,0,0,0,0,0,0,0,0,0,0,0,0,0,0,0,0,0,0,0,0,0,0,0,0,0,0,0,0,0,0,0,0,0,0,0,0,0,0,0,0,0,0,0,0,0,0,0,0,0,0,0,0,0,0,0,0,0,0,0,0,0,0,0,0,0,0,0,0,0,0,0,0,0,0,0,0,0,0,0,0,0,0,0,0,0,0,0,0,0,0,1,0,0,0,0,0,0,0,0,0,0,0,0,0,0,0,0,0,0,0,0,0,0,0,0,0,0,0,0,0,0,0,0,0,0,0,0,0,0,0,0,0,0,0,0,0,0,0,0,0,0,0,0,0,0,0,0,0,0,0,0,0
L2b_ID0184,0,0,0,0,0,0,0,0.0764283519951885,0,0,0,0,0.1808163234089473,0,0.8516676229477519,0,0,0,0.2992324583171557,0,0,0,0,0,0.5594529442988778,0,0,0.1009682061349309,0,0.1336299296474365,0,0,0,0,0,0.1750012611194119,0,0,0.2841141913523333,0,0,0,0,0,0,0.3103119212072118,0,0.1125985585291214,0,0,0,0,0,0,0,0,0,0,0,0,0,0,0,0.1758729794019332,0,0,0,0,0,0,0,0,0,0,0,0,0,0,0,0,0,0,0,0,0.2499267248940415,0,0,0,0,0.4115085363952553,0,0,0,0,0,0,0,0,0,0,0,0,0,0,0,0,0,0,0,0,0,0,0,0,0,1,0.6283372718228171,0.1835406016987848,0,0,0.2356921202330093,0,0,0,0,0.3518335374448321,0,0,0.242405327358936,0,0,0,0,0,0,0,0.2214316097383803,0,0,0,0,0,0.096502663646923,0,0.1988984976243764,0,0,0,0,0,0.292124528951559,0,0,0.8680580746302805,0,0,0,0,0,0.3695897407691754,0,0,0,0,0.0686449345015258,0,0,0,0,0,0,0,0,0,0.1180647056644927,0.0850852532994951,0,0.2809420936274578,0,0,0,0.3269475995934476,0,0,0,0,0,0,0.417169677026505,0,0,0,0,0
L2b_ID0187,0,0,0,0,0,0,0,0.3738364514988876,0.3236720667144387,0.3116649500018975,0.9490649597127908,0.4657277425093235,0,0.3566520242490509,0.4911356397378048,0.4127332783166515,0.570239599898995,0.411890521264376,0.4040223182065202,0.3859734208809085,0.5398582181473719,0.5921611663365954,0.4099398363786604,0,0.6286048683338396,0.6656370627289946,0.5324322327354297,0.7995127940219928,0.4135180845908121,0,0.6314085679089587,0.6268061480580874,0.6047963826326067,0.6180029706401436,0,0.5889461709719269,0.5862386567106986,0.4678464149708779,0.464760249027669,0.6719734389427835,1,0.3948046752262336,0.4890531054014486,0.5081226549915653,0.5158669953241075,0,0.4503325517731014,0.5054569191982803,0.3779739923041318,0.5512741720342424,0.6097524222245273,0.5999759360816442,0.4707647059454449,0.4163952835221564,0.3016489241928902,0.4136759642731354,0,0.3915094422424267,0,0.4402320955238001,0.431423876737562,0.456288703797318,0.3899525079866474,0.7291733275121323,0.3167619230909793,0.4185420079538232,0.3285205901927825,0,0.4272644484075948,0.5268821354743178,0.3792476615592203,0.4191238365613108,0.3830179062397803,0.5606025502164625,0.3150042076078382,0.4580520346659354,0.4037429465397597,0.5038801377244156,0,0.3586143893362153,0.3488307406568497,0.2996792466259723,0.3400843659826567,0.2977100931616988,0.317029415097799,0.6015213153216349,0.6816139574860186,0.4325168553666592,0.4755774281218899,0,0.2731433806775597,0,0.667481704379308,0.3577472989468762,0.3707506848719791,0.2779425885927876,0.7321441409590246,0.3449314169821423,0.3168597805418787,0.3294995640180774,0,0.4595403488113658,0.2767504048202767,0.3024164849943215,0.2288674138898496,0.2911722121594115,0,0,0,0,0,0,0,0,0,0,0,0,0,0,0,0,0,0,0,0,0,0,0,0,0,0,0,0,0,0,0,0,0,0,0,0,0,0,0,0,0,0,0,0,0,0,0,0,0,0,0,0,0,0,0,0,0,0,0,0,0,0,0,0,0,0,0,0,0,0,0,0,0,0,0,0,0,0,0,0,0,0,0,0,0,0,0,0
L2b_ID0193,0,0,0,0,0,0,0,0,0,0,0,0,0,0,0,0,0,0,0,0,0,0,0,0,0,0,0,0,0,0,0,0,0,0,0,0,0,0,0,0,0,0,0,0,0,0,0,0,0,0,0,0,0,0,0,0,0,0,0,0,0,0,0,0,0,0,0,0,0,0,0,0,0,0,0,0,0,0,0,0,0,0,0,0,0,0,0,0,0,0,0,0,0,0,0,0,0,0,0,0,0,0,0,0,0,0,0,0,0,0,0,0,0,0,0,0,0,0,0,0,0,0,0,0,0,0,0,0,0,0,0,0,0,0,0,0,0,0,0,0,0,0,0,1,0,0,0,0,0,0,0,0,0,0,0,0,0,0,0,0,0,0,0,0,0,0,0,0,0,0,0,0,0,0,0,0,0,0,0,0,0,0,0,0,0,0,0,0,0,0,0,0,0,0
L2b_ID0196,0.7808692332897568,0.8710078786793726,0.3778018250903903,0.4394864544028609,0.5244812480224481,0.5892045163062877,0.5877332807487504,0,0.1236187926264479,0.2062824677145299,0,0,0.7594115284097499,0,0.1072852431558406,0,0.0805095774879432,0,0,0.1841480847163529,0.3170868295887931,0,0,0.6948987183774672,0,0,0,0,0,0,0,0,0,0,0.6895622840175523,0,0,0,0,0,0,0,0,0.1060154841891558,0,0.8949972018696241,0,0.2863286488577209,0.1133699451521405,0.1258102068702264,0,0,0,0,0,0.3219058279932394,0.5109072543641263,0.0654356177224682,0,0.1096596601369451,0,0,0,0,0,0,0,0.6588618815822217,0,0,0,0.137024958253246,0,0.1259098146252701,0.1433988420131675,0,0,0,0.7557545352795259,0,0,0,0,0,0,0,0.119759971309311,0.1618626934341336,0,0.7013601053042868,0.146096863222658,0,0,0.1376483269207166,0,0,0,0.12580301978509,0,0,0.7458421443474952,0,0,0.1696479493138669,0.0970710292165347,0,0.6952023183382822,0.6532422561601093,0.7321547405508206,0.9106156393530858,0.8140037135750422,0.8535928247379497,0.6487149290671135,0.7746441673338266,0.5979995901330154,0.6669910274036616,0.6449659551420853,0.5957197754064045,0.6334639925097935,0.5542700412569405,0.7599249177732512,0.3683134466210183,0.8260780402502891,0.7743439453976104,0.6651811803493552,0.6070836612832214,0.9579100246257992,0.8762668296000532,0.8140856306715626,0.8497028886614353,0.6096276656836616,0.7246822686362802,0.8132810978129543,0.5747521306890157,0.7476483318751527,0.5556659395468718,0.6320355807330988,0.6574839290479714,0.5789643162371508,0.4121581650232577,0.593956165063794,0.9518972815910044,0.6428936778017618,0.9643606440992104,0.6551152300491052,0.8109360449862796,1,0.5475905958047187,0.7419260989558526,0.623298601610417,0.8521131795881738,0.7402251228193444,0.8020998363910086,0.6082100213603755,0.9860166671733704,0.714909080467924,0.6267455942114171,0.7297749925964961,0.8961824662507193,0,0.6499014602074332,0.3971491091023125,0.647553803486797,0.8546315673020731,0.4109377128859252,0.4410399586529789,0.5017284225863733,0.7711771177117712,0.6027920217815026,0.8249632921326933,0.6987098338800103,0.6382253885572795,0.8600364066601133,0.5768066030246832,0.6883659003054861,0.6886789305849725,0.9215562165223689,0.8423668748655828,0.9154385435984744,0.7480601693741534,0.7444083840318525,0.8538313977252382,0.8602470405689494,0.6568457639008527,0.8677254240265377,0.7601862924265814,0.735643888083793,0.722144316529913,0.8830720712808231,0.7331269078801432,0.3443927395554294,0.2803231017472269,0.5703108024722636,0.4041831063863807
L2b_ID0200,0,0,0,0,0,0,0,0,0,0,0,0,0,0,0,0,0,0,0,0,0,0,0,0,0,0,0,0,0,0,0,0,0,0,0,0,0,0,0,0,0,0,0,0,0,0,0,0,0,0,0,0,0,0,0,0,0,0,0,0,0,0,0,0,0,0,0,0,0,0,0,0,0,0,0,0,0,0,0,0,0,0,0,0,0,0,0,0,0,0,0,0,0,0,0,0,0,0,0,0,0,0,0,0,0,0,0,0,0,0,0,0,0,0,0,0,0.3588245667578621,0,0,0,0,0,0,0,0,0,0,0,0,0,0,0,0,0,0,0,0,0,0,0,0,0,0,0,0,0,0,0,0,0,0,0,0,0,0,0,0,0,0,0,0,0,0,0,0,0,0,0,0,0,0,0,0,0,0,0,0,0,0,0,0,0,0,0,0,0,0,0,0,1,0,0,0,0.0788748579108832
L2b_ID0201,0,0,0,1,0,0,0,0,0,0,0,0,0,0,0,0,0,0,0,0,0,0,0,0,0,0,0,0,0,0,0,0,0,0,0,0,0,0,0,0,0,0,0,0,0,0,0,0,0,0,0,0,0,0,0,0,0,0,0,0,0,0,0,0,0,0,0,0,0,0,0,0,0,0,0,0,0,0,0,0,0,0,0,0,0,0,0,0,0,0,0,0,0,0,0,0,0,0,0,0,0,0,0,0,0,0,0,0,0,0,0,0,0,0,0,0,0,0,0,0,0,0,0,0,0,0,0,0,0,0,0,0,0,0,0,0,0,0,0,0,0,0,0,0,0,0,0,0,0,0,0,0,0,0,0,0,0,0,0,0,0,0,0,0,0,0,0,0,0,0,0,0,0,0,0,0,0.7241234937402944,0,0,0,0,0,0,0,0,0,0,0,0,0,0,0,0,0
L2b_ID0205,0,0,1,0,0,0,0,0,0,0,0,0,0,0,0,0,0,0,0,0,0,0,0,0,0,0,0,0,0,0,0,0,0,0,0,0,0,0,0,0,0,0,0,0,0.4324881021113369,0,0,0,0,0,0,0,0,0,0,0,0,0,0,0,0,0,0,0,0,0,0,0,0,0,0,0,0,0,0,0,0,0,0,0,0,0,0,0,0,0,0,0,0,0,0,0,0,0,0,0,0,0,0,0,0,0,0,0,0,0,0,0,0,0,0,0,0,0,0,0,0,0,0,0,0,0,0,0,0,0,0,0,0,0,0,0,0,0,0,0,0,0,0,0,0,0,0,0,0,0,0,0,0,0,0,0,0,0,0,0,0,0,0,0,0,0,0,0,0,0,0,0,0,0,0,0,0,0,0,0,0,0,0,0,0,0,0,0,0,0,0,0,0,0,0,0,0,0
L2b_ID0219,0,0,0,0,0,0,0,0,0,0,0,0,0,0,0,0,0,0,0,0,0,0,0,0,0,0,0,0,0,0,0,0,0,0,0,0,0,0,0,0,0,0,0,0,0,0,0,0,0,0,0,0,0,0,0,0,0,0,0,0,0,0,0,0,0,0,0,0,0,0,0,0,0,0,0,0,0,0,0,0,0,0,0,0,0,0,0,0,0,0,0,0,0,0,0,0,0,0,0,0,0,0,0,0,0,0,0,0,0,0,0,0,0,0,0,0,0,0,0,0,0,0,0,0,0,0,0,0,0,0,0,0,1,0,0,0,0,0,0,0,0,0,0,0,0,0,0,0,0,0,0,0,0,0,0,0,0,0,0,0,0,0,0,0,0,0,0,0,0,0,0,0,0,0,0,0,0,0,0,0,0,0,0,0,0,0,0,0,0,0,0,0,0,0
L2b_ID0222,0,0,0.0652178077627852,0,0,0.0421607058039607,0,0.1009896644814847,0.074651338546413,0,0,0.084421331001166,0,0,0,0.090470199949045,0,0.111812439368551,0,0,0.1374791403317949,0,0,0,0,0,0.0946305523708733,0,0.0437138048622747,0.1329251060744137,0.2050214231119734,0,0,0.0516731891407237,0,0,0,0.1090789286729184,0.1198155456585432,0.1795797811878374,0.1515146470882206,0.1493786930064379,0,0.2930275793475811,0,0,0.2564209316910172,0.1484847282241232,0.1125476109984223,0.1163430539632144,0.1649460563835729,0,0,0.2815766136539573,0.1273374219752868,0.1493023831221644,0,0,0,0.1570445537035404,0.1604979495546344,0.1284311398222457,0.2513997903009279,0.2560662805851976,0.2306586412676015,0.1255008157685863,0.1431311427619523,0,0.247811167945439,0.6411683863950378,0,0.2122546079901225,0.3323143330295636,0,0.3367178665569176,0,0.099729669478986,0,0,0,0.285273735681179,0,0,0.1080767336919775,0.1161949294960363,0,0.2148007123889035,0.1244174358898981,0,0,1,0.1635171629871339,0.1416097833436223,0.2539302407619719,0.0983921703853955,0.2628227062939118,0.1138585976619533,0.199812863176255,0.1230830663099822,0.2512495467952298,0,0,0.0953467506442857,0.1802900633016824,0.2335560161095922,0,0.0279740613810741,0,0,0,0,0,0,0.0227635202006839,0,0,0,0,0,0,0,0,0,0.028151270560798,0,0,0,0,0,0,0,0,0,0,0,0,0,0,0.0297728372284446,0,0,0.1280168861647607,0,0,0,0,0,0,0,0.0366419118871936,0,0.0432570663197812,0,0,0,0,0,0,0,0,0,0.0313136660885243,0,0,0,0,0.0583169199713868,0,0,0.0691053921568627,0,0,0,0,0,0,0,0,0,0,0,0,0,0,0,0.0432232137656661,0.0438355546540455,0,0,0,0.0517765382014874,0,0,0
L2b_ID0230,0,0,0,0,0,0,0,0,0,0,0,0,0,0,0,0,0,0,0,0,0,0,0,0,0,0,0,0,0,0,0,0,0,0,0,0,0,0,0,0,0,0,0,0,0,0,0,0,0,0,0,0,0,0,0,0,0,0,0,0,0,0,0,0,0,0,0,0,0,0,0,0,0,0,0,0,0,0,0,0,0,0,0,0,0,0,0,0,0,0,0,0,0,0,0,0,0,0,0,0,0,0,0,0,0,0,0,0,0,0,0,0,0,0,0,0,0,0,0,0,0,0,0,0,0,0,0,0,0,0,0,0,1,0,0,0,0,0,0,0,0,0,0,0,0,0,0,0,0,0,0,0,0,0,0,0,0,0,0,0,0,0,0,0,0,0,0,0,0,0,0,0,0,0,0,0,0,0,0,0,0,0,0,0,0,0,0,0,0,0,0,0,0,0
L2b_ID0243,0,0,0,0,0,0,0,0.5122519956654203,0.4580758862427108,0.6064127739397374,0.6503200398240028,0.413834848481983,0,0.3011036703769474,0.3750288036892257,0.5790676030938829,0.5882153984322976,0.539760522250863,0.6244591073766652,0,0,0.5868144559112861,0.643790012857908,0,0.7338993838752713,0.63452130821597,0.6120212509553075,0.7265914524224832,0,0,0.5088497667232129,0.8140269080986329,0.5536908542009049,0.7460710885346503,0,0,0,0.3340278789032597,0,0,0.6385364889106584,0.5448062687922665,0,0.4774311669050601,0,0,0.0923573300687401,0.5476865746755737,0.6000428246716337,0.7037947744234587,0.5201362740728553,0.4831697569563299,0.5922757992905562,0.535936686727861,1,0,0,0.7571453848851604,0.6986184945846122,0.6718619843624808,0.7335254770023318,0.68166030285322,0.6691652908347848,0,0.6932019511071691,0.5544592607722015,0.500984189963351,0,0.5127820718021391,0.5486385936024816,0.4595015821803977,0.575096928117801,0.5862223491412687,0.6347694099041824,0.5043621277768007,0.622876317599364,0.3303451672736296,0.4968115792196538,0,0,0.4238230832544817,0.426169236462161,0.4825402048649919,0,0.4180827701300647,0.489252415296771,0.3935282633376893,0.508913688534356,0.4010467038976545,0,0.4755141009372047,0.5084407471497323,0,0,0.4582745019425548,0,0,0,0.3509826666826366,0.1394413964961517,0,0,0.8774087669541467,0.3293851633736007,0,0.4354808498280814,0,0,0,0,0,0,0,0,0,0,0,0,0,0,0,0,0,0,0,0,0,0,0,0,0,0,0,0,0,0,0,0,0,0,0,0,0,0,0,0,0,0,0,0,0,0,0,0,0,0,0,0.20606986137036,0,0,0,0,0,0,0,0,0,0,0,0,0,0,0,0,0,0,0,0,0,0,0,0,0,0,0,0.2214185346775825,0,0,0,0,0,0,0,0
L2b_ID0257,0,0,1,0,0,0,0,0,0,0,0,0,0,0,0,0,0,0,0,0,0,0,0,0,0,0,0,0,0,0,0,0,0,0,0,0,0,0,0,0,0,0,0,0,0.6539150030178464,0,0,0,0,0,0,0,0,0,0,0,0,0,0,0,0,0,0,0,0,0,0,0,0,0,0,0,0,0,0,0,0,0,0,0,0,0,0,0,0,0,0,0,0,0,0,0,0,0,0,0,0,0,0,0,0,0,0,0,0,0,0,0,0,0,0,0,0,0,0,0,0,0,0,0,0,0,0,0,0,0,0,0,0,0,0,0,0,0,0,0,0,0,0,0,0,0,0,0,0,0,0,0,0,0,0,0,0,0,0,0,0,0,0,0,0,0,0,0,0,0,0,0,0,0,0,0,0,0,0,0,0,0,0,0,0,0,0,0,0,0,0,0,0,0,0,0,0,0
L2b_ID0261,0,0,0,0,0,0,0,0,0,0,0,0,0,0,0,0,0,0,0,0,0,0,0,0,0,0,0,0,0,0,0,0,0,0,0,0,0,0,0,0,0,0,0,0,0,0,0,0,0,0,0,0,0,0,0,0,0,0,0,0,0,0,0,0,0,0,0,0,0,0,0,0,0,0,0,0,0,0,0,0,0,0,0,0,0,0,0,0,0,0,0,0,0,0,0,0,0,0,0,0,0,0,0,0,0,0,0,0,0,0,0,0,0,0,0,0,0,0,0,0,0,0,0,0,0,0,0,0,0,0,0,0,0,0,0,0,0,0,0,0,0,0,0,0,0,0,0,0,0,0,0,0,1,0,0,0,0,0,0,0,0,0,0,0,0,0,0,0,0,0,0,0,0,0,0,0,0,0,0,0,0,0,0,0,0,0,0,0,0,0,0,0,0,0
L3_ID0072,0,0,0,0,0,0,0,0,0,0,0,0,0,0,0,0,0,0,0,0,0,0,0,0,0,0,0,0,0,0,0,0,0,0,0,0,0,0,0,0,0,0,0,0,0,0,0,0,0,0,0,0,0,0,0.2929987741745407,0,0,0,0,0,0,0,0,0,0,0,0,0,0,0,0,0,0,0,0,0,0,0,0,0,0,0,0,0,0,0.3698145215597971,0,0,0,0,0,0,0,0,0,0,0,0,0,0,0,0,0,0,0,0,0,0,0,0,0,0,0.3018354237252467,0,0,0,0,0,0,1,0,0,0,0,0,0,0,0,0,0,0,0,0.2106747169763673,0,0,0,0.1178142953344977,0,0,0,0,0,0,0,0,0,0,0,0,0,0,0,0.413902491634925,0,0,0,0,0,0,0,0,0,0,0,0,0,0,0,0,0,0,0,0,0,0,0.205052505313664,0,0,0,0,0,0,0,0,0,0,0,0,0,0,0,0,0,0
L3_ID0077,0,0,0.1159668094187384,0.1665168803351431,0.083511273903492,0,0.0803010374812235,0.1305932135956088,0.158758606337412,0.2173341667588124,0.1507230715493783,0.2511383117126639,0,0.1157326939424681,0.2045044849608829,0.1937173220904622,0.4075727249947984,0.1923173719238489,0.2145721420829424,0.0956960649980533,0.1784757294105072,0.3183513773696877,0.2023502932256543,0.2027634343090307,0.396830398119927,0.6172605101326276,0.1208020844302635,0.2928235356216934,0.1289341061050641,0.2634747536457461,0.1805156464450325,0.3751656758101943,0.7022610603726122,0.2435139089513989,0,0.2099723685552208,0.1485790678170561,0.6484163671671933,0.1674161362684033,0.2806070552271437,0.4219871847219303,0.1048472629534967,0.1624725615563966,0.3055500199763902,0.4253415571888173,0,0.3160955910451319,0.2224946756706362,0.132443390054454,0.2106243129136186,0.4143476426761741,0.4057414314723745,0.2535697971735494,0.1362045169564817,0.2233341539359812,0.2511677229839852,0,0.2777074211960171,0.4925653927066722,0.2091159615178051,0.3795674419883257,0.2512578011777858,0.142861995332665,0.1477316191959891,0.1233451631270529,0.1204529230390356,0.5493620377973151,0.28429521108532,0.2495358695429741,0.2549893328974741,0.2705110188081951,0.2072786737609127,0.2313040924768536,0.1095907444101458,0.5727831805908707,0.3631205141498625,0.2981232293404647,0.2811427487635848,0,0.0747246318947199,0.1075397281612472,0.1943111245702046,0.5073529056579513,0.164564472536789,0.2865839986348076,0.1651755002067901,0.3255915782454871,0.1173702617113508,0.1741466735160493,0,0.2144216961075066,0.1589533091731285,0.139901293621669,0,0.331907635038685,0.1708649069936336,0.0864545967259096,0.1331921643542681,0.3029031812126903,0.1015310460505635,0,0.2699505908207323,0.2491906246484151,0.1917702059056866,0.123714192792673,0.1212779097485223,0,0.0241280480199221,0.0974651985286064,0,0,0.2558539079027372,0,0.0471074920377683,0,0.1489409614892612,0,0,0,0,0,0.4669572765219844,0,0,0,0,0.1001025848456442,0,0.0399587224455141,0,0.2403632690525974,0.1474063715945831,0.0398461466645576,0,0.0508991252896883,0,0.0565662787555284,0.0995985421846117,0,0.0679744926220854,0.1754725905395083,0,0.0854028775487243,0,0,0.0269276985977707,0,0,0.0823550179120021,1,0.0820462819015134,0.0586792903195265,0.0677039561332699,0.0974590396173667,0.1004684746741617,0.0782338444841757,0,0.0399132826351374,0.1732663773683703,0.019557934157572,0,0,0,0.0743933296773626,0.0249566823242804,0,0,0.2279673239128852,0,0.1062329191763772,0,0,0,0.0618224429144679,0.160602316488378,0.0394098712438436,0.2192032041971761,0,0,0.1726190988518208,0.0485494457594677,0,0.0598805744294652,0.2994105461287741,0,0.1563791258008451,0.0433428657763113,0.0920445332537732,0,0,0.0622250831090728,0.0407830559459248,0,0
L3_ID0103,0,0.4684710943724198,0,0,0,0,0,0,0,0,0,0,0,0,0,0,0,0,0,0,0,0,0,0,0,0,0,0,0,0,0,0,0,0,0,0,0,0,0,0,0,0,0,1,0,0,0,0,0,0,0,0,0,0,0,0,0,0,0,0,0,0,0,0,0,0,0,0,0,0,0,0,0,0,0,0,0,0,0,0,0,0,0,0,0,0,0,0,0,0,0,0,0,0,0,0,0,0,0,0,0,0,0,0,0,0,0,0,0,0,0,0,0,0,0,0,0,0,0,0,0,0,0,0,0,0,0,0,0,0,0,0,0,0,0,0,0,0,0,0,0,0,0,0,0,0,0,0,0,0,0,0,0,0,0,0,0,0,0,0,0,0,0,0,0,0,0,0,0,0,0,0,0,0,0,0,0,0,0,0,0,0,0,0,0,0,0,0,0,0,0,0,0,0
L3_ID0117,0.1235427789180238,0.1715701169520435,0.6258927321425763,0.124937805339727,0,0,0.990639233764854,0,0,0,0,0,0,0,0,0,0,0,0,0,0,0,0,0.0460285842286001,0,0,0,0,0,0,0,0,0,0,0.2332152664014204,0,0,0,0,0,0,0,0,0,0,0.5116207932302752,0,0,0,0,0,0,0,0,0,0,0,0,0,0,0,0,0,0,0,0,0,0,0,0,0,0,0,0,0,0,0,0,0.122083985229775,0,0,0,0,0,0,0,0,0,0,0.0651052092774564,0,0,0,0,0,0,0,0,0,0,0,0,0,0,0,0,0.1140954234472526,0,0.045326842241125,0.0812123892990663,0.0408874945965632,0.127130497937009,0.0316248316640053,0.4885093111716032,0.0656020234072854,0.0441322751738784,0.1790120158626109,0.1320981885493551,0,0.0499360073904823,0.7283842007535469,0,0,0.2850639993218615,0.0732995954949816,0.4431291873039276,0.1711156145611067,0,0.2412014788635963,0,0,0,0.9580317413315832,0.0803783470143686,0.3079017903547071,0,0.0823480986998381,0,0.2421323083520352,0,0,0.0396740035141996,0.1082439952330851,0.0729989975593917,0.2631471610429371,0,0.0512343424990708,0.123168210953241,0,0,0.0198650281899263,0.1311659207015204,0,0.0479437693531256,0.0445984090977957,0.0485147884441822,0.3365287286398835,0,0,0.0493334738450645,0.0697315052872173,0.1422709566087244,0,0.0611021543938811,0.1347275670591917,0,0,0.1304760260009351,0.0590734203841225,0.0502920684643729,0.1151867354880085,0.2379664551575157,0,0,0,0,0,0.0447970081741005,0.080783969158506,0.5134955700448423,0.7249490916664525,0.0528945400644461,0.0562944093463442,0,0.1599360812262646,0.160459500210384,0.0909218522079967,0.1303438215943389,0,0.2071019858181599,0.0390815480736148,1,0.1416843936471309,0.2604441577101625
L3_ID0135,0,0,0,0,0,0,0,0.7891578018350424,0.5030024269308205,0,0,0,0,0,0,0,0,0,0,0,0,0,0,0,0.5472004252442283,0,0,0,0,0,0,0,0,0,0,0,0,0,0,0,0,0,0.6741388131476538,0,0,0,0.6155697382075511,0.6307108640031099,0,0,0,0,0,0,0,0,0,0,0.6664419985154988,0,0,0,0.2395396384115027,0,0,0,0.6784803137382258,0,0,0.557496514334306,0,0,0,0,0.4587998322968079,0,0.7642351542337665,0,0,0.6351781934665619,0,0,0,0,0,0.8896247659461621,1,0,0,0,0.9122338096077516,0,0,0,0.4148701487950322,0.610446789573015,0,0,0.9029015137926756,0,0.2280701270562743,0,0.7393123595502312,0,0,0,0,0.3466125815782558,0,0,0,0,0,0.332973790750335,0,0.1880482353327916,0.2981529851116718,0,0,0,0,0.3609973552403533,0,0,0,0.3238192070751273,0.541937969086692,0,0,0,0,0,0,0,0,0,0,0,0.4122967608147563,0.5761827638271481,0.4952491694816373,0,0.5186930520473373,0,0,0,0.4907428999900204,0,0.4587333511155785,0.5297869888532974,0,0,0,0,0,0,0,0,0,0.4502447191401748,0,0.5595857075167786,0.4018445071358061,0,0,0,0,0,0.2241447405627058,0,0,0,0,0,0,0,0,0,0,0,0,0,0,0.4382109266969229,0,0,0,0,0,0,0.3173971911553848,0,0,0
L3_ID0138,0.5311242781740193,0.3003251533406125,0.5169847225446823,0,0,0,0.99338646138292,0,0,0,0,0,0,0,0,0,0,0,0,0,0,0,0,0,0,0,0,0,0,0,0,0,0,0,0.2783053758801488,0,0,0,0,0,0,0,0,0,0,0.5373014097218128,0,0,0,0,0,0,0,0,0,0,0,0,0,0,0,0,0,0,0,0,0,0,0,0,0,0,0,0,0,0,0,0,0.2623974025692814,0,0,0,0,0,0,0,0,0,0,0,0,0,0,0,0,0,0,0,0,0,0,0,0,0,0,0,0.3459339358557796,0,0,0,0,0,0,0.4250668344394548,0.0547107645250374,0,0,0,0,0.0645841027263479,0.6203138869541286,0,0,0,0.0741733711624079,0.5225655870370125,0,0,0.4799369702549486,0,0,0,0.5253638385216319,0,0.453534275732011,0,0,0,0.2875465127733609,0,0,0,0,0,0.3648311305135154,0,0,0,0,0,0.064423052317923,0,0,0,0,0,0,0,0,0,0.0712438466937386,0.6954884464402884,0,0,0,0,0,0,0,0,0.0800583422118446,0.3703201356617822,0,0,0,0,0,0,0,0.5242752601834888,0.563377801409254,0,0,0,0.1394622580062652,0.1407257249068942,0,0,0,0.1732128729526126,0,1,0.1562495029437093,0
L3_ID0157,0,0,0.1180563789062232,0.1458090397262489,0.1762881431514099,0.115628182873058,0.2625765180804334,0.3242329224387901,0.1521623505826516,0.3779284862760308,0.4727156688524656,0.2741187654534686,0,0,0.2673029410669392,0.536820460806883,0.429727640470038,0,0,0.5074632478398022,0.1708595468461186,0.5022298308552949,0.229574701968278,0,0,0,0.4872177944788836,0.2405931145728829,0.2908186289824624,0.3047134625379232,0,0.4620082028441283,0.9961352515260212,0.3656290986984601,0,0,0.175785402750063,0.0755171483749134,0,0.0969964051899782,0,0.4964793154105289,0.2347470928620047,0.5790036392557665,0.1680750383062421,0,0.38997005381147,0.4269285655318215,0,0.1217752029725175,0,0.1762204501989337,0.2292772974348294,0.4769286740419403,0.1067166548188085,0.2767725062790465,0,0.1920785356307732,0.5084382416395341,0.1977262529294476,0.0827892361087299,0.1573909410370772,0,0.2453115512146492,0,0.1853127647918172,0.332888835376521,0.0305704016653959,0.2908344106941323,0,0.2595786699663002,0.1627806125925732,0.0893637079487481,0.038035643924653,0.2640804336029622,0.1781842055622634,0,0.5053736554619697,0.0609827822220146,0,0.0280073970080548,0.5512016106721177,0,0.0489971755250131,0.4786415453299285,0.540723665266944,0.8152362790473993,0.7569734461850143,0.3507749836084615,0,0.5389855588657412,0.1040448492286623,0,0,0.3275155531893598,0.3463023527684794,0.1350821634278711,0.0400511846570511,0,0.3825817126768379,0,0.4812725858386656,0,0.1560055359258339,0.409835287716316,0,0,0,0,0.0275044894976528,0.0774211363648398,0,0.0858089077779445,0,0.0277497050043911,0.3871803541475128,0.1274525391932038,0,0,0,0.0422994795941513,0,0,0.0383314077851062,0.0337099271046383,0.1784787107053392,0.2037898851728561,0.3401499505671303,0,0.2464357160448183,0.2760937364226714,0.3771280114704744,0.682141361253363,0.3361930639811251,0.3977705597811324,0.2879802885900395,0.2365356521280179,0.274257996957029,0.4433660949977442,0,0.3171152142211104,0.1475425452984171,1,0.2191376952607033,0,0.2783190229089167,0.2300978943568054,0.1445319711175578,0.2365644897771749,0,0,0,0.1876844140319035,0.4348730861310786,0.2687157428129625,0.1751777981699638,0.1111243184804972,0,0,0.1682612937548607,0.340931258145312,0,0.1083509647808273,0.1100749388241652,0.1198263178358603,0.039872203726793,0,0,0.1043253695876346,0,0.3338962606805424,0,0,0,0.1236837657490501,0.0849684752062625,0,0,0.1450168898170024,0.3238777384373136,0.2358840879286138,0.2516694455384676,0.2395525112149548,0,0.5813806532361233,0.778092206343189,0.1254878376216387,0.0681439509124529,0.1915942159071841,0.268458356811306,0.2887528567458961,0.2422283707431372,0.2184127087745535,0.1777095562604565
L3_ID0158,0,0,0.091516619656733,0.45948894596162,0.3201787124439668,0.2404853063238538,0.2004450752397966,0.4188744752978802,0.1614109433837113,0.4433181935726175,0.4436404881802528,0.3887971069451155,0.0706954314277186,0.4699066303614181,0.4713107939618136,0.4447806480715432,0.6662090602375512,0.5482595418923607,0.6038648574396778,0.4683363334985609,0.440192585733839,0.5248732109932209,0.4039813327949245,0,0.4614350104380204,0.6018022391772204,0.4988201205055784,0.4635982722364792,0.553142083911107,0.5205396846453986,0.5088498525052594,0.554242692265288,0.4960429415408113,0.6509789733720677,0.1183406499942185,0.5989827635969893,0.6835604764290766,0.223463579644919,0.5758309408201443,0.3305225598382263,0.4275932363062046,0.5836754134200046,0.7382588869950961,0.7536116827845716,0.567072292142667,0,0.5173241894960081,0.9321124195860108,0.3305135402950612,0.5126320662798608,0.432496114313578,0.5228410126806934,0.4615560739956598,0.7364721978464244,0.330730485518087,0.6770728478809788,0,0.6417689553822807,0.7497430270528032,0.7728733934008765,0.361648695180225,0.6519065857679004,0.5008132154570544,0.6062489299796617,0.4432053932610455,0.5535443219230697,0.9273390084373624,0,0.828435347914592,0.5750220950796543,0.8322180098652514,0.8192353018420933,0.3396190492303472,0.1561666112422275,0.7969812317312235,0.6532149237249167,0.6063665201728525,0.616313955843902,0.041080010042505,0.7640173364583156,0.9729857399341898,0.8819789415515675,0.7279380433574482,0.7617644954702846,0.7274211423021728,0.9653209769700252,0.6704001786429766,0.8103650853372032,0.8201127185194415,0,0.7234157088397349,0.3560721245248213,0.7229542662103039,0.7363133754559071,0.8149149406659717,1,0.5347642885249898,0.946209909531181,0.9702254796156085,0.705252925917394,0,0.6254715932569223,0.6486355728093378,0.7879793635093261,0.5983148692267081,0.709864209377098,0,0,0,0,0.183635938072825,0.0434294469765146,0.1516369798580716,0.0665443197382114,0,0.4059670608524487,0.0546396992223249,0,0.0791054131376537,0,0.1140438110583857,0.063052762142658,0.0163917574596663,0.0183862757174626,0,0.1244544104109505,0.1060185464776499,0.4572526874877312,0,0.4887714530674514,0.3403353186038778,0.4908450516433271,0.5080861044805953,0.5569642973988758,0.5454118872424892,0.1555389266676407,0.1264714880475927,0.4620813923575226,0.4135143456674372,0,0.3785389101971705,0.3292852857973903,0.6545485836292042,0.3508991924315612,0.3604522331716613,0.2779115925667311,0.2001510157238088,0.2677491724429091,0.4298746485179266,0.1663387371788034,0,0,0.5559155094013891,0.1728061470483573,0.4450790492930919,0.1548685393180373,0.4896980570671538,0.5213940762777723,0.2449009329232821,0.4205089173590239,0.4416927150326317,0,0.0928855944338326,0.3092977820663247,0.1164920568076598,0,0,0,0,0,0.4317699850667738,0.1630208057891797,0,0,0.2805932820201625,0.163529415587384,0,0.5253651402387702,0.3427538726893163,0.4111759870853587,0.3550387705903285,0.3941284097794705,0.4125148290253156,0,0.4461202463085979,0.55461736744969,0.0883807807988827,0.1695785738903384,0.4295996925064066,0.5323179195129581,0.1742194693505839,0.5607834296762466,0.4300998009650127,0.1806509734832153
L3_ID0167,1,0,0,0,0,0,0,0,0,0,0,0,0,0,0,0,0,0,0,0,0,0,0,0,0,0,0,0,0,0,0,0,0,0,0,0,0,0,0,0,0,0,0,0,0,0,0,0,0,0,0,0,0,0,0,0,0,0,0,0,0,0,0,0,0,0,0,0,0,0,0,0,0,0,0,0,0,0,0,0,0,0,0,0,0,0,0,0,0,0,0,0,0,0,0,0,0,0,0,0,0,0,0,0,0,0,0,0,0,0,0,0.0048233847400621,0,0,0,0,0,0.0768615281184397,0,0,0,0,0,0,0,0,0,0,0,0,0,0,0,0,0,0,0,0,0,0.12754806020984,0,0,0,0,0,0,0,0,0,0,0.6484554099499502,0,0,0,0,0,0,0,0,0,0,0.4843019300702754,0,0,0,0,0,0,0,0,0,0,0.3469880878040991,0,0,0,0,0,0,0,0,0,0,0.8912023036834025,0,0,0,0,0,0,0,0,0,0
L3_ID0217,0.9227790357390314,0.2360956776751105,0,0,0,0,0,0,0,0,0,0,0,0,0,0,0,0,0,0,0,0,0,0,0,0,0,0,0,0,0,0,0,0,0,0,0,0,0,0,0,0,0,0,0,0,0,0,0,0,0,0,0,0,0,0,0.0228938447369687,0,0,0,0,0,0,0,0,0,0,0,0,0,0,0,0,0,0,0,0,0,0.0507448995443051,0,0,0,0,0,0,0,0,0,0,0,0,0,0,0,0,0,0,0,0,0,0,0,0,0,0,0,0.1812218718100966,0,0,0,0,0,0,0,0,0,0,0,0,0,0,0,0,0,0,0,0,0,0,0,0,0,0,0,0,0,0,0,0,0,0,0,0,0,0,0,0,0,0,0,0.8109607377288325,0,0,0,0,0,0,0,0,0,0,0,0,0,0,0,0,0,0,0,0,0,1,0,0,0,0,0,0,0,0,0,0,0.4015554907513751,0,0,0,0,0,0,0,0,0,0
L3_ID0218,0,0.5487587930499439,0.0006881599899696,0.0013482182623265,0.0006558687839485,0,0.0010879279331174,0,0,0,0,0,0.0044670932452388,0,0,0,0,0,0,0,0,0,0,0.004669191750073,0,0,0,0,0,0,0,0,0,0,0.0029415908795264,0,0,0,0,0,0,0,0,0,0,0.0034858840989977,0,0,0,0,0,0,0,0,0,0,0.0071813982578797,0,0,0,0,0,0,0,0,0,0,0.0044089944001624,0,0,0,0,0,0,0,0,0,0,0.0039862983359167,0,0,0,0,0,0,0,0,0,0,0.0042942653655631,0,0,0,0,0,0,0,0,0,0,0.0061592816983113,0,0,0,0,0,0.2215253815139562,0.0035556378179916,0.0009208179324989,0.0008115535185058,0.0002524433459001,0,0,0,0.0007576204822133,0,0.0008624632784173,0.0282086893449615,0,0,0,0,0,0,0,0,0,0,0.0014612306579315,0,0,0,0,0,0,0,0,0,0,0,0.0003334654429271,0.0002399235297625,0,0,0,0,0,0,0,0,0.838626238719835,0,0,0,0,0,0,0,0.00081135921264,0.0013987505401981,0,0.866670390414148,0,0.0005244646889165,0,0.0003732451634404,0,0,0,0,0.0006938831150996,0,1,0,0,0,0,0.0008534675312839,0.0012975513847473,0.0010303946154952,0,0,0,0.5097196932265231,0.0001634677075782,0,0.0002372610553526,0,0,0,0,0.0013484347988238,0.0009127676874468,0
L3_ID0225,0,0.2541161364310659,0,0,0,0,0,0,0,0,0,0,0,0,0,0,0,0,0,0,0,0,0,0,0,0,0,0,0,0,0,0,0,0,0,0,0,0,0,0,0,0,0,0,0,0,0,0,0,0,0,0,0,0,0,0,0,0,0,0,0,0,0,0,0,0,0,0,0,0,0,0,0,0,0,0,0,0,0,0,0,0,0,0,0,0,0,0,0,0,0,0,0,0,0,0,0,0,0,0,0,0,0,0,0,0,0,0,0,0,0,0,0,0,0,0,0,0,0,0,0,0,0,0,0,0,0,0,0,0,0,0,0,0,0,0,0,0,0,0,0,0,0,0,0,0,0,0,0,0,0,0,0,0,0,0,0,0,0,0,0,1,0,0,0,0,0,0,0,0,0,0,0,0,0,0,0,0,0,0,0,0,0,0,0,0,0,0,0,0,0,0,0,0
L3_ID0255,0,0,0,0,0,0,0,0,0,0,0,0,0,0,0,0,0,0,0,0,0,0,0,0,0,0,0,0,0,0,0,0,0,0,0,0,0,0,0,0,0,0,0,0,0,0,0,0,0,0,0,0,0,0,0,0,0,0,0,0,0,0,0,0,0,0,0,0,0,0,0,0,0,0,0,0,0,0,0,0,0,0,0,0,0,0,0,0,0,0,0,0,0,0,0,0,0,0,0,0,0,0,0,0,0,0,0.0459972144745947,0,0,0,0,0,0,0,0,0,0,0.0056567131462064,0,0,0,0,0,0,0,0,0,0,0,0,0,0,0,0,0,0,0,0,0,0,0,0,0,0,0,0,0,0,0,0,0.186878853612262,0,0,0,0,0,0,0,0,0,0,0,0,0,0,0,0,0,0,0,0,0,1,0,0,0,0,0,0,0,0,0,0,0,0,0,0,0,0,0,0,0,0,0
L3_ID0279,0,0,0,0,0,0,0,0,0,0,0,0,0,0,0,0,0,0,0,0,0,0,0,0,0,0,0,0,0,0,0,0,0,0,0,0,0,0,0,0,0,0,0,0,0,0,0,0,0,0,0,0,0,0,0,0,0,0,0,0,0,0,0,0,0,0,0,0,0,0,0,0,0,0,0,0,1,0,0,0.2442400689110496,0.3007761234687015,0,0.4188924516940074,0.2899752450370728,0.4752657656639054,0.5806413907670249,0.7268184732366669,0.7188897088198272,0.1638098375799725,0,0,0,0,0,0,0,0,0,0.1913466978307424,0.8155730659805712,0,0.7303109267732159,0.8087317410425267,0.3127713822745839,0.2900275376192522,0.5172624147510517,0,0,0,0,0,0,0,0,0,0,0,0,0,0,0,0,0,0,0,0,0,0,0,0,0,0,0,0,0,0,0,0,0,0,0,0,0,0,0,0,0,0,0,0,0,0,0,0,0,0,0,0,0,0,0,0,0,0,0,0,0,0,0,0,0,0,0,0,0,0,0,0,0,0,0,0,0,0,0,0,0,0,0,0,0,0,0,0
L3_ID0322,0,0,0,0,0,0,0,0.1135044766611664,0,0.3215280188170337,0.4465467978517484,0,0,0.5186139493558418,0.1918788450371263,0.1631923014374563,0.2364934285158977,0.2135913056498699,0.1349814641111886,0.2771842660404899,0.274989835866599,0,0.4174555479310782,0,0.1746892626293076,0.1956503396506314,0.2496557271768102,0.2578822358713588,0.5763211885987181,0.723149904804214,0.108848249984134,0.2782927082011169,0.1596256202798756,0.2617778259265723,0,0.215559825593387,0.7547285531827125,0,0.2605000456146474,0,0.4490004938281399,0.1680678626959446,0,0.610716417703243,0.0857174589071523,0,0,0.2736130172304372,0.4966283834168941,0.6576374289998096,0,0.4184829064066764,0.482216633877007,0.1875443255378562,0.6811854453576188,0.5395784909088024,0,0.9128552488576506,0.6255132143650441,0.2681531422542362,0.3052254801437456,0.2147372249238433,0,0.5517001372405915,0,0.5521003561908993,0.7253313507488736,0,0.2110732779478961,0.1548692520784413,0.3798805937440502,0.2690655095751095,0.7391877669448499,0.4032782057180935,0.581316091657676,0.7660178809418037,0.1303647907279304,0.3511269792790505,0,0.78850136566288,0.7346948975058704,0.2991088534064225,0.5974013037856191,0.2742367975344291,0.7172377752744812,0.9892107476042394,0.6823997370216411,0.5761163193342641,0,0,0.4557581055245288,0,0.7551482079393286,0,0.8175540656533604,0.3949612920051406,0.5500372850161833,0,0.8163419432633116,0.5872327826521546,0,0.4580690823919527,0.7034010431871549,1,0.216989398560957,0.7377059104683633,0,0,0,0,0,0,0,0,0,0,0,0,0,0,0,0,0,0,0,0,0,0,0,0,0,0,0,0,0,0,0,0,0,0,0,0,0,0,0,0,0,0.0676371513454337,0,0,0,0,0,0,0,0,0,0,0,0,0,0,0,0,0,0,0,0,0,0,0,0,0,0,0,0,0,0,0,0,0,0,0.1356101776988005,0,0,0,0,0,0,0,0,0,0,0
L3_ID0326,0,0,0,0,0,0,0,0.1514252445885182,0.622288884008335,0.3951083169573357,0.3677744554805943,0.5788522791814714,0,0.3810640385355459,0.5980716113048088,0.6318273859362533,0.3850575885975341,0.1874064012603019,0,0.708839587331461,0.8358521989320892,0.4495524187361844,0.5220274652803547,0,0.649949412713143,0.5086499121170249,0.2780089675619926,0.6296105792638048,0.4221907270377142,0.2074010629318296,0.8146150333402706,0.4042742273215104,0.4742322156854443,0.6098931717582904,0,0.479701196941697,0.2069775611976979,0.611107250046042,0.3863240860458206,0.410084904978036,0.1914216286513115,0.761653959571474,0.6154517497995887,0.5498299627806948,0.7757370660580665,0,0.1953909318952442,0.6240309839941617,0.8592718401145633,0.8681743114654867,0.6878980819643238,0.5366295994990025,0,0.2628924263160262,0.7736819840514019,0.5963114234288401,0,0.6675964027530724,0.4014796911068313,0.5754865201312318,0.4908767013977066,0.6217375584931712,0.2381218890987485,0.8158905658694191,0.3283640875810262,0.6709887544305722,0.5520076820630749,0,0.5943264299690234,0.5354193520583778,0.5569607474904622,0.7149524496477562,1,0.5045383807522941,0.412743696203563,0.7178368067045106,0.0636076371385088,0,0,0.2829821602134124,0.3368718658773497,0.3814034834267109,0.3532239977149201,0.3798988429661039,0.2154705579538689,0.285530791197614,0.2338422442366845,0.3705665517745722,0.2489038321013182,0,0.1834081950367407,0.44623772318829,0.5544410017574709,0.548126985641773,0.4527793799259423,0.4311870682882637,0.576703345003599,0.3449943339786918,0.2681255630305146,0.142482507096318,0,0.3213363493018916,0.3358814083870317,0,0.1272751430697491,0.2459875073117937,0,0,0,0,0,0,0,0,0,0,0,0,0,0,0,0,0,0,0,0,0,0,0,0,0,0,0,0,0,0,0,0,0,0,0,0,0,0,0,0,0,0,0,0,0,0,0,0,0,0,0,0,0,0,0,0,0,0,0,0,0,0,0,0,0,0,0,0,0,0,0,0,0,0,0,0,0,0,0,0,0,0,0,0,0,0,0,0
L3_ID0327,0,0,0,0,0,0,0,0,0,0,0,0,0,0,0,0,0,0,0,0,0,0,0,0,0,0,0,0,0,0,0,0,0,0,0,0,0,0,0,0,0,0,0,0,0,0,0,0,0,0,0,0,0,0,0,0,0,0,0,0,0,0,0,0,0,0,0,0,0,0,0,0,0,0,0,0,0,0,0,0,0,0,0,0,0,0.032813512825828,0,0,0,0,0,0,0,0,0,0,0,0,0,0,0,0,0,0,0,0,0,0,0,0,0,0,1,0,0,0,0,0,0,0.7321853398076636,0,0,0,0,0,0,0,0,0,0,0,0,0,0,0,0,0,0,0,0,0,0,0,0,0,0,0,0,0,0,0,0,0,0,0,0,0,0,0,0,0,0,0,0,0,0,0,0,0,0,0,0,0,0,0,0,0,0,0,0,0,0,0,0,0,0,0,0,0,0,0,0,0,0
L3_ID0337,0,0,0,0,0,0,0,0,0,0,0,0,0,0,0,0,0,0,0,0,0,0,0,0,0,0,0,0,0,0,0,0,0,0,0,0,0,0,0,0,0,0,0,0,0,0,0,0,0,0,0,0,0,0,0,0,0,0,0,0,0,0,0,0,0,0,0,0,0,0,0,0,0,0,0,0,0,0,0,0,0,0,0,0,0,0,0,0,0,0,0,0,0,0,0,0,0,0,0,0,0,0,0,0,0,0,0,0,0,0,0,0,0,0,0,0,0,0,0,0,0,0,0,0,0,0,0,0,0,0,0,0,0,0,0,0,0,0,0,0,0,0,0,0,0,0,0,0,0,0,0,0,0,0,0,0,0,0,0,0,0,0,0,0,0,0,0,0,0,0,0,0,0,0,0,1,0,0,0,0,0,0,0,0,0,0,0,0,0,0,0,0,0,0
L3_ID0373,0,0,0,0,0,0,0,0,0,0,0,0,0,0,0,0,0,0,0,0,0,0,0,0,0,0,0,0,0,0,0,0,0,0,0,0,0,0,0,0,0,0,0,0,0,0,0,0,0,0,0,0,0,0,0,0,0,0,0,0,0,0,0,0,0,0,0,0,0,0,0,0,0,0,0,0,0,0,0,0,0,0,0,0,0,0,0,0,0,0,0,0,0,0,0,0,0,0,0,0,0,0,0,0,0,0,0,0,0,0,0.089784697912133,0.124594140853906,0.2484531311338295,0.214791113897083,0.253255387528647,0,0,0,0,1,0.2330896436141634,0.1437886149336414,0.1482210765640095,0,0.0992145016623113,0,0.4140816637197015,0.1076770427231776,0,0,0,0.1908499458662556,0,0,0,0,0,0.1546589501386582,0.3921863730342809,0,0,0,0,0,0,0,0.5975337604160341,0,0,0,0,0,0,0,0,0,0,0.0926788882760235,0,0,0.1180006168568346,0,0,0.0960734507101743,0.1074293792126664,0,0,0,0,0,0,0,0,0,0,0,0,0,0,0,0,0,0,0,0,0,0,0,0,0,0,0,0,0
L3_ID0398,0,0,0,0,0,0,0,0,0,0,0,0,0,0,0,0,0,0,0,0,0,0,0,0,0,0,0,0,0,0,0,0,0,0,0,0,0,0,0,0,0,0,0,0,0,0,0,0,0,0,0,0,0,0,0,0,0,0,0,0,0,0,0,0,0,0,0,0,0,0,0,0,0,0,0,0,0,0,0,0,0,0,0,0,0,0,0,0,0,0,0,0,0,0,0,0,0,0,0,0,0,0,0,0,0,0,0,0,0,0,0,0,0,0,0.1635213934736073,0,0,0,0,0.0349699883406371,0,0,0,0.0321476456957678,0,0.0278540540270324,0,0,0,0.2441396332608159,0,0,0,0,0,0,0.8074386883652919,0,0,0,0,0,0,0,0,0,0,0.3203304103027839,0,0,0,0.330407085344366,0,0,0,0,0,0,0,0.8322840757694786,0,0,0,0,1,0,0,0,0,0,0,0,0,0,0.4746942794243623,0,0,0,0,0,0,0,0,0,0,0,0,0,0,0,0.161994984304213,0,0,0.0346909186624896
L3_ID0404,0.0322684076032985,0,0,0.0577706136010989,0.0193654710589451,0.0418178614881515,0.114655446668007,0.1810256327742311,0.1165699513631372,0.1270479709636121,0,0,0,0.3475068885960369,0.2846265746289486,0.2013715292727959,0.0820280071937513,0.0322567539213213,0,0.1193835071318967,0.308690672632397,0.6347260969611405,0.1806491567456143,0,0,0.9672149197206212,0.3838957595322754,0.2031325052397371,0.0528108669739643,0.0328607788602678,1,0,0.6914310000875453,0.0146394512482005,0.0396869664370378,0,0.2087743195502929,0.1670260304875985,0.1024518765035095,0,0.1186190412592484,0.0542612160898554,0,0.5480906893895301,0,0.0341682962426604,0,0.0917930709791697,0.0266392987712688,0.1419128885090287,0,0,0.1663862360739899,0,0,0.1605417607092134,0.0328544736756359,0,0,0.1980550133457317,0.1354048749830146,0.1956141963710423,0,0.1869439576839422,0,0,0.1526211956071247,0,0,0.2131305251767868,0.0447579769145427,0.1082795343128259,0,0,0.2207072199432799,0.0851733656111045,0.3093536177594101,0.3228153380044438,0.0043263224361094,0,0,0.0529735317860078,0.1118184045060933,0,0.1072750686084651,0.620175051171021,0.0305846100054765,0.7988900547668225,0,0,0,0.0359990376509149,0,0,0,0,0,0,0.0304567523861459,0.0115238060833585,0.0218068293172309,0,0,0,0,0,0.0466996353040927,0,0,0,0.0108666787060073,0.0297491506630973,0,0.0163141701074586,0.0389039850288621,0.0231422290988332,0,0,0.0265110411335699,0.036215198625736,0.0374649623071922,0.050768149398435,0,0,0,0.0375078761658605,0.0297900868085735,0,0,0.0505913356849415,0,0.0292558720682402,0,0.0296661342636645,0.0498930266962971,0.0340888800085432,0.0330093171495114,0.0698173429972102,0,0,0,0.0112689342400684,0.0987642666131488,0.1820089618436856,0.0521663562598723,0,0.0427034657904738,0.0973657240719618,0.097594803122484,0.0240567745902424,0.0087432105693558,0.1644059605265678,0.0589122884031508,0.0787621509355797,0.0182845431022645,0,0,0.0239232691591231,0.0538664175415674,0,0.0320994236199668,0,0,0.0218145527488053,0.0737376516847274,0.1099623304660613,0.0851979933154077,0.0748735192271094,0.0171276759942073,0.0978635035727962,0,0.1968422919246552,0.0270280355027435,0.107838842748091,0.0651370945190031,0.2197693307226101,0.1300685740019883,0.0246203920793185,0.0543531755572865,0.0405998978683172,0.1680456801059709,0.1795496824827626,0.0634159077917267,0.0240526149586773,0.1152738582815595,0,0.0192124514450431,0.0766557884795068,0,0,0.0212325428067768,0,0.0149073614524352,0.0211372307378455
L3_ID0421,0,0,0,0,0,0,0,0,0,0,0,0,0,0,0,0,0,0,0,0,0,0,0,0,0,0,0,0,0,0,0,0,0,0,0,0,0,0,0,0,0,0,0,0,0,0,0,0,0,0,0,0,0,0,0,0,0,0,0,0,0,0,0,0,0,0,0,0,0,0,0,0,0,0,0,0,0.2030051866996215,0,0,0,0,0,0,0.1617555510416181,0,0,0,0,0,0,0,0,0,0,0,0,0,0,0,0,0,0,0,0,0,0,0,0,0,0,0,0,0,0,0.1014918283185729,0,0,0,0,0,0,0,0,0,0,0,0,0,0,0,0,0,0,0,0,0,0,0,0,0,0,0,0,0,0,0,0,0.2826756686327801,0,0,0,1,0,0,0,0,0,0,0,0.9273316670411534,0,0,0,0,0.7688475245265641,0,0,0,0,0,0,0,0,0,0.1208585880017224,0,0,0,0,0,0,0,0,0,0,0,0,0,0,0.2834817426921169,0,0,0,0
L3_ID0453,0,0,0,0,0,0,0.0807018683057535,0.0993519712687557,0,0.2096642046761863,0.0576936574138034,0.4680446775827544,0,0.2953342332412401,0.1404207471582018,0.1012924333320777,0.2763325763483737,0.5139039533592157,0.498623135365104,0.1570786386815793,0.6625950427408208,0.0611758400894273,0.4113305411900637,0,0,0.3062886594401802,0.1942299194837971,0.2346392537231208,0.2631373658141164,0.0499869353900231,0.3963568595427392,0.1728577271006358,0.4692517917760941,0.1663925350389893,0,0.3000845100959751,0.4354544472562782,0.1914575389309696,0.3866956731335957,0.2589673814514154,0.5671461949687756,0.3626070401204225,0.5586635083045967,0.4815871376063625,0.381333845053789,0,0.2332578480401485,0.5634537695819068,0.4940705393266777,0.1676215437192568,0.0793909801033022,0.1995453886377746,0.2175406137952714,0.3574086087859882,0.3895743501409879,0.5870342897415599,0,0.2266518031490209,0.7647058674449593,0.4651670380523872,0.695658877065093,0.4263702210653023,0.2986777737309025,0.7593942354721078,0.3991616580941515,0.5069152651255728,0.6366395410811814,0,0.3901544842610573,0.4522920613201598,0.3910895392041733,0.3319088300448521,0.6659264034278698,0.7787630147480882,0.2787666776795035,0.6694713648871119,0.9269997374976452,0.077722137731338,0.0318498218901468,0.3069728922458277,0.317450992978469,0.2501428506123624,1,0.6264123297985285,0.474837377836472,0.1915684289201425,0.2061394012638774,0.1097176138788735,0.7994740884718027,0,0.7293037522643291,0.5344375904183314,0.1122567543954382,0.450517304623969,0.1293099471830512,0.3394386559316798,0.4713304040306665,0.2434159980964444,0.9864658608024096,0.8030529350561849,0,0.6092521990219093,0.315088382295578,0.2804517518092853,0.8191488675748767,0.8956623031988684,0,0,0,0,0,0,0,0.0376390732325561,0,0,0,0,0,0,0,0,0,0,0,0,0,0,0,0,0,0,0,0.0300006778644482,0.0152386189744198,0.0149559421498816,0.0203461164163825,0,0,0,0,0,0,0,0,0,0,0,0,0,0,0,0,0,0,0,0,0,0,0,0,0,0,0,0,0,0,0,0,0,0,0,0,0,0,0,0,0,0,0,0.0719736776620481,0,0,0,0,0,0,0,0,0,0,0,0,0
L3_ID0460,0,0.531113950995656,0,0,0,0.375523964981459,0,0,0,0,0,0,0,0,0,0,0,0,0,0,0,0,0,0,0,0,0,0,0,0,0,0,0,0,0,0,0,0,0,0,0,0,0,0,0,0,0,0,0,0,0,0,0,0,0,0,0,0,0,0,0,0,0,0,0,0,0,0,0,0,0,0,0,0,0,0,0,0,0,0,0,0,0,0,0,0,0,0,0,0,0,0,0,0,0,0,0,0,0,0,0.2671671858461494,0,0,0,0,0,0,0,0,0,0,0,0.749870425031865,1,0,0,0,0,0,0.1810274769301267,0,0,0,0,0,0,0.3284500932177441,0,0,0,0,0.771739546565101,0,0,0.2168421070267875,0,0,0,0,0,0,0,0,0,0,0,0.0997933230041957,0,0,0,0.4171242943745573,0,0,0,0,0,0,0,0,0,0,0,0.2590008004453341,0,0,0,0,0,0,0,0,0,0,0.3818535147341001,0,0,0,0,0,0,0,0,0,0,0,0,0,0,0.2426439869633382,0,0,0,0,0.209104950488414
L3_ID0492,0,0,0,1,0,0,0,0,0,0,0,0,0,0,0,0,0,0,0,0,0,0,0,0,0,0,0,0,0,0,0,0,0,0,0,0,0,0,0,0,0,0,0,0,0,0,0,0,0,0,0,0,0,0,0,0,0,0,0,0,0,0,0,0,0,0,0,0,0,0,0,0,0,0,0,0,0,0,0,0,0,0,0,0,0,0,0,0,0,0,0,0,0,0,0,0,0,0,0,0,0,0,0,0,0,0,0,0,0,0,0,0,0,0,0,0,0,0,0,0,0,0.190734393297811,0,0,0,0,0,0,0,0,0,0,0,0,0,0,0,0,0,0,0,0,0,0,0,0,0,0,0,0,0,0,0,0,0,0,0,0,0,0,0,0,0,0,0,0,0,0,0,0,0,0,0,0,0,0,0.4281998342364501,0,0,0,0,0,0,0,0,0.849275913948487,0,0,0,0,0,0,0,0
L3_ID0514,0,0,0.3186206082451443,0,0,0,0,0.2180186414439325,0.2353901218003012,0,0.1394650663605048,0.1648079045877362,0,0.1486590079817614,0.1096166735563043,0.1609676648747255,0.1972081290756696,0.3248021982968485,0.3916039645049342,0.2266176112607122,0.2569176292119958,0.4460731852645215,0.2111737814307487,0,0.1333474779240666,0.3056012977021372,0.2273448431419632,0.2587140124301917,0.353058145417977,0,0.2724909793926189,0.034667141860535,0.1945379749065134,0.2519943205963295,0,0.5196833237276548,0.3112866226596026,0.3269655328683365,0.1909096936073893,0.3338298501034462,0,0.2073907413753072,0.4799329283372114,0.1196565030931259,0.1864150349608475,0,0.211726257505525,0,0.4948986873834624,0.1682454276879823,0.0594317651696367,0.2662917508181399,0.054415253387721,0.5018604723058645,0.3752267218532306,0.2535734204609626,0,0.2207167819533404,0.5287713396241501,0.2414200424572794,0.6104382998244294,0.6204116101316651,0.6212283680599554,0,0.4600420341488624,0.1485706175257451,0.4007532939303028,0,0.6437098334310843,0.2270863586350074,0.3324394236618249,0.2447645133713873,0.1549305530561449,0.5205033297232754,0.8915168289551442,0.2692430231181465,0.18077922609224,0,0,0,0.269451959922163,0.5429123830915109,0.2576729508654212,0.3726743978640418,0.3890077947834415,0.285921714677641,0.4984153727537507,0.3197572793312808,0.2233665578736074,0,0.0924231812412866,0,0.3361624209016601,0.6018977089416166,0.3698135649124102,0.3405183788138893,0.420417760137877,0.4629812987396331,0.3844683768491275,0.2882617823842539,0,0.9153869692867864,0.6934286310680207,0.8045931143501215,1,0.6226162094659079,0,0,0,0,0,0,0,0,0,0,0,0,0,0,0,0,0,0,0,0,0,0,0,0,0.0256594118554648,0,0,0,0,0,0,0,0,0,0,0,0,0,0,0,0,0,0,0,0,0,0.0832732045404708,0,0,0,0,0,0,0,0,0,0,0,0,0,0,0,0,0,0,0,0,0,0,0,0,0,0,0,0.2551130743128186,0,0,0,0,0,0,0,0,0,0,0,0,0
L3_ID0533,0,0,0,0,0,0,0,0.3868671363974052,0.1910443473015207,0,0.1771939068495293,0.3571997607265779,0,0.4664734641095401,0.0892390423656994,0.2186649399701456,0.2868530420732044,0.2690928544725891,0.6637444638294744,0.0404034446321811,0,0.1976478968916455,0.0581551936809022,0,0.2962136326610681,0,0.2487787081634571,0.2045419119698297,0.0936671919890787,0.5802491019844536,0.2798483027695956,0.4701490520298653,0.3168015991273381,0.1656642914214156,0,0.1617777521364795,0.3917774443626229,0.3599676488522726,0.3015475641231032,0.3364511068415459,0.3139575644164664,0.3730855257025739,0.2500586359715147,0.3649451644170224,0.4408975195136596,0,0.2172623265949653,0.1246601321292647,0.1199174019108843,0.1224550406855941,0.2081446912444814,0.1470175558483735,0.4201487596347459,0.5012501328143333,0.7641632682587686,0.2116389502028108,0,0.4702032480678814,0.1118306351898812,0.4450353712701463,1,0.4989542216223546,0.1713279795366383,0,0.1603791028819838,0.5461906590236635,0.4719788881814461,0,0.271651472494171,0.4051093245954664,0.6721696945111086,0.4823134395393417,0.0892624425267121,0.5356147498783028,0.0849021464375945,0.3249861426008398,0.745769107333303,0.4540136805820853,0,0.7722378468193712,0.3189572524244699,0.3694685071802024,0.4807934852257101,0.2275755831225384,0.4288666104874459,0.3784713654513841,0.460431335584507,0.922875616153056,0.6439452440016401,0,0.752880729964667,0.6533743389179945,0.1875720142457492,0.4074979981994411,0.3466587496644145,0.1988947065185264,0.3637895640872642,0.8561802914566473,0.1790741573389922,0.3359871938049588,0,0.3630068869002034,0.6738052394283838,0.7087035336668177,0.7513657455933862,0.5728029154561084,0,0,0,0,0,0,0,0,0,0,0,0,0,0.0775099685409947,0,0,0,0,0,0,0,0,0,0,0,0,0,0,0,0,0,0,0,0,0,0,0,0,0,0,0,0,0,0,0,0,0,0,0,0,0,0,0,0,0,0,0,0,0,0,0,0,0,0,0,0,0,0,0,0,0,0,0,0,0,0,0,0,0,0,0,0,0,0,0,0,0,0
L3_ID0563,0,0,0,0,0,0,0,0,0,0,0,0,0,0,0,0,0,0,0,0,0,0,0,0,0,0,0,0,0,0,0,0.2500882840273818,0,0,0,0,0,0.3255865430060817,0.2875257021377561,0.2000380616099753,0,0,0,0,0,0,0,0,0,0,0,0,0,0,0,0,0,0,0,0,0,0,0,0,0,0,0.2979571927881042,0,0,0,0,0,0,0,0,0,0.5854303192099674,0,0,0,1,0,0.5980385863105965,0,0,0,0.8270209540852094,0,0,0,0,0,0,0,0,0,0,0,0,0.3117642929804732,0,0,0,0,0,0,0,0,0,0,0,0,0,0,0,0,0,0,0,0,0,0,0,0,0,0,0,0,0,0,0,0,0,0,0,0,0,0,0,0,0,0,0,0,0,0,0,0,0,0,0,0,0,0,0,0,0,0,0,0,0,0,0,0,0,0,0,0,0,0,0,0,0,0,0,0,0,0,0,0,0,0,0,0,0,0,0,0,0,0,0,0,0,0
L3_ID0566,0,0,0,0,0,0,0,0,0,0,0,0,0,0,0,0,0,0,0,0,0,0,0,0,0,0,0,0,0,0,0,0,0,0,0,0,0,0,0,0,0,0,0,0,0,0,0,0,0,0,0,0,0,0,0,0,0,0,0,0,0,0,0,0,0,0,0,0.3272483906575855,0,0,0,0,0,0,0,0,0,0,0,0,0,0,0,0,0,0,0,0,0,0,0,0,0,0,0,0,0,0,0,0,0,0,0,0,0,0,0,0,0,0,0,0,0,0,0,0,0,0,0,0,0,0,0,0,0,0,0,0,0,0,0,0,0,0,0,0,0,0,0,0,0,0,0,0,0,0,0,0,0,0,0,0,0,0,0,0,0,0,0,0,0,0,0,0,0,0,0,0,1,0,0,0,0,0,0,0,0,0,0,0,0,0,0,0,0,0,0,0,0,0,0,0,0,0
L3_ID0642,0,0,0,0,0,0,0,0,0,0,0,0,0,0,0,0,0,0,0,0.2363201733922117,0,0,0.1563250307917856,0,0,0,0,0.0882794136035197,0,0.1055533289255565,0,0,0.1206687788025736,0.6790432323303798,0,0.1152504748531908,0,0.3837421951760641,0,0,0,0.2630826023278663,0,0,0,0,0,0.1976862488418529,0,0.0756574119863521,0,0,0,0,0,0,0,0.1129530501594686,0,0,0,0,0,0,0,0,0,0,0,0,0.309869882132509,0.1911819770574477,0.110888397360346,0,0,0.125808113935872,0.6889994272838439,0.7633954033816052,0,0.6166155128684234,0.5963715446309519,0,0.5437716933749934,0,0.7080102130695743,0,0.5141447623006826,0.7176490186062727,0.5213405317194089,0,0.7071955114384758,0.1194840781812834,0,0,0,0,0,0,0.7629472548321543,0.856974938324293,0,0.597792131307525,1,0.729405989416913,0.7972735910040075,0.5043845217746388,0,0,0,0,0,0,0,0,0,0,0,0,0,0,0,0,0,0,0,0,0,0,0,0,0,0,0,0,0,0,0,0,0,0,0,0,0,0,0,0,0,0,0,0,0,0,0,0,0,0,0,0,0,0,0,0,0,0,0,0,0,0,0,0,0,0,0,0,0,0,0,0,0,0,0,0,0,0,0,0,0,0,0,0,0,0,0,0
L3_ID0650,0,0.0881592147184757,0.1503978700052632,0,0,0.0822914867929174,0.7152679267146951,0.0966954970791608,0,0.1242842364777011,0.0668570559072636,0.1427651749595419,0,0.2778329512281581,0.1615938396917635,0.1910769082095431,0.1984563525256162,0.2611008069257351,0.2350189284476718,0.0980870138223028,0.1662387209275852,0,0.1168661894021385,0,0.4620361148780438,0.3025247385598528,0.0708535385947223,0.2263980654107439,0.5437452689412791,0.1149523267561412,0.2624605475554366,0.3104394616146308,0,0,0,0.5962312662442968,0.2425379069106316,0.1915169941347161,0.4499397678901302,0.2783663552760501,0,0,0.2512215837791211,0.6132586156330454,0,0,0.0487843638910155,0.9895924691991876,0,0.0687644505729009,0.0539824388251302,0.1207152172447876,0.2482133926116993,0.3455117925941463,0.5242530275089624,0.4004899463584657,0,0.2601061288648638,0.2644064545522129,0.1717823761747949,0.3046464436324803,0.1999404731078126,0.1631724417743829,0.2221959525120578,0.9618716132089584,0.4958191717514758,0.2644255328895052,0,0.4135282875570376,0.4715856322464671,0.2707131653236666,0.1039487198909847,0.2056720967983272,0.3345833899420337,0.666491049203185,0.4987264825710515,0,0,0.2358974607054848,0.985227005856846,0.1416018780005522,0.6267363675532959,0.2543472409109301,0.4026547992182413,0.5823739123887348,0.7998938314068447,0.1335751322357032,0.1015021223051635,0.8178103341409415,0,0.1475879098187287,0.306196214232691,0,0.2926534873436059,0.1068105563223186,0.5342373682892074,0,0.498869561131208,0.8294016507505582,0.3420925549614506,0.3971984524663055,0.3085817068281565,0,0.4747552057292464,1,0.5107486019258126,0,0,0,0,0,0,0.0901509941579821,0,0,0,0,0,0,0.1463401557509052,0,0,0,0,0,0,0,0.2701826667109004,0.0673702121833115,0,0,0.7163740969134937,0,0,0,0.053503153405943,0,0,0,0,0,0,0,0.0352714842215579,0,0,0,0,0,0,0,0,0,0,0.0802347144069265,0,0.0302309728953449,0,0,0.0457273526406971,0,0,0,0.4057376671900125,0.0453574678180449,0.2151870440718977,0,0,0,0.1870137869262192,0.1775579975786482,0,0,0.2259140299955421,0.2033194804250239,0.5299172711220005,0.2333946709272163,0,0,0.1339377594502315,0.2605904717133102,0.3177866204247974,0,0,0,0.26707981017722,0,0.2684222265635889,0,0.6545847502791664,0,0,0,0
L3_ID0684,0.0130482710843669,0,0.0950920873839511,0.1718495468129455,0.1008238244255516,0.1171708586704114,0.1587328997205373,0.2288294119470078,0.0824103057467196,0.1505810694194796,0.1817697219161687,0.1491509837011549,0.0221879329686662,0.1737313967529199,0.1660515090450711,0.1652206120795605,0.2435060296469965,0.2090850864577105,0.2027614567211687,0.1977291903113143,0.1449386904744299,0.2242552049775683,0.1688017116984931,0,0.1318749457237253,0.2989347735201099,0.7725926780566883,0.221489274852456,0.2029617260648236,0.1729136849754831,0.2481824135753349,0.2923761251030543,0.5161339155822144,0.1845478160858191,0.0511960895349751,0.1552853008711188,0.2005181456580256,0.0552335062374966,0.2517299068275135,0.097492635093195,0.1561424133915122,0.192525713578656,0.1947991191884894,0.2843177205523338,0.0880073300813264,0.0142459489332395,0.22793851285806,0.2393632748568282,0.0915518969577882,0.1825049063451141,0.0843185806140723,0.1530145145325256,0.0955979764430866,0.1593861084046248,0.0998895728443054,0.2359150567223491,0.0114903854877591,0.1794589070893797,0.2313563293413722,0.2541130866364707,0.0834862733368184,0.187109196016994,0.0940523898308628,0.2034953687392793,0.1408098213751091,0.1345245450114351,0.5507551484195835,0.0146309344285343,0.3006794264386166,0.1396417439985068,0.266646595626571,0.1964070065546281,0.0701942966607317,0.0212699718839844,0.2466002383834626,0.1950689870359677,0.5618076067305146,0.6494447828553415,0.0207439091063878,0.7377401033323485,0.4729100146116757,0.470172270417001,0.3022874170189321,0.4548276894817532,0.6080143601850304,0.8988284757775041,0.9177970215177058,1,0.5071294295827573,0,0.6129837843895508,0.1105740260840566,0.2361345120586341,0.17758310956105,0.2630885423796834,0.5482332589092566,0.1403750849545736,0.5652809566710202,0.7349521496707627,0.6420351944640708,0.0495223498320191,0.8089595502693684,0.4308878244570641,0.6787294552773344,0.4641856755764821,0.4675520685572792,0.0018946736669251,0.0101434578242271,0,0.0243632817264931,0.0723706944806831,0.0370476526182516,0.0821936316771712,0,0.0454650022350776,0.5687589529415163,0.086231173996422,0.0093673157696825,0.0382625985373055,0.0210104402594957,0.0608250331481634,0.0312211091251951,0.0195015522092398,0.040216110418621,0.0486381748928828,0.2087152345295806,0.2109767214400501,0.3180780456332684,0,0.2837017484975619,0.0938217814413614,0.2742466877775416,0.1714405208746408,0.2998783270675334,0.2196362487403725,0.2303140565099716,0.1644039705146944,0.2314215277063973,0.2018609671739595,0,0.110072958480605,0.0851541932830366,0.5455444669989793,0.1343055219902676,0,0.1018888255262885,0.1443766266765764,0.0768931809953448,0.2253225472127194,0.0551935813695663,0,0,0.1873690740857892,0.2538012106190454,0.2124809005549951,0.1812686627728955,0.0072543694977241,0,0,0.1631310825256497,0.2414205178318192,0,0.1078799516383714,0.1272295235103654,0.1543351500765602,0,0,0,0.0092063018637279,0,0,0,0.0175837921959266,0,0,0,0,0,0.0976020598869499,0.1742709717044865,0.1399223765770119,0.1457589115407872,0.1387134509209246,0,0.18011466736328,0.2252919309099055,0.1448525354014305,0.0648696431004696,0.1770226954979891,0.1758868928560568,0.3548715104987329,0.2330411781046169,0.1757192188878343,0.1236635109276165
L3_ID0712,0,0,0,0,0,0,0,0,0,0,0,0,0,0,0,0,0,0,0,0,0,0,0,0,0,0,0,0,0,0,0,0,0,0,0,0,0,0,0,0,0,0,0,0,0,0,0,0,0,0,0,0,0,0,0,0,0,0,0,0,0,0,0,0,0,0,0,0,0,0,0,0,0,0,0,0,0,0,0,0,0,0,0,0,0,0,0,0,0,0,0,0,0,0,0,0,0,0,0,0,0,0,0,0,0,0,0,0,0,0,0,0,1,0,0,0,0.5583859875503228,0,0,0.3179932431118875,0,0,0.1430827551806974,0.0425783142455333,0,0,0,0,0,0.0783183284709683,0,0,0,0,0,0,0.2466065084507001,0,0,0,0,0,0,0.1206959516566312,0,0,0,0,0,0,0,0,0.1840335017571776,0,0,0,0,0,0,0.0362585222949541,0,0,0,0,0.1911862046505219,0,0,0,0,0,0,0,0,0,0,0,0,0,0,0,0,0,0,0,0,0,0,0,0,0,0,0,0,0
L3_ID0731,0,0,1,0.3001383910800584,0.3374642345580624,0.4235740372460544,0.3427989638730189,0,0,0,0,0,0.0138911817258736,0,0,0,0,0,0,0,0,0,0,0.0031933923438916,0,0,0,0,0,0,0,0,0,0,0.048184920711811,0,0,0,0,0,0,0,0,0,0,0,0,0,0,0,0,0,0,0,0,0,0.0078484091489088,0,0,0,0,0,0,0,0,0,0,0.0737368379615479,0,0,0,0,0,0,0,0,0,0,0.0362307632806748,0,0,0,0,0,0,0,0,0,0,0.046430762482334,0,0,0,0,0,0,0,0,0,0,0.0763935336783606,0,0,0,0,0,0,0.0166528651673804,0.0089487119193697,0.1006784888888528,0.0522201294208374,0.0631410808804566,0.0479386708641601,0.0956020373150112,0,0.0995634804334218,0.1019572501008679,0.0136924734097344,0.1205718660293632,0.0666515635003187,0.0953478103933205,0.1217335025410432,0.3473173137303175,0.1942628416211691,0.1240010831311245,0.0565145947955477,0.0845867339948324,0.1526321826292485,0,0.3768357671804964,0.2069132438452992,0.1233727247512847,0.0678242799461569,0.1166338706527135,0.2974456349068011,0.2939564183851599,0.1170329755955892,0.2787083360132361,0.3109164645929894,0,0.1420756986506532,0.1847514641277222,0.0299310346163266,0.3325598323200598,0.1434693606941047,0.3722696069569015,0.1990136111135883,0.4565777830745268,0.4077788803100471,0.1995584421036056,0,0.411667567023918,0.1670084893915035,0.4296261922977522,0.493515536094507,0.3128590788214805,0.5422937357655501,0.3158585600013116,0.7075477502373854,0.4710176171853922,0.2028830184323712,0.0127417793081599,0.4135278812130167,0.3386708551520208,0.4216357637844515,0.6847721798887665,0.4926770643291068,0.3367299074176916,0.2355701423339151,0.8614763435748858,0.8780918083344346,0.4278357892277637,0,0.2681760239413055,0.5828635114707496,0.492023562155593,0.4897543038112541,0.4070565859894323,0.4744355741914643,0.4321285937383599,0.2058845355782541,0.326207740691977,0.4346329614731772,0,0.218045892141435,0.157742365227239,0.8120334773454532,0.1580606768722769,0.4541094124581158,0.2214850040522832,0.3433235379508914,0.2517626356740189,0.4327691819896301,0.5262419232459631
L3_ID0747,0,0,0,0,0,0,0,0,0,0,0,0,0,0,0,0,0,0.8167803192114366,0,0,0,0,0,0,0,0,0,0,0,0,0,0,1,0,0,0,0,0,0,0,0,0,0,0,0,0,0,0,0,0,0,0,0,0,0,0,0,0,0,0,0,0,0,0,0,0,0,0,0,0,0,0,0,0,0,0,0,0,0,0,0,0,0,0,0,0,0,0,0,0,0,0,0,0,0,0,0,0,0,0,0,0,0,0,0,0,0,0,0,0,0,0,0,0,0,0,0,0,0,0,0,0,0,0,0,0,0,0,0,0,0,0,0,0,0,0,0,0,0,0,0,0,0,0,0,0,0,0,0,0,0,0,0,0,0,0,0,0,0,0,0,0,0,0,0,0,0,0,0,0,0,0,0,0,0,0,0,0,0,0,0,0,0,0,0,0,0,0,0,0,0,0,0,0
L3_ID0754,0,0,0,0,0,0,0,0.157340341657084,0,0.4250139743662761,0,0,0,0.3068855594943681,0.2515061571228821,0,0,0.302310023341913,0,0,0.378943697021761,0.8182939064625292,0.2137495682036065,0,0,0,0.1246696748296198,0.4196361668346763,0.0838374520600052,0.4608283903210394,0.6205401176211145,0,0,0.112576253049713,0,0,0,0.2334895037230031,0.6515394554465678,0,0.1573198392282432,0,0,0.5263681681557539,0,0,0,0,0,0.5188063593738592,0,0,0.1291351056899277,0,0.4414842464764448,0.2157008492280752,0,0.1148352099158742,0,0.4396992526037527,0,0.118587033572532,0.2415389840579953,1,0.1236535127445179,0,0.4964036918201294,0,0.1077829599127886,0.7285680657588546,0.0588418313639353,0.3041802054570142,0.7063142871035968,0.3252245452773185,0,0,0.1651189222659425,0,0,0,0,0,0,0.1184760453562054,0.2527709506569179,0.4696892315072553,0.1603282314318628,0.2502140579968543,0,0,0,0.4283818003563817,0.8525134453552835,0.1314684140659376,0,0,0,0,0,0.1009167652691606,0,0,0,0,0.0354341707196913,0,0,0,0,0,0,0,0,0,0,0,0,0,0,0,0,0,0,0,0,0,0,0,0,0,0,0,0,0,0,0,0,0,0,0,0,0,0,0,0,0,0,0,0,0,0,0,0,0,0,0,0,0,0,0,0,0,0,0,0,0,0,0,0,0,0,0,0,0,0,0,0,0,0,0,0,0,0,0,0,0,0,0,0,0,0,0,0,0
L3_ID0758,0,0,0,0,0,0,0,0,0,0,0,0,0,0,0,0,0,0,0,0,0,0,0,0,0,0,0,0,0,0,0,0,0,0,0,0,0,0,0,0,0,0,0,0,0,0,0,0,0,0,0,0,0,0,0,0,0,0,0,0,0,0,0,0,0,0,0,0,0,0,0,0,0,0,0,0,0,0,0,0,0,0,0,0,0,0,0,0,0,0,0,0,0,0,0,0,0,0,0,0,0,0,0,0,0,0,0,0,0,0,0,0,0,0,0,0,0,0,0,0,0,0,0,0,0,0,0,0,0,0,0,0,0,0,0,0,0,0,0,0,0,0,0,0,0,0,0,0,0,0,0,0,0,0,0,0,0,0,0,0,0,0,0,0,0,0,0,0,0,0,0,0,0,0,0,1,0,0,0,0,0,0,0,0,0,0,0,0,0,0,0,0,0,0
L3_ID0781,0,0,0,0,0,0,0,0,0,0,0,0,0,0,0,0,0,0,0,0,0,0,0,0,0,0,0,0,0,0,0,0,0,0,0,0,0,0,0,0,0,0,0,0,0,0,0,0,0,0,0,0,0,0,0,0,0,0,0,0,0,0,0,0,0,0,0,0,0,0,0,0,0,0,0,0,0,0,0,0,0,0,0,0,0,0,0,0,0,0,0,0,0,0,0,0,0,0,0,0,0,0,0,0,0,0,0,0,0,0,0,0,0,0,0,0,0,0,0,0,0,0,0,0,0,0,0,0,0,0,0,0,0,0,0,0,0,0,0,0,0,0,0,0,0,0,0,0,0,0,0,0,0,0,0,0,0,0,0,0,0,0,0,0,0,0,0,0,0,0,0,0,0,0,0,1,0,0,0,0,0,0,0,0,0,0,0,0,0,0,0,0,0,0
L3_ID0783,0,0,0,0,0,0,0,0.0254980467893776,0.9713657078169532,0.060450081055935,0,0,0,0.0873979769549954,0.0143717949400418,0,0,0.0256633543965656,0,0.0061046376390638,0.2020834142260595,1,0.0417676117745801,0,0,0.2875403642842852,0.1239215837203564,0.1030111508416961,0,0.2067987152887651,0.6127570780328908,0.1801721366850041,0.1009007189195153,0,0,0,0.0186777224677122,0.0757914980824296,0.2399104803610299,0.1178705349919445,0.0449455145500442,0.0146081143811572,0,0.6173981096095776,0,0,0.0577183823212092,0.1503338653939721,0,0.1901438897989992,0.5656781945586116,0,0,0.0512942105555015,0,0.0664924332232205,0,0,0.113313181128616,0.2102149693123835,0,0.0455194662343987,0.0852893526649963,0.369762862569739,0,0,0.1805215363290799,0,0,0.4691370005284548,0.2797695670348011,0.1583243824701467,0.2050219694206707,0.0796643927318042,0.0415643634623961,0.106437816542015,0.2302505082150762,0.1385808544480903,0,0,0,0.1111726314922889,0.1503170131380415,0.0658082230924413,0.056604318680942,0.5091636418954826,0.1122058712007129,0.125536382824955,0.110306021311044,0,0.0518502816262472,0.2321800345858393,0,0.0426406162767513,0,0,0,0,0,0.0104753592619144,0,0.0309494135414936,0,0,0.090242186559711,0,0,0,0,0,0,0,0,0,0,0,0,0,0,0,0,0,0,0,0,0,0,0,0,0,0,0,0,0,0,0,0,0,0,0,0,0,0,0,0,0,0,0,0,0,0,0,0,0,0,0,0,0,0,0,0,0,0,0,0,0,0,0,0,0,0,0,0,0,0,0,0,0,0,0,0,0,0,0,0,0,0,0,0,0,0,0,0,0
L3_ID0784,0,0,0,0,0,0,0,0.6808272675456476,0.1849140451846882,0.1011511260863644,0,0.3574307083740106,0,0,0.2249247747254082,0.0755718602446919,0.5778412217079829,0.2535491552804658,0.374889632531068,0.1336521532862279,0.1533172374326102,0.4028234068222285,0.3925319483873453,0,0.0611225919314301,0.0970215672077414,0.5350360398077204,0.1533598969727845,0.2908478571687325,0.5320449985165879,0.1282499508204163,0.1511206209879662,0.4664544225629051,0.2172269088671362,0,0.4356945561296104,0.1599726021341876,0,0.895169447395729,0.1553787389666922,0.861564917279711,0.1385747257751,0.7206335265819662,0,0.4115660378863921,0,0.669992011126279,0.269895792566248,0.4923192437762034,0.4829632865810124,0.2505096793216014,0.3590213641155493,0.3620627889157243,0.5162443663583218,0.8419802658036127,0.4133336226025239,0,0.2059088266920642,0.5313549793812589,0.2983633487605139,0.1303442530503952,0.4483957855045642,0.4282593898154928,0.3817053038289458,0.6435135912651556,0,0,0,0.6808780378423713,0,0.1074189723599276,0.3930355662622095,0.8147297108423901,0.4885601868686614,0.7312477046088492,1,0.0862452342117487,0.1157224693149203,0,0.6038397965317962,0.584493791908686,0.3583156256262085,0.2829324948883038,0.3293807774547032,0.4108981728122422,0,0,0.628501093414613,0,0,0,0.2564325663305336,0.3898193762515573,0.7938783629549571,0.3666295008719345,0.3361064580932628,0.723605208771345,0,0.4276797169640446,0.7489604651173455,0,0.711697071693974,0.8896167972696046,0.7892956052940618,0.3333634066296371,0,0,0,0,0,0,0,0.0897470584647807,0,0.4127257274107511,0,0,0.0625197105351609,0,0,0,0,0,0,0.1230618773165418,0,0,0,0,0,0,0,0.0857429347165674,0,0,0,0,0,0,0,0,0,0,0,0,0,0,0,0,0,0,0,0,0,0,0,0,0,0,0.1315307248818429,0,0,0,0,0,0.1761801552469915,0,0,0,0.0411401905187265,0,0,0,0,0,0.1280463971885327,0,0,0,0,0,0,0,0,0,0,0,0,0,0,0,0,0,0
L3_ID0786,0.4671386748484477,0.3474171457029383,0.3647802119577352,0.4708412825130836,0.5731952963657199,0.5555529834554177,0.6843511064062533,0.3272218843733933,0,0,0.2040132652519281,0.2294275610679137,0.5682509902585531,0,0,0,0,0,0,0.2114152306701113,0,0,0.2235420398227836,0.4817532087991963,0,0.2207732782987323,0.2231061383100273,0,0.1883666760930661,0.1587821022427879,0,0,0.4207369108604634,0,0.4296285220045252,0.2794695418575235,0,0,0.3664167975657088,0.3193435068930893,0.207980034496729,0,0,0,0,0.7190440796789351,0,0.1450955663945245,0.2122902313305154,0.2085676377526462,0,0,0,0.1783932014249156,0,0.1909197461935003,0.4459453691492021,0,0,0,0,0,0,0.193346296718028,0,0,0,0.612817525762016,0,0.2169037447831552,0.1925679236033426,0,0,0.2346951873364804,0,0,0,0,0.8185692699934906,0,0,0,0.2357382956235646,0,0.1756221979749647,0.4069839956977801,0,0,0,0.9160718858888468,0,0,0,0,0,0,0,0,0,0,0.6769188492674242,0,0,0,0.1788564053496346,0,0.4447908090103031,0.6111998833239765,0.6885361913953936,0.5576022871392491,0.6216462942432506,0.5112347596115211,0.6192363059303175,0.5678911047879157,0.7822534405662736,0.8207235081332587,0.824108183365992,0.4402456300018658,0.7140995299869337,0.6188842062763136,0.8148361794664102,0,0.7434966185920296,0.7149926743807425,0.6364871730061288,0.6292868914932446,0.949668310308171,0.7577448715799062,0.6912361318617027,0.7603676490420804,0.6215717033392534,0.6436552685091802,0.7325355790965282,0.507226767192682,0.677562360915423,0.6192091946045403,0.5729540750825227,0.7270305201231383,0.6481886297602274,0.3303494886247828,0.3557839093864415,0.6765524987883322,0.5869178676983986,0.584028008919209,0.4966563393370321,0.7410550699152431,0.8407203354129805,0.5469512549485122,0.6176201233328967,0.5646996151303999,0.3709554072913616,0.6118842705093008,0.7089636021414333,0.800526682688765,0.778042704091975,0.7290911894308651,1,0.7016707250235868,0.6349096414269956,0.5456775787667433,0.6611830186890186,0.3815741489198709,0.649902413130446,0.7695230742408203,0.5490020877111172,0.5753189824048885,0.7496807120018085,0.5541305773210841,0.6303796169545055,0.7251572665443737,0.6497786047427302,0.5570645791780012,0.5430649506726807,0.528388651560514,0.6388002557084634,0.4289657196054927,0.7037400143425865,0.4875205872285357,0.6010561460263277,0.3950591138127894,0.515185992036778,0.4250446224615805,0.5949446275501677,0.3354004676495148,0.52335206239331,0.5252208669339983,0.4902700232434433,0.4487981062669428,0.5111738981609623,0.5466771177351727,0.5500958559156773,0.2904651135630872,0.5218697680354967,0.5143399796400895
L3_ID0789,0,0,0.6109821968798405,0.3275367560474892,0.5348809893414432,0.5477685931404102,0.6311569711559729,0,0,0,0,0,0,0,0,0,0,0,0,0,0,0,0,0,0,0,0,0,0,0,0,0,0,0,0,0,0,0,0,0,0,0,0,0,0,0,0,0,0,0,0,0,0,0,0,0,0,0,0,0,0,0,0,0,0,0,0,0,0,0,0,0,0,0,0,0,0,0,0,0,0,0,0,0,0,0,0,0,0,0,0,0,0,0,0,0,0,0,0,0,0.2745038820405874,0,0,0,0,0,0,0,0,0,0,0.312159460104483,0,0.2854800395232451,0.8295747895051436,0,0.2709500848167072,0,0.2695079200684287,0,0,0.3347014013641924,0,0.2967313558986814,0.3411584952423219,0.7367692387714201,0.2150649015404585,0.2531475254412844,0.2214742935957458,0,0.2227363594768796,0,0.2778812692230805,0.3673075509407787,0.4139845293249499,0.3491412394902636,0.2520202163518243,0.298823871820725,0,0,0.3472321827431491,0.4384175458235832,0.4499824035947807,0,0,1,0.4113438164078006,0.618085370529008,0.539599492412682,0.262539338904157,0,0.3011200088599873,0.3005133270632567,0.6416404293880735,0.3850280286143608,0.4635411478195074,0,0.3966311792319046,0.3438556915535213,0.400280738345683,0,0,0.3254535893627115,0.4067570981732366,0.5251129083870293,0.4660168011489446,0.3335457459623678,0.4267957565663201,0.5804659645210071,0,0.5325508009411554,0.6314183900258816,0,0.5703647178816112,0.579451532658594,0,0,0.5075670783997619,0,0.3948222454340513,0.5526146992066501,0.2851127925598313,0.3539588200264495,0,0.3013337856462838,0.3854239503125293,0.3714328434594138,0.4269735704318179,0,0.2744840784380944,0.6453596743612859,0,0,0
L3_ID0801,0,0,0,0,0,0,0,0.6697907632242756,0,0,0.8782986019387673,0.8333268674334993,0,0,0.8325052996597497,0.7891188546796082,0.7517551061648049,0.7227325998200603,0,0,0,0,0,0,0.8921828042286214,0.914025385148458,0,0.7884328779822999,0,0.6376889202885668,0.7112397520950865,0,0.7534684282194493,0,0,1,0,0.8058886479494934,0,0,0,0.8787360721239632,0,0,0.8488056917400894,0,0.8401368868273423,0.7487749562202021,0,0.665213600294012,0,0,0,0,0.8548560771681364,0.7733208745855814,0,0,0,0.8728775041061035,0.8758283453993708,0.9990165404916372,0,0.9112216270080764,0,0,0,0,0,0.7446244655509583,0,0,0.8073771417971833,0.7333825924350514,0,0.7658980729947387,0,0,0,0,0,0,0,0,0,0.5154667537699217,0.6472999983417473,0,0,0,0,0.8791661380182956,0,0,0,0.9494296189373994,0,0.8418306954904398,0,0,0,0,0,0.639288902703376,0,0,0,0,0,0,0,0,0,0,0,0,0,0,0,0,0,0,0,0,0,0,0,0,0,0,0,0,0,0,0,0,0,0,0,0,0,0,0,0,0,0,0,0,0,0,0,0,0,0,0,0,0,0,0,0,0,0,0,0,0,0,0,0,0,0,0,0,0,0,0,0,0,0,0,0,0,0,0,0,0,0,0,0,0,0,0,0,0,0
L3_ID0817,0,0.2498846355842797,0.1165388344025007,0.0715389512004526,0,0.077036727151242,0.1955674895227302,0.1531183431630051,0.0698348056298774,0.0904823981021296,0.2266587224945523,0.3123860397447685,0.2193125484053484,0.2294712206556308,0.486873649244611,0.1200012944127149,0.3039737671329905,0.1738485343478571,0.2185852872745505,0.0840420662041812,0.3161617391717958,0.3640908480320932,0.1179852607094791,0,0,0,0.3190592684039496,0.047008846168778,0.2358485768369309,0.2323181766095956,0.1201614509605115,0.0607593873827567,0.4169683271214997,0.0872668235816992,0.1799875592555726,0.0853729753415787,0.1461177747306385,0.1296365849350476,0.1936774072527909,0.0847733224359512,0.0670635157132961,0.0745750458097078,0,0,0.0787228301408089,0.218794548313414,0.1174175098601442,0.0790525082230928,0.0774274715269153,0.0538971728221459,0.0788963291508229,0.1461457051865528,0,0.0808773660609498,0.0552291864874592,0,0.0665187249442542,0.0597626096901973,0.3018523920173558,0,0.0970953889108593,0.1818605800943013,0.0251357241552923,0.0637413366235418,0.1446225846912054,0.0731722366051079,0.0508947369385813,0,0.07932375207851,0.2195688928841987,0.1253716618933827,0.2403736162027759,0.0802490468394098,0.0702670593960591,0.0956196279404765,0.0318944039163645,0.1146367785799418,0.0774686269420773,0,0.3108341075212334,0,0.1425112678297831,0,0,0.0676995945395523,0,0.2094701001473111,0.1679465951822466,0.1086894010159212,0.0745619442285784,0.1871158886669701,0,0.2022097738218236,0.1398812928597957,0.1524891030095894,0.1053842422313381,0,0.1066878084276702,0,0.0479694329466482,0,0,0.2096586454126041,0.1989227515736232,0.0982337987610298,0.1283790211513805,0.1550759308890772,0,0.0484562271826858,0.2329895650782678,0,0.4909757249204716,0,0,0.1498774115016982,0.0995682799887084,0,0.3661656449705109,0,0,0.1389367569875961,1,0.1291178974977413,0.1053910926544757,0.0515126086796717,0,0.2934027769617849,0.251999571537171,0.1221173936450069,0,0,0.0702790549828356,0,0.2110595158182028,0.4142145598587858,0.1336075742978328,0,0.13491461858207,0.2307613092613302,0.2139851047595377,0.2219766932389449,0,0.083257240368493,0.0489920495422601,0.2761078673502394,0.1664678085573935,0,0.0797737884527293,0.3004179510132939,0.2393266882427186,0.0928440197897561,0.0557026940798901,0.1061182832834917,0,0.1264298231373499,0,0.0524003671168785,0.0932744155425784,0.045659074862458,0,0.1739317499510482,0.0550150843262412,0.0483501836853424,0.2649499498450324,0,0.0904312666848341,0,0.0874061821038464,0,0.1539194549103034,0,0.1286857274030743,0.0942366474090266,0.3360782340412871,0.2242427615115544,0.2461483349030163,0.1002216082509269,0.0806968271566095,0.1251337536304892,0.068331901520479,0.037291024493353,0.2305318494619633,0.1481427180730565,0.0711384247025459,0.2519754599277742,0.1244173732746921,0,0,0,0.1249477581796402,0,0.3148139331073453,0.0480378813594134,0
L3_ID0826,0,0,0,0,0,0,0,0,0,0,0,0,0,0,0,0,0,0,0,0,0,0,0,0,0,0,0,0,0,0,0,0,0,0,0,0,0,0,0,0,0,0,0,0,0,0,0,0,0,0,0,0,0,0,0,0,0,0,0,0,0,0,0,0,0,0,0,0,0,0,0,0,0,0,0,0,0.5279254370481001,0.1694829585426145,0,0.2183006823474982,0.1406146149867163,0.8653036396876738,0.2910220511923759,0.6471612723711402,0.8227830305056586,0.0518331375703912,0,0.4475332952805367,0.6490375171979944,0,0.4876664214130932,0,0,0,0,0,0,0,0.5292200019869572,0,0,0.8861263829423757,1,0.5086352353499483,0.2057501698261852,0.2278944045892112,0,0,0,0,0,0,0,0,0,0,0,0,0,0,0,0,0,0,0,0,0,0,0,0,0,0,0,0,0,0,0,0,0,0,0,0,0,0,0,0,0,0,0,0,0,0,0,0,0,0,0,0,0,0,0,0,0,0,0,0,0,0,0,0,0,0.3777722177191857,0,0,0,0,0,0,0,0,0,0,0,0,0,0,0,0,0,0,0,0,0,0
L3_ID0830,0,0,0,0.5208860427848608,0.1621823544755293,0.0497933364913405,0,0.1244196509556535,0.1553486946513162,0.3181718791299815,0,0.2943559705577678,0,1,0,0.5266819595192862,0,0,0.5466326673566835,0.1638803148140806,0,0,0.0902659194471902,0,0,0,0,0.1115486941294913,0,0,0.2389525676359395,0,0,0.0938364068700861,0,0.5381190574015394,0.3369907885579158,0,0,0,0.0667864611217598,0.0887846251677177,0,0,0.0772524663656654,0,0,0,0.0819074074570666,0.03591477513223,0,0.1811890302833125,0,0.032873222053684,0.2225380934010092,0,0,0,0,0,0,0,0.3312330846281899,0.3481498878330067,0,0.2474790057872559,0.4126978559010898,0,0,0,0,0,0,0,0,0,0,0,0,0,0,0,0,0,0,0,0,0,0,0,0,0,0,0,0,0,0,0,0,0,0,0,0,0,0,0,0,0,0,0,0,0,0,0,0,0,0,0,0,0,0,0,0,0,0,0,0,0.1975868351107874,0,0.6384414219990229,0,0,0.2998676014193928,0.2073699472761137,0.1177637649262766,0,0,0,0,0,0,0,0,0,0,0,0,0,0,0,0,0,0,0,0,0,0,0,0,0.1167428361953135,0,0,0,0,0,0.0787945133877447,0.0689300019691643,0,0,0,0,0,0,0,0,0,0,0,0,0.1881516424693306,0.227474212970234,0,0,0,0,0,0,0,0,0,0,0,0,0.1379120052420213
L3_ID0835,0,0,0.186168090563445,0,0,0.2882878746195961,0,0,0,0.1271384856558755,0,0,0.2377971256015602,0,0.2695098370960003,0.28894953389554,0.1403957950731115,0.1371847256897054,0.1604803040890528,0.0501895969816416,0,0,0,0,0,0,0,0,0,0,0,0,0,0,0,0,0,0,0,0,0,0,0,0,0,0,0,0,0,0,0,0,0,0,0,0,0.3861119684089493,0,0,0,0,0,0,0,0,0,0,0,0,0,0,0,0,0,0,0,0,0,0,0,0,0,0,0,0,0,0,0,0,0.1729190621144019,0,0,0,0,0,0,0,0,0,0,0.2423870629657052,0,0,0,0,0,0,0,0,0,0.1903626612830125,0,0,0,0,0.3678072353248847,0,0,0,0,0,0.615596266404003,0,0.2857470553968012,0.376872217817827,0.230508286819416,0,0,0,0.3161046880990685,0.2918239224179396,0,0,0.3444731529027719,0.1781646959615255,0.1831169256841121,0.4928150948066726,0,0.2271298749365539,0,0.2398680618627001,0,0.2400783339921744,0.3050873061980716,0.4340321214293407,0.455524605781286,0,0.4542557829422369,0,0,0,0,0,0.1078611478988853,0,0,0,0,0.2993136862486936,0,0.5666055627081523,0,0.294602732699669,0,0.4406588298625002,0.4228668969734499,0,0.4285167982662925,0.5227442493882497,0,0.2050363509710352,0,0,1,0.6410868220341589,0.2888884431601285,0,0,0,0.0765941954677418,0.2032736328419033,0,0,0.1125565436409007,0.0643830524977681,0,0.3121453687768028,0,0.4196247739593203,0.5238613867081238,0,0.220012531534621,0.1115562944184687,0.0691655285707286
L3_ID0839,0,0,0,0,0,0,0,0,0,0,0,0,0,0,0,0,0,0,0,0,0,0,0,0,0,0,0,0,0,0,0,0,0,0,0,0,0,0,0,0,0,0,0,0,0,0,0,0,0,0,0,0,0,0,0,0,0,0,0,0,0,0,0,0,0,0,0,0,0,0,0,0,0,0,0,0,0,0,0,0,0,0,0,0,0,0,0,0,0,0,0,0,0,0,0,0,0,0,0,0,0,0,0,0,0,0,0,0,0,0,0,0,0,0,0,0,0,0,0,0,0,0.251408881673206,0,0,0,0,0,0,0,0,0,0,0,0,0,0,0,0,0,0,0,0,0,0,0,0,0,0,0,0,0,0,0,0,0,0,0,0,0,0,0,0,0,0,0,0,0,0,0,0,0,0,0,1,0,0,0,0,0,0,0,0,0,0,0,0,0,0,0,0,0,0,0,0
L3_ID0857,0,0,0,0,0,0,0,0.0823016064265916,0,0,0,0,0.1879270252279579,0,0.19355552192541,0,0,0,0.2077424648953847,0,0,0,0,0,0.3736299973274178,0,0,0.1204767100790652,0,0.4133605589957288,0,0,0,0,0,0.1989093734593228,0,0,0.1550530062122317,0,0,0,0,0,0,0.17132825671839,0,0.1979109731352929,0,0,0,0,0,0,0,0,0,0,0,0,0,0,0,0.10591869042369,0,0,0,0,0,0,0,0.0596037827827057,0,0,0,0,0,0,0,0,0,0,0,0,0,0,0,0,0,0.2179052489402354,0,0,0,0,0,0,0,0,0,0,0,0,0,0,0,0,0,0,0,0.1113636130986404,0,0,0,0,0,0.4221925022728015,0.1733995355351057,0.1529556932362645,0,0,0.2032879676811227,0,0,0,0,0.2751581277759856,0,0,0.1089613463284642,0,0,0,0,0,0,0,0.0570177483246562,0,0,0,0,0,0.0801564996035393,0,0.13593737636541,0,0,0,0,0,0.2503942473637993,0,0,1,0,0,0,0,0,0.3438455634859988,0,0,0,0,0.0270663610995987,0,0.3685713194864437,0,0,0,0,0,0,0,0.0544585745619981,0.2609057950765835,0,0.0888132933017787,0,0,0,0.085199947046354,0,0,0,0,0,0.132812557926696,0.1624234537618391,0,0,0,0,0
L3_ID0858,0,0.2409688187598298,0.4315338571514758,0,0.3498508218668507,0.3815981865128354,0,0.6551926348581942,0.9660106606492136,0.7534211185088686,0.7640995377494086,0.5355946376023586,0.4768419580407415,0.7245686838567446,0.5247644896706126,0.9214218730515492,0.6222843468990091,0.8938048280666018,1,0.1452640206599552,0.0582472201557834,0.0207116148623782,0.0847075125025497,0.151229887793464,0.087792437325084,0.0593429795998227,0.0934313918833351,0.019914322762839,0.0823835688887091,0,0,0,0,0.3425578723487011,0.0739994403062856,0.1154447621820524,0.0632948009561268,0.8854711203821773,0.1191998803070635,0.1015943970235329,0.016244485037979,0,0.0129531457825046,0.0091739754041702,0.0875724633426402,0,0.0904947629059014,0,0.0551103444110811,0,0.0522754232077918,0.1179589452731014,0.0368859275180485,0,0.1294596165886805,0.1730174319614562,0.221796792659264,0.0561491725722492,0.2236028114419339,0,0.0426238365836017,0.1967260185565059,0.0618530211251446,0.1146129998806425,0.2517934989909918,0.3544433175596385,0,0,0,0.3065965570759284,0.0474872785868628,0,0,0,0.0158300183845218,0.0167994828611507,0,0,0.1003530503587029,0,0,0,0,0,0,0,0,0,0,0.180564815955645,0,0.0401828733039953,0.0536947652731672,0.0369493730380352,0.0457207996673649,0.0947898281135121,0,0.2111640411451925,0,0,0.3655510444954639,0,0,0,0,0,0.2517342241460243,0.2414260707544066,0,0.2127476083935914,0.2741584292340056,0,0,0.2341324222404437,0.4362804425879944,0.1773270479319137,0.1520983512583819,0.3809292630527527,0,0.1291162154788491,0.2781102874972886,0.2300595134355383,0,0.5695787577844057,0.1611945701756691,0,0.4216459245095705,0.3032385811888607,0,0.3396483100424822,0.4442500821863744,0.0906125903001624,0,0,0.3156145350618474,0.40696005353873,0.21391474500291,0.3503231255712737,0,0.1909405389425479,0.2225053103488598,0,0,0,0.101613386409794,0.224550727430963,0.2354527942652768,0.1288299922265452,0.0635337487915915,0,0,0.1843486200921717,0,0.3318257702296999,0.1720179922143671,0.2188909893971965,0.1070544552533014,0.163417159396582,0.2427920328395067,0.3531521014268399,0,0.3665619477738909,0.1590362109033778,0.1603284366967955,0.3363150320074843,0.3733832459837098,0.404014423048545,0.361625173343195,0.4730214954571174,0,0,0,0.1165405196689033,0.219366524015601,0.371440845351246,0.2616168910194695,0.3410046725850797,0.3213077782949311,0,0,0.3611121414827173,0.5451030931838464,0.3417046935922339,0,0.4429181378975212,0,0,0.3555123151567704,0.2378990932129246,0.2981314381786045,0.0439900646909751,0.1732103548059255,0.1442697379486442,0.3274046061773708
L3_ID0859,0.5870324016290762,0.3725869169939881,0.5711399633854349,0,0.4945329480295341,0.5444137557257361,0.4865687722389901,0.5124027824972287,0.3889031883244953,0.5402624557186255,0.3290512685829403,0.2281318576534238,0.3003622790682586,0.1289249902762017,0.2093817532065597,0.2326109651676671,0,0.1975876460740594,0.1015355245493547,0.1359741214257463,0.1752741095310917,0.1308376048687475,0.3497833894916133,0.3997006348075605,0.1821758272437398,0.2076626151659795,0.1472546940468728,0.1332175434032016,0.1886071490478869,0.1236579192349672,0,0,0,0.295448607063852,0.3630794507225429,0.3850544811227243,0,0,0.4653890453179788,0.3328289191494437,0.3520302995847356,0.312605712514389,0.2544829740961946,0.1958369036411733,0,0.3292483004242427,0,0.4393820874365249,0.5298403462098158,0.3687782682365863,0.3018328909155312,0.3437094807606418,0.3951552383502015,0.3823287374528596,0.3107397262787655,0,0.3454082864783335,0.3137562500184318,0.1995360593172992,0.1806641247713228,0.4953390975987543,0,0.312448821036565,0.1970971799838193,0.3063458474056709,0.2436135534838394,0.3306054706891789,0.1660896994584491,0,0.3486242013296454,0.2316559358094967,0.3189262960668014,0.2993416980389548,0.5224349242788907,0.3775613402097326,0.558624107941861,0,0.2102805696720384,0.2712575500746938,0,0,0,0.189874273828057,0,0.0785330073389691,0,0.5202798618909356,0.3210600922540239,0,0,0.2073470955252178,0.281983595862233,0.4075088693819465,0.5268341442779011,0.5504775392548179,0.5275504777358607,0.6433143726421632,0.4646145165248865,0,0.5660488545906321,0.1814258741833893,0.2083010763187911,0,0,0.1750248952172675,0,0.583493299508387,0.2728976853264198,0,0.1224799470212737,0.1767955439936745,0.2396304170239705,0.3292177937479991,0.3337642060023114,0.2291357927197504,0.1883933401730328,0,0.6194882939231422,0.2414584910958843,0,0,0,0.1414662242597871,0.1323572043432856,0.1172985469843773,0.4365570905740268,0.4029990585855977,0.3701851797845921,0.5336433261648652,0,0.1999113799077328,0.177749606706357,0.3035147557614528,0.2752101634744974,0.1595500642081977,0.1964601606073286,0.1435271779751628,0.1130104256811819,0.3991720599477487,0.4411498035088248,0.3852248728697345,0.2078013369853964,0.245087605933696,0,0,0.3532205842405329,0.3159287120251681,0.4050159725879,0.3373131384160973,0,0.5203542116743906,0.2222786881539397,0,0.5103147627081933,0.6247438307538098,1,0.5786851720841958,0,0,0.3029734998235462,0.2195419837072722,0.3431019031119758,0.1122806165297689,0.1455059340564278,0.1889103644384559,0,0.3907552646953871,0.4451619393333292,0.5530882684954507,0.2383116012859334,0.4985324355435873,0.3185116215363371,0.3110956811917985,0.2106600353693945,0.332514349770348,0.5882892373691383,0.3775829340869017,0.4716231550587835,0.6729019778877388,0.6840920626609096,0.3579680587563172,0,0,0.4049760943655709,0.3002269159323165,0.2470028910891997,0.4914786431967327,0,0.5367611346910716,0.245040092850395,0.3320724780956494,0.5045621734909107,0.9020812532706204,0.638342206265108
L3_ID0864,0.1887698873895943,0,0,0.4169087628234731,0,0.2848034362624965,0,0.1153794279555599,0,0,0.1309099329392271,0,0.1529616287608585,0,0,0.2350207912089781,0,0.1060521876660148,0.0815078554066039,0,0,0,0.1223103697754986,0,0,0,0,0.11798590158929,0,0.1734900672517129,0.639766039338698,0.1673608027018373,0.0381840445925021,0.5889447234436362,0,0,0,0.2882556552774069,0.1462915154804266,0.2983221159775479,0.1204030515875933,0.2490194357077286,0.0730048471884545,0,0.2608444656484409,0.2314722993191162,0.3355793387865252,0,0,0.2506681819211475,1,0.1051354255799176,0.1306561887120195,0.4697099107554571,0.1793499001079419,0.207507578803807,0.1136287891523795,0.3567705890077337,0.4795401155205067,0,0,0.1245934385858905,0.2596260073284552,0.5000359857895422,0.3563796391179712,0.1225269349242232,0.7311726969171937,0,0.3899478881024952,0.1741636519970557,0.3157280542325479,0,0.2743963102731772,0.278034652506779,0.4630727020986142,0,0,0,0.4726565616527846,0,0,0,0,0,0,0,0,0,0,0,0,0,0,0,0.276622324874715,0,0,0.303042253225304,0,0,0,0,0,0,0,0,0,0,0.6665165110692759,0.1974753897717024,0.0980503864063828,0.303648943749649,0,0,0,0.509802670332254,0,0,0.233367727145184,0,0.2642283801760068,0,0,0,0.2076371686462094,0.1761463588978138,0,0,0,0.9746972449163712,0,0.183729046600411,0.2169748020667011,0.3204084955507047,0.1998380133479292,0,0,0.3131560474597283,0,0,0.164889473445307,0,0.3058487257828263,0.2425823019167697,0,0.7320444470404586,0.1322182958473041,0,0,0.4588441162280265,0,0,0.2335612275956725,0,0.2340249734050793,0,0.0807050932495117,0,0.7945052988920179,0.2468894336082552,0,0.3345214871423095,0,0,0,0.606045190144678,0,0.1515562986501314,0,0.212116894928344,0,0,0.2463619615347662,0.2270701532216328,0,0.493093088427753,0.6768981639111549,0,0,0.3809205431343705,0.4749120091526277,0,0,0,0.3977436693153243,0.4274869754972623,0,0,0,0.4136086232722848,0,0.2076321889279554,0,0.2655143835624166
L3_ID0868,0,0.1606269940672089,0,0,0,0,0.0450657293521399,0,0,0,0.0694297419977024,0.2404801213116374,0.2615772531194799,0.3685640322774188,0,0.3965120753563292,0,0,0,0,0,0.2382349483218954,0,0,0,0.0156496535528807,0.0922259599646891,0,0.5687546212066401,0,0,0.5834287169501007,0.2861677524480263,0,0.5837111730409172,0.1892488482276624,0,0.1341735914915093,0,0.1381433072575223,0.0924386292177609,0.0473281077890382,0,0.2128748774663346,0,0,0.1288327615095618,0.0879316499273841,0.1722426699280547,0,0,0.0454043754334449,0.1299787711252009,0,0.2782460226741323,0.0751324033605326,0,0.2054658645031331,0,0,0.0680986014949327,0,0,0,0,0,0,0,0,0,0.0853581327612007,0,0,0.0689530973444495,0,0,0,0,0,0,0,0,0,0,0,0,0,0,0,0.0786468020588302,0,0.0679272294509609,0.2314753306975176,0,0,0,0,0,0,0,0,0,0,0,0,0,0.0844226830769868,0,0.2964562238278679,0,0,0,0.5110440772674574,0,0.2324136065970096,0.4843095145240444,0.2706407187200559,0.1038308686346463,0,0,0,0,0.101650926072164,0,0,0.8125805678150494,0.2233453019644209,1,0.6446342827799062,0,0,0.1704158595179651,0,0,0.0677317036061734,0.0897624101456551,0.9247463520040377,0,0.8891142018172482,0.1427164544514462,0,0,0,0.0818303336665602,0,0,0.040977795069007,0,0.1999421577130696,0,0.0744035086538987,0,0.1026721686230877,0.0500117060458176,0,0.0529869972921273,0.0771649829224907,0.0938407077240105,0.0398808857849477,0.0822976587026034,0,0,0.1163929612736266,0.2009398944247292,0,0,0,0.1121872979462872,0.2394416733135573,0,0.0635071597269892,0,0.1918086961623911,0.0729252395196768,0.6219573931365265,0,0,0.2171132766935895,0.179295000736746,0,0,0,0,0.2581570914676864,0,0.4109283375479326,0.0560887961216275,0,0.1254849509688872,0,0,0,0,0.1548936648220074
L3_ID0869,0,0,0,0,0,0,0,0,0,0,0,0,0,0,0,0,0,0,0,0,0,0,0,0,0,0,0,0,0,0,0,0,0,0,0,0,0,0,0,0,0,0,0,0,0,0,0,0,0,0,0,0,0,0,0,0,0,0,0,0,0,0,0,0,0,0,0,0,0,0,0,0,0,0,0,0,0.91154591519074,0.1464102713071331,0,0.3812379289676695,0.1193902392177709,1,0.2390429546226982,0.5063229502847277,0.6097486785166852,0.0382282949006575,0.322255357345162,0.611136538590024,0.7250030743429379,0,0.3862020003079184,0,0,0,0,0,0,0,0.5549101275150304,0.110066478468464,0,0.45455245797349,0.5191026598149971,0.4456053938015437,0.4440095629010565,0.3729684790281397,0,0,0,0,0,0,0,0,0,0,0,0,0,0,0,0,0,0,0,0,0,0,0,0,0,0,0,0,0,0,0,0,0,0,0,0,0,0,0,0,0,0,0,0,0,0,0,0,0,0,0,0,0,0,0,0,0,0,0,0,0,0,0,0,0,0.223751840974649,0,0,0,0,0,0,0,0,0,0,0,0,0,0,0,0,0,0,0,0,0,0
L3_ID0876,0,0,0,0,0,0,0,0,0,0,0,0,0,0,0,0,0,0,0.3443657221895627,0,0,0,0,0,0,0,0,0,0,0.6562434166481841,0,0,0.073038711077446,0,0,0.7774446987050186,0,0,0,0,0,0,0,0,0,0,0,0,0,0,0,0,0,0,0,0,0,0,0,0,0.0125767179171796,0,0,0.0465709099836266,0,0,0,0,0,0.2719780406394966,0,0,0,0,0,0,0,0,0,0,0,0,0,0,0,0,0,0,0,0,0,0,0,0,0,0,0,0,0,0,0,0,0,0,0,0,0,0,0,0,0,0,0,0,0,0,0,0,0,0,0,0,0,0,0,0,0,0,0,0,0,0,0,0,0,0,0,0,0,0,0,0,0.1732462497831668,0,0,0,0,0,0,0,0,0,0,1,0,0,0,0,0,0,0,0,0,0,0,0,0,0,0,0,0,0,0,0,0,0,0,0,0,0,0,0,0,0,0,0,0,0,0,0,0,0,0,0
L3_ID0884,0.0759041640543889,0,0.3450699881884287,0,0,0,0.2046080610260932,0,0,0,0,0,0,0,0,0,0,0,0,0,0.2313186992699145,0,0.1243863872636998,0.0475935471890628,0,0,0.2320780845272714,0,0.1390143603706524,0.3517439272087199,0.3042717241500468,0.1630868904071854,0,0.1164550318866923,0.0537303262391233,0.178323270653203,0.1180952768692075,0.2593874059493136,0,0.2899525559182253,0.2437350360802393,0.1717509948141192,0,0.3594689071178003,0,0,0.259799983101952,0.194202459215765,0.2095739006173601,0.0911374320009974,0.2165393056873938,0,0,0,0.2572769035850087,0.2135135029242659,0.0511100940053448,0,0,0,0.265881495139789,0.2135046083833149,0.3327922039964704,0.2919437640041624,0.4442121120834756,0.2739180841531635,0.3255232312454891,0,0.2743326361150718,0.7302308795332852,0,0.2534411604472181,0.1974743864078017,0,0.3658618228797674,0.3821972555775407,0.1414715918473048,0,0.0735529403393373,0,0,0.145588911190015,0.1974664555737743,0.1371943287522181,0.145353166358628,0,0.1897701024998684,0.3007674645970413,0,0.0508494349802105,1,0.2559966900300822,0.1542534421557511,0.275280039013384,0,0,0,0,0.142049531628956,0.5024577370278255,0,0,0.0913000693932178,0.1233053766694326,0.2891525211868597,0.2216349613408177,0.0561804049566006,0,0.0816183694672874,0.082662743399982,0.1263924064191602,0.1145136363897756,0.1544999299495655,0,0.1076307230525584,0,0,0.0549613670432327,0,0,0,0,0,0.0717953837869612,0,0.2026983256713893,0.1446359788257474,0.1586833659066273,0.0781036039289667,0,0,0,0,0.1412582018568515,0,0,0,0,0.1806231177302926,0.0803536068200875,0,0.4852168937760521,0.1702612302979598,0.0997953829022466,0,0,0,0.1281634548684672,0,0.11747973671906,0,0.1199364152491169,0,0.195555977690785,0.3500263802921491,0.1397715496401012,0,0.1911835287888959,0.1341647501537665,0.0865628653199668,0,0.0414628308034604,0.1229242226818946,0,0.2029323484690931,0.1052645460817161,0.1316820357382971,0.1182882552310485,0.1243206735104392,0,0.133204123932584,0.1315186637170283,0,0,0,0.144659328970553,0.1518347905529927,0.2268041114960251,0.1622531417319665,0.1508605144501376,0,0.164159543608623,0,0,0,0.2775474676215012,0.1192941677784052,0,0.1207969739349822,0,0.0855311696627841,0,0,0
L3_ID0889,0.3608659544456367,0,0,0.3087191130524281,0,0.3298000308651798,0,0.2178432565286761,0.3237459819720928,0.9053860339264772,0.7497467433932602,0.4286640241108696,0.1506993605383271,0.1210748603590809,0.1630517826683007,0.4954390694328432,0,0.2733993491890684,0.4453659895742947,0.2296824549467455,0.348381499627396,0.3434982859016385,0.4475922157295922,0,0.1856451993536327,0,0.1350867437655639,0.3455483583507425,0.2761947797012803,0.5850369331300475,0.3994581179326094,0.2967459153177162,0.1033108759886315,0.3962683757409294,0.1831997643677712,0,0.2968378803427836,0.3212689311940681,0.3648773169151393,0.187655849642138,0.2276956591427286,0.3890659800265056,0.1227358453906697,0.3378833452330411,0.3740546637947237,0.0987435274817195,1,0.2669812833309414,0.1774614079926404,0.2046026498177213,0.4522618051806664,0.1308190922154293,0.1649904341721977,0.2702734991205825,0.1673002035060202,0.1599218492686333,0,0.2692320094733283,0.2586157987686354,0,0,0.2885654717118225,0.1692244733253388,0.2884444730010743,0,0.1580812126532825,0.3378240468574263,0,0.1799809884904104,0.1496294677197658,0.2476339798007214,0.2199012854686853,0.0510423491164091,0.2805565580400491,0.3173935496578108,0.1103809312757347,0.2112907710109907,0,0.1508879893977507,0,0,0.1400868128219001,0.323937898537627,0.4563409029085928,0.4465012757407493,0,0,0.2237181642543987,0,0,0,0,0,0,0.1391500035969343,0.1508544670742391,0.2593746378295413,0.0762603231716434,0,0,0,0,0,0.2018591466918712,0,0.1983380692208703,0.087835561274888,0.0784136648437795,0.1073821673961617,0.1562061079188402,0.0741733356312079,0,0,0,0,0,0.4863515558392536,0,0.0944595651372389,0,0.124933022872059,0.1999547681238354,0.0969700031045326,0.2893558064669157,0.089914389647074,0.1195065759766817,0.0997316410727871,0,0.0952238010649087,0.345960504579636,0.1813823517225352,0,0,0.3195960264383684,0.1529992367773629,0,0.0889869630524582,0.1335223475311159,0.4928750376957522,0,0,0,0.213533585723233,0.2041391467158908,0.1254701085145261,0.1443160630442314,0,0,0,0.2302122821557827,0,0,0.0674950699660783,0,0.1757364407643755,0,0,0,0.1670429536415808,0,0,0.1905867206467036,0,0.0944222221608388,0,0.2279933519525228,0.6478094429435534,0,0,0.5393425956895636,0,0,0.2696983198893657,0,0.0666503833827636,0.1623263608211579,0.4970488627021924,0,0,0,0.1552725713637185,0.3178444575084354,0,0,0,0.2010046946058594,0,0,0,0.2144995787563494,0,0.06503697213787,0,0
L3_ID0890,0.0035900628006602,0.0138697420888289,0.0097436662729915,1,0.0074968321690864,0.1032129106758333,0,0,0,0,0.0029482129395469,0,0.0064986244762234,0,0,0.0102366047745398,0,0,0,0,0,0,0,0.0065880245750533,0,0,0,0.0012858514755833,0,0,0,0.0052270585842823,0.0066724421384177,0,0.0043077569848766,0.0057939140302949,0.0063114856872094,0.0118219415861026,0.0010880906698934,0.0006235302558471,0.0009246362858423,0.0018680533254755,0,0.0019905856581841,0.0039806580887238,0.0011187420275647,0,0,0,0.0007161555639216,0.0008264747081719,0,0,0,0.0011764891127453,0,0.0137253902597179,0,0.014524266523487,0,0,0,0.0010099044650051,0,0,0,0.0022471030584312,0.0518288196584585,0.0034650200691328,0.0014406290532938,0.0130812359521587,0.0058505236533692,0,0,0.0062088289397683,0.0020449807029806,0,0,0.0033952492746999,0,0,0,0,0,0,0,0,0,0,0,0,0,0,0,0,0,0,0.0012905964104096,0,0,0,0,0,0,0,0,0,0.0036944794727232,0,0,0.0117211517542184,0.0042272300795004,0,0.0067730054695508,0,0.004779818717925,0.0198348516671304,0,0.0095528613193661,0,0,0.1424050463576495,0.0090800275011037,0.009780228487568,0,0.0049826255933091,0.0317522932740021,0.0008865846955061,0,0.0101366099377091,0.0324446777538424,0.019954381984015,0.0245580292312397,0.006298807216819,0.0072176866376679,0,0.0051470776182116,0,0.0246945369202089,0,0.0070122068689326,0,0.0402104681335977,0.0023893812517315,0.0061210937013461,0.0011875481883204,0.0091911066851883,0,0.0038369895396752,0.026589187270671,0.0036903852245792,0.0035885072934046,0.1828396870358324,0,0.1014298090430761,0,0,0.0122410423830786,0.0434087100878661,0.0098815613062698,0,0,0,0,0.0084999652412857,0.1241410161111137,0.6755108624042855,0.0236715705400405,0.0116859535017435,0.0075275794767561,0,0,0.0048265557355037,0.0476094242717433,0,0.025469983503555,0.1142871133582417,0,0,0.0030387257007943,0.0040876562509636,0.0091625433112171,0,0,0.013254651628954,0.293888836084464,0,0.0021554987140862,0,0.0348061191571349,0,0.0049362107305887,0.0007220283952166,0.027610652465884
L3_ID0891,0,0,0,0.7231750108780335,0,0.1050299236268239,0,0,0,0.3631163469613481,0,0,0,0,0,0.2994902252626824,0,0,0,0,0,0,0,0,0,0,0,0,0,0,0,0,0,0,0,0,0.4632597777152011,0,0,0,0,0.2440663237338564,0,0,0,0,0,0,0,0,0,0,0,0,0,0,0,0,0.1740317187806668,0,0,0,0,0,0,0,0,0,0,0,0,0,0,0,0,0,0,0,0,0,0,0,0,0,0,0,0,0,0,0,0,0,0,0,0,0,0,0,0,0,0,0,0,0,0,0,0,0,0,0,0,0,0,0,0,0,0,0,0,0,0,0,0,0,0,0,0,0,0,1,0,0,0,0,0,0,0,0.0723515735253462,0,0,0,0,0,0,0,0,0,0,0,0,0,0.0891557217599517,0,0,0,0,0,0,0,0,0,0,0,0,0,0,0.1797821481603336,0,0,0,0,0,0,0,0,0,0,0,0,0,0,0,0,0,0,0,0,0,0,0,0,0,0,0.2145517024034751
L3_ID0893,0,0,0,1,0,0,0,0,0,0,0,0,0,0,0,0,0,0,0,0,0,0,0,0,0,0,0,0,0,0,0,0,0,0,0,0,0,0,0,0,0,0,0,0,0,0,0,0,0,0,0,0,0,0,0,0,0,0,0,0,0,0,0,0,0,0,0,0,0,0,0,0,0,0,0,0,0,0,0,0,0,0,0,0,0,0,0,0,0,0,0,0,0,0,0,0,0,0,0,0,0,0,0,0,0,0,0,0,0,0,0,0,0,0,0,0,0,0,0,0,0,0,0,0,0,0,0,0,0,0,0,0,0,0,0,0,0,0,0,0,0,0,0,0,0,0,0,0,0,0,0,0,0,0,0,0,0,0,0,0,0,0,0,0,0,0,0,0,0,0,0,0,0,0,0,0,0.1977098393994099,0,0,0,0,0,0,0,0,0.0382927245611248,0,0,0,0,0,0,0,0
L3_ID0896,0,0,0,0,0,0,0,0,0,0,0,0,0,0,0,0,0,0,0,0,0,0,0,0,0,0,0,0,0,0,0,0,0,0,0,0,0,0,0,0,0,0,0,0,0,0,0,0,0,0,0,0,0,0,0,0,0,0,0,0,0,0,0,0,0,0,0,0,0,0,0,0,0,0,0,0,0,0,0,0,0,0,0,0,0,0,0,0,0,0,0,0,0,0,0,0,0,0,0,0,0,0,0,0,0,0,0,0,0,0,0,0,0,0,0,0.0614486066545278,0,0,0,0,0,0,0,0,0.0630177063121912,0,0,0,0,0,0,0,0,0,0,0,0,0,0,0.0365876798007921,0,0,0,0,0,0,0,0,0.0095773330077685,0,0,0,0,0,0,0,0,0,0,0.0496212921654619,0.0227760480523311,0,0,0,0,0,0,0,0,0,0,0,0,0,1,0,0,0,0,0,0,0,0,0,0,0,0,0,0,0.0271300089620934,0,0,0,0
L3_ID0902,0,0,0,0,0,0,0,0,0,0,0,0,0,0,0,0,0,0,0,0,0.1211037060015418,0,0,0,0,0,0,0,0,0,1,0.0692020073230969,0.4058010814041454,0,0,0,0,0,0,0,0,0,0,0,0,0,0,0.0905609800884902,0.1019611895007461,0,0,0,0,0,0,0,0,0,0,0.0266217678611335,0.1930168085880692,0,0,0,0,0,0,0,0,0.0761973780884534,0,0.1033897577414518,0.0325649869802306,0.2393908521517123,0.0370244354171216,0.0405751288210076,0,0,0,0,0.0293655884785387,0,0,0,0,0.0530406340261995,0.0459703933167414,0,0,0,0.1014860266639762,0,0,0.0436225142272763,0.1138803906167872,0,0,0,0,0.1912867612183819,0,0,0,0.0347582496626107,0,0.1509174487716168,0,0,0,0,0,0,0,0,0,0,0,0,0,0,0,0,0,0,0,0,0,0,0,0,0,0,0,0,0,0,0,0,0,0,0,0,0,0,0,0,0,0,0,0,0,0,0,0,0,0,0,0,0,0,0,0,0,0,0,0,0,0,0,0,0,0,0,0,0,0,0,0,0,0,0,0,0,0,0,0,0,0,0,0,0,0,0,0
L3_ID0910,0,0,0,0,0,0,0,0,0,0,0,0,0,0,0,0,0,0,0,0,0,0,0,0.3204024607480393,0,0,0,0,0,0,0,0,0,0,0,0,0,0,0,0,0,0,0,0,0,0.4630487254465509,0,0,0,0,0,0,0,0,0,0,0.5562120587983564,0,0,0,0,0,0,0,0,0,0,0.4188867214799462,0,0,0,0,0,0,0,0,0,0,0,0,0,0,0,0,0,0,0,0,0,0.6731630439534524,0,0,0,0,0,0,0,0,0,0,0.7845408941423926,0,0,0,0,0,0.6610793696534424,0.4903611876169523,0.5313175198684285,1,0,0,0,0,0,0,0,0.6365781661873121,0,0,0,0,0,0,0,0,0,0,0.6231380756487295,0,0,0,0,0,0,0,0,0,0,0.685345421564118,0,0,0,0,0,0,0,0,0,0,0,0,0,0,0,0,0,0,0,0,0,0.5195044022415441,0,0,0,0,0,0,0,0,0,0,0,0,0,0,0,0,0,0,0,0,0,0.567490836231935,0,0,0,0,0,0,0,0,0,0
L3_ID0911,0,0,0,0,0,0,0,0.2452017615698093,0,0,0,0,0,0,0,0,0,0,0,0,0,0,0,0,0,0,0,0,0,0,0,0,0,0,0,0.4832900779546666,0,0,0,0,0,0,0,0,0,0,0,0,0,0,0,0,0,0,0,0,0,0,0,0,0,0,0,0.2354057801140583,0,0,0,0,0,0,0,0.1369984924000802,0,0,0,0,0,0,0,0,0,0,0,0,0.1524920660494413,0,0,0,0,0,0,0,0,0,0,0,0,0,0,0,0,0,0,0,0,0,0,0,0,0,0,0,0,0,0,0,0,0,0,0,0,0,0,0,0,0,0,0,0.3873690240638161,0,0,0,0,0,0,0,0,0,0,0,0,0,0,0,0,0,0,0,0,0,1,0,0,0.823978660599904,0,0,0,0,0,0.8664418734996229,0,0,0,0,0.484788467202416,0,0,0,0,0,0,0,0,0,0,0.4687895298837016,0,0,0,0,0,0,0,0,0,0,0,0,0.4515358543758211,0,0,0,0,0
L3_ID0915,0,0,0,0,0,0,0,0.552276444087232,0.7408226352471584,0.8102132589710961,0.4936824837524484,0.5545739407656476,0,0.3986822013802968,0.3772776942429828,0.8031103029858223,0.6628960282616796,0.7444732900720873,0.8472149118783264,0.4830886112017534,0.7876090960145664,0.5604859952598991,0.6740848418825082,0,0.993488447817816,0.6402870683604199,0.6834084834687091,0.6348087775933752,0.5216448339723463,0,0.5814743073841409,0.8616135411034004,0.6025462662321115,0.7079191921081625,0,0.4449311944236477,0.5360219968697537,0.7150210687808721,0.6065461386333816,0.6174295067985299,0.5355918908129035,0.7354255327696684,0.5530784932460817,0.6571425727525625,0.9245692133286468,0,0.6193639946845055,0.6824083804543211,0.6667593676235732,0.6633324902702971,0.6097740627039826,0.6513275364654744,0.6021399650134837,0.6508324917693423,0.4903729815925641,1,0,0.8370303386367155,0.8440729130802009,0.6654883571555604,0.6399215411719967,0.708666256288045,0.6142819915139649,0.4565051727733571,0.5933515425355282,0.971399176436544,0.5836249575920105,0,0.4551088120954002,0.7123338203431471,0.5096675225615301,0.4891679890763974,0.6918350513950655,0.5073545557363603,0.4724745014925094,0.6592565263332478,0.3610472918069023,0.8073070300064483,0,0.4925898895995163,0.4561314607500191,0.7303678141318232,0.5828675799809585,0.4488942802070506,0.4698385504304598,0.5986061157927293,0,0.9518266825493508,0,0,0.1977319506140149,0.3922717142997282,0.5486000056843795,0.4953084681304783,0.3586145212871018,0.4451012461143249,0.4899556174681222,0.3233103272343778,0.4362446470593949,0.3314042120772437,0,0,0,0,0,0,0,0,0,0,0,0,0,0,0,0,0,0,0,0,0,0,0,0,0,0,0,0,0,0,0,0,0,0,0,0,0,0,0,0,0,0,0,0,0,0,0,0,0,0,0,0,0,0,0,0,0,0,0,0,0,0,0,0,0,0,0,0,0,0,0,0,0,0,0,0,0,0,0,0,0,0,0,0,0,0,0,0,0,0,0,0,0,0
L3_ID0917,0,0,0,0,0,0,0,0,0,0,0,0,0,0,0,0,0,0,0,0,0,0,0,0,0,0,0,0,0,0,0,0,0,0,0,0,0,0,0,0,0,0,0,0,0,0,0,0,0,0,0,0,0,0,0,0,0,0,0,0,0,0,0,0,0,0,0,0,0,0,0,0,0,0,0,0,0,0,0,0,0,0,0,0,0,0,0,0,0,0,0,0,0,0,0,0,0,0,0,0,0,0,0,0,0,0,0,0,0,0,0,0,0,0,0,0,0,0,0,0,0,0,0,0,0,0,0,0,0,0,0,0,0,0,0,0,0,0,0,0,0,0,0,0,0,0,0,0,0,0,0,0,1,0,0,0,0,0,0,0,0,0,0,0,0,0,0,0,0,0,0,0,0,0,0,0,0,0,0,0,0,0,0,0,0,0,0,0,0,0,0,0,0,0
L3_ID0922,0.5935295492124887,0.6883842403578622,0.6925457872697819,0.5137039826034242,0.7112508814730103,0.5661065746894861,0.3526795070555904,0,0.0324901285315432,0,0.0587644838114248,0.0257804638548292,0.6301225835909847,0,0.0252356362429076,0,0,0.0148334451484145,0.0227825914304432,0,0.0284445965956925,0,0.0310390868514444,0.6799778736486217,0.0313114860924183,0.0689881142326877,0,0.0152989348527942,0.0927561386953407,0,0.0141005471463578,0.0168297538214253,0,0.0131665078824155,0.6068741067779002,0.029088750136134,0,0,0.0261185463319614,0,0.0307629152788499,0,0,0,0,0.7603808740203978,0.0269981671614619,0.0181893868552196,0.0398560866653233,0.0333577550942886,0.0311060639439436,0,0,0.0448912172196519,0,0,0.7954045796047614,0.0241966696011555,0,0.0517610603403717,0,0,0.0625447849267998,0.0145111037828727,0.0254895670804262,0.0361152251265367,0.0611964992296481,0.7402438279799691,0.0574367493108625,0.1417652806909909,0.1213549857853495,0,0.0354329477327481,0.1063597199887084,0.1289489078124104,0.0310116536985201,0,0,0.7386664593130391,0,0,0,0,0,0,0,0,0,0,0.7607034787713955,0,0,0.0539684278079236,0,0.0388622860675296,0.009916949450096,0.0409037219018097,0.0323189826523625,0,0,0.7729525939581482,0,0,0,0,0,0.6904920852695703,0.94430715289228,0.9084274801143262,0.9016480418676182,0.3946880366226692,0.6958885100352372,0.5500809114155163,0.3644207896972797,0.7559217352950727,0,0.2474727223040364,0.7033123809846367,0.505499777913079,0.7547697419270744,0.5340551145320662,0.6192742317493722,0.7822095559053914,0.7679060395990535,0.6077311106101618,0.3393269484573465,0.3282061730997819,0.0679634431256291,0.6842376079925813,0.0515720505046942,0.4137913958291159,0.1346243588881143,0.2189605368863926,0,0.1312416309584973,0.4632521106802291,0.1254781758235509,0.4569798835391411,0.4158275033250894,0.7059774240371844,0.2892853625066008,0.745134556398659,0.2948886683469353,0.5681587401806742,0.3044117617357673,0.4255150839665672,0.2132818232536114,0.6255114252418448,0.4214838839778774,1,0.6972041750166118,0.38092171587509,0.2451865242721041,0.329626201067664,0.0940187385742532,0.4644208829131963,0.3457820729945877,0.1903689431598859,0.5359260356560203,0.4305312654728711,0.7026486836592032,0.7633020278035114,0.6082844635944461,0.6725283683221865,0.427225401834396,0.7125980845061319,0.4807190644726333,0.512262398454853,0.4867630679781732,0.4762140557484003,0.3656317032924949,0,0.6802355379777957,0.3695111555371264,0.7585606002110719,0.4025001786638399,0.3247951502555126,0.3107256932894949,0.6284941403698093,0.2929533505606704,0.491022841162098,0.6195038536236678,0.4945145540340819,0.7045117591101857,0.3676771712200829,0.3002703436358153,0.6500895882637433,0.8327749958868477,0.5360900956690487,0.1400722174777047,0.8769055857929,0.3650026512160249,0.5681890741934997,0.3961608481032658
L3_ID0939,0,0,0,0,0,0,0,0,0,0,0,0,0,0,0,0,0,0,0,0,0,0,0,0,0,0,0,0,0,0,0,0,0,0,0,0,0,0,0,0,0,0,0,0,0,0,0,0,0,0,0,0,0,0,0,0,0,0,0,0,0,0,0,0,0,0,0,0,0,0,0,0,0,0,0,0,0,0,0,0,0,0,0,0,0,0,0,0,0,0,0,0,0,0,0,0,0,0,0,0,0,0,0,0,0,0,0,0,0,0,0,0,0,0,0,0,0,0,0,0,0,0,0,0,0,0,0,0,0,0,0,0,1,0,0,0,0,0,0,0,0,0,0,0,0,0,0,0,0,0,0,0,0,0,0,0,0,0,0,0,0,0,0,0,0,0,0,0,0,0,0,0,0,0,0,0,0,0,0,0,0,0,0,0,0,0,0,0,0,0,0,0,0,0
L3_ID0949,0,0,0,0,0,0,0,0,0.2854140500541454,0.4177101082362142,0.453823532762821,0,0,0,0.1208478549175564,0,0,0,0.3546696570164238,0.1985106574783322,0.4905239693245785,0.1680347691098367,0.2054493546950586,0,0.2483417079458423,0.6352675908902782,0,0.4505472458187375,0.3872037831629765,0,0.1367158679387853,0.819240025499697,0,0.1672548729309536,0,0.2438176290749478,0,0.2002730814716995,0.1200180351063988,1,0.6792482902108489,0,0,0.1930682002634469,0.2262652526864587,0,0.4783417347353067,0.5042473081994578,0,0.3080380432342578,0.2845028694905409,0.2963966976143078,0.5019989620534983,0.4769211830395319,0.3086186968061697,0.7203751694716043,0,0.6767219226159531,0.2469592424765743,0.3915501962425097,0.2546345450789061,0,0.1987807469218986,0,0,0.6736566511833245,0.2296419355691433,0,0,0,0.6689937996591541,0,0.3424655712616052,0.312844750954649,0,0,0,0,0,0,0.6674509201680738,0,0,0,0,0.5878363600102497,0,0,0,0,0,0,0,0,0,0,0,0,0,0,0,0,0,0,0,0,0,0,0,0,0,0,0,0,0,0,0,0,0,0,0,0,0,0,0,0,0,0,0,0,0,0,0,0,0,0,0,0,0,0,0,0,0,0,0,0,0,0,0,0,0,0,0,0,0,0,0,0,0,0,0,0,0,0,0,0,0,0,0,0,0,0,0,0,0,0,0,0,0,0,0,0,0,0,0,0,0,0,0,0,0,0,0,0
L3_ID0971,0,0,0,0,0,0,0,0,0,0,0,0,0,0,0,0,0,0,0,0,0,0,0,0,0,0,0,0,0,0,0,0,0,0,0,0,0,0,0,0,0,0,0,0,0,0,0,0,0,0,0,0,0,0,0,0,0,0,0,0,0,0,0,0,0,0,0,0,0,0,0,0,0,0,0,0,0,0.2507596212148759,0,0.4662618925065639,0.2728283312158571,0.4990192734346994,0.4163901180018775,1,0.5238270701792559,0,0.3224326194996063,0.3721102861592142,0.6022228902229969,0,0.4457556420356895,0,0,0,0,0,0,0,0.6372957290705847,0.2334890006679351,0,0.5721620116921133,0.6292640555973127,0.4097942056097947,0,0.4201937712199337,0,0,0,0,0,0,0,0,0,0,0,0,0,0,0,0,0,0,0,0,0,0,0,0,0,0,0,0,0,0,0,0,0,0,0,0,0,0,0,0,0,0,0,0,0,0,0,0,0,0,0,0,0,0,0,0,0,0,0,0,0,0,0.0176872350310855,0,0,0.5446546331473514,0,0,0,0,0,0,0,0,0,0,0,0,0,0,0,0,0.0402738555230188,0,0,0,0,0
L3_ID0986,0,0,0,0,0,0,0,0,0,0,0,0,0,0,0,0,0,0,0,0,0,0,0,0,0,0,0,0,0,0,0,0,0,0,0,0,0,0,0,0,0,0,0,0,0,0,0,0,0,0,0,0,0,0,0,0,0,0,0,0,0,0,0,0,0,0,0,0,0,0,0,0,0,0,0,0,0,0,0,0,0,0,0,0,0,0,0,0,0,0,0,0.0817994314647959,0.0796353148760297,0,0,0.0498578838786936,0.1158736899270344,0,0,0,0,0,0,0,0,0,0,0,0,0,0,0,0,0,0,0,0.2401564914937603,0,0,0,0,0,0,0,0,0,0,0,0,0,0,0,0,0,0,0,0,0,0,0,0,0,0,0,0.510498659590254,0,0,0,0.0887381387744291,0,0,0,0,1,0,0,0,0.1668194541360285,0,0,0,0,0,0,0,0,0,0,0,0,0,0,0,0.1697116774957739,0,0,0,0,0,0,0,0,0,0,0,0,0,0,0,0,0,0,0,0
L3_ID0988,0.1163413622496917,0,0.3477398928520441,0,0,0,0,0,0,0,0,0.1226271507509339,0,0,0,0,0,0,0,0,0.2185492009102763,0,0,0.094741194026277,0,0,0.1895737642489247,0,0.1315879529687857,0.2996448625851042,0.4391825039178969,0.2052187006190859,0,0.1096852537957566,0.0987911263126064,0,0,0,0.3872615229903569,0,0.2809974607678906,0,0,0.2903025016310488,0,0,0,0.1993451739075515,0.2575678954864801,0.1987112820854035,0,0,0.1780963805497703,0,0.3425396751454058,0.1421496201331893,0,0,0,0,0.2843944441643797,0.1707816529953923,0.544129897859818,0.4576324736994142,0.4532526464688353,0.3100791365096035,0.4161698730725995,0,0,0,0,0.3123782617820524,0.4308309883231482,0,0.6069612536423228,0,0,0,0.1331163460857964,0,0,0.1911196874249984,0,0.099994378572233,0.1731550417060668,0,0.1566093534857209,0.1196630030404167,0,0,1,0,0,0.2972763907607752,0,0,0,0,0.1388087797539667,0.3887130770331468,0,0,0.0989546587567348,0.0966946758054807,0.2383323510256489,0,0.104273372332998,0,0.0860818945722295,0,0.1122944025401605,0,0,0.0954759091381815,0,0,0,0,0.1380179928851985,0,0,0,0,0,0,0,0,0,0,0,0.108267568804362,0,0,0,0,0,0,0,0.1366878665686015,0.1036514013582151,0,0.415428235521576,0,0,0,0,0,0,0,0.2169141411504882,0.0849930050788714,0,0,0.1443183795889357,0,0.1142795544783335,0,0,0,0,0,0.071831738064025,0.1064502249344791,0,0,0.1451910548404585,0.2268068360145026,0.113570717072665,0,0,0,0,0,0,0,0,0.1446785093040432,0.1897658212142463,0.1436301567997613,0,0,0.1464849503323137,0,0.2011503627887461,0,0.2083001429524398,0.1449983565315127,0,0.1223282642619144,0,0.1434061140936869,0,0,0
L3_ID0993,1,0.086908508451143,0,0,0,0.1016704229668112,0,0,0.2719218638179133,0.4494800205798115,0,0.5293852941271479,0,0.2158778693317052,0.1480414123189318,0.4052062621006971,0.994153856409416,0.3419739616049081,0,0.2223042517221055,0,0,0,0,0,0,0,0.1736855665864676,0,0.4541539401029989,0.2027827602378542,0.3853022395521777,0.1949724236986161,0.1694487808487939,0,0,0,0.3600127184879712,0.3868319967321326,0,0,0.3894197068727701,0.2567526955941055,0,0,0,0.2603997168807607,0,0.4054473583515477,0.1550488777865191,0,0.2630809766248228,0.212791741880768,0.2040168367995691,0.3994736921703038,0,0,0,0.3442396716979725,0,0.1894809133113615,0.2807512614972224,0,0,0,0,0,0.1075223571989255,0,0,0,0,0,0,0,0,0,0,0,0,0,0,0,0,0,0,0,0,0,0,0,0,0,0,0,0,0,0.1646298475102921,0,0,0,0,0,0,0,0,0,0,0,0,0,0,0,0,0,0,0.6557284293005067,0,0.3014248795766808,0.6884392585747012,0.2531292406584012,0,0.2310767340943282,0.1862588755576268,0,0.262869026297111,0.1333326230391107,0,0,0,0,0.1355204577216727,0,0,0.0821461692272498,0,0,0.6439022323868323,0,0,0,0.1394394280909141,0,0,0,0,0,0.1785781172409074,0,0,0.0651001402821912,0,0.0993334815590734,0,0,0.1051724763227917,0.0600647736940203,0,0,0,0,0,0,0.2848776854994848,0.1463739369813751,0,0.1061236190191758,0,0.2234316923811529,0.0960920713104565,0,0,0,0,0.3927218224997129,0,0,0.1977030553149976,0.2014181694069707,0,0.1784195215722412,0,0,0.1401910551969457,0,0,0,0,0.106957379630274,0,0,0.7045416836623372,0,0
L3_ID0996,0,0,0,0,0,0,0,0,0,0,0,0,0,0,0,0,0,0,1,0,0,0,0,0,0.4216001245222738,0,0,0,0,0.5564121155117038,0,0,0.8561596785303179,0,0,0.2836960964728334,0,0,0,0,0,0,0,0,0,0,0,0,0,0,0,0.1299273603439794,0,0,0,0,0,0,0,0,0.1895365868990195,0,0,0.3750860331174703,0,0,0,0,0,0.072656177505437,0,0,0,0,0,0,0,0,0,0,0,0,0,0,0,0,0,0,0,0,0,0,0,0,0,0,0,0,0,0,0,0,0,0,0,0,0,0,0,0,0,0,0,0,0,0,0,0,0,0,0,0,0,0,0,0,0,0,0,0,0,0,0,0,0,0,0,0,0,0,0,0,0.1947648594418249,0,0,0,0,0,0,0,0,0,0,0,0,0,0,0,0,0,0,0,0,0,0,0,0,0,0,0,0,0,0,0,0,0,0,0,0,0,0,0,0,0,0,0,0,0,0,0,0,0,0,0
L3_ID0998,0.0290945465858109,0.0339232745375977,0.1472622267636919,0,0.1386544498613138,0.0850801367314989,0.1330752153103008,0.0525369162887001,0.0410532748873907,0.0348135153377438,0.0396585741524952,0.0437487117337058,0.031428189841173,0,0.0445852638249269,0.0510276227187646,0.0422380154266182,0.0543421311005836,0.0358993934020348,0.0557184414353579,0.0774669426928109,0.0480046162531503,0.0848475826156823,0,0.0673976825693836,0.0293725582990696,0.1044974811907491,0.1022467214045041,0.054476915844328,0.1488165439739237,0.0999875733439182,0.0797870042623693,0.0433130328336949,0.0385690719596089,0.0276239080418442,0.0429039637167163,0.0503687397201416,0.0630692814037475,0.1311836031492772,0.1838098536214225,0.156324743840492,0.068550183611256,0.0555841492916168,0.1118949351937312,0.1486239420640844,0.030227611038984,0.152090232235474,0.1556073118129121,0.1116207399576405,0.0644833436644846,0.1774634954310739,0.0838726099235499,0.1469044584184796,0.3014816544874678,0.1353629904682181,0.1259546588062843,0.0287315074205639,0.0864107787946001,0.1547754089274358,0.0849756023193822,0.1067046013081354,0.146984494190435,0.148789136648029,0.1333123294947188,0.1286095288694753,0.0657030916439426,0.1635450794073081,0,0,0.3088055750385373,0.133489196353026,0.1180620526628999,0.3237905046686095,0.0813543354955439,0.2174989273517643,0.1283722270279131,0.0612028481400324,0.1011796090546223,0.0237104097846536,0.0573432285946251,0.1520850810468686,0.0799353378519172,0.0849581502049816,0.071497517333515,0.0758322003220496,0.055407207370452,0.1234765054756853,0.0685041184738099,0,0.0225447727426947,1,0.2461075967515197,0.0878395036753777,0.1700912906968295,0.054209058728279,0.0874606895814555,0.0728960603484357,0.0951648410378851,0.0706992379168315,0.1257586321535654,0,0.0872335869056748,0.0480230957904148,0.0895411223608649,0.1433271033663589,0,0.033040715951788,0,0.0175584984084422,0,0.0225505478913041,0.019674023073797,0.0355734563998892,0.0220324429364649,0.0258347989043525,0.0255515280996306,0.0231845264411918,0.0294982885856115,0.0258904509761474,0.0237400150448485,0.0211835993023057,0,0.0281288089708822,0.0246654908195122,0.0200419683005048,0.0379384853126007,0.0936610974279862,0.0496090238465691,0.0188247126424918,0.0391426084890987,0.0248458176064136,0.0572437327768273,0.0361339624864361,0.0466122518496989,0.0490172611169593,0.0232560636902342,0,0.0332672861504223,0.0336535291215363,0,0.0546293591253315,0.3331830825132966,0.0458320485074201,0,0.1040626514393152,0.0602852891511351,0.0537159098278898,0.0314927908130268,0.0455805128714785,0.0447248103687027,0.0271914193132829,0.0827839451506691,0.0966957198708198,0,0.0804502033753064,0.0423865179075958,0.0418036642009018,0.0418846288757205,0,0.0710126065817515,0.0785129060825535,0.0234209978998913,0.0331098206951,0,0.0403840285229851,0.0887868344701853,0.1394778331124483,0.0714157598072626,0.083364453143062,0,0.0317869246206773,0.0673831016092876,0.0349083689869396,0.0846508428658158,0.1173020881436114,0.092545775957787,0.108274681718471,0.0664466736945518,0.0993335037510411,0.0503030128054232,0.0772428753713359,0.0949354583278037,0.1293818570624165,0.026623451509544,0.0735517156441804,0.0853267557502652,0.0576204638764501,0.1034107962007385,0.0802475711911154,0.1037585061230274,0.0472023866535837,0.0988880209381085,0.0864301234603857,0.174484118078604
L3_ID1003,0,0,0,0,0,0,0,0,0,0,0,0,0,0,0,0,0,0,0,0,0,0,0,0,0,0,0,0,0,0,0,0,0,0,0,0,0,0,0,0,0,0,0,0,0,0,0,0,0,0,0,0,0,0,0,0,0,0,0,0,0,0,0,0,0,0,0,0,0,0,0,0,0,0,0,0,0.8951324976432959,0.4837968588405608,0,0.2288986022362712,0,0.8766138510132346,0.835338770486905,0.7228950500870271,0.6323607902589925,0.0962121197846314,0.4999516545919792,0.5723135861902258,0.6792807355393125,0,0.3625345160909992,0,0,0,0,0,0,0,0.8211746965087401,0.2491475824873335,0,0.9460638600847284,0.8898869804954812,0.6315149609656592,0.5944679905484189,0.628050134941832,0,0,0,0,0,0,0,0,0,0,0,0,0,0,0,0,0,0,0,0,0,0,0,0,0,0,0,0,0,0,0,0,0,0,0,0,0,0,0,0,0,0,0,0,0,0,0,0,0,0,0,0,0,0,0,0,0,0,0,0,0,0,0,0,0,1,0,0,0,0,0,0,0,0,0,0,0,0,0,0,0,0,0,0,0,0,0,0
L3_ID1006,0,0,0,0,0,0,0,0,0,0,0,0,0,0,0,0,0,0,0,0,0,0,0,0,0,0,0,0,0,0,0,0,0,0,0,0,0,0,0,0,0,0,0,0,0,0,0,0,0,0,0,0,0,0,0,0,0,0,0,0,0,0,0,0,0,0,0,0,0,0,0,0,0,0,0,0,0.114580869074575,0.0601175974891376,0,0.1085676797494623,0.0461539543159283,1,0,0.0895763568790349,0.0729750639788919,0,0.2880005026883787,0.2177441283499429,0.1751210435738907,0,0.1579803637250008,0,0,0,0,0,0,0,0.2894801599721276,0.1414558506053893,0,0.2569229650875655,0.2578365877467136,0.0944535178145806,0.2907328605548315,0.0570456974266567,0,0,0,0,0,0,0,0,0,0,0,0,0,0,0,0,0,0,0,0,0,0,0,0,0,0,0,0,0,0,0,0,0,0,0,0,0,0,0,0,0,0,0,0,0,0,0,0,0,0,0,0,0,0,0,0,0,0,0,0,0,0,0,0,0,0.7741263891480697,0,0,0,0,0,0,0,0,0,0,0,0,0,0,0,0,0,0,0,0,0,0
L3_ID1007,0,0,0,0,0,0,0,0,0,0,0,0,0,0,0,0,0,0,0,0,0,0,0,0,0,0,0,0,0,0,0,0,0,0,0,0,0,0,0,0,0,0,0,0,0,0,0,0,0,0,0,0,0,0,0,0,0,0,0,0,0,0,0,0,0,0,0,0,0,0,0,0,0,0,0,0,0.1761293387161735,0,0,0.2319643618181819,0.0645054735948304,0,0.2455996426331589,0.3458382341856894,0.8310089708979398,0.0233987879663638,0.3739704957004301,0.5199605886728673,0,0,0.7199313860609691,0,0,0,0,0,0,0,0.9310430270574545,0.2989839088305972,0,0.4633834152000814,1,0.8482131056130334,0.2356504067725076,0.2307637756579688,0,0,0,0,0,0,0,0,0,0,0,0,0,0,0,0,0,0,0,0,0,0,0,0,0,0,0,0,0,0,0,0,0,0,0,0,0,0,0,0,0,0,0,0,0,0,0,0,0,0,0,0,0,0,0,0,0,0,0,0,0,0,0,0,0,0.4938131093345204,0,0,0,0,0,0,0,0,0,0,0,0,0,0,0,0,0,0,0,0,0,0
L3_ID1011,0,0.0259754346380137,0.0445905255886347,0.2945156183101979,0.1400272944696947,0.3085076965050384,0.3547333596969943,0,0,0,0,0,0,0,0,0,0,0,0,0,0,0.3502280666399822,0.2688872592025924,0,0.3518857573868368,0,0.4171597516338345,0.2992049141765374,0,0.212530770198256,0.1342947711434988,0.1180383881798026,0,0.0963199268504017,0,0.0911385175369234,0.302445627416579,0.0911499213315511,0.0840300596932747,0.1835854875016569,0.1165779468407679,0.5091664919472709,0.2724913517754359,0.2899218398257703,0.2965897981514472,0,0,0.1895772370451505,0.102542181086522,0.0339777024741808,0.2115862368365975,0.1419819619264076,0.1564527219184603,0,0.0660818131512229,0.0944159249342558,0,0.4267138646517773,0,0,0.1095295073455858,0.19784576690835,0.1557751406714739,0,0,0.0994714221677677,0.1669704440167289,0.1416698418408571,0.1364420771431315,0.0819928515864675,0.1665838407289447,0.2328065782577272,0.0171748722605371,0.0337364069698018,0.117252945078153,0,1,0.1829236818894294,0,0.3888333117748412,0.1759741061229263,0.2940513242619886,0.2442150454341365,0.5311227212380879,0.3378955297063375,0.1594583889952626,0.7039398036320539,0.4388767094203332,0.4152144909583561,0,0.6936014117944012,0,0.0553818693636802,0.206742130024663,0,0.1671843172117141,0,0.1952243899764053,0.5926669421465682,0.1734764669165971,0,0.6172977198147339,0.6469100204056216,0.1750100035721095,0.7441502620112413,0.3260233159255449,0,0,0,0,0.3923767074772931,0,0,0.2493022327257416,0.0251262914354063,0,0,0,0.0804303929338973,0,0,0,0.0248015203825827,0,0.088845876767218,0.2095030048960291,0.1152841828705412,0.6936347673154015,0,0.3251391633047447,0.4887288063214063,0.4063033661657756,0.2652779851895935,0.2430481110905704,0.4998976973988368,0.1856186167664371,0.6816162935073655,0.2066540455420215,0.0903212687200343,0,0.3719327185061118,0.1738872811003454,0.1898538426763026,0.245551024262772,0.3576810748330111,0.2443691624368535,0.6391757957165405,0.3249297159232256,0.2658485912867052,0.028727367287434,0,0.0958055532578335,0.5398411728214465,0.202601681290973,0.9387872678938414,0.2551538366497943,0.2158549107931804,0.6536391073883697,0.1466586588742741,0.1342892196004751,0.0940308714522324,0,0.080136963043193,0.18356597999631,0.1532203822558127,0.4642738776029103,0.0404600580666726,0.2223240313528943,0.1758538689536063,0.2487419278251293,0,0.2572722746257042,0,0.2142283241082109,0.0810688820654256,0.3139311530943468,0.7644214437848594,0.3066530185065621,0.2693789717049572,0.3954380441938601,0.4140585671751201,0.2321601010726259,0,0,0.4517611314143376,0.2644796424608904,0.0654467628921787,0,0.1547689697613003,0.5036676268985584,0,0.1538429723849595,0.0768649452688794,0.2522469716178596
L3_ID1024,0,0,0,0,0,0,0,0,0,0,0,0,0,0.0296670593223093,0,0,0,0,0,0,0.0394925746411574,0,0,0,0,0,0,0,0,0,0,0,0.0390279224383166,0,0,0,0,0,0,0,0.0174269889512572,0,0,0,0,0,0,0,0,0,0,0,0,0,0,0,0,0.0226149730702463,0,0.0133847198867476,0,0.0228805668957836,0,0,0,0,0,0,0,0,0,0,0,0,0,0,0.9529616192267452,0.3328498915778401,0,0.7328408725925669,0.2193151993133911,0.7890701382015949,0.8114411967460279,0.9262908632467428,0.6724611953962718,0,0.7627977722664702,1,0.8337755080047249,0,0.6286957522611064,0,0,0,0,0,0,0,0.7380750199371692,0.2979916680829683,0,0.9598527069852704,0.9858162543844988,0.9200997406136302,0.7761357119662943,0.430520864508164,0,0,0,0,0,0,0,0,0,0,0,0,0,0,0,0,0,0,0,0,0,0,0,0,0,0,0,0,0,0,0,0,0,0,0,0,0,0,0.0380802554316198,0,0,0,0,0,0,0,0,0,0,0,0,0,0,0,0,0,0,0,0,0,0,0,0,0,0,0.790373960166649,0,0,0,0,0,0,0,0,0,0,0,0,0,0,0,0,0,0,0,0,0,0
L3_ID1032,0,0,0,0,0,0,0,0,0,0,0,0,0,0,0,0,0,0,0,0,0,0,0,0,0,0,0,0,0,0,0,0,0,0,0,0,0,0,0,0,0,0,0,0,0,0,0,0,0,0,0,0,0,0,0,0,0.0526889449494286,0,0,0,0,0,0,0,0,0,0,0,0,0,0,0,0,0,0,0,0,0,0,0,0,0,0,0,0,0,0,0,0,0,0,0,0,0,0,0,0,0,0,0,0,0,0,0,0,0,0,0,0,0,0,0,0,0,0,0,0,0,0,0,0,0,0,0,0,0,0,0,0,0,0,0,0,0,0,0,0,0,0,0,0,0,0,0,0,0,0,0,0,0,0,0,1,0,0,0,0,0,0,0,0,0,0,0,0,0,0,0,0,0,0,0,0,0,0,0,0,0,0,0,0,0,0,0,0,0,0,0,0,0,0,0,0,0
L3_ID1034,0,0.2319701626752847,0.2262738309986407,0.1982903949741955,0.052483289415955,0.294838110353203,0.1382777427401171,0.1243495005302258,0.0926081673785717,0.212020628594474,0.166707188185162,0.2330479975243799,0.4558223503761435,0.2285341709560824,0.0873923084243121,0.2897349969192879,0.1282100358409838,0.3336246625444017,0.1008502144895599,0.0993911741901395,0.131453461781553,0.0477730374342328,0.1897720119185753,0.1559714685725076,0.2172388038736262,0,0,0.0559785014873993,0.2520714319745743,0.1765693876797271,0.1104901955492475,0.2043806506373867,0.1268757078338235,0.1483831350977155,0.3792934410051813,0.0576563229230609,0.2367402831552051,0.3552620271344923,0.1384009064098064,0.0583484949902142,0.077056492231535,0.0764881133644253,0.1411218815732359,0.1136859163748911,0.0505532542005914,0.6352121611221995,0.1250156033169942,0.2994118160450423,0.0413610596502111,0.1569976430012923,0.1642832285624875,0.1218217100504402,0.2025236407731153,0.0900252419911366,0.0900165929614919,0.0325848977699571,0.050111643672219,0.0963646407097457,0.3090119361284248,0,0.1980864946315876,0.1019344245447815,0.2116941596014153,0.2757148508004135,0.2280611147234918,0.0375508353623843,0.089100874291518,0.0244628134439156,0.2144365288940704,0.039030674771792,0.279442656954706,0.1496153376154034,0.1770828919601043,0.0782357751832011,0.1613274386194091,0.1218524385439692,0.4054595713965921,0,0.1329015526644515,0.3655697366585105,0,0.1543731512699134,0.2371942403327755,0.2438764020087679,0.0803430251908619,0,0.0897436810125663,0,0.2625291288480584,0.0454599851474697,0,0.1489130050422355,0.0823174265281932,0.2195028945773389,0.0963972127003796,0.2199101852460644,0.1389771134775215,0.2083260532021151,0.1184120266818526,0.0504512987166157,0.1414424296148555,0.2220782440948272,0.0964018825388671,0.156333240269491,0.1722103192401468,0.2645465309507119,0.4602584313057302,0.0467786487206597,0.1765636712449005,0.2657556950460101,0.3187028657104055,0.4260986318340137,1,0.0828891443882609,0.0302068874454383,0.3659191138922499,0,0.0450450389187208,0.0704879314160425,0,0.248913654250726,0,0.2484491992337342,0.5051712484493905,0.2270098113572257,0.1761759790223417,0.3298830646941892,0.4806828173021904,0.7318552389595137,0.2062241689929439,0,0.3572620142990773,0.0797949062188053,0.4995906373892834,0.0349177822604449,0.0859197261245449,0.1176599861165011,0.1176511033292984,0.4632248359670089,0.2432527049680833,0,0.0862589402171845,0.0493007918303518,0.2360220311823232,0.2517186599435726,0.3101580494351333,0,0.1159098326546643,0.2416328075927515,0,0.1123322901087699,0.1521006771701446,0.1352909586699212,0.2553037916623439,0.0577013053149541,0.108709866111746,0.3249891695873256,0,0.1373560154383691,0,0.1087841585138051,0.0901634352092689,0.1837728605860148,0.0886054809517128,0.1823733912751734,0.136519301510316,0,0.5175679379153527,0.1969775753399547,0.2876385369479958,0.0876377644855202,0.3565301831371463,0.229718046733746,0.0754425264329858,0.0771408494690154,0.3317607754052707,0.2333820583254008,0.2226947637159478,0.2178268103853468,0.2512784944619222,0.3584474095008677,0.2005178707440558,0.1697621285215204,0,0.2954534452485185,0.2301368871509038,0.0621938068187589,0.0870163943950717,0.0445761531334711,0.2037240787837772,0,0.7524187425789944,0.0672527613249055,0.1139528037540273
L3_ID1047,0,0,0,0.2492715076706606,0.3638203641900808,0,0,0,0,0,0,0,0,0,0,0,0,0,0.447398780847607,0.2696988748202214,0,0,0,1,0,0.0553791908903659,0,0,0.5439841667039793,0,0.5829710332473289,0,0,0,0,0,0,0,0,0.3764660523126172,0,0,0,0,0.2445772671226497,0,0,0,0,0,0.5817299713797719,0,0,0,0.3148574693517894,0,0,0.4516975613550334,0.6690500307403812,0,0,0,0.1931587274778554,0.2196162339001448,0,0.6785237868582319,0.1964368050487961,0,0,0.212510709945127,0,0,0,0,0.3775956590370882,0,0,0,0.3676303418365325,0,0,0,0,0,0,0,0,0,0,0.5381048332043559,0,0,0,0,0,0,0,0,0,0,0,0,0,0,0,0,0,0.2325844270984987,0,0,0.6363858358694416,0,0.4437690529912317,0.2780791339330872,0,0,0,0.7383049789671802,0.1823749769343707,0,0,0,0.9920934654693164,0.3061070109123526,0,0.2725237995460519,0.1761458664415712,0,0.5109852156557033,0.0762869828207837,0.143307363449866,0,0,0,0,0.0923504581820027,0,0,0,0.6328826644201258,0,0,0,0,0,0,0,0,0,0,0.5470570095930032,0,0.1886207861612292,0,0,0,0,0,0,0.2428921545416925,0,0,0,0,0,0,0,0,0.2729769523911621,0,0,0,0.3612065353673441,0,0,0,0,0,0,0,0,0,0,0.231973458000052,0,0,0,0,0,0,0,0,0,0.2252824947711011
L3_ID1056,0,1,0,0,0,0,0,0,0,0,0,0,0,0,0,0,0,0,0,0,0,0,0,0,0,0,0,0,0,0,0,0,0,0,0,0,0,0,0,0,0,0,0,0.2949727574744286,0,0,0,0,0,0,0,0,0,0,0,0,0,0,0,0,0,0,0,0,0,0,0,0,0,0,0,0,0,0,0,0,0,0,0,0,0,0,0,0,0,0,0,0,0,0,0,0,0,0,0,0,0,0,0,0,0,0,0,0,0,0,0,0,0,0,0,0,0,0,0,0,0,0,0,0,0,0,0,0,0,0,0,0,0,0,0.0220209312194246,0,0,0,0,0,0,0,0,0,0,0,0,0,0,0,0,0,0,0,0,0,0,0,0,0,0,0,0,0,0,0,0,0,0,0,0,0,0,0,0,0,0,0,0,0,0,0,0,0,0,0,0,0,0,0,0,0,0,0,0,0,0,0
L3_ID1058,0,0,0,0,0,0,0,0,0,0,0,0,0,0,0,0,0,0,0,0,0,0,0,0,0,0,0,0,0,0,0,0,0,0,0,0,0,0,0,0,0,0,0,0,0,0,0,0,0,0,0,0,0,0,0,0,0,0,0,0,0,0,0,0.4160510833150324,0,0,0,0,0,0,0,0,0,0,0,0,0,0,0,0,0,0,0,0,0,0,0.1848675082061532,0,0,0.3070279793534088,0,0,0,0,0,0,0,0,0,0,0,0,0,0,0,0,0,0,0,0,0,0,0,0,0,0.7652518175483972,0.3382088358987366,0.1986802800452266,0,0,0.3937132331632281,0,0,0,0,0.3746306810074722,0,0,0.3397962273762483,0,0,0,0,0,0,0,0,0,0,0,0,0,0,0,0,0,0,0,0,0,0.8098088501140505,0,0,0.7962299463487116,0,0,0,0,0,1,0,0,0,0,0.3445288899665585,0,0,0,0,0,0,0,0,0,0,0.5614704200058032,0,0,0,0,0,0,0,0,0,0,0,0,0.4981699555975279,0,0,0,0,0
L3_ID1061,0,0,0,0,0,0,0,0,0,0,0,0,0,0,0,0,0,0,0,0,0,0,0,0,0,0,0,0,0,0,0,0,0,0,0,0,0,0,0,0,0,0,0,0,0,0,0,0,0,0,0,0,0,0,0,0,0,0,0,0,0,0,0,0,0,0,0,0,0,0,0,0,0,0,0,0,0.8638965955969469,0.5792031788885827,0,0.601199394781633,0.2320760511988476,0.6387760542826362,0.9389443694498024,0.6891744101259678,0.7775186345382326,0.0730394627940914,0.8181356110924868,0.7388247482981963,1,0,0.7396069860742079,0,0,0,0,0,0,0,0.7003466775162969,0.2071292216816197,0,0.7408878028205722,0.8589582564458641,0.7840256272774027,0.7925351427545394,0.6964511065329563,0,0,0,0,0,0,0,0,0,0,0,0,0,0,0,0,0,0,0,0,0,0,0,0,0,0,0,0,0,0,0,0,0,0,0,0,0,0,0,0,0,0,0,0,0,0,0,0,0,0,0,0,0,0,0,0,0,0,0,0,0,0,0,0,0,0.6607473511748737,0,0,0,0,0,0,0,0,0,0,0,0,0,0,0,0,0,0,0,0,0,0
L3_ID1063,0.0556032386986787,0.5043833658097753,0.2127380981282567,0.1699950045906406,0.0872044980478346,0.2929316462118983,0.3641635485163103,0.5117427411215502,0.1783925830882299,0.4391343390001825,0.3260624374460022,0.1144541624959132,0.4805232526971602,0.106814478664805,0.3367116253509005,0.3352635029502538,0.1415732842971633,0.3761122381627948,0.2829831887048533,0.1863503645562048,0.1856902132775988,0.2641439951653295,0.1723127646863618,0.0991376338260059,0.8164016300944799,0.0459103624492457,0.5907130610161835,0.1967242980725327,0.3350991940355881,0.3309674596656263,0.4419736269613862,0.1687000135877238,0.4488668887153734,0.1095330678506537,0.2503954623605005,0.472260864898498,0.1392262745152,0.1046027209278145,0.3610226998564714,0.422141521679577,0.2866319555977376,0.1880172753110941,0.5360161243715824,0.3073788877622754,0.1806355566512989,0.16424779766252,0.1438136256268619,0.2306493298879937,0.0961768071665353,0.0618492152965341,0.1689925155638743,0.2643958165002295,0.230828964796869,0.1130892083002149,0.1994433181764918,0.2228206916814587,0.1513570647852212,0.1315466835013043,0.6914373296403705,0.0219511430886646,0.2998356589492427,0.1531528880106582,0.0706180912698304,0.1240697368378384,0.1523254829828147,0.1349317240980984,0.3419959440162408,0.0521437592279882,0.2403356693619206,0.2088430504571402,0.1966073460709698,0.3480749122677397,0.1885142979460334,0.2175829352913211,0.7112013414656342,0.1608124494751256,0.160806139115329,0.2838737791316226,0.1552801102980777,0.2738433921198856,0.0709218416072229,0.1537123364641774,0.3454456424292466,0.3116019207683494,0.3554543755582002,0.0329991530340253,0.4219140215230597,0.23607256995567,0.2855928613704226,0.0463886351354932,0.2150778451535283,0.2015665365920382,0.1671575980515245,0.5675996621269763,0.2184627864205848,0.6362225812310559,0.3052865594273605,0.377066528165955,0.4771535439375015,0.1855258196405099,0.1776103351072748,0.3637460831582135,0.1699003725653952,0.3278336619540841,0.3158880106289831,0.350355710015245,0.1433795663596705,0.055580813549698,0.1115280019148436,0.3889903736922035,0.2230099615748753,0.4841509499998349,0.3334859680823754,0.1187025771713911,0.1163289470197675,0.3267262872966001,0.0257014527295475,0.3637996277296725,0.0457053254207264,0.1705056996718058,0.1381388592920354,0.7403571202053718,0.291957233172498,0.2329701633626528,0.1189663502108872,0.1865621881429683,0.5634663881460826,0.5634264108481862,0.1532660421104916,0.2120580516875143,0.133687414633029,0.2533140621956657,0.1357429909650547,0,0.3484301270950285,0.2394997263611804,0.6316158725064256,0.216158243022882,0.2757130114973879,0.1212648987667833,0.2345831380700588,0.1510439891383516,0.2786057739149417,0.2887898999886851,0.250088439984695,0.8254087805793535,0.2842892111515626,0.2109373040314113,0.6724218900888992,0,0.0713618665015923,0.1056111397950073,0.1202280482229515,0.1139075918507195,0.0736237390126337,0.0715963372685146,0.1392635757531085,0.3072395339834348,0.134066246566149,0.0719367344361329,0.1981065940718201,0.3139288717862557,0.1030823098499428,0.1851591497573126,0.429906442780944,0.1912701839852592,0.0912967196324963,0.2079777262996544,0,0.1477444568382637,0.0663597436205987,0.4265447037719913,0.1930864165502974,0.4556323773693319,0.3174431958793818,0.1493278400482719,0.052922533584918,0.5990834961975846,0.2562869953972644,0.3239919850250488,0.261582015381093,0.5612644231526283,0.2818311624088828,0.1182000505004071,1,0.1626591061544793,0.085414967653417,0.1003670438304445,0.3897387180918921,0.5670204178410582,0.0898288729729539,0.4663077766390889,0.1443633397661024,0.6588118930533076
L3_ID1064,0.0540447830492831,0,0,0.3026284485584705,0.3467527360090313,0.0976714417928376,0.2854627729031923,0.2871783061861594,0.2953223355112392,0,0.1198157016572891,0,0.1397206537923628,0.5530477383556981,0.5019437141956437,0,0.1864551780754502,0.2183674382889537,0,0.2590708054609333,0,0.244664674292875,0.4040568541929864,0,0,0.0707137881215424,0.6737346081066526,0,0.1074870658175165,0.0484612571805251,0.4607453162968734,0.3082436938735882,0,0.9808913717348116,0.2631855057754731,0.3226015011984903,0,0,0,0.1139222932948223,0.7588247641344416,0.360354386969671,0.6079008771109191,0,1,0.3313632256880214,0.6353211081298442,0.0918619982673187,0,0.0773692059933161,0.3463503239343499,0.3896458095685828,0.3404019708463016,0,0,0.7453470551101126,0,0,0,0,0,0.9020698033123772,0.3699706106522161,0.3669136546524142,0.1068237983454623,0,0,0,0.2521847192293813,0.2139834559994088,0.6805466731183624,0.2239347528374227,0,0,0.2325689240002295,0.1153234513571752,0,0.1093913126750664,0.2718471185919685,0.1685428413102969,0,0.1507788540758496,0,0,0,0,0,0,0,0.2591903007192514,0.4247401469477216,0.2337565309661742,0,0.4183978574971875,0.2714361816705279,0.5243439160011226,0.8324992904969037,0,0,0,0.2948655069075335,0.0577313002106103,0,0.1784911409399402,0,0,0.1440603535565955,0.1577639833036822,0.336295598840267,0,0,0.1172879494731595,0,0,0.1399817794298346,0.1290009783674274,0,0.2223491559075075,0.3129922546239555,0,0,0,0.3368795385596261,0,0,0,0.3068427446331299,0,0.2704413295970101,0.0792059972468921,0.0869314123749918,0,0,0,0.589331255006812,0.3116890585974873,0,0.1761516109847588,0,0,0,0.4986885493668717,0.3769222423914146,0.170797491307113,0.4485703610879414,0.1419136399120452,0.0902940774769519,0.3406143795641096,0.2216912195355879,0,0.0974510916913846,0.0572894699520525,0,0.3975108282750938,0.0729242907130958,0,0.2472008776219185,0.4284676423349688,0,0,0.1440315729860528,0,0.1759088002558141,0.1359601399784751,0,0.118655278388575,0.1909528577448257,0.3081176637183308,0,0.1563718414337229,0,0,0.2353087163929413,0,0.1835075833302542,0.1443847399445133,0,0,0.2391274300972392,0,0.0247037621942159,0.0664398426868508,0.0858938623658331,0.1288174976238525,0.3186034709048699,0.1941224424477031,0,0.4433452442066419,0,0,0.0771639647897787,0,0,0.3702208775511648
L3_ID1066,0,0.0865066736032385,0,0,0,0,0,0,0,0,0,0,0,0,0,0,0,0,0,0,0,0,0,0,0,0,0,0,0,0,0,0,0,0,0,0,0,0,0,0,0,0,0,0,0,0,0,0,0,0,0,0,0,0,0,0,0.50262970634798,0,0,0,0,0,0,0,0,0,0,0.749555154199615,0,0,0,0,0,0,0,0,0,0,0,0,0,0,0,0,0,0,0,0,0,0,0,0,0,0,0,0,0,0,0,0,0,0,0,0,0,0,0,0,0,0,0,0,0.0669789596891854,0,0,0,0.0223355222509203,0,0,0.2228905483671017,0,0.0569345729391648,0,0,0,0,0,0,0,0,0,0.4485037268212314,0,0,0,0,0.153188670420896,0,0,0,0,0,0,0,0,0,0,0,0,0,0,0,0,0,0,0,0,0,0,0,0,0,0,0,0,0,0,0,0,0,0,0,0,0.1143331438997397,0,0,0,0,0,0,0,0,0,1,0,0,0,0,0,0.2652777680900116,0,0,0,0
L3_ID1067,0.0865382569704292,0.1775892524598967,0,0.062714320670062,0,0,0,0.0184911350638414,0,0,0.0131246406785937,0,0.1566701827382808,0,0,0.012781344939347,0,0,0,0,0,0,0,0.2088241623142085,0,0,0.014839519007358,0.0069465235687775,0,0.0079735500873739,0,0.0076304878055382,0,0,0.0280185518792441,0,0.0374355860552437,0,0,0,0.0096734245481888,0.0067974161813459,0.1441367137425077,0.0185691567843129,0,0.0444514617005335,0,0,0,0,0,0,0,0,0,0,0.0745159582012438,0,0,0,0,0,0.0109813976059856,0,0,0.0470391645445726,0,0.0325775403414406,0,0,0,0,0,0.1554501004746561,0.1599109505465474,0.0753192750017323,0.899839651976579,0.3837116832103385,0.1328504757388351,0.5521253421335274,0.1658086125619305,0.8287834987700516,0.5005418377334303,0.8031562359248865,0.5859094039081176,0.0815906515803104,0.5984222880504452,0.9970474742750234,1,0.1485832992282507,0.4858022706406125,0.1563862308578457,0.0333379009783286,0.0483364163245331,0.0978418723257284,0.2110202183591449,0,0.1444018536924436,0.7296671452205246,0.2021380097356477,0.0567773701408377,0.8286419897446557,0.9561120638880228,0.5236040735543775,0.527246983594914,0.3789164003222118,0.0351654394250424,0.1927226385207705,0.131548067595191,0.1276862760064789,0.2731354044186111,0.2031389127083117,0.1538662171291965,0.0811006278583307,0.0739389191503828,0.0729761813892353,0.0578732056937082,0.1650058303450784,0.1419244264864944,0.0397444392474794,0.1020977941590444,0.3558919778349444,0.1910514218030004,0.2347091486072134,0.0596345505058379,0.0609777291103662,0.1356973569102311,0.0848143186332306,0.0419472824745348,0.0558263593852856,0.1601538274564321,0.0375000710522554,0.0568195481130686,0.0337928181192183,0.0234222372988341,0.0719044697688216,0.0292497504374112,0.0378987858590583,0.3237514291653674,0.250657064191179,0.0491351993144337,0,0.0223952634367258,0.013475360532678,0,0,0.0231750972536205,0,0,0.0303334123705089,0.0806403445804316,0,0.0359201666331029,0,0.0892112555095949,0.0240814838092887,0,0.0837933662366178,0.0655294110322904,0,0,0.0232225060252312,0.0243053897669594,0,0.1849590596903908,0,0,0,0,0,0,0.4252525670841562,0.0706054044646259,0.0474412018901794,0,0,0,0,0,0,0,0,0,0.0605586899750545,0,0.1091180547435297,0.0190126429706717,0,0.021412087788648,0,0.031285496945565,0,0.0368414775458632,0.2069074363696601
L3_ID1073,0,0.1619138766353188,0,0,0,0,0,0,0,0,0,0,0,0,0,0,0,0,0,0,0,0,0,0,0,0,0,0,0,0,0,0,0,0,0,0,0,0,0,0,0,0,0,0,0,0,0,0,0,0,0,0,0,0,0,0,0.6800624659777645,0,0,0,0,0,0,0,0,0,0,0.906438876140766,0,0,0,0,0,0,0,0,0,0,0,0,0,0,0,0,0,0,0,0,0,0,0,0,0,0,0,0,0,0,0,0,0,0,0,0,0,0,0,0,0,0,0,0,0.1155766426439321,0,0,0,0.0647778583844534,0,0,0.3080258884049819,0,0.14604299557342,0,0,0,0,0,0,0,0,0,0.5945895094244081,0,0,0,0,0.2156273746043024,0,0,0,0,0,0,0,0,0,0,0,0,0,0,0,0,0,0,0,0,0,0,0,0,0,0,0,0,0,0,0,0.0016820742533373,0,0,0,0,0.1355650279196426,0,0,0,0,0,0,0,0,0,1,0,0,0,0,0,0.4078212225182657,0,0,0,0.008251729706568
L3_ID1076,0,0,0,0,0,0,0,0,0,0,0,0,0,0,0,0,0,0,0,0,0,0,0,0,0,0,0,0,0,0,0,0,0,0,0,0,0,0,0,0,0,0,0,0,0,0,0,0,0,0,0,0,0,0,0,0,0,0,0,0,0,0,0,0,0,0,0,0,0,0,0,0,0,0,0,0,0,0,0,0,0,0,0,0,0,0,0,0,0,0,0,0,0,0,0,0,0,0,0,0,0,0,0,0,0,0,0,0,0,0,0,0,0,0,0,0,0,0,0,0,0,0,0,0,0,0,0,0,0,0,0,0,0,0,0,0,0,0,0,0,0,0,0,0,0,0,0,0,0,0,0,0,0,0,0,0,0,0,0,0,0,0,0,0,0,0,0,0,0,0,0,0,0,0,0,0,0,0,1,0,0,0,0,0,0,0,0,0,0,0,0,0,0,0
L3_ID1081,0,0,0,0,0,0,0,0,0,0,0,0,0,0,0,0,0,0,0,0,0,0,0,0,0,0,0,0,0,0,0,0,0,0,0,0,0,0,0,0,0,0,0,0,0,0,0,0,0,0,0,0,0,0,0,0,0,0,0,0,0,0,0,0,0,0,0,0,0,0,0,0,0,0,0,0,0.5104884670833705,0,0,0.4753115534916158,0,1,0.3925080754186335,0.5025981135350582,0,0,0,0.5476255488630124,0,0,0.1984446315150601,0,0,0,0,0,0,0,0.4185784715156662,0,0,0.6283689755995374,0,0,0,0,0,0,0,0,0,0,0,0,0,0,0,0,0,0,0,0,0,0,0,0,0,0,0,0,0,0,0,0,0,0,0,0,0,0,0,0,0,0,0,0,0,0,0,0,0,0,0,0,0,0,0,0,0,0,0,0,0,0,0,0,0,0,0,0,0,0.9866478878744492,0,0,0,0,0,0,0,0,0,0,0,0,0,0,0,0,0,0,0,0,0,0
L3_ID1084,0,0,0,0,0,0,0,0,0,0,0,0,0,0,0,0,0,0,0,0,0,0,0,0,0,0,0,0,0,0,0,0,0,0,0,0,0,0,0,0,0,0,0,0,0,0,0,0,0,0,0,0,0,0,0,0,0,0,0,0,0,0,0,0,0,0,0,0,0,0,0,0,0,0,0,0,0.4500750731707073,0.2271104892864336,0,0.3447863892659478,0.0844093267223117,0.8776687095610415,0.6341717581827184,0.9929539186565958,0.4155956839768566,0.1041824326994194,0.5263371673895552,0,0.8190775528397152,0,0.3946266788033709,0,0,0,0,0,0,0,1,0.127298720622839,0,0.5400115026688436,0.5067460458950628,0.6125612030514013,0,0.4053713633563613,0,0,0,0,0,0,0,0,0,0,0,0,0,0,0,0,0,0,0,0,0,0,0,0,0,0,0,0,0,0,0,0,0,0,0,0,0,0,0,0,0,0,0,0,0,0,0,0,0,0,0,0,0,0,0,0,0,0,0,0,0,0,0,0,0,0,0,0,0,0,0,0,0,0,0,0,0,0,0,0,0,0,0,0,0,0,0,0
L3_ID1086,0,0,0,0,0,0,0,0,0,0,0,0,0,0,0,0,0,0,0,0,0,0,0,0,0,0,0,0,0,0,0,0,1,0,0,0,0,0,0,0.0081263672796223,0.0131642300465211,0,0,0,0,0,0,0,0,0,0,0,0,0,0,0,0,0,0,0,0,0,0,0,0,0,0,0,0,0,0,0,0,0,0,0,0,0,0,0,0,0,0,0,0,0,0,0,0,0,0,0,0,0,0,0,0,0,0,0,0,0,0,0,0,0,0,0,0,0,0,0,0,0,0,0,0,0,0,0,0,0,0,0,0,0,0,0,0,0,0,0,0,0,0,0,0,0,0,0,0.008957720845764,0,0,0,0,0,0,0,0,0,0,0,0,0,0,0,0,0,0,0,0,0,0,0,0,0,0,0,0,0,0,0,0,0,0,0,0,0,0,0,0,0,0,0,0,0,0,0,0,0,0,0,0,0
L3_ID1090,0,0,0,0,0,0,0,0,0,0,0,0,0,0,0,0,0,0,0.2187892933116848,0,0,0,0,0,0.3885698955696635,0,0,0.1193322784570986,0,0,0,0,0,0,0,0,0,0,0,0,0,0,0,0,0,0,0,0,0,0,0,0,0,0,0,0,0,0,0,0,0,0,0,0,0,0,0,0,0,0,0,0,0,0,0,0,0,0,0,0,0,0,0,0,0,0,0,0,0,0,0,0,0,0,0,0,0,0,0,0,0,0,0,0,0,0,0,0,0,0,0,0,0,0,0,0.3857623542827348,0,0,0,0,0,0,0,0,0,0,0,0,0.1234777868121514,0,0,0,0,0,0,0,0,0,0,0,0,0,0,0,0,0,0,0,0,0,0.2999156269517473,0,0,1,0,0,0,0,0,0,0,0,0,0,0,0,0,0,0,0,0,0,0,0,0,0,0,0,0,0,0,0,0,0,0,0,0,0,0,0,0,0,0,0
L3_ID1091,0,0,0,0,0,0,0,0,0,0,0,0,0,0,0,0,0,0,0,0,0,0,0,0,0,0,0,0,0,0,0,0,0,0,0,0,0,0,0,0,0,0,0,0,0,0,0,0,0,0,0,0,0,0,0,0,0,0,0,0,0,0,0,0,0,0,0,0,0,0,1,0,0,0,0,0,0,0,0,0,0,0,0,0,0,0,0,0,0,0,0,0,0,0,0,0,0,0,0,0,0,0,0,0,0,0,0,0,0,0,0,0,0,0,0,0,0,0,0,0,0,0,0,0,0,0,0,0,0,0,0,0,0,0,0,0,0,0,0,0,0,0,0,0,0,0,0,0,0,0,0,0,0,0,0,0,0,0,0,0,0,0,0,0,0,0,0,0,0,0,0,0,0,0,0,0,0,0,0,0,0,0,0,0,0,0,0,0,0,0,0,0,0,0
L3_ID1092,0,0.0940347730209822,0,0,0,0,0,0,0,0,0,0,0,0,0,0,0,0,0,0,0,0,0,0,0,0,0,0,0,0,0,0,0,0,0,0,0,0,0,0,0,0,0,0,0,0,0,0,0,0,0,0,0,0,0,0,0.3248707678128371,0,0,0,0,0,0,0,0,0,0,0.5091459397808973,0,0,0,0,0,0,0,0,0,0,0,0,0,0,0,0,0,0,0,0,0,0,0,0,0,0,0,0,0,0,0,0,0,0,0,0,0,0,0,0,0,0,0,0,0,0,0,0,0,0,0,0.0770022156778041,0,0,0,0,0,0,0,0,0,0,0,0.4085393878881178,0,0,0,0,0.0664822400002914,0,0,0,0,0,0,0,0,0,0,0,0,0,0,0,0,0,0,0,0,0,0,0,0,0,0,0,0,0,0,0,0,0,0,0,0,0.1017430066018613,0,0,0,0,0,0,0,0,0,1,0,0,0,0,0,0.1664403446373803,0,0,0,0
L3_ID1100,0,0,0,0,0,0,0,0,0,0,0,0,0,0,0,0,0,0,0,0,0,0,0,0,0,0,0,0,0,0,0,0,0,0,0,0,0,0,0,0,0,0,0,0,0,0,0,0,0,0,0,0,0,0,0,0,0,0,0,0,0,0,0,0,0,0,0,1,0,0,0,0,0,0,0,0,0,0,0,0,0,0,0,0,0.4717129528412149,0,0,0,0,0,0,0.004676209912906,0,0,0,0,0,0,0,0,0,0,0,0,0,0,0,0,0,0,0,0,0.3707125184204231,0,0,0,0.2029022775504768,0,0,0.2969806311548559,0,0,0.2259601826568865,0.1436289489278192,0,0,0,0,0,0.0603237822986494,0,0,0,0,0,0,0.1128891912796749,0,0,0,0,0,0,0.1179826265122452,0,0,0,0,0,0,0,0,0.4691220711358874,0,0,0,0,0,0,0.8106950941965154,0,0,0,0,0.0683678862813484,0,0,0,0,0,0,0,0,0,0,0,0,0,0,0,0,0,0,0,0,0,0,0.4166521352534902,0,0,0,0,0.0073337527345559,0
L3_ID1103,0,0,0,0,0,0,0,0,0,0,0,0,0,0,0,0,0,0,0,0,0,0,0,0,0,0,0,0,0,0,0,0,0,0,0,0,0,0,0,0,0,0,0,0,0,0,0,0,0,0,0,0,0,0,0,0,0,0,0,0,0,0,0,0,0,0,0,0,0,0,0,0,0,0,0,0,0,0,0,0,0,0,0,0,0,0,0,0,0,0,0,0,0,0,0,0,0,0,0,0,0,0,0,0,0,0,0,0,0,0,0,0,0,0,0,0,0,0,0,0,0,0,0,0,0,0,0,0,0,0,0,0,0,0,0,0,0,0,0,0,0,0,0,0,0,0,0,0,0,0,1,0,0,0,0,0,0,0,0,0,0,0,0,0,0,0,0,0,0,0,0,0,0,0,0,0,0,0,0,0,0,0,0,0,0,0,0,0,0,0,0,0,0,0
L3_ID1105,0,0,0,0,0,0,0,0,0,0,0,0,0,0,0,0,0,0,0,0,0,0,0,0,0,0,0,0,0,0,0,0,0,0,0,0,0,0,0,0,0,0,0,0,0,0,0,0,0,0,0,0,0,0,0,0,0,0,0,0,0,0,0,0,0,0,0,0,0,0,0,0,0,0,0,0,0,0,0,0,0,0,0,0,0,0,0,0,0,0,0,0,0,0,0,0,0,0,0,0,0,0,0,0,0,0,0,0,0,0,0,0,0,0,0,0,0,0,0,0,0,0,0,0,0,0,0,0,0,0,0,0,0,0,0,0,0,0,0,0,0,0,0,0,0,0,0,0,0,0,0,0,0,0,0,0,0,0,0,0,0,0,0,0,0,0,0,0,0,0,0,0,0,0,0,0,0,0,1,0.0009800434947,0,0,0,0,0,0,0,0,0,0,0,0,0,0
L3_ID1107,0.0100299558368378,0.0144655727160607,0.0215411508384815,0.0130888646666069,0.0180497937821754,0.0217946826373418,0.0072670853593002,0.0114850041300536,0.0358802848242429,0.0253288028955952,0.0119777670841384,0.0152106362494851,0.0295936964483092,0.0240991579485072,0.0150952669341262,0.0168261326775658,0.0092656147583345,0.0292092068232747,0.0109073471449173,0.0121288562165334,0.0019069278227625,0.0056360842358176,0.0009653371593732,0.0024898417684302,0.0041336548003956,0.0080398478637182,0.0051801185603588,0.0054804858341824,0.0107651285734452,0,0.0016334902965196,0.0017820388105549,0.0023438376304597,0.2515990454855635,0.0065943730248233,0.1014573810206796,0,0.0210184871691989,0.0068855824531689,0.005490815939373,0.0035095315618742,0.0039980787449438,0.0031329585914216,0.0010963275003786,0.0039256586874146,0.018828127988453,0.0607597700517544,0.0041543713694168,0.1144677435930711,0.0017590835029402,0.0022356901688076,0.0470696945347374,0.0049684418667945,0.001530144735739,0.3973837419869228,0.4011906126293074,0.0148421270445781,0.0165570435819062,1,0,0.0076027569846701,0.1293513448163424,0.0616092259715707,0.0760653200314333,0.280052854623962,0,0.2297326052936159,0.0163196482732535,0.0055917083097093,0.0089287958722104,0.0874604150785283,0.0136209757780715,0.0021476750256352,0.003434217776851,0.0114478825724832,0.0021431508717024,0,0,0.0078201133297221,0,0,0,0,0,0,0,0,0,0.0024471646940456,0.0206393900544505,0,0.3514667868441736,0.20617707527241,0.0065110067464448,0.113849567346917,0.1336308280313591,0.0015886106113374,0.0063380160708066,0,0,0.0200187692884121,0,0,0,0,0.0088354659643109,0.0117287520690037,0.0136601181541605,0.0075320143202691,0.0146947668310228,0.0176113096897998,0.0235127275127199,0.019435626728979,0.0097898749667327,0.0089680116590407,0.0154796143619766,0.0154057377225055,0.0216908116406249,0.0051937024377008,0.0198040862226752,0.0219477318943354,0.0258964748638292,0.0346638977414407,0.024146945450959,0.0211757693935872,0.0262769436611704,0.0404700584799908,0.0278389068957023,0.0162644746097517,0.0131958790303445,0.0354290041413739,0.0145858299151134,0.0183166504976522,0.0216918497956762,0.0279542738989119,0.019945427911512,0.0141767216800365,0.0340694348988643,0.0410170020294382,0.0183230979260723,0,0.0103742637746574,0.019598721696795,0.0186632989086359,0.0116465459115539,0.0215065356507901,0.0105055268045437,0.0058445534002172,0.0127831933222093,0.015400869492081,0.0243355786862152,0.0083011976175169,0.0139447373788646,0.0136972628332241,0.0195190167068882,0.0149514454651278,0.0089166044868053,0.0251647651488879,0.0166687336896361,0.0164391655845191,0.0039400461087895,0.0170644418632431,0.0216218749082076,0.0113897169877422,0.0185785910056059,0.0089689399869986,0.0393742430485507,0.0133437733503961,0.0367890774324384,0.0106557980141115,0.0195552914397646,0.0025777491081022,0.010519092184691,0.0144045678119365,0.0155140272366012,0.0159974028643867,0.0130175313914041,0.0099897706813989,0.0324972034091365,0.0288618248829146,0.0244049425882221,0.0070688428314085,0.0192266569842484,0.0286107526329091,0.03410340962119,0.0345476428728866,0.0113568139466332,0.0298729879029086,0.0110201655815225,0.0267455608397519,0.0095780965385977,0.0141155503011602,0.0171157594396918,0.0269070875922815
L3_ID1111,0,0,0,0,0,0,0,0,0,0,0,0,0,0,0.3190100294336415,0,0,0,0,0.1654544086851042,0,0,0.1583423191731248,0,0,0.193066983985574,0,0,0,0,0.231248112810955,0.4751788274308784,0.2028067503776005,0.2318895537253437,0,0.4150034050747164,0,0.3097611152180972,0.4489992854711823,0.2313423909188463,0.2213182853325715,0,0,0.7335335231476752,0.3243438804966821,0,0.6189123511316952,0.6032424592155671,0,0.159736724113135,0.5766841372650205,0,0.3529288157172913,0.6373270456315804,0.6787386435145447,0.1843282005587381,0,0.210779859723286,0,0,0.2442565089312848,0,0.1035797535851711,0.4295966078915738,0.2425871702381177,0.2790430462940488,0.10367354362693,0,0,0.1091340478513051,0.4992649317325632,0,0.1806447247860155,0.3113003741189593,0.3297099235883663,0,0,0.8005037818617705,0,0,1,0,0,0,0.288255985968424,0.7896486013326157,0,0,0,0,0,0.5062273577986786,0.5315775940552243,0.3504344520676759,0.3274788309449546,0,0.4464631718311656,0,0,0.1861211521679572,0,0,0,0,0,0.2258668989969915,0,0,0,0,0,0,0,0,0,0,0,0,0,0,0,0,0,0,0,0,0,0,0,0,0,0,0,0,0,0,0,0,0,0,0,0,0,0,0,0,0,0,0,0,0,0,0,0,0,0,0,0,0,0,0,0,0,0,0,0,0,0,0,0,0,0,0,0,0,0,0,0,0,0,0,0,0,0,0,0,0,0,0,0,0,0,0,0
L3_ID1146,0,0,0,0,0,0,0,0,0,0.1412174946437591,0,0.6760565649780421,0,0.0552732141096385,0,0,0.0575709178038592,0,0,0.1155108463414875,0.219111707020981,0,0,0,0,0,0.1092477624861058,0,0.119375365047049,0.1717785018313886,0,0,0.496388949232165,0.131315535692824,0,0.650594468632674,0.7290516582135161,0.5988716535228786,0.2768113521852708,0.4301333671814147,0.7725015056458393,0.3089962874779789,0.6574532277809323,0.3740870867179567,0.4783784508449134,0,0.5750614020038912,0.3072993592024526,0.2886171456029746,0.4769601446602644,0.7264617829093749,0.4809207295944335,0.7796177795707881,0.9480921020634222,0.6883583086741019,0.7372727699921606,0,0.3511940725007277,0.5916408254132322,0.543696658412347,0.2908145653014936,0.54133606702541,0.5034842313349069,0.2038665162548401,0.4730425458408917,0.4147859983511071,0.6049681309583698,0,0.4645990080587901,0.422130567581915,0.6193141404388385,0.5227595724741922,0.0838947691039995,0.5458312135165456,0.6468003353591427,1,0.1434402625219545,0.5392670143523454,0,0.3346766590450583,0.6054540357443426,0.3885573355405298,0.5959015462842331,0.5117649161864541,0.5923342438782598,0.5245190581353733,0.437766948161582,0.7625819826746508,0.4776073108973132,0,0,0.750523991730996,0.8464494125172461,0.624014844174895,0.2148178445715221,0.7761538147684565,0.4405183043515604,0.863973112210603,0.6780816198265691,0.8986763732162679,0,0.5251371712100411,0.577452252289476,0,0.6647952931456231,0.7588081759895242,0,0,0,0,0,0,0,0,0,0,0,0,0,0,0,0,0,0,0,0,0,0,0,0,0,0,0,0,0,0,0,0,0,0,0,0,0,0,0,0,0,0,0,0,0,0,0,0,0,0,0,0,0,0,0,0,0,0,0,0,0,0,0,0,0,0,0,0,0,0,0,0,0,0,0,0,0,0,0,0,0,0,0,0,0,0,0,0
L3_ID1147,0,0,0,0,0,0,0,0.013836693087048,0,0.0467361598050318,0,0,0,0,0,0,0,0,0,0,0,0,0,0,0,0,0,0.0133328891276432,0,0,0,0,0,0.0713246365860211,0,0,0,0,0,0,0,0,0,0,0,0,0.1074603544404013,0.0464311243455892,0,0,0,0,0,0,0,0.0680726889291075,0,0,0,0,0,0.0407767363634963,0,0,0,0,0,0,0,0,0,0,0,0,0,0.038313893656443,0,0.9490419060858092,0,0.1111428230702335,0,1,0.0988628703255104,0.1599356765258425,0,0,0.3193788574416316,0.3422483098048428,0.3471122871744017,0,0.2242393902744847,0.0282693429269772,0.0492654085304278,0.097661831753469,0.0153116205499766,0,0.1374148746027973,0,0.3520334590528819,0.1095098915949043,0,0.2763251302503775,0.1239058682373171,0.8678255074274697,0.3308982376297765,0.303690598758373,0,0,0,0,0,0,0,0,0,0,0,0,0,0,0,0,0,0,0,0,0,0,0,0,0,0,0,0.0492434057648006,0,0,0,0,0,0,0,0,0,0,0,0,0,0,0.0300177038967526,0,0,0,0,0,0,0,0,0,0,0,0,0,0,0,0,0,0,0,0,0,0,0,0,0,0.0698830721039564,0,0,0,0,0,0,0,0,0,0,0,0,0,0,0,0,0,0,0
L3_ID1177,0,0,0,1,0,0.0642199114994968,0,0,0,0,0,0,0,0,0,0,0,0,0,0,0,0,0,0,0,0,0,0,0,0,0,0,0,0,0,0,0,0,0,0,0,0,0,0,0,0,0,0,0,0,0,0,0,0,0,0,0,0,0,0,0,0,0,0,0,0,0,0,0,0,0,0,0,0,0,0,0,0,0,0,0,0,0,0,0,0,0,0,0,0,0,0,0,0,0,0,0,0,0,0,0,0,0,0,0,0,0,0,0,0,0,0,0,0,0,0,0,0,0,0,0,0,0,0,0,0,0,0,0,0,0,0,0,0,0,0,0,0,0,0,0,0,0,0,0,0,0,0,0,0,0,0,0.1221063338287714,0,0.0795503443429943,0,0,0,0,0,0,0,0,0,0,0.0781602046247191,0.8156635225920459,0,0,0,0,0,0,0,0,0,0.2409217840564772,0,0,0,0,0,0,0,0,0.1845763497820139,0,0,0,0,0,0,0,0
L3_ID1181,0.064219421094214,0,0,0.5600957495052852,0,0,0,0.5384640786152162,0.156747743609271,0.3941061528634318,0.3769909149022322,0,0,0.092340241995678,0,0.1044702795272424,0,0.3882325634524435,0.1438720717485457,0.1335983705866715,0.3141020282888977,0.1465967338545252,0.1682190577728583,0,0.0986032885623309,0,0.0805765025624197,0.1486536332175261,0,0.361542692481931,0.1137558906759134,0.1814581402915763,0.0935539294073829,1,0.0572684542839413,0.1016095505174253,0.1786235867716099,0.2137097372742865,0.5171047598272791,0.4188859870279114,0.4487779201586834,0.4587320680034066,0.2600614098027546,0.2593494126648728,0.1987555747442998,0,0.4208870327774286,0.2361843621312937,0.1112149134327533,0.3215131647830236,0.3149054312692759,0.2393751722045589,0.1907400404344837,0.1615769131147578,0.2851427284568574,0.2348078766672834,0,0.5417855676882292,0.1080559346602619,0,0.1057427079927443,0.5089076839093092,0.2217114991883812,0.1972302521507362,0.0881536718358,0.2517107339670858,0.141865320575729,0,0.2413771408236591,0.2071888254194448,0.4572722337468465,0.7272518918786762,0,0.1317322010439555,0.1668762739565266,0.2076957597611557,0,0,0,0,0,0,0,0,0,0,0,0,0,0,0,0.105366169899925,0,0.175939477822196,0.213251447986821,0.4049753910705501,0.9307295329300364,0.1150841330649978,0,0,0,0,0,0,0,0,0,0,0,0,0,0,0,0,0,0,0,0,0.077318651276828,0,0.0945985080724893,0,0,0.2033735145955245,0.2808944603455419,0,0,0,0,0.3455420760183853,0,0,0,0.131977375486231,0.035326209916871,0.1209233410990594,0.1382956406279482,0.1296744681930291,0.2144983160765612,0,0,0,0.2714148052698346,0.2150356181142486,0,0,0,0,0,0.2505401597105749,0,0,0,0,0.2403277893685519,0,0.1828066443752305,0.0947919169611062,0,0.1534743338824034,0,0,0,0,0,0,0,0,0,0,0,0,0,0,0.1928147704856051,0,0,0,0,0,0.3608412925476733,0,0,0,0.194161825887865,0,0,0,0,0,0,0.1349945521641593,0,0
L3_ID1183,0,0,0,0,0,0,0,0,0,0,0,0,0,0,0,0,0,0,0.7826749783102184,0,0,0,0,0,0.2463215184792237,0,0,0,0,0.2430100906913235,0,0,0.9130032601111574,0,0,1,0,0,0,0,0,0,0,0,0,0,0,0,0,0,0,0.2828173147191771,0,0,0,0,0,0,0,0,0.2809539207651276,0,0,0.1837079619542313,0,0,0,0,0,0.1468612853588683,0,0,0,0,0,0,0,0,0,0,0,0,0,0,0,0,0,0,0,0,0,0,0,0,0,0,0,0,0,0,0,0,0,0,0,0,0,0,0,0,0,0,0,0,0,0,0,0,0,0,0,0,0,0,0,0,0,0,0,0,0,0.0542453788848791,0,0,0,0,0,0,0,0,0,0,0.1639934698029149,0,0,0,0,0,0,0,0,0,0,0.4409589786861247,0,0,0,0,0,0.0323479617020121,0,0,0,0,0,0,0,0,0,0,0,0,0,0,0,0,0,0,0,0,0,0,0,0,0,0,0,0,0,0,0.0260315074670773,0,0,0
L3_ID1189,0,0,0,0,0,0,0.1588771936067883,0,0,0,0,0,0,0,0.1562841738928174,0,0,0,0.0183301317510048,0.0053590370573748,0,0.0021396155201741,0,0,0,0,0,0,0,0,0,0,0,0,0,0,0,0,0,0,0,0,0.0203720426269139,0,0,0,0,0,0,0,0,0,0.0132071634051269,0,0,0,0,0,0,0,0,0,0,0,0,0,0,0.0189060419557149,0,0,0,0,0,0,0,0,0,0,0,0,0,0,0,0,0,0,0,0,0,0,0.0408439814784666,0,0,0,0,0,0,0,0,0,0,0,0,0,0,0,0,0,0,0,0,0,0,0,0,0,0,0,0,0,0,0,0,0,0,0,0.4911338997954393,0,0,0,0,0,0,0,0.0334788125189342,0.0033712381890119,0,0,0,0,0,0,0.0183017748434656,0,0,0,0,0,0,0,0,0,0,0.1213646865868522,0,0,0,0,0,0,0.0445110726278944,0,0,0,0,0.0722729709323511,0,0,0,0.0897550481400459,0,0,0,0,0,0,1,0,0,0,0,0,0,0,0,0,0,0,0,0,0,0,0,0
L3_ID1192,0,0,0,0,0,0,0,0,0,0,0,0,0,0,0,0,0,0,0,0,0,0,0,0,0,0,0,0,0,0,0,0,0,0,0,0,0,0,0,0,0,0,0,0,0,0,0,0,0,0,0,0,0,0,0,0,0,0,0,0,0,0,0,0,0,0,0,0,0,0,0,0,0,0,0,0,0,0,0,0,0,0,0,0,0,0,0,0,0,0,0,0,0,0,0,0,0,0,0,0,0,0,0,0,0,0,0,0,0,0,0,0,0,0,0,0,0,0,0,0,0,0,0,0,0,0,0,0,0,0,0,0,0,0,0,0,0,0,0,0,0,0,0,0,0,0,0,0,0,0,0,0,1,0,0,0,0,0,0,0,0,0,0,0,0,0,0,0,0,0,0,0,0,0,0,0,0,0,0,0,0,0,0,0,0,0,0,0,0,0.638493431472306,0,0,0,0
L3_ID1193,0.212284420915315,0.1021316785323734,0.0633362915465633,0.5665847400080971,0.1724525848124291,0.1043176579616472,0.1336432264048278,0.2976317120953701,0.1768519291440087,0.3382092914153769,0.3591045188129932,0.1789481812042128,0.1244862042149587,0.2401500129393573,0.1381250987358706,0.3350490840014457,0.1011114210297803,0.3141406562112993,0.2129401116305453,0.1326059319424176,0.1391571260465816,0.2273676297429052,0.2209393637135831,0.0958337071586648,0.1653935425314696,0,0.0957158883138662,0.2144028934814529,0.1915329393825898,0.3749051564337552,0.2977644591814044,0.2114610174015359,0.0615175031909928,0.528775322946535,0.2016607524387237,0.2141075985639682,0.3578890422751999,0.2761307529628378,0.4233056915317782,0.497727925399742,0.2847919383112679,0.3114329314995124,0.1634549334418744,0.1486216681480027,0.3529138784282306,0.1132207607078732,0.8239485478611398,0.2422208860605099,0.2661930218433332,0.2040120468212813,0.682663957003544,0.2931609314382759,0.2217097148404944,0.2602364027735724,0.2652631605544699,0.3488542142889483,0.1246160901321687,0.5432665485127802,0.578111943304565,0,0.1389514470240565,0.3806225892214159,0.4320608681339867,1,0.307718265796527,0.4282302832908279,0.7335201552715447,0.0770289583913037,0.4680943168324958,0.4374377103574516,0.6453103947359548,0.665251849648105,0.0668680746825259,0.3798439054047794,0.6327222180182033,0.264690722420418,0,0,0.2713612402698662,0,0,0,0,0,0,0,0,0,0,0.134524099467085,0,0.2568142590695846,0.1510607495441127,0.1312308802161081,0.7254953941963271,0.498574868529757,0.5664424247276181,0.3418102395918621,0,0,0.0253361237037117,0,0,0,0,0,0.0544446334756343,0.1283857729532113,0.1433957154219805,0.1686285955207807,0.1518142587908994,0.2018541414406174,0.0397306547690101,0.0242672379429927,0.0673214166642684,0.0845765545385132,0.1750455655069525,0.0471952770203163,0.111503539200809,0,0.1325467206109702,0,0.1473493119455637,0.2799163951606339,0.1253277315611278,0.0847637056349995,0.1986832418016319,0.0475547949594454,0.1437324322608527,0.3992508048012717,0.1919068978637231,0.1364428615203392,0.0999768282483272,0.681303006752154,0.0504861924730191,0.071002663358016,0.1535505888183255,0.3489272298310217,0.1904362756670764,0.0565551402876593,0.1071767738043718,0.0486477614503093,0.3893371892475715,0.2084152149377834,0.1298918439168494,0.2385820924236676,0.1138775382956764,0,0.0420014474170027,0.1215316200864976,0.0272862796532047,0.0720882307548263,0.1194875471992993,0.0243622463980253,0.1799687081025718,0.0711437152652479,0.0701771464809007,0.2075582995196747,0.1658517940188083,0.1051406527370228,0.0425916099345503,0.1589886489072183,0.1083082546002531,0.0449341501066147,0.0551972787980683,0.1869339820779729,0.0939928144160251,0.0220201126419871,0,0.169737242703123,0,0,0.3133563615311244,0.1609460599633729,0.0947927897876784,0.140368886780707,0.2034625084792317,0.026715344097261,0.035311268321397,0.2168287744850328,0.0793021895354533,0.2217983832055186,0.0521029386489044,0.0627060447969487,0.1848919064352461,0.3700109227906719,0.0134983094115157,0,0.0160624740485949,0.1769157294929858,0,0.1200417128688146,0.0501691322355499,0.1956721402993826
L3_ID1201,0,0,0,0,0,0,0,0,0,0,0,0,0,0,0,0,0,0,0,0,0,0,0,0,0,0,0,0,0,0,0,0,0,0,0,0,0,0,0,0,0,0,0,0,0,0,0,0,0,0,0,0,0,0,0,0,0,0,0,0,0,0,0,0,0,0,0,0,0,0,0,0,0,0,0,0,0,0,0,0,0,0,0,0,0,0,0,0,0,0,0,0,0,0,0,0,0,0,0,0,0,0,0,0,0,0,0,0,0,0,0,0,0,0,0,0,0,0,0,0,0,0,0,0,0,0,0,0,0,0,0,0,0,0,0,0,0,0,0,0,0,0,0,0,0,0,0,0,0,0,1,0,0,0,0,0,0,0,0,0,0,0,0,0,0,0,0,0,0,0,0,0,0,0,0,0,0,0,0,0,0,0,0,0,0,0,0,0,0,0,0,0,0,0
L3_ID1205,0,0,0,0,0,0,0,0,0,0,0,0,0,0,0,0,0,0,1,0,0,0,0,0,0,0,0,0,0,0,0,0,0,0,0,0,0,0.2891109246199612,0,0,0,0,0,0,0,0,0,0,0,0,0,0,0,0,0,0,0,0,0,0,0,0,0,0,0,0,0,0,0,0,0,0,0,0,0,0,0,0,0,0,0,0,0,0,0,0,0,0,0,0,0,0,0,0,0,0,0,0,0,0,0,0,0,0,0,0,0,0,0,0,0,0,0,0,0,0,0,0,0,0,0,0,0,0,0,0,0,0,0,0.2097791370483238,0,0,0,0,0,0,0,0,0,0,0,0,0,0,0,0,0,0,0,0,0,0,0,0,0,0,0,0,0,0,0,0,0,0,0,0,0,0,0,0,0,0,0,0,0,0,0,0,0,0,0,0,0,0,0,0,0,0,0,0,0,0,0,0
L3_ID1207,0,0,0,0,0,0,0,0,0,0,0,0,0.1530910116939523,0,0,0,0,0,0.4252997726133237,0,0,0,0,0,0.3666487194013985,0,0,0,0,1,0,0,0,0,0,0.4205606417241179,0,0,0,0,0,0,0,0,0,0.1307217378988143,0,0,0,0,0,0,0,0,0,0,0,0,0,0,0,0,0,0,0,0,0,0,0,0,0,0,0,0,0,0,0,0,0,0,0,0,0,0,0.0892050523216834,0,0,0,0,0,0,0,0,0,0,0,0,0,0,0,0,0,0,0,0,0,0,0,0,0,0,0,0,0,0,0,0.319481680878462,0.0716388974620425,0,0,0,0,0,0,0,0,0,0,0.1212465405531856,0,0,0,0,0,0,0,0,0,0,0,0,0,0.1173973439994294,0,0,0,0,0,0,0,0.3280154249136733,0,0,0,0,0,0,0,0,0.1460449873334216,0,0,0,0,0,0,0,0,0,0,0,0,0,0,0,0,0,0,0,0,0,0,0,0,0,0,0,0,0,0,0,0,0,0
L3_ID1211,0,0,0,0,0,0,0,0,0,0,0,0,0,0,0,0,0,0,0.196128995431987,0,0,0,0,0,0.0149646180064075,0,0,0,0,0.2002332747732579,0,0,0.155454119228415,0,0,0.4046015029676348,0,0,0,0,0,0,0,0,0,0,0,0,0,0,0,0.1966967772976533,0,0,0,0,0,0,0,0,0.1193597283903929,0,0,0.0567528871863033,0,0,0,0,0,0.0635210837460005,0,0,0,0,0,0,0,0,0,0,0,0,0,0,0,0,0,0,0,0,0,0,0,0,0,0,0,0,0,0,0,0,0,0,0,0,0,0,0,0,0,0,0,0,0,0,0,0,0,0,0,0,0,0,0,0,0,0,0,0,0,0,0,0,0,0,0,0,0,0,0,0,0.4912161530479889,0,0,0,0,0,0,0,0,0,0,1,0,0,0,0,0,0,0,0,0,0,0,0,0,0,0,0,0,0,0,0,0,0,0,0,0,0,0,0,0,0,0,0,0,0,0,0,0,0,0,0
L3_ID1223,0,0,0,0,0,0,0,0,0,0,0,0,0.2391652934049438,0,0.2201144679540211,0,0,0,0.2972798857638563,0,0,0,0,0,0.2446416005835439,0,0,0.0948548467939597,0,0.2498463870037841,0,0,0,0,0,0.0773089341771917,0,0,0.1508293530636572,0,0,0,0,0,0,0.1791835072597852,0,0.2100778264636763,0,0.072563344755574,0,0,0,0,0,0,0,0,0,0,0,0,0,0.2157885776219554,0,0,0,0,0,0,0,0,0,0,0,0,0,0,0,0,0,0,0,0,0.1281392016039216,0,0.1962605963089609,0,0,0.2650023026495409,0,0,0,0,0,0,0,0,0,0,0,0,0,0,0,0,0,0,0,0.0387305266422218,0,0,0,0,0,0.3279796645652628,0.2375470446240087,0.2719241856502177,0,0,0.3167037391525631,0,0,0,0,0.5952100510910026,0,0,0.5017371031020347,0,0,0,0,0,0,0,0.0772478392699107,0,0,0,0,0,0.1417818206076316,0,0.2559854464306871,0,0,0,0,0,0.9043364119465784,0,0,0.8176262027093995,0,0,0,0,0,1,0,0,0,0,0.4500383066614054,0,0,0,0,0,0,0,0,0,0.1801724488755137,0.6162860941603365,0,0,0,0,0,0.1825696899201645,0,0,0,0,0,0.170580657898397,0.5388703469222281,0,0,0,0,0
L3_ID1229,0,0,0,0,0,0,0,0,0,0,0,0,0,0,0,0,0,0,0,0,0,0,0,0,0.0209702710849333,0,0,0,0,0.2285287432213515,0,0,0.6169960094381952,0,0,0,0,0,0,0,0,0,0,0,0,0,0,0,0,0,0,0,0,0,0,0,0,0,0,0,0.3573045081859192,0,0,0.3654584390844334,0,0,0,0,0,0.0871935466664539,0,0,0,0,0,0,0,0,0,0,0,0,0,0,0,0,0,0,0,0,0,0,0,0,0,0,0,0,0,0,0,0,0,0,0,0,0,0,0,0,0,0,0,0,0,0,0,0,0,0,0,0,0,0,0,0,0,0,0,0,0,0,0,0,0,0,0,0,0,0,0,0,1,0,0,0,0,0,0,0,0,0,0,0.2298397361972964,0,0,0,0,0,0.0361608393186285,0,0,0,0,0,0,0,0,0,0,0,0,0,0,0,0,0,0,0,0,0,0,0,0,0,0,0,0,0,0,0,0,0,0
L3_ID1231,0,0,0,0,0,0,0,0,0,0,0,0,0,0,0,0,0,0,0,0,0,0,0,0,0,0,0,0,0,0,0,0,0,0,0,0,0,0,0,0,0,0,0,0,0,0,0,0,0,0,0,0,0,0,0,0,0,0,0,0,0,0,0,0,0,0,0,0,0,0,0,0,0,0,0,0,0,0,0,0,0,0,0,0,0,0,0,0,0,0,0,0,0,0,0,0,0,0,0,0,0,0,0,0,0,0,0,0,0,0,0,0,0,0,0,0,0,0,0,0,0,0,0,0,0,0,0,0,0,0,0,0,0,0,0,0,0,0,0,0,0,0,0,0,0,0,0,0,0,0,0,1,0,0,0,0,0,0,0,0,0,0,0,0,0,0,0,0,0,0,0,0,0,0,0,0,0,0,0,0,0,0,0,0,0,0,0,0,0,0,0,0,0,0
L3_ID1232,0,0,0,0,0,0,0,0,0,0,0,0,0,0,0,0,0,0,0,0,0,0,0,0,0,0,0,0,0,0,0,0,0,0,0,0,0,0,0,0,0,0,0,0,0,0,0,0,0,0,0,0,0,0,0,0,0,0,0,0,0,0,0,0,0,0,0,0,0,0,0,0,0,0,0,0,0,0,0,0,0,0,0,0,0,0,0,0,0,0,0,0,0,0,0,0,0,0,0,0,0,0,0,0,0,0,0,0,0,0,0,0,0,0,0,0,0,0,0,0,0,0,0,0,0,0,0,0,0,0,0,0,1,0,0,0,0,0,0,0,0,0,0,0,0,0,0,0,0,0,0,0,0,0,0,0,0,0,0,0,0,0,0,0,0,0,0,0,0,0,0,0,0,0,0,0,0,0,0,0,0,0,0,0,0,0,0,0,0,0,0,0,0,0
L3_ID1235,0,0,0.1147031138889973,0.0483235816528373,0.0694136834620956,0,0.1104222277882625,0.5111174261213914,0.473086068989607,0.5506470981421209,0.8992418771001496,0.6159284957872104,0,0.7547513942447767,0.5018780157098927,0.7181305513864392,0.8043778042896234,0.7158393688927887,0.7832213261467713,0.7348285931855219,0.8617221118600757,0.6479520470782432,0.7203577017040877,0,0.8759172894433569,0.8261753647825599,0.7738018935745304,0.8956961488330243,0.7669520669961954,0,0.9081480539899152,0.7350945620234814,0.8909233511084815,0.8157314173942859,0,0.8739576291437957,0.8908534718963635,0.8614890860792576,0.9144284362948064,0.8356495598393995,0.7704943726080333,0.7617233430652417,0.7549622678399845,0.9729626870201836,0.6221282080084525,0,0.7961225974207725,0.9084675018167406,0.7158907562589788,0.9559341213014704,0.7801369908271413,0.7850458866362376,0.743228169555871,0.7502419983667279,0.7579361749897165,0.68914261011407,0,0.8243394905158935,0.6178855415584271,0.7436820516764855,0.7496185521987494,0.6773099678798062,0.6799296302072907,0.640542236065384,0.6633646441325064,0.8071228689038885,0.6901163555433396,0,0.8047495426833399,0.7482972171102911,0.6687798552397454,0.6647639872393903,0.6278257406400242,0.5597427570315482,0.5050579476931755,0.5331363658597931,0.6197328246760516,0.6586651482753691,0,0.5665513215989182,0.6069438830471082,0.5303986219248927,0.5787586495133958,0,0.4577617479196317,0.5049448574580538,0.555359381419707,0.5478038698727375,0.612126068373529,0,0.6622002282816003,0.6085599467853162,0.5652947792765258,0.5872550585062515,0.5776599771661356,0.6071821854214945,0.4743010165428814,0.5130156687732952,0.589740476687463,0.4130964767138934,0,0.5637166975046324,0.5072045230009328,0.507981655898692,0.4822049258759823,1,0,0,0,0,0,0,0,0,0,0,0,0,0,0,0,0,0,0,0,0,0,0,0,0,0,0,0,0,0,0,0,0,0,0,0,0,0,0,0,0.0387028720023422,0,0,0,0,0,0,0,0,0,0,0.0688199716119266,0,0,0,0.0499866266780102,0,0,0,0.0723896287650218,0,0,0,0,0,0,0,0,0,0,0.0379269988318762,0.0419740242710944,0,0,0,0,0.0421761718827061,0,0,0,0.0357823279655798,0,0,0,0,0.0783792339137221,0.0665813886748805,0,0.1108925220163489
L3_ID1238,0.0191096187391554,0.00446340719421,0.0100448171343272,0,0.0061006812108534,0,0.0126566490528532,0.0107509057331353,0.0301638520432571,0.0039292671580392,0.0051665156984611,0.0079285298765422,0.0069168727898074,0.011712286853047,0.0175942198490243,0.0108587677963209,0.0095186574418063,0.0226386959390951,0.0181347239466792,0.009477067310341,0,0,0,0,0.0018589317772228,0,0.0042773615437684,0,0,0,0,0,0,0.0558060457342757,0.0155949477736823,0,0.0316854750861907,0.0550784742199966,0,0,0,0,0,0,0,0.0047233030277018,0.021800775313195,0,0.0993769512069035,0,0,0.0229450999156939,0,0,0.2907300442309922,0.2900503147449121,0.0131305851545781,0.020745897937693,1,0,0,0.118938139683103,0.0129276755537041,0.0688389207264504,0.264413907645266,0.1724321789930131,0.1217295263611863,0.0026067512120324,0,0.0122863504094408,0.0305102199637795,0,0,0,0,0,0,0,0.0087014972033102,0,0,0,0,0,0,0,0,0,0,0.0085608030733604,0,0.292326420522255,0.074975548559984,0.0011154600142921,0.048644373178159,0.0518017530410392,0,0.0015979743417021,0,0,0.0170977303092537,0,0,0,0,0,0.0101539098422049,0.0033564849780975,0.0077874183003054,0.0129025379666345,0.0089212814558472,0.0031078177077736,0.0079382679964069,0.0096454440368316,0,0.0028685918951041,0.0074216355698734,0.012165915189789,0.0087911453788084,0.0054999993373163,0.0153423384870713,0,0.0291193390077821,0.0063101419472107,0.0052946359838953,0.0156943669622501,0.0177809634575074,0.0127005906838326,0,0.0226429891142833,0,0.0097343316291013,0.0054905255774821,0.0090093682409442,0.0094945011972188,0.0188051948865632,0.0134252423506905,0.0159325993436933,0.0160155267468492,0.0112907400130218,0.0051397352743203,0.0141096106220738,0.0049065752761913,0.0105218716539233,0.0107927748956219,0.0078502285757494,0.0095939283126241,0.0065307371177602,0,0.0077318674162994,0.0027047909323878,0.0074205721877939,0.0044199728808303,0.0078982525280396,0.0057754937011954,0.0205295452131083,0.0057858930182343,0,0.001997099329184,0.0086821137075794,0.0087451986511135,0.0063488415630901,0.0104613930545582,0.009799307916062,0,0,0.0092282157378746,0.0235573070146094,0.0069501504463025,0,0,0,0.0027545034995529,0.0069883901064849,0.0145263948215454,0.0104323015609452,0.0041123945432563,0.0030175264710713,0.01357842531458,0.0085703992013704,0.0032701002847675,0.0250088784131186,0.0068333001420793,0.0117151920389895,0,0.0174022159911783,0.0044817641644849,0.0173197689543747,0.0062483595802971,0.0106839897490391,0,0.0054253689549683,0.0070189094201167,0.0149268263484324
L3_ID1241,0,0,0,0,0,0,0,0,0.2852462866523439,0.1267561267074554,0.1391007178846946,0,0,0.2651763202775444,0.3122173220999824,0,0,0,0.2732776026453335,0.2910914392796683,0.3502514593639127,0.3016694026699867,0.0971641920744147,0,0.3194487602831892,0.7717307392748498,0.2441440029336639,0,0,0,0.7321523138370349,0,0.4447637783604971,0.4062171197467563,0,0.3953074138078837,0.3823839327418164,0.4789263650573519,0.8163659924344158,0.7346580373545429,0,0.183157038235489,0,0,0,0,0.7684474494508937,0,0,0,0.4257991149793234,0.32091547781285,0.4301148869597423,0,0.839137483108141,0.8227254690491699,0,0.8891674297832589,0.6182107946060962,1,0.4735083803192259,0.4244707141203294,0.4378610783298122,0.3398086365684555,0.7905620646987815,0.6082766017522553,0.5999135363435207,0,0,0.4391089899884368,0.6280065563360882,0.6059419571288137,0.7964437565045174,0.7194482395212103,0.6013008519780428,0.3016982734851921,0,0.3230469966512143,0,0.4288674760337898,0.7215445067794626,0,0.0922659535432244,0,0,0.6216799850112112,0.2690079123773906,0.2785098334454402,0.0586983481372801,0,0.3539161358041944,0.2314486699796284,0.2801653379224481,0.4856611479631282,0.4872368106155784,0,0,0.215541923800047,0.2221149271328093,0.4708686035120875,0,0.0601667717346879,0.2051408907227341,0,0.1940715869746327,0.066241710585214,0,0,0,0,0,0,0,0,0,0,0,0,0,0,0,0,0,0,0,0,0,0,0,0,0,0,0,0,0,0,0,0,0,0,0,0,0,0,0,0,0,0,0,0,0,0,0,0,0,0,0,0,0,0,0,0,0,0,0,0,0,0,0,0,0,0,0,0,0,0,0,0,0,0,0,0,0,0,0,0,0,0,0,0,0,0,0,0
L3_ID1248,0,0,0,0,0,0,0,0,0,0,0,0,0,0,0,0,0,0,0,0,0,0,0,0,0,0,0,0,0.0467652653138331,0,0,0,0,0,0,0,0,0,0,0,0,0,0,0,0,0,0,0,0,0,0,0,0,0,0,0,0,0,0,0,0,0,0,0,0,0,0,0,0,0,0,0,0,0,0.1100086312410012,0,0.3173936916797633,0.2049747715232248,0,0.3981103321600033,0.1443265625204428,0.4817454635018298,0.2711367539265276,0.1939189641486277,0.3449047037200278,0,0.4292332556105143,0.5568510012509537,0.6457181886833517,0,0.4492757019195711,0,0,0,0.074453747008036,0.0525516744372179,0,0,0.4839436488679496,0.1539383753551816,0,1,0.4404172579408836,0.6867819312478752,0.2703355423061643,0.1412126338081179,0,0,0,0,0,0,0,0,0,0,0,0,0,0,0,0,0,0,0,0,0,0,0,0,0,0,0,0.1042208679088888,0,0,0,0,0,0,0,0,0,0,0,0,0,0,0,0,0,0,0,0,0,0,0,0,0,0,0,0,0,0,0,0,0,0,0,0,0,0.5233686255341439,0,0,0,0,0,0,0,0,0,0,0,0,0,0,0,0,0,0,0,0,0.0552691637467249,0
L3_ID1258,0,0,0,0,0,0,0,0,0,0,0,0,0,0,0,0,0,0,0,0,0,0,0,0,0,0,0,0,0,0,0,0,0,0,0,0,0,0,0,0,0,0,0,0,0,0,0,0.1429423563986144,0,0,0,0,0,0,0,0,0,0,0,0,0,0,0,0,0,0,0,0,0,0,0,0,0,0,0,0,1,0.180981356609238,0,0.1350376056891441,0.0693455790673514,0.4266802416098214,0.1243625344390507,0.5474796448702556,0,0.2080082237603194,0,0.3785530778956339,0.2592087197922158,0,0.207132349692929,0,0,0,0,0,0,0,0.1721411989131497,0.1756148558732211,0,0.1783758953395544,0.3517289373813931,0,0.1985803715390335,0.1895748591928443,0,0,0,0,0,0,0,0,0.4339225174539562,0,0,0,0,0,0,0,0,0,0,0,0,0,0,0,0,0,0,0,0,0,0,0,0,0,0,0,0,0,0,0,0,0,0,0,0.0626791305617821,0,0,0,0,0,0,0,0,0,0,0,0,0,0,0,0,0,0,0,0,0.1112512467527895,0,0,0,0,0,0,0,0,0,0,0,0,0,0,0,0,0,0,0,0,0,0
L3_ID1262,0,0,0,0,0,0,0,0,0,0.103645039949158,0,0.1851075475303997,0,0,0,0,0.0997823052085516,0,0.0718788871621017,0,0.0530875490330801,0.1483915554199533,0,0,0,0,0.4865987521649693,0.0864192913154679,0,0,0,0,1,0.1456418188276255,0,0.1166076706258757,0,0,0,0,0.1176765179940957,0,0.0661948201996046,0,0,0,0,0,0,0.0880615569436521,0.2520071003804696,0.2812552414774845,0,0,0.1090081592518956,0.0229008787313415,0,0.8703131149612388,0.0703170366442734,0,0.8083962477475178,0,0,0,0,0.2077413082067473,0.1461246596281228,0,0.1169123910399055,0,0,0,0,0,0,0,0,0,0,0,0,0,0,0,0,0.0551105192680518,0,0,0,0,0,0,0,0,0,0,0,0,0,0,0,0,0,0,0,0,0,0,0,0,0,0,0,0.0173270970160867,0,0.0400455786709739,0,0,0,0,0,0,0.1255784905560112,0,0,0,0,0,0,0,0,0,0.0360601746227443,0,0.0252080258456452,0.1372116708840271,0.1876957536252926,0,0,0,0,0,0,0,0,0,0,0,0,0,0.1689022438047671,0,0,0,0,0.0790662773479781,0,0,0,0,0,0,0,0,0.0996522204706296,0,0,0,0,0,0,0,0,0,0,0,0,0,0,0,0,0,0,0.0205162509996162,0,0,0,0,0,0,0,0,0,0.0471481436704651
L3_ID1265,0,0,0,0,0,0,0,0.0259791081071472,0,0,0,0,0.0944387093523798,0,0.0935739704956503,0,0,0,0.1154070115006072,0,0,0,0,0,0.2047437329021404,0,0,0.060325588601309,0,0.082106363848842,0,0,0,0,0,0.1183581925686732,0,0,0.0295310564852381,0,0,0,0,0,0,0.0979652248049577,0,0,0,0.0221956555405673,0,0,0,0,0,0,0,0,0,0,0,0,0,0,0,0,0,0,0,0,0,0.0124210437280191,0,0,0,0,0,0,0,0,0,0,0,0,0,0,0,0,0,0.1442526218501796,0,0,0,0,0,0,0,0,0,0,0,0,0,0,0,0,0,0,0,0.008034714297175,0,0,0,0,0,0.0572529181494816,0.0188508952482849,0.1398179510532539,0,0,0.058111735518484,0,0,0,0,0.3164228052988776,0,0,0.0619967123217636,0,0,0,0,0,0,0,0,0,0,0,0,0,0,0,0,0,0,0,0,0,0.2440988942895545,0,0,0.017540883393831,0,0,0,0,0,0.4216644953769429,0,0,0,0,0,0,1,0,0,0,0,0,0,0,0,0.0933060881301029,0,0,0,0,0,0.0287067113265503,0,0,0,0,0,0.1052394796995424,0,0,0,0,0,0
L3_ID1282,0,0,0,0,0,0,0,0,0,0,0,0,0,0,0,0,0,0,0,0,0,0,0,0,0,0,0,0,0,0,0,0,0,0,0,0,0,0,0,0,0,0,0,0,0,0,0,0,0,0,0,0,0,0,0,0,0,0,0,0,0,0,0,0,0,0,0,0,0,0,0,0,0,0,0,0,1,0.3526985069936167,0,0.6933507079851217,0.2955524276923843,0.4116209975221958,0.8556351169818697,0.5641595299645672,0.3340451447110474,0.0796346436503632,0.6776322693275435,0.8290566522239874,0.5372572068075419,0,0.8782325379958722,0,0,0,0,0,0,0,0.6763248970456065,0.3525072580691524,0,0.6760516870339744,0.716535826595865,0,0.4754005208562892,0.5279328444157422,0,0,0,0,0,0,0,0,0,0,0,0,0,0,0,0,0,0,0,0,0,0,0,0,0,0,0,0,0,0,0,0,0,0,0,0,0,0,0,0,0,0,0,0,0,0,0,0,0,0,0,0,0,0,0,0,0,0,0,0,0,0,0,0,0,0.4026070792763202,0,0,0,0,0,0,0,0,0,0,0,0,0,0,0,0,0,0,0,0,0,0
L3_ID1284,0.0583308490638307,0,0,0,0,0.0691141647599716,0,0,0,0,0,0,0,0,0,0,0,0,0,0,0,0,0,0.0824110919632648,0,0,0,0,0,0,0,0,0,0,0.1111450370745073,0,0,0,0,0,0,0,0,0,0,0.0840023021996528,0,0,0.2262061818385562,0,0,0.0448071473521736,0,0,0.4031104821585264,1,0,0,0.3007915923298314,0,0,0.2109467096691277,0,0.2432667327520604,0.1844703897761474,0,0.1880122000516612,0.0611548491885519,0,0,0.1593640058511372,0,0,0,0,0,0,0,0.093610113930037,0,0,0,0,0,0,0,0,0,0,0,0,0.5235644865978442,0.2991139091446653,0,0,0.3146666167042941,0,0,0,0,0.0592508564299832,0,0,0,0,0,0.094572648006802,0.1089849888130713,0.1121258717827292,0.1231048261752606,0,0.0957583014038424,0,0,0.0682843201614159,0.0780665913168667,0,0,0.0880343566756271,0,0,0,0.0881860046108886,0.0580384396038801,0,0.0993241151436953,0.1188641148239783,0,0.1652110179535327,0.0668575287333763,0,0.073336347958433,0,0,0.0870552234315191,0,0.1640954114599226,0.0749686752542857,0.0759910523880009,0.157477111746465,0.0686158880344813,0,0.0787545219376495,0.0677659819711279,0.0732833503110434,0.0805606063100102,0.0982574850967571,0.0622210884843642,0,0,0,0.1618735565253285,0.0702142503396597,0.0550773726956636,0.0850415010838722,0.0476924892150916,0,0.0814159036404684,0,0,0.0749110183650496,0,0,0,0.055382325507337,0,0,0,0,0,0.0562322117862239,0,0,0.1520878033037843,0,0,0.0682526007076824,0,0.0774274590667303,0,0,0,0,0.0814825871687763,0,0.0607339791721799,0,0,0,0,0.131429941700717,0,0,0
L3_ID1285,0,0,0,0,0,0,0,0,0,0,0,0,0,0,0,0,0,0,0,0,0,0,0,0,0,0,0,0,0,0,0,0,0,0,0,0,0,0,0,0,0,0,0,0,0,0,0,0,0,0,0,0,0,0,0,0,0,0,0,0,0,0,0,0,0,0,0,0,0,0,0,0,0,0,0,0,0.4094476649115348,0.42746467933414,0,0.787974723648494,0.3675481162311541,0.2821734371422965,0.0863812260849658,0.1122603795336363,0.698649720378062,0.0985028830902312,0.6226047355855708,0.3233349821761455,0.9206923504594956,0,1,0,0,0,0,0,0,0,0.6778755682375642,0.1733699349184027,0,0.7987889590214867,0.7327016834548844,0,0.5122231170487621,0.5767305082251365,0,0,0,0,0,0,0,0,0,0,0,0,0,0,0,0,0,0,0,0,0,0,0,0,0,0,0,0,0,0,0,0,0,0,0,0,0,0,0,0,0,0,0,0,0,0,0,0,0,0,0,0,0,0,0,0,0,0,0,0,0,0,0,0,0,0.7104088857638095,0,0,0,0,0,0,0,0,0,0,0,0,0,0,0,0,0,0,0,0,0,0
L3_ID1290,0,0,0,0,0,0,0,0.20997464331468,0.2305105003176321,0.1976937534273186,0.1892677277037953,0.1995809384061702,0,0.198828603855275,0.2422919051321556,0.2187789076080766,0.2182634584123484,0.2168507177355141,0.2322616871356584,0.2121087838443615,0.2596359816241494,0.2188990595245561,0.3470100848126024,0,0.2567437473346819,0.6007737278227516,0.2083588989443403,0,0.4142164993723136,0,0.5478603562262673,0.3755865383779871,0.3527400261447876,0.350261612905855,0,0.5577326843322372,0,0.3787909824125885,0.625544624135504,0.3434907703457189,0.3115321455801372,0.1996517328920679,0.3377955442449034,0,0.4913491125328535,0,0,0.3457647485088195,0.580371343011813,0.6782206725422273,0.344227848044991,0.5144135316755478,0.6712455969837642,0.3847208794359127,0.6735451379512399,0.3380479474684706,0,0.6902793108537377,0.234616395261983,1,0.6194725487476617,0.5934627657714925,0.3718469257511338,0.2785820443763548,0.3371918461187883,0.3064934777127709,0.2630649842861164,0,0.3188080808638732,0.3532305356084476,0.4894867157279414,0.2586813843306004,0,0.5616983711677432,0.2526335919229351,0.4883221767465508,0.2033872787091342,0.4067594521247742,0,0.0738060722134741,0.5847808425675456,0.2839481872603739,0.2819296687431028,0.2574379088238422,0.2835301731016115,0.5171562791307354,0.2203283284573154,0.2382312839688075,0.250652221986989,0,0.2785539135036878,0.4048959270537928,0.2203334224944191,0.2127626898105584,0.3690566564027011,0.2834278629448391,0.3850552840270059,0.297194140372061,0.2444891106831708,0.198818937814622,0,0.2179847261738665,0.2061972758739869,0.1838250732244679,0.1792286982860931,0.1729850633065039,0,0,0,0,0,0,0,0,0,0,0,0,0,0,0,0,0,0,0,0,0,0.0007280286791257,0,0,0,0,0,0,0,0,0,0,0,0,0,0,0,0,0,0,0,0,0,0,0,0,0,0,0,0,0,0,0,0,0,0,0,0,0,0,0,0,0,0,0,0,0,0,0,0,0,0,0,0,0,0,0,0,0,0,0,0,0,0,0,0,0,0
L3_ID1291,0,0,0,0,0,0,0.4152495604079069,0,0,0,0,0,0,0,0.350147309829074,0,0,0,0,0,0,0,0,0,0,0,0,0,0,0,0,0,0,0,0,0,0,0,0,0,0,0,0,0,0,0,0,0,0,0,0,0,0,0,0,0,0,0,0,0,0,0,0,0,0,0,0,0,0,0,0,0,0,0,0,0,0,0,0,0,0,0,0,0,0,0,0,0,0,0,0,0,0,0,0,0,0,0,0,0,0,0,0,0,0,0,0,0,0,0,0,0,0,0,0,0,0,0,0,0,0,0,0,0,0,0,1,0,0,0,0,0,0,0,0.1051983761050744,0,0,0,0,0,0,0,0,0,0,0,0,0,0,0,0,0,0,0.3449228096804219,0,0,0,0,0,0,0,0,0,0,0,0,0,0,0,0.3092942311724446,0,0,0,0,0,0,0,0,0,0,0,0,0,0,0,0,0,0,0,0,0,0,0,0
L3_ID1292,0,0,0,0.157582035619165,0.1910463312003362,0,0.160520390882907,0.1400451128911037,0.0970391987868623,0.5544246711410805,0.0823343395417915,0,0,0.3811809556990774,0.226184902777316,0,0.0632865803293122,0.1741674276643879,0,0.1116622309426696,0.1520495319596684,0.1059975369402259,0.1686075915979111,0,0.4284671863031946,0,0.2915618330333735,0.365167599986546,0.056457286003131,0,0.3353777066454721,0.2127910998554088,0,0.3664071335540794,0.126334475999684,0.1213030205760692,0,1,0,0.0570087258263735,0.3951471837964548,0.1536877913931076,0.2787842000995308,0,0.5441934399501348,0.1819755364750404,0.4183974220760691,0,0.6854452453957612,0.050058055859987,0.2363740741410414,0.1972608650935254,0.1378652764759645,0,0,0.3340582334833683,0,0.5676501213416294,0,0,0,0.4607997549772037,0.188473147911062,0.2819869036456019,0.0683008740472784,0,0.6990235704179042,0,0.1741481475432816,0.1417354448533126,0.5528431827533192,0.1032932407135757,0,0,0.1859321251599359,0,0,0,0.1095549866267247,0,0,0,0,0,0,0,0,0,0,0.1509259383472924,0,0.0789624812731697,0,0.1485468686134599,0.1483784672867542,0.2921360890102596,0.3676049313300412,0,0,0,0.1860836766329015,0,0,0,0,0,0,0.0658477459399791,0.0842442461475887,0,0,0,0,0,0,0,0,0,0.0958117922664485,0,0,0,0.1235170508400915,0,0,0,0.1598224991042034,0.0328981141578887,0.1294962862468707,0,0,0,0,0,0.278673995575358,0.2278490688608805,0,0,0,0,0,0.2608926852905507,0.1907659431533892,0,0.1036574486949496,0,0,0,0.0820313742980496,0,0.0489487198161603,0,0,0.1415514736136799,0.0412748873085022,0,0.089046689376381,0.0686177161047208,0,0,0,0,0.1086929059588276,0,0,0.085993431071558,0,0.1551648268894632,0,0,0,0,0.1204966659777668,0,0.0347523372853369,0.0685622897810627,0,0,0.0536644511053212,0,0,0,0,0,0.1399953896207882,0.0859889026863268,0,0.2226482966968907,0,0,0,0,0,0.1158232699202049
L3_ID1293,0,0,0,0,0,0,0,0,0,0,0,0,0,0,0,0,0,0,0,0,0,0,0,0,0,0,0,0,0.5125931221022837,0,0,0,0,0,0,0,0,0,0,0,0.3435713225396308,0,0,0,0,0,0,0,0,0,0,0,0,0,0,0,0,0,0.1864036186685276,0,1,0,0,0,0,0,0,0,0,0,0,0,0,0,0,0,0,0,0,0,0,0,0,0,0,0,0,0,0,0,0,0,0,0,0,0,0,0,0,0,0,0,0,0,0,0,0,0,0,0,0,0,0,0,0,0,0,0,0,0,0,0,0,0,0,0.0823899178946353,0,0,0,0,0,0,0,0,0,0.1035656889873503,0.4964789607715832,0,0,0,0,0,0,0,0,0,0,0.365818704656257,0,0,0,0,0,0,0,0,0,0,0,0,0,0,0,0,0,0,0,0,0.5028910378576134,0,0,0,0,0,0,0,0,0,0,0.5902356022037342,0,0,0,0,0,0,0,0,0,0,0,0,0,0
L3_ID1294,0,0,0,0,0,0,0,0.26177291192768,0.3864001848020881,0.2508907284086127,0.3054622553505796,0.3194411208187792,0,0.2188819731154159,0.2523697630825459,0.2579186995877265,0.3059101870679736,0.228825153094405,0.2462869052418465,0.1415284868887626,0.3892943679503741,0.2848664672491267,0.3188873913772758,0,0.3882317706570773,0.5425542708998508,0.2331606306812664,0.3463606862984553,0.4037578239259849,0,0.3863319286805189,0.5202147147191332,0.4801839045620808,0.5160451176053416,0,0.5001253299511804,0.2106860851090126,0.589750811451844,0.5876590754598717,0.5520399296104148,0.5341139504977591,0.2105965366529046,0.1778536620534807,0.399525065254559,0.4382540763868249,0.0033882303250515,0.5781741082857841,0.5021892720622206,0.4942198880005179,0.6130309896622653,0.5521146596904859,0.4652724653716787,0.6019282979668827,0.6730650956527369,0.6438436185896775,0.5910301539330769,0,0.6352625925849633,0.3991898429476521,1,0.5539831618224782,0.4098288962195025,0.5731908081560106,0.4359670622647672,0.5525928498071054,0.4304491455846131,0.2527045550183477,0,0.4683974304270164,0.5573996757135332,0.3682933174034718,0.3689961391665661,0.6122740367779697,0.5113699190460916,0.3738164573910535,0.4176817637417126,0.2012034132474847,0.3976097262398366,0,0.295088310679383,0.5509117687737439,0.2801044440782407,0.236451391606807,0.2405660612289339,0.2690382410475453,0.5036573451473267,0.2003645703057179,0.2029815595177489,0.2295702615773505,0,0.2674789890619528,0.3862579931317185,0.3977898052809845,0.3219183001150599,0.3240293182038885,0.1829513415807641,0.3512351430009152,0.2563269481465351,0.2341541626081813,0.3260228229107506,0,0.1891648529160769,0.1553623191337843,0.1475306262377767,0.1430920517813685,0.2205538214011412,0,0,0,0,0,0,0,0,0,0,0,0,0,0,0,0,0,0,0,0,0,0,0,0,0,0,0,0,0,0,0,0,0,0,0,0,0,0,0,0,0,0,0,0,0,0,0,0,0,0,0,0,0,0,0,0,0,0,0,0,0,0,0,0,0,0,0,0,0,0,0,0,0,0,0,0,0,0,0,0,0,0,0,0,0,0,0,0
L3_ID1295,0,0,0,0,0,0,0,0.2039599586688544,0,0.0631231192124801,0.2263679663135971,0.2456054008086458,0,0.1770210995774238,0.2634479005096994,0.2189248901494064,0.1590749900418318,0.1524269992324643,0.2787886298377678,0.2411867334066303,0.3152487608540005,0.2435644798441036,0.3627874690968778,0,0.5735448558364533,0.6121767652255817,0.2164430303583432,0.2901297778635071,0.5644635013138107,0,0.3509148567122888,0.4230640728280749,0.4231338174098358,0.775275073896456,0,0.7095231968062046,0.221305010319551,0.4078303484915778,0.4684067402729038,0.4251436928282889,0.3774898729371112,0.3557263121332439,0.2461581784096325,0.627498044332004,0.2361819266699022,0,0.3885521577258755,0.3984035511270943,0.3981717885008218,0,0.7075897987385438,0.3426211786212831,0.4519330643064609,0.4825440878404234,0,0.4464672067536694,0,0.4023905876119121,0,1,0.8783986528937614,0.8478864341839601,0.4671824696648474,0.6611998692116456,0.7828787870243313,0.7850932925853108,0.3098575104383815,0,0.3526127804989545,0.4156762974419966,0.654964346823002,0.3350133222509269,0.7624905813164854,0.6847046564406072,0.607232179367412,0.3358106374758354,0.0368155291490343,0.2865381620829553,0,0.4117599766113962,0.3567782065905867,0.0901615168272614,0.2068420441745607,0.3523505765494547,0.3496730492549817,0.5610484912440051,0.2042128619021603,0.2518619685097458,0.3086171416069359,0,0.2418303602307648,0.2612844086217653,0.1848739970907532,0.4212391759228813,0.254560443980657,0.3161613028172783,0.5166469152926735,0.1895116808939091,0.2147871432193477,0.0929212687828431,0,0.1181933395478134,0.2122298706606296,0.1177195389100533,0.1404295842705021,0.0961983865638329,0,0,0,0,0,0,0,0,0,0,0,0,0,0,0,0,0,0,0,0,0,0,0,0,0,0,0,0,0,0,0,0,0,0,0,0,0,0,0,0,0,0,0,0,0,0,0,0,0,0,0,0,0,0,0,0,0,0,0,0,0,0,0,0,0,0,0,0,0,0,0,0,0,0,0,0,0,0,0,0,0,0,0,0,0,0,0,0
L3_ID1296,0,0.0780689638955134,0.0056995004841609,0.0186577579126604,0.0108898289676828,0,0.0251669354806056,0.0056117049419614,0.0012017442788726,0.061817148486518,0.002836083089436,0.0889092564913232,0.0530676090545733,0.0433058048860859,0.2786701005914893,0.0214684902929539,0.0520277997788027,0.0438050014809813,0.0289843068929635,0.0125167554502759,0.015372563544376,0.0216069760604277,0.0234971232210704,0.0529701593265693,0.0024124398030154,0.0004114705831912,0.3545269907674597,0.041799832996388,0.0421019858853605,0.0211403482065799,0.0475133218239335,0.0251747647482222,1,0.0685545233155667,0.0108341675857263,0.0541856214624246,0,0.0858468332072448,0.0241811154483324,0.0068854739327045,0.0345134906340001,0.0009522571815524,0.0367729565338995,0.0030402506599788,0.0151365944406671,0.0036455134403335,0.008380291743973,0.0214310569721516,0.0385911336094301,0.0303248013133547,0.1154507618099304,0.1450392732570905,0.0172812784497131,0.0004221225272984,0.0560291083682762,0.0111471241632299,0.0073312784068877,0.5126132888405645,0.0319912186840975,0,0.4120074102012982,0,0,0.0011167059888485,0,0.0485111582831081,0.0689651802763813,0,0.0552109051302998,0.0163529671328046,0.0066676564856858,0.0177977025479419,0.0294717264940547,0.0313083029324675,0.0125439087207841,0,0,0,0.0073122580752413,0.0106766021149845,0,0,0.0104436093788007,0,0,0,0.0087549685287579,0,0,0.0319829183367287,0.0137738862740285,0.0028683926879545,0,0.0347917975437823,0.0025661874838236,0,0.0105236851502269,0.0037214424446438,0,0,0.0075010827047857,0.0188894162473148,0.0031728527970769,0,0,0,0.0236021623261404,0.0396402515768324,0.0030184680879674,0.1061759334153297,0.0966621313236422,0.0079020484649963,0.0256228881222184,0.0645621029498469,0.0107296365460089,0.1457966760612687,0.006841431869098,0.1207827513720489,0.0125783685939772,0.0045625733482853,0.1350025804269399,0.0311830229709388,0.2530541229367096,0.0348910201765404,0.0600360076232383,0.0233218270481691,0.0922013019554248,0.0009771716679244,0.0040734302668818,0.0221850454214318,0.0485624865099889,0.0371115343994114,0.0925543470305157,0.0131673681731978,0.0763409888594699,0.1894623274796937,0.6171633119040062,0.1093556827129148,0,0.0704060380433106,0.0443069934086209,0.0092665913120746,0.0357878820534654,0.016901393508412,0.0065299162700512,0,0.0040013202691368,0,0.0005824820837858,0.1214223711958947,0.2968946628104572,0,0,0.0945725461261048,0.0142125033754226,0.1937925499866229,0.0336176020623482,0.0159728038261953,0,0.0190834212941752,0,0.0114428143051892,0,0.0452461668123769,0.1741456014855285,0.1113135759111149,0.1864824560556562,0,0.0039001417794325,0.0378446824361846,0,0.0147142714428495,0.0035883938037517,0.0178205732752485,0,0.0600791367264987,0.007126246297936,0,0.0008602806240576,0.0154233399071669,0,0.0186465804749044,0.0070007848149738,0.1103982718458757,0.0153038803111711,0.0133884710121658,0.0109233272152661,0.0025016468811873,0,0.0165594869388661,0.0126203540635417,0.068150103294942,0,0.0663020613204124
L3_ID1297,0,0,0.2194284622155729,0,0,0.4171528230767264,0.1958323100808751,0,0.123597995475688,0.0677393932573758,0,0,0.2587573067162823,0,0.2048518840827902,0.119474498665758,0.0933045692855388,0,0.1196437441268282,0,0,0,0,0,0,0,0,0,0,0,0,0,0,0,0,0,0,0,0,0,0,0,0,0,0,0,0,0,0,0,0,0,0,0,0,0,0.2925184438158585,0,0,0,0,0,0,0,0,0,0,0,0,0,0,0,0,0,0,0,0,0,0,0,0,0,0,0,0,0,0,0,0,0.1201842964393589,0,0,0,0,0,0,0,0,0,0,0.186018612887887,0,0,0,0,0,0,0,0,0,0,0,0,0,0,0.2524684664810244,0,0,0,0,0,0.6541238709288675,0,0.1594327425326355,0.2303077913663061,0.1778489330524319,0,0,0,0.2653134809472869,0.249228546929975,0,0,0.3417051984396217,0.1219840191255547,0,0.4838659597751282,0,0.1116543846640372,0,0.2444169314239492,0,0.1722183934906674,0,0,0.361818377594329,0,0,0,0,0,0,0,0,0.3288308490844839,0,0,0,0,0,0,0,0.2081312595548985,0.2138836231441966,0,0.270515617161465,0,0.3431539802191673,0.7027196415118012,0,0.2287530670320049,0,0,1,0.5862208378004621,0.3545240245802584,0,0,0,0,0.221070893903437,0.1714088595724995,0,0,0,0,0.3026450010673538,0.2907098141258193,0.3492524409897988,0.5321256179404252,0,0.2288178812797226,0,0.1262684490188371
L3_ID1298,0,0,0,0.0573856271867775,0,0,0,0,0,0,0,0,0,0,0,0,0,0.0256685645194574,0,0,0,0,0,0,0,0,0,0,0,0,0,0,0,0,0,0,0,0,0.835115036454604,0,0,0,0,0,0,0,0,0,0,0.1108259203410371,0.2920334792163737,0,0.1729418914860589,0,0,0,0,0,0,0,0,0,0,0,0,0.477907779200547,0,0,0,1,0,0,0,0,0,0,0,0,0,0,0,0,0,0,0,0,0,0,0,0,0,0,0,0,0,0,0,0,0,0,0,0,0,0,0,0,0,0,0,0,0,0.0436276865591928,0,0,0,0,0,0,0,0,0,0,0,0,0,0,0,0.0976598916586802,0,0,0,0,0,0,0,0,0,0,0,0,0,0,0,0,0,0,0,0,0,0,0,0,0,0,0,0,0,0,0,0,0,0.0339965997513581,0,0,0,0,0,0,0,0,0,0,0,0,0,0,0,0,0,0,0,0,0.0490847388021235,0,0,0,0,0,0,0,0,0,0,0.040820891878092
L3_ID1306,0,0,0,0.2456342458498059,0,0,0,0,0,0,0,0,0,0,0,0,0,0,0,0,0,0,0,0,0,0,0,0,0,0,0,0,0,0,0,0,0,0,0,0,0,0,0,0,0,0,0,0,0,0,0,0,0,0,0,0,0,0,0,0,0,0,0,0,0,0,0,0,0,0,0,0,0,0,0,0,0,0,0,0,0,0,0,0,0,0,0,0,0,0,0,0,0,0,0,0,0,0,0,0,0,0,0,0,0,0,0,0,0,0,0,0,0,0,0,0,0,0,0,0,0,0.1466325979169717,0,0,0,0,0,0,0,0,0,0,0,0,0,0,0,0,0,0,0,0,0,0,0,0,0,0,0,0,0,0,0,0,0,0,0,0,0,0,0,0,0,0,0,0,1,0,0,0,0,0,0,0,0,0,0.2294203579523269,0,0,0,0,0,0,0,0,0.0601816858580728,0,0,0,0,0,0,0,0
L3_ID1308,0,0,0,0,0,0,0,0,0,0,0,0,0,0,0,0,0,0,1,0,0,0,0,0,0,0,0,0,0,0.3456942524910168,0,0,0.0517427282919729,0,0,0.8185199925134644,0,0,0,0,0,0,0,0,0,0,0,0,0,0,0,0,0,0,0,0,0,0,0,0,0,0,0,0.2209223088504873,0,0,0,0,0,0.0664859180364327,0,0,0,0,0,0,0,0,0,0,0,0,0,0,0,0,0,0,0,0,0,0,0,0,0,0,0,0,0,0,0,0,0,0,0,0,0,0,0,0,0,0,0,0,0,0,0,0,0,0,0,0,0,0,0,0,0,0,0,0,0,0,0,0,0,0,0,0,0,0,0,0,0,0,0,0,0,0,0,0,0,0,0,0,0,0,0,0,0,0,0,0,0,0,0,0,0,0,0,0,0,0,0,0,0,0,0,0,0,0,0,0,0,0,0,0,0,0,0,0,0,0,0,0
L3_ID1312,0.2297881722908261,0.0790662524574771,0.0721408540692448,0.6827977803923719,0.248295615168504,0.1616123231738182,0.093668741424594,0.1222261823909278,0.0867633030681076,0.2118653825126808,0.3646563322109912,0.147648652906249,0.1160112292598826,0.162199890503108,0.067831160045135,0.1389807242098644,0.0266091237077181,0.2655082771614191,0.1587469026947475,0.0574866375239349,0,0,0.069235969383851,0.0618715317002749,0.0662169046881458,0,0.0641242964251615,0.1252213674972666,0.1505229951613366,0.227570883022036,0.3654998633405331,0.1648051793449554,0.0361483714795697,0.1025322572672912,0.2065454642309393,0.0977120805470963,0.1620184919111727,0.2780715379259814,0.2333584619170734,0.1917186650457254,0.068122383583359,0.1140032354136939,0.0885419356359634,0.0229458717802726,0.0289167805549826,0.1695014850198496,0.2860106161319907,0.0598276594528138,0.0332806218634177,0.2047913746874366,0.3217235738134021,0.0641943193424039,0.0458340939093119,0.1524610393530422,0.1126787424098967,0.0851621373241067,0.055751225913891,0.3007034462215855,0.2737478954865386,0.0056169255077939,0.0535267039827003,0.0734188089402968,0.1773624325632581,0.1494873894277735,0.190060350279346,0.1680411140185392,0.3558881149374821,0.255160303150227,0.1649831752887383,0.1679473214060693,0.4102846066086135,0.3000417695411478,0.0569701676323566,0.4016489135263046,0.3446475888704947,0.1624148271581727,0,0,0.1979397111962493,0,0,0,0,0,0,0,0,0,0,0.1342340788790498,0,0.1012207724734165,0.039966634185758,0.0264663468003743,0.2134677693026694,0.1490923851209001,0.1121478804562765,0.179426081685567,0,0,0.0411741550540851,0,0,0,0,0,0.0999840726761362,0.1796477585144839,0.202861210312505,0.1501264971082049,0.152990615138222,0.1680505404935643,0.0341991781285982,0.0441897723299517,0.046877648652255,0.0732238892991241,0.22574820325525,0.0387991799064411,0.1224105359141535,0,0.1129797628070955,0.2395347567321475,0.202230320271571,0.4446017866214647,0.1033511314081877,0.1189377345995656,0.1562549106399472,0.0718443759631203,0.10699713402598,0.3175540436582225,0.1750109910419507,0.0697018798312312,0.0973843599442994,0.4161751603819484,0.1188513171048615,0.0449574887141161,0.0777077248318489,0.1596698669359436,0.4228703346193498,0.0470475938328255,0.0689336302569855,0.041919648401273,0.1174656496970796,0.1092211797492355,0.0772880106243374,0.2119715158299332,0.0609971813700031,0,0.0168191219253166,0.1307694748531928,0.0493501202518649,0.0477672376364535,0.1388621850653767,0,0.187803808452204,0.0440455016763496,0.0165423057105813,0.1151029094302325,0.1601163139102796,0.1891804808212097,0.0106215982065797,0.1316613187023153,0.0348130508586167,0.0180611709199334,0.0430975873954711,0.3765446964372222,1,0.0322700028009166,0.0488034294720906,0.2460039723393684,0.0215684260821414,0,0.239462226600477,0.189013930148485,0.0684176487838023,0.1776451616915609,0.9846424975971444,0.0322855060148074,0.0407499677481053,0.2205374302041973,0.4645254556178437,0.3317622650162119,0.0149342420759162,0.0244565681919669,0.181311832547772,0.3961458057851791,0,0.0181235582295992,0,0.2880246907871983,0,0.0572208524437884,0.0396293975645635,0.3119916744851598
L3_ID1315,0.2483169553605087,0.0506457211240983,0.0448258887265004,0.327588356629478,0.1636794309860507,0.0992415155157925,0.0988131536174089,0.114829224169641,0.024671694596987,0.159877947585501,0.1438096098677072,0.0850883178716501,0.1196658180751886,0.0370188791104648,0.0956247659623376,0.2114335750067366,0.0199810673833454,0.091736250198531,0.1312972669889495,0.0865281387446082,0.1328265240702337,0.1420582111585263,0.1989823161362428,0.0402460658128337,0.0924044285719466,0.0029911463007778,0.0695299328347068,0.2069837284898995,0.132669747270587,0.2294103681331264,0.173169235054816,0.1517275297669417,0.0995010319951069,0.4286444885847507,0.1250089893996745,0.1190663880242814,0.3528837877864254,0.2546764098143996,0.224028142558613,0.1828820369154755,0.1966568594669187,0.2704899070254792,0.1261262751837144,0.3435032928095373,0.2413974873289677,0.1077807141125558,1,0.2507477202014922,0.1571673323702689,0.1263870841413707,0.2658803694584664,0.173719336887729,0.1994699179973579,0.1847388590491616,0.1619894291142865,0.2277070463253284,0.0460994038591694,0.2325761168363479,0.1804158071273759,0,0.1083020685927925,0.317211583124274,0.166140210961014,0.2844968982024023,0.167368098315273,0.1307823090416537,0.2748394341724101,0.0739549094338935,0.2611784649679062,0.1825918961085678,0.2357270473165403,0.3148475826103823,0.0545970414565095,0.242925526023025,0.1892176340302897,0.3297241565087233,0.3050173051704875,0.1325256071222455,0.1603212100303749,0.1869876561113491,0.0286298302747159,0.2104287348384484,0.1964373851191671,0.3705589971447908,0.1452490026586667,0.0069217972701501,0.0215726865446298,0.0279012161902938,0.0074972763390434,0.0782275464679961,0.0174748427996733,0.0865033593827652,0.1119685662138942,0.1771158876469731,0.2427452870369157,0.2772828603617372,0.5251242263985186,0.1603336573377193,0.0585230514407525,0.0096712979723141,0.030709193305086,0.0279319763515982,0.0111818665988462,0.1569185014762276,0.0573268750837756,0.0353355289743714,0.0601091981499488,0.1314695123669693,0.1854896984100406,0.250612462754622,0.103014967777779,0.166599724057143,0.0184432136746179,0.0233916707574287,0.046995815796616,0.1239818313410355,0.364940816065579,0.0440705956663665,0.1057019396949338,0.0149761734516595,0.2459166172708114,0.0717940585253831,0.098757313613628,0.1835215090979454,0.1574762429263466,0.1066574187158431,0.1259982704337822,0.0471897698713733,0.1104440756610177,0.3477695909371219,0.1853974796687235,0.0587243775814667,0.1218081873666434,0.4071700514886745,0.232954426070278,0.0760725899193128,0.1568080398558926,0.2716370515289225,0.2812836488620268,0.0526328283675938,0.0412553406471924,0.0716287694798409,0.3747046749369194,0.2795379963304426,0.1662655401984548,0.4223619242436879,0.164199534149676,0.0400742320521203,0.0799334943942088,0.1942340964663709,0.0440401071724844,0.1236871462790656,0.0742625439763215,0.0486784538347694,0.1764757404121207,0.0974251635956678,0.2066801195647278,0.1515734531768247,0.1638554056168661,0.105860692257651,0.0494742500378491,0.1236239383255008,0.1369081871388771,0.1360018552243472,0.0331029455178815,0.2453560603583169,0.249632484271638,0.0961934975945364,0.0335339211861605,0.5035155691311843,0.0353007925898876,0.190804105917158,0.2013237929511305,0.1156785635519321,0.1287305449516751,0.2406929960767849,0.4131563172279264,0.035986427653266,0.0407194504121871,0.2084298882693755,0.2978221029377615,0.4301228862316609,0.0486031402162246,0.0353087409200735,0.1134498287172567,0.237660133904749,0.0263694647081331,0.0110597448974976,0.0327786034289883,0.3181245503097825,0.0021815984788375,0.2099708188174681,0.1104693242665899,0.1459980144387054
L3_ID1319,0,0,0,0,0,0,0,0,0,0,0,0,0,0,0,0,0,0,0,0,0,0,0,0,0,0,0,0,0,0,0,0,0,0,0,0,0,0,0,0,0,0,0,0,0,0,0,0,0,0,0,0,0,0,0,0,0,0,0,0,0,0,0,0,0,0,0,0,0,0,0,0,0,0,0,0,0,0,0,0,0,0,0,0,0,0,0,0,0,0,0,0,0,0,0,0,0,0,0,0,0,0,0,0,0,0,0,0,0,0,0,0,0,0,0,0,1,0,0,0,0,0,0,0,0,0,0,0,0,0,0,0,0,0,0,0,0,0,0,0,0,0,0,0,0,0,0,0,0,0,0,0,0,0,0,0,0,0,0,0,0,0,0,0,0,0,0,0,0,0,0,0,0,0,0,0,0,0,0,0,0,0,0,0,0,0,0,0,0,0,0,0,0,0
L3_ID1320,0,0,0,0,0,0,0,0,0,0,0,0,0,0,0,0,0,0,0,0,0,0,0,0,0,0,0,0,0,0,0,0,0,0,0,0,0,0,0,0,0,0,0,0,0,0,0,0,0,0,0,0,0,0,0,0,0,0,0,0,0,0,0,0,0,0,0,0,0,0,0,0,0,0,0,0,0,0,0,0,0,0,0,0,0,0,0,0,0,0,0,0,0,0,0,0,0,0,0,0,0,0,0,0,0,0,0,0,0,0,0,0,0,0,0,0,1,0,0,0,0,0,0,0,0,0,0,0,0,0,0,0,0,0,0,0,0,0,0,0,0,0,0,0,0,0,0,0,0,0,0,0,0,0,0,0,0,0,0,0,0,0,0,0,0,0,0,0,0,0,0,0,0,0,0,0,0,0,0,0,0,0,0,0,0,0,0,0,0,0,0,0.8523164563294484,0,0
L3_ID1321,0,0,0,0,0,0,0,0,0,0,0,0,0,0,0,0,0,0,0,0,0,0,0,0,0,0,0,0,0,0,0,0,0,0,0,0,0,0,0,0,0,0,0,0,0,0,0,0,0,0,0,0,0,0,0,0,0,0,0,0,0,0,0,0,0,0,0,0,0,0,0,0,0,0,0,0,0,0,0,0,0,0,0,0,0,0,0,0,0,0,0,0,0,0,0,0,0,0,0,0,0,0,0,0,0,0,0,0,0,0,0,0,0,0,0,0,0,0,0,0,0,0,0,0,0,0,0,0,0,0,0,0,0,0,0,0,0,0,0,0,0,0,0,0,0,0,0,0,0,0,0,0,0,0,0,0,0,0,0,0,0,0,0,0,0,0,0,0,0,0,0,0,0,0,1,0,0,0,0,0,0,0,0,0,0,0,0,0,0,0,0,0,0,0
L3_ID1326,0.0961549968567617,0.0097116304861713,0.2043929747334351,0.1052810040897308,0.1609596665491375,0.1117439502640648,0,0.1738060859101705,0.280956225184498,0.1484050824213873,0.1708799400366859,0.0864450433316165,0.1443620012779528,0.1460151297976637,0.1316467399290787,0.2381485599086183,0.1284798041661639,0.2159014051378212,0,0.083447622946625,0.0058116410309258,0.0139599376211578,0.0032824901888243,0.0140633076702055,0.0287705162962465,0,0.0214883056983458,0.006844613994382,0.0111118269209551,0,0,0,0,0.1899905820225552,0.0346596593659344,0.0651640352512172,0.0219341315883001,0.2455845366763553,0.0206572328634829,0.019152320996221,0,0,0,0,0.0083044672528097,0.0791613178994623,0.011717454866714,0.0038289806823479,0.0335229827640684,0,0.0120050522214173,0.0175844328602904,0.0050540065817859,0,0.1917670632765077,0.2151592816609068,0.0789842481275549,0.0386159779555477,1,0,0.0131986383956761,0.1712096514080721,0,0.0536528876711351,0.3255363693086613,0.7075533493679955,0.1402537900786349,0.0311829523692598,0,0,0.0144178624195939,0,0,0,0,0,0,0,0.0286059797114418,0,0,0,0,0,0,0,0,0,0,0,0,0.1523177567373046,0.0581317204616593,0,0.0530825272574389,0.0653235680894886,0,0.0280917681548416,0,0,0.0905974687894518,0,0,0,0,0,0.0250349843706645,0.0158824098496269,0.0306028925773098,0.0780731198435282,0.0112879547777455,0.0894580977469625,0.1133433984250475,0.0316130305182845,0.0437979877876156,0.027981319798551,0.0460257534851446,0.0506741882158848,0.0646423257803282,0.0108378015126041,0.0207427828174964,0.0366756511479744,0,0,0.0253663169510917,0.1491608680689718,0.1200553857826099,0,0.0914413308362703,0.1122456242320897,0.1965112520416964,0.1172084077279998,0.0558763061809819,0.0320422797233199,0.06182347020074,0,0.0202542399091254,0,0.0959715845629678,0.0386325282198942,0.0358373877741882,0.0560182184576395,0.0464572841200975,0.0422194642269441,0,0.0242391599948168,0.0276058507189541,0.0758241962676452,0.0082721861210186,0.0665660744358251,0.0754014318987741,0.041111064879348,0,0.1393392462519407,0.0453945339110569,0.060094941522623,0.0301672065884526,0.0714009041915633,0.0881914830685329,0.1766349416353008,0.0494861706320608,0.0176577745967194,0.0427549327008984,0.0464142523905277,0.1009417507954341,0,0.2079618999149753,0.1552297005261579,0,0.3181974948931181,0.1488309923759453,0,0.0307267265392125,0.065889952506351,0.2176653744725862,0.0936538160884031,0.1258993323377006,0.1248879913275733,0.1522120040244717,0.0806803056758103,0,0.0334595274626062,0.1526896283467036,0.0612221762382457,0.1812524501530304,0.2217302927882988,0.0218300228195809,0.1951551524928297,0.0310056273119467,0.0866957042567286,0.0192628390366244,0.0375591821993653,0.0709816375261799,0.1116073050828439
L3_ID1329,0,0.0705139205413375,0,0,0,0,0,0,0,0,0,0,0,0,0,0,0,0,0,0,0,0,0,0,0,0,0,0,0,0,0,0,0,0,0,0,0,0,0,0,0,0,0,0,0,0,0,0,0,0,0,0,0,0,0,0,0.0583977582425532,0,0,0,0,0,0,0,0,0,0,0.1435981581009397,0,0,0,0,0,0,0,0,0,0,0,0,0,0,0,0,0,0,0,0,0,0,0,0,0,0,0.0131923963382047,0.0277942346131093,0,0.0661904394366772,0,0,0,0,0,0,0,0,0,0,0,0,0.0312992648088072,0,0,0.0443462399877185,0,0.0543716496284409,1,0,0,0,0,0,0,0,0,0,0.0929692466300018,0,0,0,0.1023819050387742,0.0703891578293655,0.0330379369351445,0,0,0,0,0,0.0523732018054403,0,0,0,0.1095687363366702,0,0.0560881564663369,0,0,0,0,0.0737070290261272,0.0150909455187943,0,0.3846318086915464,0,0,0,0,0,0.0436565857338642,0,0,0,0,0,0,0.1957518448326581,0.2709086718545255,0,0,0,0,0,0,0.1350786351850608,0,0.0770059777868442,0,0,0,0,0,0,0,0,0,0,0,0,0,0.0478186638111396,0,0,0,0.0276858111014742
L3_ID1335,0.0336868477873327,0,0,0.1213743775378764,0,0.0899615289693756,0,0,0,0,0,0,0,0,0,0,0,0,0,0,0,0,0,0,0,0,0,0,0,0,0,0,0,0,0.0193833911810066,0,0.0141874746921625,0,0,0,0,0,0,0,0,0,0,0,0.0110657398864363,0,0,0,0,0.0071124746547502,0,0,0,0,0,0,0,0,0,0,0,0,0,0.0836194098439896,0,0,0,0.0116122346550795,0,0.021901906822014,0,0,0,0,0,0,0,0,0,0,0,0,0,0,0,0,0,0,0,0,0,0,0,0,0,0,0,0,0,0,0,0,0,0,0,0.0094413685761428,0,0,0,0,0.0190889508210807,0,0,0,0,0,0,0.5995961844978295,0,0.0279731942846282,0,0,0,0,0,0,0.0969988380998012,0.008227113616742,0,0,0,0,0.026339574156157,0.0340384061515239,0.0291733524200309,0,0,0,0.1029314722062423,0,0,0,0,0,0.0299923536348071,0,0,0.0482575058977315,0.0477738861402653,0,0.1983415205915228,0,0,0,0.2008827018288735,0,0,0,0,0,0,0,1,0,0,0,0,0,0,0.0339014071188803,0.0292162362271428,0,0.2242010174639199,0.0090029406896526,0,0,0,0,0,0,0,0.0301523280841017,0,0,0,0,0,0,0,0
L3_ID1337,0,0,0,0,0,0,0,0.8223599617783555,0,0,0,0,0,0,0,0,0,0,0,0,0,0,0,0,0,0,0,0,0,0,0,0.4796702009533433,0,1,0,0,0,0,0.6588361079656565,0,0,0,0,0,0,0,0,0,0,0.3309721944029167,0,0,0,0,0,0,0,0,0,0,0,0,0,0,0,0,0,0,0,0.5830644947794887,0,0,0,0,0,0,0,0,0,0,0,0,0,0,0,0,0,0,0,0,0,0,0,0,0,0,0,0,0,0,0,0,0,0,0,0,0,0,0,0,0,0,0,0,0,0,0,0,0,0,0,0,0,0,0,0,0,0,0,0,0,0,0,0,0,0,0,0,0,0,0,0,0,0,0,0,0,0,0,0,0,0,0,0,0,0,0,0,0,0,0,0,0,0,0,0,0,0,0,0,0,0,0,0,0,0,0,0,0,0,0,0,0,0,0,0,0,0,0,0,0,0,0,0
L3_ID1339,0,0,0,0,0,0,0,0,0,0,0,0,0,0,0,0,0,0,0.4715944225311518,0,0,0,0,0,0,0,0,0,0,0.2471431161399341,0,0,0.7294784894626375,0,0,1,0,0,0,0,0,0,0,0,0,0,0,0,0,0,0,0,0,0,0,0,0,0,0,0,0,0,0,0,0,0,0,0,0,0,0,0,0,0,0,0,0,0,0,0,0,0,0,0,0,0,0,0,0,0,0,0,0,0,0,0,0,0,0,0,0,0,0,0,0,0,0,0,0,0,0,0,0,0,0,0,0,0,0,0,0,0,0,0,0,0,0,0,0,0,0,0,0,0,0,0,0,0,0,0,0,0,0,0,0,0,0,0,0,0,0,0,0,0.8606668510637309,0,0,0,0,0,0,0,0,0,0,0,0,0,0,0,0,0,0,0,0,0,0,0,0,0,0,0,0,0,0,0,0,0,0,0,0,0,0,0,0
L3_ID1340,0,0,0,0,0,0,0,0,0,0,0,0,0,0,0,0,0,0,0.2510931602445013,0,0,0,0,0,0.0778266187526633,0,0,0,0,0.102599557649087,0,0,0.3036858704344112,0,0,0.2553806383879534,0,0,0,0,0,0,0,0,0,0,0,0,0,0,0,0.125823049442833,0,0,0,0,0,0,0,0,0.2123578205329384,0,0,0.0772106056698155,0,0,0,0,0,0.1155815299395339,0,0,0,0,0,0,0,0,0,0,0,0,0,0,0,0,0,0,0,0,0,0,0,0,0,0,0,0,0,0,0,0,0,0,0,0,0,0,0,0,0,0,0,0,0,0,0,0,0,0,0,0,0,0,0,0,0,0,0,0,0,0,0,0,0,0,0,0,0,0,0.0055681809808481,0,0.0376919027406456,0,0,0,0,0,0,0,0,0,0,1,0,0,0,0,0,0.0018258466620438,0,0,0,0,0,0.0321613255413854,0,0,0,0,0,0,0,0,0,0,0,0,0,0,0,0,0,0,0,0,0,0,0,0,0.0189611493117052,0,0,0
L3_ID1350,0.0626440801684382,0.3232767249534328,0.0788983178534234,0,0,0,0,0,0.0255685585346483,0,0.0406346913591872,0,0.0830003786618687,0,0,0.1275690279574942,0,0,0.0513439285307272,0,0,0,0.0332427132894172,0.1282999107060093,0,0,0,0.0541943824605308,0,0.0304260853249275,0.0927915922203083,0.1993759798460407,0.0823132732868241,0,0.065902079296318,0.0462693806364069,0,0,0,0,0,0.0260431630841128,0,0.0321779910331895,0,0.0630186541738358,0,0,0,0,0,0,0,0,0,0,0.2108759042866304,0,0,0,0,0,0.0098529619128683,0,0,0,0,0,0.0084425039075329,0,0.053053552275613,0,0,0,0,0,0,0,0.0245814536400577,0,0,0,0,0,0,0,0,0,0,0,0,0.0241167924911819,0.0282301960194956,0.0507012771686367,0.070895442431897,0.0490966286345629,0,0.1645197015957417,0,0,0,0,0,0,0,0,0,0.0923070943271634,0.0496549042541517,0,0.1851172080519234,0.0748674122929491,0.1012792618149902,0.08768394104047,0,0.173025956755418,1,0,0.1311590208166655,0,0,0,0.126439088064861,0.0342073249323056,0,0.1192350315975424,0,0.0512162118272033,0,0.1773120554959045,0.449820223695572,0,0.3602519578022954,0.0735968995465986,0.1273759094435041,0.0390041743771537,0.1395199706500217,0.0828874799626629,0.2533681592068484,0,0.1187038575913633,0,0,0.0525517460245468,0.0579822022835917,0,0.1060072742027617,0,0.0487618842716825,0.3458165871066754,0.1100347204939221,0,0,0,0,0,0,0.2422381203406765,0.567585378129846,0.1441478003563431,0,0.0617684966649761,0,0,0.1791567268726866,0,0,0.2754488994494829,0.1352949216068716,0,0,0,0.1439947917497452,0,0,0.3256665995952783,0.695178156533602,0,0,0.0307515268990539,0.0506174459407492,0.0624198642646781,0,0,0.1488546807725419,0,0,0.054565244958227,0,0.2234985858314863,0,0,0,0
L3_ID1351,0.0285842569649636,0,0.0127391123090675,1,0,0.247562402128399,0,0,0,0,0,0,0.0250411730001015,0,0,0,0,0.0074681951522964,0,0,0,0,0,0,0,0,0,0,0,0,0,0,0,0.0058120781814987,0,0,0.0146997287347149,0.044450571654599,0,0,0,0,0,0,0,0.0160268006258326,0.0091380489500325,0.0092474420842237,0,0,0.0152652216328769,0.0077237406279661,0,0.0102463771986796,0,0,0.0256676917813992,0,0.0401898861007553,0,0,0,0,0.0100487151988515,0,0,0.0224511003563205,0.062351804749012,0.0175246895800567,0,0.0133366323114521,0.0300165101690581,0,0,0.0290755851695205,0,0,0,0,0,0,0,0,0,0,0,0,0,0,0,0,0,0,0,0.0111043120552938,0,0,0,0,0,0,0,0,0,0,0,0,0.0131455980190765,0.0161882105313242,0.0234161660445556,0,0.0276878879484531,0,0,0,0.0089656396737194,0.1299847393217878,0,0.0318287244826748,0,0.01164948242314,0.573257283223769,0.0093676835129753,0.0193524021737329,0,0.0120541352189405,0,0,0,0.0149812804045614,0.068424546649858,0.0342346375110511,0.0226845574605916,0.0177407095571466,0,0.0073005066957183,0.0133124265906576,0.0959349904495892,0.0257974137144227,0,0.0310461152489114,0,0.1110296031240761,0,0.0172968904387291,0.0268656704666781,0.0454998874575631,0.0019962128231339,0.0578200434700051,0.1130209227432729,0.003295259425913,0.0598334759078145,0.1198387944180556,0,0.1515723214488814,0,0.0050639348177795,0.0346757041188826,0.1929438103625537,0.0191902318921816,0,0,0,0.0095684528113905,0,0.1793338256007655,0.4226308809064921,0.0612321749970803,0.0176457509307593,0.03657598858115,0,0,0.0342425283195525,0.126525453506604,0.0027790790660716,0.1154202901867769,0.3666278095540856,0,0,0,0.0102990697160528,0.0294775431250863,0,0.0065995455155073,0,0.3038586720542074,0,0,0.0081367875941385,0.0306255491972628,0,0.0255810007063665,0,0.0354766174206665
L3_ID1352,0,0,0,0,0,0,0,0,0,0,0,0,0,0,0,0,0,0,0.0651529929062488,0,0,0,0,0,0,0,0,0,0,0.1016707168502862,0,0,0.0120622510006862,0,0,0.0862705934047557,0,0,0,0,0,0,0,0,0,0,0,0,0,0,0,0.0225757416610911,0,0,0,0,0,0,0,0,0.009446514372914,0,0,0,0,0,0,0,0,0.0116354830805028,0,0,0,0,0,0,0.9250366205991388,0.4715255960484831,0,0.6774729230919454,0.3399857712632492,0.7289187978392594,0.6045150682436731,0.8062422748110555,0.8188265744924766,0.15185731331727,0.7886158508814644,0,0.8234761127457725,0,0,0,0,0,0,0,0,0,1,0.3978267387142623,0,0,0,0,0,0,0,0,0,0,0,0,0,0,0,0,0,0,0,0,0,0,0,0,0,0,0,0,0,0,0,0,0,0,0,0,0,0,0,0,0,0,0,0,0,0,0,0,0,0,0,0,0,0.0660695017164541,0,0,0,0,0,0,0,0,0,0,0,0,0,0,0,0,0,0,0,0,0,0,0,0,0,0,0,0,0,0,0,0,0,0,0,0,0,0,0,0
L3_ID1354,0,0,0,0,0,0,0.0324480952763673,0.0681063349256671,0,0.1139815455381406,0.0181839289794342,0,0,0.0080308987491995,0,0.0376233225619384,0,0,0,0.0210777628431505,0.0166702380809807,0.0103028283215486,0.0269357395005331,0,0.0084834464256508,0,0,0.0976595642108871,0.0111480595513084,0.0253522688932768,0,0,0,0.2399185973667733,0,0.0139110047450026,0.0904327365886355,0.1070539763934387,0.0224005584107637,0,0.0249323246031297,0.0329997600786161,0.0964458349816184,0.2053792072437966,0,0,0.2060426458914755,0.1767674068262019,0.0739206566861367,0,0,0.0446244943803614,0.2227885874494614,0.0085151704557575,0.0115628907184177,0.1322031851791693,0,0,0.0045793608220192,0,0.0168730730502487,0.1711298741677017,0,0,0,0,0,0,0.0206514547418027,0,0,0.0142511535968418,0,0,0,0.0752730827902569,0.586921918583262,0.4132228555631633,0,0.502572753054489,0.1445570572066891,0.5352185826023805,0.4716947750539957,0.4382664306383232,0.4996315948323128,0.1933934198572288,0.4404058904570936,0.4596181750705191,0.5148917757957708,0,0.3657882597533878,0.0638120707987255,0.0707524874446522,0.2595801775769105,0.0320709652694323,0.0376954252884296,0.2036268244504333,0.0356275799092354,0.5340586541119114,0.1729113012608866,0,0.4040118945289035,0.2096998432499591,1,0.5329453204734037,0.4449406680522865,0,0,0,0.0600031697130468,0,0,0,0,0,0,0.6529138249732688,0,0.037311386167841,0.0285912923671644,0.1280639389903101,0.0810521718721287,0,0,0,0,0,0,0,0,0,0,0,0.0249776504938867,0,0,0.0329066668625272,0.0442215728831434,0,0,0,0,0,0,0,0,0.0476123278610268,0.0368420985844147,0.1765163191685607,0.029487506451235,0,0.1027828985852755,0,0,0.0311967211726633,0,0.0681238957113649,0.024292040111618,0,0,0.0253894839582719,0,0,0.0470373597850499,0.0165552421266863,0,0,0.1026826798888759,0,0,0,0.3713174950523378,0,0.0802782107969815,0.0941840315138386,0.1152090111262518,0,0,0.0262492402606467,0,0,0,0,0,0,0,0,0,0,0.0731371170006089,0,0.0723637874821901,0,0
L3_ID1373,0,0,0,0,0,0,0,0,0,0,0,0,0,0,0,0,0,0,0.7033096399373912,0,0,0,0,0,0.1506955705317737,0,0,0,0,0.2196005443980798,0,0,0.2553203960295658,0,0,0.8107637817033574,0,0,0,0,0,0,0,0,0,0,0,0,0,0,0,0.0642782891466584,0,0,0,0,0,0,0,0,0.0398793605600306,0,0,0.1080271850527893,0,0,0,0.4101533375936861,0,0.0591333693605163,0,0,0,0,0,0,0,0,0,0,0,0,0,0,0,0,0,0,0,0,0,0,0,0,0,0,0,0,0,0,0,0,0,0,0,0,0,0,0,0,0,0,0.1477822303212501,0,0,0,0,0,0,0,0,0,0,0,0,0,0,0,0,0,0,0,0,0,0,0,0,0,0,0,0,0,0.0425346723502958,0,0,0,0,0,0,0,0,0,0,0.1044109872404345,0,0,0,0,0,0,0,0,0,0,0,0,0,0,0,0,0,0,0,0,0,0,0,0,0,0,0,0,0,1,0,0,0,0,0,0,0,0,0,0
L3_ID1376,0,7.721918309219664e-05,0,0,0,0,0,0.3352287619485655,0.5691999306180648,0.4643582479119885,0.6983383808502652,0.3453148893384773,0,0.4619447736361762,0.4008720566047288,0.2006850116254812,0.3397556246517941,0.5077520414038126,0.50941437311675,0.3824202437098589,0.5735974897414379,0.473050877708296,0.3186214742247694,0,0.729478077197357,0.8123930587808359,0.1872000011379896,0.2753109101428413,0.7795362775765089,0.3903065839920602,0.4914657205726947,0.8409019852679277,0.6263245939888538,0.6907861179390158,0,0.6929003738784212,0.2172902745231165,0.8777637503867102,0.4608412567057527,0.507344144701051,0.7371370603503398,0.3043818575287492,0.2165617345052714,0.6697093655258483,0.8956407078241294,0,0.8427686552194024,0.6138753631566942,0.486113735917219,0.863207615026329,0.7190633627375373,0.5054073613056418,0.501085057001761,0.6863557442061438,0.7575582297265226,0.6888280826884159,0,0.6725664273156555,0.6004814666779548,1,0.7820592658498117,0.7116071022869839,0.709269634905219,0.8856984130923233,0.7085974554669073,0.6988629505006484,0.6887309013874392,0,0.6803882359164307,0.9121490054658328,0.677301040553996,0.3862928309483945,0.3798633493651395,0.7327226273054251,0.654487011662763,0.6284117797520157,0.3248595805334847,0.4063608776062616,0,0.3083677420355823,0.625107784167217,0.319311772897789,0.3880002289586194,0.2779326851598029,0.3139408763633578,0.5277169065293306,0.2974633473708615,0.2375550619769981,0.1112939644564537,0,0.3122077155205275,0.6588863729036312,0.6650750586960611,0.6695933444371488,0.6847032359771115,0.2363657662136901,0.4650290555589945,0.4190011502052641,0.5575107887172425,0.4341102813738101,0,0.1051064052406106,0.3854053354786311,0.2997310747327846,0.1006205098258219,0.3206292552351548,0,0,0,0,0,0,0,0,0,0,0,0,0,0,0,0,0,0,0,0,0,0,0,0,0,0,0,0,0,0,0,0,0,0,0,0,0,0,0,0,0,0,0,0,0,0,0,0,0,0,0,0,0,0,0,0,0,0,0,0,0,0,0,0,0,0,0,0,0,0,0,0,0,0,0,0,0,0,0,0,0,0,0,0,0,0,0,0
L3_ID1382,0,0,0,0,0,0,0,0,0,0,0,0,0,0,0,0,0,0,0,0,0,0,0,0,0,0,0,0,0,0,0,0,0,0,0,0,0,0,0,0,0,0,0,0,0,0,0,0,0,0,0,0,0,0,0,0,0,0,0,0,0,0,0,0,0,0,0,0,0,0,0,0,0,0,0,0,0.908514477988805,0.3944371412761893,0,0.7999759496496546,0.1736437857125497,0.758231901013287,1,0.7407699704045994,0.8033243557722256,0.230640297630894,0.674537426063962,0.769846736604643,0.6849038566747482,0,0.7212926028677115,0,0,0,0,0,0,0,0.682925217563432,0.3793125064847611,0,0.5462424109383024,0.921318849374237,0.6594219419232843,0.5135551151747266,0.5519328468147878,0,0,0,0,0,0,0,0,0,0,0,0,0,0,0,0,0,0,0,0,0,0,0,0,0,0,0,0,0,0,0,0,0,0,0,0,0,0,0,0,0,0,0,0,0,0,0,0,0,0,0,0,0,0,0,0,0,0,0,0,0,0,0,0,0,0,0,0,0,0,0,0,0,0,0,0,0,0,0,0,0,0,0,0,0,0,0,0
L3_ID1385,0,0,0,0,0,0,0,0,0,0,0,0,0,0,0,0,0,0,0.7478148760973639,0,0,0,0,0,0,0,0,0,0,0,0,0,0.9357200899310154,0,0,1,0,0,0,0,0,0,0,0,0,0,0,0,0,0,0,0,0,0,0,0,0,0,0,0,0,0,0,0,0,0,0,0,0,0,0,0,0,0,0,0,0,0,0,0,0,0,0,0,0,0,0,0,0,0,0,0,0,0,0,0,0,0,0,0,0,0,0,0,0,0,0,0,0,0,0,0,0,0,0,0,0,0,0,0,0,0,0,0,0,0,0,0,0,0,0,0,0,0,0,0,0,0,0,0,0,0,0,0,0,0,0,0,0,0,0,0,0,0.3977127547143252,0,0,0,0,0,0,0,0,0,0,0,0,0,0,0,0,0,0,0,0,0,0,0,0,0,0,0,0,0,0,0,0,0,0,0,0,0,0,0,0
L3_ID1387,0,0,0,0,0,0,0,0.4765954779231628,0.5716656166144692,0.693972482410189,0.441003523728663,0.2251704467158651,0.3789693072853806,0.5617139248811008,0.5752369632323995,0.5229404996710735,0.3889368272031805,0.3707041143934275,0.2265302781827847,0.6054690142655308,0.8868617009323726,0.3379792842278276,0.6899647864926232,0,0,0,0.4496545944549396,0.5735590396653403,0.8962005865628433,0.3798517553785401,0.7697671880307604,0.6854457177309884,0.2749530567814091,0.2601238090606803,0,0.4664208109843029,0.3257410834041856,0.3437071416112798,0.5250604795585809,0.5713174883448962,0.480381878163904,0.3731738276501116,0.5639833721192772,0.4710170731472424,0.4372188177597256,0,0.4588312164051167,0.6705641259287434,0.4218071269513701,0.4050873096901765,0.5582452599328022,0.5808423277368464,0.7737697119607148,0.3133355658089054,0.6323221522887591,0.698721912689002,0,0.6277034484554365,0.7454991223672056,0,0.4544311925307462,0.4563990743687827,0.75323192749991,0.654911135146652,0.4304514800385652,0.3374213932193221,0.5188506464330584,0,0.6748785742149904,0.5315943050114895,0.6794652355043752,0.6505350985941348,0.4370617260670434,0.5894964897660633,0.5434277532184327,0.7396757318332746,1,0.3727652406288043,0,0.4384380989770997,0.1568565753143052,0,0,0,0,0.1084541354202323,0.7292831280371308,0.6253968014288478,0,0.5031056299403628,0,0,0.431818460143534,0.438545581202405,0,0.519618121836096,0.6479077883356342,0.7800920804028871,0.7711764654826897,0.3811605952089798,0,0.2179571290974477,0,0,0,0,0.253225358481162,0,0,0.2491195434193115,0,0,0,0,0,0,0,0,0,0,0,0,0,0,0,0,0,0,0,0,0,0,0,0,0,0,0,0,0,0,0,0,0,0,0,0,0,0,0,0,0,0,0,0,0,0.3425822937539154,0,0,0,0,0,0,0,0,0,0,0,0,0,0,0,0,0,0,0,0,0,0,0,0,0,0,0,0,0,0,0,0,0,0,0,0,0,0
L3_ID1388,0,0,0,0,0,0,0,0,0,0,0,0,0,0,0,0,0,0,0,0,0,0,0,0,0,0,0,0,0,0,0,0,0,0,0,0,0,0,0,0,0,0,0,0,0,0,0,0,0,0,0,0,0,0,0,0,0,0,0,0,0,0,0,0,0,0,0,0,0,0,0,0,0,0,0,0,0,0,0,0,0,0,0,0,0,0,0,0,0,0,0,0,0,0,0,0,0,0,0,0,0,0,0,0,0,0,0,0,0,0,0,0,0,0,0,0,0,0,0,0,0,0,0,0,0,0,0,0,0,0,0,0,0,0,0,0,0,0,0,0,0,0,0,0,0,0,0,0,0,0,0,0,1,0,0,0,0,0,0,0,0,0,0,0,0,0,0,0,0,0,0,0,0,0,0,0,0,0,0,0,0,0,0,0,0,0,0,0,0,0,0,0,0,0
L3_ID1395,0.1327031178545707,0.0514163796847867,0.315176542218686,0.0668812713554905,0.1273137118593939,0.4218441110355617,0.1072705578095941,0.1447538422682302,0.1146998912791755,0.1717664793748531,0.1289493609728215,0.2126232750928113,0.135624322808844,0.1345707909308851,0.0861960173091895,0.1606076820867092,0.0578199145277468,0.2829462078436839,0.158576239745369,0.0723941681234047,0.0375554850146494,0.0266726251312267,0.0791802721963661,0.1542564242875373,0.0812821680261552,0.0058846268513593,0.0604278004621452,0.1405253834030401,0.0751396327360074,0.2609098863630122,0.1105902252950453,0.0917111123740391,0.0242525335333613,0.0880347422858598,0.0697843268617322,0.0399283421533634,0.0306113233920329,0.1503184800040134,0.1146186468524367,0.0771121298661886,0.0493268830210455,0.0990761784398811,0.1008620902968438,0.0451535165623856,0.1972301983119918,0.0915924197661727,0.0955578389047279,0.0449608840442641,0.0459607813336606,0.0453282618854433,0.1461908120968593,0.057266495202591,0.0353308702226071,0.0770082545509991,0.1253333698019225,0.0688498038378654,0.0348982993789788,0.225722786765444,0.1104562834484377,0,0.0348021990929502,0.0690290923079229,0.1804410872773557,0.5039399363262136,0.2042083641172037,0.0984228175940517,0.3236610080806618,0.0512935373093721,0.2134844058523261,0.2480354813764294,0.3166629400519952,0.1735773447559619,0.1030260552334369,0.2670965949259789,0.6537442596682025,0.2327665398781554,0,0.0451413989326119,0.0382881812398789,0,0.0090438562629741,0,0,0,0,0,0.0258752565528223,0,0,0.077808912861484,0.0438437211116786,0.1165410228124909,0.087952780520121,0.0446178803024387,0.1208413389908394,0.1881723973259576,0.1551399545358255,0.156000283109792,0,0,0.1145813760777285,0.0293405342136147,0.0562956308593869,0,0.0315441976931982,0,0.0625490567316109,0.3969476346232415,0.0817837885335227,0.0427719896490913,0.0297426914263087,0.0688764765073483,0.1107595558656517,0.067827526343002,0.02585025960267,0.0608441270484193,0.0476533427040946,0.0906342939752101,0.0354365273153126,0.1497583076649384,0.1385147207527314,0,0.2096344088728632,0.2189751808110799,0.0745072405576127,0.2698146772434214,0.0706487434966663,0.0445316607826356,0.0584987987579946,0.3400954489730698,0.2372186850981754,0.1103251338246041,0.0826500486525535,0.1104347324251482,0.1949139955276304,0.113286008396908,0.2225457703933924,0.0493930016222043,0.1553278047939472,0.0431623686182051,0.0850439014553312,0.2214210136947265,0.1151235686618687,0.1806780096937335,0.4184522545640809,0.1060435455934806,0.1331008630467488,0.1127443326053808,0.1525449768467653,0.2802612928133369,0.1443931518777281,0.2045734819548669,0.3238224054989942,0.229773894130143,0.3818513973486039,0.1422689491190367,0.0716451505075952,0.1754310220084541,0.183824551653869,0.3758149819505166,0.0343247482818882,0.1055675718836927,0.0175337204865909,0.0332275050048664,0.1358381515374163,0.2847428450756945,0.0888396274971187,0.2533998011937385,0.1962625157143521,0.100221961655901,0.0253413384354802,0,0.2650280360763821,0.2158840842191159,0.2636073963235342,1,0.0706620721180851,0.1320185759022103,0.1952678056343908,0.2576808803455717,0.1252496725386031,0.2116577059455586,0.1831309696874444,0.1921645971205118,0.1613825624731306,0.2682855881750939,0.0999051754975262,0.0934655924414868,0.1275871101000282,0.0587493698986784,0.0100170548504241,0.0403881718789906,0.02469204058232,0.1706668536067527
L3_ID1397,0,0.0374702300342656,0.1044596293766527,0,0.0916247224213816,0.3242322568206768,0,0,0.0417913865351795,0.070928703236527,0,0.1605020312733455,0,0,0,0,0,0.1994418022507497,0.0986535459301294,0.0312806946163299,0,0,0,0.0894198291589648,0,0,0,0.0768654989141747,0,0.0776060620666295,0,0,0,0,0,0,0,0.0942313830058002,0.0946458190842746,0.0303423233019654,0.0658261911861456,0,0,0,0.0819769995084734,0,0.0567891733355395,0,0,0,0.0919558424939283,0,0,0,0,0,0,0.2026179455178671,0.0624330559847789,0,0,0,0.0696694357496587,0,0.0474910090438509,0.1283639854910226,0.1300501285591079,0,0.1318717876847226,0.102579464460719,0.1197432266506291,0.0685519441991193,0.0426874864701777,0.1915393473051382,0.3799619571802277,0,0.4684608044911901,0.0868460731115321,0,0,0.0521922898104673,0.2092424565250271,0,0.188702796730408,0.1617735318933258,0.0159012716129767,0.2111682749892756,0.1992682453912846,0,0,0.2041497126371681,0.0379083240979101,0.0377160420652848,0,0,0.085104250370571,0.0606908377020255,0.1131975947023356,0.137143236207836,0,0.0260709477511534,0.15280615232812,0.2622453777100804,0.2519457675285549,0.1473502208200909,0.1705215290760593,0,0.2686619598492749,0,0,0,0,0.0728942535871857,0,0,0,0,0,0,0.0743930302280145,0.1444586842037439,0.1156251550638475,0.1255918795659854,0.1843020904693276,0,0.0932211864199244,0,0,0,0.1955538213372807,0.3705279127766373,0.1080323118892662,0,0.035431771017394,0.1313510827113887,0.0698949289661973,0.5060188390708524,0,0.1153170108101915,0,0.0269547858814189,0.2254735197037596,0.0931716806385021,0.1564900566067311,0.3398592760901888,0,0.0476231314674522,0,0.105022514009517,0.1816938076361716,0,0.4159509691438879,0.2304890354897981,0.1720236018984905,0.262771734918301,0.1755781926734745,0,0.0822943730706159,0.1341730154372738,0.4775224032578152,0,0,0.0231561558547476,0,0.097058079384802,0,0.2025582817646199,0.1100355992199044,0.2639389386198935,0.1122927670562894,0,0.2550376661264062,0.1451437281930357,0.0830060272772957,0.2412119097840025,1,0,0.0680227379434963,0,0,0.0900028634932765,0.2146340924280964,0,0.1606177358463223,0.2115282294852306,0,0,0.1354469924928231,0.0699189423657315,0.0546564119915614,0,0.0293481261408227,0,0
L3_ID1407,0,0,0,0,0,0,0,0,0,0,0,0,0,0,0,0,0,0.1213549357729739,0,0,0,0,0,0,0,0,0,0,0,0,0,0,1,0,0,0,0,0,0,0,0,0,0,0,0,0,0,0,0,0,0,0,0,0,0,0,0,0,0,0,0,0,0,0,0,0,0,0,0,0,0,0,0,0,0,0,0,0,0,0,0,0,0,0,0,0,0,0,0,0,0,0,0,0,0,0,0,0,0,0,0,0,0,0,0,0,0,0,0,0,0,0,0,0,0,0,0,0,0,0,0,0,0,0,0,0,0,0,0,0,0,0,0,0,0,0,0,0,0,0,0,0,0,0,0,0,0,0,0,0,0,0,0,0,0,0,0,0,0,0,0,0,0,0,0,0,0,0,0,0,0,0,0,0,0,0,0,0,0,0,0,0,0,0,0,0,0,0,0,0,0,0,0,0
L3_ID1421,0,0,0,0,0,0,0,0,0,0,0,0,0,0,0,0,0,0,0,0,0,0,0,0,0,0,0,0,0,0,0,0,0,0,0,0,0,0,0,0,0,0,0,0,0,0,0,0,0,0,0,0,0,0,0,0,0,0,0,0,0,0,0,0,0,0,0,0,0,0,0,0,0,0,0,0,0.6506729425919097,0,0,0.9460630693636308,0,0.739908888911686,0.2362956452786159,1,0.7747890300477728,0.1726868616863223,0.7381761875658623,0.4703191428017486,0.3882519481486989,0,0.1988485117967167,0,0,0,0,0,0,0,0.7045818263650001,0.2699942765418889,0,0.4362919107660727,0.9767130301830216,0.8929492393788919,0.6430004147079208,0.246853347974626,0,0,0,0,0,0,0,0,0,0,0,0,0,0,0,0,0,0,0,0,0,0,0,0,0,0,0,0,0,0,0,0,0,0,0,0,0,0,0,0,0,0,0,0,0,0,0,0,0,0,0,0,0,0,0,0,0,0,0,0,0,0,0,0,0,0.7354328887690902,0,0,0,0,0,0,0,0,0,0,0,0,0,0,0,0,0,0,0,0,0,0
L3_ID1423,0,0,0,0,0,0,0,0,0,0,0,0,0,0,0,0,0,0,0.6584214006093919,0,0,0,0,0,0.2329709779697316,0,0,0,0,0.2046136930183184,0,0,0.7583710785606813,0,0,1,0,0,0,0,0,0,0,0,0,0,0,0,0,0,0,0.3050343927862222,0,0,0,0,0,0,0,0,0.2216020570300017,0,0,0.1597236309187312,0,0,0,0,0,0,0,0,0,0,0,0,0,0,0,0,0,0,0,0,0,0,0,0,0,0,0,0,0,0,0,0,0,0,0,0,0,0,0,0,0,0,0,0,0,0,0,0,0,0,0,0,0,0,0,0,0,0,0,0,0,0,0,0,0,0,0,0,0,0,0,0,0,0,0,0,0,0,0.1179151077579219,0,0,0,0,0,0,0,0,0,0,0.2442559254854558,0,0,0,0,0,0,0,0,0,0,0,0,0,0,0,0,0,0,0,0,0,0,0,0,0,0,0,0,0,0,0,0,0,0,0,0,0,0,0,0
L3_ID1431,0,0,0,0,0,0,0,0,0,0,0,0,0,0,0,0,0,0,0,0,0,0,0,0.4719755561343617,0,0,0,0,0,0,0,0,0,0,0,0,0,0,0,0,0,0,0,0,0,0,0.0098744235459382,0,0,0,0,0,0,0,0,0,0,0.0265068444316558,0,0,0,0.1886696406694614,0,0,0.0168726540333639,0,0,0,0,0,0,0,0,0,0,0,0,0,0,0,0,0,0,0,0,0,0,0,0,0,0,0,0,0,0,0,0,0,0,0,0,0,0,0,0,0,0.0150215940244896,0,0,0,0,0,0,0,0,0,0.0317238807564333,0,0,0,0,0,0,0,0,0,0,0,0,0,0,0.6795525908325337,0,0,0,0,0,0,0,0,0,0.0106666224102999,0,0,0,0.049585768952013,0,0,0,0,0.0145396735387317,0,0,0,0,0,0,0.3510593847416168,0,0,0,0,0,0,0,0,0,1,0,0.0471517642235326,0,0,0,0,0,0,0,0,0,0,0,0,0.0798513621791572,0.394406877092453,0.0181350910024007,0.0289904628670672,0,0,0,0.0385222617177365,0,0,0,0
L3_ID1433,0.3334777934914465,0,0,0,0,0,0.0696879448978198,0,0,0,0,0,0,0,0.2796568837317109,0,0,0,0,0,0,0.1951948426965575,0,0.0561617942061413,0.0714487866653577,0,0,0,0.1993802667058097,0,0,0,0,0,0,0,0,0,0,0,0,0,0,0,0,0,0,0.0378415958898144,0,0.0678686342312707,0,0,0,0,0,0,0,0.2330009312152186,0.1311944578319047,0,0,0,0,0,0,0,0,0,0,0,0.1783965727265285,0,0,0,0.0692085825695789,0.0839894090500067,0,0,0,0,0,0,0,0,0,0,0,0,0,0,0,0,0,0,0.1349132810610772,0,0,0.1213622151191839,0,0,0.2016335654837086,0,0,0,0,0,0.1138659561537413,0,0,0,0,0,0,0,0,0,0.1804253009512572,0.3198157622002314,0.1156068095073655,0,0,0,0,0,0,0.0367965140538013,0,0,0,0,0.1136503244720996,0,0,0,0,0,0,0,0.0899890665484848,0,0.1080707174894596,0,0,0,0,0,0,0,0,0,0,0,0,0,0,0,0,0,0,0,0.0792377624028468,0,0,0,0,0,0,1,0,0,0,0,0,0,0,0,0,0,0,0,0.1787437528443779,0,0,0.2013968803296964,0,0,0,0,0.1549236397456915,0,0,0,0,0
L3_ID1434,0,0,0,0,0,0,0,0,0,0,0,0,0,0,0,0,0,0,0,0,0,0,0,0,0,0,0,0,0,0,0,0,0,0,0,0,0,0,0,0,0,0,0,0,0,0,0,0,0,0,0,0,0,0,0,0,0,0,0,0,0,0,0,0,0,0,0,0,0,0,0,0,0,0,0,0,0.6642307170700946,0.1561002780414789,0,0.08594919911111,0.0648813765804025,0.1261647805040866,0.206624308554303,0.3475197001091798,0.53081060621136,0.0521598935408992,0.4712993075467852,0.4235332107979825,0.7838324908366043,0,0.7242909875397217,0,0,0,0,0,0,0,0.3546378136411394,0.1132821076704632,0,0.3330779143226896,1,0.7122406143233418,0.2618925932472392,0.4818472616334029,0,0,0,0,0,0,0,0,0,0,0,0,0,0,0,0,0,0,0,0,0,0,0,0,0,0,0,0,0,0,0,0,0,0,0,0,0,0,0,0,0,0,0,0,0,0,0.3928732619481164,0,0,0,0,0,0,0,0,0,0,0,0,0,0,0,0,0,0,0.295780293720296,0,0,0,0,0,0,0,0,0,0,0,0,0,0,0,0,0,0,0,0,0,0
L3_ID1437,0,0,0,0,0,0,0,0.1458229724762981,0.1918802575522997,0.5731969657263201,0,0,0,0.9879846377515152,0,0.613367801464304,0,0,0.5758793650435273,0.3760433928662067,0.7384626992371149,0.2453500848737025,0.6696701048943456,0,0,0.1961418588674206,0.464294351229486,0.7916970581903005,0.5636903742626873,0,0.4897371913083299,0.2793881722270344,0.5108731136160443,0.5490469715837227,0,1,0.4000900842968624,0.5164886018289679,0.3810780810199204,0.3941814538116444,0.4111303533640377,0.2519037324937663,0.4797767063340212,0.2933022943044133,0.3341825896305161,0,0.3147261173825728,0.4599119697165011,0.2888167836391506,0.2751751676178002,0.4367861858623959,0.4292130487766975,0.310227589742519,0.4735034269949901,0.7452108378165233,0.4346254027590153,0,0.2756419042659078,0.560570986146066,0.544883639750291,0.4592645921702266,0.4796076245094688,0.2491102376634786,0.5054019923315364,0.2339692743622574,0.3970787199927358,0.8655731456642666,0,0.4969886529129921,0.3766871950834053,0.2468740949540411,0,0.4400482050330988,0.4660087388773657,0,0.718988141961117,0,0,0,0,0.1243038131025386,0,0,0,0,0.7622470378798487,0,0,0,0,0,0,0.3981261525642551,0,0,0,0.825916289792594,0.2038462590991424,0,0.3124728616902766,0,0,0.1186770956071314,0,0,0,0,0,0,0,0,0,0,0,0,0,0,0,0,0,0,0,0,0,0,0,0,0,0,0,0,0,0,0,0,0,0,0,0,0,0,0,0,0,0,0,0,0,0,0,0,0,0,0,0,0,0,0,0,0,0,0,0,0,0,0,0,0,0,0,0,0,0,0,0,0,0,0,0,0,0,0,0,0,0,0,0,0,0,0,0,0,0,0
L3_ID1439,0.4250069450430176,0.5457149622400486,0.2935215118494553,0.3311224982248369,0.4210278262094235,0.2616727564570972,0.4736273950072276,0,0,0,0,0,0.408370523071813,0,0,0,0,0,0,0,0,0,0,0.5272192478012862,0,0,0,0,0,0,0,0,0,0,0.4059305002338439,0,0,0,0,0,0,0,0,0,0,0.2335405779107618,0,0,0,0,0,0,0,0,0,0,0.2256553689664356,0,0,0,0,0,0,0,0,0,0,0.3877245773061092,0,0,0,0,0,0,0,0,0,0,0.686234559021679,0,0,0,0,0,0,0,0,0,0,0.3144059481980822,0,0,0,0,0,0,0,0,0,0,0.3276831207416345,0,0,0,0,0,0.2572195532827859,0.5385003210424119,0.9324931205709664,0.4956416539657594,0.2986283593822045,0.5159369698443865,0.3800960875564477,0.6820543673886882,0.3262046763337458,0.3208299803272783,0.5435459001729485,0.3643913051073208,0.3942296695966597,0.4437210572413529,0.4080991033616016,0.344049729519796,0.4283010969080539,0.5363811112613819,0.3922220681269638,0.4348028618883719,0.239028488516262,0.5100549163948765,0.3543336709883933,0.5384029685344016,0.2848185877317769,0.391256086862302,0.731932698266457,0.2465714721296893,0.4006482231374556,0.6940365565264832,0.181612179332269,0.3658726968236664,0.9541079301993416,0.2088052675910374,0.4621289995308779,0.3140794128559522,0.6514324429097386,0.4140370326760509,0.437852313032773,0.3632114509955326,0.4168232247401578,0.6173444364145995,0.3842856013948314,0.5795841120362722,0.3869985065826961,0.3485110501837263,0.3480581057364693,0.6074234012310188,1,0.3584657026741391,0.6214324959746,0.6205874596832545,0.320977357223612,0.2633313345568847,0.4689747826886359,0.5571307915455915,0.3501694561812604,0.4915535799491696,0.3710449718964191,0.5425766202817629,0.5958298763488334,0.9917148827861748,0.4713717223663658,0.584248914931147,0.4834313862019026,0.092982150546733,0.2748115587889107,0.4147094648638191,0.4133434892785316,0.669583135470719,0.5843252135968238,0.4987755499491653,0.382188850957871,0.3100221595993115,0.2881580024894591,0.4334105546583132,0.4524899252057948,0.3784246017876548,0.5809650605176061,0.613843331589842,0.438745179523446,0.3705854301961148,0.3032384337604959,0.4903906134283644,0.4748629599952614,0.3259287103704085,0.2440146350019555,0.1417577003926369
L3_ID1443,0,0.1683133092118426,0,0,0,0,0,0,0,0,0,0,0,0,0,0,0,0,0,0,0,0,0,0,0,0,0,0,0,0,0,0,0,0,0,0,0,0,0,0,0,0,0,0,0,0,0,0,0,0,0,0,0,0,0,0,0.592183069996161,0,0,0,0,0,0,0,0,0,0,0.6897346807254816,0,0,0,0,0,0,0,0,0,0,0,0,0,0,0,0,0,0,0,0,0,0,0,0,0,0,0,0,0,0,0,0,0,0,0,0,0,0,0,0,0,0,0,0,0.1047668531654025,0,0,0,0.0645482668292452,0,0,0.2703056808827418,0,0.1355704991648372,0,0,0,0,0,0,0,0,0,0.6010445398045752,0,0,0,0,0.1997585210332339,0,0,0,0,0,0,0,0,0,0,0,0,0,0,0,0,0,0,0,0,0,0,0,0,0,0,0,0,0,0,0,0,0,0,0,0,0.1542563715931664,0,0,0,0,0,0,0,0,0,1,0,0,0,0,0,0.4263810665339599,0,0,0,0
L3_ID1454,0,0.0209322828186194,0,0,0,0,0.0150517993689335,0,0,0.0756829537411164,0,0.0152044884770173,0.0178788464247812,0.0042100451891246,0.1207590996447682,0,0.0108933984813423,0.007062532638515,0.020507028995003,0.0134069177822851,0.0294207109510427,0.0457143078209268,0.0060313901912619,0.0319678583275031,0,0,0.1538637244936049,0.0666371306284014,0.0177569614164635,0,0,0,1,0.1451203707174598,0,0.0406109517357909,0,0.0609949279771255,0.0121549564296102,0,0.0748296184069727,0,0.1095025428037449,0,0.0092414551095794,0,0.0083976714591089,0.0178017168177853,0.0120865866846513,0.0117925154459045,0,0.17437741904593,0.0122201982676583,0,0.0112210756467773,0,0,0.1499005507714959,0,0,0.3254615737300471,0,0,0,0,0.0316532194396554,0.0083706708035823,0,0.0167924992526492,0,0,0,0,0,0,0,0,0,0,0,0,0,0,0,0,0,0,0,0,0,0,0,0,0.0777533032665763,0.006110920487238,0,0,0,0,0,0,0,0,0,0,0,0,0,0,0.1501459696454328,0.0537195001759306,0,0,0,0.032712585646078,0.2494475195988593,0,0.0377291946102861,0,0,0.0806566604227311,0,0.1049264666738278,0,0.0305506900866485,0.0122104872364466,0,0,0,0,0,0.0141707201649558,0.0511985154889815,0,0.0420959569192076,0.1275372123959733,0.6956347630071315,0,0,0.0109316347438705,0.0271693390427043,0,0.0607805174643815,0,0,0,0,0,0,0.0097320184580666,0.3122442548495895,0,0,0.3781075693634398,0,0.2625472429609642,0.0494549990124575,0,0,0,0,0,0,0.051953101497631,0,0,0.1939423561849927,0,0,0,0,0,0,0,0,0,0,0,0,0,0,0,0,0.0193570371516786,0,0,0,0,0,0,0,0.2060837735273725,0,0
L3_ID1455,0,0,0,0,0,0,0,0,0,0,0,0,0,0,0,0,0,0,0.5097737889054578,0,0,0,0,0,0.0388232130180267,0,0,0,0,0.9029872909295628,0,0,0.2280277958134877,0,0,1,0,0,0,0,0,0,0,0,0,0,0,0,0,0,0,0.0833706879733673,0,0,0,0,0,0,0,0,0.0864870629969993,0,0,0.1144291724888415,0,0,0,0,0,0.1476220065823865,0,0,0,0,0,0,0,0,0,0,0,0,0,0,0,0,0,0,0,0,0,0,0,0,0,0,0,0,0,0,0,0,0,0,0,0,0,0,0,0,0,0,0,0,0,0,0,0,0,0,0,0,0,0,0,0,0,0,0,0,0,0,0,0,0,0,0,0,0,0,0,0,0.0726288387863581,0,0,0,0,0,0,0,0,0,0,0.746344405493727,0,0,0,0,0,0,0,0,0,0,0,0,0,0,0,0,0,0,0,0,0,0,0,0,0,0,0,0,0,0,0,0,0,0,0,0,0,0,0,0
L3_ID1460,0,0,0,0,0,0,0,0,0,0,0,0,0,0,0,0,0,0,0,0,0,0,0,0,0,0,0,0,0,0,0,0,0,0,0,0.048385735842971,0,0.0440665604985485,0,0,0,0,0,0,0,0,0,0,0.0743643678293323,0,0,0.0255595510989264,0,0,0.4505078099801871,0.3186451181864258,0,0,1,0,0,0.1026324240888356,0.0755879601898355,0.1600035594157489,0.2682616458554117,0.0492481799751186,0.1523142480302262,0,0,0,0.0743773211076809,0,0,0,0,0,0,0,0,0,0,0,0,0,0,0,0,0,0,0,0,0.3610933741879003,0.1738825162419942,0,0.0543501503478781,0.0964243364972584,0,0,0,0,0,0,0,0,0,0,0,0,0,0,0,0,0,0,0,0,0,0,0,0,0,0,0,0,0,0,0,0,0,0,0,0,0,0,0,0,0,0,0,0,0,0,0,0,0,0,0,0,0,0,0,0,0,0,0,0,0,0,0,0,0,0,0,0,0,0,0,0,0,0,0,0,0,0,0,0,0,0,0,0,0,0,0,0,0,0,0,0,0,0,0,0,0,0
L3_ID1463,0.0068113387685778,0.0276949129881214,0.0144395624868852,0,0,0.0865396873759377,0,0,0,0,0.0074367512639031,0,0,0,0,0,0,0,0.0093967005192549,0,0,0,0.0060839096299607,0.013226973953169,0,0,0,0.0099183758699493,0,0.0055684249326683,0.0256914492642737,0.0539011805112957,0.0213672468670051,0,0,0.0184140964408824,0,0.0122656687493154,0,0,0,0.0047662851495492,0,0.005889049663763,0,0,0,0,0,0,0,0,0,0,0,0,0.0282958251926557,0,0,0,0,0,0.0018032381816564,0,0,0,0,0.0581211145247056,0.0015451034449818,0,0.0178645772585762,0,0,0,0,0,0,0,0,0,0,0,0,0,0,0,0,0,0,0,0,0.0267651754607713,0.013385435936819,0.0169223712257798,0.0226387200661197,0.0336895412019095,0,0.0558525587682809,0,0,0,0,0,0,0,0,0,0.0077795391731834,0,0,0.0157984698406256,0,0.007379552654645,0.0177032773211567,0,0.0118318957758157,1,0,0.037388981060604,0,0,0.07118730513637,0.0153383793517516,0.00796136568226,0,0.0099718418412935,0.0426778739869881,0,0,0.0179672350538729,0.0547660548450572,0.0290119582287833,0.0331456165741011,0.011041561350686,0.0139998718094606,0,0.0128034932121268,0,0.0652733016084219,0,0,0,0.0583104341541803,0,0.0102491532436884,0,0.0052786644433373,0,0.0136300314347025,0.1005075701707204,0,0,0.1200761274067175,0,0.1233054175591681,0,0,0.0257837437560456,0.1688366477594805,0,0,0,0,0,0.0545069493950787,0.0753928669550324,0,0,0.0196450960975324,0,0,0,0.0085985630255574,0.0666790757703631,0,0.0596018184251237,0.1969510816976573,0,0,0.0056279855680947,0,0.0114237610508651,0,0.0085351059827652,0.0365828697671581,0.0783409679823083,0,0.0099862492081297,0,0.0405428344102987,0,0,0,0
L3_ID1471,0,0,0.2179975397078068,0.1392987747195307,0.1930165909139836,0,0,0.3659969486566055,0.1233416830764906,0.1102398876775188,0,0.2737903140412377,0.0139968963467365,0.1639335179413006,0,0,0.0561965732682086,0.0777901244042888,0.1088984709853718,0.2308362105584462,0,0,0,0,0.0684471792400835,0,0,0,0,0,0,0.0517757931628835,0,0,0.08708078704672,0,0,0,0,0,0,0,0,0,0,0.1248997011314683,0,0,0,0.1092607239388338,0.2966074151109932,0,0,0,0.0355883608856771,0,0,0,0,0,0,0,0.1785886932972833,0,0,0.525520258949385,0,0.4816683115870713,0,1,0,0,0,0,0,0,0,0,0.0625032762036345,0,0,0,0,0,0,0,0,0,0,0,0,0,0,0,0,0,0,0,0,0,0.1287501866178097,0,0,0,0,0,0,0,0.0280244380506756,0,0.0076333049257125,0.2441665854270261,0,0,0,0.0121643868460741,0.0685864042209141,0.2375278264000186,0,0,0,0,0.0668634055208067,0.177379188924432,0,0.2363684988087089,0.1462297448573557,0.3049222996074769,0.0307667599639033,0,0,0,0,0,0.0834379220778538,0.0337020633978985,0,0.8431744437651624,0.0621139549166376,0.0347980574333045,0.0686772299931268,0,0,0.0457891381521362,0,0,0.1817301951904149,0,0.0219456910669708,0,0,0,0,0.0330104207122403,0.027341743393642,0,0,0,0,0,0,0.3068888531453917,0.0768091283981287,0,0,0,0.4596537108546719,0.083734547038977,0,0.4904066631790503,0.1412514467802761,0,0.0298734994877964,0,0,0.0133255220966863,0.2124543781807069,0.2650991091526475,0.5479791544624891,0.4734434762001691,0.0177393888107024,0,0.3030426228951567,0,0,0.7528119562814636,0.0192274388563045,0,0,0,0,0.0688536964940705,0.1627394264930606,0.2627139016397689
L3_ID1474,0,0,0,0,0,0,0.5955056477147774,0,0,0,0.6336790208863309,0,0,0,0,1,0.4719909254586773,0.4456294768981281,0,0,0,0,0,0,0,0,0,0,0,0,0,0,0,0,0,0,0,0,0,0,0,0,0,0,0,0,0,0,0,0,0,0,0,0,0,0,0,0,0,0,0,0,0,0,0,0,0,0,0,0,0,0,0,0,0,0,0,0,0,0,0,0,0,0,0,0,0,0,0,0.5116722211377701,0,0,0,0,0,0,0,0,0,0,0,0,0,0,0,0,0,0,0,0.7444585549243409,0,0,0,0,0,0,0,0,0,0,0,0,0,0,0,0,0,0,0.5362330801620852,0,0.7622387858323341,0,0,0,0,0,0,0,0,0,0,0,0,0,0,0,0,0,0,0,0,0,0,0.9477401525120104,0,0,0,0,0,0,0,0,0,0,0,0,0,0,0,0,0,0,0,0,0,0.4459657860711775,0,0,0,0,0,0,0,0.3315663576104284,0,0,0,0,0,0,0,0,0,0
L3_ID1475,0,0,0,0,0,0,0,0,0,0,0,0,0,0,0,0,0,0,0,0,0,0,0,0,0,0,0,0,0,0,0,0,0,0,0,0,0,0,0,0,0,0,0,0,0,0,0,0,0,0,0,0,0,0,0,0,0,0,0,0,0,0,0,0,0,0,0,0,0,0,0,0,0,0,0,0,0,0,0,0,0,0,0,0,0,0,0,0,0,0,0,0,0,0,0,0,0,0,0,0,0,0,0,0,0,0,0,0,0,0,0,0,0,0,0,0,0,0,0,0,0,0,0,0,0,0,0,0,0,0,0,0,0,0,0,0,0,0,0,0,0,0,0,0,0,0,0,0,0,0,0,0,0.0267141287954671,0,0,0,0,0,0,0,0,0,0,0,0,0,1,0,0,0,0,0,0,0,0,0,0,0,0,0,0,0,0,0,0,0,0,0,0,0,0,0,0,0
L3_ID1480,0.1925858050142183,0,0.4959791656422876,0,0.3651310010226756,0.1124907388706355,0.4403135939621656,0.1168311036429387,0,0.1078681622117326,0,0.1003781933201769,0.4188450963084448,0,0,0,0,0.1278428284683253,0,0.0884194539590151,0,0,0.0737656787907446,0.4968097304420905,0,0,0,0.2426607511237418,0.1318191858913815,0.1785076415469675,0.0509343104972449,0.1039770799006561,0,0,0.071834146297618,0.1581067514318093,0,0.2573833844829143,0.07502769639686,0,0.1273652821524386,0,0,0,0.2439564132487676,0.2133431031520332,0.1158712703444998,0,0,0.1075771421664683,0.2370453651649252,0.199341335566023,0.1008168566880728,0.1105428273817645,0.0520847944463052,0,0,0.2868351553959244,0,0,0,0.1176464224587452,0.263662852585424,0.5235268003824163,0.3078548162869358,0.2752862466679987,0.3101167590170656,0,0.2547331432275433,0.3151775534211978,0.2466635235414585,0.5010723103557455,0.1323829080459144,0.2647307920465039,0.5537323183325809,0.215567101586172,0,0,0.1427973942034427,0,0,0,0,0,0,0,0,0,0,0.2515808464096248,0,0.1284630498881781,0.2240648793228219,0.1468940792278038,0.2933127075143871,0.4235897924648013,0.2227070575764775,0.2510525418136755,0,0,0.1167043856229688,0,0,0,0,0,0.3184983857176683,1,0.2360837777439694,0,0,0.1488929149579961,0.1071636517385665,0,0,0.1193800937396671,0.1067399593960003,0.1990140020141007,0.0825963982803971,0.1087750801888507,0.3755087281267299,0,0.2377229391700977,0.2623633789643991,0.2723568276285447,0.3096819782930941,0.1874490508701787,0,0.1057684261322309,0.6548995102872371,0,0.1265405578539677,0.2571282797283082,0.258787778538581,0.2201787083424109,0.1264015235820007,0.2982296890545535,0.1330729310417507,0.3129107372857359,0,0,0.2925648957918979,0.225466163501156,0.463248474780573,0.8919105434683199,0.5262830904269462,0.5632150928263303,0.1151871542193289,0.0779442019361679,0.2156003052154975,0.2480060613784732,0,0.0927822231219796,0.3594260069066962,0.2710840059596627,0.2310694987611595,0.161057588879109,0.5357551035315141,0.3769164216863958,0.3711505857785803,0.1347973580226747,0.2443787972431848,0,0.0617223374922696,0.1821507490661029,0.3556560012222576,0,0,0,0.1529507573110703,0,0,0.6558473402176789,0.281325780149232,0.5258475653045321,0.948348293897592,0,0.1594372290128269,0.3029690852214287,0.2886410080674959,0.2874490338037788,0.7562827059778422,0.2220016084513116,0.2739922532576391,0.4626189046902051,0.4503464185277844,0,0,0,0,0,0,0.0572895628970699,0
L3_ID1481,0.1068808272439597,0.0572758820532218,0.3321716753512302,0.0763307651136664,0.1576053729094724,0.3866209396475043,0.1090918677977115,0.1070066431426763,0.0713025884376706,0.1122388794551552,0.0756534792426844,0.1607057281671007,0.1325322074475298,0.0852091177201198,0.0578056879028519,0.1133222456228554,0.0366596904701284,0.2181202270174026,0.1202262399441326,0.0537857711512489,0.0228351193395411,0.0174618874243595,0.0480313415622832,0.1559900601646569,0.0392158672689054,0.0040172265200188,0.041485390087136,0.0947066848895295,0.0546225930833752,0.1838047151373154,0.0753774192453183,0.0628205571371407,0.0175971810062755,0.0399384867736194,0.0613882877157971,0.0340780304197553,0.036743628325673,0.0682943555889856,0.0875407028657763,0.049303030500366,0.0386830227124251,0.0636315251270471,0.0679048241925132,0.0366139557587043,0.1303391956324054,0.1010321977426351,0.0650994418199781,0.0314376411358811,0.0208889757833478,0.0327034161537561,0.1010444029517168,0.0425331709823522,0.0265223154728076,0.0486494121647282,0.0789826927902621,0.0448267347530888,0.036187588438619,0.1543521043120017,0.0771453262459994,0.0015470224758722,0.026099711960622,0.0523380782576154,0.1203237107142227,0.3270075876707626,0.1366362398723733,0.0650518736105325,0.2101233848937213,0.0469044357438289,0.1466841251505286,0.1525087848264255,0.2054287616156051,0.1193365720943118,0.0753969712888751,0.1953029032777317,0.5463633246402345,0.1425893708579146,0,0,0.0457173129504833,0,0,0,0.0060933639479031,0,0,0,0,0,0.0063014585642724,0.0866963612208593,0,0.084209189542663,0.0625183503515669,0.0347853457480959,0.0837446981085444,0.1303408374824655,0.1151854589571151,0.1070745853085849,0,0,0.1194028837509778,0,0,0,0,0,0.0627491304951753,0.4147611827731354,0.0786490435684019,0.0386455466451064,0.0367411823444762,0.0816100085219723,0.1027325458733302,0.0623538022418117,0.0344129559775228,0.0768805794056065,0.04511342034567,0.0736334227974994,0.0469009149534471,0.1345045929441559,0.1549292076930289,0.0256632189106227,0.2108876483149742,0.2370681586609293,0.0734553522051702,0.2667714647771437,0.0801251754388904,0.0465390085239323,0.0669084760780035,0.3398637053439702,0.2207735594537971,0.1083011164548797,0.097743273733478,0.1157956423568643,0.1749111591178497,0.1041730035624866,0.264509718519487,0.0571294906713201,0.1612766010136335,0.0511545118181908,0.0858857101020872,0.2192931599586034,0.1052935000408743,0.1675357236541666,0.3158276527033569,0.1252485338180174,0.1499933836011051,0.0947700986314454,0.1304886000363791,0.2812907775492087,0.1535220611855992,0.1987206324986512,0.2332050948990125,0.2386123808787399,0.4127590661577298,0.1580968442274622,0.0741854321501096,0.170503445680187,0.1870253418588673,0.4267908699827986,0.0350777610219943,0.0905447076047997,0.0210361139995729,0.0358058375542249,0.1221718688168835,0.2560336646200825,0.0629719716318657,0.2182353738543561,0.1837377608474959,0.1251321817722351,0.0321188152871501,0,0.2634275437303504,0.1868283588529914,0.2500789510570463,1,0.0783360211992834,0.1106686998052256,0.1663851740093942,0.2385252106926317,0.1176606338680846,0.1944401199619821,0.1660751053897824,0.1912689330008843,0.1841013940844146,0.2102872685975339,0.1047430712900068,0.1012732316053836,0.1228970172843858,0.0715343733302918,0.0121731673207302,0.0466570913286228,0.0284631047405976,0.1682676163517296
L3_ID1485,0,0,0.1927250598251922,0.4237633444292811,0,0,0.6518652127112877,0,0.3798557978597302,0.3478804984535574,0.42454462019002,0.3092110529559659,0.2022023073541488,0.3166583493759947,0.2346339542780567,0.4630828484259467,0.2030913342780594,0.6553414926628203,0.0995089257844395,0,0.232181717661064,0,0.188441177248741,0,0.3033243856750058,0,0,0.2126528212558409,0.2304605728491049,0.2442004557675447,0.2395782110530863,0,0.4454656212208079,0.2882967704887843,0.0482830160055604,0.1878421368238411,0.0369750902249004,0.7465464823595022,0.2641640679749206,0.3625176093486955,0.1967336376909984,0,0.066658411309291,0,0.1091725140760749,0,0,0.1327078900178306,0,0.1520265657869888,0.1649678062853694,0.1282869611513233,0.3663458547114204,0.1085969267165669,0.3110642295984071,0,0,0.103257056674831,0.249777570580433,0,0.1171618050375803,0.43502928733309,0,0.3879642700140536,0.3274162554831885,0.1100092652315571,0.4516237223813926,0,0.242306175956509,0.1917735522147083,0.2951611679795995,0.4231500327586995,0.0551472864236401,0.1478213477243097,0.0738628912553235,0,0.0769149111839777,0,0,0.3540346962003688,0,0.2835214292202908,0,0,0.0710383315232528,0,0,0,0.2355433584555045,0.1464606984881993,0.0337394013192886,0.0890664337564616,0.0543489731675818,0.13797183572923,0.122412056244087,0.3643044149238912,0.0759169275350456,0,0.1895182457550212,0,0,0,0.0642993971799757,0.2039500787916125,0.1469467419267432,0.1273069664140895,0.1256460671118687,0,0,0,0.110651614651343,0.2016885816089128,1,0,0,0.1821819001244791,0,0,0,0,0,0,0.1611767769427759,0.2757700444858839,0,0,0.1166099444385867,0.1267931494371459,0.4676501097191614,0,0,0,0,0,0,0,0,0,0.5120336316566727,0,0,0,0,0,0.1465056757200234,0.3881934896792827,0,0,0.2274489099179422,0,0,0,0,0,0,0,0,0,0,0,0,0,0,0,0,0,0,0.1498490050074477,0,0,0,0,0,0,0,0.3025270401006364,0.5541897705535588,0,0.2495498301721763,0,0.5095216056884795,0,0,0,0.3572446903472031,0.2786858098593063,0,0,0,0.4472231153516767,0,0.880994578360282,0,0
L3_ID1493,0.0283522397984869,0,0,0.1049900219131225,0.1578793392399944,0,0.2429821745483564,0.0663510671157237,0.0890351734265919,0.7616337549585838,0,0,0.1194782172309155,0.2123050260372981,0.1540599372967254,0,0.0482017339695549,0.0532328770976868,0,0.152986508531403,0.4638783470293093,0.0948155992153764,0.2229257071665065,0,0.5605919807812573,0.0744680533279843,0.4418844532741306,0.7176243281103185,0,0,0.233977599145566,0.1351064175596265,0,0.6269763889420725,0.2277749887075585,0.0681799733949044,0,1,0,0,0.3211139206707517,0.1462989064325378,0.2622662586930159,0,0.4450732449250342,0.3348016721751326,0.3010863135797853,0,0.5446675449728948,0,0.1068608249988169,0.0613952235959856,0.1242688020678927,0,0,0.3110317532821936,0,0.5836023118715948,0,0,0,0.4321977918278758,0.0793820000412088,0,0,0,0.3049971770072438,0,0,0,0.1858241802854153,0,0,0,0,0.0344047008733166,0,0.1093938859085666,0.1895561429329074,0.2042935786393767,0,0.1734521828493946,0,0,0,0,0,0,0,0.2414625285227642,0.6130783360026554,0,0,0.0962389854499914,0,0.1286370081978279,0.319607352331982,0,0,0,0.2593872623894853,0,0,0.178343167157958,0,0,0,0.1304221477306308,0.1893112185572187,0.150603982146229,0,0.0724996262510007,0,0,0,0.0852003534550637,0,0.2205508368731683,0.2976828220632055,0,0,0,0.3165632384718074,0,0,0,0.2364702627043847,0.0286217260081602,0.2452271382511896,0,0,0,0,0,0.4220544462676893,0.231709725969774,0,0.1800020811398022,0,0,0,0.4260167972067566,0.3287285449492797,0.186405231789768,0.2453593499016021,0,0.0610600961106488,0.379284600666247,0.2499480420680019,0,0,0,0.355295795166167,0.476622788048048,0.0492232106925425,0,0.2740387876664429,0.2750465692664386,0,0,0.1533646677218509,0,0.1514301579549358,0.1395134568926983,0,0.0836932441328463,0.0969884239515105,0.2331578916172121,0,0.1013096762369304,0,0,0.2562612718605531,0,0.1991005844408832,0.1015587873540838,0,0,0.2028721328700508,0,0,0,0.0436567144654551,0,0.2020572706717067,0.1179645808257966,0,0.336721222573668,0,0,0.1377858027314677,0,0,0.2314794316681925
L3_ID1495,0,0,0,1,0,0,0,0,0,0,0,0,0,0,0,0,0,0,0,0,0,0,0,0,0,0,0,0,0,0,0,0,0,0,0,0,0,0,0,0,0,0,0,0,0,0,0,0,0,0,0,0,0,0,0,0,0,0,0,0,0,0,0,0,0,0,0,0,0,0,0,0,0,0,0,0,0,0,0,0,0,0,0,0,0,0,0,0,0,0,0,0,0,0,0,0,0,0,0,0,0,0,0,0,0,0,0,0,0,0,0,0,0,0,0,0,0,0,0,0,0,0,0,0,0,0,0,0,0,0,0,0,0.049884246472473,0,0,0,0,0,0,0,0,0,0,0,0,0,0,0,0,0,0,0,0.3810379203601388,0,0.1299793045499893,0,0,0,0,0,0,0,0,0,0,0,0,0,0,0,0,0,0,0,0,0,0,0,0,0,0,0,0,0,0,0.2647575901407853,0,0,0,0,0,0,0,0
L3_ID1502,0,0,0,0,0,0,0,0.4757337670632897,0.0911567875146313,0.3643644661763819,0.2048076613377812,0.4682390433786535,0,0.1362374241380749,0.3388384128317384,0.1400088341925963,0.2243970015791778,0.1933170383211259,0.0473150562616958,0.268263666568817,0.2883770122807876,0.2430967324541587,0.4906056736083072,0,0.6367151331181692,0.8331696655216135,0.0363651489810987,0.5421140150146639,0.2993923345140747,0.018734392786019,0.4315745770402473,0.4764615462814475,0.4129327013282893,0.9150792970211912,0,0.4548931909467527,0.4376527493657213,0.478806004724139,0.9479807594902452,0.4798885331516956,0.1516235065462203,0.4508435041881893,0.5148857739964027,0.4573819819900526,0.418345795548749,0,0.9360888838770332,0.4307817550147234,0.4815347294117512,0.9424127842972966,0.4465895889123952,0.3816414085634411,0.5186935830879689,0.7054307763629379,1,0.5428829935414998,0,0.6355166142479601,0.6878481861176096,0,0.5292443302497783,0.8851559342243646,0.5111175298641047,0.3508270442139464,0.0762717040694795,0.8142202782019257,0.323076632253775,0,0.094128613112264,0.4918256096434316,0.7034946023168951,0.4017129843215121,0.9678030452391222,0.0940653101178744,0.6871874632548477,0.7164698964164257,0.2833193470730981,0.6215928110594625,0,0.4518986423168586,0.746464556950553,0.4092626622493491,0.385581882089051,0.3443469253819525,0.4015004161216159,0.7441796625837076,0.2986271523397626,0.3384012791115751,0.3475875383137382,0,0.3839100178777807,0.62837847799597,0.639547150300675,0.2842529683338803,0.2965817096420131,0.4025954426535489,0.5930850853803075,0.4537005703112311,0.3244496600753406,0.0696210204219945,0,0.2911217096606607,0.2730974877076436,0.2631843504298355,0.2600530719805178,0.3502789870045213,0,0,0,0,0,0,0,0,0,0,0,0,0,0,0,0,0,0,0,0,0,0.0009293184144419,0,0,0,0,0,0,0,0,0,0,0,0,0,0,0,0,0,0,0,0,0,0,0,0,0,0,0,0,0,0,0,0,0,0,0,0,0,0,0,0,0,0,0,0,0,0,0,0,0,0,0,0,0,0,0,0,0,0,0,0,0,0,0,0,0,0
L3_ID1503,0,0,0,0,0,0,0,0,0,0,0,0,0,0,0,0,0,0,0,0,0,0,0,0,0,0,0,0,0,0,0,0,0,0,0,0,0,0.0784508740106687,0,0,0,0,0,0,0,0,0.0989279220480025,0,0.1093134846801452,0,0,0.0238084883401491,0,0,0.4637889125354699,0.4739024769793579,0,0.0310836806424915,1,0,0,0.2143021607063372,0.1576766842972792,0.3600372129374617,0.2629521973933122,0.0796518644285873,0.1263962893124408,0,0,0.0590594849739887,0.061150188824904,0,0,0,0,0,0,0,0,0,0,0,0,0,0,0,0,0,0,0,0,0.5466342308601791,0.0690466037598063,0,0.0350779098335002,0.0868904974214794,0,0,0,0,0,0,0,0,0,0,0,0,0,0,0,0,0,0,0,0,0,0,0,0,0,0,0,0,0,0,0,0,0,0,0,0,0,0,0,0,0,0,0,0,0,0,0,0,0,0,0,0,0,0,0,0,0,0,0,0,0,0,0,0,0,0,0,0,0,0,0,0,0,0,0,0,0,0,0,0,0,0,0,0,0,0,0,0,0,0,0,0,0,0,0,0,0,0
L3_ID1504,0,0,0,0,0,0,0,0,0,0,0,0,0,0,0,0,0,0,0,0,0,0,0,0,0,0,0,0,0,0,0,0,0,0,0,0,0,0,0,0,0,0,0,0,0,0,0,0,0,0,0,0,0,0,0,0,0,0,0,0,0,0,0,0,0,0,0,0,0,0,0,0,0,0,0,0,0,0,0,0,0,0,0,0,0,0,0,0,0,0,0,0,0,0,0,0,0,0,0,0,0,0,0,0,0,0,0,0,0,0,0,0,0,0,0,0,0,0,0,0,0,0,0,0,0,0,0,0,0,0,0,0,0.1302186031520763,0,0,0,0,0,0,0,0,0,0,1,0,0,0,0,0,0,0,0,0,0,0,0,0,0,0,0,0,0,0,0,0,0,0,0,0,0,0,0,0,0,0,0,0,0,0,0,0,0,0,0,0,0,0,0,0,0,0,0,0,0
L3_ID1522,0,0,0,0,0,0,0,0.2287768172910815,0.2282780551405238,0.2678407631071859,0.2969853575871274,0,0,0.2660338803982474,0.468534227552685,0.3274946438970786,0.05971773198308,0.2553673228558544,0,0.2640317166251582,0,0,0.2190728363075562,0,0.2496479920067704,0,0.1389660725324776,0.4714652557726445,0.6315138163874602,0,0,0.7752255225379007,0,0.7398936640330641,0,0,0,0,0,0.7842513072646784,0.8595572871249532,0,0,0,0,0,0,0,0.1855776597945294,0,0.8312588831312143,0.6772858855666614,0.6968711604746384,0,0,0.8907163398989749,0,0,0.6925046697020797,0,0,0.9356370186480032,0.8769636516494459,0,0,0.7138790342433902,0,0,0.2590807315565042,0.7950828214454945,0.5664735762101992,0.2139605191158803,0,0.1818073194300942,0,0.8004343103586932,0,0.3276492109444799,0,0.2975585046787568,0,0.2092006242654445,0.2903097621903713,0.1168494854936135,0,1,0,0,0.1142862838053485,0,0.1062339079959666,0.2065009781067835,0.188140130401563,0,0.1934185162988872,0.1957094365645667,0.8729862196550504,0,0.0481146645316425,0,0,0,0,0,0.2342545927231388,0.117770884674388,0,0,0,0,0,0,0,0,0,0,0,0,0,0,0,0,0,0,0,0,0,0,0,0,0,0,0,0,0,0,0,0,0,0,0,0,0,0,0,0,0,0,0,0,0,0,0,0,0,0,0,0,0,0,0,0,0,0,0,0,0,0,0,0,0,0,0,0,0,0,0,0,0,0,0,0,0,0,0,0,0,0,0,0,0,0,0,0
L3_ID1527,0,0,0,0,0,0,0,0,0,0,0,0,0,0,0,0,0,0,0,0,0,0,0,0,0,0,0,0,0,0,0,0,0,0,0,0,0,0,0,0,0,0,0,0,0,0,0,0,0,0,0,0,0,0,0,0,0,0,0,0,0,0,0,0,0,0,0,0,0,0,0,0,0,0,0,0,0,0,0,0,0,0,0,0,0,0,0,0,0,0,0,0,0,0,0,0,0,0,0,0,0,0,0,0,0,0,0,0,0,0,0,0,0,0,0,0,0,0,0,0,0,1,0,0,0,0,0,0,0,0,0,0,0,0,0,0,0,0,0,0,0,0,0,0,0,0,0,0,0,0,0,0,0,0,0,0,0,0,0,0,0,0,0,0,0,0,0,0,0,0,0,0,0,0,0,0,0,0,0,0,0,0,0,0,0,0,0,0,0,0,0,0,0,0
L3_ID1529,0,0,0.101858210171908,0.076318435916677,0,0,0.3694175758027281,0,0.0780334990487751,0.7056092640649185,0.2956506733140378,0.0996227293259942,0,0.5827327883779921,0,0,0.4630920197605132,0.2023313049718371,0,0.1550571901088409,0.1283391662598597,0,0.2363324900354902,0,0,0.0456671783901155,0.7224255371004248,0.3610097387151367,0.1812023393167518,0.1843384332548238,0.1713938569523062,0.0955585394625403,0.1506201692304821,0,0,0,0,0.0850835093726415,0,0.0697289087180354,0.12520953839474,0.6575044166353492,0.2524801315058425,0,0.0632851473592129,0,0,0.1136213807249165,0,0,0.2344319015937178,0.0631776843019756,0.0860302266170009,0,0.0768010849665778,0.0727766788511003,0,0.0399579354034618,0.7640692481290835,0,0.1339167813659528,0,0,0.108226693169527,0.0470323290537425,0.1238061739683089,0.1392340379000571,0,0.0653580336133178,0,0.2889403300914866,0.5306603375438987,0,0.0872172729833407,0.0724938063680314,0,0,0,0,0,0,0,0.1885047207107248,0.0937813162474059,0.1426375229725652,0,0,0,0,0,0,0,0,0,0,0.0849532006033339,0,0,0,0,0,0,0,0,0,0,0,0,0,0,0.0670527759579527,0,0,0.0710052823850593,0,0,0,0,0,0,0,0,0,0,0,0,0.0478767787588063,0,0,0,0,0.1881474762496446,0,0,0,0,0,0,0.1220077397679332,0,0.075567408422077,0.0355785022286425,0,0,0,0.0719365101880788,0.1411740701961087,0.1200685491134172,0,0,0,0,0,0,0.2489334661810546,0,0,0.4158355308135244,0.0953549026744341,0,0,0,0,0,0.1405548971778674,0,0.4813973994539008,0.2276739530541739,0.2517493074220822,0,0,0,0,0.4142743666918549,0.1318088092126988,0.119911971416947,1,0,0.1255405462994858,0.3493892587732592,0.3619311824353037,0.0770672621949529,0,0,0.2978431576072669,0.178731045079405,0,0.1108968899613416,0,0.1199257128335589,0,0.3452318409243115,0.0619063888086407,0.1402415556526644
L3_ID1538,0,0,0,0,0,0,0,0,0,0,0,0,0,0,0,0,0,0,0,0,0,0,0,0,0,0,0,0,0,0,0,0,1,0,0,0,0,0,0,0,0,0,0,0,0,0,0,0,0,0,0,0,0,0,0,0,0,0,0,0,0,0,0,0,0,0,0,0,0,0,0,0,0,0,0,0,0,0,0,0,0,0,0,0,0,0,0,0,0,0,0,0,0,0,0,0,0,0,0,0,0,0,0,0,0,0,0,0,0,0,0,0,0,0,0,0,0,0,0,0,0,0,0,0,0,0,0,0,0,0,0,0,0,0,0,0,0,0,0,0,0,0,0,0,0,0,0,0,0,0,0,0,0,0,0,0,0,0,0,0,0,0,0,0,0,0,0,0,0,0,0,0,0,0,0,0,0,0,0,0,0,0,0,0,0,0,0,0,0,0,0,0,0,0
L3_ID1544,0,0,0,0,0,0,0,0.3791118833982754,0.0971680496393364,0.3684554963570187,0.4311979099275076,0.0899845636514182,0,0,0.3799094777351513,0.3631259350015215,0.5080767182736877,0.278863603617432,0.5207372634533668,0.5245018318014567,0.6394966029473643,0.4826740406504669,0.4672608101307317,0,0.6016108826582703,0,0.2162510887547767,0.5212181501494894,0.6018574426216764,0,1,0.8802644827627633,0.748779940421594,0.3451428203705167,0,0.7512799348740427,0.2524659439648342,0.6393700375144552,0,0.9551181670523043,0.375375750956723,0,0.2505383229055947,0.1861741400090245,0.8095035905665304,0,0,0.2759362946749092,0.378019866967423,0.9964511740110764,0.8400062469254131,0.6195259537025085,0.280909406649976,0.8669963468035277,0.7139217293301489,0.3123428464784412,0,0.7928166326149038,0.1733616493107377,0,0.6521243793150863,0.1458454024457738,0.4542703481696791,0.4530705563597167,0.4520290609051507,0.592842212565487,0.4178276033759413,0,0.0771847079795749,0.1863510495087203,0.5823948725627981,0,0,0.6403068323872017,0.4861793423113884,0.2115766454668586,0,0,0,0,0,0,0,0,0,0.4999646392190149,0,0,0,0,0,0.1812353654638835,0.4290915429377797,0.1704639719442346,0.0378967556159775,0.0491712044284916,0.1206616235471441,0,0,0.4066589286614738,0,0,0,0,0,0,0,0,0,0,0,0,0,0,0,0,0,0,0,0,0,0,0,0,0,0,0,0,0,0,0,0,0,0,0,0,0,0,0,0,0,0,0,0,0,0,0,0,0,0,0,0,0,0,0,0,0,0,0,0,0,0,0,0,0,0,0,0,0,0,0,0,0,0,0,0,0,0,0,0,0,0,0,0,0,0,0,0,0,0,0,0,0,0
L3_ID1547,0,0,0,0,0,0,0,0,0,0,0,0,0,0,0,0,0,0,0,0,0,0,0,0,0,0,0,0,0,0,0,0,0,0,0,0,0,0,0,0,0,0,0,0,0,0,0,0,0,0,0,0,0,0,0,0,0,0,0,0,0,0,0,0,0,0,0,0,0,0,0,0,0,0,0,0,0,0,0,0,0,0,0,0,0,0,0,0,0,0,0,0,0,0,0,0,0,0,0,0,0,0,0,0,0,0,0,0,0,0,0,0,0,0,0,0,0,0,0,0,0,0,0,0,0,0,0,0,0,0,0,0,0,0,0,0,0,0,0,0,0,0,0,0,0,0,0,0,0,0,0,0,0,0,0,0,0,0,0,0.0241540106411491,0,0,0,0,0,0,0,0,0,0,0,0,0,0,1,0,0,0,0,0,0,0,0,0,0,0,0,0,0,0,0,0,0,0
L3_ID1549,0,0,0,0,0,0,0,0,0,0,0,0,0,0,0,0,0,0,0,0,0,0,0,0,0,0,0,0,0,0,0,0,0,0,0,0,0,0,0,0,0,0,0,0,0,0,0,0,0,0,0,0,0,0,0,0,0,0,0,0,0,0,0,0,0,0,0,0,0,0,0,0,0,0,0,0,0,0,0,0,0,0,0,0,0,0,0,0,0,0,0,0,0,0,0,0,0,0,0,0,0,0,0,0,0,0,0,0,0,0,0,0,0,0,0,0,0,0,0,0,0,0,0,0,0,0,0,0,0,0,0,1,0,0,0,0,0,0,0,0,0,0,0,0,0,0,0,0,0,0,0,0,0,0,0,0,0,0,0,0,0,0,0,0,0,0,0,0,0,0,0,0,0,0,0,0,0,0,0,0,0,0,0,0,0,0,0,0,0,0,0,0,0,0
L3_ID1550,0,0,0,0,0,0,0,0,0,0.0440333486991629,0,0,0,0,0,0,0,0,0,0,0,0,0,0,0,0,0,0,0,0,0,0,0,0.0856524492354313,0,0,0,0,0,0,0,0,0,0.0645254674592733,0,0,0.1088917462699471,0.0324764754088653,0,0,0,0,0.0893311845131057,0,0,0,0,0,0,0,0,0.0282490788887944,0,0,0,0,0,0,0,0,0,0,0,0,0,0.0291185045513226,1,0.3035264989710211,0,0.3933560881783216,0.1883897717243315,0.3804135370540227,0.5611819234591381,0.5863683413892129,0.5688697442000097,0.1155602573381705,0.6668909475388808,0.6441704440617515,0.4879463691929674,0,0.6180947635402132,0,0.0312362384380631,0.0912549473168133,0,0,0.0208991876019249,0,0.6272079509474526,0.1720868752152476,0,0.7050145428883602,0.7118912744107391,0.5198642680866756,0.5564913379642119,0.6996250933809578,0,0,0,0.0284704768139693,0,0,0,0,0,0,0.1324930752795815,0,0,0,0,0,0,0,0,0,0,0,0,0,0,0,0,0,0,0,0,0,0,0,0,0,0,0,0,0,0,0,0,0,0,0,0,0,0,0,0,0,0,0,0,0,0,0,0,0,0,0,0,0,0,0.3933096073423565,0,0,0.0539293503615202,0,0,0,0,0,0,0,0,0,0,0,0,0,0,0.0647562201660974,0,0.0359774890710137,0,0
L3_ID1559,0.1619589187657487,0,0,0.1728444944877234,0.0424987092336382,0,0,0.1501696752519048,0.0686519783140145,0.2083809577731932,0.087202351220524,0.0633176256475404,0.0788564856933415,0,0,0.3032718432516021,0,0.083431485727367,0,0.0753415009190983,0.0629434253230182,0,0.1746505371002439,0,0.0400931277899256,0,0,0.152714242608764,0,0.1888062411856791,0.1198569262834916,0,0,0.3047128596739698,0.1102436682382845,0,0.3600155864277764,0.2281311952035395,0,0.1897717844554372,0,0.1910436258016081,0.1657745618937156,0.3327609100230856,0.2128069173415749,0,1,0.19637344030243,0.1468449528800457,0.0973444344666384,0.2833033658898949,0.1474899583772149,0.1663032169940515,0.1392023446059554,0.1471041595836796,0.2354479662107151,0,0.2028719476692356,0.2006130759131983,0,0.0794879490455014,0.2945665742713971,0.177547320024531,0.2918330629889302,0.1579928996825823,0.1013210439912361,0.3150390041780663,0,0.2514678285623603,0.2030445082884899,0.1990559812984643,0.355260752825006,0.0322593915849077,0.240332181999173,0.1335856436097687,0.3340021623922853,0.2032513496577981,0,0.0743646781767418,0,0,0.1196889676073962,0,0.1665910221794921,0,0,0,0,0,0,0,0.1063047334995776,0.0790757889370116,0.1973648429965465,0.2644697599891554,0.2146649850328373,0.4659535499409452,0.148598664183799,0,0,0,0,0,0,0,0,0,0,0.1374331091548078,0.1540799434576881,0.0508774774757608,0.1099904500329231,0,0,0,0,0.1939531683102826,0,0,0,0.14817982657309,0,0.0490900638564459,0.0879162924989431,0.1203809368678902,0.1707348928562387,0.0677711586845882,0,0,0.3067526578724662,0,0,0,0.300914042184615,0.1752864747861085,0,0.1348561579591633,0.230798339634413,0.2098276904893664,0,0.0416981516500082,0,0.3911170903846766,0,0.0951187971611251,0.3113909879633906,0.1111553065308112,0,0,0,0,0.0556485369962618,0,0,0.0847469053210256,0.0430742302942339,0.1144910021452434,0.1453256606606565,0.0535838788809892,0,0,0.0638650713760942,0.0862562535573721,0.0917183339235633,0,0.1600372232803414,0.1327867660448881,0,0,0.4558332940905227,0,0.1163184723667552,0.1800344182133097,0.0886377959713194,0.0458832825626635,0,0.3504196984573356,0,0,0.1078981929434258,0.2297421352643881,0.2976087994449206,0,0,0.0643084073888269,0.1414258893396292,0,0,0,0.2303926018636751,0,0.1659210419224821,0.1090096973385752,0.1304679072294512
L3_ID1564,0,1,0,0,0,0,0,0,0,0,0,0,0,0,0,0,0,0,0,0,0,0,0,0,0,0,0,0,0,0,0,0,0,0,0,0,0,0,0,0,0,0,0,0.3156674201864798,0,0,0,0,0,0,0,0,0,0,0,0,0,0,0,0,0,0,0,0,0,0,0,0.009586659509557,0,0,0,0,0,0,0,0,0,0,0,0,0,0,0,0,0,0,0,0,0,0,0,0,0,0,0,0,0,0,0,0,0,0,0,0,0,0,0,0,0,0,0,0,0,0,0,0,0,0,0,0,0,0,0,0,0,0,0,0,0,0,0.0315264757146678,0,0,0,0,0,0,0,0,0,0,0,0,0,0,0,0,0.0023668515982727,0,0,0,0,0,0,0,0,0,0,0,0,0,0,0,0,0,0,0,0,0,0,0,0,0,0,0,0,0,0,0,0,0,0,0,0,0,0,0,0,0,0,0,0,0,0
L3_ID1566,0,0,0,0,0,0,0,0,0,0,0,0,0,0,0,0,0,0,0,0,0,0,0,0,0,0,0,0,0,0,0,0,0,0,0,0,0,0,0,0,0,0,0,0,0,0,0,0,0,0,0,0,0,0,0,0,0,0,0,0,0,0,0,0,0,0,0,0,0,0,0,0,0,0,0,0,0,0,0,0,0,0,0,0,0,0,0,0,0,0,0,0,0,0,0,0,0,0,0,0,0,0,0,0,0,0,0,0,0,0,0,0,0,0,0,0,0,0,0,0,0,0,0,0,0,0,0,0,0,0,0,0,1,0,0,0,0,0,0,0,0,0,0,0,0,0,0,0,0,0,0,0,0,0,0,0,0,0,0,0,0,0,0,0,0,0,0,0,0,0,0,0,0,0,0,0,0,0,0,0,0,0,0,0,0,0,0,0,0,0,0,0,0,0
L3_ID1567,0,0,0,0,0,0,0,0,0,0,0,0,0,0,0,0,0,0,0,0,0,0,0,0,0,0,0,0,0,0,0,0,0,0,0,0,0,0,0,0,0,0,0,0,0,0,0,0,0,0,0,0,0,0,0,0,0,0,0,0,0,0,0,0,0,0,0,0,0,0,0,0,0,0,0,0,0,0,0,0,0,0,0,0,0,0,0,0,0,0,0,0,0,0,0,0,0,0,0,0,0,0,0,0,0,0,0,0,0,0,0,0,0,0,0,0,0,0,0,0,0,0,0,0,0,0,0,0,0,0,0,0,0,0,0,0,0,0,0,0,0,0,0,1,0,0,0,0,0,0,0,0,0,0,0,0,0,0,0,0,0,0,0,0,0,0,0,0,0,0,0,0,0,0,0,0,0,0,0,0,0,0,0,0,0,0,0,0,0,0,0,0,0,0
L3_ID1569,0,0,0,0,0,0,0,0,0,0,0,0,0,0,0,0,0,0,0,0,0,0,0,0,0,0,0,0,0,0,0,0,0,0,0,0,0,0.021494836390293,0,0,0,0,0,0,0.0200078546177336,0,0,0,0,0,0,0,0,0,0,0,0,0,0,0,0,0,0,0,0,0,0,0,0,0,0,0,0,0,0,0,0,0,0,0,0,0,0,0,0,0,0,0,0,0,0,0,0,0,0,0,0,0,0,0,0,0,0,0,0,0,0,0,0,0,0,0,0,0.140252522539624,0,0,0,0,0,0,0,0,0,0,0,0,0,0,0,0.0093836203970097,0.1664003681006745,0,0,0,0,0,0,0,0,0,0.015947021756132,0.0091546556584845,0,0,0,0,0.0518409935364036,0,0,0,0,0.0186925921258344,0,0,0,0,0,0.1205174036822544,0.2186533724589172,0,0,0.0409298237501497,0,0,0,1,0,0,0,0.0153867187370243,0,0,0,0,0,0,0,0,0,0,0,0,0,0,0,0,0,0,0,0,0,0,0,0
L3_ID1570,0,0.0292296158250518,0,0,0,0,0,0,0,0,0,0,0,0,0,0,0,0,0,0,0,0,0,0,0,0,0,0,0,0,0,0,0,0,0,0,0,0,0,0,0,0,0,0,0,0,0,0,0,0,0,0,0,0,0,0,0.3022365409994352,0,0,0,0,0,0,0,0,0,0,0.2664506918246841,0,0,0,0,0,0,0,0,0,0,0,0,0,0,0,0,0,0,0,0,0,0,0,0,0,0,0,0,0,0,0,0,0,0,0,0,0,0,0,0,0,0,0,0,0.1127850302197111,0,0,0,1,0,0,0.2320332411354967,0,0.572562973570947,0,0,0,0,0,0,0,0,0,0.2096997351389281,0,0,0,0,0.2686992804426371,0,0,0,0,0,0,0,0,0,0,0,0,0,0,0,0,0,0,0,0,0,0,0,0,0,0,0,0,0,0,0,0,0,0,0,0,0.3567483162440041,0,0,0,0,0,0,0,0,0,0,0,0,0,0,0,0.1333405154849848,0,0,0,0
L3_ID1571,0,0,0.3326275151302995,0.0894526535029679,0,0,0,0.4141726939698301,0.1234165432395067,0.1202621101445834,0.0742906932619282,0.2122476845024428,0,0.1803814472431842,0.0373695454806192,0,0.0815316980326955,0.0783948283796496,0.1022522388846124,0.2704859164123789,0,0,0,0,0.0434469587083481,0,0,0,0,0,0,0.0333428830943566,0,0,0.0780134994517697,0,0,0,0,0,0,0,0,0,0,0.0781029118629283,0,0,0,0.0678394161098637,0.1553832836178336,0,0,0,0,0,0,0,0,0,0,0,0.121062587800987,0,0,0.257835804140456,0,0.4423308711925724,0,0.6289802501259074,0,0,0,0,0,0,0,0,0.0865441031868649,0,0,0,0,0,0,0,0,0,0,0,0,0,0,0,0,0,0,0,0,0,0.1567553085503074,0,0,0,0,0,0,0,0,0.0454621689950916,0.0066136484122518,0,0,0,0,0.0144330936255174,0.1901607262578387,0.1806771922441571,0,0,0,0,0.0678648365963987,0.1406503569488373,0.0184161677971438,0.343995020288371,0.1822310701785821,0.2729807903531541,0.0379838576828248,0,0,0,0,0,0,0,0,1,0.0433411724973111,0.0541485239051854,0.0846090261036871,0,0,0,0,0,0.2854497309635434,0,0,0,0,0,0,0,0,0,0,0,0,0,0,0.317018092681158,0.0591162093351164,0,0,0,0.6533140960291134,0.1944458383684029,0,0,0.2213874876828793,0,0.0351727147128606,0,0,0,0.3181810650696104,0.4424714219873008,0.887298335132793,0.6724428904787889,0,0,0.3405141926886073,0,0,0.8417850547914497,0.0184615499400031,0,0,0,0.0194478591375623,0,0.2002796913229416,0.3400068211909242
L3_ID1572,0,0,0,0,0,0,0,0,0,0,0,0,0,0,0,0,0,0,0,0,0,0,0,0,0,0,0,0,0,0,0,0,0,0,0,0,0,0,0,0,0,0,0,0,0,0,0,0,0,0,0,0,0,0,0,0,0,0,0,0,0,0,0,0,0,0,0,0,0,0,0,0,0,0,0,0,0,0,0,0,0,0,0,0,0,0,0,0,0,0,0,0,0,0,0,0,0,0,0,0,0,0,0,0,0,0,0,0,0,0,0,0,0,0,0,0,0,0,0,0,0,0,0,0,0,0,0,0,0,0,0,1,0,0,0,0,0,0,0,0,0,0,0,0,0,0,0,0,0,0,0,0,0,0,0,0,0,0,0,0,0,0,0,0,0,0,0,0,0,0,0,0,0,0,0,0,0,0,0,0,0,0,0,0,0,0,0,0,0,0,0,0,0,0
L3_ID1575,0,0,0,0.1244843790461655,0.1967505588126436,0.0939898644482192,0.2746173589064531,0.1770193707255415,0.1723872356023178,0,0,0,0.1780798430450378,0,0.4845862387606928,0,0.1548655978714718,0.1456564709853383,0,0.3343547856538714,0,0.2123486131740532,0.4730627084037068,0,0,0.0972801856864852,0.7071548689154029,0,0.0651624624895657,0,0,0.3688466704191633,0,0,0.2641593303146066,0.2261659187618224,0,0,0,0,0,0.3433720699073617,0,0,1,0.3299656278228258,0.6753992457634912,0.0979883616575373,0,0.0537515421119353,0.1475137143770497,0.280264435323407,0.340413789055532,0,0,0,0,0,0,0,0,0.753244822162879,0.1839107766094301,0.1483554209866525,0.0446147097810778,0,0,0,0.1427779914967417,0.0945929639922798,0,0.1408041666152732,0,0,0,0,0,0.1648162249401972,0.2316017790134495,0.2749173403027579,0,0,0,0,0,0,0,0,0,0.2450992192827854,0.9393562066631512,0.1019622645265129,0,0.2379630178613338,0.1313875345374157,0.2907108950878333,0,0,0,0,0,0.1462076171371422,0,0.4133886124799236,0.1002589886173796,0,0.1314202526444765,0.1061393661592573,0,0.1443308832655125,0,0.1315921475222846,0,0.0678226175850089,0.1414483419275827,0,0,0.2163941300450189,0.2848939015181449,0,0,0,0.2434122545696655,0,0,0,0.239021884563688,0,0.2411871054530093,0,0,0,0,0,0.3483831799797358,0.1993247930434599,0,0.1461142690512855,0,0,0,0.3759426999380472,0.3087245801600224,0.1965370246285874,0.31923364769637,0.1274684666514514,0,0.1319749502561687,0.2878491202034344,0,0.0790557044654567,0.0518777855120681,0,0.3448587707321255,0,0,0.2294471061726584,0.3241454230528791,0,0,0.2140393207431032,0,0.1658205012381622,0.1919200842414792,0,0.0927886628893878,0,0.1718627892153689,0,0.1166949961163616,0,0,0.2937644700724217,0,0.1964733535453224,0,0,0,0.1648459232090157,0,0,0,0,0.0846082152795458,0.2348282271563082,0.175748617954701,0,0.2770878564825711,0,0,0.0661761278096832,0,0,0.3145445297352465
L3_ID1576,0,0,0,0,0,0,0,0,0,0,0,0,0,0,0,0,0,0,1,0,0,0,0,0,0,0,0,0,0,0.5070153263858437,0,0,0.1765730301436791,0,0,0.9716206410053267,0,0,0,0,0,0,0,0,0,0,0,0,0,0,0,0.2001096065105056,0,0,0,0,0,0,0,0,0.1947174588304161,0,0,0.3688615101739328,0,0,0,0,0,0.1384898778146921,0,0,0,0,0,0,0,0,0,0,0,0,0,0,0,0,0,0,0,0,0,0,0,0,0,0,0,0,0,0,0,0,0,0,0,0,0,0,0,0,0,0,0,0,0,0,0,0,0,0,0,0,0,0,0,0,0,0,0,0,0,0,0,0,0,0,0,0,0,0,0,0,0.2100205323975442,0,0,0,0,0,0,0,0,0,0,0.9730262729615574,0,0,0,0,0,0,0,0,0,0,0,0,0,0,0,0,0,0,0,0,0,0,0,0,0,0,0,0,0,0,0,0,0,0,0,0,0,0,0,0
L3_ID1579,0.5367112451465145,0,0,0.6356150579080944,0.2808999502811084,0.2903801613527855,0.1064502007288411,0.1812922658507902,0.1146009267226474,0.3212949520342638,0.3829623008386317,0.1473845339453921,0.2960890823079847,0,0.1534589618905619,0.2886375859198826,0.0804328841828172,0.303726474237562,0.2209072412490987,0.0792987207858908,0.1655048491185725,0.109938182986823,0.1570104240676358,0.061033374356271,0.0754999333247083,0,0.044878719845762,0.2297525548565814,0.1173139862323688,0.2633269502096756,0.1747024180195691,0.1285293259092514,0.0965739409102121,0.4479382068450743,0.3208531483447841,0.1176556793502148,0.2130408704626186,0.3492675090806919,0.2517142082561194,0.1309277458539542,0.156942470655416,0.1106408209141431,0.1106394362834865,0.1066400149454903,0.1486283848716532,0.2338560053703787,0.5064037747729951,0.0915989452096678,0.2399444748905396,0.1219687683419182,0.1893072891644201,0.1340736710847509,0.267989973569886,0.1174898343257466,0.1309751339505898,0.1658884406630378,0.1573638954218998,0.267942825120864,0.3283619648917311,0,0,0.292240306129767,0.1477479462377028,0.2447458592087666,0.1442710453989859,0.2253735804517986,0.2017623881484704,0.2164239136933439,0.1738240074789937,0.1748695322888058,0.293750902672678,0.3457431980196515,0.0255947490119062,0.2700454932828371,0.2331535715873221,0.1260959972954968,0,0,0.2634713201807149,0,0,0,0,0,0,0,0,0,0,0.1800556841644691,0,0.0820386208283386,0.0626954858910396,0.1197811495388327,0.1970847595620818,0.2507531770172897,0.3986218522552225,0.170111746084584,0,0,0,0,0,0,0,0,0.1678391766403861,0.2105459790396741,0.2513461095215867,0.3802738984056013,0.1389896069622921,0.2700152799318449,0,0,0.0625181599636104,0.2909124985851914,0.6284290200691918,0.1040680146910022,0.2336632221789712,0,0.5745462600841941,0,0.1894225463883223,0.4289427428951051,0.2169848666259845,0.2330703339828553,0.1442124959295409,0,0.2891968701950653,0.5944314202376765,0.2761621702147058,0,0.3995985849216704,0.5861598497157389,0.1723792918047332,0.0835929930020056,0.1959752443660088,0.1366828566677208,0.2758199179190946,0.1417146222251824,0.299843437326433,0.1558159138512628,0.5658210810088462,0.420712924312964,0.212591682076304,0.5758489667602015,0,0,0.1825854931323029,0.3985997781182628,0.0767873114292811,0.1857214507975401,0.1608816916181844,0,0.2688942794019929,0,0.156709657436695,0.2768262603795819,0.3804989186389606,0.1365569085330029,0,0.2724499044178807,0.0688345121818385,0.0968517279977573,0,0.299187015885193,0.3040575784812206,0.0516176462443349,0,0.1617195263739477,0,0,0.5209427161965857,0.1433805371202437,0.0874481864107661,0.3801866666742407,1,0,0.0787886264023645,0.4294700475986315,0.2298526653572084,0.432516687639679,0,0.0715699077296331,0.2717205235920472,0.4356973617744518,0,0,0,0.1364155341926375,0,0.3823846702782568,0.0704134260321072,0.1964692557319093
L3_ID1581,0,0.211577792768058,0,0,0,0,0,0,0,0,0,0,0,0,0,0,0,0,0,0,0,0,0,0,0,0,0,0,0,0,0,0,0,0,0,0,0,0,0,0,0,0,0,0,0,0,0,0,0,0,0,0,0,0,0,0,0.1335769600386379,0,0,0,0,0,0,0,0,0,0,0.2069637409651329,0,0,0,0,0,0,0,0,0,0,0,0,0,0,0,0,0,0,0,0,0,0,0,0,0,0,0,0,0,0,0,0,0,0,0,0,0,0,0,0,0,0,0,0,0.2542635899299523,0,0,0,0,0,0,1,0,0,0,0,0,0,0,0,0,0,0,0.436177956724902,0,0,0,0,0.5826146197441605,0,0,0,0,0,0,0,0,0,0,0,0,0,0,0,0,0,0,0,0,0,0,0,0,0,0,0,0,0,0,0,0,0,0,0,0,0.2102207827421182,0,0,0,0,0,0,0,0,0,0.204934389606746,0,0,0,0,0,0.3234099646031154,0,0,0,0
L3_ID1594,0,0,0.2765178005482258,0,0,0.434195450721143,0,0,0.2755162479813332,0,0,0,0.4693200728489092,0.2073419353175086,0,0.3377951091444331,0.2599310310087607,0,0,0,0,0,0,0,0,0,0,0,0,0,0,0,0,0,0,0,0,0,0,0,0,0,0,0,0,0,0,0,0,0,0,0,0,0,0,0,0.4199552819956811,0,0,0,0,0,0,0,0,0,0,0,0,0,0,0,0,0,0,0,0,0,0,0,0,0,0,0,0,0,0,0,0,0,0,0,0,0,0,0,0,0,0,0,0.401146914565644,0,0,0,0,0,0,0,0,0,0,0,0.5522256757024181,0,0,0.583603298470041,0,0,0,0,0,0.9598300751816576,0,0.3351484293528093,0.3869348407644458,0,0,0,0,0.3436360349036707,0.4285086722464725,0,0,0.4114469875464825,0,0.3162686102637325,0.8356323996543454,0,0.2390276277749359,0,0.2513632035049992,0,0.2705597276501429,0,0.4888901815285917,0.5110203464820777,0,0.7135661004305089,0,1,0,0,0,0,0.6302363751610885,0,0,0,0,0,0.6524954709302988,0,0,0,0.7551321960635923,0.4675106637778168,0,0.6698683286548438,0.907970023285505,0,0.2103060397790545,0,0,0.6548723554940419,0.7319021613002463,0,0,0,0,0,0,0,0,0,0,0,0.5072479507496277,0,0.6120647460572657,0.5389335682472786,0,0,0,0
L3_ID1595,0,0,0,0,0,0,0,0,0,0,0,0,0,0,0,0,0,0,0,0,0,0,0,0,0,0,0,0,0,0,0,0,0,0,0,0,0,0,0,0,0,0,0,0,0,0,0,0,0,0,0,0,0,0,0,0,0,0,0,0,0,0,0,0,0,0,0,0,0,0,0,0,0,0,0,0,0,0,0,0,0,0,0,0,0,0,0,0,0,0,0,0,0,0,0,0,0,0,0,0,0,0,0,0,0,0,0,0,0,0,0,0,0,0,0,0,0,0,0,0,0,0,0,0,0,0,1,0,0,0,0,0,0,0,0,0,0,0,0,0,0,0,0,0,0,0,0,0,0,0,0,0,0,0,0,0,0,0,0,0,0,0,0,0,0,0,0,0,0,0,0,0,0,0,0,0,0,0,0,0,0,0,0,0,0,0,0,0,0,0,0,0,0,0
L3_ID1596,0,0,0,0,0,0,0,0,0,0,0,0,0,0,0,0,0,0,0,0,0,0,0,0,0,0,0,0,0,0,0,0,0,0,0,0,0,0,0,0,0,0,0,0,0,0,0,0,0,0,0,0,0,0,0,0,0,0,0,0,0,0,0,0,0,0,0,0,0,0,0,0,0,0,0,0,0,0,0,0,0,0,0,0,0,0,0,0,0,0,0,0,0,0,0,0,0,0,0,0,0,0,0,0,0,0,0,0,0,0,0,0,0,0,0,0,0,0,0,0,0,0,0,0,0,0,0,0,0,0,0,0,0,0,0,0,0,0,0,0,0,0,0,0,0,0,0,0,0,0,1,0,0,0,0,0,0,0,0,0,0,0,0,0,0,0,0,0,0,0,0,0,0,0,0,0,0,0,0,0,0,0,0,0,0,0,0,0,0,0,0,0,0,0
L3_ID1597,0,0.0309975568598471,0,0,0,0,0,0,0,0,0,0,0,0,0,0,0,0,0,0,0,0,0,0,0,0,0,0,0,0,0,0,0,0,0,0,0,0,0,0,0,0,0,1,0,0,0,0,0,0,0,0,0,0,0,0,0,0,0,0,0,0,0,0,0,0,0,0,0,0,0,0,0,0,0,0,0,0,0,0,0,0,0,0,0,0,0,0,0,0,0,0,0,0,0,0,0,0,0,0,0,0,0,0,0,0,0,0,0,0,0,0,0,0,0,0,0,0,0,0,0,0,0,0,0,0,0,0,0,0,0,0,0,0,0,0,0,0,0,0,0,0,0,0,0,0,0,0,0,0,0,0,0.0441060325835047,0,0,0,0,0,0,0,0,0,0,0,0,0,0,0,0,0,0,0,0,0,0,0,0,0,0,0,0,0,0,0,0,0,0,0,0,0,0,0,0,0
L3_ID1599,0,0,0,0,0,0,0,0,0.2662411122279035,0,0,0,0,0,0,0,0,0,0,0,0,0,0,0,0,0.7918095942989511,0,0,0,0,0,0,0,0.2382276130556731,0,0.549777352872047,0,0,0.559295061388004,0,0,0,0.2590138127447101,0,0,0,0,0,0.2542142057442054,0,0,0,0,0.8310905644978148,0,0,0,0,0,0.4356478121344691,0,0,0,0,0,0.2592477484033678,0,0,0,0,0,0,1,0,0,0,0.2972279291378525,0,0,0,0.3491494162173783,0,0.2396336133801314,0,0,0.3833667072766064,0,0,0,0,0,0,0.3550026157284119,0,0,0,0,0,0,0,0,0,0,0,0,0,0,0,0,0,0,0,0,0,0,0,0,0,0,0,0,0,0,0,0,0,0,0,0,0,0,0,0,0,0,0,0,0,0,0,0,0,0,0,0,0,0,0,0,0,0,0,0,0,0,0,0,0,0,0,0,0,0,0,0,0,0,0,0,0,0,0,0,0,0,0,0,0,0,0,0,0,0,0,0,0,0,0,0,0,0,0,0,0
L3_ID1606,0,0,0,0,0,0,0,0,0,0,0,0,0,0,0,0,0,0,0,0,0,0,0,0,0,0,0,0,0,0,0,0,0,0,0,0,0,0,0,0,0,0,0,0,0,0,0,0,0,0,0,0,0,0,0,0,0,0,0,0,0,0,0,0,0,0,0,0,0,0,0,0,0,0,0,0,0,0,0,0,0,0,0,0,0,0,0,0,0,0,0,0,0,0,0,0,0,0,0,0,0,0,0,0,0,0,0,0,0,0,0,0,0,0,0,0,0,0,0,0,0,0,0,0,0,0,0.1338079375714613,0,0,0,0,0,0,0,0,0,0,0,0,0,0,0,0,0,0,0,0,0,0,0,0,0,1,0,0,0,0,0,0,0,0,0,0,0,0,0,0,0,0,0,0,0,0,0,0,0,0,0,0,0,0,0,0,0,0,0,0,0,0,0,0,0,0,0
L3_ID1617,0,0,0,0,0,0,0,0,0,0,0,0,0,0,0,0,0,0,0,0,0,0,0,0,0,0,0,0,0,0,0,0,1,0,0,0,0,0,0,0.0084352466962483,0.0177451007513782,0,0,0,0,0,0,0,0,0,0,0,0,0,0,0,0,0,0,0,0,0,0,0,0,0,0,0,0,0,0,0,0,0,0,0,0,0,0,0,0,0,0,0,0,0,0,0,0,0,0,0,0,0,0,0,0,0,0,0,0,0,0,0,0,0,0,0,0,0,0,0,0,0,0,0,0,0,0,0,0,0,0,0,0,0,0,0,0,0,0,0,0,0,0,0,0,0,0,0,0,0,0,0,0,0,0,0,0,0,0,0,0,0,0,0,0,0,0,0,0,0,0,0,0,0,0,0,0,0,0,0,0,0,0,0,0,0,0,0,0,0,0,0,0,0,0,0,0,0,0,0,0,0
L3_ID1618,0,0,0,0,0,0,0,0,0,0,0,0,0,0,0,0,0,0,0,0,0,0,0,0,0,0,0,0,0,0,0,0,0,0,0,0,0,0,0,0,0,0.4745098142457528,0,0,0,0,0,0,0,0,0,0,0,0,0,0,0,0,0,0,0,0,0,0,0,0,0,0,0,0,0,0,0,0,0,0,0,0,0,0,0,0,0,0,0,0,0,0,0,0,0,0,0,0,0,0,0,0,0,0,0,0,0,0,0,0,0,0,0,0,0,0,0,0,0,0,0,0,0,0,0,0,0,0,0,0,0,0,0,0,0,0,0.3052925422605805,0,0,0,0,0,0,0,0,0,0,1,0,0,0,0,0,0,0,0,0,0,0,0,0,0,0,0,0,0,0,0,0,0,0,0,0,0,0,0,0,0,0,0,0,0,0,0,0,0,0,0,0,0,0,0,0,0,0,0,0,0
L3_ID1623,0,0,0,0,0,0,0,0.199578317130287,0,0.1875132119063183,0.1749660417784499,0.090344998143851,0,0,0,0.2076068856566512,0.2022630069978492,0.2084060058085107,0.2006131544678892,0.2102446913683432,0.2562366451076825,0,0.1993488837025854,0,0.241401882016037,0.5089586257238142,0.2007558964375667,0.227521990865368,0.2447138190515612,0,0,0,0.3431220455279622,0.3450647943914714,0,0,0.2832288328102461,0,0,0,0.2948450611339498,0.1904710317229118,0,0.2698583378605878,0,0,0.3106417882721282,0,0,0,0.3455271081626932,0,0,0.3705459518108967,0.3116362387376601,0,0,0.3550752785062226,0,1,0,0,0,0,0,0.2980844604188826,0.2632054547900386,0,0.3140807121267074,0,0.2573346555661742,0.2402479278087712,0,0.5280668933496793,0,0,0.155395155344565,0.2410648163541209,0,0,0.5529273923959817,0,0,0,0.2120862747777578,0,0,0,0.1767857540494397,0,0.2014462404672187,0.2069274466925317,0,0.2019215183023604,0.1956074853589962,0.1465674514145014,0,0,0,0.1893837128041941,0,0.1591598279958502,0.151774063514152,0,0,0.1638593164186361,0,0,0,0,0,0,0,0,0,0,0,0,0,0,0,0,0,0,0,0,0,0,0,0,0,0,0,0,0,0,0,0,0,0,0,0,0,0,0,0,0,0,0,0,0,0,0,0,0,0,0,0,0,0,0,0,0,0,0,0,0,0,0,0,0,0,0,0,0,0,0,0,0.0016328134840296,0,0,0,0,0,0,0,0,0,0,0,0,0,0,0
L3_ID1625,0,0,0,0,0,0,0,0,0,0,0,0,0,0,0,0,0,0,0,0,0,0,0,0,0,0,0,0,0,0,0,0,0,0,0,0,0,0,0,0,0,0,0,0,0,0,0,0,0,0,0,0,0,0,0,0,0,0,0,0,0,0,0,0,0,0,0,0,0,0,0,0,0,0,0,0,0,0,0,0,0,0,0,0,0,0,0,0,0,0,0,0,0,0,0,0,0,0,0,0,0,0,0,0,0,0,0,0,0,0,0,0,0,0,0,0,0,0,0,0,0,0,0,0,0,0,0,0,0,0,0,0,0,0,0,0,0,0,0,0,0,0,0,0,0,0,0,0,0,0,0,0,0,0,0,0,0,0,0,0.0133480682969355,0,0,0,0,0,0,0,0,0,0,0,0,0,0,1,0,0,0,0,0,0,0,0,0,0,0,0,0,0,0,0,0,0,0
L3_ID1637,0,0,0,0,0,0,0,0,0,0,0,0,0,0,0,0,0,0,0,0,0,0,0,0,0,0,0,0,0,0,0,0,0,0,0,0,0,0,0,0,0,0,0,0,0,0,0,0,0,0,0,0,0,0,0,0,0,0,0,0,0,0,0,0,0,0,0,0,0,0,0,0,0,0,0,0,0,0,0,0,0,0,0,0,0,0,0,0,0,0,0,0,0,0,0,0,0,0,0,0,0,0,0,0,0,0,0,0,0,0,0,0,0,0,0,0,0,0,0,0,0,0,0,0,0,0,0,0,0,0,0,1,0,0,0,0,0,0,0,0,0,0,0,0,0,0,0,0,0,0,0,0,0,0,0,0,0,0,0,0,0,0,0,0,0,0,0,0,0,0,0,0,0,0,0,0,0,0,0,0,0,0,0,0,0,0,0,0,0,0,0,0,0,0
L3_ID1642,0,0,0,0,0,0,0,0,0,0,0,0,0,0,0,0,0,0,0,0,0,0,0,0,0,0,0,0,0,0,0,0,0,0,0,0,0,0,0,0,0,0,0,0,0,0,0,0,0,0,0,0,0,0,0,0,0,0,0,0,0,0,0,0,0,0,0,0,0,0,0,0,0,0,0,0,0.26220653176758,0,0,0,0,0.1264936557439951,0.085353848865112,0.2026874299585268,0.7440167075487126,0.0447001462620667,0,0,0,0,0.4327626347009889,0,0,0,0,0,0,0,0,0,0,0.5155243672291304,0.2714349969639504,0.4817926868736009,1,0,0,0,0,0,0,0,0,0,0,0,0,0,0,0,0,0,0,0,0,0,0,0,0,0,0,0,0,0,0,0,0,0,0,0,0,0,0,0,0,0,0,0,0,0,0,0,0,0,0,0,0,0,0,0,0,0,0,0,0,0,0,0,0,0,0,0.4036946144908415,0,0,0,0,0,0,0,0,0,0,0,0,0,0,0,0,0,0,0,0,0,0
L3_ID1643,0,0,0,0,0,0,0,0,0,0,0,0,0,0,0,0,0,0,0,0,0,0,0,0,0,0,0,0,0,0,0,0,0,0,0,0,0,0,0,0,0,0,0,0,0,0,0,0,0,0,0,0,0,0,0,0,0,0,0,0,0,0,0,0,0,0,0,0,0,0,0,0,0,0,0,0,0,0,0,0,0,0,0,0,0,0,0,0,0,0,0,0,0,0,0,0,0,0,0,0,0,0,0,0,0,0,0,0,0,0,0,0,0,0,0,0,0,0,0,0,0,0,0,0,0,0,0,0,0,0,0,1,0,0,0,0,0,0,0,0,0,0,0,0,0,0,0,0,0,0,0,0,0,0,0,0,0,0,0,0,0,0,0,0,0,0,0,0,0,0,0,0,0,0,0,0,0,0,0,0,0,0,0,0,0,0,0,0,0,0,0,0,0,0
L3_ID1646,0,0,0,0,0,0,0,0.2146616772462052,0,0,0,0.2138639613024249,0,0.172247346918702,0,0,0,0,0,0.1072052629545191,0,0,0,0,0,0,0,0,0,0,0,0,0,0.5979015628677516,0.0532153220055573,0,0,0,1,0,0,0,0,0,0,0.0692706529337581,0,0.4447877008033892,0,0.1124795376384502,0.301534202881241,0,0,0,0,0,0,0,0,0,0,0,0.1709723924979537,0.0578783209622403,0,0.5104011676719278,0,0,0,0.9755297556109024,0,0,0.2507946070699655,0,0,0,0,0,0,0,0,0,0,0,0,0,0,0,0,0,0,0,0,0,0,0,0,0,0,0,0.0529938630479609,0,0,0,0,0,0,0,0,0,0,0.1244269836195722,0,0,0,0,0,0.1727078642212534,0,0,0,0,0.0386672547766001,0,0,0,0.145778035191749,0.1630079671478102,0.0135826367605886,0,0,0,0,0,0,0,0,0.4226282103074096,0,0.0220572094256838,0.029926930491202,0,0,0,0,0,0,0,0,0,0,0.0161612126715589,0,0,0.0171873671667796,0,0,0,0,0,0,0.1144105259090382,0.0237820964839866,0,0,0.0521243575872328,0,0,0,0.1585484720851234,0.0263695577108852,0,0,0,0,0,0,0.0794138719003474,0,0.2467337152974155,0,0,0.2432093238111631,0,0,0.4079304033807685,0,0,0,0,0,0,0.0567963582265719,0.1080953756819323
L3_ID1653,0.0245625234325968,0.0159674130354979,0.1313500181400699,0.2882145138766198,0.4960807369121272,0.1132969065901919,0.3161813963829857,0.0156009220507654,0.0044836472894957,0.0429639415806149,0.0246249987986306,0.0061649557694895,0.0328665151161486,0.1373532715751154,0.0087661167986035,0.0412800777851215,0.0164632448044388,0.0150166695689326,0.0064231532531679,0.0063244554490205,0.0341794299087167,0.0799772590305685,0.1072775667002641,0.0104007228913687,0.0573962844598824,0.0068659246881187,0.1093988052181122,0.0563569344140788,0.0600220738202122,0.0592541163816304,0.0416069133525782,0.043337193800469,0.0067460911755961,0.0258822091697225,0.0167748636050677,0.0361287205565323,0.2160591305873884,0.1243764688616854,0.0337670451940693,0.0369584757812204,0.0152253069703041,0.1261046818932363,0.0522227675241841,0.0348016119555736,0.0245931733479693,0.0063190036006985,0.0156150028135795,0.045077130282476,0.0147955981944482,0.0160135404854083,0.04419446731452,0.0652633071367987,0.0406488777528007,0.0220904739756481,0.0226383538698747,0.0201404256450578,0.008669637947351,0.0267065167072755,0.1598307178972371,0,0.0354524077103646,0.036318596206634,0.1546170677013049,0.1016950598848677,0.1519497913079483,0.2430616782893031,0.1504750250717403,0.0176345619508948,0.3326034842752223,0.1974297549941583,0.3193307864992573,0.5366358457866202,0.0468036157279475,0.0588817272751555,0.6852300338150389,0.1731946913070477,0.0635094154211146,0.0200781829587227,0.0226153730218912,0.0811581962335191,0.0092358239428858,0.0514190797217059,0.0339109008915879,0.0334158701511182,0.0477570934410475,0.0144420925400881,0.0329268058590792,0.0220245087608983,0.0162373811297502,0.0129656885300838,0.0260047991217765,0.1470958771034073,0.1323372812228438,0.1021355215143437,0.3891892229360397,0.6500694681712045,0.1710494739499001,0.350909921252493,0.0272273669187006,0.0091789318493257,0.0057328147799121,0.0215205026871301,0.0431755039495856,0.0239931107834151,0.0272589919388614,0.0216533697304395,0.0131313908054001,0.0369639501831752,0.0092600333812906,0.0095933652549721,0.0754916528623569,0.019902300686511,0.0633568940519533,0.0343547670654493,0.006629689601939,0.1969031033947147,0.0831587839123916,0.0092795209129024,0.0289793486496144,0.0326868856951665,0.0537468202446628,0.017984412435359,0.0228198294707617,0.0255276108570453,0.0313705774547114,0.0600577941417776,0.0840698549701681,0.2154045814420467,0.004204851237313,0.467000702798107,0.0822863161851456,0.321768024160439,0.2006684455675777,0.2995170927387501,0.1110340254327052,0.0400476840389509,0.7876036057333315,0.0471830265043593,0.086087277424027,0.007611009816341,0.1433230330041609,0.0338766387331232,0.1468589647840656,0.0395296578863436,0.3089415595801294,0.0835120118075286,0.2266583837040033,0.0451121605405532,0.0937600330116385,0.0197945793486507,0.0162739094150982,0.040848310262065,0.1099963807799844,0.0888858059734245,0.3859472833079175,0.0673679231001904,0.0223419865126307,0.4418884838067489,0.0736651874401004,0.0479130027098467,0.042438113202639,0.0044612261211453,0.0438471641449802,0.0232840747105204,0.0547314971498013,0.1358008326249178,0.1183883378732321,0.0926620497623381,0.0504629932773376,0.1020376989464999,0.03815583094694,0.0432227570005425,0.0248673359185797,0.0714506799134518,0.0264998222334036,0.1881125663242384,0.5040186655196623,0.3937985418832272,0.5648072528466149,0.3692737742861031,0.5299217957498711,1,0.1688439485115432,0.0522011293524951,0.4990539617954804,0.635592730976355,0.0155108835044847,0.04532774297667,0.0572368922776787,0.2115871640961834,0.0228549914997563,0.0580492669183701,0.075525873076058,0.1107673238701406
L3_ID1657,0.0211776262801622,0.0072577303410217,0.0501870794746582,0.0222576177923982,0.029009119492378,0.0210006984284207,0.016190636887548,0.0346578974873565,0.0740597919230442,0.0161921558186916,0.0457593714610721,0.0103727823101042,0.0185212057381555,0.0120412802598384,0.0363946956652863,0.0215187473715059,0.0258107650253861,0.0269542239838817,0.0259266321309917,0.0233078862210337,0,0.0052693216088071,0,0,0,0,0,0,0,0,0,0,0,0.082253891249837,0.0082204272441474,0.0365254462224273,0.0264601476616366,0.0793376549577806,0,0,0,0.0027823713921475,0,0,0,0.0393068820270924,0.00563813829058,0,0.0812873871089105,0,0,0.0240596176563826,0,0,0.227705381721246,0.2858543308144014,0,0.0051833469659075,1,0,0,0.0904694486340352,0.0154308359282549,0.0762884029790552,0.2507913661459997,0.1252369622110598,0.1466127199103699,0.0212923641917322,0.0018560115742186,0.0179779681906781,0.0336651336863268,0.0039513579316692,0.0091894282521839,0,0,0,0,0,0.004636172400842,0,0,0,0,0,0,0,0,0,0,0.0239601693691279,0,0.2112175982659031,0.0648355238214504,0,0.0323599459087068,0.0618085152798626,0.0065843262083684,0.0115891063058185,0,0.0078008457063337,0.0308736615376583,0,0,0,0,0,0.0254110016855799,0,0,0,0.039058299229651,0.0819174908637079,0.0374246386012803,0,0.014571571513429,0,0.0119050135055651,0,0.0071627491116647,0.0230473938039862,0.0097819660809257,0,0.0376757140524213,0.0152762846574255,0.0089106563679316,0,0,0.0188238701884469,0,0.023452490472164,0.0157284426004851,0.0228256344142423,0,0.019975492215343,0.0235698305861087,0.0502509412961481,0.0193843599736295,0.0137851999510732,0.0150880244165862,0.0066645318495009,0.018434092631717,0.0303368443784824,0,0,0.0297228341667392,0.0275355650953463,0.0178133409630446,0.0343964570461869,0.0075199030729502,0.0204103675841412,0.0047496677783059,0,0.0087150647926818,0,0.0194487939830177,0,0,0.0201524137435979,0.0250687379172867,0,0.0451517336114912,0,0.031084655656627,0.0378036298269236,0.0083098804788224,0.0253472393005797,0.0355911426505229,0.0088018382982276,0,0.0336388554872169,0,0,0,0.0217226376802355,0.0492249488539145,0.0438549267322281,0,0.0083408330356305,0.0301948136785347,0.0337361397667973,0.021073354898445,0.0269330912017731,0,0.0101777216245875,0.0244550310711053,0.0274136289931402,0.0050842210052364,0.0424945715092223,0.0373982474827669,0.0058984743975106,0,0.0161853718096864,0,0.0214177856271706
L3_ID1658,0.2865983400738632,0.2239529194540338,0.4381809805367416,0.3051708311424634,0.3316858936602367,0,0.2701088006362946,0.1453277815348408,0.3365702845929924,0.096637127007648,0.1405452132476962,0.1131245975849832,0.3803473960659595,0.1930775676175862,0.1185581551692628,0.2508815659402758,0.0314534535961304,0.1589496058054475,0.0881356233079472,0.0729046525686332,0.0401729743080545,0.0287490626471711,0.0271664514810898,0.1045497433860997,0.0274225470811825,0.0157524844696594,0.0390721977823438,0,0.0273826907781379,0,0,0,0,0.4681246797606904,0.304067303987501,0.3307916252074792,0.1411324657353342,0,0.0310315073814039,0.0340704171157877,0.0134591556122014,0.0165027446975546,0,0,0,0.4102891277025535,0.1200280369624016,0.0099831439974176,0,0,0,0,0.0464851446286659,0,0,0,0.4615371972968127,0,0,0,0.023724739722915,0,0.0700948944233134,0.2162289527470008,0,1,0,0.2728684576418373,0.0064474686409978,0.1088014500945194,0,0.0113644888792541,0,0,0.0146240803554573,0,0,0,0.3531003621170915,0,0,0,0,0,0,0,0,0,0,0.1617270000322915,0,0,0,0.016584059585258,0.3059578660843842,0.3533821322003425,0,0.0266465798181324,0,0,0.3135974001458098,0,0,0,0,0,0.2238898119831394,0.243046170131723,0.1742095044191433,0.3221188184337009,0.2930548043679976,0.3278059271369995,0.3640117624686879,0.2130385677214053,0.3169177327421466,0.2638431344453597,0.2669376574576248,0.3932667771833478,0.4401549046802306,0.2250598754193131,0.2869862441338408,0.3607997629172978,0.5123520504517175,0.4244841419982331,0.2490009575205992,0.5287491711538268,0.4675484081465987,0.3198301960538762,0.3299644572705419,0.3393262379046907,0.4331275217670138,0.3592781234494399,0.3458476904517499,0.2345025007456577,0.364687918076144,0.4523660990254308,0.2928793997423387,0.4945902921786204,0.4388003075917738,0.2328530549050621,0.268942050270005,0.2630989523986221,0.215124817954767,0.337707723694717,0.3400714326802139,0.2647099145453663,0.2118784579624383,0.2674413598204542,0.1641336487182962,0.2538974433285652,0.0822649647460429,0.2120052950090526,0.2157634447269411,0.3609722740321409,0.1363371949357079,0.2895222616884237,0.1745782534375198,0.2275181877409354,0.2266947958356129,0.4009966466524453,0.234332969946955,0.1741476556254537,0.2580142147769745,0.2418520326855611,0.3192352323599138,0.4346201103862802,0.5195441030654664,0.3879762530724744,0.368802085364819,0.5318747415371464,0.3990561136237716,0.1173968012006449,0.1634801058978662,0,0.4739512846204229,0.3155541947052687,0.3577152514524556,0.266026404096378,0.3612618276594865,0.3937339634396806,0.3730116227699857,0.423704543379109,0.289594252237523,0.2928005226374976,0.4171260886689769,0.3960962546048778,0.2421909785425339,0.4777609677659423,0,0.361017470671085,0.1274701323133051,0.2359082551053394,0.1979246033257087,0.3204256805797855
L3_ID1685,0.1203581186132744,0,0.3210125922782521,0.1816963632425607,0.0256010967841394,0.0532602922204998,1,0.1004341279408633,0.2984040979593277,0.1558545715723633,0,0.0944111526684299,0.0899703385238176,0.188142043788791,0.1462319786564895,0.0695695727202487,0.0894987190963686,0.1623213535658615,0.0133090784440267,0.0423121007685255,0.1746618191328778,0.6541934777132924,0.0890790729081223,0.0304477860294934,0,0.0316478814188563,0.0316759490490364,0.0773197607603646,0.0237976670040123,0.167621500218839,0.2923909554618786,0.0617876128511226,0.0304392174684356,0.0235770824839341,0.1744004962294585,0.0051279628622227,0.055912909582421,0.1292233797542975,0.2272518906813511,0,0,0.0308699866582249,0.0467831519968461,0.1821227206899232,0.0395037613850007,0.3690126620337267,0,0.0349052144423133,0.013932445162874,0.0640957709370058,0.1331001463866081,0.0143096790548948,0,0.1115608024676457,0.1158575898701066,0.0630625699947908,0.0986025681002387,0.0509839371787856,0.0548528688062674,0,0,0.0438156621267894,0.0719319931569713,0.4348128430649989,0.052133997270047,0.0327300927614627,0.1659660354933834,0,0.0418658280499249,0.4485591665436095,0.0411734498177617,0.0945312061687146,0.1385083807290429,0.1053447718438269,0.0247656022519531,0.1317217161944409,0.1293313217730143,0.0483028151744627,0,0.0137843903646213,0.012023441814195,0.0372585018438586,0.0969966210215031,0.0617060216288585,0.1368492534249688,0.0382876864356567,0,0.0583800828891485,0.0566393331476516,0.0308176856598559,0.051070772547708,0.1455018248797966,0,0.0199473721268943,0,0,0,0.0169425112087391,0.0049877261605879,0.0163700408061202,0.0159718186217816,0.0024534196154309,0,0,0,0,0.1106667795129336,0,0,0.101894154557821,0.0316612935320359,0.093734324787816,0,0.363776797797525,0.0455425679454115,0.0381671595054653,0.0958177389337268,0.0964914452984726,0.0363389474906092,0,0.4270597468125993,0.0470426904336942,0.0433114618774677,0.1074917504578639,0,0.192069555864063,0.1932261815437003,0.0371478415050734,0.1284367889707105,0,0,0,0.9260282314889532,0,0.2207311688936532,0.0249606787848629,0.0551622630540545,0.0305739889160382,0.1621851826386448,0.0261741654772997,0,0.0733611531845205,0.1045629361694122,0,0.3092326989358711,0.0260793364264919,0.0270273876183533,0.0682925969963192,0,0,0.0228215663908134,0.1517928551248714,0.0534186779356441,0.0278974451349884,0.0318750653437321,0.0278381207259164,0.1609155060593201,0.0429328506165701,0.0849982735936239,0.0431448327591686,0.0335039945830462,0.1741712833192684,0,0.0315442574970903,0.0803007303764448,0.0362201998244626,0.0973885377437883,0.0765501614281526,0.1700083777323877,0.0335234364243776,0.0856269260793411,0.223585066801272,0.0621691037104085,0.0959874973716836,0.0638555078606428,0.1341226613395015,0,0.0574395077277911,0.1035627608650811,0.2685329183409784,0.6604305993793261,0.0341600903957699,0.0283987943998174,0.0165076359249517,0.0848903731951187,0.1594425043414042,0.0608177890860817,0.1046437730253415,0.0613092717595044,0.0936913623244189,0,0.4345481801396008,0.0526896114869786,0.1805370946794885
Plasma_shared_ID0002,0,0.0040591470361787,0.0020562233901685,0,0.0043037056866526,0.1439841980007681,0,0,0,0,0,0,0,0,0,0,0,0,0,0,0,0,0,0.0042752421020939,0,0,0,0,0,0,0,0,0,0,0,0,0,0,0,0,0,0,0,0,0,0,0,0,0,0,0,0,0,0,0,0,0.0079346703105125,0,0,0,0,0,0,0,0.0028242721184211,0.0093236230287541,0,0,0.0018852663622535,0.0016947095381881,0.0078823359294482,0,0,0,0,0,0,0,0,0,0,0,0,0,0,0,0,0,0,0,0,0,0,0,0.0039913375921837,0,0,0.0041569119895141,0,0,0,0,0,0,0,0,0,0,0,0,0,0,0,0,0,0,0,0,0,0,0,0,0,0.0040687714136914,0,0,0,0,0,0,0,0,0,0,0,0,0,0.060315008508798,0,0,0,0,0,0,0,0,0,0.019513615554211,0.0091236758545927,0,0.0102691815525899,0.0158911929310614,0,0,0,0,0,0.0150277195236407,0,0,0,0,0,0,0,0,1,0,0,0,0,0,0,0,0,0,0,0,0,0,0,0.0049247559437771,0,0,0,0,0,0,0,0,0,0,0.0011867530301943,0
Plasma_shared_ID0027,0.2141358556262675,0,0.1734379776848954,0,0.3375363769810431,0,0.2964954410628729,0,0,0,0,0,0.1897273972634708,0,0,0,0,0,0,0,0,0,0,0.1930646279221188,0,0,0,0,0,0,0,0,0,0,0.240714680781052,0,0,0,0,0,0,0,0,0,0,0.3570300047374673,0,0,0,0,0,0,0,0,0,0,0,0,0,0,0,0,0,0,0,0,0,0,0,0,0,0,0,0,0,0,0,0,0.2144835810585322,0,0,0,0,0,0,0,0.381359116357331,0,0,0.1849315867714977,0,0,0,0,0,0,0,0,0,0,0.2287683285141855,0,0,0,0,0,0.2245979570547422,0.2037250962079258,0.205818449984714,0,0.2624323510673303,0.252738046063118,0,0.1678697033131932,0.2587964032588174,0.3001150527772527,0,0.1723224558283683,0.294754480173816,0,1,0,0.2018277755607364,0.2644650279230523,0.1806818685691215,0.2136901136292033,0.1635126336350843,0,0.1936667296773154,0.3191629385366127,0,0,0.3062410880772184,0.214940991694263,0.1397832900426839,0.2256201298019365,0.1561100492649924,0,0.2223645796139547,0.1626024798190894,0.2877206247855887,0,0.2039934748972576,0,0.2275897960088588,0.1977810916711591,0.2279188516192569,0.2079818155935019,0.1919397711546584,0.199340021797017,0.366595954716347,0,0,0.2596132079654795,0.2309970384995064,0.2014847175839383,0,0.1891112931418743,0.2360285554925449,0.2522946377937871,0.1622174147430916,0.3891164273428876,0,0.195164982882107,0.2190670223267732,0.3411769922450227,0,0,0,0.1294635460059416,0,0,0.1898184126450703,0,0,0,0,0.2321078929005668,0.5248040252135945,0.2656738988889122,0.223867500274213,0.2325979757245641,0.2491744438143379,0.1500190198810265,0.221477763075293,0.3026051402687054,0,0,0,0,0.1933236717005174,0.1872256411333515,0.3133262854755787,0.1766865266896772
Plasma_shared_ID0034,0,0.1523293570010717,0,0,0.0674565425569021,0.1473097924316508,0.4395131371168737,0,0,0.1509325672393346,0.2093678456143021,0,0,0,0,0.0766648909521,0,0,0,0.1915108160042617,0.651969457709455,0.15760893691774,0.2962811463505895,0,0,0,0.1560646994286004,0,0,0.1128450752459047,1,0,0.1759463607364142,0.2479626846267511,0,0,0.7153767368708104,0.378805895372361,0.1055234235776843,0.5885605930886653,0,0,0,0,0,0,0,0.3071082488283455,0.2054168807036903,0,0.1718241662068834,0,0,0.2583743967326852,0.1466914632522212,0.1350208963553458,0.2232580557193863,0.1433921221691621,0.289509649106118,0,0.3507892417064617,0.2414147371625349,0.1524609501341298,0,0.097491486082837,0.3694326591959818,0.2653488327847643,0,0,0.1036113594997558,0.2760173893190769,0.2416002359163638,0.0562822244630048,0.1379730218222636,0.2597014262793072,0.0455232967409295,0.2427718904384112,0,0,0,0.0804636517570061,0.3307965982382375,0.2066091461983853,0,0,0,0,0.4107814412460442,0.3396260218286055,0,0.1926412485810138,0.0752237083261987,0.1405922008079501,0.1736109789894915,0,0,0.0706100213719931,0.0314317332876721,0.460989770615729,0.1079602747284108,0,0,0,0.2963255392147536,0.2940599176829461,0,0,0,0,0.1158162262260357,0.1933229961378208,0,0,0.1091033909806383,0,0,0.1285300254307693,0,0.1877342516314377,0.118343448564525,0,0,0,0.1124820050354191,0,0,0,0,0,0.0578565856813987,0.2116128561734619,0,0.3226505076641109,0.2474030174463956,0.0898654262032051,0,0.0656887552875072,0.2378220860841054,0,0,0,0.2035381112738849,0,0,0,0.2439213485283765,0.181370217461616,0.289083160518255,0.0768377060304535,0.2728337867747316,0,0,0,0,0.0511944851379032,0,0.1886110106986802,0.2069928273815186,0.0623037993949886,0.1542398356195658,0.4676423584026179,0,0,0,0.0727440497707425,0,0,0.961747620225389,0.0554641273948364,0.1951050525421256,0,0,0.1749047138879904,0.0675659392578781,0.1069027732856427,0,0.331319799851601,0.3726543127667535,0.2635477508672463,0,0.13857232548848,0.1454817577037473,0.1912951935211785,0,0.0981700627207752,0,0.1910050544446769,0,0,0,0.1634941623383624,0,0.065436667237432,0.1218726812655771
Plasma_shared_ID0040,0,0,0,0,0,0,0,0,0,0,0,0,0,0,0,0,0,0,0,0,0,0,0,0,0,0,0,0,0,0,0,0,0,0,0,0,0,0,0,0,0,0,0,0,0,0,0,0,0,0,0,0,0,0,0,0,0,0,0,0,0,0,0,0,0,0,0,0,0,0,0,0,0,0,0,0,0,0,0,0,0,0,0,0,0,0,0,0,0,0,0,0,0,0,0,0,0,0,0,0,0,0,0,0,0,0,0,0,0,0,0,0,0,0,0,0,0,0,0,0,0,0,0,0,0,0,0,0,0,0,0,0,0,0,0,0,0,0,0,0,0,0,0,0,0,0,0,0,0,0,0,0,0,0,0,0,0,0,0,0,0,0,0,0,0,0,0,0,0,0,0,0,0,0,0,0,0,0,0,0,0,0,0,0,0,0,0,0,0,0,0,0,0,0
Plasma_shared_ID0058,0,0,0,0,0.0477019894703965,0,0,0.3478544898271655,0.0389448097070107,0,0,0.0854986929025479,0,0.1064781780651429,0,0.131244615954889,0.6522393669844304,0.0728959847151355,0.1579467657734287,0.1168072898020164,0.0596794755959851,0.0427296139047396,0.0643610081261906,0,0,1,0.7237353020798444,0,0.3034361317966749,0,0.2057209006002086,0.0532006416639659,0.4454539265958315,0,0,0,0.1651099628666267,0,0.0495923561203348,0,0.0575829632020235,0,0.108812951063963,0,0,0,0.1683845478668608,0,0.0478117906319141,0.0571970194695213,0,0.0791167689555139,0.0705164318399395,0,0,0.1276313548694383,0,0,0,0.104337338116789,0,0.0644833612227529,0.0514918822904409,0.129837216102934,0,0,0.3216705879213294,0,0,0.0701586451509161,0,0.2482324953088556,0,0,0.2268313329770543,0.0931769716545644,0.8340877310149721,0.1310576938951685,0,0.6394501890592811,0.2074936635344123,0.332294161269523,0.5179732401791286,0,0.4929257972570742,0.2773096747827554,0.2350414293012824,0.1846783165209021,0.2623225512588233,0,0.3386481543340701,0.044819680710435,0.0398050130393119,0,0.1400801605019326,0.2773173642564765,0.0384299542091839,0,0,0.1702162257394277,0,0.3761826240962324,0,0.1782517257779881,0,0.1655809431320447,0,0,0,0,0,0,0,0,0,0.0452592245979931,0,0,0,0,0,0,0,0,0,0,0,0,0,0,0,0,0,0,0.0571837890515011,0,0,0,0,0,0,0,0.3229775722929264,0,0,0,0,0,0,0,0,0,0,0.0922103595756224,0,0,0.0375106097775276,0,0,0.0414188978767779,0,0,0,0,0,0,0,0,0,0.0307004499925253,0,0.0568449998857887,0,0,0,0,0,0.0286833201066846,0,0,0,0,0,0,0,0,0,0,0,0,0,0,0,0
Plasma_shared_ID0067,0,0,0,0,0,0,0,0,0,0,0,0,0,0,0,0,0,0,0,0.125636285057298,0,0,0,0,0,0,1,0,0,0,0,0,0,0.1780423817167624,0,0,0,0,0,0,0,0.1707029353406597,0,0,0,0,0,0,0,0,0,0,0,0,0,0,0,0,0.1822299438425069,0,0,0,0,0,0,0,0,0,0,0,0,0,0,0,0,0,0,0,0,0,0,0,0,0,0,0,0,0,0,0,0,0,0,0,0,0,0,0,0,0,0,0,0,0,0,0,0,0,0,0,0,0,0,0,0,0,0,0,0,0,0,0,0,0,0,0,0,0,0,0,0,0,0,0,0,0,0,0,0,0,0,0,0,0,0,0,0,0,0,0,0,0,0,0,0,0,0,0,0,0,0,0,0,0,0,0,0,0.0405995015742171,0,0,0.0364181760737312,0,0,0,0,0,0.055441342748072,0,0,0,0,0,0,0,0,0,0,0,0,0,0,0,0,0
Plasma_shared_ID0078,0,0,0.0098816862124779,0,0.0104738553757699,0,0.0808740421666041,0.0987481910896038,0.1752693554760575,0.2771967812231869,0.1415148503283209,0,0,0.154419361365192,0.1788834314420144,0.0803423520741048,0.2474664920438844,0.5265827011888387,0.2477504266330404,0.6607397929766693,0.0324688633742725,0.5291976584907702,0.1560036310919752,0,0.1754650746986003,0.3568441256343937,0.5575341197950231,0.302498363024288,0.5019971161375794,0.0423509810067976,0.4282968619604388,0.2178927230609822,0.6722547652564012,0.7841028454825909,0.0137727238156663,0.0845784354177759,0.1031955197610021,0.148967541345228,0.2492497316931004,0.0110213123660381,0.0987143145828799,0.0829519417080081,0.8771005183677412,0.0845788618213108,0.0185790491479085,0,0.0518265655090999,0.0312763932814514,0.1321711148155378,0.4221780665476158,0.0711342530175336,0.3255885759610332,0.0325551273176493,0.421287224282395,0.0224113785091023,0.1132599976441455,0,0.0562079170123607,0.132017032644055,0.6909667469604589,0.0883662482499207,0.0106648038952334,0.4357644269359474,0.2944824029707343,0.1806132000879474,0.1258865286918134,0.1931104556168424,0.0341161856425946,0.0962177168692266,0.1908891390088416,0.1067979373526622,0.1364201357441105,0.1205830419203786,0.0623274348029371,0.1355124530475153,0.1622832207695723,0.948601307863919,0.4338657673745883,0.0039745223988196,0.2887053875489676,0.2369262330964421,0.3203451920219778,0.3347761123341953,0.2385457187387001,0.3822784894962788,0.5094310253328999,0.5249424622357088,0.3110725605527759,0.3250488443995158,0,0.2208513866946455,0.0114494164986172,0.1054192944599691,0.0790820085715438,0.3034002265667592,1,0.0765720719520147,0.2515739018502437,0.517223294092018,0.3951551588905737,0.0045190647955136,0.3895088185944769,0.294726145264337,0.4460920409487655,0.3340320481987292,0.4219766686332899,0,0,0,0,0,0,0,0,0,0.007947725454937,0,0,0,0,0,0,0,0,0,0,0.007190086637523,0.0439050563467941,0,0.0224273611168947,0.0195601836157832,0.0904725211841916,0.0207543292236711,0.0413533422138641,0.1965593729524321,0.0349816895048149,0,0.0108460153645634,0.0094855824110688,0.001280650343849,0.068036065130722,0,0.0038423774350821,0,0,0,0,0,0,0,0,0,0,0,0,0.0105691139254781,0,0,0.0066875123816926,0,0,0,0.0133175907154834,0.0019023416812961,0,0,0.0049515784422954,0,0,0,0.0684910427190274,0.0059840970443879,0.0029809921293582,0.0431403743462851,0.0031281364645017,0,0.0209882792855064,0.0449557297064512,0.007311180224937,0.4847170627185472,0,0.0099056400581179,0,0,0.0411808394096714,0.0177700261962767,0.0019929248416564,0.0014942985809084,0,0.0128657634968244,0.2791837163493053,0.3559553602052139,0.0143534954632946,0.0533607704443677
Plasma_shared_ID0079,0,0,0,0.0669959207698461,0,0,0.0790248742716355,0.1149617726132787,0,0,0.1859072732513741,0.2814301463708508,0,0.111614634405642,0.0624292055419446,0.1102282406845189,0.177828331785453,0,0.1192428250451507,0,0,0,0,0,0.0753609571994155,0,0.6615526831774865,0,0.1022253607195072,0.3096070429492501,0.1021773901138199,0,0.8841436404157971,0.1182713122380794,0,0.0780658943255095,0.1324299877653347,0,0.1501341664372577,0.0456762277990092,0.0483673355613014,0.1504423019494649,0,0.1548482508231712,0.1177799376554993,0,0.1111509185506653,0.3596987273095793,0.1756553929981066,0,0.0366810909812236,0,0.1085514303235595,0.1539406988236829,0.0585747025498321,0.1232304356638548,0,0.0840414759907118,0.1354504072531555,0.1245649692707214,0,0.0835565839224138,0.0681783313748937,0,0.0637581209697668,0.1688146117600588,0.7324195293089597,0,0.1445220377394694,0.3538735399757208,0.308216327551939,0.2330204583829065,0.0504214282534766,0,0.336913986110997,0.2670527940284807,0,0,0,1,0.0728764255589115,0.0781786900740173,0.5515569486718841,0,0,0,0,0,0,0,0,0.0595336824959581,0,0,0.4674281748221738,0,0.1115169645237923,0.1955385608040392,0.4267923179612752,0,0,0,0.4807769682317905,0.3542637873355008,0,0,0,0,0,0,0,0,0,0,0,0.0962579902390621,0,0,0,0,0.0294072777891341,0,0,0,0,0.0431139059871205,0,0,0,0,0,0,0.1165413452600071,0,0,0,0,0.0396436000081247,0,0,0.2092196911125161,0,0,0,0.1017227497788382,0,0,0.0715894303901133,0,0,0,0,0,0.0718046498642777,0,0,0.0630121996597112,0.0474636730703823,0,0,0,0,0.0305533863142022,0,0,0,0,0,0,0,0,0,0,0,0,0,0.0596412922330403,0.0964740740484641,0.0469632229678074,0.1817584641108562,0.0411557545063198,0.067664051908517,0,0,0.1676010850864573,0.1763546402053314,0,0,0,0,0.1089390846776267,0,0,0.0242415782415704
Plasma_shared_ID0093,0,0,0,0,0,0,0,0,0,0,0,0,0,0,0,0,0,0,0,0,0,0,0,0,0,0,0,0,0,0,0,0,0,0,0,0,0,0.6275176529926025,0,0,0.9779421654337592,0,0,0,0,0,0,0,0.638021183591123,0,0,0,0,0,0,0,0,0,0,0,0,0,0,0,1,0,0,0,0,0,0,0,0.5900568818650527,0,0,0,0,0,0,0,0,0,0,0,0,0,0,0,0,0,0,0.6442907980273481,0,0,0,0,0,0,0,0,0,0,0,0,0,0,0,0,0,0,0,0,0,0,0,0,0,0,0,0,0,0,0,0,0,0,0,0,0,0,0,0,0,0,0,0,0.1359980945976238,0,0,0,0,0,0,0,0,0,0,0,0,0,0,0,0,0,0,0,0,0,0,0,0,0,0,0,0,0,0,0,0,0,0,0,0,0,0,0,0,0,0,0,0,0,0,0,0,0,0,0,0,0,0,0,0,0
Plasma_shared_ID0109,0,0,0,0,0,0,0,0,0,0,0,0,0,0,0,0,0,0,0,0,0,0,0,0,0,0,0,0,0,0,0,0,0,0,0,0,0,0,0,0,0,0,0,0,0,0,0,0,0,0,0,0,0,0,0,0,0,0,0,0,0,0,0,0,0,0,0,0,0,0,0,0,0,0,0,0,0,0,0,0,0,0,0,0,0,0,0,0,0,0,0,0,0,0,0,0,0,0,0,0,0,0,0,0,0,0,0,0,0,0,0,0,0,0,0,0,0,0,0,0,0,0,0,0,0,0,0,0,0,0,0,0,0,0,0,0,0,0,0,0,0,0,0,0,0,0,0,0,0,0,0,0,0,0,0,0,0,0,0,0,0,0,0,0,0,0,0,0,0,0,0,0,0,0,0,0,0,0,0,0,0,0,0,0,0,0,0,0,1,0,0,0,0,0
Plasma_shared_ID0116,0,0,0,0,0,0,0,0,0,0,0,0,0,0,0,0,0,0,0,0,0,0,0,0,0,0,0,0,0,0,0,0,0,0,0,0.6381201469889719,0,0,0,0,0,0,0,0,0,0,0,0,0,0,0,0,0,0,0,0,0,0,0,0,0,0,0,0,0,0,0,0,0,0,0,0,0,0,0,0,0,0,0,0,0,0,0,0,0,0,0,0,0,0,0,0,0,0,0,0,0,0,0,0,0,0,0,0,0,0,0,0,0,0,0,0,0,0,0.3553074824064376,0,0,0,0,0,0,0,0,0,0,0,0,0,0,0,0,0,0,0,0,0,0,0,0,0,0,0,0,0,0,0,0,0,0,0,0,0,0,0,0,0,0,0,0,0,0,0,0,0,1,0,0,0,0,0,0,0,0,0,0,0,0,0,0,0,0,0,0,0,0,0,0,0,0,0.9134581560396448,0,0,0,0
Plasma_shared_ID0126,0,0,0.2212935902827953,0,0,0.2160525114401463,0,0.4690897369994524,0,0.2124086795333115,0.3795935827339164,0,0,0,0,0,0,0.5745272065193557,0.3442168996634158,0.4234441820310319,0.2393533845938164,0,0,0,0,0.8456398034415699,0.510379708613271,0,0.5481612488481968,0.4297936280271903,0,0.6768085256799683,1,0.6612961784698782,0,0.392226571814403,0,0,0,0,0.2289634909850808,0.57344879523486,0,0,0,0,0,0.4296977692463463,0.2348504183636666,0.4486023190635556,0,0.3297050784783856,0,0.3955732415006213,0.2347797225127941,0.7545691687006701,0,0,0,0,0.2347030354881189,0.457040288247354,0.2831452703876649,0,0.5341215321588236,0,0,0,0.8261924532778311,0,0.8414411888406,0.3106136040385304,0,0,0.5786730987908613,0.4538745520099789,0,0.6623733915196133,0,0.5161659842719706,0.2893353511606701,0.6823515596822761,0.9276002592980022,0.6344209710254852,0,0,0.9393729158204134,0.9722452882413628,0.6707250878006521,0,0.9923133240110668,0,0,0.6311977195196037,0.8900847271799185,0.8185141649322218,0.2138753188802256,0.6043776308741962,0.9543544450315796,0.923925273287393,0,0.6875387179607003,0.7874235676002114,0.8939178801789204,0.3329918364265763,0.9664805808083532,0,0,0,0,0,0,0,0,0,0,0,0,0,0,0,0,0,0,0,0,0,0.2607718309386612,0,0,0,0.4377618891848528,0,0.2303881921153756,0,0,0,0,0.4227288358789831,0,0.4835536287940606,0,0.4886724876911334,0,0,0,0,0,0,0,0,0,0,0,0,0,0.245624945330539,0,0.3086257325707767,0,0,0,0.2689665584660677,0,0,0,0,0,0,0,0.3744531556111536,0.3145713734526296,0,0,0,0,0,0.4902397787579338,0,0,0,0,0,0,0.5416380588117585,0.2408068433583644,0,0,0,0,0.1799029669490906,0.3629668771965141,0.4048703450077346,0.2839037529910935
Plasma_shared_ID0130,0,0,0,0.1425843872431189,0.129654338055485,0,0.1501516522780183,0.3819962735145998,0.0963207123627989,0.2926190044177325,0,0.1827512732706624,0,0.4237816426466049,0.2197491666388011,0.21178420152184,0.3875040496338473,0.3235886306563997,0.2754970702851984,0.0453616549147343,0.2584611994371351,0.2129657901185097,0.1376513713389528,0,0.1166787904435767,0.2468067506505452,0.437268636401261,0.2825794756059924,0.2911178305035689,0.3282993620901647,0.2069808287181668,0,0.1573401292264884,0.4244693266616929,0,0.1414918768867456,0.0983234652915544,0.1964062822908621,0.1920874951144011,0,0.2140544632583778,0.2562731637685632,0.1466745859506347,0.1331815622843278,0.0453783742152207,0,0.0399018440018002,0.4502902306112302,0.2758339230769652,0.3514950617764448,0.2179067545425791,0.1603849605232647,0.2085867038255404,0.1677781803809698,0.0688895479155965,0.1364541597893697,0,0.1567322044973274,0.3323931239272924,0.334886492394911,0,0.256973181693846,0.2092494459333453,0.1615692899888665,0.1185217507135852,0.2774392500105523,0.1068048101153412,0,0.3874089414819001,0.1338588309974734,0.1946373254820229,0.2480108143724588,0.1990342274230514,0.0834427396848768,0.3207022215839043,0.0495280497785651,0.5589744545533781,0.2447105340912018,0,0.966103673915534,0.3439214927430013,0.5647500135673013,0.527398274020016,1,0.6924577865071407,0.7483101172598546,0.571562443298274,0.339527331670905,0.6089004785008982,0,0.2538357090271614,0.1201169364321232,0.3250155270225009,0.4655952427286117,0.361020403576505,0.4591341923947465,0.1399890584512226,0.5549738822599452,0.3143779406097556,0.498100303743095,0,0.6941626069829666,0.0915315920775731,0.5857535662816111,0.8400206880787002,0.5796014118764043,0,0,0,0,0,0,0,0,0,0,0,0,0,0,0,0,0,0,0,0,0.1082909092503778,0,0,0.1508725008071859,0,0,0.2122479565451676,0.2447702850339237,0.3195513307192753,0,0,0.1933885855965144,0.2023276555319779,0,0.2453444970752187,0.138683856665711,0.4105805215215769,0.1807882629414238,0.1224390005914795,0,0.0892925762468623,0,0.1897051318385365,0,0,0,0,0.0773856934316172,0.244143996482917,0.1388494051492156,0.2054525202015744,0.1908568449638452,0,0.1057440938385814,0.2325084596919592,0,0.0755898761072425,0.127595945487406,0,0.1342151439586589,0.1093242168378156,0.1757768581857969,0.0389291096177639,0.1276088275713873,0.1928579533712413,0.0256512441626343,0,0.2608654896644573,0.0241525370305097,0,0.2311276099239189,0.2742039283229884,0,0,0.200914737597431,0.121026630830719,0.1934436770620516,0,0.2037002826932216,0.0334542239257027,0,0,0.055046241199755,0.3677952834031067,0.0113318485132704,0.248203223371499,0.0183268201151274,0.0292694652400261
Plasma_shared_ID0147,0,0,0,0,0,0,0,0,0,0,0.8336896578761663,0,0,0,0,0,0,0,0,0,0,0,0,0,0,0,0,0,0,0,0,0,0,0,0,0,0,0,0,0,0,0,0,0,0,0,0,0,0,0,0,0,0,0,0,0,0,0,0,0,0,0,0,0,0,0,0,0,0,0,0,0,0,0,0,0,0,0,0,0,0,0,0,0,0,0,0,0,0,0,0,0,0,0,0,0,0,0,0,0,0,0,0,0,1,0,0,0,0,0,0,0,0,0,0,0,0,0,0,0,0,0,0,0,0,0,0,0,0,0,0,0,0,0,0,0,0,0,0,0,0,0,0,0,0,0,0,0,0,0,0,0,0,0,0,0,0,0,0,0,0,0,0,0,0,0,0,0,0,0,0,0,0,0,0,0,0,0,0,0,0,0,0,0,0,0,0,0,0,0,0,0,0,0
Plasma_shared_ID0238,0,0,0,0,0,0,0,0,0,0,0,0,0,0,0,0,0,0,0,0,0,0,0,0,0,0,0,0,0,0,0,0,0,0,0,0,0,0,0,0,0,0,0,0,0,0,0,0,0,0,0,0,0,0,0,0,0,0,0,0,0,0,0,0,0,0.1585932471126596,0,0,0,0,0,0,0.0832578990374843,0,0,0,0,0,0,0,0,0,0,0,0,0,0,0,0,0,1,0,0,0,0,0,0,0,0,0,0,0,0,0,0,0,0,0,0,0,0,0,0,0,0,0,0,0,0,0,0,0,0,0,0,0,0,0,0,0,0,0,0,0,0,0,0,0,0,0,0,0,0,0,0,0,0,0,0,0,0,0,0,0,0,0,0,0,0.0567030387671872,0,0,0,0,0,0,0,0,0,0,0,0,0,0,0,0,0,0,0,0,0,0,0,0,0,0,0,0,0,0,0,0,0,0,0
Plasma_shared_ID0263,0,0.0017266800286457,0.0109014397455462,0.0042909389428362,0.0233416934181152,0.0038238937551057,0.0098076697950878,0.2400261886158617,0.083239240303394,0.0358983857766462,0.0097173656585722,0.1507267275522413,0.0004877216737724,0.0487827602809149,0.1471526999729628,0.0324133914792818,0.0394614996777759,0.2113080946082345,0.2712723258545246,0.3266718873406348,0.1121988554531641,0.2821168562902533,0.3476954538137058,0,0.008806304931527,0.2672236402032066,0.7860857327623241,0.1597320057076896,0.202482215087719,0.1954532456167123,0.4443146651860827,0.2061085240091908,1,0.3614173900628984,0.0188199094912534,0.0672805607768607,0.3019225155394909,0.0664970213714745,0.0317374755834304,0.031797440821076,0.0230911710013762,0.1650724550693396,0.3396606188418402,0.0136700956658206,0.0532912724699336,0.0036394851615702,0.1499779713638406,0.1366697019604521,0.1155696736265161,0.2190768067497453,0.0732391033743202,0.1531008431108984,0.1315467548338411,0.3226852433907431,0.0801044435815583,0.2334202986401552,0,0.1098994803473085,0.5016005128160324,0.3819347597216018,0.0805520390619665,0.0256082295431195,0.1428807381460461,0.1934786877242556,0.1421860263351241,0.1515792089832681,0.0481675662586859,0.0098702942776223,0.2883829750852163,0.0297836235609371,0.2837863454131679,0.3584820881295892,0.0043358718560134,0.0229655547372895,0.0582803195152765,0.2479297484701065,0.2136756820390153,0.6954683734389253,0.014483440162171,0.8831709510905411,0.3975934122697774,0.1613751080691657,0.0743108255890702,0.1083834903812516,0.7170370924601915,0.800479395249905,0.1262924419891849,0.5628722575545376,0.0684622327282583,0,0.6350588460040786,0.0330892314666694,0.3902824208182654,0.3235537513022464,0.2822520443667438,0.0380032148360751,0.2552957809037656,0.6389913476300868,0.0864439364769767,0.7408853279537512,0.000599716041619,0.537566040853132,0.675574743626265,0.4804341747660834,0.1405997916562435,0.1000741018422425,0,0,0,0.0007650716107713,0,0.0133504671632131,0.0022792789522618,0.0022360503065271,0.0006487700497759,0.0670758429963011,0.0031547533018026,0.0002462641967926,0.0124123658824777,0.0009644439662918,0,0.0008978036811628,0,0,0,0.0125938654677922,0.0353236632088582,0.0286386545760579,0,0.0311897960179928,0.0519040967180784,0.0848934253005671,0.1006457660335424,0.1014543576806025,0.0186393379481239,0.0444123133440262,0.0092417868903281,0.0371192313926219,0.0014615366623383,0.0003974395751978,0.0376410677991674,0.0284139753182112,0.0258375955364334,0.0129795882043223,0,0,0,0,0,0,0,0,0.0374376869870326,0,0,0.0047625655736487,0.0151302635271526,0.007249985533316,0.0286274127774532,0.0157441964894206,0,0,0.0512178621684871,0,0.0025899576021356,0,0.0139191317458676,0,0,0,0.0479185007947175,0.0242671767532592,0.0010790192219035,0.0360623970313933,0.0230688637076953,0.0167831727724039,0.0078516654003502,0.1851011358335237,0.0838063401922327,0.1114461740625931,0.0164901097834236,0.0260638223474752,0.0100273390943319,0,0.0516801936854893,0.0389239428732687,0.0175687029384665,0.0012356649070137,0.0737845252751285,0,0.12183869898104,0.0714968914945418,0.0612255213814455,0.0215617280966274
Plasma_shared_ID0296,0,0,0,0,0,0,0,0,0,0,0,0,0,0,0,0,0,0,0.8079799926578561,0,0,0,0,0,0,0,0,0,0,0,0,0,0,0,0,0,0,0,0,0,0,0,0,0,0,0,0,0,0,0,0.7898999632892805,0,0,0,0,0,0,0,0,0,0,0,0,0,0,0,0,0,0,0,0,0,0,1,0,0,0,0,0,0,0,0,0,0,0,0,0,0,0,0,0,0,0,0,0,0,0,0,0,0,0,0,0,0,0,0,0,0,0,0,0,0,0,0,0,0,0,0,0,0,0,0,0,0,0,0,0,0,0,0,0,0,0,0,0,0,0,0,0,0,0,0,0,0,0,0,0,0,0,0,0,0,0,0,0,0,0,0,0,0,0,0,0,0,0,0,0,0,0,0,0,0,0,0,0,0,0,0,0,0,0,0,0,0,0,0,0,0,0,0,0,0,0,0
Plasma_shared_ID0390,0,0,0,0,0,0,0,0,0,0,0,0,0,0,0,0,0,0,0,0,0,0,0,0,0,0,0,0,0,0,0,0,0,0,0,0,0,0.1497160148222463,0,0,0,0,0,0,0,0,0,0,0,0,0,0,0,0,0,0,0,0,0,0,0,0,0,0,0,0,0,0,0,0,0,0,0,0,0,0,0,0,0,0,0,0,0,0,0,0,0,0,0,0,0,0,0,0,0,0,0,0,0,0,0,0,0,0,0,0,0,0,0,0,0,0,0,0,0,0,0,0,0,0,0,0,0,0,0,0,0,0,0,0,0,0,0,0,0,0,0,0,0,0,0,0,0,0,0,0,0,0,0,0,0,0,0,0,0,0,0,0,0,0,0,0,0,0,0,1,0,0,0,0,0,0,0,0,0,0,0,0,0,0,0,0,0,0,0,0,0,0,0,0,0,0,0,0
Plasma_shared_ID0403,0,0,0,0,0,0,0,0,0,0,0,0,0,0,0,0,0,0,0,0,0,0,0,0,0,0,0,0,0,0,0,0,0,0,0,0,0,0,0,0,0,0,0,0,0,0,0,0,0,0,0,0,0,0,0,0,0,0,0,0,0,0,0,0,0,0,0,0,0,0,0,0,0,0,0,0,0,0,0,0,0,0,1,0,0,0,0,0,0,0,0,0,0,0,0,0,0,0,0,0,0,0,0,0,0,0,0,0,0,0,0,0,0,0,0,0,0,0,0,0,0,0,0,0,0,0,0,0,0,0,0,0,0,0,0,0,0.156589505949713,0,0,0,0,0,0,0,0,0,0,0,0,0,0,0,0,0,0,0,0,0,0,0,0,0,0,0,0,0,0,0,0,0,0,0,0,0.2477336147940372,0,0,0,0,0,0,0,0,0,0,0,0,0,0,0,0,0,0,0,0
Plasma_shared_ID0449,0,0,0,0,0,0,0,0,0,0.2410228725107618,0,0,0,0,0,0,0,0,0,0,0,0,0,0,0.1642280846433095,1,0,0,0,0,0,0,0,0,0,0,0,0,0,0,0,0.5342152470180151,0.2644139893274841,0,0,0,0,0.4318585650765582,0,0,0,0,0,0,0,0,0,0,0,0,0,0,0,0,0.2711912919525376,0,0,0,0.9770027970720012,0,0,0.3673119486268275,0,0,0,0,0,0,0,0,0,0,0,0,0,0,0,0,0,0,0,0,0,0,0,0.5911953161088109,0,0,0,0,0,0,0.2985300493951013,0,0,0,0,0,0,0,0,0,0,0,0,0,0,0,0,0,0,0,0,0,0,0,0,0,0,0,0,0,0,0,0,0,0,0,0,0,0,0,0.5778730917139222,0,0,0,0,0,0,0,0,0,0,0,0,0,0,0,0,0,0,0,0,0,0,0,0,0,0,0,0,0,0,0,0,0,0,0,0,0,0,0,0,0,0,0,0,0,0,0,0,0,0,0
Plasma_shared_ID0518,0,0,0,0,0,0,0,0.0553350152508622,0.0632466009761409,0.2944938278485245,0.2209274410489335,0,0,0,0,0.1382426891246241,0,0.0841809011619806,0.1363039112084727,0,0.1451061129914196,0.7106644574529881,0.740997918680645,0,0.3538907382360443,0,0,0.3104895494618793,0.1284577016318315,0,0,0.479586565522977,0.1759207855426542,0.2934424507696166,0,0.2701835462166501,0.6679073845039236,0.1573496723690387,0.9495424741335516,0.1488443426053145,0.2146406133783178,1,0,0.1544527587662985,0.1935048260458576,0,0.2663745817534097,0.3796296494766693,0.3851405372847677,0.5883746203360548,0.1920215376898855,0.1069950335561838,0.1849555549363279,0.7265240680683599,0.1271158829745504,0.2438991192439516,0,0.1827702767876089,0.8400567164882934,0,0,0,0.1107268327292291,0.1263570909542988,0,0,0,0,0.4285728065230392,0.3297369306648433,0.7541599593596139,0.4043461206222095,0.0901901481359223,0,0.1910473259011727,0.2924468041780718,0,0,0,0,0,0,0,0,0,0,0,0,0,0,0,0,0.4494310131588254,0.3553890309539987,0.2938668598656895,0.5064122212671827,0,0.0948972308378221,0,0,0,0,0,0,0,0,0,0,0,0,0,0,0,0,0,0,0,0,0,0,0,0,0,0,0,0.2083677183295429,0.1504841050219599,0,0,0,0.1326653534277465,0,0.1880914665906445,0,0,0.130833749525755,0,0,0,0,0,0,0.4309049130711571,0,0,0,0,0,0,0,0,0,0,0,0,0,0,0.2021451950674231,0,0,0,0,0,0,0,0,0,0,0,0.0670823589429212,0,0,0,0,0,0,0,0,0,0,0,0,0,0,0,0,0,0,0,0,0,0,0,0
Plasma_shared_ID0755,0,0,0,0,0,0,0,0,0,0.6250327623864812,0,0,0,0,0,0,0,0,0.3020255201747327,0,0,0,0,0,0,0,0,0,0,0,0,0,0,0,0,0,0,0.3599540177031842,0,0,0,0.318514771812852,0,0,0,0,0,0,0,0,0.3572042763536038,0,0,0,0,0,0,0,0,0,0,0,0.4278560754109667,0,0,0.4915047706632946,0.4352822163467065,0,0,0,0,0,0,0,0,0,0,0,0,0,0,0,0,0,0,0,0,0,0,0,0,0,0,0,0.2603931486377744,0,0,0,0,0,0,0,0,0,0,0,0,0,0,0,0,0,0,0,0,0,0,0,0,0,0,0,0,0,0,0,0,0,0,0,0,0,0,0,0,0,0,0,0,0,0,0,0,0,0,0,0,0,0,0,0,0,0,0,0,0,0,0,0,0,0,0,0,0,0,0,0,0,0,0,0,0,0,0,0,0,0,0,0,0,1,0,0,0,0,0,0,0,0,0,0,0,0,0
Plasma_shared_ID0775,0,0,0,0,0,0,0,0,0,0,0,0,0,0,0,0,0,0,0,0,0,0,0,0,0,0,0,0,0,0,0,0,0,0,0,0,0,0,0,0,0,0,0,0,0,0,0,0,0,0,0,0,0,0,0,0,0,0,0,0,0,0,0,0,0,0,0,0,0,0,0,0,0,0,0,0,0,0,0,0,0,0,1,0,0,0,0,0,0,0,0,0,0,0,0,0,0,0,0,0,0,0,0,0,0,0,0,0,0,0,0,0,0,0,0,0,0,0,0,0,0,0,0,0,0,0,0,0,0,0,0,0,0,0,0,0,0,0,0,0,0,0,0,0,0,0,0,0,0,0,0,0,0,0,0,0,0,0,0,0,0,0,0,0,0,0,0,0,0,0,0,0,0,0,0,0,0,0,0,0,0,0,0,0,0,0,0,0,0,0,0,0,0,0
Plasma_shared_ID0790,0,0,0,0,0,0.168684514674397,0,0,0,0,0.6919460812486448,0.1750675247520583,0,0,0,0,0,0,0,0,0,0,0,0,0.7423912288347007,0,0,0,0,0,0,0,0,0,0,0,0.7909080000252626,0,0,0,0,0,0.1033112917385071,0,0,0,0,0,0,0,0.3387879438581422,0,0,0,0,0,0,0,0,0,0,0,0,0,0,0,0.4739974442697116,0,0,0,0,0,0,0,0,0,0,0,0,0,0,0,0,0,0,0,0,0,0,1,0,0,0,0,0,0,0,0,0,0,0,0,0,0,0,0,0,0,0,0,0,0.4446360189553505,0,0,0,0,0,0,0,0,0,0,0,0,0,0,0,0,0,0,0,0,0,0,0,0,0,0,0,0,0,0,0,0,0,0,0,0,0,0,0,0,0,0,0,0,0,0,0,0,0,0,0,0,0,0,0,0,0,0,0,0,0,0.2258221388557317,0,0,0,0,0,0,0,0,0,0.2575392990899158,0,0,0,0,0,0,0,0,0,0
Plasma_shared_ID0791,0,0,0,0,0.2050606205752794,0,0,0,0,0.6364482074084739,0.487957561444262,0,0,0,0,0,0,0,0.462947940229414,0.3367757440175424,0,0,0.2531196270014203,0.2780323438940587,0,0,0,0.3707337872147206,0.3980718808575202,0,0,0,0.4312270025278185,0,0,0,0,0.3429056345710322,0,0.4243495643458543,0,0.2901564589499447,0,0,0.2194301472115089,0,0,0,0,0,0,0,0,0,0,0,0,0.2638261702581254,0,0,0,0,0,0,0,0,0.2788075784717357,0,0,0,1,0,0,0.2117276379433026,0,0,0,0,0,0,0,0,0,0,0,0,0,0,0,0,0,0,0,0,0,0.6197114466154089,0,0,0,0,0,0,0,0,0,0,0,0.1674534374731782,0.3706064272483879,0,0,0,0.2110160833487918,0,0.1317871095101901,0,0,0.2745797813284752,0,0.1868010775760629,0,0.1793006830370368,0.3578122880217951,0,0,0,0,0,0.1624171814131972,0.3897796395712953,0,0,0,0,0,0,0,0,0,0,0,0,0,0,0,0,0,0,0,0,0,0,0,0,0,0,0,0,0,0,0,0,0,0,0.1961897220507169,0,0,0,0,0,0,0,0,0,0,0,0.5270459963287105,0.210274073110158,0,0,0,0,0,0,0.3429471649948364,0.3097422068159731,0,0,0,0.4239065731586102,0,0,0,0
Plasma_shared_ID0792,0,0,0,0.142822464435557,0.1372013628373737,0,0.1217532327790278,0.2875008392915862,0.1643892453606543,0,0,0.2541426571885539,0,0.7267851947242562,0.1546362467224587,0.7960306242435615,0,0.5589664748203916,0.5927257952610584,0.3174863604357085,0.3451700706037907,0,1,0.1745726499405179,0.3191666652319802,0.125418569778272,0.591909745595656,0.3351123445588941,0,0.2082631054305178,0.3649945682770161,0.2571210663048961,0.2457428548309623,0.2382933887925736,0,0.2877883504606204,0.348766542652368,0,0.1796617697947996,0.4790779671755212,0,0.2625613974075789,0,0.2976377600297497,0.1430944809906912,0,0,0.1752268669718531,0.1189091103164861,0.1001761221113305,0.2652402439885202,0.122717342088364,0.1735637784132482,0,0.1566608762720647,0.1536222103238891,0,0.1929768080062391,0.6543237720088079,0,0.1119416989327654,0.0971650021434216,0.2397843149745113,0.2361361942129338,0,0.2208361237985218,0.274855512725382,0,0.1784755710195628,0.1394274223676803,0.2090653821057869,0.1951615485661456,0,0.2783710684569258,0.2573035584241633,0,0,0,0.1446026234102956,0,0,0,0,0,0,0,0,0,0,0,0,0.2127410488476311,0.1910744137440668,0.2718409495099398,0.2923162209669672,0.4675207068298536,0,0.2720320497480403,0,0,0,0,0,0,0,0,0,0,0,0,0.0906073372161688,0,0,0.1019545594623024,0,0.179785727,0,0,0,0,0,0.2163254695298417,0.1257043593235396,0.1588766060597713,0,0.2026695498126012,0.1933831112151737,0.2153303709927054,0,0,0.2505203607834765,0,0,0.2504842066843764,0.1057851723431471,0.0982427386213581,0.2754821837764506,0.0724820822006483,0,0,0.1408598133415512,0,0,0,0,0.1831962633877768,0,0,0.0717831029513796,0,0,0,0,0,0,0,0,0.3159041881941372,0.2904362078137616,0,0,0,0,0,0.1783963763262959,0.3016543082773949,0,0,0.1392707546049131,0,0.1349512005743336,0,0,0.1856702367404841,0,0,0.2956871603021105,0.2090102901452534,0.1078407911205532,0.257084912205796,0,0,0,0,0.283830337421042,0.1899811826522302,0,0,0,0.254609217229322,0,0.0942554579777462,0,0
Plasma_shared_ID0793,0,0,0,0,0,0,0,0,0,0,0,0,0,1,0,0,0,0,0,0,0,0,0,0,0,0,0,0,0,0,0,0,0,0,0,0,0,0,0,0,0,0,0,0,0,0,0,0,0,0,0,0,0,0,0,0,0,0,0,0,0,0,0,0,0,0,0,0,0,0,0,0,0,0,0,0,0,0,0,0,0,0,0,0,0,0,0,0,0,0,0,0,0,0,0,0,0,0,0,0,0,0,0,0,0,0,0,0,0,0,0,0,0,0,0,0,0,0,0,0,0,0,0,0,0,0,0,0,0,0,0,0,0,0,0,0,0,0,0,0,0,0,0,0,0,0,0,0,0,0,0,0,0,0,0,0,0,0,0,0,0,0,0,0,0,0,0,0,0,0,0,0,0,0,0,0,0,0,0,0,0,0,0,0,0,0,0,0,0,0,0,0,0,0
Plasma_shared_ID0794,0,0,0,1,0,0,0,0,0,0,0,0,0,0,0,0,0,0,0,0,0,0,0,0,0,0,0,0,0,0,0,0,0,0,0,0,0,0,0,0,0,0,0,0,0,0,0,0,0,0,0,0,0,0,0,0,0,0,0,0,0,0,0,0,0,0,0,0,0,0,0,0,0,0,0,0,0,0,0,0,0,0,0,0,0,0,0,0,0,0,0,0,0,0,0,0,0,0,0,0,0,0,0,0,0,0,0,0,0,0,0,0,0,0,0.2677842578616914,0,0,0,0,0,0,0,0,0,0,0,0,0,0,0,0,0,0,0,0,0,0,0,0.3842962658640492,0,0,0,0,0,0,0,0,0,0,0,0,0,0,0,0,0,0,0,0,0,0,0,0,0,0,0,0,0,0.7743665544312164,0,0,0,0,0,0,0,0,0,0,0.5234667357346361,0,0,0,0,0.3218135700697527,0,0,0,0,0.6362633633124045,0,0,0.3184375753570248,0
Plasma_shared_ID0799,0,0,1,0.0115319266007445,0.0112658268742386,0.0030944003584671,0.4810670783487276,0,0,0,0,0,0,0,0,0,0,0,0,0,0,0,0,0,0,0,0,0,0,0,0,0,0,0,0,0,0,0,0,0,0,0,0,0,0,0,0,0,0,0,0,0,0.1126933797971422,0,0,0,0,0.0010259763017099,0,0,0.0621572134960853,0,0,0,0,0,0,0,0,0,0,0,0,0,0,0,0.0024339134172176,0.005066163843283,0,0,0.0025280714500795,0,0,0.0127996352333555,0,0.0016644689447574,0,0,0,0,0,0,0,0,0,0,0,0,0.0098435001590244,0,0,0,0.0147023631573607,0,0,0.0074972187568108,0,0,0,0,0.0045337486541436,0,0.0197579127831691,0,0,0.0053782261517599,0.0048057595505439,0,0.0134317960210599,0.0061928134089064,0,0,0,0.0207674715655738,0,0.0089244534689263,0,0,0,0,0.0057813398928622,0,0.2863336718412954,0,0,0.0056291596285002,0,0,0.4526133060973663,0,0,0.0126535171541772,0,0,0,0,0,0.0040265638051193,0,0,0,0,0,0,0,0,0.0073520714902064,0,0.0085324393515856,0,0,0,0.0091484954373696,0.0114441112100321,0.0112084410643147,0.0063440660079199,0.0060883755495675,0,0.0053470199209122,0.0107758038341595,0.5086682829976902,0,0,0,0.0123968235228318,0.0042452555175997,0.1326769417829048,0,0.0049447259770945,0,0.010987624350978,0.004450711818656,0.0071981114027923,0,0.4472507100280462,0,0.0103877592615654,0,0.0116163010002228,0.3612722800811535,0.0152277669223553,0.0094067531556397,0.0121184484106692,0.0049779277671219
Plasma_shared_ID0810,0.3088775868861662,0,0.4376266769893362,0,0.2604958918990112,0,0.3304482576924796,0,0.6187753337449119,0,0,0.4362292905630177,0.431050471206884,0,0,0.792936970211276,0.4030507296850243,0.2790950338256378,0,0.5174400014669428,0.507059000985514,0.3709089024120718,0.324510577547894,0,0.5107745801735806,0,0.5135163702969122,0.4254295413890767,0.3822102684408329,0,0,0,0,0.6452859167585784,0.2638314235895155,0,0.3987985350672056,0,0,0.4076720402555901,0.1107367252917774,0.3824279296033198,0.2936428923492322,0,0.3270794024218132,0,0.3546554584244699,0,0,0,0.2292006422458894,0.4018690649535643,0,0.3498903627765383,0,0,0,0.3877042512865943,0,0,0,0.4701697095885252,0,0.3254657653549195,0.5297929115808169,0.3642762757531548,0,0.4464260416197411,0,0.3176644331346054,0,0.398232563150168,0.3419628770027538,0.2716207663735808,0,0.2742148924842896,0,0.3364321324296707,0,0,0,0.6861188511052189,0.4432059082531312,0,0,0,0.304240848732192,0.1769711316414534,0,0.4018890767331854,0,0,0.2632779700544435,0.2807155471868507,0,0.4013087351241731,0.543132040983772,0,0,0,0.4768567294986591,0,0.1410185149514,0.3456917679913612,0,0.1505848508712485,0.3936445761597641,0.3489776669421005,0.3939175121496627,0.5403756166956073,0.3625312838332414,0,0,0.5430556083276861,0.4093083338306892,0.4761419475199454,0.4688488439759121,0,0.2861697709462283,0.2752302919454173,0,0,0,0,0,0,0.267614178883623,0.4056188492979876,0,0,0.3356175560257099,0,0,0.431735720383073,0,0.3214063714508954,0.3821467067971905,0,0.3009643826467368,0.367902022326975,0.4884535117102851,0.4813951719069171,0.4023296885153278,0.4811993738340603,0.4294913155488266,0.7053441766029854,0.6280882165087661,0.6355291603806611,0.709724816872381,0.5698626654156512,0.3629387483504607,0.5402660367745983,0.5931652808141956,0.4352589396454424,0.7660927106078917,0.7794916108768518,0.6174951087948775,0.6921326994330319,0.7879089003844466,0.4811539726600301,0.4668666199019881,0.3790257507524914,0.4176974129000516,0,0.6464354921165489,0,0,0,0.4953157889679379,0,0.9928550894143064,1,0.4765290476270657,0,0.6156541132273543,0.5048641407334132,0.6559480518885169,0,0.6924290853497111,0,0,0.3459391382716117,0,0,0,0,0.9176199664313416,0,0.8508946102988023,0,0,0.4706610120018665,0.3769157862879462,0.3705453403893516
Plasma_shared_ID0841,0,0,0,0,0,0,0,0,0,0.4102070975651596,0.6359244004966942,0,0,1,0,0,0,0,0,0.2415262173021446,0,0,0,0.2062870533725946,0,0,0.3619666950476943,0,0,0.237344606004712,0.1998737804945223,0,0.3077883100593169,0,0,0,0.4247569644995837,0,0,0,0.2782856810108892,0.313252575932364,0,0,0.2807833163624231,0,0,0,0.138953196485369,0,0,0.1794189810843861,0,0.0998298712151853,0,0,0,0,0,0,0,0,0,0,0,0,0.2193370800486621,0,0,0,0.1893827677325028,0,0,0.0866271850374802,0.132791733094534,0,0,0,0,0,0,0,0,0,0,0,0,0,0,0,0,0,0,0,0,0,0,0.5080681333520092,0,0,0,0,0,0,0,0,0,0,0,0,0.2735500888415347,0,0.212064507295393,0,0,0,0,0,0,0,0,0,0.2136210046883778,0,0,0.1470960857789018,0,0,0,0,0,0.2648327591552421,0.114952604733074,0,0,0,0,0,0,0,0,0,0,0,0,0,0,0,0,0,0.1749698222067639,0,0,0,0.1126926145851202,0,0,0,0,0,0,0,0,0,0,0,0,0,0,0,0,0,0,0,0,0,0,0,0,0.171145465619349,0.1289846884093667,0,0,0,0,0,0,0,0,0,0,0,0,0.2779693453425474
Plasma_shared_ID0842,0,0.1945787319887738,0,0,0,0,0,0,0,0,0,0,0,0,0,0,0,0,0,0,0,0,0,0,0,0,0,0,0,0,0,0,0,0,0,0,0,0,0,0,0,0,0,0,0,0,0,0,0,0,0,0,0,0,0,0,0,0,0.2427288738835261,0,0,0,0,0,0,0,0,0,0,0,0,0,0,0,0,0,0,0,0,0,0,0,0,0,0,0,0,0,0,0,0,0,0,0,0,0,0,0,0,0,0,0,0,0,0,0,0,0,0,0,0,0,0,0,0,1,0,0.1469407700468801,0,0,0,0,0,0,0,0,0,0,0,0,0,0,0.587535735004364,0,0,0,0,0,0,0,0,0,0,0,0,0,0,0,0,0,0,0,0.3745734011362033,0,0,0,0,0,0,0,0,0,0,0,0,0,0,0,0,0,0,0,0,0,0,0,0,0,0,0,0,0,0,0,0,0,0,0,0,0,0,0,0,0
Plasma_shared_ID0856,0,0,0,0,0,0,0,0,0,0,0,0,0,0,0,0,0,0,0,0,0,0,0,0,0,0,0,0,0,0.139595272147854,0,0,0,0,0,0,0,0,0,0,0,0,0,0,0,0,0,0,0,0.4666015641574131,0,0,0,0,0,0,0,0,0,0,0,0,0,0,0,0,0,0,0,0,0,0,0,0,0,0.984288579927582,0,0,0,0,0,0,0,0,0,0,0,0,0,0,0,0,0,0,0,0,0,0,0,0,0,0,0,0,0,0,0,0,0,0,0,0,0,0,0,0,0,0,0,0,0,0,0,0,0,0,0,0,0,0,0,0,0,0,0,0,0,0,0,0,0,0,0,0,0,0,0,0,0,0,0,0,0,0,0,0,0,0,0,0,1,0,0,0,0,0,0,0,0,0,0,0,0,0,0,0,0,0,0,0.0174118749849047,0,0,0,0,0,0,0,0,0,0,0,0,0,0
Plasma_shared_ID0876,0,0,0,0,0,0,0,0,0,0,0,0,0,0,0.1808779156008934,0,0,0,0,0,0,0,0,0,0,0,0,0,0,0,0,0.2924774709326881,0,0,0,0,0,0.0515456950643856,0,0,0,0,0.2321397798959963,0,0,0.1728546279620612,0,0.3148815175485131,0,0,0,0.0468253190561951,0,0,0,0.5902446688809972,0,0,0,0,0,0,0,0,0,0,0,0,0,0,0,0,0,0,0,0,0,0,0,0,0,0,0,0,0,0,0,0,0,0,0,0,0,0,0,0,0,0,0,0,0,0,0,0,0,0,0,0,0,0,0,0,0,0,0,0,0.6334900034127271,0,0,0,0,0,0,0,0,0,1,0,0,0,0,0,0,0,0,0,0,0,0,0,0,0,0,0,0.6280211926974398,0,0,0,0,0,0.2864460670854297,0,0,0.1867471304371331,0,0,0,0,0,0,0,0,0,0,0,0,0,0,0,0,0,0,0,0,0,0.3988244675638873,0,0,0,0,0,0,0,0,0,0,0,0,0,0,0,0,0,0
Plasma_shared_ID0879,0,0,0,0,0,0,0,0,0,0,0,0,0,0,0,0,0,0,0,0,0,0,0,0,0,0,0,0,0,0,0,0,0,0,0,0,0,0,0,0,0,0,0,0,0,0,0,0,0,0,0,0,0,0,0,0,0,0,0,0,0,0,0,0,0,0,0,0,0,0,0,0,0,0,0,0,0.171577411290063,0.1952101462493428,0,0,0,0,0,0.1750995203708273,0.2331566466731761,0,0.1403585952337521,0,0,0,0.2840756676717061,0,0,0,0,0,0,0,1,0,0,0,0,0,0,0,0,0,0,0,0,0,0,0,0,0,0,0,0,0,0,0,0,0,0,0,0,0,0,0,0,0,0,0,0,0,0,0,0,0,0,0,0,0,0,0,0,0,0,0,0,0,0,0,0,0,0,0,0,0,0,0,0,0,0,0,0,0,0,0,0,0,0,0,0,0,0,0,0,0,0,0,0,0,0,0,0,0,0,0,0,0,0,0
Plasma_shared_ID0886,0,0,0.1800713587182223,0,0,0,0,0,0,0.1410919938018835,0.6567592067482663,0.1433693997025975,0,0,0,0,0.3074944516140556,0,0,0,0,0,0,0,0,0,0.2366001455753575,0.2481479331425075,0.2064446121488441,0,0,0,0.2213415260405735,0,0,0,0,0,0,0.5771169827497666,0,0,0,0,0,0,0,0,0,0,0.25423441204971,0,0,0,0.2892394803942145,0,0,0.5161316251300577,0.5780859966330116,0,0,0,0.4516542451292539,0,0,0,0,0,0.8067509455699989,0,0.2528411754986849,0,0,0,0.170867959578278,0,0,0,0,0,0,0,0,0,0,0,0,0,0,0.3052215112151077,0,0,0,0,0,0,0,0,0,0,0,0,0,0,0,0,0,0,0,0,0,0,0,0,0,0,0,0.2744631350501699,0,0,0,0,0,0,0,0,0,0,0,0,0,0,0,0,0,0,0,0,0,0,0,0.1909582520239886,0,0,0,0,0,0,0,0,0,0,0,0,0,0,0,0,0,0,0,0,0,0,0,0,0,0,0.2230205547046294,0,0,0,0,0,0,0,0,0,0,0,0.249938599350716,0,0,0,0,0,0,0.1520949901535686,0,1,0,0,0,0
Plasma_shared_ID0887,0,0,1,0,0.437119690619409,0,0,0,0,0,0,0,0,0,0,0,0,0,0,0,0,0,0,0,0,0,0,0,0,0,0,0,0,0,0,0,0,0,0,0,0,0,0,0,0,0,0,0,0,0,0,0,0,0,0,0,0,0,0,0,0,0,0,0,0,0,0,0,0,0,0,0,0,0,0,0,0,0,0,0,0,0,0,0,0,0,0,0,0,0,0,0,0,0,0,0,0,0,0,0,0,0,0,0,0,0,0,0,0,0,0,0,0,0,0,0,0,0.2500012458947767,0,0,0,0,0.5503515915059878,0,0,0,0,0,0,0,0,0,0,0,0,0,0,0,0,0,0,0,0,0,0,0,0,0,0,0,0,0,0,0,0,0,0,0,0,0,0,0,0,0,0,0,0,0,0.2815124165873447,0,0,0,0,0,0,0,0,0,0,0.8460123891776596,0,0,0,0,0,0,0,0,0,0,0,0,0,0
Plasma_shared_ID0890,0,0,0,0.372779458692731,0,0,0,0.189803722501512,0.0624550711111361,1,0.8930710516994466,0.0676597942367329,0,0.8424446777288451,0.4012664826272286,0,0,0.8609495567551764,0.2004525217606421,0.8861217824891588,0,0,0.2648312521134148,0.3286766589854163,0.0617787783840137,0.0258019329763385,0.1399701049699483,0.4724258106075149,0.5043762243749714,0.411157062961889,0.1024342522186337,0,0,0,0,0.6956465864486038,0.1071442053680936,0.6657491468029104,0.207437131683511,0.7378345620924273,0,0.0736717313656053,0.0416442105888806,0,0.4692820935838133,0,0,0,0,0.1592187453565114,0,0.0937693520521307,0,0.1608339765610756,0.2309130032135952,0.3352090684268483,0,0.5225991808986661,0.8465899826750188,0,0,0,0.1192508090211988,0.361839901752819,0,0.4876158914333309,0.4462688641093377,0,0.3855109504001131,0,0.4074221922004654,0.0721400327544149,0.1624933836563661,0.2849714422946403,0.3821206515863562,0,0,0,0,0,0,0,0,0,0,0,0,0,0,0,0,0.1882535503360179,0,0,0.1627327366643025,0,0,0.6167974406898508,0,0,0,0,0,0,0,0,0,0.149055880895373,0,0,0.2973069573815102,0,0.1907265970186896,0.3247088608001619,0,0.3342428212169574,0,0,0,0,0.2373297521411251,0,0.3497011701791854,0.2379401826311642,0,0.2322784398360512,0,0.0830651321300891,0,0.4475282785940501,0.2082138241622845,0.1933570705119504,0.3208438719605983,0,0,0.1780312492219019,0.2592393875454509,0,0.143743529236006,0.2469576867254661,0,0,0,0,0,0,0,0,0,0,0.2624200516777601,0,0.1838134717189963,0,0.2758784375870968,0,0,0.2293090167812161,0,0.1698908373580247,0,0,0,0,0.4091538871169448,0.2192682384180854,0.4632693532569278,0,0,0.2188417402730712,0,0,0.1564517282010051,0,0,0,0.2845457473476394,0,0,0.3284501571456912,0.3364411741791115,0.2674761831709133,0,0.1378737581554718,0.1460495107319302,0.4186990923059253,0,0,0,0.1298787251319855,0.0542600417823606,0,0,0.3543396387054697
Plasma_shared_ID0897,0,0,0,0,0,0,0,0,0,0,0,0,0,0,0,0,0,0,0,0,0,0,0,0,0,0,0,0,0,0,0,0,0,0,0,0,0,0,0,0,0,0,0,0,0,0,0,0,0,0,0,0,0,0,0,0,0,0,0,0,0,0,0,0,0,0,0,0,0,0,0,0,0,0,0,0,0,0,0,0,0,0,0,0,0,0,0,0,0,0,0,0,0,0,0,0,0,0,0,0,0,0,0,0,0,0,0,0,0,0,0,0,0,0,0,0,0,0,0,0,0,0,0,0,0,0,0,0,0,0,0,0,0,0,0,0,0,0,0,0,0,0,0,0,0,0,0,0,0,0,0,0,0,0,0,0,0,0,0,0,0,0,0,0,0,0,0,0,0,0,0,0,0,0,0,0,0,0,0,0,0,0,0,0,0,0,0,0,0,0,0,0,0,1
Plasma_shared_ID0903,0,0.8133582483762947,0,0,0,0,0,0,0.1056251992544103,0,1,0,0,0.3142367130759761,0,0.1129647427320135,0.2368573536221833,0,0,0.1448151966248339,0,0,0.0824267500063994,0,0,0,0.2840012379952853,0,0,0.3610222303927842,0.3078605719445136,0,0,0,0,0.1211117756156815,0.0955327452080041,0,0,0,0,0,0,0,0,0,0,0,0,0,0.0673520630539854,0,0,0.0735815994806004,0.2006622809365015,0,0,0,0.2878618285562694,0,0,0,0,0,0,0.1606042906310285,0.3868851619749283,0,0,0.1090971709946082,0.3365415717420595,0,0,0.0724948630176833,0,0,0,0,0.3245223130033719,0,0,0,0,0,0,0,0,0,0,0,0,0,0,0,0.2066870361880915,0,0,0.2283682430938712,0,0,0,0,0,0,0,0,0,0.2679887463436088,0,0,0,0.1116802062704926,0,0,0,0,0,0.3029853837436326,0,0,0.1627358764983349,0,0.3155096142434615,0,0,0,0,0,0,0,0,0,0,0,0,0,0,0,0,0,0,0.090701771124458,0,0,0,0,0,0,0,0,0.4774961778059093,0,0,0,0,0,0,0,0,0,0,0,0,0,0,0,0,0,0,0,0,0,0,0,0,0,0,0,0,0.1636783353152117,0,0,0,0,0,0.1420087637034675,0,0,0,0,0,0,0,0
Plasma_shared_ID0920,0,0,0.9214061174068796,0,0,0,0,0,0,0,0,0,0,0,0.9093817921542888,0,0,0,0,0,0,0,0,0,0,0,0,0,0,0,0,0,0,0.8790656792307229,0,0,0,0,0,0,0,0,0,0,0,0,0,0,0,0,0,0,0,0,0,0,0,0,0,0,0,0,0,0,0,0,0,0,0,0,0,0,0,0,0,0,0,0,0,0,0,0,0,0,0,0,0,0,0,0,0,0,0,0,0,0,0,0,0,0,0,0,0,0,0,0,0,0,0,0,0,0,0,0,0,0,0.6128077689791417,0,0,0,0,0,0,0,0,0,0,0.4400610272468348,0,0,0,0,0,0,0,0,0,0,0,0,0,0.4925249706574565,0,0,0,0,0.7127251379296181,0,0,0,0,0,0,0.6423167980927128,0.4883169484104337,1,0.9029902302220768,0,0,0,0,0,0,0,0,0,0,0,0.881504846435591,0,0,0,0,0,0,0,0,0,0,0,0,0,0,0,0,0,0,0,0,0,0,0,0.8116973405124611,0
Plasma_shared_ID0953,0,0,0,0,0,0,0,0,0,0,0,0,0,0,0,0,0,0,0,0,0,0,0,0,0,0,0,0,0,0,0,0,0,0,0,0,0,0,0,0,0,0,0,0,0,0,0,0,0,0,0,0,0,0,0,0,0,0,0,0,0,0,0,0,0,0,0,0,0,0,0,0,0,0,0,0,0,0,0,0,0,0,0,0,0,0,0,0,0,0,0,0,0,0,0,0,0,0,0,0,0,0,0,1,0,0,0,0,0,0,0,0,0,0,0,0,0,0,0,0,0,0,0,0,0,0,0,0,0,0,0,0,0,0,0,0,0,0,0,0,0,0,0,0,0,0,0,0,0,0,0,0,0,0,0,0,0,0,0,0,0,0,0,0,0,0,0,0,0,0,0,0,0,0,0,0,0,0,0,0,0,0,0,0,0,0,0,0,0,0,0,0,0,0
Plasma_shared_ID0955,0,0,0,0,0,0,0,0,0,0,0,0,0,0,0,0,0,0,0,0,0,0,0,0,0,0,0,0,0,0,1,0,0,0,0,0,0,0,0,0,0,0,0,0,0,0,0,0,0,0,0,0,0,0,0,0,0,0,0,0,0,0,0,0,0,0,0,0,0,0,0,0,0,0,0,0,0,0,0,0,0,0,0,0,0,0,0,0,0,0,0,0,0,0,0,0,0,0,0,0,0,0,0,0,0,0,0,0,0,0,0,0,0,0,0,0,0,0,0,0,0,0,0,0,0,0,0,0,0,0,0,0,0,0,0,0,0,0,0,0,0,0,0,0,0,0,0,0,0,0,0,0,0,0,0,0,0,0,0,0,0,0,0,0,0,0,0,0,0,0,0,0,0,0,0,0,0,0,0,0,0,0,0,0,0,0,0,0,0,0,0,0,0,0
Plasma_shared_ID0964,0.4731854766584201,0.7398726326260481,0,0,0,0,0,0.6507186600357687,0.7817709189846662,0,0.856212736903787,0.6932781457963747,0.5751787255885902,0.9016525339945374,0.780283445652418,0,0.642588618191005,0,0,0.7077518748888988,0,0.593437174756035,0,0.0241539185129454,0.8378722704465706,0,0,0.6487631404454919,0.7245645180031764,0.6310153061040553,0.6755130483060344,0.6835210694999122,0.6744552124587522,0,0.989267382465688,0.730967759648159,0,0.6588170874391664,0.7143685140131011,0,0,0.465005863924234,0.5116108889010293,0,0.6625861389532347,0.4031311330976301,0,0.6271039896038405,0.5566202858777458,0.6266788585633677,0.6997663165875705,0,0,0.7519230731899277,0,0.6970463653514597,0.0497764526211838,0.7101539484634688,0.5238563545165805,0.0863009079168384,0.7158400414648357,0,0.6888962871611812,0.6354591456835056,0.7168015087298842,0.6417676826642211,0.6604670700928217,0.2917456218851802,0.5873171458149551,0.681587804812439,0,0,0.5895293940814993,0.7500952593035893,0.8285577269993153,0.6093400013921447,0,0,0.4434718535796561,0,0,0,0,0.3403786162137158,0,0.1191293854291258,0,0,0,0,0.4190341677234857,0.7295876783546735,0,0.5980484460808769,0,0.4282433296995214,0,0.5632747098057737,0,0.6859539255568649,0.3736896299363246,0,0,0,0.5205598557050339,0,0.0344347823193186,0.0183446955820482,0,0.2838870759886376,0,0.8528656965840041,0,0.7631708119947409,0.999511293427219,0,0.6785623859696218,0.0965436402698098,0.9290626013083388,0.9076343190845568,0,0.3773587077125648,0.5260497450461695,0.8476760751059291,0.8720754215189519,0.7483201361528609,0,0,0.1317652477975965,0,0,0,0.1376813774578495,0,0,0.8394200608051089,0,0,0.8421904842195407,0.0226430809992492,0,0,0,0.8129743726127977,0.694596384805434,0.8225075826128337,0.5966586585992528,0.9031204562906776,0.6695686320403489,0.6972748074222943,0.6866030615535946,0.7793017340521089,0.7045059175855884,0.7466033194608794,0,0,0,0,0.9106902430900954,0,0,0.1282516770213206,0,1,0,0,0.4242149149724053,0,0.7725261907620938,0,0,0,0.9916528168605916,0,0,0.6979468916209806,0,0,0,0.3092713925079875,0,0,0,0,0,0,0,0,0.8186873656212917,0,0.697739317854644,0.7845750367379221,0,0.9165958346032262
Plasma_shared_ID0970,0,0,0,0,0,0,0,0,0,0,0,0,0,0,0,0,0,0,0,0,0,0,0,0,0,0,0,0,0,0,1,0,0,0,0,0,0,0,0,0,0,0,0,0,0,0,0,0,0,0,0,0,0,0,0,0,0,0,0,0,0,0,0,0,0,0,0,0,0,0,0,0,0,0,0,0,0,0,0,0,0,0,0,0,0,0,0,0,0,0,0,0,0,0,0,0,0,0,0,0,0,0,0,0,0,0,0,0,0,0,0,0,0,0,0,0,0,0,0,0,0,0,0,0,0,0,0,0,0,0,0,0,0,0,0,0,0,0,0,0,0,0,0,0,0,0,0,0,0,0,0,0,0,0,0,0,0,0,0,0,0,0,0,0,0,0,0,0,0,0,0,0,0,0,0,0,0,0,0,0,0,0,0,0,0,0,0,0,0,0,0,0,0,0
Plasma_shared_ID0981,0,0,0,0,0,0,0,0,0,0,0,0,0,0,0,0,0,0,0,0,0,0,0,0,0,0,0,0,0,0,1,0.4219700772636606,0.2439980557923841,0.2125038401641775,0,0.1317324607417913,0,0,0,0,0,0,0,0,0,0,0,0,0,0,0.1737533742537686,0,0,0.1684740891838843,0,0,0,0,0,0.1853593021392481,0.1176661717613582,0,0.1341644909425245,0.2347303120205328,0,0.0937265661451126,0,0,0,0.4387525907274754,0.2213457351822783,0.1002692320291383,0.2276493591463193,0.1003905236700194,0.0949527626605896,0,0,0,0,0,0.1599526874066519,0,0,0,0,0,0,0,0,0,0.9765066059677258,0.3637704524709409,0,0,0,0,0,0,0,0,0,0,0,0,0,0,0,0,0,0,0,0,0,0,0,0,0,0,0,0,0,0,0,0,0,0,0,0,0,0,0,0,0,0,0,0,0,0,0,0,0,0,0,0,0,0,0,0,0,0,0,0,0,0,0,0,0,0,0,0,0,0,0,0,0,0,0,0,0,0,0,0,0,0,0,0,0,0,0,0,0,0,0,0,0,0,0,0,0,0,0,0,0,0
Plasma_shared_ID1006,0,0,0,0,0,0,0,0,0,0,0,0,0,0,0,0,0,0,0,0,0,0,0,0,0,0,0,0,0,0,0,0,0,0,0,0,0,0,0,0,0,0,0,0,0,0,0,0,0,0,0,0,0,0,0,0,0,0,0,0,0,0,0,0,0,0,0,0,0,0,0,0,0,0,0,0,0,0,0,0,0,0,0,0,0,0,0,0,0,0,0,0,0,0,0,0,0,0,0,0,0,0,0,0,0,0,0,0,0,0,0,0,0,0,0,0,0,0,0,0,0,0,0,0,0,0,0.479470748173368,0,0,0,0,0,0,0,0,0,0,0,0,0,0,0,0,0,0,0,1,0,0,0,0,0,0,0,0,0,0,0,0.339011235800958,0,0,0,0,0,0,0,0,0,0,0,0,0,0,0,0,0,0,0,0,0,0,0,0,0,0,0,0,0,0,0,0,0,0,0
Plasma_shared_ID1009,0,0,0,0,0,0,0,0,0,0,0,0,0,0,0,0,0,0,0,0,0,0,0,0,0,0,0,0,0,0,0,0,0,0,0,0,0,0,0,0,0,0,0,0,0,0,0,0,0,0,0,0,0,0,0,0,0,0,0,0,0,0,0,0,0,0,0,0,0,0,0,0,0,0,0,0,0,0,0,0,0,0,0,0,0,0,0,0,0,0,0,0,0,0,0,0,0,0,0,0,0,0,0,0,0,0,0,0,0,0,0,0,0,0,0,0,0,0,0,0,0,0,0,0,0,0,0.479470748173368,0,0,0,0,0,0,0,0,0,0,0,0,0,0,0,0,0,0,0,1,0,0,0,0,0,0,0,0,0,0,0,0.339011235800958,0,0,0,0,0,0,0,0,0,0,0,0,0,0,0,0,0,0,0,0,0,0,0,0,0,0,0,0,0,0,0,0,0,0,0
Plasma_shared_ID1034,0.3886342546384517,0.0242879918321258,0,0.465889732872645,0.1949452634189389,0.1883499847156806,0.6404325253773637,0.1282975876709723,0.2005882649427853,1,0,0.3133120088293865,0.0289991629237029,0.040904657306692,0.2030092124247515,0,0.0714741228937454,0,0,0.3267446572255064,0.1822374597262037,0.3820143195636393,0.3966437792143705,0,0.3465619903465043,0,0.5577911709818261,0,0.0729820329095657,0,0.266272538075395,0,0.2430418385173793,0.084057254049217,0.6569778151665927,0,0.3447517766776208,0,0,0.0398013974374437,0,0,0.1034505802685357,0.4004181585306215,0,0.0121272513832468,0.09794157259315,0,0.072066740287485,0.2026710893782569,0.1958755904139184,0.2718892670326008,0,0.0313713614515446,0,0,0.0063650272823127,0,0,0,0.2092942192573102,0,0.270659981532528,0.2290462280280627,0,0.2657668193570107,0.5720602567141724,0.0361502999789631,0,0.0748678318881981,0,0,0,0.2038871822161109,0,0.3828444048773159,0,0.1313690348823385,0.456014217104388,0,0.100396422586003,0,0,0,0,0.3724200593263871,0,0,0,0.0025361107783712,0.3287254358549272,0.5268723441545362,0.2690483719296381,0,0,0.9048816947075888,0.2161344078950904,0.277525691018304,0,0.3267685242924834,0,0,0,0,0.1875386923681276,0.0443279088438909,0.0217052744977683,0,0.0101945451611701,0,0.8501097076983394,0.0366741351166906,0.226384993681241,0.3773760651806216,0.1616317992622558,0.1246966674320415,0.6580778802316,0.0233695795776686,0.1284700319281218,0.0623588577770499,0.2277209480570309,0,0,0.22568446707602,0.5385961857269752,0,0.6336455960055776,0.1395115384865475,0.0219779228502885,0,0.4368265986922576,0.6174653032044,0.4000573711669819,0,0.6552143208114923,0.6372776749823412,0,0,0.5147698619006401,0.0032231816198476,0,0.3476169522928151,0.8804084418154171,0.7810760393853964,0.4494202914946906,0.3998266687148494,0.4583001183317905,0.1493461607605197,0.5191905313218795,0.1308493341971582,0.2710744040214842,0.5671048898207861,0,0,0,0.8662089652295923,0,0,0.5401697583664312,0.159731642457505,0.2948493102925054,0.0051162346834037,0.9176280615668094,0.2401547503036849,0,0.605399805507835,0.4835964279683086,0.6326102539158998,0.3555797575549509,0.1275674809370729,0.5353496632432021,0.2716667583136981,0,0,0.6296927210970853,0.4621509850201643,0,0.7112866683186937,0.4530366219658427,0,0.8544762909630752,0.6829240231575949,0,0.0101484648082352,0.45414337732679,0.5042121614620988,0.632584432380446,0.1484202313196131,0.8885581619186175,0,0,0,0.4481550738433897,0.6710043588781486
Plasma_shared_ID1037,0,0,0,0,0,0,0,0,0,0,0,0,0,0,0,0,0,0,0,0,0,0,0,0,0,0,0,0,0,0,0,0,0,0,0,0,0,0,0,0,0,0,0,0,0,0,0,0,0,0,0,0,0,0,0,0,0,0,0,0,0,0,0,0,0,0,0,0,0,0,0,0,0,0,0,0,0,0,0,0,0,0,0,0,0,0,0,0,0,0,0,0,0,0,0,0,0,0,0,0,0,0,0,0,0,0,0,0,0,0,0,0,0,0,0,0,0,0,0,0,0,0,0,0,0,0,0,0,0,0,0,0,0,0,0,0,0,0,0,0,0,0,0,0,0,0,0,0,0,0,0,0,0,0,0,0,0,0,0,0,0,0,0,0,0,0,0,0,0,0,0,0,0,0,0,0,1,0,0,0,0,0,0,0,0,0,0,0,0,0,0,0,0,0
