ID,FJ_1,FJ_10,FJ_2,FJ_3,FJ_4,FJ_5,FJ_6,FJ_7,FJ_8,FJ_9,GD_1,GD_10,GD_11,GD_12,GD_13,GD_14,GD_2,GD_3,GD_4,GD_5,GD_6,GD_7,GD_8,GD_9,GX_1,GX_2,GX_3,GX_4,GX_5,GX_6,GX_7,GX_8,HB_1,HB_2,HB_3,HB_4,HB_5,HB_6,HB_7,HB_8,HB_9,HN_1,HN_10,HN_2,HN_3,HN_4,HN_5,HN_6,HN_7,HN_8,HN_9,JS_1,JS_10,JS_11,JS_2,JS_3,JS_5,JS_6,JS_7,JS_8,JS_9,LN_1,LN_2,LN_3,LN_4,LN_5,LN_6,LN_7,LN_8,SD_1,SD_10,SD_11,SD_12,SD_13,SD_14,SD_15,SD_16,SD_17,SD_18,SD_19,SD_2,SD_20,SD_21,SD_22,SD_23,SD_24,SD_25,SD_26,SD_3,SD_4,SD_5,SD_6,SD_7,SD_8,SD_9,SH_1,SH_2,SH_3,SH_4,SH_5,SH_6,TJ_1,TJ_2,TJ_3,ZJ_1,ZJ_10,ZJ_11,ZJ_12,ZJ_14,ZJ_15,ZJ_16,ZJ_17,ZJ_18,ZJ_19,ZJ_2,ZJ_20,ZJ_21,ZJ_22,ZJ_23,ZJ_24,ZJ_25,ZJ_26,ZJ_27,ZJ_28,ZJ_29,ZJ_3,ZJ_30,ZJ_31,ZJ_32,ZJ_33,ZJ_34,ZJ_35,ZJ_36,ZJ_37,ZJ_38,ZJ_4,ZJ_5,ZJ_6,ZJ_7,ZJ_8,ZJ_9
L1_ID0056,0.0954926899692837,0.0446596099844434,0.0742735580821024,0.0749153498553159,0.0088308843005532,0,0.0303027891045489,0.0261952020284329,0.0511170203499291,0.0619483211100515,0,0.0785080319884227,0.2337582366582986,0.0880710987058872,0.0589464564660975,0.1957645523754102,0.3735825616980861,0.3072417298187304,0.1201031207445012,0,0.3693558151881133,0.8834784909813059,0.2568013856302823,0.0915991036857,0.0853942233062598,0.2835075990552386,0.099319999734151,0.1937056688723508,0,0.157029863872992,0.1108757439310388,0.1506007463643396,0.5875094604225112,0,1,0.7614694560166351,0,0.0825163485506528,0.2408932037078183,0.1410211627583751,0.2616484729265263,0.4898718773806931,0,0.2312468660101444,0.1260562770688538,0.9003995654244953,0.0839682434123747,0.1751890960215821,0.68452123712047,0.2895479356396633,0,0.1935826880426746,0.0566878479575271,0.2302682459846359,0.2735343129230973,0.0674572648781796,0.0689785935467392,0.096748663853576,0.1063960263167659,0.0868826317540644,0.0110567732539278,0.3909398659057284,0.1057505399858137,0.5025936126973499,0,0,0,0.1098544839069641,0,0.0267119293793712,0.7248479251715286,0,0,0,0.2930055375782488,0.4930808495126772,0,0,0,0,0.0583640744548501,0,0.4224203964420971,0.2258949144406094,0,0,0,0,0,0,0.1390423655930839,0,0.2672005773539105,0,0.2385791503013346,0.1678307210156937,0.2031240351383881,0.0338617011916786,0.2894021730924312,0.094516404745075,0.0540457433633903,0.0252855896448484,0.3208865109468287,0.0307863616084271,0,0.2267388422731217,0,0,0.5568522856252107,0.9509314577025472,0.2012463540784276,0,0.7100505382333862,0.0790162824134262,0,0.4512806166242071,0.0982848403726199,0.2153525867681477,0.7140563011066945,0,0,0.5630972423383264,0,0,0.0666634473471198,0,0.1682344492847794,0.0297450286183626,0,0.4444444643433191,0,0.5353260676704746,0.7748336331364127,0,0,0.0783388119578493,0,0.1200989817785606,0,0.0586268274745142,0
L2a_ID0153,0.2756032054779773,0.0411387886050889,0.0828099155367704,0.1962690594413024,0.0459609345858864,0.2361619205337379,0,0.2470524875574379,0.0128854088710056,0.177048078046687,0.038679683773777,0,0.1415733228871648,0.4372407752153507,0.1308970032638002,0,0,0.0022793864491883,0,0.0041560157422282,0,0.0252623773205858,0.1778637470232992,0,0.0712843819519121,0.3103918021755395,0.2551610293659897,0.0095092557294039,0.7861636741874707,0.1045004050593333,0.0895922221455891,0.0595358540871609,0.2638908196983305,0.422360933922251,0.5317024831281599,0.1941996265852635,0.0694873383129807,0,0.203995626624996,0.0609765003341811,0.0494984646569842,0,0.1094774443853062,0,0.0083726905794231,0.0984081082593344,0.3288059180006669,0.0071243515816054,0.0936604406232293,0.0345916700466907,0.0221012128980515,0.3531353168552864,0.1568026391549138,0.1831886625783563,0.1411724650509063,0.1016549080493458,0.0628181449688572,0.8737377119005008,0.1682306500962587,0.1365105364780738,0.056234725634587,0.1172355185989483,0.0057268328542136,0,0.1251326419300529,0.1380650300513063,0.0617348673485688,0.0062196799803607,0.0475125320098331,0.0062004553278886,0.0694441867289272,0.1738585800282424,0.3339428768294879,0.2795324966610992,0,0.1259365154860915,0.1927082188667775,0.3008641612668956,0.2167924827795679,0.5605243619901721,0.1719720601758143,0.0237379818461533,0.127312413352907,0.0781272842546756,0.0451179536624828,0.006052505785415,0.0952888679127384,0.1515212586356752,0,0.0323341765779624,0.292300857280479,0.022751487075908,0.0679240695964073,0.0456432809624203,0.2165583037801915,0.0327675035200867,0.0755006672240736,0.5211307040459745,0.0515348112212609,0.0568681188492092,0.0163126752353272,0.1656855545139418,0.3915892400573402,0.3286586849523136,0.8985090722867435,0.1076495903528127,0.3374868965981748,0.0868286728138643,0.1619063046841412,0.6036416215449275,0.514191427937064,0.1316992761676966,0.1016424452143464,0.1663099756993609,0.549540271859746,0.2341152313997507,0.1380978986461839,0.4001999434131582,0.2358511599222484,0.1203101560358896,0.0441354679765763,0.1793845638500618,0.1489940110496104,0.2109961331909222,0.0627283842207266,0.2105345666080295,0.4291651592918741,0.2875012220502327,0.8411200442633874,0.38076408481957,0.0771092087457221,0.1033420765883572,0.6179643298428378,1,0.2218651022696361,0.3045168826641821,0.7147011342156921,0.373589588580857,0.1505982835886844,0.0154050941192023,0.0738117660757853
L2a_ID0121,0,0,0,0,0,0,0.0708786747401834,0,0,0,0.0085898244445662,0,0,0,0,0,0,0,0.0496021536645522,0,0.0264910750822404,0,0,0,0,0,0,0,0,0,0,0,0,0,0,0,0,0,0,0.0342794123171501,0,0,0,0,0,0,0,0,0,0.0330137970544989,0.0879230480476776,0,0,0,0,0,0,0,0,0,0,0,0,0.0125537122394381,0,0,0,0,0.0095097533654885,0,0,0,0,0,0,0,0,0,0,0,0,0,0,0,0,0,0,0,0,0,0,0,0,0,0,0,0,0,0,0,0,0,0,0,0.5710169842973236,0,0.7118567984481842,0.0543126186806831,0.4417086226507198,0.3794814974779892,0.7351502458155258,0.277651374563883,0.9143715215133164,0,0.1523573114771753,0,0,0.1245806662850371,0,0,0.0279747157724945,0,0,0.1368277004925614,0.0445816396234582,0.4213994777521337,0,0.0201580893479562,0,0,0.1241012301559836,0,0.1262413412702115,1,0.0651146840752108,0.4938708928959827,0.3878512564100431,0.0925774611048751,0.2893580597002512,0.17972810238759,0.4364105093907775
L2a_ID0137,0.0306531383709122,0.1496701750025031,0.113194824788163,0.0149116002294047,0.0897397069589244,0.0787801090146568,0.3211962916670688,0.0135445573806278,0.2079566728682406,0.1552187863995959,0,0,0.1665739524412978,0.2238968064797642,0.238999987491376,0.1813704023453156,0.1729983759922151,0.1273919102102414,0.0660678293899087,0.080361738838095,0.1553224623300505,0.0526390840465866,0.1928238766898708,0.1200816519562774,0.1396976574203185,0.0192275299277395,0.0141095293370355,0.1439145687257784,0.0843803042063075,0.013194811936837,0.0739800159596333,0.0231280605047281,0.0858433134351017,0.2460969180749673,0.2418506629085201,0.0638479234627572,0.7565709715048405,0.2017737871903808,0.0552227353321962,0.3760986784210415,0.0257951043987461,0.1571502236045045,0.1010630217031479,0.2306881125406037,0.0094747228982812,0.223365646897767,0.168776898182257,0.1152977015374926,0.0555858059903286,0.1478601386195425,0.0116203943803493,0.0405429062651128,0.0325765720555855,0.3595951283993113,0.1667301902950099,0.027126121233926,0.0272759585904003,0.0150595307689588,0.0106268497179076,0.0126088985665402,0.0069170855580168,0.0104247457479388,0.3169870854454963,0.173542398323593,0.0635912310776362,0,0.0875539105985228,0.1933862050211444,0,0.0844849339907348,0,0.0384698688667832,0,0.0387291072423733,0.0568318419988301,0.0469679609589282,0.0488060461319193,0,0,0,0.0993302574303368,0,0,0.0751081638990717,0,0,0,0.0957489412934865,0.0154056683828993,0.2521127722703341,0.1108072311955257,0.2541974558829686,0,0.0301713578671048,0.0695408302676257,0.026926643660318,0.2326781267747324,0.0351429968526817,0.2733875042045254,0.0449599298511799,0.0205563456106524,0.1303174888668963,0.1081293432841055,0.0165644328187224,0,0,0.1015921893296182,0.0237610579234393,0.7496624013782105,0.0757026590992728,0.071189434770696,0.110593222347759,0.0413824062834188,0.0419488352614796,0,0.0645121028361962,0.1496220396470831,0.368462246316967,0.0838444624578783,0.2511408179189294,0.1017531893135684,0.1366062738117221,0.0320869816924579,0.0189068229517371,0.0849976190776734,0,0.1152567343661192,0.045778417243258,0.0568579044879172,0.0904114000742863,0.1395014290960074,0.2174107022758441,0.3640691776025263,1,0,0,0,0,0,0.2139653931497634,0
L2a_ID0156,0,0,0,0,0,0,0,0,0,0,0,0,0,0,0.1878911985697668,0,0,0,0,0,0,0,0.0894591230095467,0,0,0,0,0,0,0,0,0,0,0.7402504433718883,0.7800266566679528,0.1486151434743611,0,0.3264374756476834,0,0,0,0,0,0,0,0,0,0,0,0,0,0,0,0,0,0,0,0.0779853317760565,0,0,0,0.0584543805180704,0,0,0,0,0.2309357001575903,0.0679805645293716,0.3017981760102957,0,0,0,0,0.2007810716487827,0.4044822280298001,0,0.1251970237106455,0,0.0994940654250791,0,0.1562644290157744,0,0.5051011368514846,1,0,0,0,0,0,0,0,0,0,0,0.2974085845265451,0,0,0.2354511894229271,0,0,0,0.0724635065695708,0,0,0,0,0,0,0,0,0,0,0,0,0,0,0,0,0,0,0,0,0,0,0,0,0,0.0191209058689869,0.0629997588941859,0.0399666155224312,0.2660144314474302,0.1266994680681649,0,0.2305576253766444,0.0309000948822516,0,0,0,0,0,0
L2a_ID0169,0.0102061835658707,0.0236772249357992,0.0011086100556478,0.0127673638987029,0,0.0213238748557654,0.0066849246402072,0.0059529454206599,0,0,0,0.0066147764436562,0.0056267349204,0.0041505544190148,0.0139275646499337,0.0033341567602638,0,0.0066373563113441,0.0018118002605588,0.0117963632192528,0,0.0164951507094659,0.0057639670722986,0.0129993384257603,0.0195125633213747,0.0341672929349446,0.0463266247804958,0.0097544884668788,0.0766549126741495,0.0831723537315024,0.0259867725960703,0.0390919389238447,0.0045086094044921,0.0009736080200458,0.001354362763921,0.0272471465348935,0.0248405539500677,0.0135822629693608,0.0036252412575168,0.0140989917096172,0.0021741301625783,0,0.0008816754834209,0,0.0108834789764146,0.0318868676944206,0.006182324937539,0,0.0100070247774507,0.0059477164324411,0.0184144036170301,0.0423915716722905,0.0003165835604108,0.0183433032130054,0.0263060654873286,0.0003802930705689,0.0539546986153939,0.099076296617548,0.0254952020796172,0.0461470139831571,0.0072405780839408,0.015616198459427,0.0069640172886249,0,0.0010203988564405,0,0.0016846713541332,0,0.0176876314647518,0.0038740252471568,0.01700002532464,0.008868197530715,0,0.0082802013414107,0.0011532373018706,0,0.0113082395138165,0.0049501081842808,0.0028630642633973,0,0.0078316203332601,0,0.0017665744034073,0.0004694292669894,0.0059001366603422,0,0.0026453681093836,0.004883664806203,0.0010184702972703,0.0088568535585624,0.0232464062715722,0.0123574919795436,0.0042246970535975,0.0276616815328734,0.0201862367679114,8.52196379097966e-05,0.030068144412074,0.0298805792145657,0,0.0016559926511741,0,0.0448824489477794,0.0552153222852394,0.0300550896736622,0.0285290105898566,0.1127362440487814,0,0.0259482784028502,0.0485503457582397,0.0026803683596976,0.0034007457006873,0.200764285056949,0,0.0542113624835187,0.0092148061271588,0.0435314250193092,0.0724746754174026,0.1666889027490352,0.1024169498422748,0.4978674864877564,0,0.1122579744643911,0.0137147056048105,0.0617929202782284,0.0246099518316375,0.2223634551408369,0.0147020143981719,0,0,0.0058180243639654,0.0478254342242884,0,0.026999966177993,0.0262002498034688,0.235870529745358,0.5316289776761616,1,0.2302534561507177,0,0.0465688162898112,0.0430813755978817
L2b_ID0264,0,0,0,0,0,0,0,0,0,0,0,0,0,0,0,0,0,0,0,0,0,0,0,0,0,0,0,0,0,0,0,0,0,0,0,0,0,0,0,0,0,0,0,0,1,0,0,0,0,0,0,0,0,0,0,0,0,0,0,0,0,0,0,0,0,0,0,0,0,0,0,0,0,0,0,0,0,0,0,0,0,0,0,0,0,0,0,0,0,0,0,0,0,0,0,0,0,0,0,0,0,0,0,0,0,0,0,0,0,0,0,0,0,0,0,0,0,0,0,0,0,0,0,0,0,0,0,0,0,0,0,0,0,0,0,0,0,0,0,0,0
L2b_ID0313,0.0521374689525999,0.0519232715831175,0,0.1230172920555266,0,0.1597860194781024,0.1580704023453405,0.0811832007126844,0,0,0,0,0.1080338121004334,0,0,0.2281756988010137,0,0.0484171041621378,0,0,0,0,0,0,0,0.199751063793264,0,0,0,0.0760667251320649,0.0758883059126767,0,0,0,0,0.1987659349984882,0,0.4564926746339823,0,0,0,0,0,0,0,0,0,0,0,0,0,0,0,0,0,0,0,0,0,0.206854070497644,0.082955670457499,0.1480980478400488,0,0,0.2056526839572537,0.1923049286999125,0.0507665880325796,0,0,0,0,1,0,0,0.1802364901559531,0,0.129655894723394,0.3175290160996571,0.7096100485542322,0.9163843278097052,0.2131810913807693,0,0,0.4389569035679945,0,0.2556851725906556,0.3510901345944764,0.4664987849922067,0,0,0.2529453096354531,0,0,0,0,0.284253413929095,0,0,0,0.1039681920687074,0,0,0.185677580089519,0,0,0,0,0,0,0,0,0,0,0,0,0,0.561081694532422,0.3541434654587531,0.5036644554026135,0.2803284949241289,0,0,0.4884799467380525,0.3923628776014785,0,0.2546978790671644,0,0,0.135855285328208,0,0,0.4706195676386071,0,0.1858228574388661,0,0,0,0,0,0,0
L2b_ID0314,0.387570005901492,0,0,0.4222440564215179,0,0,0,0.1821410400268852,0,0,0,0,0,0,0,0,0,0,0,0,0,0,0,0,0,0,0,0,0,0,0,0,0,0,0,0,0,0,0,0,0,0,0,0,0,0,0,0,0,0,0,0,0,0,0,0,0,0,0,0,0,0,0,0,0,0,0,0,0,0,0,0,0,0,0,0,0,0,0,0,0,0,0,0,0,0,0,0,0,0,0,0,0,0,0,0,0,0,0,0,0,0,0,0,0,0,0,0,0,0,0,0,0,0,0,0,0,0.3172518510220595,0,0,0,0,1,0,0,0,0,0,0,0,0,0,0,0,0,0,0,0,0,0,0
L2b_ID0318,0.119627744713045,0.1067683597274888,0.2308781154935421,0.1092415554741782,0.1115816386789882,0.0566148165032316,0.055078329723431,0.2814640840763524,0.1324941159947207,0,0,0.3918577540200521,0,0,0,0.3874859290884382,0.0453875133991322,0,0,0,0.0060242990061416,0.0051123855006911,0.0133880116406328,0.0791768748474175,0.1723245453147926,0.1863784671101034,0.0473570797411368,0.2135651529032113,0,0,0.3028515571947664,0,0.137981730832523,0.053109782116465,0.1869823524106148,0,0.1368927974638614,0.0228040274469221,0,0,0,0.0638324663735417,0,0.0984291248913696,0,0,0.0893180534273865,0.0863593734767795,0,0.0841114255801881,0.0298610572993348,0,0,0,0.2575061699541148,0,0.0275597934325608,0,0,0.8398490715073103,0.0346123431317287,0.0538320066994619,0.0474135560682602,0.0923708410613987,0.0254424177471377,0.0440391866554849,0.0347658108459127,0.0152137597736072,0.0194931629794837,0.2541142053923982,0,0.2650162195637122,0,0.0715025192243438,0.0975703475275606,0.2387151757957824,0,0.5928661936507381,0.0605970745522929,0.0495127263375385,0.0660537904598594,0.4129545133568466,0,0.2050339727630479,0,0.442019043536296,0.063546374329158,0.0518304461926675,0,0.3635316602800768,0.1481968767367316,0.3390112221508435,0.0384101613176372,0,0.1064252055019659,0,0,0,0,0,0.1376532229573952,0,0.1292868500613662,0,0,0,0,0,0.1477960874950319,0,0.1349920396760128,0,0,0.2885786431683485,0,0,0.5832350660864161,0.5336447889509078,0,0,0,0,0.477251262528423,0,0.6491733782102717,0.1954644379842539,0,0.6677718737579895,0.0635352235743906,1,0,0.4993468639052268,0,0,0.2497856295061287,0,0,0.1417251427088306,0.3649915564115447,0.9847645668825524,0
L2b_ID0340,0,0.7007646666424426,1,0,0.6433597406858228,0.0154133731410497,0.4334641394735345,0,0.637934126715672,0.3198839916950478,0,0.2626405385612567,0,0,0,0.1889805802512778,0.0231150765853124,0,0,0,0.0011829288750749,0,0,0.0233172999763021,0,0,0,0.1172889642634715,0,0,0.2827819492399575,0,0.1802433300362544,0,0,0,0.0317751615880281,0,0,0.591815136738375,0,0.3048559488685461,0,0.190730853486494,0,0,0,0.0615188877385425,0,0.0759508755020965,0,0,0,0.1165338397988319,0.4302855322575399,0,0,0,0,0,0,0,0.2582788654983559,0.1561619374577646,0,0,0,0.2392928978759742,0.0009808759747031,0.8203745809307509,0,0,0,0,0,0.2853100834361883,0,0,0,0,0,0.0236294385030873,0,0,0,0.0484407245900253,0,0,0,0.6345518047295938,0,0.8746429562307746,0.1642576397541058,0,0,0,0,0,0.0596259850318904,0,0.8579731980009044,0,0.4375819745374547,0,0,0,0,0,0,0,0,0,0,0,0,0,0,0,0,0,0,0,0,0,0,0,0,0,0,0,0,0,0,0,0,0,0,0,0,0,0
L2b_ID0348,0,0.6702845425768585,1,0,0.67334999973868,0,0.4819611539191894,0,0.6572529699011688,0.3765989383441723,0,0.2638019612932898,0,0,0,0,0.0319625911788839,0,0,0,0,0,0,0,0,0,0,0,0,0,0.2277374570781991,0,0.3136412495274464,0,0,0.0546731148814739,0,0,0,0.6081352731403166,0,0.2968669480792113,0,0.3395722366722473,0,0,0,0,0,0.0745221764815534,0,0,0,0,0.5242405258454136,0,0,0,0,0,0,0,0.2411779083603218,0.1635323139532655,0,0,0,0.2269106407739251,0,0.7295171330066254,0,0,0,0,0,0,0,0,0,0,0,0,0,0,0,0,0,0,0,0.371024530974253,0,0.661334717748328,0.4038541904395227,0,0,0,0,0,0,0,0.6597827560195049,0,0,0,0,0,0,0,0,0,0,0.3470999235203629,0,0,0,0.4719891151532467,0,0,0,0,0,0,0,0,0,0,0,0,0,0,0,0,0,0,0,0.5848446278716884,0,0,0,0,0.1340934724020006
L2b_ID0381,0.1650177894151673,0.1856812356013532,0.0586936634408357,0.1111557085430857,0.1587912873627926,0.1079169333121933,0.2830132187133776,0.0544701318102456,0.1726802890336046,0.2179410292766251,0.027974957530922,0.2407828062042414,0.1467997055184555,0.5159878929106463,0.0649364625502944,0.594579213556367,0.078616691181499,0.0309915832359138,0.0346832859584493,0.018000230736039,0.0268855775584867,0.0239685521332145,0.0048501068951772,0.1488147484494107,0.5897031819019225,0.0750881109673956,0.1262041343996477,0.6764836325819413,0.3058730678052859,0.1117281763001619,0.3754864934743505,0.0379476725110663,0.3822616055480031,0.0792585966237154,0.19308114901207,0.0992074133695257,0.2130323005512633,0.3003518360926423,0.087533047912647,0.3056354801605714,0.1472441781752634,0.0773672279971604,0.0535031325404713,0.1152177790816309,0.0044420141559087,0.0612480602491738,0.0236878305922543,0.1825308903211147,0.0494988718049211,0.2014971675585262,0.0138176540914728,0.1134530406145412,0.1991721085702038,0.393653944304457,0.4347079514729768,0.1449167976783,0.1250490626274515,0.5426057447933269,0.0584887197280711,0.1701447299892323,0.0689811749129991,0.0355940870371185,0.0828541875733216,0.0455429687785284,0.0839800545011184,0.0474060861527399,0.0214911005497634,0.0754434657763312,0.0411797472502801,0.2363626305033674,0.0902755467022493,0.144227128540874,0.161195868815924,0.3970218305539345,0.2686159760306325,0.1484204291471793,0.1258145095266494,0.0581264182479054,0.1850373241631151,0.5052405433835382,0.0721934454232764,0.2696362176364467,0.1705694365443129,0.1343182919932259,0,0.3043767301445841,0.0767891026006419,1,0.2397033129226891,0.3636184165539547,0.1028061801960918,0.1950442818141844,0.1575236440092106,0.1169197969611863,0.1601423456105504,0.0668328029914927,0.1492545896466619,0.7086516120849928,0.3155784053558473,0,0.141390371186548,0.5375860634980704,0.4607426927269064,0.0916944600902724,0.0509466961124298,0.1148621731113656,0,0.0191730957593719,0.2188007015286922,0.0338286054481384,0.1150645561901355,0.1188888182251327,0.0436555714528526,0.0698475061419264,0.0394102129913769,0.2804098576677074,0.4275360556446292,0.1659107565515356,0.0870471950119434,0.2378791451628625,0.6222397764587114,0.2265759022547485,0.1296741853622756,0.2140310740142222,0.665458163662686,0.1346518984309614,0.0620579446099131,0.2793729403896661,0.1804782697707754,0.4377961640155088,0.0782704310271363,0.1046519888004179,0.1888081151121022,0.2027643242920137,0.0767210182985794,0.0888773541903514,0.0409393233131772,0.0578884685939751,0.1046133899829266,0.1564340029118892,0.0904973720007399
L2b_ID0387,0,0,0,0,0,0,0,0,0,0,0,0,0,0,0,0,0,0,0,0,0,0.0620169898108153,0,0,0,0,0,0,0,0,0,0,0,0,0,0,0,0,0,0,0,0,0,0,1,0,0,0,0,0,0,0,0,0,0,0,0,0,0,0,0,0,0,0,0,0,0,0,0,0,0,0,0,0,0,0,0,0,0,0,0,0,0,0,0,0,0,0,0,0,0,0,0,0,0,0,0,0,0,0,0,0,0,0,0,0,0,0,0,0,0,0,0,0,0,0,0,0,0,0,0,0,0,0,0,0,0,0,0,0,0,0,0,0,0,0,0,0,0,0,0
L2b_ID0448,0,0.5345201273342359,0.5185621981730458,0.0159545071371225,0.5005970068362062,0,0.748997324559291,0.0177754945723234,0.6029735984329522,0.6093194256632757,0.0990222214983525,0.6175713691372244,0.2275690666749819,0.1929963803734443,0.2992673093700932,0.5846174915114686,0.1040227337753207,0.119397172231136,0.0140013003900265,0.0717628921412908,0,0.1017314543905059,0,0.2693662734848132,0.4908181777769982,0,0.2293274898493525,0.4033859558712369,0.0463881092209761,0,0.2630078676276314,0.2073535920313461,0.2038546800166787,0,0,0,0.2666946145306063,0.0464191317907671,0,0.1264508249840076,0,0.4448008110309565,0.053612934241734,0.5533160606903433,0,0.3754425697149095,0.0071123598697443,0.1028735095361935,0.2316259615285565,0.1469205820357274,0,0,0,0.1015582477009483,0.3503670993458167,0,0.0519863040618088,0.039113149848159,0.1289317837326263,0,0,0,0.045172518665396,0.1193258249492061,0,0,0,0.0469345612111118,0.034540979303732,0.3570977296385914,0,0,0.0378257842547404,0.1855006871657265,0.0703297230799613,0.3864893712737535,0,0,0,0.0475658822518396,0,0.6475564156611607,0.05542100744834,0,0,0.5564818302690911,0.1043638950626616,0.08395417334506,0,0.5332153611445901,0,0.2702522249478697,0.0779081624745798,0.0311578429279004,0,0,0.2961686601386619,0.0674646726100075,0.175097984570626,0.0275535667005493,0.2640891246847803,0.0312199199687882,0.3723981411027931,0,0.1340539849904704,0.7414372487163147,0.3520975421749183,0,0,0.4152002506444991,0,0,0.2898073541627747,0,0.3063407916962131,0.0635108827766451,0.2281388355963075,0.0283826816372186,0.2372742791209735,0,0.9295162574158355,0.6444824290391995,0,0,0.2092714753326111,0,0.3973774203346672,0.0520402056680662,0.0671249643053389,0.3945180888988003,1,0,0.0912764220534863,0.0319468695237058,0,0,0.4910857311282779,0,0.0941827064111926,0.2501199721106024,0
L2b_ID0449,0.3953681693249318,0.0500893296344325,0.0970052093804163,0.320069414289273,0.0937768227114056,0.2868820080036483,0.1648506635068805,0.2712793885472875,0.118207375221776,0.2032931912003769,0.0020403432917556,0.1806641274114137,0,0.4429713295325719,0,0.5585690943239652,0.0435777824077773,0,0.0411784866187819,0,0,0,0.008045259351496,0.1428957679485231,1,0.5207865879364366,0.0301824259989835,0.3594369556909885,0.2364742354158116,0,0.3323434211969358,0,0.1789640209144897,0.0758539926835232,0.2097536555485256,0,0.0538172997166288,0.1106353366711252,0,0.1699268104773673,0.1149499172466625,0.0851492490605992,0,0.1152682436233731,0,0,0.2151095093686757,0.1633967395569757,0,0.20555046311223,0.1013753035991401,0.6195291046298934,0.08544359149697,0.174901155135827,0.473552999848512,0.0685944328169097,0.0729696864183633,0.2417132091686856,0.0326351139136361,0.3521241819924846,0.3445691344949222,0.1720337936359507,0.0592416801288175,0.0164233468775107,0.106156289956876,0.0338687323389309,0.0895357758889046,0.0287897459579208,0,0.0973599582523774,0,0.5648255803168948,0.0309476114145232,0.3281903422010778,0.2029588577464462,0.0316218704378011,0,0.2471199333548872,0.2788806226336517,0.3999626693997364,0.441763910429957,0.2971067303585946,0,0.3914671428554873,0,0.3069788287878354,0,0.4358807612981999,0,0.4052663535037231,0.8816249532056009,0.2944629629569944,0.1153091431848232,0,0.1143313510243768,0,0,0.2991112871769676,0.0466114868488426,0,0.0695886674342396,0.2199518926387351,0.5402052615217426,0.3814695118996243,0,0,0,0.1103410542374644,0.2526012391951663,0,0.2172462504426571,0.0815348298210341,0,0.7401867573717461,0,0.0757781629730792,0.5827067033182877,0.240037885505325,0,0,0.5279872834302476,0,0.4711564744703521,0,0.610638280232638,0.3650085124644521,0,0.3944057944322107,0,0.3280070356366106,0,0.3126122534983243,0.0241662011427848,0,0.1795360764647654,0,0,0.3375032153737887,0,0.2574600734939249,0.0329507933136573
L2b_ID0503,0.1916130994958862,0.2472919635349265,0.1186684850867478,0.1405401385048485,0.2338835235877984,0.0745954900485126,0.3697317510104229,0.0794764539899907,0.2394479396486665,0.4401954339118125,0.0056254796712831,0.5259078144980708,0.2232023982767163,0.3902391183844895,0.0391226584791525,0.798179877268899,0.135350070752587,0.0244735944739223,0.0634261766727849,0.0137204264244576,0.0445244186300671,0.0199536972146909,0.0483424819545235,0.2083139148451234,0.5566923178814259,0.0882581564809257,0.1747070679766488,0.8485714801630491,0.3998789443079288,0.1790886123930655,0.645300630402857,0.1073687820760889,0.4052681490249482,0.0866130959957909,0.1539397233091231,0.1319487699024152,0.2334662695705784,0.2353293509045629,0.1657473405929657,0.4081436409090937,0.2197323317118712,0.1202171764698169,0.0341309803780321,0.1537095390680331,0.0023959917463835,0.1098075047367221,0.0295993180833193,0.2982029568464477,0.0769218009892737,0.3599899650950012,0.0067642624655736,0.0918363451140239,0.499740056879596,0.5320972658921478,0.7346662064949886,0.2767274917560224,0.293620481701431,0.5159363847230328,0.1372570558977275,0.1151126195952162,0.0765356161415238,0.0487045371961502,0.1162597537795657,0.0437373628492658,0.0786655918075312,0.0093473858080213,0.0267034218647238,0.0840149744504863,0.0371177955001431,0.3682876302356883,0.1447655769890766,0.1639170226205059,0.2835109514160266,0.3433667679365944,0.2347826287289716,0.1294438176928701,0.23317223686972,0.0560054726063451,0.1568426132625475,0.3608189288326127,0.0583122834976016,0.5301064053992435,0.3063764926669134,0.1438360920315954,0.0150878903416599,0.5283180362227164,0.1839646475717072,0.7632105199460091,0.2766038786086288,0.5607532044538235,0.0716410851909076,0.4524196538217405,0.215716667380542,0.3288596607214921,0.1040104387199975,0.2581117072132904,0.2323436231416334,0.4728478758182687,0.4363542379610503,0.2843171409572948,0.3062997715333737,0.6550210780872356,0.725602539895454,0.1051340664106096,0.0671210268206359,0.1401312510344753,0.038258395424878,0.0597119140479807,0.3160046433728728,0.0715954318234317,0.0493464866624621,0.1802517712316211,0.0771886480265051,0.0925670078204921,0,0.4934310473402152,0.5659273015127378,0.0911117653317123,0.1502607860342806,0.268491841173842,0.7424440444782718,0.2221867587693987,0.0998885693733863,0.3759313083330835,1,0.0532459015191206,0.1229008081207967,0.1704371594771156,0.2299143628074662,0.4407013865737636,0.086611508462613,0.0647981559093351,0.2597570629751053,0.267304204684407,0.0816192689989828,0.0944538033523427,0.0510263909185831,0.0757006242126003,0.1995636026230141,0.2236597784861403,0.1769662556793824
L2b_ID0504,0.0801826665782677,0.1214226616721885,0.111888857022094,0.0815360014569739,0.1245105867014712,0.0505414044336657,0.1613890621296074,0.0711506351645204,0.117280423409608,0.0601529984872402,0,0.3343472146523404,0.0873899840527944,0.1184566884777204,0.0493515803776145,0.4551882510431543,0.0351725867113291,0.0071065369290137,0.0161511652808997,0.0061963220451181,0.0004038050137386,0.0035353221721932,0.0020016738840339,0.1339895082204958,0.0612083642588723,0.072443790892688,0.1108634676662343,0.3224497166041438,0.0595514860052712,0.1893360909855848,0.298726251260973,0.0695594328227739,0.1898232898987811,0.028340891916897,0.0640642433386856,0.1865193805930058,0.1245974869945832,0.0480441084229567,0.0893402368278688,0.1106282253485095,0.1025299589760461,0.019511284629106,0.0157370712780371,0.0681496887099195,0.0112523340962154,0.039480793721286,0.0228491681361681,0.1202329934042118,0.0294893170360401,0.1285961033786894,0.0069206997760601,0.1282333729365165,0.2271156880404044,0.038534298236599,0.2724527986599774,0.2693072529698775,0.2626903924494841,0.0682825224579993,0.0657249132104985,0.1494699475172394,0.084225700390109,0.0341779691814366,0.0595593746173234,0.0248345534472427,0.0153218867586528,0.0244263309496465,0.0206663609689532,0.0501917384879314,0.0032982588875036,0.2290147090158472,0.1106345537546213,0.0818042580579243,0.362187699966645,0.0783917609764137,0.0556031434403981,0.2238808765586679,0.3320168358751697,0.1133946161930176,0.090812010946595,0.0565058601509491,0.0473927941363684,0.4510616807205065,0.3140040575517301,0.124721159473803,0.0629964129709616,0.4680671473052515,0.268782850159342,0.0975481136743974,0.2012555931304765,0.3269529762904676,0.0543992318020458,0.2192195919600943,0.1608430884837383,0.2308228241620131,0.1135390852175886,0.2867872639807903,0.12593009469626,0.0184146140909691,0.2214341093635926,0.1696206683676265,0.203254647101194,0.4013251861823893,0.3391373708664716,0.0551900895748291,0.1288771853685113,0.1991364536815784,0.1083909078565124,0.0846131833096349,0.440533693158555,0.1659186352742897,0.0844875204633735,0.4852922828257243,0.0561869007322618,0.0996968668086257,0.0355726940838029,0.4843796189303553,0.6304906033029828,0.3347454616752443,0.1722214898167137,0.5856555085151168,1,0.1736059877357798,0.3024743697220269,0.9652020099767192,0.6843431582817053,0.1393483699632707,0.1835387904468092,0.4147241696928382,0.6215231596097637,0.4735747657324395,0.1554745663302129,0.1491583930700148,0.3051640190509989,0.3120092199348703,0.0783748552576003,0.3154557497350787,0.185212087678374,0.0884661494700379,0.1934132230091205,0.4187285463603766,0.4353511122101557
L2b_ID0505,0,0,0,0,0.0444594404855899,0.0498367629305158,0,0,0,0.0944500024517803,0.022764446407883,0,0,0.1953823227171252,0,0,0,0,0,0,0.012985028447601,0,0.0142351390370726,0,0,0.1120977457442642,0,0,0.139417320645147,0,0,0,0.1449810044172983,0.3286561799526684,0.1417474683936632,0.2531113957970149,0,0.4002512035908956,0,0.1379704820261314,0.0499883324483231,0,0.0599159716127841,0.0418784315871977,0.1496115837800525,0,0,0.0346638975621059,0,0,0,0,0,0,0,0,0,0.2116512330708518,0,1,0.0957614005530181,0,0.0123232870804435,0,0.0147566469615688,0.057611070192194,0.0065092450299408,0.0245509499198424,0,0,0.2043009542580318,0.085833346719775,0.2120442906084679,0.6491412738576215,0.4537467967138163,0,0.4018153853757306,0.2139268060994015,0.1200743359772652,0.1283158618648425,0.1064659405292553,0,0,0.1492883440575842,0,0,0,0.1117015916540547,0,0.0854879383949342,0.1435896533065595,0,0.1088168459723058,0.0350856237914273,0.2593913525738195,0,0.0829439292610506,0.0650404322655932,0.1478237231487197,0.0260109313851258,0,0.2698944038902492,0,0.2032492896030135,0,0,0,0.0857293564057278,0,0,0.1789784780646534,0,0,0.2366783573852242,0,0.2539528341501449,0.0388985463249683,0.4913395966037809,0.1172431498632219,0.454622927011197,0.1831543057915148,0,0,0.042018382301144,0,0.3047394417011015,0,0.3527807803555348,0.5600149077067621,0.1950517186063349,0.2951453685673028,0.7245334760574024,0.3555536004921755,0.449598326140541,0,0.0761247334518762,0,0.4126265221555023,0,0.2364974756313029,0.0729968168197592
L2b_ID0516,0,0.4591804451166926,0.3225930935391465,0,0.3208433846106255,0,0.1471503528858344,0,0.3757183985441892,0.1308421899242067,0,0.427406693123993,0,0,0,0.3573287878359589,0.0404194749353189,0,0.1149844744099769,0,0,0,0,0.3818970340309626,0,0,0,0.231204462580448,0,0,0.2777667524103065,0,0.1013623225237324,0,0,0,0.2214859819015674,0,0,0.505067390447522,0,0.1861951450930655,0,0.112757544258065,0,0,0,0.0761887863212671,0,0.1181964075139375,0,0,0,0.2844702232410243,0.9196370713329128,0,0,0,0,0,0,0,0.1593631948048207,0.0673661804541835,0,0,0,0.0963256659176765,0.0093737361257706,0.4501595493045485,0,0,0,0,0,0.4684520117399274,0,0,0,0,0,0,0,0,0,0,0,0,0,0.4038975577729551,0,0.5656033246416341,1,0,0,0,0,0,0.1430233113187471,0,0.4799006810245929,0,0.7320974906785126,0,0.0891935946674318,0,0,0,0,0.0507199252360972,0,0,0,0,0,0,0.1605855750148402,0,0.0159669073195343,0,0,0,0,0,0,0,0,0,0,0.1307694153876677,0,0,0,0,0,0,0.0773482054903307,0,0,0,0
L2b_ID0539,0.1707876898273947,0.026362296718503,0.0513883834875339,0.196540841117417,0.0769416703134173,0.2038019243825153,0.1177364445015012,0.140594318171504,0.0720895530729157,0.0352419373185881,0.0352651761341943,0,0.0811654538289257,0.0534655450726693,0,0,0,0.0084958319393371,0,0,0,0,0.0018879645098658,0,0.1503537196242776,0.307833941856162,0,0,0.0900966967275715,0,0.0349580838029057,0,0.1860982758654174,0.2432653972182489,0.2860370080755925,0.0105660790731021,0.1188990110194428,0.0777651469826485,0.0101563181546195,0,0,0,0.0254473176872039,0,0,0,0.0792790158850359,0,0,0,0.0589628136659751,0.4261295272736987,0,0,0.017243487354432,0,0,0.056032937164289,0,0.130355357937185,0.2294571474853789,0.1220611585557527,0.0477217640922159,0.0122297943026504,0.089727645292711,0.0443604809993157,0.0478584602680681,0,0,0,0,0.4848602408310065,0,0.1127681669718099,0.0989791390270311,0.0539819594539453,0,0,0.3029950726158861,0,0.4222651936132312,0,0,0.3898105062329413,0,0,0,0.1069376249666917,0,0.0352008903171406,0.3138318674393008,0,0.2043231246905744,0,0,0,0,0.322110480355247,0.0313992270302168,0,0.0690376280066965,0,0,0.4222797396598516,0,0.0605737709888652,0,0.1517378681115898,0,0,0.4752567188962222,0,0,1,0,0.1523646659801619,0,0.193593671367867,0,0,0,0.1374445838231394,0.3389048919623104,0,0.2593899041241134,0.0910341537607495,0,0.3106472146520465,0,0.4035506939435295,0.0937591197667971,0.2337884805853678,0.1654777783771471,0.0777052683997283,0.3144520363533846,0,0,0.2093944631404962,0,0.1574155924028099,0.1113783952682463
L2b_ID0561,0,0,0,0,0,0,0,0,0,0,0,0,0,0,0,0,0,0,0,0,0,0,0,0,0,0,0,0,0,0,0,0,0,0,0,0,0,0,0,0,0,0,0,0,0,0,0,0,0,0,0,0,0,0,0,0,0,0,0,0,1,0,0,0,0,0,0,0,0,0,0,0,0,0,0,0,0,0,0,0,0,0,0,0,0,0,0,0,0,0,0,0,0,0,0,0,0,0,0,0,0,0,0,0,0,0,0,0,0,0,0,0,0,0,0,0,0,0,0,0,0,0,0,0,0,0,0,0,0,0,0,0,0,0,0,0,0,0,0,0,0
L2b_ID0575,0,0,0,0,0,0,0,0,0,0,0,0,0,0,0,0,0,0,0,0,0,0,0,0,0,0,0,0,0,0,0,0,0,0,0,0,0,0,0,0,0,0,0,0,0,0,0,0,0,0,0,0,0,0,0,0,0,0,0,0,1,0,0,0,0,0,0,0,0,0,0,0,0,0,0,0,0,0,0,0,0,0,0,0,0,0,0,0,0,0,0,0,0,0,0,0,0,0,0,0,0,0,0,0,0,0,0,0,0,0,0,0,0,0,0,0,0,0,0,0,0,0,0,0,0,0,0,0,0,0,0,0,0,0,0,0,0,0,0,0,0
L2b_ID0591,0,0,0,0,0,0.0134184837411529,0,0,0,0,0,0,0,0,0,0,0,0,0,0,0,0,0,0,0,0.1248160498798065,0,0,0,0,0,0,0.1029495340793432,0.131412861748194,0.1534353846863979,0.0056383494690349,0,0,0,0,0.0119851716522981,0,0,0,0,0,0.0466072909971377,0,0,0,0.0340134390492078,0,0.0181467354652258,0,0,0,0,0,0,0.0099681251168571,0.0093476034657368,0,0,0,0,0,0,0,0,0,0,0,0,0,0,0,0,0.0576973906084764,0,1,0,0.0089539504340832,0,0,0,0,0,0,0,0,0.142904565958106,0,0,0,0,0,0,0,0,0,0,0,0,0,0,0,0,0,0,0,0,0,0,0.036933530056862,0,0,0,0,0,0,0,0,0,0,0,0,0,0,0,0,0,0.0176440629041675,0,0,0.025672575232571,0,0,0,0,0,0
L2b_ID0607,0.1433840997886952,0.110243321513144,0.147570368217679,0.1466770907259227,0.1403210668998818,0.1482201551581309,0.2075691909749782,0.1221232241882716,0.1223286876504488,0.1127305048236651,0.0268242622514954,0.3836820388189815,0.5004662157509757,0.3882382633858112,0.451016219973386,0.3836107474769401,0.0087091956676476,0.025624736867179,0.0097345284634451,0.0096658949541116,0.0073541782151958,0.0091311650009595,0,1,0.1834900535217813,0.1928277451180013,0.2534835793956823,0.2357285954012099,0.1728155736617094,0.1746926036331202,0.164451315066683,0.2506217338115337,0.0968256228208651,0.0927342756385853,0.0916434254946471,0.0946174895102135,0.1004433040517738,0.1554198246985684,0.0987580443884286,0.0973961378335977,0.0748246979187079,0.0725945943628124,0.0502203065719071,0.0588890984573572,0.0565640122292907,0.0783530239952326,0.0523189171030365,0.0470440901725383,0.0615440772436588,0.0477326696579372,0.038546113060825,0.2833440676305732,0.1785544132951832,0.1931144911051848,0.2517446149740097,0.2232683354635173,0.2454476729971792,0.1903186754410741,0.2973929791470816,0.2343135416422909,0.2130773212793257,0.0425132024390493,0.0261300085838546,0.0316122740415468,0.0150050437986614,0.0172568210943464,0.011844238103963,0.0017961137311894,0.0100988169206985,0.3517138821590924,0.2645953707807156,0.3939468580643269,0.3130769987956238,0.3018814986741372,0.2777010895259526,0.1617765289297825,0.3071273847595927,0.3261768137029727,0.2805845710496032,0.1945768967171289,0.3162810267564491,0.2895664107402145,0.2038504412256266,0.2826602226311714,0.3177395130455938,0.2116230875225137,0.3106854502122315,0.2841329974289543,0.2833722099445445,0.2881295651156079,0.2862075528021878,0.2346797130263606,0.2731455122890447,0.3261656507110984,0.2572628521302015,0.2235771260113097,0.3195652504840179,0.232271097613206,0.2114176807607676,0.2374491888832048,0.2313238791113261,0.3027852279453603,0.3141199843256383,0.2767473693746395,0.4214810410118825,0.386458961332444,0.5373735847646225,0.3628018404629184,0.2960442648925542,0.3178165500313205,0.3321139205689094,0.2827858329862105,0.477017298864464,0.4092891253144615,0.4250974323079836,0.4457190766982125,0.3109789316436258,0.3618191841915985,0.4844295997465774,0.3337743571615202,0.2548454103499384,0.4812368315463621,0.3733802508925563,0.3654394311170146,0.4101993184348304,0.3601241059036004,0.3779541990691419,0.40634671314275,0.4077915913284298,0.2136089256212131,0.4616978629879206,0.3202724347038721,0.3250321334927544,0.29576431596405,0.2465979546429862,0.3355870699439153,0.5071584542333197,0.3505320561734478,0.2636497398909067,0.3243909650178303,0.302910800500112
L2b_ID0627,0,0,0,0,0,0.0539122626654999,0,0,0,0,0,0,0,0,0,0,0,0,0,0,0,0,0,0,0,0.626906718421924,0.2225126113090954,0,0,0,0,0.1828068440032928,0.1551169558661639,0.3114725079072327,0.3670768223081056,0,0,0,0,0,0.0218428233509271,0,0,0,0,0,0.0988069196377211,0,0,0,0.0187445495181937,0,0.2215562893870801,0,0,0,0,0,0.1972446863023189,0.1229950300031729,0,0,0,0,0,0,0,0,0,0,0,0,0,0,0,0,0,0.2539238689109258,0,0.8541234259194466,0,0,0,0,0,0,0,0,0,0,1,0,0,0,0,0,0,0,0,0,0,0,0,0,0,0,0,0,0,0,0,0,0,0,0,0,0,0,0,0,0,0,0,0,0,0.2442652627566541,0,0,0,0,0,0,0,0,0.111152308315677,0,0,0,0,0,0
L2b_ID0632,0,0,0,0,0,0,0,0,0,0,0,0.2285680707773326,0,0.2882686236656379,0,0.4215588471997855,0,0,0,0,0,0,0,0,0.1843248738048454,0,0,0,0,0,0,0.2096213834503159,0.1515129565710724,0,0,0,0.0874603104159057,0,0.1322369700149073,0,0,0,0,0,0.135153838060834,0,0,0,0,0,0,0.358999538781888,0.2140232367974429,0.2050206105523396,0.2180690208286968,0,0.6101803953751672,0,0.2298613194821826,0,0.2920614349044145,0,0,0,0,0,0.0143173948160436,0,0.0192584649036316,0,0,0,0,0,0,0,0,0,0,0,0,0,0.1206518301836077,0,0,0,0.4223589317534214,0,0.8404162395374081,0,0,0,0,0,0.2462994957626302,0,0,0,0.1888424240262222,0,0,0,0,0.4511425394544902,0,0,0,0.4723774957673384,0,0,0,0,0,0.5493903271195948,1,0,0,0,0.3531370406915579,0,0,0,0.6491691102293179,0,0,0,0,0.4379312149412214,0,0,0.4045256778249337,0.3625282708111469,0.4310168667240217,0,0,0,0,0,0,0,0
L2b_ID0652,0.1065338410193064,0,0,0,0,0,0,0,0,0,0,0,0,0,0,0,0,0,0,0,0,0,0,0,0,0.0786958012832112,0,0,0,0,0,0,0.1309110058521977,0.1549317128631947,0.2954881309775218,0,0.0768404693425579,0,0,0.0159613340481253,0,0,0,0,0,0,0,0,0.0152488171921793,0,0,0.1700189008808413,0,0,0,0,0,0,0,0.215689642816415,0.1092513137949996,0.0835107749334045,0,0,0.0548705311095289,0.0847502029414394,0.0296438758172564,0.0025964529844592,0,0,0.1150557555290964,0.2132860206920326,0,0,0.0681493009455441,0,0,0.1009298463759602,0,0,0.0700867754954891,0,0,0.3090872398508278,0,0,0,0,0,0,0,0,0,0,0,0,0,0,0,0,0,0,0,0.0981499040236221,0,0,0.160081926974389,0.0811163480252235,0,0,0.2749956339659978,0,0,0.0719589904936122,0,0,0,0.3220114703578132,0.0421745519823371,0,0.219988175432358,0,0,0,0,1,0,0.3770892202528104,0.0297444735026141,0.1403551395740204,0.1517160416723995,0.2024164806457389,0.141877911720948,0.1052931704684194,0.360302309146051,0,0,0.3535452294639412,0.1780846698464089,0,0
L2b_ID0656,0.2849302936899668,0,0,0.3172420925602915,0,0.3236787519463753,0,0,0,0,0.0077499823496399,0,0,0,0.0660916906470212,0,0,0.0098080462508701,0,0.0030121277120193,0,0,0,0,0,0.3723243629076083,0,0,0,0.0532829351078403,0,0,0.2003508474656017,0.1270103423529439,0.0405157406119819,0,0,0,0,0,0,0.0220797075816954,0,0,0,0,0.0280177573992321,0.0080196347283804,0,0,0,0.0672653889444052,0,0,0,0,0.0443223346518716,0,0,0.8236387266020005,0.2856845100414277,0.0619891479496176,0.0518378323018448,0,0.1145530359011328,0.1089868664592449,0.0708094779884784,0,0.0076271949114685,0,0,0.6206052008507722,0,0,0,0,0,0.5118562993422643,0,0,0.1915389329955477,0,0,0.3527536726602523,0,0.0751040299542489,0,0,0,0.0849789358865212,0.3792263659653486,0,0,0,0,0,0,0,0,0,0,0.234864195476855,0,0,0,0,0,0,0,0,0.045147918642884,0,0,0.2066847846969745,0,0,0,0.98347342094952,0,0,0.1122273653246816,0.0876114681335525,0.0989881658289552,0,0.2436844907639149,0.0884793891367882,0,1,0.0739591580732524,0,0,0.7775238204710719,0,0.2059823317347592,0.0636550701753743,0,0,0.0555465071956747,0,0,0
L2b_ID0681,0,0.7007646666424426,1,0,0.6433597406858228,0.0154133731410497,0.4334641394735345,0,0.637934126715672,0.3198839916950478,0,0.2626405385612567,0,0,0,0.1889805802512778,0,0,0,0,0,0,0,0.0233172999763021,0,0,0,0.1172889642634715,0,0,0.2827819492399575,0,0.1802433300362544,0,0,0,0,0,0,0.591815136738375,0,0.3048559488685461,0,0,0,0,0,0.0615188877385425,0,0.0759508755020965,0,0,0,0.1165338397988319,0.4302855322575399,0,0,0,0,0,0,0,0.2582788654983559,0.1561619374577646,0,0,0,0.2392928978759742,0,0.8203745809307509,0,0,0,0,0,0.2853100834361883,0,0,0,0,0,0.0236294385030873,0,0,0,0.0484407245900253,0,0,0,0.6345518047295938,0,0.8746429562307746,0.1642576397541058,0,0,0,0,0,0.0596259850318904,0,0.8579731980009044,0,0.4375819745374547,0,0,0,0,0,0,0,0,0,0,0,0,0,0,0,0,0,0,0,0,0,0,0,0,0,0,0,0,0,0,0,0,0,0,0,0,0,0
L2b_ID0685,0.059312043498634,0.0210381547084287,0,0.0463019346076396,0,0.1603340734249305,0,0.0566178110413907,0,0,0,0.0474599369194684,0,0,0,0,0,0,0,0,0,0,0,0,0,0.1828232354378364,0.1212807551737112,0,0,0.2612556108871502,0.0262477156836082,0.0540912676566123,0.075211223460261,0.132214372507206,0.3190537507676633,0.0965594526219851,0,0.0266899192894437,0.0917832830829373,0,0.0528952174138518,0,0,0,0.0705037301342102,0.0112549341924096,0.0408594976734101,0,0.0098532181122805,0.0074673777331855,0.0159134466303518,0.2323159498477264,0.0924929799664501,0,0,0.1488288799197056,0.328668758519169,0,0.0272394143585073,1,0.0685235019689813,0.0603113520841068,0,0,0.0362270829419284,0.0627318827291417,0.017022561420714,0,0,0,0.0530998126307464,0.5748114516411402,0.1500218143367677,0.0601284929526496,0.0388269229250717,0,0.1410960976844079,0.4160840345304625,0,0,0.267008449507511,0,0.0315745113791306,0.220904643711378,0.5657117467126794,0.0444142101854919,0.1462662768991615,0.0434898023222007,0.0932271126062964,0.044830446795889,0.315644838268372,0,0,0.2479040843566413,0,0.1732283703185874,0,0,0.0575600139685738,0.1443472412742475,0.0753755014576444,0.0843706697225471,0.0366341854879493,0.1062482904751982,0,0,0,0.0449194719116494,0,0.0570528884380031,0.1600731265795653,0,0,0.7880952125195868,0,0.2460387149168163,0.0548392721231983,0.3313241284633594,0,0.3301094401764667,0.064201752132651,0,0.4667721447174412,0.8996340896656385,0.0598603754399236,0.2108848311859152,0.0595857879933861,0.9322449047535478,0.1306471406359229,0,0.0568971754044117,0.8601688990941271,0.165278892393679,0.0474657310747912,0.2633147590758916,0.0462712067329721,0,0.1668084746759843,0,0,0
L2b_ID0690,0,0.4591804451166926,0.3225930935391465,0,0.3208433846106255,0,0.1471503528858344,0,0.3757183985441892,0.1308421899242067,0,0.427406693123993,0,0,0,0.3573287878359589,0.0404194749353189,0,0.1149844744099769,0,0.012597766616408,0,0,0.3818970340309626,0,0,0,0.231204462580448,0,0,0.2777667524103065,0,0.1013623225237324,0,0,0,0.2214859819015674,0,0,0.505067390447522,0,0.1861951450930655,0,0.112757544258065,0,0,0,0.0761887863212671,0,0.1181964075139375,0,0,0,0.2844702232410243,0.9196370713329128,0,0,0,0,0,0,0,0.1593631948048207,0.0673661804541835,0,0,0,0.0963256659176765,0.0093737361257706,0.4501595493045485,0,0,0,0,0,0.4684520117399274,0,0,0,0,0,0,0,0,0,0,0,0,0,0.4038975577729551,0,0.5656033246416341,1,0,0,0,0,0,0.1430233113187471,0,0.4799006810245929,0,0.7320974906785126,0,0.0891935946674318,0,0,0,0,0.0507199252360972,0,0,0,0,0,0,0.1605855750148402,0,0.0159669073195343,0,0,0,0,0,0,0,0,0,0,0.1307694153876677,0,0,0,0,0,0,0,0,0,0,0
L2b_ID0706,0.4711515686521118,0.3417040622394026,0.2096768253444378,0.2896928702355478,0.2633554847304619,0.1633993165612572,0.4599136708925522,0.2785418931138583,0.363512282146943,0.4647269272684409,0.058009262147326,0.2755877169518364,0.0862816968414771,0.115918681798038,0.0189237416948345,0.250441530561274,0.2984843547894171,0.1055433104461324,0.2022190552898212,0.0771335125786195,0.146799373047145,0.0961786361628483,0.0994125305227278,0.1569558153609432,0.5791088540248098,0.2059627941596582,0.1563622132641681,0.7241123184855442,0.36426314307094,0.3318227326059242,1,0.1549918511549348,0.5042263575354443,0.2232119470914577,0.3479071344632792,0.2429741969079633,0.3717718786325213,0.2774594390115411,0.3236219267037686,0.4207110795704199,0.4726899789279676,0.2117695586434846,0.0815410499175205,0.2577839947960245,0.0581644587742352,0.1917576962693631,0.1226073174548293,0.5342652620696602,0.1570594159255086,0.6645269868529136,0.0629670748702251,0.1345583661897565,0.4977061833274822,0.5137589219570147,0.4598624209514249,0.2356254518784592,0.2014114380656382,0.2734531343554772,0.1678313482080818,0.2385255287048634,0.2264450266348339,0.1526163879823761,0.1820741383619806,0.1143339098063598,0.1483895342135333,0.0559802286263945,0.0871954600107035,0.1390315023837774,0.1703583391647635,0.2086082255648959,0.1578539415147014,0.180191421058648,0.1972698966500111,0.3329836461140164,0.1967771118316214,0.1495283235439972,0.2008974649022275,0.0772506142707336,0.0949272900655417,0.1751914095486438,0.0889385182453796,0.1422227405038883,0.1354012797776393,0.0606200782728877,0,0.1718605381294852,0.0728954293237733,0.1762621704804277,0.2634535745147121,0.2282079742072894,0.1487214526700039,0.3214791542562437,0.1785718685165182,0.2668073554108525,0.1843672293168385,0.3742745318779709,0.1824787259783986,0.3189808264733185,0.498210125291699,0.219584866230127,0.250302340482655,0.2429900502702454,0.3739765423537523,0.2080804791350776,0.0250570685987908,0.0388113678164213,0.091794302503963,0,0.3029636587464556,0.0321876309403773,0.1779616172313067,0.1747988514551041,0.0366625866708947,0.0582660160867296,0.0258835466922971,0.3502598765885938,0.2346402548904345,0.0753279856541497,0.0264364774407898,0,0.8176462422236621,0.0386158767007051,0.1711123373280969,0.2782763208732703,0.2987426284039172,0.0534871263474778,0.0851931519321105,0.1399819530124001,0.1976702666825612,0.2566538463690949,0.05291157139831,0.1268955129983669,0.1401212752234252,0.2657441895659786,0.0998230515073597,0.1313869652787065,0.0403842150479446,0.0940232515550644,0.3121736137722016,0.1209929767318669,0.1210055015196778
L2b_ID0713,0.4559515439806169,0.0837344164440087,0.0459952855129461,0.2715628976348191,0.1143804471284252,0.1735121342953722,0.1871370572879185,0.4843343288992964,0.0620900084988246,0.0583747780224066,0.0090588124085189,0.209870885517386,0.0816124899855057,0.1477890052611367,0.0406285967338368,0.4727230803694783,0.0249587933742056,0.009304172512092,0.0193319061083317,0.0060591512510374,0.0079028084852982,0.0031666700753434,0.0150505558331084,0.0586395583079414,0.3071763612212538,0.3089604365129836,0.0903646059231814,0.2662750936077813,0.1155233277246465,0.1842967334092103,0.2010752184194306,0.0659919629546113,0.1980527602513828,0.1108357881172668,0.2160037795679842,0.1775071106791714,0.0986973873885628,0.1316561621304633,0.0967739279428454,0.0979843572096279,0.0976858736340732,0.0381366434987157,0.0373133002835433,0.0757442540724502,0.0192501485903733,0.0133244628218397,0.1302295043276526,0.0806405172810251,0.0122981490097115,0.12781541088169,0.0718843399229449,0.3896149218739199,0.1626600912092518,0.092911243235575,0.1527040767676764,0.3136775044624774,0.1268587831225822,0.0918988420385307,0.0338537572345949,0.1276914950674754,0.3744465875406598,0.1966741628015261,0.055991797311298,0.0332332333868605,0.0794911427431423,0.115194058700393,0.0951109343414175,0.0351230520703645,0.0053676252463839,0.0446776506096417,0.1947047037308844,0.5985071929936231,0.4265291352733655,0.251852906516208,0.1522045193164992,0.0887037629985676,0.353731356670377,0.4751310867738355,0.0730734109482282,0.1089919121393847,0.2603562813630238,0.0806234996560055,0.18570744051232,0.2668521414958551,0.0349601616982821,0.1344666835609803,0.1879489641890987,0.1347051230890385,0.1533140439550862,0.2835492194395143,0.1460463713762723,0.1769397257774918,0.1140718261004662,0.2334917782244693,0.0545322016167312,0.1870059334957629,0.1235159349259912,0.0644912273802339,0.1493356223634387,0.26124469113043,0.1709221647750521,0.3662930046581145,0.208519744672008,0.2209202819510027,0,0.0839560176224088,0.0423274434718245,0.1713107624085629,0.215093666512107,0,0.1971779064182818,0.659184585307625,0.0366300489754119,0.3156764654932612,0,0.4068069227080361,0.3127098123388214,0.5415828883087286,0.0715992076627028,0.3211398277605954,0.2764062450037212,0.0584353517933383,0.4804875703790348,0.5942608485061954,0.5512783112268651,0.6225267929501743,0.0941598121742125,1,0.7048474118225653,0.4025542248631427,0.0628733506350396,0.4633759080242837,0.391139288930072,0.4449333045290087,0.3585936926509464,0.2770310710373518,0.0687346577655646,0.31699567710279,0.1495500178486468,0.2848367531721572,0.6257602746540977
L2b_ID0733,0,0.0477385232130542,0.0696493295437527,0,0.0892530242152954,0,0.065799862382985,0,0.0438030671767814,0.0729575343690146,0.0628045379293109,0,0.214149713342007,0,0,0.1698415604639055,0.0431274238999062,0.0132631962681457,0.0122341208688509,0.031023451052132,0.0541207265013582,0.0235940180000046,0.0203483719859761,0.612237390209955,0.1992927267542901,0.1507248138302708,0,0.251112059964068,0.0293303955282806,0,0.0639646118387184,0,0,0,0,0.0336515133680107,0.3542760118207307,0.1221116118994898,0,0.0973787810223763,0.0252703661606025,0.0624874703890155,0.0767619207760984,0.0507560216036095,0,0.1010063856923633,0.0225911440471538,0.0432768264181569,0.0369215458964077,0,0,0,0,0,0.2814007871121068,0.0538630690498516,0,0,0,0.0415377837567197,0,0,0.0931582120785902,0.0569834828232661,0,0,0,0.0548151627375424,0.0064826723941526,0.0674926907651487,0.1793472580363615,0,0.1207691946325416,0.1217008879713389,0,0.4214449675102673,0.076600488646991,0.0892417558381746,0,0.056264510575427,0,0,0,0,0,0.0664478259974011,0,0,0,0,0,0,0,0,0,0,0.0908850927649262,0.1485668238217277,0,0,0.2805082283071433,0,0.3852372393379382,0,0.6936220335286062,0.2309650637581148,0.8925041640746303,0.0872442458650513,0.3650045053769955,0.2208189728771498,0,0,0,0,0.2567949010692221,0,0.2795978003291876,0.5091922671693784,0.4711933140544424,0.3774491361944244,0.3821756543652834,0.335916783435539,0,0,0,0.2257831429211753,0.1494144832816876,0.0701843815346863,0.9099919190467712,0,0.5357339222319194,0.5848233038352261,0.2648098579501762,1,0,0.1862067447292151,0.4689419956427084,0.1910135522641031,0.7132757087530548,0.7259324706884606,0.1904910908529828
L2b_ID0734,0.2435799603509648,0.0993566728679885,0,0.1855883173741653,0,0.3468566562167674,0,0.0363485009326181,0.066688682385066,0.0272484069044974,0,0,0,0.1641108060064515,0,0,0,0.0114888787934218,0,0,0.0227621282321028,0,0.0060763676627431,0,0.209083806944382,0.5298415004250613,0,0,0.1060870618951357,0,0,0,0.1678426241116919,0.1970141404705314,0.626810134663784,0,0.1370127008601087,0.104009505162351,0,0.0516934222790481,0,0,0,0,0,0,0.0658350019316569,0,0,0,0,0.4902210374132543,0,0,0,0,0,0,0,0.7539622819534111,0.2314654335283135,0.1291695291594687,0.0321922610609107,0,0.2171263438889476,0.2861491212845219,0.0922858679161528,0,0,0.0454446856688482,0,0.7986994808575603,0,0.0985232129892154,0.1360065637846287,0.0411045160623902,0.0838197180004494,0.2849600454812261,0.1535238443528195,0.394145398371075,0.6160813668317953,0,0,0.6556000960677513,0,0,0,0,0,0,0.3251439132204266,0,0.1177319004049093,0,0.1324558550775427,0,0,0.2710194587438166,0,0,0.071846107178414,0,0,0.3422024267178604,0.0669077179643122,0,0,0.1206274959114626,0.1777881651693281,0.0552187105059249,0.2134154924943785,0,0,0.4734076425671218,0,0,0.3312792832466291,0.4327802127996105,0,0.2402746785444302,0.2474792759131777,0,0.2461181739816844,0.0625857120169339,0,0.8506712262818911,0,0.4284642450805321,0.4323222466007367,0,0,1,0.1965576521395574,0.2419969448869469,0.2986839704466982,0.2009473980202585,0,0.2423268522478491,0,0.5122934525485483,0.1502499377106048
L2b_ID0735,0.0856469778295583,0.0997736439080562,0.0685389688517861,0.1791946522863023,0,0,0.4501213010930688,0.1032848976821192,0.2121717747949192,0.3327242142023724,0.0074840981568498,0.7483341958600809,0.5530977024720258,0.386188735840334,0.2441144677643132,0.1706655271973463,0.0321269422949195,0.0034442607482528,0,0,0,0.0119445728065942,0,0.1005048207105044,0.1417745563559879,0,0.0431873286044754,0.0649489589607455,0,0.0412594254310327,0.070421485016496,0.0849611649631071,0.0804066483530245,0,0,0,0,0,0,0.065508108185613,0,0,0,0.0225392454456423,0,0.0245274304490246,0.1125334637232819,0.0617148439106244,0.0305584442018151,0.035600282099477,0.0359086322616374,0,0,0.0543418209808009,0.1458398850186786,0.0841860857577569,0,0,0.0477756758595696,0,0,0.0145712105959651,0,0.0156109452398113,0,0,0,0,0,0.2779835331476424,0,0.2970250016928143,0.0741390303407911,0.9968292834370928,0.9270185448960097,0.105889549656833,0.1032439696272704,0.4582121431800281,0.5776048329996901,0.402384922525105,1,0.1265938736348024,0,0.186358264448629,0,0.1572094945538558,0,0.3238615595647351,0.2174188734773671,0.3413650081161753,0.0469626942292868,0.4642599568711327,0.5010046014395148,0.1039002133715242,0.918641262835158,0,0,0.0712905279793947,0,0.1698027816472222,0.0864618261196538,0.0634384747592414,0.1717341694273574,0,0,0.0790495353873469,0,0,0,0,0,0,0,0,0,0,0,0,0,0,0,0,0.1325313185003895,0,0.0902207559073783,0,0,0.1868886471165572,0.0608271612705257,0,0,0,0,0,0,0,0.0358312222812556,0,0,0,0
L2b_ID0755,0.2147638004339132,0.1413469376433445,0.0995006188960652,0.1672420585437969,0.0920113516131305,0.0413683877840589,0.1999594049761577,0.1292745129471762,0.1357949871330392,0.212512910067216,0,0.3799758204093137,0,0,0,0.5663379009086589,0.0792063579129184,0,0.0587645018819398,0,0.0489573457376599,0,0,0.2009257514639947,0.0410317655124468,0.0275658454035537,0,0.6370096361016583,0.0731702970621147,0.1070688443625019,0.4642813893618797,0,0.2195513456456995,0.0265241407324146,0.0568952234063235,0.0733465087030033,0.1965638979919144,0.0868853521059184,0.0894646792056019,0.2174225745816426,0.185166707607375,0.138860145707273,0,0.1284480656077558,0,0.0309055264208758,0.0308326898145348,0.1405993344865035,0,0.2229754590648725,0.0143186530073803,0.0563120888957303,0.2511933112794942,0.5175483954157735,0.5241593494000832,0.1323049927006423,0.1537697396270905,0.0080098939281639,0,0.0442821115509773,0.0855767092266779,0.0118009790535174,0.0494916469709789,0.0623231776845068,0.0141953791267859,0.0154343810864422,0.0175015265303286,0.0385907005659063,0.0555666722975758,0.2429172241350098,0,0.1361511845400555,0.1647447149002354,0.1766132789833976,0.0684819372760026,0.0795510532715665,0.0522105483589314,0,0.1375987543612475,0.1340532275855244,0.1180299849664719,0.2382589045415948,0.1386605191465074,0.040043148924388,0,0.2756279421708954,0,0,0,0.3319292544559567,0.0261433702790948,0.3953427799332387,0.1574128462696809,0.1754748330843571,0.0832597590237402,0.2726809233624924,0,0.0341852566844973,0.7060069140235129,0.1297656358937477,0.3125559196765792,0.4223475793670824,0.6745512057059436,0.062567068002225,0.1809744654926054,0.0959371677992624,0.1340612866161117,0,0.3556641865676826,0.1415568066697286,0,0.0888260853702481,0,0.0725093534733297,0,0.397099248773403,0.5117213539571215,0.1125421381095438,0.0931708368297448,0,0.5880620392920848,0.1749661255829365,0.0617407581036363,0,1,0.1382355146109599,0,0.1062568439286887,0.1216226539474756,0.9068810970627144,0,0,0.2392736489441295,0.2316311327973307,0.1451088806268901,0.1335348757359956,0.1481685134549576,0.1111113415674552,0,0.1426897970423732,0
L2b_ID0765,0,0,0,0,0,0,0,0,0,0,0,0,0,0,0,0,0,0,0,0,0,0,0,0,0,0,0,0,0,0,0,0,0,0,0,0,0.1884491209029199,0.2199776797789629,0,0,0,0,0,0,0,0,0,0,0,0,0,0,0,0,0,0,0,0,0,0.6243533455337889,0.1861876322631913,0.0350727069338113,0,0,0,0.1122530334061061,0.0173959133087861,0,0,0,0,0.4402244268093858,0,0,0.6606242638277084,0,0,1,0.4190649152926244,0,0,0,0,0,0,0,0,0,0,0,0,0,0,0,0.3638694995723877,0,0,0,0,0,0,0,0,0.1516493916202974,0,0,0,0,0,0,0,0.9189992426949132,0,0,0,0,0,0,0.9034674466705565,0,0,0,0,0,0,0,0,0.7788459405479543,0,0,0,0,0,0,0,0,0,0,0,0,0
L2b_ID0791,0.0659416308056388,0.3058554909200548,0.2744842500230792,0.0923150721940378,0.2772218314201073,0.0631678719607832,0.409533302772289,0.10066187214774,0.311103787154831,0.1908935777556523,0.0005860384638766,0.2793348465690452,0.0067999924026011,0.098571015387462,0.0081936941780331,0.2227360626638899,0.0475190572512368,0.001395780874392,0.0055116681918429,0.0004331938149872,0.031037438439334,0.0013419829357012,0.0118271236861842,0.0920386238135763,0.2799898816385321,0.1309397900250848,0.0061371980602226,0.2258211910451638,0.0500634384463357,0.034409887018267,0.1720829311335531,0.0103944606649859,0.1213268405797928,0.0272729829943036,0.0575119430064674,0.0280897583313716,0.2938521687545715,0.1075838839774491,0.016178025907578,0.0620311791839965,0.0165843525597576,0.3311293417251268,0.0017912515442015,0.3612585885118038,0.0087213106067187,0.0097900524530788,0.0996207514214054,0.0827668464396953,0.0076773143088869,0.1168907110524881,0.0209243570641075,0.0849964720792356,0.0574955328987114,0.1091793719570999,0.2595124527323657,0.1566571323929128,0.1314066903367922,0.0253214364217343,0.004937646099357,0.2939430857597833,0.0478327322638815,0.0168697157013197,0.0651576857636193,0.0879147924259226,0.0096306482612061,0.0078190951237475,0.0084686336311279,0.0549812482458288,0.0237787431259219,0.2236221633529354,0.0256227544202791,0.0703247966405792,0.0767506043739912,0.0906393699763672,0.0565142340146182,0.2727782708270436,0.0406871880445645,0.0826856543207082,0.0373098910218755,0.0274508894075236,0.0324408962106716,0.3683205524256359,0.1414367594195301,0.0556259416692986,0.0077466882500378,0.2889203593498312,0.0869739796804506,0.0439750208841361,0.069469968439685,0.3187662985691803,0.0700123263192147,0.1194893903378607,0.0526165661489374,0.0414656165520624,0.0418465947874311,0.013766017690242,0.0021389096808481,0.0269943864696415,0.1623553464135134,0.0494417363628598,0.2061660926280708,0.105350113491434,0.2965342587769286,0.0291338604021182,0.0120686563942887,0.0248290253960851,0.0085803491420398,0.0164436533248002,0.0886324232841907,0.0053045930805632,0.037320979030615,0.0194098519887664,0.0056852272843415,0.0876046454999606,0.0033600718516654,0.136566013133296,0.3901305956194782,0.285933676516528,0.0058540211535542,0.323202186477964,0.579915228359658,0,0.2962523179615782,0.1164696591513863,0.21351976787101,0.0713767658103711,0.0228560973970604,0.7993726894632656,0.2372588259325919,1,0.0169742870026175,0.1521038406966657,0.2928870012769736,0.1049512479777048,0.0600735848894755,0.0720909880846106,0.0112715247466809,0.0139730977251473,0.2158011403166398,0.5233725393569817,0.0566680516834833
L2b_ID0808,0,0,0,0,0.0536222665854077,0,0,0,0,0,0,0.1288275010129688,0.1640019546503098,0.1614778355536408,0.0897922453083173,0.2096782501354579,0.0122275409208574,0.0197321646313979,0.0135717420211504,0,0.0100331083797195,0.0196956850759323,0.0289863011531476,0,0.0656703834359903,0.0440145269103358,0,0,0,0,0,0,0,0,0,0,0,0,0,0,0.0322411141044169,0.0374334208728992,0.0142081103813412,0,0,0.0262550883447614,0,0.0329168615900242,0.0526397186805214,0,0,0,0,0,0,0,0,0.0445957570779715,0,0,0,0,0,0,0,0,0,0.0334601758532898,0,0.0879615398621034,0.2018107796728703,0,0,0,0.1710341335510465,0.0309445488220144,0,0,0.5623931875354065,1,0,0,0,0,0,0,0,0.2381310208780708,0.2025987514150724,0,0,0,0,0,0.0819160566712183,0,0.0187328420246614,0.2860192566089694,0,0,0.0287662043138001,0,0,0,0,0,0,0,0,0,0.0878714298185765,0,0,0,0,0,0,0,0,0,0,0,0.0692154037333239,0,0,0.1328143607668387,0,0,0,0,0,0,0,0,0.0539614932762117,0,0,0,0.1534854342433763,0.1747632066703168,0
L2b_ID0820,0,0,0,0,0,0,0,0,0,0,0,0,0,0,0,0,0,0,0,0,0,0,0,0,0,0,0,0,0,0,0,0,0,0,0,0,0,0,0,0,0,0,0,0,1,0,0,0,0,0,0,0,0,0,0,0,0,0,0,0,0,0,0,0,0,0,0,0,0,0,0,0,0,0,0,0,0,0,0,0,0,0,0,0,0,0,0,0,0,0,0,0,0,0,0,0,0,0,0,0,0,0,0,0,0,0,0,0,0,0,0,0,0,0,0,0,0,0,0,0,0,0,0,0,0,0,0,0,0,0,0,0,0,0,0,0,0,0,0,0,0
L2b_ID0825,0.2460797304722708,0.2984642632386686,0.3316156032371451,0.260311207399034,0.28853685713565,0.2722607133756927,0.2932213567486768,0.1733364402185946,0.2277025024802342,0.1952245104060513,0.0364690152887139,0.7876279603024113,0.8247558242439053,0.7938709842910392,0.8543288719122946,0.668295683537408,0.0324733407730748,0.0214417208018772,0.0089817376629064,0.0335322640071488,0,0.0078811282396562,0.0092406997923889,0.5210378975978575,0.3805025581654606,0.4071354318967524,0.6182406627825753,0.5366743432776563,0.4156625832338423,0.3914767702989926,0.4909756985439346,0.4486862694644414,0.2912235038193576,0.2494750549091737,0.3335183238947443,0.2469769426353404,0.1208719451921769,0.3130610490918127,0.2837323012977957,0.2784188855963973,0.2337236180332473,0.2016627636692211,0.0222098562248977,0.1574873385565982,0.1011551299438127,0.1400026965009227,0.1717406552853298,0.1900350374614036,0.1733914534511074,0.1428131981809827,0.0796343244858983,0.638182483154893,0.5828167547338085,0.5875253257703595,0.957511329742044,0.6288960790008072,0.561028204837985,0.6263446084048284,0.6512760838321425,0.5517974157020001,0.6812070936278579,0.0607362636045542,0.1075925056029999,0.0819491679737533,0.0412927342363895,0.0224271635082033,0.0209340707781092,0.0450040587930477,0.0320701193546431,0.6618498578055878,0.4740212922773808,0.5684976177063775,0.6029617278909115,0.6154943139536476,0.5399576854463722,0.6940997480674784,0.6290877477106196,0.3647465076000254,0.595877558096506,0.3903123653348032,0.664095270281215,0.5583117948420656,0.6614503724726823,0.6585624535841522,0.4327666836654379,0.5658182175241268,0.5557971334645594,0.5244342250107407,0.6634265861952292,0.8118994775347673,0.6277473204619085,0.7990258796387701,0.6011897200779293,0.5971241067934723,0.6437545663615798,0.4245625407427649,0.4892841795533617,0.5271198937928675,0.7107478956184844,0.4984964136337133,0.5670925988045429,0.7794199057734156,0.8328772216482135,0.5569640960174983,0.8120566438708614,0.8006513025122493,0.5050229287831389,0.489587128448175,0.4039849338966113,0.7214051673422797,0.7433153782244988,0.6750268559355893,0.6487793255758825,0.7456419816057214,0.6628185320072453,0.7462869453097759,0.8318503748397056,0.8120897420782074,0.9861100865432868,0.9459599550807176,0.7570307237118616,0.8787134245376168,0.7478670336689508,0.8570448305690229,0.8830277257163593,0.8412635050088871,0.8548794054278152,0.7517790913308423,0.7352266276883455,1,0.8711187901180989,0.8166760503427746,0.8000255457982152,0.6438467900029573,0.6110214422724387,0.764281989304565,0.6712137418541425,0.6999911788262543,0.4409662128986021,0.5811192680361534,0.862680953792044
L2b_ID0836,0,0,0,0,0,0,0,0,0,0,0,0,0,0,0,0,0,0,0,0,0,0,0,0,0,0,0,0,0,0,0,0,0,0,0,0,0,0,0,0,0,0,0,0,0,0,0,0,0,0,0,0,0,0,0,0,0,0,0,0,0,0,0,0,0,0,0,0,0,0,0,0,0,0,0,0,0,0,0,0,0,0,0,0,0,0,0,0,0,0,0,0,0,0,0,0,0,0,0,0,0,0,0,0,0,0,0,0,0,0,0,0,0,0,0,0,0,0,0,0,0,0,0,0,0,0,0,0,0,0,0,0,0,0,0,0,0,0,0,1,0
L2b_ID0879,0,0,0,0,0,0,0,0,0,0,0,0,0,0,0.3789953590286444,0,0,0,0,0,0,0,0,0,0,0,0.1175774504006528,0,0,0,0,0,0,0,0,0,0,0,0,0,0,0,0,0,0,0,0,0,0,0,0,0,0,0,0,0,0,0,0.6839580370493907,0,0,0,0,0,0,0,0,0,0,0,0,0,0,0,0,0,0,0,0,0,0,0,0,0,0,0,0,0,0,0,0,0,0,0,0,0,0.269492428049268,0,0,0,0,0,0,0,0.694887006412361,1,0,0,0,0.5348178229324425,0,0,0.3015954917522388,0,0.2366448624908665,0,0,0,0.3344366562711462,0,0,0.420041306299755,0,0,0,0,0.8872906707679767,0,0,0,0.4058827730173978,0,0,0,0,0,0.6620391795870415,0,0,0,0
L2b_ID0929,0,0,0,0,0,0,0,0,0,0,0,0,0,0,0,0,0,0,0,0,0,0,0,0,0,0,0,0,0,0,0,0,0.2543868915178707,0.5563300340684085,0.2458808403522176,0,0,0,0,0,0,0,0,0,0,0,0,0,0,0,0,0,0,0,0,0,0,0,0,0.2619112493049346,0,0.1159014831260645,0,0,0.092940570915147,0.0621964496360889,0.0304054194053294,0,0,0,0,0.4204470663730842,0,0,0,0,0,0.2171802998907209,0,0,0,0,0,1,0,0,0,0,0,0,0,0,0,0,0,0,0,0,0,0,0,0,0,0.9687061583141408,0,0,0,0,0,0,0,0,0,0,0,0,0,0,0,0,0,0,0,0,0,0,0,0,0,0,0,0,0,0,0,0,0,0,0,0,0
L2b_ID0934,0.5642452843563454,0,0,0,0,0,0,0.3468136715111412,0,0,0,0,0,0,0,0,0,0,0,0,0,0,0,0,0,0,0,0,0,0,0,0,0,0.514468651966543,0.6067063691721853,0,0,0,0,0,0,0,0,0,0,0,0,0,0,0,0.1789919188532565,0,0,0,0,0,0,0,0,0,0,0.2985108519786856,0,0,0.1697580580572889,0.143755108797488,0.1354182843588345,0,0,0,0,0,0,0,0,0,0,0,0,1,0,0,0,0,0,0,0,0,0,0,0,0,0,0,0,0,0,0,0,0,0,0,0,0,0,0,0,0,0,0,0,0,0,0,0,0,0,0,0,0,0,0,0,0,0,0,0,0,0,0,0,0,0,0,0,0,0,0,0,0,0
L2b_ID0935,0.1433840997886952,0.110243321513144,0.147570368217679,0.1466770907259227,0.1403210668998818,0.1482201551581309,0.2075691909749782,0.1221232241882716,0.1223286876504488,0.1127305048236651,0.0268242622514954,0.3836820388189815,0.5004662157509757,0.3882382633858112,0.451016219973386,0.3836107474769401,0.0087091956676476,0.025624736867179,0.0097345284634451,0.0096658949541116,0.0073541782151958,0.0091311650009595,0,1,0.1834900535217813,0.1928277451180013,0.2534835793956823,0.2357285954012099,0.1728155736617094,0.1746926036331202,0.164451315066683,0.2506217338115337,0.0968256228208651,0.0927342756385853,0.0916434254946471,0.0946174895102135,0.1004433040517738,0.1554198246985684,0.0987580443884286,0.0973961378335977,0.0748246979187079,0.0725945943628124,0.0502203065719071,0.0588890984573572,0.0565640122292907,0.0783530239952326,0.0523189171030365,0.0470440901725383,0.0615440772436588,0.0477326696579372,0.038546113060825,0.2833440676305732,0.1785544132951832,0.1931144911051848,0.2517446149740097,0.2232683354635173,0.2454476729971792,0.1903186754410741,0.2973929791470816,0.2343135416422909,0.2130773212793257,0.0383024760334069,0.0261300085838546,0.0316122740415468,0.0150050437986614,0.0172568210943464,0.011844238103963,0.0017961137311894,0.0100988169206985,0.3517138821590924,0.2645953707807156,0.3939468580643269,0.3130769987956238,0.3018814986741372,0.2777010895259526,0.1617765289297825,0.3071273847595927,0.3054922955277027,0.2805845710496032,0.1945768967171289,0.3162810267564491,0.2895664107402145,0.2038504412256266,0.2826602226311714,0.3177395130455938,0.2116230875225137,0.3106854502122315,0.2841329974289543,0.2833722099445445,0.2881295651156079,0.2862075528021878,0.2346797130263606,0.2731455122890447,0.3261656507110984,0.2572628521302015,0.2235771260113097,0.3195652504840179,0.232271097613206,0.2114176807607676,0.2374491888832048,0.2313238791113261,0.3027852279453603,0.3141199843256383,0.2767473693746395,0.4214810410118825,0.386458961332444,0.5373735847646225,0.3628018404629184,0.2960442648925542,0.3178165500313205,0.2996605805880806,0.2827858329862105,0.477017298864464,0.4092891253144615,0.4250974323079836,0.4457190766982125,0.3109789316436258,0.3618191841915985,0.4844295997465774,0.3337743571615202,0.2548454103499384,0.4812368315463621,0.3733802508925563,0.3654394311170146,0.4101993184348304,0.3601241059036004,0.3779541990691419,0.40634671314275,0.4077915913284298,0.2136089256212131,0.4616978629879206,0.3202724347038721,0.3250321334927544,0.29576431596405,0.2465979546429862,0.3355870699439153,0.5071584542333197,0.3505320561734478,0.2636497398909067,0.3243909650178303,0.302910800500112
L2b_ID0939,0,0.5157354019510997,0.2286868308436059,0,0.3189057635620909,0,0.1841845867228073,0,0.4669986312860271,0.2205433206160278,0,0.3725612228090807,0,0,0,0,0.0645776345187983,0,0.1247488626036272,0,0.0536971945479141,0,0,0.5957039259485625,0,0,0,0.3016074569568178,0,0,0.145441628815549,0,0.1024535304840596,0,0,0,0.3021903972372374,0,0,0.5011386310486228,0,0.3020303875816391,0,0.1651270620061134,0,0,0,0,0,0.0878205640848309,0,0,0,0.4259942671185204,1,0,0,0,0,0,0,0,0.1759189194879587,0.0962995595629715,0,0,0,0.0797884292072835,0.0434141183491803,0.4145133414738182,0,0,0,0,0,0.5144463137388402,0,0,0,0,0,0,0,0,0,0,0,0,0,0,0,0.3650329060604041,0.9640902548899444,0,0,0,0,0,0.1837148250602976,0,0.3286021494103318,0,0.731229180008025,0,0,0,0,0,0,0,0,0,0,0,0,0,0,0,0,0,0,0,0,0,0,0,0,0,0,0,0,0,0,0,0,0,0,0,0,0,0
L2b_ID1095,0.1001445303966847,0.028075163287617,0,0.0763452605686191,0.0933003847413888,0.0478678160798343,0.0619235232910854,0.0936339888510528,0.1653984893298165,0.0119272995695903,0.0035486350708296,0.1419058024615857,0.1751268337565648,0.1821380421537777,0.0970007541504323,0.1718838093534501,0.0082012153860829,0.00520219553665,0,0.0018384764492818,0.0053196911351133,0.0086349418195797,0,0.1844154916417009,0.0826536414816354,0.057081978211199,0.5014306700123267,0.0907929684946353,0.0432704509731511,0.0840246298125546,0.0245440933783247,0.0299240750415344,0.1357710733844998,0.0364181579005801,0.0759111774968308,0.087358561130098,0.0365306298021346,0.1003250649484846,0.0608428491665642,0,0.0317855854307489,0.0689827305195171,0.0688960286496533,0.0913753588246392,0.1553692274681199,0.0475958803439456,0.0466871940741229,0.0128664919748941,0.0148834423881542,0.0235059328795571,0.0229289856437891,0.054915873523781,0.2278995010971434,0.0295754960001309,0.0695151294646617,0.1962927697695769,0.2197655507940381,0.0487680341129797,0.2332342672273971,0.09361432626561,0.1634528491305902,0.0664444388864003,0.0145976253875107,0.014602204018439,0.0300172375877159,0.0362144466977092,0.0140710387750795,0.0054592721428031,0.0063646846994978,0.0604658669864461,0.0435563702173409,0.2875099711414497,0.0604290479593529,0.0905101989247758,0.2051108414753338,0.0906850699054468,0.0339276441690135,0.1245552817572753,0.1245151434510851,0.0920974418614459,0.177065775358316,0.0375012800213462,0.0593989447724207,0.1582209188763871,0.1822712988729361,0.0425315468277241,0.1484511191247562,0.0447801435025651,0.4807495643740799,0.0634282248071641,0.2064233091530504,0,0.0211868187355801,0.3241659873999381,0.169919844923747,0.1512446378037333,0.0223096362487903,0.0369470834988858,0.053827824367488,0.022539997449571,0.018777265772685,1,0.0477422338445645,0.2462238517456483,0.0568270516098404,0.0444485706805613,0,0.163014230550095,0,0,0.0471175082234587,0.1478647166139731,0,0.4722226141797648,0.51114299285148,0.169835702507347,0.0194184839765206,0.106942069784748,0.1631453416402558,0.2736344971071363,0.0394891043280506,0,0.1321780278808031,0.0580276938006589,0,0,0.1276261215654026,0.347850413867883,0.1135666338021896,0.0817040804010326,0.1129714510117301,0.4017619280622731,0.1094878702045019,0.0170480546218523,0.0190797958329513,0.0160679767407328,0.0271489445708425,0.0525220785462654,0,0.0310391182276404,0.0362940245161224
L2b_ID1097,0,0.0978476470116286,0,0.1263870182304869,0,0,0,0,0,0,0,0.113009592777336,0,0,0,0,0,0,0,0,0,0,0.0106876541471556,0,0,0.2821766130503242,0,0,0.4486046154051758,0,0,0,0,0,0,0,0,0,0,0,0,0,0,0,0,0,0.0473122607045334,0,0,0,0,0.2351002884998831,0.0834074184758972,0,0,0.0704718697904073,0,0.3578726085847359,0,0,0,0,0.0285974836366137,0,0,0,0,0,0,0.9272503285083687,0,0,0,0,0,0,0,0,0,0,0,0,0.2058130188155052,0,0,0,0.0913790231470857,1,0,0,0,0,0,0,0,0,0,0.076327560827015,0,0,0,0.0662695135156979,0,0,0,0,0,0,0,0,0,0.2134920344959215,0,0.2705598756874798,0,0.423363486909998,0.2001882950811342,0,0,0,0,0,0,0.2363905809766686,0.2658462726335983,0,0,0,0,0,0,0,0,0,0,0.3416305044052209,0,0,0,0,0
L2b_ID1162,0,0,0,0,0,0,0,0,0,0,0,0,0,0,0.3789953590286444,0,0,0,0,0,0,0,0,0,0,0,0.1175774504006528,0,0,0,0,0,0,0,0,0,0,0,0,0,0,0,0,0,0,0,0,0,0,0,0,0,0,0,0,0,0,0,0.6839580370493907,0,0,0,0,0,0,0,0,0,0,0,0,0,0,0,0,0,0,0,0,0,0,0,0,0,0,0,0,0,0,0,0,0,0,0,0,0,0.269492428049268,0,0,0,0,0,0,0,0.694887006412361,1,0,0,0,0.5348178229324425,0,0,0.3015954917522388,0,0.2366448624908665,0,0,0,0.3344366562711462,0,0,0.420041306299755,0,0,0,0,0.8872906707679767,0,0,0,0.4058827730173978,0,0,0,0,0,0.6620391795870415,0,0,0,0
L2b_ID1263,0,0,0,0,0,0.0498367629305158,0,0,0,0,0,0,0,0.1953823227171252,0.0608926727684996,0,0,0,0,0.0047059548381847,0,0,0,0,0,0.1120977457442642,0,0,0.1865030523986614,0,0.1236042228331582,0,0.1449810044172983,0.3286561799526684,0.1417474683936632,0.2531113957970149,0,0.4333504159064122,0,0,0.0499883324483231,0,0,0,0.1496115837800525,0,0,0.0346638975621059,0,0,0,0,0,0,0,0,0,0.2116512330708518,0,1,0.0957614005530181,0,0,0,0.0147566469615688,0.057611070192194,0.0065092450299408,0,0,0.0451157965438895,0.2043009542580318,0.085833346719775,0.2120442906084679,0.4715751145822041,0.2780322248851488,0,0.4018153853757306,0.2139268060994015,0.1200743359772652,0.1283158618648425,0.1064659405292553,0,0,0.1492883440575842,0,0,0,0.3744240566196243,0,0.0854879383949342,0.1435896533065595,0,0,0.0350856237914273,0,0,0.0829439292610506,0.0650404322655932,0.1478237231487197,0,0,0.2698944038902492,0,0.2032492896030135,0,0,0,0.0857293564057278,0,0,0.1789784780646534,0.0557610065724385,0,0.2366783573852242,0,0.3515201010931213,0,0.4913395966037809,0,0.5618861840581091,0.0854392552028582,0,0,0.042018382301144,0,0.3047394417011015,0,0.3527807803555348,0.5600149077067621,0.0921948828262732,0,0.6222247893247572,0.3555536004921755,0.2149452757106193,0,0.0761247334518762,0,0.4126265221555023,0,0,0.1424665309883049
L2b_ID1292,0,0,0,0,0,0.0789083121115836,0,0,0,0,0,0,0,0,0,0,0,0,0,0,0,0,0,0,0,1,0,0,0,0,0,0,0,0,0,0,0,0,0,0,0,0,0,0,0,0,0.0183601305746469,0,0,0,0.0181999609949852,0,0,0,0,0,0,0,0,0,0,0,0,0,0,0,0,0,0,0,0,0,0,0,0,0,0,0,0,0,0,0,0,0,0,0,0,0,0,0,0,0,0,0,0,0,0,0,0,0,0,0,0,0,0,0,0,0,0,0,0,0,0,0,0,0,0,0,0,0,0,0,0,0,0,0,0,0,0,0,0,0,0,0,0,0,0,0,0,0,0
L2b_ID1310,0,0,0,0,0,0.3302519806416813,0,0,0,0,0,0,0,0,0,0,0,0,0,0,0,0,0,0,0,0,0,0,0,0,0,0,0,0,0,0,0,0,0,0,0,0,0,0,0,0,0,0,0,0,0.4207056180292999,0,0,0,0,0,0,0,0,0,1,0,0,0,0,0,0,0,0,0,0,0,0,0,0,0,0,0,0,0,0,0,0,0,0,0,0,0,0,0,0,0,0,0,0,0,0,0,0,0,0,0,0,0,0,0,0,0,0,0,0,0,0,0,0,0,0,0,0,0,0,0,0,0,0,0,0,0,0,0,0,0,0,0,0,0,0,0,0,0,0
L2b_ID1332,0,0,0,0,0,0,0,0,0,0,0,0,0,0,0,0,0,0,0,0,0,0,0,0,0,0,0,0,0,0,0,0,0,0,0,0,0,0,0,0,0,0,0,0,0,0,0,0,0,0,0,0,0,0,0,0,0,0,0,0,1,0,0,0,0,0,0,0,0,0,0,0,0,0,0,0,0,0,0,0,0,0,0,0,0,0,0,0,0,0,0,0,0,0,0,0,0,0,0,0,0,0,0,0,0,0,0,0,0,0,0,0,0,0,0,0,0,0,0,0,0,0,0,0,0,0,0,0,0,0,0,0,0,0,0,0,0,0,0,0,0
L2b_ID1384,0.055548699603162,0.0324970421232164,0,0.0629460247376438,0.0520741631461721,0,0.0650770905026132,0,0,0,0,0.2282224741905924,0.201961798500584,0.1472213536825144,0,0.3835063666512105,0,0,0,0.0112002382962692,0.0097381292646728,0,0,1,0,0,0.1238534051124757,0.0981456044460741,0,0.0607710523002564,0.047450635918034,0.1393453723347057,0.1425745603882697,0.0615680471977745,0,0.0763815200796174,0.0500377309570576,0.0959834304668951,0,0.0464302191316497,0,0,0,0,0,0,0,0,0,0.0370412525783688,0,0,0.1714748147162918,0,0,0.2982047651660505,0.2771023657429486,0,0.0758947347020457,0,0,0,0.0554725786358092,0.0232447921175214,0,0,0.0156689813015137,0.0354265370580888,0,0.1504585981511922,0.1994619503674566,0,0.4609915547322085,0.1791006137626168,0,0.126652065156767,0.4246225005958325,0,0.0952001525772175,0.1159463997508403,0.1611877630573055,0.1119169674610528,0.3746694599148614,0,0,0.1617684701347671,0.2155707389768532,0.0740555687010214,0.1119877723285331,0.077657791211464,0,0.0911925894232561,0,0.2135764070404502,0.1031017155322823,0,0,0,0,0.2265667119327925,0,0.800920349989455,0,0,0,0,0,0,0,0,0,0,0,0,0,0.1234541346123463,0,0,0.2138089454731792,0.2216330900034121,0,0,0,0.4550399042454874,0,0,0.2453533023573902,0,0.2492607665651853,0,0.2827112057911247,0,0.415486116061073,0.3480542853034753,0,0,0,0,0,0,0.0505275169300944
L2b_ID1401,0.2212183307806539,0,0,0.219222324681152,0.0189125147223706,0.1633074180420285,0,0.0546535186968791,0.0166252692653023,0,0.0043929017028468,0,0,0.0667832464253224,0,0,0.0041429971120352,0.0043445489294189,0,0.0085915056323776,0.0023113302497791,0.0107134718043356,0,0,0,0.3574198342707151,0,0.0548129937707309,0,0,0,0,0.0872968520723024,0.0815876924404668,0.2934689257467734,0,0.0423538399392578,0.0126004612080382,0,0,0,0,0.012979775353811,0,0,0.0057472611805248,0,0.006402534856073,0,0,0,0.2083928592276097,0,0,0,0,0,0,0,0.4842330386442721,0.2283817167847808,0.034336788794905,0.0045322048156981,0,0.1112715037742913,0.1635653002008969,0.0403909919788828,0.0060151061568125,0,0,0,0.3250060216218135,0,0,0.1066876955323515,0,0.017112040976026,0.1960446799166265,0,0,0,0,0,0.4155109687439364,0,0,0,0,0,0,0.4417897200895342,0,0.0356522333891125,0,0.1655011126433336,0,0,0,0,0,0,0,0,0.0597492171234842,0,0,0,0.1090736846678663,0,0,0.0251644967181114,0,0,0.134600172439479,0,0.0206358196360354,0,0.450925395484144,0,0,0,0,0.3476667280719659,0,0,0.3407641408114862,0,1,0,0,0.0967292326952201,0.5116745162715313,0,0,0.1652257001062061,0,0,0.0408482661809545,0,0,0
L2b_ID1407,0,0,0,0,0,0.0430498661860672,0,0,0,0,0,0,0,0,0,0,0,0,0,0,0,0,0,0,0,0.1126356802909308,0,0,0,0,0,0,0.1085980103607123,0.2067762587288894,0.2301816022870838,0,0,0,0.0246351682124359,0,0.0334081739664576,0,0,0,0,0,0.0293853245974615,0,0,0,0.024003758738193,0,0,0,0,0,0,0,0,0,0,0,0,0,0.0205942984083404,0,0,0,0,0,0,0.0914498721572856,0,0.2844508852909213,0,0,0,0.0833024364600903,0,0.2593493830361237,0,0,0.0641045323521063,0.2003698715889203,0,0,0,0,0.1124219160292198,0,0.6765129934050459,0,0,0,0,0,0,0,0,0,0,0,0,0.0441573855288114,0,0,0,0.0405806066836822,0,0,0,0,0,1,0,0,0,0,0,0,0,0,0,0.120817060024672,0,0.0865107188162846,0,0,0,0,0,0,0,0,0,0,0,0,0,0,0
L2b_ID1430,0,0,0,0,0,0,0,0,0,0,0,0,0,0,0,0,0,0,0,0,0,0,0,0,0,1,0,0,0,0,0,0,0,0,0,0,0,0,0,0,0,0,0,0,0,0,0.0506249894933931,0,0,0,0,0,0,0,0,0,0,0,0,0,0,0,0,0,0,0,0,0,0,0,0,0,0,0,0,0,0,0,0,0,0,0,0,0,0,0,0,0,0,0,0,0,0,0,0,0,0,0,0,0,0,0,0,0,0,0,0,0,0,0,0,0,0,0,0,0,0,0,0,0,0,0,0,0,0,0,0,0,0,0,0,0,0,0,0,0,0,0,0,0,0
L2b_ID1478,0,0,0,0,0,0,0,0,0,0,0,0,0,0,0,0,0,0,0,0,0,0,0,0,0,0,0,0,0,0,0,0,0,0,0,0,0,0,0,0,0,0,0,0,1,0,0,0,0,0,0,0,0,0,0,0,0,0,0,0,0,0,0,0,0,0,0,0,0,0,0,0,0,0,0,0,0,0,0,0,0,0,0,0,0,0,0,0,0,0,0,0,0,0,0,0,0,0,0,0,0,0,0,0,0,0,0,0,0,0,0,0,0,0,0,0,0,0,0,0,0,0,0,0,0,0,0,0,0,0,0,0,0,0,0,0,0,0,0,0,0
L2b_ID1540,0,0,0,0,0,0,0,0,0,0,0,0,0,0,0,0,0,0,0,0,0,0,0,0,0,0,0,0,0,0,0,0,0,0,0,0,0,0,0,0,0,0,0,0,0,0,0,0,0,0,0,0,0,0,0,0,0,0,0,0,1,0,0,0,0,0,0,0,0,0,0,0,0,0,0,0,0,0,0,0,0,0,0,0,0,0,0,0,0,0,0,0,0,0,0,0,0,0,0,0,0,0,0,0,0,0,0,0,0,0,0,0,0,0,0,0,0,0,0,0,0,0,0,0,0,0,0,0,0,0,0,0,0,0,0,0,0,0,0,0,0
L2b_ID1551,0.097376097333823,0.2087727466490188,0.0404561407442579,0.1345899038175614,0.1194789509161245,0,0.1369192817215232,0,0.2015102037099143,0.1065241174036719,0.0124667309820223,0,0.2536719040482189,0.3995284675136379,0,0,0.0051013414672392,0.0400828113046306,0,0.0089982310865928,0.0124252451767577,0.0075043978118227,0.0171375472546554,0.1004964214897601,0.4187047503697386,0.2616011689918563,0,0,0.2722607803039789,0,0.0857072647662688,0,0.1036881568482411,0,0,0,0.1118483613344623,0.4083415368657091,0,0.0806700620106849,0,0.0654245820939554,0.0257751222498029,0,0,0,0,0,0,0,0,0.0971167556991192,0,0,0.0886947741226006,0.0213720001967579,0.0500980907584491,0.1854853468290995,0,0,0,0,0.0470509593926379,0,0,0,0,0.0516400398918765,0,0.1283972477069468,0.2001154534993386,0,0,0.3721723030107696,1,0.1286823020979201,0,0,0.2362917280796514,0.3191531073436953,0.8457491394783005,0,0.1351332459213453,0,0,0,0.028344963158085,0,0,0.129106140426636,0,0,0.1995804893968049,0,0.4589150390702137,0,0,0.6275849048047731,0,0,0.2292332724178004,0.2068842051953798,0.1149006307974049,0,0,0.2036460392708131,0.1044981057186325,0,0.0667800724032768,0,0,0,0,0,0.0475483211745732,0,0.0634196306618697,0,0,0,0.1795747723723903,0.092808041676556,0.0511168886133454,0,0.3966678392439262,0.1577358981912452,0,0,0.339941224278512,0.3805247922471523,0,0.0621968370683131,0.2906531886659108,0.0959288440720471,0.126063840168311,0.1545473865216099,0.1847819213912255,0,0.2817807172378747,0.0422107426260941,0
L2b_ID1593,0,0,0,0,0,0,0,0,0,0,0,0.2529808043444688,0,0,0,0,0,0,0,0,0,0,0,0,0,0,0,0,0,0,0,0,0,0,0,0,0,0,0,0,0,0,0,0,0,0,0,0,0,0,0,0,0,0,0,0,0,0,0,0,0,0,0,0,0,0,0,0,0,0,0.21576061133799,0,0,0,0,0,0,0,0,0,0,0,0,0,0,0,0,0,0,0,0.164178765603056,0,0,0,0,0,0,0,0,0,0,0,0,0,0,0,0,0,0,0,0,1,0,0,0,0,0,0,0,0,0,0,0,0,0,0,0,0,0,0,0,0,0,0,0,0,0,0,0,0,0
L2b_ID1599,0,0,0,0,0,0.2415239421547119,0,0,0,0,0,0,0,0,0.8907255355067781,0,0,0,0,0,0,0,0,0,0,0.1746259772979,0,0,0,0,0,0.7272634295328012,0.5948634927164208,0.0716677730749396,0.0784469336957968,0,0,0,0,0,0.0944902152558002,0,0,0,0,0,0.4055684807811775,0,0,0,0.0862867815590873,0,0,0,0,0,0,0,0.7619435792806324,0.4622805375857501,0.6072155848239248,0,0,0,0,0,0,0,0,0,0,0,0,0,0,0,0,1,0,0,0,0,0,0,0,0,0,0,0,0,0.1704027117655376,0,0,0,0,0,0,0,0,0,0,0,0,0,0,0,0,0,0,0,0,0,0,0,0,0,0,0,0,0,0,0,0,0,0,0,0,0,0,0,0,0.2894077777069456,0,0,0.371310248065626,0,0,0,0,0,0
L2b_ID1618,0.0659416308056388,0.3081245664969676,0.2744842500230792,0.0923150721940378,0.2772218314201073,0.0631678719607832,0.409533302772289,0.10066187214774,0.311103787154831,0.1908935777556523,0.0005860384638766,0.2692766968514082,0.0067999924026011,0.098571015387462,0.0041795648786005,0.2227360626638899,0.0475190572512368,0.001395780874392,0.0055116681918429,0.0004331938149872,0.031037438439334,0.0013419829357012,0,0.0920386238135763,0.2799898816385321,0.1309397900250848,0.0061371980602226,0.2258211910451638,0.0500634384463357,0.034409887018267,0.168313781507304,0.0103944606649859,0.1213268405797928,0.0272729829943036,0.0562399430697818,0.0280897583313716,0.2938521687545715,0.1091369361540417,0.016178025907578,0.0620311791839965,0.0165843525597576,0.3311293417251268,0.0017912515442015,0.3612585885118038,0.0087213106067187,0.0097900524530788,0.0996207514214054,0.0827668464396953,0.0076773143088869,0.1168907110524881,0.0209243570641075,0.0849964720792356,0.0574955328987114,0.1091793719570999,0.2595124527323657,0.1566571323929128,0.1314066903367922,0.0253214364217343,0.004937646099357,0.2939430857597833,0.0478327322638815,0.0168697157013197,0.0663176190482037,0.0879147924259226,0.0096306482612061,0.0078190951237475,0.0084686336311279,0.0549812482458288,0.0237787431259219,0.2168829742822656,0.0256227544202791,0.0654055684885181,0.0767506043739912,0.0906393699763672,0.0620500109107872,0.2635695839273485,0.0406871880445645,0.0826856543207082,0.0373098910218755,0.024736357691511,0.0241358433746534,0.3683205524256359,0.1414367594195301,0.0556259416692986,0.0077466882500378,0.2889203593498312,0.0869739796804506,0.0439750208841361,0.069469968439685,0.3081561241571931,0.0677183420089799,0.1108721668704032,0.050403066979823,0.0414656165520624,0.0383768877437281,0.013766017690242,0,0.0315595179919147,0.1623553464135134,0.0494417363628598,0.2061660926280708,0.105350113491434,0.2965342587769286,0.0291338604021182,0,0.0211280075138755,0.0085803491420398,0.0164436533248002,0.0886324232841907,0.0053045930805632,0.037320979030615,0.0194098519887664,0.0056852272843415,0.0876046454999606,0.0033600718516654,0.136566013133296,0.3901305956194782,0.285933676516528,0.0058540211535542,0.323202186477964,0.579915228359658,0,0.2962523179615782,0.1164696591513863,0.21351976787101,0.0713767658103711,0.0185750843677952,0.7993726894632656,0.2322742596941249,1,0.0169742870026175,0.1521038406966657,0.2928870012769736,0.1049512479777048,0.0600735848894755,0.0720909880846106,0.0112715247466809,0.0139730977251473,0.2158011403166398,0.5233725393569817,0.0471671012371067
L2b_ID1710,0,0.089265398254517,0,0,0,0,0.3474635970451203,0,0.0697201533384335,0.6560072464859374,0.3222691046306465,0.2416077755671777,0.2148434633247499,0.5665757437470745,0,0.55715386912292,0,0,0,0,1,0.0807609770694893,0.1624233888742345,0.9247649069170948,0.7047073334554891,0.0584634250889473,0,0.2147011829644344,0,0,0,0,0.0302036933644269,0,0,0,0,0.3490707927244311,0.103657809668809,0.5782119842447669,0.1617540263876917,0.2236183558291439,0,0.9311120004012196,0,0,0.1834621602042786,0.3909081265458424,0.0857804834138782,0.5872828812263585,0,0,0,0,0,0,0,0,0,0,0,0,0.2415750205907892,0,0,0.178264480791504,0,0,0,0.0650245735149606,0.4658353373308572,0.0934188365841238,0.1370693506366603,0.2355565843473478,0.1731054634091096,0,0.0214072871734868,0.1061849491705457,0.1725678065063418,0.2992417046222923,0.1385310249548713,0,0,0,0,0.0760239211581457,0.0554224890259117,0.2399631699655426,0,0.5505746375309015,0.0335989163830996,0.0588515189620947,0.2027273545440551,0.1725278625558091,0.2103240687331344,0,0,0.0648525832709777,0,0,0,0.670994792525184,0.4465827194369622,0,0,0,0,0,0,0,0,0,0,0,0,0,0.2315072328234795,0,0,0,0,0,0,0,0.2168070242887157,0,0,0,0.0500300429273748,0.6671654542740019,0,0,0.5930889529589647,0.7453310338610222,0,0,0,0,0,0,0
L2b_ID1721,0.1507030992972982,0.0257447142565476,0.2253548247796001,0.0502817371454632,0.0904228608597615,0.1230291633696557,0.089996805414303,0.473885090475128,0.0757222195890574,0.0152494058356045,0.0584377614933655,0,0,0,0,0,0.0258365207333179,0,0,0,0,0,0,0,0.133801397187275,0.082149432864029,0.3380372341309773,0.1648784594998145,0.1021537151725136,1,0.2605983064095957,0.1173206248487953,0.0328027858883497,0,0.0025884243902787,0.0026778266423006,0,0,0,0,0,0,0.0078439380955316,0.1441998107744215,0.0084575145570699,0.0797283647066286,0.0309344989156818,0,0.0125321912549867,0,0.0034684568554653,0.2357766143704538,0.1907433030436704,0.032646292036542,0.0508028781365056,0.3195672632150299,0.3145347481066059,0.0079198686003797,0.1654340990938512,0.1182314291161672,0.2165281858931845,0.0076781995791727,0,0,0.3461913011214996,0.2604330662457107,0.121697433587889,0.1047587411125022,0.057930943679244,0,0,0,0,0,0,0,0.0013980392632953,0.1410254082196419,0.041730483366097,0.0309404887239528,0.0008888665809564,0.0407734422731451,0.1190774905987309,0.0369850992706101,0.386427997824912,0.0398441748185441,0,0,0,0,0,0,0,0.0089625864080662,0,0.4620589696879707,0.4993438616296903,0.0999756344220692,0.0753459541587797,0.1375405375947432,0.2157401735604205,0.1118743012808298,0.0522494508911381,0.3146647131703787,0,0.1946621106263564,0,0.0651008250654378,0,0.1020110325754913,0.0362702729121187,0,0.1522284356892623,0.006262681926351,0.01986752087321,0.1975227442907277,0.0238962294112234,0.0417505520973802,0.0427956858369742,0,0,0.0418610926893051,0.4876595549812132,0.1035249683231416,0.0442164879417358,0,0.1927468534674015,0.1108219511419853,0.1086749592844698,0.0200099379305798,0.1736893993520521,0.0501520854146489,0,0,0.0206200724873655,0,0,0,0,0.0151321176629337,0
L2b_ID1751,0,0,0,0,0,0,0,0,0,0,0,0,0,0,0,0,0,0,0,0,0,0,0,0,0,0,0,0,0,0,0,0,0,0,0.3991429278028427,0,0,0,0,0,0,0,0,0,0,0,0,0,0,0,0,0,0,0,0,0,0,0,0,0,0,0,0,0,0,1,0,0,0,0,0,0,0,0,0,0,0,0.3533662192360342,0,0,0,0,0,0,0,0,0,0,0,0,0,0,0,0,0,0,0,0,0,0,0,0,0,0,0,0,0,0,0,0,0,0,0,0,0,0,0,0,0,0,0,0,0,0,0,0,0,0.1492345898265643,0,0,0,0,0,0,0,0,0,0,0,0,0
L2b_ID1753,0,0,0,0,0,0,0,0.1919082121177642,0.420673442533267,0,0,0,0,0,0,0,0,0,0,0,0,0,0,0,0.8246107322277183,0,0.3821224437032068,0,0,0.2045811647189604,0.5666358841841231,0,0.5885314415280817,0,0,0,0,0,0,0,0,0,0,0,0,0,0,0,0,0,0,0,0.969799252791122,0.7974355779307675,0.6957988283277025,0.3541722855039578,0,0.4637398209157515,0,1,0.0841956790939938,0,0,0,0,0,0,0,0,0,0,0,0,0,0,0,0,0,0,0,0,0,0,0,0,0,0,0,0,0,0,0.1495038917198481,0,0,0,0.1043313655811142,0,0,0.5860154795878574,0,0,0.3586969106292936,0,0,0,0.4254401080116137,0.0134417836759165,0,0,0,0.0591991430603312,0,0.0801817469318441,0,0,0.0831046754612333,0.6871037418249561,0.2298307618701911,0.808416070105098,0.740948459179463,0.2942834414454545,0,0.8704746044102549,0.6694182727170807,0,0,0,0,0.3605317820317038,0.4265809888031947,0,0,0,0.1041281712106852,0,0.0076069174501942,0.3147001548258642,0,0,0,0
L2b_ID1756,0,0,0,0,0,0,0,0,0,0,0,0,0,0,0,0,0,0,0,0,0,0,0,0,0,0,0,0,0,0,0,0,0,0,0,0,0,0,0,0,0,0,0,0,0,0,0,0,0,0,0,0,0,0,0,0,0,0,0,0,0,0,0,0,0,0,0,0,0,0,0,0,0,0,0,0,0,0,0,0,0,0,0,0,0,0,1,0,0,0,0,0,0,0,0,0,0,0,0,0,0,0,0,0,0,0,0,0,0,0,0,0,0,0,0,0,0,0,0,0,0,0,0,0,0,0,0,0,0,0,0,0,0,0,0,0,0,0,0,0,0
L2b_ID1759,0,0,0,0,0,0,0,0,0,0,0,0,0,0,0,0,0,0,0,0,0,0,0,0,0,0,0.0097935844873499,0,0,0.0162510419565111,0,0.0028501215993307,0,0,0,0,0,0,0,0,0,0,0,0,0,0,0,0,0,0,0,0,0,0,0,0,1,0.0555733968463399,0.0757523900657954,0.2631892448781864,0.6517290383721821,0,0,0,0,0,0,0,0,0,0,0,0,0,0,0,0,0,0,0,0,0,0,0,0,0,0,0,0,0,0,0,0,0.0107929714844045,0,0,0,0,0,0.0076597795814466,0,0,0,0.0708150463098069,0,0.5919115960446082,0,0,0,0,0,0.4672383167420229,0.9692634170269564,0.290264661935961,0.0242031952858929,0,0,0.0191766451004338,0.2912956300549946,0.2155312798398364,0.215381767778797,0.1307934357821362,0,0,0,0,0,0,0,0,0,0,0,0,0,0.1778410885744456,0.2067945457891914,0.4751039197398793,0,0.0187734317834381,0.2932213971802507
L2b_ID1767,0,0.0653301885239776,0,0.1956244821787187,0,0,0.1476707464756882,0,0,0,0.0097457832848195,0,0,0.0642761784271004,0,0,0,0,0,0.0097973185374834,0.0194710347603941,0,0,0,0,0,0,0,0.019871779468454,0,0,0,0.252029513796882,0,0,0.08500545923938,0,0,0.1811249884379992,0.0193138676694857,0,0,0,0.0462768670450554,0,0,0.1002263765693461,0,0.1134030087206288,0.0125890366623227,0,0,0,0,0,0,0.0666487709387423,0,0,0,0,0.0847228444398214,0.0526081363898051,0.0216653296988876,0,0,0,0,0.0190716787268072,0,0.0213617263704797,0,0,0,0,0,0.0514845156418646,0,0,0,0,0,0,0,0,0.0120400586707764,1,0,0,0,0,0,0,0,0,0.0076344606182617,0.0104674187755042,0,0,0,0.0548641049332629,0.0452284239898432,0,0,0,0.0152599606842597,0,0,0.103725046239774,0,0,0,0,0,0,0,0,0.2436375955449183,0.1966142100199179,0.0417833427530037,0,0,0,0.0587453698507127,0,0,0.1335891017979446,0,0.1788509033502316,0,0,0,0,0,0.0325660807434177,0,0.0925899918662764,0,0,0,0
L2b_ID1773,0,0,0,0,0,0.5996525317558979,0,0,0,0,0,0,0,0,0,0,0,0,0,0,0,0,0,0,0,0,0,0,0,0,0,0,0,0,0,0,0,0,0,0,0,1,0,0,0,0,0,0,0,0,0,0,0,0.116582051184208,0,0,0,0,0,0,0,0,0,0,0,0,0,0,0,0,0,0,0,0,0,0,0,0,0,0,0,0,0,0,0,0,0,0,0,0,0,0,0,0,0,0,0,0,0,0,0,0,0,0,0,0,0,0,0,0,0,0,0,0,0,0,0.1726124595437846,0,0,0,0,0,0,0,0,0,0,0,0,0,0,0,0,0,0,0,0,0,0,0,0
L2b_ID1774,0,0,0,0,0,0,0,0.1633002816242757,0.3725404972550256,0,0,0,0,0,0,0,0,0,0,0,0,0,0,0,0.3651911647188266,0,0.4325798776954709,0.1117744912762409,0,0.6312559450897074,0.9408647199209108,0.4123036328298745,0.7091248980322316,0,0,0,0.1094865537602333,0,0,0,0,0,0,0,0,0,0.4954895235520092,0,0.036189525892991,0,0,0.8927554298659144,0.4565084005926978,0.6436187794813076,0.2387492964933892,0,0.7061898746854393,0.6871486882259554,0.5190476276226442,0.7633220915412567,0.3249477122996989,0,0,0,0,0,0,0,0,0,0,0,0,0,0,0,0,0,0,0,0,0,0,0,0,0,0,0,0.1081221612997463,0,0.0735156183662079,0,0.0740495185195907,0,0,0.2994730483725812,0.1132229305269993,0.2802370015595926,0,0,0.5290840073814345,0.2423216660089292,0.6307088964098896,0.6127140180349798,0,0.382859366344687,0,0.017006610018599,0,0,0,0,0,1,0,0.1332076153802786,0.228697740176776,0.1552298677982428,0,0.7379008290815885,0.1217236382930889,0.3474667459368381,0.1807936496503141,0,0.2061244414715052,0,0.4399464732415382,0.2606857165336901,0.0781950281700461,0.1046444439842514,0,0,0,0,0,0,0,0,0,0,0
L2b_ID1799,0,0.33592886069297,0,0,0,0,0,0,0.2297729116065776,0,0.352343449551139,0,0,0.2278020537554081,0,0,0.3447006137926769,0,0,0,0.0749503529690198,0.0904658080113476,0.0537841400984126,0,0,0,0,0.4052516257974723,0,0,0,0,0,0,0,0.086781982126955,0,0.9429742465667904,0,0.6860136972364663,0,0,0,0,0,0,0,0,0,0,0,0,0,0,0,0,0,0,0,0,0,0,0.4729282044603147,0,0,0,0.6079243028764417,1,0,0.1543566818116797,0,0,0,0.3547810338109896,0.0555294772184676,0,0,0.0477510348290398,0.3784207329107009,0.8328904590556604,0,0.0328029800509634,0.2231705478950035,0,0,0.0324931814303393,0,0.0385968706952782,0,0.1361778373765317,0,0,0.169101004831186,0,0.2664660990371703,0,0,0.2253273773738511,0,0,0,0,0.4406430250080015,0,0,0,0,0,0,0,0,0.1802197580890453,0,0,0,0,0,0,0,0,0,0,0,0,0,0,0,0.1194208824571545,0,0.3126260223722745,0,0,0,0.5181799408448692,0,0,0,0,0,0,0
L2b_ID1800,0,1,0,0,0,0,0,0,0,0.176453920811423,0,0,0,0.1174607016424846,0,0.2106036523170991,0.197332751273635,0,0,0,0.2588528338193633,0.0846047312524003,0,0,0,0,0,0.4168532400722426,0,0,0,0,0,0,0,0,0.3970564436645704,0,0,0,0,0,0,0.1462470682790049,0,0,0,0,0,0,0,0,0,0,0,0,0,0,0,0,0,0,0.3227380239351498,0,0,0,0.0516863035927008,0.5605136714781451,0,0,0.1399218329998379,0,0,0.8714831126483457,0.3803161563114869,0,0,0,0.3527361651890989,0.470567393109296,0,0,0,0,0,0.0365382062683225,0,0,0,0,0,0,0.1391982899182188,0,0.8441281565940426,0,0,0.0941046827790454,0,0,0,0,0,0,0,0,0,0,0,0,0,0,0,0,0,0,0,0,0,0,0,0,0,0,0,0,0,0,0,0,0,0,0,0,0,0,0,0,0,0,0
L2b_ID1845,0,0,0,0,0,0.726386692185273,0,0,0,0,0,0,0,0,0.1159618136989898,0,0,0,0.0372666476918367,0,0,0,0,0,0,0,0.3477278687832729,0,0,0,0,0,0,0,0,0,0,0,0,0,0.0913879016283184,0.1339959618614291,0.3424821154272569,0,0,0,0,0,0,0,0.7746048881037697,0,0,0.0776799616640328,0,0,0,0,0.1986330725647963,0,1,0,0,0,0,0,0,0,0.0164187912000555,0.1165681890297235,0,0.2671957512458408,0,0,0,0,0,0,0,0,0,0.063588777864641,0,0.1545941195109484,0,0.103933912381057,0,0,0.0781429720780269,0,0,0.1132911370852472,0,0,0,0.0420292518580149,0,0,0.094799826150587,0.2124204720718862,0,0,0,0,0,0,0,0,0,0,0,0,0,0,0,0,0,0,0,0,0,0,0,0.0742696281469244,0,0,0,0,0,0,0,0,0,0,0,0,0,0,0,0,0
L2b_ID1848,0,0,0,0,0,0,0,0,0,0,0,0,0,0,0,0,0,0,0,0,0,0,0,0,0,0,0,0,0,0,0,0,0,0,0,0,0,0,0,0,0,0,0,0,0,0,0,0,0,0,0,0,0,0,0.0422818800036458,0,0,0,0,0,0,0,0,0,0,0,0,0,0,0,0,0,0,0,0,0,0,0,0,0,0,0,0,0,0,0,0,0,0,0,0,0,0,0,0,0,0.0703902155499628,0,0,0,0,0,0,0.1683597762842053,0.9161288969552904,0.4043299553922642,0.0704189361155091,0,0,0.0802515138415256,0,0,0.2478050697735332,0,0.3096638964363065,0.0053968808777787,0,0,0.3755673438482978,0,0,1,0,0,0,0,0.4394118610184757,0,0,0,0,0,0,0,0,0,0.1226739409408676,0,0,0,0
L2b_ID1932,0,0.3446193137503009,0,0,0.1824600076132647,0,0.1281069203476456,0,0.1802913552309561,0,0,0,0.046203532873307,0.0485791669241098,0,0,0.0647345450513567,0,0,0,0,0,0,0,0.3588568184636271,0,0,0,0,0,0,0,0,0,0,0,0.1071838125232492,0.734495960822368,0,0.3303280633657232,0,0,0,0,0,0,0,0,0,0,0,0,0,0,0,0,0,0,0,0,0,0,0,0,0,0,0,0.1244713245684159,0,0,0,0,0,0.2405741677567445,0.2724848302313899,0,0,0,0.137525338439031,0.2787009654330695,0,0,0,0,0,0,0,0.0560963798481663,0,0,0,0,0.0938624572626694,0,0.2617167282555382,0,0,0.3631984692217161,0,0,0,0,0,0,0,0,0,0,0,0,0,0,0,0,0,0,1,0,0,0,0,0,0,0,0.4607534667015943,0,0,0,0,0.7659446902027566,0,0,0,0,0,0,0,0,0,0,0
L2b_ID1975,0,0.4508042831793428,0.255467288747476,0,0,0,0,0,0,0.2040159701401211,0,0,0,0,0,0,0,0.0194152985987884,0,0,0,0,0,0,0.2057426910603928,0.0651181729180689,0.6078419873952151,0.0661626323196475,0.0358057547573884,0.6881117053172612,0.3567147280181117,0.4336668175977483,0.6006023863427767,0,0,0,0,0,0,0,0,0,0,0,0,0,0,0,0,0,0,0.7617480756287095,0.62398707703604,0.3677133696383773,1,0.3503201615370495,0.6550826164106958,0.4834712843419201,0.6501962675151441,0.6236085908339962,0.4229790368965306,0,0.0266997674845499,0,0,0,0,0,0,0,0,0,0,0,0,0,0,0.0156898320381814,0,0,0,0,0,0,0,0,0.0307378816618735,0,0,0,0,0,0,0,0,0,0.0943566542250504,0.5466916478002815,0,0.258304913418589,0.2919654408615309,0.3224088845377226,0.8904941320443003,0.5497712292724714,0.1404152848314263,0.1120571972710028,0.0119848107752554,0.0218468533928899,0.0701123661506455,0.4888741112402863,0.0424544285014991,0.0635504252585204,0.1755308419506822,0.4783060698770116,0.1697422994554243,0.0846362953558098,0.3530562075506332,0.6873547329131738,0.0616580860307165,0.5525949458483754,0.1628832650064247,0.8424999082175855,0.7748750657773971,0.4620898488649574,0.2607044789818271,0.0451930306553264,0.7676168634889555,0.6201464602582145,0.3131435354586061,0,0,0,0,0.0683531175426788,0,0.1030879091965979,0.2477568897999143,0.2044908278773786,0.0664275611087315,0,0.0150612158110506
L2b_ID1977,0.0059043752540048,0.0669326804216991,0,0,0.0506703100455627,0,0,0.2351576470991015,0,0.1534332154388302,0.0028971963744114,0.1565764989154417,0,0,0.0029257915442921,0.0113430397054604,0,0,0,0,0.0109330382104296,0,0,0,0.0767837125729248,0.0257978961440035,0,0,0.0798443133112665,0,0,0,0,0,0.007522603872751,0,0,0,0,0,0,0,0,0.0723726395020053,0.0393308631314497,0,0.577832434838765,0.0097604016917112,0.0084118997661155,0,0,0,0.1259786574450683,0,1,0,0,0,0,0,0.001422169897016,0,0,0,0,0,0,0,0,0,0,0.0085850363708213,0,0,0,0,0,0.0150476511327766,0.0905093930829247,0,0,0.0122042072129882,0.0114393195944276,0.0053251591213105,0.076142581590381,0.0098187435009616,0.0067725061826992,0.0005709790594564,0.0028073466421918,0,0,0.0096193397085238,0,0,0,0.0075720811097338,0,0,0,0.0175587437805363,0,0.0312889475518474,0.0002320315745285,0.0257591658479081,0,0,0,0,0,0,0.0093211553245469,0.0103198355269484,0.006508455123762,0.0221884453434383,0,0,0,0,0,0,0,0.0168919952480723,0.011659715372522,0,0,0,0,0,0.0122913848130976,0.0615701478538046,0,0,0,0,0,0,0,0,0,0,0
L2b_ID1990,0,0.6264046906319988,0,0.020681295599421,0,0,0,0,0.1464016753778998,0,0,0.0327666248945607,0,0.0244273872991691,0,0,0,0,0,0.0053585045375023,0,0,0,0,0.2221860805063753,0,0,0.1249962029895884,0.0736795431026354,0,0.0786989929943339,0,0,0,0,0,0,0.966634311146585,0,0.1665831948298023,0,0,0,0,0,0,0.0108020340338771,0,0,0,0,0,0,0,0.1024604434942387,0,0,0.0263926503654627,0,0.0896497688936243,0.0459814752097789,0,0,0,0,0,0,0,0,0,0,0,0,0.1307824725036549,0.1543279145573828,0,0,0,0.0200420368092243,0.1128445663946738,0,0,0,0,0,0,0,0.0071863041299665,0.0354865063448364,0,0,0,0,0,0.1041027400745933,0,0,0.1773293740383402,0,0,0,0.6745080315219889,0.3110146737018246,0,0,0,0,0,0.6315148676809255,0,0,0.1736835240808753,0,0.0901907840503486,0,0.1432426349121652,0.6216719738532943,0.2307242145985573,0.1716138004450481,0.1467668488433044,0.1145661950900954,0.0872320305359213,0,0,0,0.8140925517330369,0,0,0,0.1381855411383724,0,0,0,0,0.3020653126862674,0.2872825992275404,0.0986587376247408,0.4631924014270427,0.3313588950498621,1,0.1543795659317594
L2b_ID1997,0,0,0,0,0,0,0,0,0,0,0,0,0,0,0,0,0,0,0,0,0,0,0.0038034556658432,0,0,0,0,0,0.0084847982854441,0,0,0,0,0,0,0,0,0,0,0,0,0,0,0,0,0,0,0,0,0,0,0,0,0,0,0,0,0,0.4314286544423757,0,0.4397240864368283,0,0,0,0,0,0,0,0,0,0,0,0,0,0,0,0,0,0,0,0,0,0,0,0,0,0.0097531972497967,0,0,0,0,0,0,0,0,0.2661083903136003,0,0,0.0388449988893158,0,0,0,0.7311977147974036,0,0.8883117471151359,0,0.0557161643146955,0.1536180297628811,0,0.8984022865350473,0.1471332350321814,0,0,0,0.6519459427148526,0.0414591664878242,0,0.3090382918621365,0,0.545087207367417,0,0.7971095562698013,1,0,0,0.0963814357916908,0,0,0,0,0,0,0,0,0.0146316426454356,0,0.2472551666245238,0,0.0502583427926035,0.0928919533014215,0.0471815147856706
L2b_ID2047,0,0,0,0,0,0,0,0,0,0,0,0,0,0,0,0,0,0,0,0,0,0,0,0,0,0,0,0,0,0,0,0,0,0,0,0,0,0,0,0,0,0,0,0,0,0,0,0,0,0,0,0,0,0,0,0,0,0,0,0,0,0,0,0,0,0,0,0,0,0,0,0,0,0,0,0,0,0,0,0,0,0,0,0,0,0,0,0,0,0,0,0,0,0,0,0,0,0,0,0,0,0,0,0,0,0,0.9410719451569474,0,0.3393711764411395,0,0,0,0,0,0,0,0,0,0,0,0,0,0,0,0,0,0,0,0,0,0,0,0,0,0,0,0,0,0,1,0.054833637154512
L2b_ID2052,0,0,0,0,0,0,0,0,0,0,0,0,0,0,0,0,0,0,0,0,0,0,0,0,0,0,0,0,0,0,0,0,0,0,0,0,0,0,0,0,0,0,0,0,0,0,0,0,0,0,0,0,0,0,0,0,0,0,0,0,0,0,0,0,0,0,0,0,0,0,0,0,0,0,0,0,0,0,0,0,0,0,0,0,0,0,0.1281546925444343,0,0,0,0,0,0,0,0,0,0,0,0,0,0,0,0,0,1,0.1681952317500052,0.2422394663177025,0,0.4715059171657577,0.5162864422610719,0.1841928433763359,0.4887685562429903,0,0,0,0,0.0448348384089509,0,0,0,0,0,0,0,0,0.1022856802937084,0,0,0,0,0,0,0,0,0,0,0.352799914633623,0,0,0,0.0543021317096858
L2b_ID2064,0,0,0,0,0,0,0,0,0,0,0,0,0,0,0,0,0,0,0,0,0,0,0,0,0,0,0,0,0,0,0,0,0,0,0,0,0,0,0,0,0.2474254917556001,0,0,0,1,0,0,0.6506707344579115,0,0,0,0,0,0,0,0,0,0,0,0,0,0,0,0,0,0,0,0,0,0,0,0,0,0,0,0,0,0,0,0,0,0,0,0,0,0,0,0,0,0,0,0,0,0,0,0,0,0,0,0,0,0,0,0,0,0,0,0,0,0,0,0,0,0,0,0,0,0,0,0,0,0,0,0,0,0,0,0,0,0,0,0,0,0,0,0,0,0,0,0,0
L2b_ID2068,0.0819603088416731,0.1262506015864155,0.060297675326278,0.1576533832149781,0.2066338551931748,0.3717279551814358,0,0.053708606757634,0,0.0732447974271666,0,0,0,0,0.0332985188014358,0,0,0.0150307996358541,0.0312613753762109,0.0148597498872077,0,0.0185907593650993,0,0,0,0.0893094540454867,0.3687207505256669,0,0,0.308700670331982,0.1234583167085338,0.2208881505787102,0.1043241228878422,0.0638530510422871,0.0648348283668521,0.1249113381188229,0.1501616172983979,0,0.0678624677300518,0,0,0.0618876527544547,0.0228748447748185,0,0,0.23093797982683,0.0724454274582936,0.0290668997538805,0.0696789535222445,0,0.0534785198114655,0.7601816849503229,0.586346463273881,0.4262410740294935,0.5072254918125719,0.6049610519827519,0.5181573412271727,0.2205110616649905,0.4666666778148977,0.7036804212425974,0.6387972485719953,0.029359868993793,0.0718359480951742,0.0321584498351343,0,0,0,0,0,0,0.0475541979611446,0,0,0,0,0.0282294362796658,0.0394942861414222,0,0,0,0.1523928172839498,0,0.0204687039612897,0,0,0,0,0,0,0.0379043463385251,0,0.074312937310264,0.109189460339778,0.0728588791144915,0,0.100237187689276,0.0207915915693955,0,0.2236947790493078,0.3649496941650047,0.4664612605104128,0.4670542432787036,0.5529809087658875,0.4830774201165146,0.9840443061915156,0.1076118699897759,0.7641513693427884,0,0.5747260461583586,0.43730938615276,0.8181034952714221,0.2394998714051553,1,0.3179383955443642,0.2032694089754184,0.0981669873120868,0.9565604942590512,0.7422600702806779,0,0.6682924577869446,0.4179391313276105,0.2864441635833447,0.6000057524871982,0.6022129684472732,0.4434594722226774,0.1271030775472063,0,0.2465125128302203,0.2616889787361986,0.240892943203219,0.2298713449549182,0.1165364023744394,0.1577210418289431,0.1559987404728611,0.0608647969856967,0.3461770207534353,0.1084599521540221,0.1274719975946577,0.3167137512203132,0,0.5231430921157146
L2b_ID2069,0,0,0,0,0,0.5464155343743663,0,0,0,0,0,0,0,0,0.1012170794896075,0,0,0.0238487631113832,0,0,0,0,0,0,0,0.0514710326987493,0.2641279047176495,0,0,0,0,0.2841902972303883,0,0,0,0,0,0,0.1453815774485804,0.0999364557667464,0.0882345328791921,0,0.3872469940826449,0,0,0.0827123374084678,0,0,0.0789192363806886,0,0.5176066861800458,0,0,0.0528701510636814,0,0,0,0,0.1599500934417268,0,1,0,0,0.0357210342623213,0,0,0,0,0,0.0901873927788787,0,0.1723721410584172,0,0,0,0,0.0276069478288571,0,0,0,0.0217253719771162,0.0389791233523942,0,0.1374056550608369,0,0.0563712591705163,0,0,0.0831570655358913,0,0,0,0,0.0746665532910596,0,0.1434402863186514,0,0,0.1182754176267664,0.207034653680103,0.1925517515732861,0.1434897051755166,0,0,0,0,0.1661498229371095,0,0,0,0,0,0,0,0,0,0,0,0,0.1174597985666768,0.0752809206684796,0,0,0.073642396967921,0,0,0,0,0,0,0,0,0,0,0,0,0,0,0.1282618150489883,0,0
L2b_ID2074,0,0,0,0,0,0,0,0,0,0,0,0,0,0,0.0299275419110766,0,0,0.0405267240621561,0.0196154653031232,0.0156073647537771,0,0,0,0,0,0.0901668002180584,0.2812671495185265,0,0,0.1781632866026145,0,0.5616293414125214,0.0883702635189933,0.2473081954194745,0.5576533261051331,0.0936843924999339,0,0,0,0,0,0,0.2214232640953152,0,0.12909931451894,0.2880038000011258,0.1202337719471065,0,0.0431246652374805,0,0.1959299156127826,0,0,0,0,0.0860718982209361,0,0,0,0.1163485457504807,0.2063381126343542,0.100060295140926,0,0.0313555165009506,0.0097659130459633,0.0534376186688478,0,0,0,0,0.2187209809337454,0.0571964266912841,0.0698366413030158,0,0,0,0.5704195502610335,0.0779071350909926,0,0,0,0.0781854778124706,0.0867822334359397,0.3540796969698281,0,0.2080805014823728,0,0,0,0,0,0.078868176852468,0,0.0116621397522291,0,0.1464948172158756,0,0,0,0.0907361441333152,0.0870884451128027,0.2261238061670346,0,0,0,0,0,0,0,0,0,0,0,0,0,0,0,0,0.0949683542522471,0.0547673430258764,0,0,0,0,0,0,0,0,0,0,0.1802137273741672,0,0.7172452465129491,1,0,0,0,0,0,0.0238940523487393,0
L2b_ID2083,0,0.4848776025100405,0,0,0,0,0.4106478959618161,0,0.785012227686377,0.3848508346062571,0,0,0,0,0,0,0,0,0,0,0,0,0,0,0.2632311058120237,0,0,0,0,0,0,0,0,0,0,0,0,0,0,0,0,0.9183855105090806,0,0,0,0,0,0,0,0,0,0,0,0,0,0,0,0.4503166913632918,0,0,0,0,0,0,0,0,0,0,0,0,0,0,0,0,0,0,0,0,0,0,0,0,0,0,0,0,0.0384480454668677,0,0,0,0,0,0,0,0,0,0,1,0,0,0,0.3880071537679178,0.5163247310988284,0.361563432868986,0,0.2534644317808108,0,0,0,0,0.3185133445103021,0,0,0,0.4921174753065492,0,0.3170073126453069,0,0,0,0,0,0.269323879097005,0,0.1967740311177476,0.0751576850151798,0,0,0,0,0,0,0,0,0,0.016429647861996,0,0,0.0382776460941874,0.0276788075934503,0
L2b_ID2106,0,0,0,0,0,0,0,0,0,0,0,0,0,0,0,0,0,0,0,0,0,0,0,0,0,0,0,0,0,0,0,0,0,0,0,0,0,0,0,0,0,0,0,0,0,0,0,0,0,0,0,0,0,0,0,0,0,0,0,0,0,0,0,0,0,0,0,0,0,0,0,0,0,0,0,0,0.0466807721922802,0,0,0,0,0,0,0,0,0,1,0,0,0,0,0,0,0,0,0,0,0,0,0,0.1366646211745539,0.0699467262748331,0,0,0,0,0,0,0,0,0,0,0,0,0,0,0,0,0,0,0,0,0,0,0,0,0,0,0,0,0,0.0552707873423532,0,0,0.0706791939829862,0,0,0,0,0,0
L2b_ID2114,0,0,0,0,0,0,0,0,0,0,0.0881471955629684,0,0,0,0,0,0,0.035842975203554,0.0190579901714447,0.0339274710507736,0,0.0739250041774442,0,0,0,0,0.3828959380905842,0,0,0,0,0,0.1354653938821251,1,0.0796789254873428,0.3403592274502792,0,0,0.5285152962285848,0,0,0,0.4422128045603509,0,0,0.2738636503772031,0.3061500245868029,0,0.1154107085161286,0,0.3989111379758972,0,0.3395612064952321,0,0,0,0.4859941931983191,0,0.3976659108215846,0.6759442411387312,0.433612789839099,0.4043373355613036,0,0.1854419342954301,0.1629854207965816,0.1751406419082442,0.0413569342877226,0.05911730101646,0,0.1414530126155734,0.3753322783102777,0.1370979787952312,0.3000659469695801,0,0,0,0,0.0576053980903992,0,0,0.2222078563699088,0.0800628485699575,0,0,0,0,0,0,0,0,0,0.1066581293682039,0,0.1095368181593964,0,0.1729750185749828,0,0,0,0.4400781844919704,0.1837824985124599,0.1172463801905901,0,0.3541204090504098,0,0,0,0,0,0,0,0,0,0,0,0,0,0,0,0,0,0,0,0.1848568608741495,0,0,0,0,0.1471530755855358,0,0.2760222213829653,0,0.6951109835954384,0,0,0,0,0,0,0,0
L2b_ID2168,0,0,0,0,0,0,0,0,0,0,0,0,0,0,0,0,0,0,0,0,0,0,0,0,0,0,0,0,0,0,0,0,0,0,0,0,0,0,0,0,0,0,0,0,0,0,0,0,0,0,0,0,0,0,0,0,0,0,0,0,0,0,0,0,0,0,0,0,0,0,0,0,0,0,0,0,0,0,0,0,0,0,0,0,0,0,0,0,0,0,0,0,0,0,0,0,0,0,0,0,0,0,0,0,0,0,0,0,0,0,0.3799905131131431,0,0,0,0,0,0,0,0,0,0,0,0,0,0,1,0,0,0,0,0,0,0,0,0,0,0,0,0,0,0
L2b_ID2174,0,0,0,0,0,0,0,0,0,0,0,0,0,0,0,0,0,0,0,0,0.0289899594370266,0,0,0,0,0,0,0,0,0,0,0.3526415071612245,0,0,0,0.4148421846817587,0,0,0,0,0,0,0,0,0,0.3246783905127312,0,0,0.2914994554754047,0,0,0,0,0,0,0.1567868906125851,0,0,0,0,0,0,0,0,0,0,0,0,0,0.2829699398107256,0,0,0,0,0,0,1,0,0,0,0,0.1037815809067634,0.1491759576574432,0.1742176300560465,0,0.1760156475677413,0,0,0,0,0,0.2921527907645386,0,0.0606314613747776,0,0.4406287298021001,0,0,0,0,0,0,0,0,0,0,0,0,0,0,0,0,0,0,0,0,0,0,0,0,0,0,0,0,0,0,0,0,0,0,0,0,0,0,0,0,0,0,0,0,0
L2b_ID2218,0,0,0.4085020642801523,0,0.0895772416666713,0.4420067467683682,0,0.4855526971382684,0.3315544368344598,0,0,0,0,0,0,0,0,0,0,0,0,0,0,0,0.0622505026159559,0.1066611692706771,0.4115054658216104,0,0,0.1050662467557294,0.5787511574571746,0.3129018672481505,0,0,0,0,0.0724930679326479,0,0,0,0,0,0,0,0,0,0,0,0,0.0524090246229208,0,0.6370935215059672,0.6513278111438466,0.3822335181679518,0.2692402111569112,0.3607165366612015,0,0.0899715665680907,0.3697335344740655,0.7586635858736432,0.1931023514695795,0,0,0,0,0,0,0,0,0,0,0,0,0,0.0309194927663987,0,0,0,0,0,0,0,0,0,0,0,0,0,0,0,0,0,0,0,0,0,0.0756369574116061,0.1269368863317183,0.0799228224871177,0.226642575132357,0.1893986131262664,0.3141780760031281,0.6196336979856203,0.7550511109902887,0.5394783933902473,0.2431379151158116,0.0619404741689869,0.0505849973712083,0,0.3983989439250103,0,0.2077178595854338,0.3571881397919064,0.7961800768924944,0.2917514656365699,0.0969232227929785,0.1166612349873918,0.3804561394708544,0.2770530055514871,0.5516052808967442,0.2899372720420691,1,0.622604487299728,0.3164909474733191,0,0,0.247367928663054,0,0.1920358208767136,0,0,0,0.2107626355828739,0,0,0.1399662787846286,0.2024449577595355,0.1561978996593388,0,0,0
L2b_ID2219,0,0,0,0,0,0,0,0,0,0,0,0,0,0,0,0,0,0,0,0,0,0,0,0,0,0,0.1825985609492023,0,0,0,0,0,0,0,0,0,0,0,0,0,0,0,0,0,0,0,0,0,0,0,0,0,0,0,0,0,0,0,0.3719234736261539,0,0,0,0,0,0,0,0,0,0,0,0,0,0,0,0,0,0,0,0,0,0,0,0,0,0,0,0,0,0,0,0,0,0,0,0,0,0.0161451796858803,0,0,0,0,0,0,0,0.3672883639396146,0.0825080591875298,0.1557845549029569,0,0,0.2600281864601463,0,0,1,0,0.0818131477936496,0,0,0,0,0,0,0.2222240675951798,0,0,0,0,0.2742490135617252,0,0,0,0.0255818376842462,0,0,0,0,0,0,0,0,0,0
L2b_ID2225,0,0.2695636590338727,0.483753553991711,0,0,0.5980515677538274,0,0.1834594186109615,0.1549231849117859,0.260193869203797,0,0,0,0.0491425708016316,0,0,0,0,0,0,0.02752405611191,0,0,0.0128434620660028,0,0,0.7680361936828766,0.2138789350711239,0.0494487339266826,0.386808288352049,0.1649087526574687,0.4691657170933257,0,0,0,0,0.0329411119644412,0,0.1124575496877357,0,0,0.0874412232039351,0.043147143339048,0.1922093272965096,0,0.2465513679216548,0,0.0216258138829049,0,0,0.0477172550530862,0.6097229467587089,0.2056912983955167,0.3017788262999251,0.4705400386549969,0.557593593469473,0.887640382205105,0.6446797603210679,0.8021314933093828,0.5326549829600377,0.2798926272940081,0,0,0,0,0,0,0,0,0,0,0,0.5991156356354327,0,0,0,0,0,0,0,0,0,0,0,0,0,0.0682942766013022,0,0,0,0.0423874881291212,0.2025315274832191,0,0,0,0.1859245140512891,0.0975816411452989,0.3600304915472528,0.3433462244268631,0.0765718946624739,0.1668531427587909,0,0.7342060903394337,0.0891081820283684,0.1469308953004908,0.4802895573997865,0.2062346908152911,0.1560354967427231,0.3399095182860358,0.2776436790827449,0.4381695983834578,0.2398486378293896,0.3737013298126747,1,0.16728234145962,0.1028968668401343,0.525336441293596,0.4552389646225167,0,0.2980395877963834,0.2760544751893544,0.5053051826633934,0.2571949243376139,0,0.2959465442082037,0.0324130178422829,0.2036132557252603,0.386150720413889,0.5647837702866638,0,0.1324527032692942,0,0.607276758292495,0.501274537824212,0,0.1241174893915253,0.2930468403869921,0.1712821222218279,0,0.207061309956612,0.1661011334460881
L2b_ID2228,0,0.3482089101973977,0.2452494450440813,0.2478769093808193,0.6089481816044553,0.4400060940744205,0.153265928443219,0.6138645270741449,0.3144732192319927,0.2809087079464119,0,0.0315978174817793,0,0.0120962213647458,0,0,0,0.0280325612976297,0,0,0,0,0.0120792282310418,0.0255575244785429,0,0.014736656847667,0.4643870176500754,0.4757300978709389,0.0811375598523622,0.4331363003123213,0,0,0.3833422370977126,0,0,0,0,0.2709175991733225,0,0.0869072292924899,0,0,0.0631011175813096,0.395164281045777,0,0.1928548339247992,0.2688490249264764,0.0406824294423688,0.2164877137562749,0.0152865180686972,0.0985835967714894,0.4312161180313615,0.3692465664412775,0.2973389093076697,0.6199330793155718,0.6114875377993871,0.6792019088425729,0.2965524425453206,0.4542324894579343,0.616870997142927,0.3894804304381032,0,0,0,0,0,0,0,0,0,0,0,0.0134740283742802,0.0378958122087794,0,0.0883604421506929,0,0,0,0,0,0,0.0239743147581656,0,0,0,0,0,0.0485052073295252,0.0326527779182838,0.089770704721602,0.2718335693403726,0.3142457290248365,0,0,0,0.0844199657394214,0.4227120395063419,0.3721818904825308,0.1868005173305429,0.2415507837085192,0.4356223033093815,0.7535007638777025,0.2547596770451832,0.7182199595982234,0.3674406521628041,0.0639988597820745,0.1656948507232779,0.1243785738810979,0.2631672711023539,0.3439747827624159,0.3772131982710744,0.4706402746898857,0.614945803981606,0.3299656395540016,0.0781784436621928,0.4559903722616547,0.4353824917968207,0.2317306600683266,0.0603916030779226,0.381528703064581,0.9550212691670876,1,0.4145438786760398,0.6037484177930718,0.052547586481081,0.6778493105213659,0.6438203292546786,0.4616893434888559,0,0,0,0.6786838303747934,0,0.0912593447157985,0,0.2080396148126474,0.0922686440373139,0.0276817688690848,0.0707293809655113,0.0489200691951541
L2b_ID2248,0,0,0,0,0,0.0156051789425679,0,0,0,0,0,0.0054916946045784,0.0053594254607097,0,0.0638751459474971,0.0384918799464589,0,0,0.0212514568624925,0,0,0,0,0,0,0.0060622448409663,0.6353502368779859,0,0,0,0.0175566467918864,1,0.0237465365733743,0,0,0,0,0,0.0111329547628881,0,0,0,0.0761706753146812,0,0,0.0738659417331395,0.0193699584107738,0.0073738326632534,0.0205231066931426,0.0177034895117791,0.0321818014848826,0,0,0,0,0,0,0,0.1623169850275758,0,0.0614304735707559,0,0.0062922843257955,0.0130450608866184,0,0,0,0.0090043034017216,0,0.1867825096360841,0.0195157572668899,0.0984970659877632,0,0,0,0,0,0,0,0,0.0167094558483462,0.0784399557528916,0,0.0324568932837954,0,0.0638097709097243,0,0,0,0,0,0.0537453167257975,0.0205927585394014,0,0,0.0130816063164772,0,0,0,0.0083048864385956,0.0055053284808725,0,0,0,0,0,0.0143333148778199,0,0,0,0,0,0,0,0.0166455839697993,0,0.0879284123427494,0,0.0846988251194948,0,0.0567139657115899,0,0,0,0.0930209584245388,0,0,0,0,0,0.0777323973138958,0,0,0.0956772911567978,0,0,0,0,0.0231862701574384,0,0
L2b_ID2252,0,0,0.5746580505210612,0.4154491299547583,0,0,0,0,0,0,0.0197139011898654,0,0,0,0,0,0,0,0,0,0,0,0,0,0,0.2022950609218642,0,0,0.4308664552542111,0.7718265255846831,0,0,0,0,0,0,0,0,0,0,0,0,0,0,0,0,0.1578437413370099,0,0,0,0,0,0,0.2284942003001398,0,0,0,0,0,0,0.1147575793471357,0,0,0.0453470423415762,0,0,0,0,0,0,0,0,0,0,0,0,0.0625862877841442,0,0,0,0,0,0,0,0,0,0,0,0,0,0,0,0,0,0,0.3745507811247542,0.8448021026782617,0,0.3342230480279065,0.1569325148951383,0.3026333275441239,0,0,0.506874427275592,0,0.273649438240844,0.6761074499150906,0,1,0.3676191147360212,0,0,0,0,0.0516242679788144,0.0481261861757345,0,0,0,0.2202173584081898,0,0,0,0,0,0.2977632760028501,0,0,0,0,0,0,0,0,0.0741759730749574,0.1118511933017007,0.2423440898963383,0,0.0726783756336819,0,0.2580663887393257
L2b_ID2253,0,0,0.3824175552812762,0.3948436970246131,0,0.3094079337274294,0,0.1629218954254182,0,0,0.0424597031109149,0,0,0.0527932093117882,0.1023281750971966,0.0476628316008945,0,0.0497002635921772,0.0417086240537288,0.0141479256785076,0,0,0,0,0,0.1311884515547455,0.4314556473931549,0,0.063652162552625,0.3991677608424627,0,0.1546883662379544,0.1430249449278444,0.2700704588219119,0.1264670428021104,0.2067660219816988,0,0.1019504508553036,0,0,0.1273246914023811,0,0.1795965728233873,0,0.2738691242648517,0.3711618567425404,0.1593407036510692,0,0.1004408678441792,0,0.0201624931034666,0.985884242355749,0.9219364152976676,0.7316921929240678,0,0.6078929266484717,0.9475227207402338,0,0,0.7495482214507992,0.987769609958772,0.1188584563289263,0,0.0481231108893591,0.0173940164119695,0.0191409554023437,0,0.0505349370479989,0,0.1817231174799978,0.0412264228938654,0,0,0.1206628557387611,0,0,0.0263600120088667,0,0,0,0.0365629133748697,0,0,0,0,0,0,0,0.0268055961919567,0,0.022611181293843,0,0.0329927720437676,0,0,0.0473806194788801,0.2368885586957276,0,0.1448612094917655,0.1580867790230593,0.1671487334182867,0,0,0.6306150016952123,0,0,0.114622545779633,0,0,0.2626742709474413,0,0,1,0,0.2104754514003522,0.092422220952914,0,0,0,0.1441527019282707,0,0,0,0.7446975113748306,0.5532162650511278,0.0524263478050781,0.2774780412154628,0,0.1980144811070582,0,0.0568980857559445,0,0.3084504001324134,0.1003941841534572,0.0377255284579885,0.164048724341559,0.2335730103723861,0.0327370302348469,0.1758649226075481,0,0.0924076405691464
L2b_ID2261,0,0.2864627777054229,0.721828879765747,0,0.5161351641128405,0.2664826433791912,0,0.1159709798619468,0.3034527574758964,0.6742852421031227,0,0,0.0287734323647258,0,0,0,0,0.024205553173322,0.0191455112146523,0,0,0,0.0073819275883949,0.0196898024518226,0.7875353608653027,0.0343233475904624,0.2785549167542577,0.4297265562436262,0.0212319935451862,0.2765325421975543,0.475133630831036,0.2983451846144063,0.6949651976654942,0,0,0.4446874964932427,0,0.4350563852566912,0,0,0,0,0,0.3747948738264477,0,0.1593445347804013,0.1762041736957668,0.3868649198793097,0,0,0,0.6965770988431187,0.6717419461899359,0.4424585335514635,0.7900176519535316,0.6287843139388544,0.4693992792997435,0.5843780721319146,0.4921036837188868,0.6586302614536219,0.4576174929465296,0,0.1218832833857745,0,0,0,0,0,0,0,0,0,0,0,0,0,0,0,0,0,0,0,0,0,0,0,0.0815007033917526,0,0,0,0,0.6131245385957532,0.4460112059810572,0,0,0.0385778114161994,0.0506208278089508,0.5093691713443267,0.5476645931600466,0.2322688702647725,0.4208605896929049,0.6576596930511968,0.3478329515147661,0.7144176436563313,0.3228837803676679,0.30258695610407,0.0385595805289193,0,0.2466935146838341,0.3416447363275571,0.2223268307993434,0.3580365015603157,0.2495605714322634,0.7563448248423617,0.3148347479946449,0.1219160471253771,0.0484624888336346,0.7684269086366033,0.7024443075935365,0.5303897881867591,0.4883559335693501,0.931339443563906,1,0.4680375183073983,0.5837326587664171,0.0527290451316687,0.8728489423279971,0.7153604640447287,0.3538762526137031,0,0,0,0,0,0,0.2093015950687426,0.2109253150810796,0.1143543520005604,0.0957043163464026,0.1342071421551841,0.17384485289642
L2b_ID2264,0,0,0,0,0,0,0,0,0,0,0,0.1454517286730396,0,0,0.2163893425928881,0,0,0.0193156826427962,0,0,0.1349399670360374,0,0,0,0,0,0,0,0,0,0,0,0,0,0,0,0.1569649435295251,0,0,0.307090228402325,0,0,0,0,0,0,0,0,0,0,0,0,0,0,0,0,0,0,0,0,0,0,0,0,0.0594405676553102,0.0243959251558072,0.018120220401052,0,0,0,0.1591632907958616,0.2180780700910027,0,0,0,0.0203746273005354,0,0.0548831189595288,0,0,0,1,0,0.077323068278638,0,0,0,0.0792628639380584,0,0,0,0,0,0.0412594982763123,0,0,0,0,0,0,0,0,0,0,0,0,0,0,0,0,0,0,0,0,0,0,0,0,0,0,0,0,0,0,0,0,0,0,0,0,0,0,0,0,0,0,0,0,0,0,0
L2b_ID2267,0,0.3545320201374495,0,0,0.0414340268976902,0.1476256449178034,0.0684518707645806,0.0917647838002358,0,0.7239951521035897,0,0,0.0308946781579658,0,0.0197218734808791,0,0,0.0084357617168145,0,0,0,0.0030762990210736,0.0079261408280389,0,0,0.0237277928236995,0.0715323555261075,0.4614070189051749,0.054621069554914,0.3163106200645573,0.5101616109083366,0.3988551766526921,0.0142306150138741,0.0448110323197718,0,0.0145138864395527,0,0,0.0054278876002277,0,0,0,0.0446001724353917,0.0717297351241077,0.0194458719053566,0.0635306420298992,0,0,0.0149855412875185,0,0,0.8817395384625608,0.721264358373374,0.4574797473546623,0.8482596301627837,0.2850237111556896,0.504004509358606,0.6274598119625503,0.5283827364121726,0.7071860490878356,0.4913541417245142,0,0.0740603154170452,0,0,0,0,0.0011298321552422,0,0.0430833124668153,0,0,0.0103164256848544,0,0,0.0174034268153341,0.0197360383643074,0,0,0,0,0,0,0,0,0.0031639108988361,0,0,0,0,0,0,0,0,0,0.061839779028138,0.0986680348046583,0.5469210768043404,0.0173187581343821,0.3045645109992656,0.4518874322367585,0,0.3734760230746082,0.8481143860530019,0.5287089423417396,0.3594759894745851,0.2843545466362844,0.1448316537520628,0.2648803466755638,0.3668315979619673,0.7645998718288278,0.4033553342743165,0.2679587696589801,0.8121043622377875,0.0240389353371251,0.1223181960345656,0.0317567181972905,0.8250771659537,0.7542301708016693,0.6067369919897398,0.5243586932177865,1,0,0.5025423561106621,0,0.2255063105197482,0.9371974400524836,0.8136518590652735,0.054711031312045,0.0435145880693757,0,0,0,0.0096038183482524,0.0032115463024566,0.2249884984272888,0.0861261241722491,0.0229021856135015,0.1204556844420556,0.2338860910244251,0.3079062288664891
L2b_ID2270,0,0,0,0,0,0,0,0,0.2344861016069325,0,0,0,0,0,0,0.0425966427881371,0,0,0,0,0,0,0,0,0,0,0,0,0,0.4148033712877677,1,0,0,0,0,0,0,0,0,0,0,0,0,0,0,0,0,0,0,0,0,0.1220608787662977,0,0.2919624889725358,0.3438445507773942,0,0.5650817394570843,0,0.5385934437109469,0.5333501040084331,0.3455288183312567,0,0,0,0,0,0,0,0,0,0,0,0,0,0,0,0,0,0,0,0,0,0,0,0,0,0,0,0,0,0,0,0,0,0,0,0,0,0,0.3864482380305855,0,0,0,0.7537338812545027,0,0.436335033802795,0,0,0,0,0,0,0,0,0,0,0,0.4503566236011418,0,0.5745960547435474,0.6986909278187857,0.535235133389171,0.4251993518484307,0.3083803040317308,0.5447805029352951,0,0,0.1526357674648353,0.1931974173449795,0,0,0,0,0,0,0,0,0,0,0,0
L2b_ID2290,0,0,0,0,0,1,0.0999232152043836,0,0,0.0394782090657655,0,0,0,0,0.0660645273936302,0.031283458142748,0,0,0.0337509259050627,0,0.0074798911786998,0,0.0103472656996292,0,0,0,0.1705461504976313,0.0937552780375508,0,0,0.0609903984213034,0.2258903978343288,0,0,0,0,0,0,0.0513059628191366,0,0.1653557922746192,0.6857988979646941,0.0199912077480076,0,0,0.0342573630753984,0,0,0.026737692089798,0.0695414227960856,0.2424400514341209,0,0,0.0863137835453605,0,0,0,0,0.1834008227868833,0,0.3939171729637994,0,0,0,0,0,0,0,0.0191946649004727,0.0528952083276923,0,0.0407493877239757,0,0,0,0,0.0948069743562167,0,0.0215140162547462,0,0,0,0,0.0207075489806618,0,0.0163307067562099,0,0,0.0606554323834633,0.0130772965995805,0,0.072771339176823,0,0,0,0.0877678636719349,0,0,0.2746224238679769,0.1139172453888886,0.1158875510076176,0.0519514810126031,0,0,0,0,0.1173652003410511,0,0.0379967935093487,0,0,0,0,0,0,0,0.1398827049644227,0,0,0.0418038236518188,0.1325467061353423,0,0,0,0,0,0,0,0,0,0,0,0,0.0574374211726275,0,0,0.0282745773356996,0,0.0526457441313429,0,0
L2b_ID2293,0,0,1,0,0,0.219602236133045,0,0,0.0997921555101438,0.1743732108505676,0,0,0,0,0,0,0,0,0,0,0,0,0,0,0,0.0831814881099268,0.4816725984524668,0.5156702713491207,0,0.7145682001233383,0.1537136926817507,0.4426719600561109,0.3652448153298169,0,0,0,0,0,0,0,0,0,0,0,0,0,0,0,0,0,0,0.6153402916806056,0.7107961647147529,0.1739667580930775,0.5938054202823193,0.2072704993410787,0.5836138565509705,0.4482581994769207,0.4769485008066065,0.5249316189269185,0.3570303339714151,0,0,0,0,0,0,0,0,0,0,0,0,0,0,0,0,0,0,0,0,0,0,0,0,0,0,0,0,0,0,0.0803242751511885,0.0675510221655178,0.1425855783762462,0,0.0925331925998868,0.0416900069029849,0.3143543161114159,0,0.1539544006647249,0.2752989681382182,0.1906657652994541,0.5857670523310432,0.4602294994793271,0,0.3095515808213089,0.0255721326543274,0.0596176321959371,0,0,0.0045096629097379,0,0.4337661657480773,0.1391100575500395,0,0.0969107520243015,0.3628936895487486,0.2880483284443088,0.1663985586774956,0.3812311471364408,0.4751692453381259,0.2505290833656935,0,0.112760141796654,0.217938371395691,0,0.3567220588353254,0.0946227374794337,0,0,0,0,0,0,0,0.0029834299012019,0.1053970797023459,0.2160944357128263,0,0.0273785808349922,0
L2b_ID2294,0,0,0,0,0,0,0,0,0,0,0,0,0,0,0,0,0,0,0,0,0,0,0,0,0,0,0,0,0,0,0,0,0,0,0,0,0,0,0,0,0,0,0,0,1,0,0,0,0,0,0,0,0,0,0,0,0,0,0,0,0,0,0,0,0,0,0,0,0,0,0,0,0,0,0,0,0,0,0,0,0,0,0,0,0,0,0,0,0,0,0,0,0,0,0,0,0,0,0,0,0,0,0,0,0,0,0,0,0,0,0,0,0,0,0,0,0,0,0,0,0,0,0,0,0,0,0,0,0,0,0,0,0,0,0,0,0,0,0,0,0
L2b_ID2301,0.0903171832088305,0,0,0,0,0,0,0.0480006881417278,0.0537196333581979,0,0,0,0.0654085379874685,0.0240094320915114,0,0.0241100286422282,0,0.0110607861543355,0,0,0,0.0046791133940384,0.1075307774401998,0,0,0,0,0,0,0,0,0,0,0.0884443362816205,0,0.0333836919219989,0,0,0.0422920973180747,0.0958384008027064,0.0391067352765515,0,0,0.0257272126594585,0.0101337227655621,0,0.670417595865857,0.14405287010963,0,0,0,0,0.0764992396895855,0.0348494866591916,0,0,0,0,0,1,0,0,0.0163886204456342,0.070673783904082,0,0.0303556763694915,0.0795195480063754,0,0,0.0798015530397354,0.0681832646446813,0,0,0,0,0.0146253026110071,0,0,0.1427632478078545,0.115683895763128,0.0432995127076309,0.1044284939248406,0,0.3344435818441963,0,0,0.2933013588164915,0.0609084584948175,0,0.0706881468269684,0,0.0804251350580486,0.0451630103732209,0.1560622111352448,0,0,0,0,0,0,0,0,0,0,0,0,0,0,0,0,0,0,0,0,0,0,0,0,0,0,0,0,0,0,0,0,0,0,0,0.1290745641066601,0,0,0,0,0,0,0,0,0,0,0
L2b_ID2308,0,0,0,0,0,0,0,0,0,0,0,0.4488088507589129,0,0,0,0,0,0,0,0.7590412106592174,0,0,0.2841491528039817,0,0,0,0,0,0,0,0,0,0,0,0,0,0,0,0,0,0,0,0,0,0,0,0,0,0,0,0,0,0,0,0,0,0,0,0,0,0,0,0,0,0,0,0,0,0,0,0,0,0,0,0,0,0,0,0,0,0,0,0,0,0,0,0,0,0.2126445343125934,0,0,0,1,0,0,0,0,0,0,0,0,0,0,0,0,0,0,0,0,0,0,0,0,0,0,0,0,0,0,0,0,0,0,0,0,0,0,0,0,0,0,0,0,0,0,0,0,0,0,0,0
L2b_ID2314,0,0,0,0,0,0,0,0,0,0,0,0.0525368103532974,0,0,0,0,0,0.135378493457572,0.0921714554070481,0,0,0.1606323498569132,0,0,0,0,0,0,0,0,0,0,0,0,0,0.0916036700893154,0,0,0,0,0.4868298739763952,0.6362659552261568,0.2936928206986542,0.1155129475833636,0,0.9407279029325666,0.2738185451412511,1,0.246675617014107,0,0.0627252453520467,0,0,0,0,0,0,0,0,0,0,0,0,0,0,0,0,0,0,0,0,0,0,0,0,0,0,0,0,0,0,0,0,0,0,0,0,0,0,0,0.0595363652323866,0,0,0,0,0,0,0,0,0,0,0,0,0,0,0,0,0,0,0,0,0,0.6443846001428425,0,0,0,0,0,0,0,0,0,0,0,0,0,0,0,0,0,0,0,0.0965713047147229,0.9109294506549764,0,0,0,0,0,0,0
L2b_ID2315,0,0.1695236281909882,0.4159290384278639,0,0.3211420817966395,0.5980515677538274,0,0.3524498078012585,0.1549231849117859,0.260193869203797,0,0,0,0.0491425708016316,0,0,0,0,0,0,0.02752405611191,0,0,0.0128434620660028,0.8634434445032938,0,0.7680361936828766,0.1257253629453392,0,0.386808288352049,0.0704613839805322,0.4691657170933257,0,0,0,0.0708472368849384,0,0.6471137111963444,0.1124575496877357,0,0,0.0874412232039351,0.043147143339048,0.1182095966066178,0,0.2465513679216548,0.3343262472764607,0.1997876230085657,0.1089261112958407,0,0.0477172550530862,0.6097229467587089,0.2056912983955167,0.4268267585958376,0.5012212035356955,0.557593593469473,0.887640382205105,0.2935970721864947,0.8021314933093828,0.5326549829600377,0.2798926272940081,0,0,0,0,0,0,0.0058996855832535,0,0,0,0,0.5991156356354327,0,0.0715671978376737,0,0,0,0,0,0,0,0,0,0,0,0.0682942766013022,0,0,0,0.2042809991475655,0.6418227710942201,0,0.265204219837164,0,0.1859245140512891,0.0975816411452989,0.3600304915472528,0.3433462244268631,0.0765718946624739,0.2831923150089711,0.8043809661372354,0.7342060903394337,0.0434666686044583,0,0.3263981894349158,0.0132538498858558,0.0463594901832081,0,0,0.2537171896474219,0.2398486378293896,0.3737013298126747,1,0.16728234145962,0.1458262345610012,0.3230326026044087,0.4552389646225167,0,0.2980395877963834,0.2760544751893544,0.382631374174669,0.2571949243376139,0,0.2959465442082037,0,0.2036132557252603,0.386150720413889,0.5647837702866638,0.088960377797079,0.1324527032692942,0,0.607276758292495,0.501274537824212,0,0.0043385775718242,0.3195139212258168,0.1712821222218279,0,0.039542755981938,0.0758271260975498
L2b_ID2340,0,0,0,0,0,0.2681216724620746,0,0,0,0,0,0,0,0,0,0,0,0,0,0,0,0,0,0,0,0,0.1229549239116511,0,0,0,0.1234583167085338,0,0.1043241228878422,0,0,0.0345682423910815,0.0473753064788056,0,0,0,0,0,0,0,0,0.1329343771644987,0.0724454274582936,0,0,0,0,0.7513813327108161,0.1106051031250386,0.1238417183080597,0.5072254918125719,0,0.4303195205636367,0.2205110616649905,0,0,0,0,0,0,0,0,0,0,0,0,0,0,0,0,0,0.0282294362796658,0.0583645992606716,0,0,0,0,0,0,0,0,0,0,0,0,0,0,0,0.109189460339778,0,0,0.0384054220536312,0.071919484577147,0,0.2236947790493078,0,0,0,0,0.1235794283031065,0.9840443061915156,0.1349531071959267,0.7641513693427884,0,0.5747260461583586,0.4786794306107904,0.8181034952714221,0.2394998714051553,1,0,0.1741184355174613,0,0.9565604942590512,0.3311742582217925,0,0,0,0,0.6000057524871982,0,0,0.3026160104427709,0,0.1188887933857099,0,0,0,0,0,0,0,0,0,0,0,0.1897030562763816,0.5231430921157146
L3_ID1730,0.3636439750869628,0.4589178973750941,0.2223554277585347,0,0.208703604577265,0.105463732994622,0.5802394309820812,0.3561344026944605,0.3772496615752155,0,0,0.8000362391582414,0,0,0,1,0.0348366695601657,0,0,0,0,0,0,0.7380066695203426,0.3932917784510173,0,0,0.192195944380711,0.4022099767344798,0.3102376690460573,0.16797597744955,0,0,0,0,0.118282157522714,0.1005787738770741,0.4808665306265567,0,0,0,0.1365825439150898,0,0.4968884442930513,0,0,0,0.10681023239975,0,0.1283948593039692,0,0,0,0,0.4012839649349477,0.7620893433660729,0,0,0,0.4622511520332246,0,0,0.0485976302834648,0,0,0,0,0.0506311778950265,0,0.325463287673548,0,0,0.2994169147606627,0.4268735843927047,0.2517479978860653,0.8148170031294276,0,0,0,0,0.4133037631126552,0.3867101361731779,0,0,0.4022313938730277,0,0.9453725287366036,0.3325108375091897,0,0.4437932209754307,0,0,0,0.4552234166931103,0.2721406590242934,0,0,0,0,0,0.2559575826043493,0.4506160608336094,0.4900162138908744,0,0,0,0,0,0,0,0,0,0,0,0,0.7314404468052186,0.4419514927551308,0.3754889153923955,0,0.861832259999594,0.6123155540001824,0,0.9665139882082384,0.5002387452451281,0.5449349535762882,0,0,0.6246028237792984,0.7220491529643117,0.9286444078005784,0,0.5115112991675095,0.6730218261524727,0,0,0.2096945236133908,0,0,0,0,0
L3_ID1750,0,0,0,0,0,0.3487135238425332,0,0,0,0,0,0,0,0.6453144307481691,0.1785881646311042,0,0,0,0,0,0,0,0.0383722560754269,0,0.0988678659080584,1,0.0695875557937718,0,0,0,0,0,0,0,0,0,0,0,0,0,0,0,0,0,0,0,0,0,0,0,0,0.1792305587475393,0,0,0,0,0,0.2815244834878264,0,0,0,0,0,0,0,0,0,0,0,0,0,0,0,0,0,0,0,0,0,0,0.8401547900692183,0,0,0,0,0,0,0,0,0,0,0,0,0,0,0,0,0,0,0,0,0,0,0,0,0,0,0,0,0,0,0,0,0,0,0,0,0,0,0,0,0,0,0,0,0,0,0,0,0,0,0,0,0,0,0,0,0,0,0,0
L3_ID1751,0.1769354087655816,0.3307735144565488,0.2159588144609991,0.0473436539339024,0.3661558760692715,0.2394601747467843,0.1254931183977795,0.3198554044100672,0.2459278659638727,0.3569820167407599,0.0313208551620875,0.4316326081311253,0.3568941204007787,0.2964284692287156,0.4306742477688109,0.3814926399106032,0.0373944053250488,0.0293473508353523,0.0261917701097267,0.0216445293829763,0.0194589969608267,0.0256657380045921,0.009374903306214,0.1131864416513882,0.4637630603541836,0.3273215207633368,0.2212471111577681,0.2097945958083195,0.2393225363889493,0.1394529813486508,0.1868144733871471,0.2345604207725146,0.21749410826139,0.1919535518464491,0.1745752799786254,0.3095276547682302,0.1600217534761533,0.1158297471781702,0.4292780930830017,0.6219297257443235,0.3639624186692382,0.0935251568761835,0.1230533179295541,0.0723554539376897,0.346639458289121,0.0853243182945482,0.1679838699591912,0.1476852421093852,0,0.1815762259746156,0.190295371213332,0.5013967136726452,0.6725348248277955,0.6516631833916998,0.5607233545193048,0.4144245560014434,0.3833484779416885,0.5589172159730773,0.3572927335662436,0.1884163612683173,0.5905028955969455,0.0419388735826411,0.0426125295336875,0.0343352529756032,0.035730884371962,0.0168556765693001,0.0158872086611822,0.0199739363534255,0.0569622950352379,0.2533339485197566,0.7666939144394751,0.1649219119346862,0.1820689025644767,0.0298827487961697,0.1353201165189658,0.3663281065101433,0.2709867215489432,0.1295827155631871,0.1573341569211594,0.3965855639726165,0.340205165667484,0.3855046273103872,0.3397844603701144,0.0977502467232486,0.1231729506589541,0.3046873356796569,0.2378188435740057,0.0599032861113984,0.0948512889128877,0.22154371096167,0.5692702319921054,0.4402129866224312,0.746728619814214,0.3866791471877404,0.4047194890524234,0.3002071924634797,0.375992947238788,0.3525496851282705,0.0299738601784492,0.4711804268058228,0.1202711788185902,0.3570559748655076,0.1506702804205028,0.5020756847760602,0.2567414428666811,0.1921872222317161,0.382002078292224,0.3274956833543587,0.3322740738204404,0.4120942240765184,0.3528010486620817,0.265198270512784,0.3655720611907682,0.3300941840044535,0.2740754649366063,0.3408794305183772,0.5114418321041444,0.1187288976827509,0.3329004663109848,0.4023086066050426,0.6388611713973977,0.4091886634525456,0.4363243252593159,0.2446952444365064,1,0,0.1699697036773285,0.1749206492160605,0.4265936785866107,0.6925625541162621,0.2280213068366444,0.3278360455779673,0.1641653232523309,0.3745378871451686,0.5643500836782461,0.3915420861501206,0.3587055120344762,0.4814194945735467,0.5601890742071829,0.248865022365341,0.1771380553814575
L3_ID1755,0.1718029065323708,0.0517128780523589,0.0247058638250156,0.098198174745294,0.1312343200148245,0.1058140374317317,0.1424537828076426,0.0601743665461957,0.0559413696374755,0.1132626239521077,0,0.1358994742840019,0.0811626309873097,0,0,0.121822084443718,0.0126589534760211,0,0.0060934098301615,0,0.0250095990115205,0,0,0.0596594686303734,0,0.1385245525899748,0,0.0768436836459565,0,0,0.0543073475700026,0,0.0375248447153341,0.0324854589906964,0.1375017335990039,0,0.0405379821505357,0.0324666352269652,0,0.048982162278732,0,0.077362932139233,0.0216379528849439,0.0527281233246518,0,0,0.0403177308420818,0.0131614728069985,0,0.0192061702047059,0.0172677646722428,0.1707911143098663,0,0,0.1042448142089435,0,0,0,0,0.4508129771995432,0.1264480304599844,0.0448343100261816,0.0300497744968371,0.0081956849027428,0.0326921202624112,0.1050570601577689,0.0208966569313948,0.0051983365478677,0.0094663005579102,0.3043764218297262,0.0433585490562448,0.1767516707013261,0.0507109895834088,0.0839071180717363,0.0780342209348443,0.0636328855056409,0.0754449906796836,0.4020134472458351,0.07280677886464,0,0.2525976396030448,0.1345919489062524,0,0.1733931840740993,0,0.0580910235596502,0,0,0,0.2081693923152319,0.1700532625634684,0.1189711784501113,0.1803790707654671,0,0,0,0,0,0.0475619850291324,0,0,0.1276498067406291,0.1990078631912462,0,0,0,0,0.0975217837480748,0.1054882304677022,0,0.0957512136784701,0.0646272400477799,0,0.0604634235104286,0,0,0,0.6264572798583933,0,0,0.0553437974860665,0,0.10153759222561,0,0.1742228002870249,0.9146329780349955,0,1,0.0422529762459532,0.1037561612400404,0,0.2764421288839824,0.1784174334146773,0.1203533489489588,0.2346359976187132,0.0270446020670053,0,0.201669461588451,0,0.1491767248421403,0
L3_ID1762,0.4027280153392295,0.0943618640833005,0,0.3847695712768192,0.064762277449498,0.439532425722799,0.2986207712815535,0.2152392020286604,0.0690746751805703,0.0878219640368449,0.0262474386504792,0,0.057073440556047,0,0.1559186819624982,0,0.0160531535787097,0.0118164404051402,0,0.0091831024361087,0.0186371158224271,0,0.0109768300760155,0,0.2681141017940152,0.6095696825335768,0,0.0824434765369558,0.2838161437697695,0,0,0,0.1742207810461094,0.2530024529747867,0.439087295129262,0.0252175572632021,0.0376163942454217,0.0668143062578967,0.1002659288015931,0.2503936373562317,0,0,0.0699501711756229,0.0620290155256437,0.0401225155863024,0.0416932738484481,0.1577828466343351,0.0181250776755622,0,0,0.0622879963427299,0.6361167544983534,0.0375675640688016,0.1077970940090011,0,0.0574176004639643,0,0.1582919276712718,0.168284940865258,0.4142501856745089,0.5138591743920085,0.1543727419760502,0.0709386336723311,0,0.1369631361978003,0.0621038262855925,0.0854344653905674,0.0468155786091129,0,0,0,0.8697472459514081,0,0,0.1107270747461955,0.2230809540858748,0,0.2404272806895551,0.4013424784809902,0.5743148388700338,0.757970599810035,0,0,0.7970987729208153,0,0,0,0.2527222694011368,0.1276514615764727,0,0.6925302331361682,0.0466575074639673,0.0540198420213222,0,0.0664116958666339,0.0659195252650485,0.0328005116035471,0,0,0,0,0.0940409060916033,0,0.2917849164242788,0,0,0,0.6360634341055224,0.177328920543146,0.1960943551990342,0.9505422808227084,0,0.2491350526842172,0.8361371494006634,0,0,0,0.9303086931177637,0.2938305464896422,0,0,0,0.8212668256612529,0,0,0.6985232588761292,0.2319570980923608,1,0,0.199697698227881,0,0.9765956615782482,0.3942292954429113,0,0.8291707081078362,0,0.038582216080744,0.5130859029403149,0,0,0
L3_ID1777,0,0.0270145796684744,0,0,0,0,0.2453696169037668,0,0.1275097201707164,0,0,0,0,0.3861246038888064,0,0,0,0,0,0,0,0,0.0125174250879461,0,0,0,0,0.1452240436169383,0.1765729766854071,0.0980990550751426,0,0,0,0,0,0.1900469133426305,0.0915905534005698,0.469365248321281,0.057256254257493,0,0.091024688896436,0,0,0,0,0,0,0,0,0,0,0,0.3192036275076773,0.1635183449557728,0,0.1689358871925315,0.1893582678503227,0.1982655842726461,0,0,0,0,0.0322111677474739,0,0,0.022149646606244,0,0,0,0.2616225291767672,0,0,0.2277439387170093,1,0.434726566772286,0.0879768505282767,0,0,0.5546351289729765,0.5867646202458392,0.2378579333794905,0,0.1436143594908276,0.2431249181615674,0.042434494492143,0,0,0.848218974944485,0.2761489292199619,0,0,0.0553059267510964,0,0.1857251631436317,0,0.053373842309496,0,0.3270114725263727,0.1569520827286634,0.2437009805938382,0.0974760999925556,0.7177621266462334,0,0,0,0,0,0,0,0,0,0,0,0,0,0.9120599706322902,0.27898860888097,0,0.3324013371452589,0.8570598431175507,0.3570341754219283,0,0,0.9232944694913462,0,0,0,0,0.6901055800515897,0.3738543250967744,0,0.3719777826050082,0.5025659184095896,0.2370287251278436,0,0,0,0,0,0,0
L3_ID1785,0.0597419687958573,0,0,0.0276694913012191,0,0.1230727285340708,0,0.0656829536582383,0,0,0,0,0,0,0,0,0,0,0,0,0,0,0,0,0,0.2247505038426082,0,0,0,0.0221438789590153,0,0.0162097635055687,0.0825516644443503,0.1323561167786055,0.2184123754797381,0,0,0,0,0,0,0,0,0,0.0627337033078413,0,0.055683143995513,0,0,0,0.0376557495378993,0.3007154623828874,0,0,0,0,0,0,0,0.9598825464687512,0.0989435546360574,0.0416562017910223,0,0,0.024803199341771,0.031149848788426,0.01307799147289,0,0,0,0,0.3458134030364601,0.0222495896357752,0,0,0,0,0.2164654235805395,0.0409152312737517,0,0.0764343567158633,0,0,0.0936952504750348,0.2307598888959438,0,0,0,0,0,0.330692980537683,0,0,0.0575313262818884,0,0,0,0,0,0,0,0,0,0.134357171496971,0,0,0,0.0734033201287767,0,0,0.1163091779898972,0,0,0.6582939430710765,0,0,0,0.377082532300015,0,0.0672038807639124,0.0450028969480189,0,0.5882531770892124,0.1774791319797193,0,0.318022742585224,0,1,0,0,0,0.5860225712081876,0,0,0.1827278256340068,0,0,0.1412322714424126,0,0,0.1052078409550551
L3_ID1789,0.0257757191795627,0.0779421633147239,0.1130766599111751,0.0488558963180786,0.1097981686179323,0.1300307445597007,0.2442673909836906,0.027699522664522,0.0336361581899989,0,0.0096746745414482,0.3080925447252188,0,0.4325410890025102,0,0.3464484134775075,0.0166711155339771,0,0,0.0042065200007985,0.0070787703815524,0.0110988111718704,0.0183239391500719,0,0.1103240031397236,0.1591562074214863,0,0.1084345566330231,0.0479095017096739,0.0952594487309137,0.0347014845290694,0,0.0335376374835514,0.0099046483678297,0.0590028570145504,0.0979445340625685,0.0740307650081844,0.1322907140658993,0.0237298373653644,0,0.0560322079483873,0.0199688984732342,0,0.0347418196039172,0,0,0.0557696873175639,0.0159108836569856,0.0094981818697837,0.0231237755974582,0,0.0850418768640787,0.0444838430316216,0,0.1323918018503145,0.1855406832499462,0.2451620650306734,0.074965428180452,0,0.2846896605459154,0,0.0218097908485896,0.0385536108783112,0.0401393158721791,0.0068192768067612,0.0119688137283715,0.0096138755583725,0.0101059182979951,0,0.251479749677066,0.1085629656189154,0.2018146178365689,0.7105841043271063,1,0.3382353879608406,0.2268458183005027,0.2764300904902695,0.3428165027548823,0.3215343687229159,0,0.1474815510827141,0.2599001620410125,0.1883487360214892,0.0671618064278662,0.3964670132243958,0.1786324671064765,0.4460568778981814,0.8153160024501162,0.035683295999426,0.4213574276406825,0.2312496108067416,0,0.0496040111463627,0.6016273731864585,0.190801877593878,0,0,0.1038304549227939,0.0649849860093149,0.3614227631903847,0.2497408044512823,0.4204540629881166,0.1204096360130233,0,0,0,0,0,0,0,0,0,0,0.1990001660998602,0,0.1584783401859992,0.0316583557242026,0.1255249211708748,0,0.4075327366342386,0.2102931585411047,0.0736317551554968,0.0916326875887267,0.3511459369942553,0,0.0480924936040095,0.0234246922227761,0.3352426399891517,0.324944765957188,0.0998350018899423,0.0682214829919075,0.2425939888773469,0.3308586789865255,0.0289406112131111,0.0522853362028196,0,0,0,0,0.039743267524031,0
L3_ID1792,0,0,0.1455098619551419,0,0,0,0,0,0,0,0,0.3481867129875775,0,0,0.2072075530332287,0,0,0,0,0,0.5208198870494838,0,1,0,0,0,0.0518938348276214,0,0,0.168756349353418,0,0,0,0,0,0,0,0,0,0,0,0,0,0,0,0,0,0,0,0,0,0,0.0993867992331418,0,0,0,0.2608851773662544,0,0,0,0,0,0,0,0,0,0,0,0,0.4067582578396005,0.1774427497441208,0,0,0,0,0.5494644981737762,0.1004552484235938,0,0.1484154542352979,0,0,0.3823159185412377,0,0,0.2072522128568237,0,0.5007432012344546,0,0,0,0,0.3056900597657515,0.2009230873141087,0.185281986626742,0,0,0,0,0.3002727299492052,0,0.3962978139000833,0,0.1614803063968924,0,0,0,0,0,0,0,0,0.4967423076057157,0,0,0,0,0,0,0,0,0,0,0,0.2581064769033339,0,0,0,0,0.1950422655220367,0,0,0,0,0,0,0.4657423959294864,0,0,0,0.2662635408133753,0.3944327622306774
L3_ID1828,0.0601165628759393,0,0.0185319684825848,0.0239165047489228,0.0796619674727015,0.0478810961420703,0.0285604612542342,0.0289420931893017,0.0660956292631124,0,0.0092515457576148,0.0489162663884018,0.1677275171367928,0.3553442506809909,0.1889217852980867,0.0752295884817478,0.0048680632265392,0.0055605540176651,0.0092540655530441,0.0162159618641023,0.0040611029165049,0.0187881605367302,0.0206672323224902,0.1268921400945068,0.1827601419159745,0.0744673981640149,0.2107321184142755,0.1257017192899201,0.1024160620998831,0.0413360643443517,0.0270596801704571,0.0458537402624146,0.1016893328974072,0.0359528607179384,0.037166697719967,0.0270919770909869,0.2556363866109648,0.3272551134762427,0.0286002650696543,0.0396310678284544,0,0.0227633394014554,0.0497876082864937,0.0280670629478088,0.0169149846518677,0.0285086384350658,0.0194060819528432,0.0118383612841204,0.0121729110373591,0.0178573563908154,0,0.1072230896206753,0.144179448131778,0,0.1149889311964198,0.1107738881060991,0.0727238161977522,0.1933761242817389,0.0615752402336573,0.0619924189768478,0.0397955883947794,0.0123757871969139,0.0261216029812528,0.0470938879292287,0.0145246883410944,0,0.0081717187883266,0.0314325623707106,0.0113438136920171,0.1017426976141849,0.1550250989642589,0.1174268730383022,0.1482710326958674,1,0.6025172656722362,0.6163706515985827,0.0712806216340345,0.0891775320533251,0.2605914846439968,0.7482656096618525,0.192531956014496,0.12711247343848,0.1836918259624447,0.1399921579654341,0.0880166870859522,0.1613035868331752,0.1004799130001636,0,0.0942777350429517,0.1268013451972991,0.1427403989684245,0.1045700732472048,0.3953503403804183,0.190624428778445,0.6092446605409767,0.1119592812840902,0.0158388613044382,0.3023053570573108,0,0,0,0.6107848309001375,0.2221927420480937,0.0546739192465592,0.1444658315215542,0.0620692975524482,0,0.1438921081111486,0.0963387430701793,0.0425150002640832,0.1090493909253593,0.2931240286675906,0,0.2234923941522771,0.2198724392280852,0.1544677259695206,0,0.5760059103630301,0.0535198557290129,0.2660515402729312,0.2329915365699195,0,0.0533555118630357,0,0.1556654596855191,0.2743833273187825,0.0800433389915922,0.2399383134663958,0.0750605092930469,0.810499357372595,0.2328509105589799,0.3186846310886511,0.1456608255530811,0,0.1164043728361608,0,0.055649331952256,0.209639635350601,0,0.0892852912043309,0.3004786226114349
L3_ID1868,0,0.3775858215906438,0.0582514840355384,0.0171694763031703,0,0.1622370815228716,0,0,0.4088853323947526,0,0.0103149322230456,0,0,0.6785022569870137,0,0.1119190221613887,0.035624901304373,0.0129046981872004,0.0105832507718623,0.0100137264773441,0.0397721300907077,0.0090298766178489,0.0169945451596213,0.1034838931191288,0,0.0434421524815566,0,0.4708677047996962,0.0447322560027804,0.0674754657283069,0.0598874191811865,0.0453718926390389,0,0,0.23503319647642,0.0980163557694974,0,0.0155382487107401,0,0,0,0.0634964346545132,0.0224179417673787,0.05061972723359,0.0475223988258415,0,0.0318018498770444,0,0.0304959391399543,0.2193822502839182,0.0295369405593611,0,0,0,0.635740139810227,0.1168312273868702,0.0985098597909252,0.0193451213994178,0,0.0749161323028091,0,0.034743603718009,0.0218981085254429,0.0961521143598482,0.0209951216786112,0.0208412187246655,0.0167797421908384,0.0102132303775529,0.0110287554876839,0.7186425949202268,0.8666811724502036,0.0479803756813852,0.0980185292976329,0.6486635411734761,0.7173174388235147,0,0,0.0852321359496268,0,0.8274624181165701,0,0,0.6527045048557558,0,0.0760452413390531,0,0.0315876629170075,0,0,0,0,0.9992451438415032,1,0.631236113964406,0.654731487147164,0,0,0,0,0.0246697456787614,0.6186381032816697,0.1695475281629419,0,0,0,0,0,0.0452029739326038,0,0.0129898478537208,0,0,0,0.37406532345811,0.0310340076789224,0.3010701144778764,0.4698257919212849,0.0152506363844935,0.0128707160767157,0.1325919084665423,0.4949380092517936,0,0,0.1313965600338173,0,0,0.0038735054199258,0.0333198507475141,0.036419296116058,0.6852619045602895,0.0560342379751104,0.1278684358568242,0,0,0,0.1279472159449732,0,0,0,0.3048076662881909,0.144662531291135
L3_ID1869,0,0,0,0,0,0,0,0,0,0,0.0269782358255391,0,0,0,0.5167883288901604,0,0,0.076603744081891,0,0.0523967466726227,0,0.015079792441315,0,0,0,0,0,0,0,0,0,0,0,0,0,0,0,0,0,0,0,0,0,0,0,0,0,0,0,0,0,0,0,0,0,0,0,0,0,0,0,0,0,0,0,0,0,0,0,0,0,0,0,0,0,0,0,0,0,0,0,0,0,0,0,0,0,0,0,0,0,0,0,0,0,0,0.4089798118427347,0,0,0,0,0,0,0,0.9407680744841452,0.240185416730324,0,0,0,0.4031040378477755,0,0,0,0,0,0,0,0,0,0,0,0.3053548526397963,0,0,0,0,1,0,0,0,0.1407548821948508,0,0,0,0,0,0.5370424138015885,0,0,0,0
L3_ID1870,0.3474566419297899,0.3662635606587242,0.27822917016755,0.2819676847448402,0.3864291372703072,0.2677699377677127,0.365073633876627,0.367248903329238,0.4069787884408264,0.1550478409957246,0.0430085276134738,0.2217599671808931,0.797363026534321,0,0.5812508179858362,0.6407587193971871,0.0421098253503508,0,0.0627578831044959,0.0043023879326221,0.0003467481835517,0.0352353385946716,0,0.0116298290621846,0.5759771290033222,0.3192912154920169,0.4456409750786856,0.1058167111338334,0.3717001706319081,0.3562239725233893,0.3709892586094434,0.3750209176477529,0.1745065501225407,0.2055632152727353,0.2490526359141223,0.2707549646762849,0.2065051104674689,0.0351711464283426,0.1884613446627804,0.3683916198380992,0.2570697141561173,0.404889277587466,0,0.1873641354639139,0.3347507455347677,0.4033084017845251,0.3533773818132241,0.116342203751638,0.2435138387551258,0.1983280491594398,0.1085469020368892,0.7819961874660002,0.2959706787796105,0.5452648881686579,0.9126409408691594,0.1540590704855984,0.1432643621533649,0,0.480389702101141,0.26326055371399,0.3784338688534985,0.0120749234705849,0.06451714156781,0.0262682455606878,0.0366615343090244,0.033419221428747,0.0371691817033729,0.0124094117469102,0.0168783613802196,0,0.6138582189939604,0.4082097491239631,0.3389160809266163,0.5735868807894177,0.393127220394848,0.6286331468571889,0.468041606422255,0.0087739624458539,0.4853415185092821,0,0.6289972335111711,0,0.5930252686186599,0.4883997900546846,0.2998864173605282,0,0.3560737611480857,0.5849392861047866,0.8934239773918607,0.042509355904742,0.4852911308322046,0,0,0.4396908762968002,0.5489953355836824,0.8351460208335514,0.4192424152646813,0.4857781282320301,0.9358843856252071,0.5126608993479104,0.1228841620862381,0.1095230631059575,0.1274223086882329,0,0.0441762348731159,0.2207471047496196,0.4431522069977865,0.2234690974029359,0.4153167469054528,0.3338347641814139,0.2695926797423857,0.2132942551687063,0.3778039978464527,0.2776197785456584,0.2156595693711843,0.1759689557188986,0.1317583254491978,0.2160296829185123,0.209536729385968,0.0234543054141358,0.4203780037454172,0.5355941480973969,0.3428709250531387,0.1284824040884841,1,0.0859464135569097,0.2599766473652479,0.1327587787880301,0.1588836091741434,0.0461747588892051,0.4040800319596113,0.2869666488172745,0.3371495508259146,0.3783604410855108,0,0.1902100656497338,0.2752212080380466,0.0825654555208791,0.3169523880027441,0.0654991436599254,0.1754052013205578
L3_ID1871,0,0,0,0,0,0.0641499546227359,0,0,0,0,0.0128540189964368,0,0,0.1119355661738388,0,0,0,0.0081485296192496,0.0476917917361438,0,0.0061960072729539,0.015927408849621,0.0022595792962573,0,0.1202042760083495,0,0,0,0.11503235589374,0,0,0,0.0314882188471625,0,0,0,0.4674956818410042,0.1758645683052953,0,0,0,0,0.0357473444935484,0,0,0,0.0119959659029918,0,0,0,0,0,0,0,0.114137599037492,0,0,0.0701752620092353,0,0.1389001514464219,0,0,0.0453141954499337,0.0212287979731173,0,0,0,0.0313238757755293,0,0.0430335354192919,0.064750015031317,0,0.0787018592558758,0.4425789836689068,0.3689616208765005,0.351507680452142,0.0677411802369817,0,1,0.2474951923394742,0,0,0,0,0,0,0,0.0809740199030377,0,0,0,0,0.2969401904680359,0,0.153730993253693,0,0,0,0,0,0.1029973075841887,0.0865029790339097,0.0534392125667477,0,0.173695383984832,0,0,0.0903697341990952,0.1431598220921641,0,0.2842095620582485,0.1246275302585921,0,0,0.0617845329163808,0,0,0.6394952184672086,0.2368268527632912,0.0665090293357794,0.8731967062685472,0,0,0,0.2313230612512792,0.5292482987854381,0,0.2846976785035796,0.2372938466667149,0.750844964634695,0.2963718807656119,0.5553123822481247,0.7196237228495852,0,0.3337380115409036,0,0,0.2681268240227833,0,0.7638546403958069,0.1392801840651669
L3_ID1896,0.0394402136646466,0.1405587737953076,0.078447858996888,0,0.0456480954848626,0.039653032960873,0.0585748933955073,0,0.1159752523361376,0.0351003050878042,0.0188392072409681,0.1933043164061229,0.181197578947795,0.3000657109527551,0,0.298401440529768,0.0200993556711201,0.0168567691639859,0.0241714765512776,0.0094874670665359,0.0209406056933832,0.0097910366106431,0.0182206587044755,0.0628398329821177,0.1955576804346961,0.1201047866465041,0.1838863775226548,0.2068133023465839,0.1919369924068528,0.2457539874234267,0.1646341155333221,0.1419124949434654,0.0576006273035694,0,0,0.1078105688050773,0.163279872800894,0.2511173634863655,0.1675342973819282,0.0629787510367695,0.2747663142494503,0.0711952147212797,0.0662850166509695,0.0598980460393403,0.0257104900948447,0.0347530966041524,0.0529568725596521,0.0353401705287943,0.0279628392837355,0.0837447822242694,0,0.2435698624569281,0.5330453797112158,0.3547158310244536,0.2323780437991609,0.3144618700768444,0.298638269783728,0.1941452835557391,0.1517288317240231,0.0795601649488758,0.0423177682544229,0.0212862323429226,0.0430470259671512,0.0242276360129135,0.0089819585900616,0,0.0056060760561451,0.0276910222235826,0.0249124778261695,0.2338180963092657,0.3269111967485456,0.0754161929192838,0.3322094697626966,0.6709880434488162,0.409524717681932,0.1207520977219492,0.3723440995614452,0.0449067392660423,0.4097596555680111,0.3663525127390542,0.0889791436680776,0.2492392968374809,0.3734736777848747,0,0.2569590873164463,0.3480147629478479,0.3888912988785452,0.47952206163485,0.4481410056715307,0.2229890670071213,0.0309194188896666,0.2442100813194203,0.3078671318696214,0.450194881213965,0.3206476662193417,0.4098845958307813,0.1019002691414828,0.4614128524069957,0.5594563941418961,0.405381027274518,0.2690806124387176,0.9003362308844864,0.4208692338842258,0.1283755534192411,0,0.0805410299983544,0,0.0955560246962586,0.2224187304384235,0.0324900874325879,0.1464080680961226,0.1523001239750819,0,0.4178339400463777,0,1,0.3380145227191309,0.1951203228588635,0.3507830423001977,0.5446843377328872,0.8213530481211448,0,0,0.8216974337174042,0.3625647777668402,0.1247406809654922,0.1742763223217751,0.092338759605016,0.4465077586810019,0.7548067106678934,0.2129578933317307,0.3153734527377595,0.7033963887944742,0.7901109435405458,0.1675296547820019,0.3852529736369113,0.1406361549044892,0.2032055789373433,0.3434830854987068,0.3421574149193071,0.1345480424972332
L3_ID1906,0.2540834283511368,0.3175989375003824,0.3171578441191289,0.2398450614879074,0,0.2494877452530193,0,0,0.3443045410691083,0,0,0.6588499650184902,0.9189192855205106,0,0,0.6505027954611746,0,0,0,0,0,0,0,0.2147931246545193,0.5498315176263975,0.3236672605704331,0,0.4860297822171546,0,0.2508454204818269,0.3084434961928287,0,0,0,0,0.2237312063623513,0.2597308769446353,0,0,0,0,0,0.1536166215204616,0,0,0,0,0,0,0.1608366572566745,0,0,0,0,0.5968939376941576,0.3547295154194008,0.2660958799328518,0,0,0.2807418119810141,0,0.0703025849601945,0,0,0.0337331549497306,0,0,0,0,0,0.6032040207318988,0.3593573243938408,0.4985729481763721,0,0.5588436418301347,0.5424266051209666,0,0.4949900970711399,0.5859999000528292,0,0.6090634746123987,0.4729840247705804,0,0,0.3822995600284747,0.6506397638799084,0.4286694379909395,0.5601934895636796,0,0.5633127591742324,1,0,0,0.5460510668850547,0,0,0,0,0,0.4927957467379487,0.5478526656318395,0,0,0,0,0.1813250113715403,0,0,0,0,0,0,0,0,0,0,0,0,0,0,0,0,0.391655023161227,0.3755920340065149,0,0,0.5593491399443967,0.3569383478936643,0.3913556150932466,0,0.3108847823293402,0.2925963878276584,0,0,0,0,0,0,0,0,0
L3_ID1924,0.1884527828493465,0,0.2350560687611496,0,0,0.1769987252592115,0,0.1333700454420485,0,0,0,0.7631836835834614,0.670493240288846,0,0.5414473324424559,0.4374013146402332,0,0,0,0,0,0,0,0.6572114055649934,0.2063187177274444,0,0.405596237369498,0,0,0.2836710692428806,0,0,0,0.1577216732406423,0,0.1629249388375867,0,0,0,0,0,0,0,0,0.0826941355201902,0,0,0,0,0,0,0.3983353765754907,0.5467277019737197,0,0,0.5812064071803067,0.6000057011061889,0.5206829410703956,0.4696770028745359,0.3804910386826279,0.4985843082819646,0,0,0,0,0,0,0,0,0,0,0.6375040009400601,0,0.2697462833476331,0,0,0.3384260034175103,0.3160330416862063,0.5681422020194862,0,0,0,0.5934294709680503,0.4492040566980405,0.5486234650062036,0.2962525060593962,0.5524100119391288,0.4199510335557816,0.8290410034013281,0,0,0,0,0.4660424854399806,0,0.3958097948323746,0.3720767619509335,0,0.3702262260345039,0.3322667963343298,0,0.4941269892773561,0,0.6544937538033307,0,0.9742475971331154,0,0.666008826507372,0,0.8103351511867802,0.469055150775172,0.4776141542782404,0.6225441157322896,0.646013918499741,0.4522775504296866,0.8280859228900077,0,0,0.7305746839516682,0.785500734297498,0.5150641565312977,0,1,0.8129237189502363,0,0.5825838840599146,0.5689043411641526,0.5822487884734421,0,0.7432303098356198,0.6718782688520519,0,0,0,0,0.5616721103793908,0,0.6995899601777318,0,0,0.8576279431545772
L3_ID1996,0,0,0,0,0,0.0481976970764088,0,0,0,0,0,0,0,1,0.8960746047153358,0,0.0348038953567126,0,0,0.027735533869138,0,0,0,0,0,0,0,0,0,0,0,0,0,0,0,0,0,0,0,0,0,0.4076163668265491,0,0,0,0,0,0,0,0.1666555626030625,0,0,0,0,0.619238875000276,0.069144402059135,0,0,0,0.0384123550259695,0,0.0132126921823008,0,0,0.0070205629637846,0.0061705797200806,0.0069433425214659,0,0,0.6162684259855441,0.8016555198828179,0,0,0,0,0,0.5952598096481897,0,0.7582966795233803,0,0,0,0,0,0.0409523015747834,0,0.0595679572052588,0,0,0,0,0,0.9494319023459368,0,0.6135020741398807,0,0,0,0,0,0,0.4328630714396732,0,0,0,0.0595797532728267,0,0,0,0,0,0,0,0.3142011177440024,0,0.2816667413870947,0,0,0,0.1240761087079506,0.563310712643762,0.6346085090375397,0.068810422146098,0.1033490979836332,0,0,0,0.0567256749246659,0,0.5907856080199627,0,0,0.4902740402897028,0,0,0,0,0,0,0,0.2837661534125267
L3_ID2009,0,0.1953573452904518,0.0905153748098199,0,0.1812701266465809,0,0.1369546001576121,0,0.0594839277915477,0.1502488626590637,0.0527763047898854,0,0.1352096759309842,0.129745779500139,0,0.2273768431917368,0.0225396624373314,0.0701016893117393,0.0320883482527789,0.0295985581434884,0.0593713080196496,0.0145030915352887,0,0.1104070852264589,0.3076953150781324,0.0744071783140155,0,0.118653722981741,0.2389007996938723,0,0.0461407873741738,0,0.0310057557117706,0,0,0,0.2407291653927349,0.0676571681309848,0,0.1882565701268184,0,0.1164003799912895,0.0485320055688796,0.1045253742428044,0,0.1503652806003612,0.0260046984327027,0.0165351146907426,0.0979637690797906,0.0201559073934463,0,0,0,0.1016955340006596,0.345634223918125,0,0,0.1550361378831889,0,0.0246074817506444,0,0,0.0489905309563629,0.0558224357385062,0.0014828858893616,0,0,0.0291299879163052,0.0287360113836682,0.1535695540418748,0.2391781925266964,0,0.0216214130084655,0.2921155559717487,0.1596943501412131,0.2676310712720177,0,0.0594668134143313,0.2360393933197903,0.5355166930448434,0.1024698991632328,0,0,0,0,0,0,0.1131062169196791,0,0.080275427735301,0,0,0.5587218744943229,0,0.1521030965408926,0,0.1036835551936943,0,0,0.0193069678790318,0.0946921293308581,0,0.3935917252540477,0,0.3650820817975824,0.336685004418374,0.9866767676604328,0.212816299969749,0.9625529024871964,0.187121421195319,0.4786727412445897,0.0923928300446608,0,0.1399681834615249,0.1157721526906801,0,0.032738080648795,0.127226205087149,0.3639867490216962,0.0298337185618508,0.7454346163008744,0.3914594542037016,0,0.0222835776848002,0.1214221176034431,1,0,0.0845422376449515,0.410449202039517,0.3874545667532283,0.2022222809564387,0.2730548617225281,0.1642751536778529,0.3763802712850358,0.3892601469732242,0,0.4105815182691658,0.285017168640389,0.5765830620469499,0.2734354746065535,0.0725097770992684
L3_ID2010,0.4061967212014087,0.7781074435781797,0.5620859481484788,0.2003167836141541,0.7865083293737887,0.3762907727252434,0.0984816981453598,0.666153617104792,0.1443508558704201,0.2417569194827785,0.1274933700863253,0.4258714367793372,0,0,0.5091450324712724,0.3226134517894812,0.0674102471963392,0.0608161695127036,0.12225564475742,0.0910720917313634,0.1105714055088301,0.0665125650869724,0,0,1,0.3195585271806644,0.3988208072881475,0.3105718764954766,0.2465614843254391,0.2087925390504298,0.3517934294657162,0.1049697020202771,0.206879205904489,0.1349908480580544,0.299194154354249,0,0.1183758797116138,0.3104948401158166,0.3630028364920253,0.3127471583847422,0.4295427027308157,0.1448184604719196,0,0.7745337572413571,0.1080425329000456,0.3567880925356483,0.3796115667706495,0.2473324744340682,0.1596401126900688,0.3112952543836456,0,0.3917645128898273,0,0.2421360637331113,0.2499095480166627,0.6909412935688327,0.3845188092275102,0.1498606981635479,0.5345341187987656,0.5495129724503376,0.2915382288587247,0.2104550342484954,0,0.1000037710197206,0.0754932016133998,0.1356406374293188,0.0881275890399002,0.1799184333701454,0.1596855046995197,0.6205595291295971,0,0,0,0.382606728705629,0.3468261237052439,0.1641339234695802,0.3915472076679833,0.3987860970554165,0.2871976109152258,0.3582643600947445,0.1843198724848749,0,0,0.2382267743582644,0.4578937811875206,0,0.6025582691902132,0,0.4071657263217851,0.4028116800479484,0,0,0,0,0.2773769255324517,0.326322083296193,0.6543609630233896,0.1332706820883728,0,0.3594204068392672,0.8391820857924223,0.3522984373815487,0.1823184798675505,0.5694622503952405,0,0,0,0,0,0,0,0,0,0,0,0,0,0,0,0,0.5625205461661361,0.8517563016885924,0,0.4338241966182858,0.4765576920812565,0,0.3268493253091238,0.193142454470748,0,0.4558338034431429,0.7486952795062738,0.2919210057188301,0,0.2257298952711086,0,0,0,0,0,0,0
L3_ID2011,0.0940805200659446,0,0,0.0692193558448052,0,0.124023541196486,0,0.1160814135430519,0,0,0,0,0,0,0,0,0,0,0,0,0,0,0,0,0,0.1255787446399608,0,0,0,0,0,0,0,0.0535086660927123,0.1976676741974508,0,0,0,0,0,0,0,0,0,0,0,0.0660457152388939,0,0,0,0.0306364599045776,0.2196723025861037,0,0,0,0,0,0,0,0.7780444803065663,0.1554551549464815,0.0669297374323853,0,0,0.0295980098979665,0.0512393213448097,0.0158645894310747,0,0,0,0,0.6235616571353554,0,0,0,0,0,0.2061009378176635,0,0,0,0,0,0.09179042131057,0,0,0,0,0,0,0.1661866831522983,0,0,0,0,0,0,0,0,0,0,0,0,0.1257533149937739,0,0,0,0,0,0,0,0,0,0.4888903732684322,0,0,0,0.2490089446524144,0,0,0,0,0.9534955870402608,0,0,0.1009110066843349,0,1,0,0,0,0.3637519560741464,0,0,0,0,0,0,0,0,0
L3_ID2012,0,0.1388037956025199,0.0551961649811959,0,0.1245087130386801,0,0.1490517070197531,0.0380010943523307,0.1279739354316798,0,0,0.5020981132616348,0,0.0574205893010778,0.0767605582269717,0.3955729932918276,0.0081238214903409,0,0,0,0,0,0,0.1706902432457466,0.0889014321127575,0.0849559343860042,0,0.1203086877872183,0,0.0724031268726647,0.236510866860146,0,0.0112528411682839,0,0,0.0579943703789344,0.024530271652238,0.0787812795790772,0,0,0.0153117301933334,0,0,0.0529188654214732,0,0,0.041828175934174,0.0228539543998491,0,0.0332815096980788,0,0,0,0,0.0751996377587365,0.0897898311210818,0.1013255997691665,0,0,0.1613521887942439,0,0.0110686331794752,0.0364376537027314,0.0117365844486008,0,0,0,0.0162765346765838,0,0.1879293522900764,0.2002541049976847,0,0.2421455040255876,0.2448063811035312,0.1161982449996633,0.3543692907773601,0,0.3960100235221964,0.0913930442260421,0,0,0.2343853502148716,0.1581073662451247,0,0.12140605138394,0.1933759660956061,0.1735285071151465,0.0412816365597993,0.0418539524786831,0.6224722985657891,0.0780064128524198,0.0823496176048407,0.0464593707585266,0.2898147507175825,0.2715086038775909,0.0827505868137074,0.0241105805071019,0,0,0.0859683727276355,0.0777713884014799,0.1884752440803745,0.0451414859174963,0,0,0.0646670173406394,0,0.0825679627076189,0.1017178117417397,0.0470509657950192,0,0.2996322790959579,0,0.1979356055777798,0,0.201127051009399,0.750289313582681,0.1065128048634254,0,0.1956195643006844,0.3094281485068297,0.0749007777074621,0.1121740873937592,0.3338760555593463,0.4230110712484736,0,0,0.1250451177222585,0.7597900735333878,1,0.0726856030468053,0.3323864502875284,0.4310151025025217,0.1268141339369219,0.0770288846890423,0.7348224802595327,0,0.2557152262839007,0.0579496493019227,0.7374708616846541,0.5687459065940702
L3_ID2014,0.2497706298435159,0.2264355642145928,0.215811553798483,0.1211376653902532,0.2039421311824744,0.1531585775334644,0.485947061886593,0.2332539407894186,0.2264044846774807,0.0242470763151852,0.0025139744568397,0.2989855471659884,0,0.1165760918755169,0,0.2851206147744762,0.0062217498484362,0,0,0,0.004176026899215,0,0.0094115137731658,0.1842189838989401,0.3146726715581323,0.2772919754267205,0,0.0375214225692188,0.0893826216551045,0.1862111524973056,0.102675792654248,0.0447535096518601,0.1421533255470453,0.0276866081174222,0.0612106364343021,0.0505728990757549,0.0829773799793596,0.1370632505871738,0,0.0120154039354805,0.0318338260455886,0.0917389388643713,0,0.2200499726301354,0,0,0.0501480154704573,0.0199242629905761,0,0.0326924374486649,0.0094924446894258,0.1749403563491787,0.0558633569967186,0.0316070229717374,0.1871223278919297,0.2729759453242098,0.3658938565848739,0.0640958983735917,0,0.2191458997444667,0.0903191370664396,0.0349495994345431,0.0394631766075574,0.0232151173696644,0.0180043729855679,0.0184668977605617,0.0213458908575972,0.0311858163179862,0,0.1460778655972923,0.0711741192868782,0.3273633488984993,0.1503247333065792,0.2601541945971432,0.2423793770214452,1,0.0364392847642004,0.3957373897226291,0.0864848617284606,0.1068617682107518,0.2466932237804796,0.2390804674546322,0.1555629216830196,0.0681913677532712,0,0.150830700000561,0.2917605327929721,0.1418628217732221,0,0.6824320297387789,0.1929641081621477,0.1397491203375295,0.1418429599637792,0.1806703758981745,0.1694698106318717,0.2103867921322569,0.021318013531119,0.0584131118218019,0.1334817336456458,0.0479700443422504,0.2675641381626103,0.1408405340442264,0.2305102322855154,0.0374842792653507,0,0.0894185938929262,0,0.0364633643962682,0.13014943543766,0.0317281952265812,0,0.1769710775003834,0.0541974030968649,0.2189201982401775,0,0.1690535694569461,0.406774971706515,0.8820653725323853,0.0864852123866553,0.2835958272362915,0.5379817474602555,0.056030607723203,0.9263868677156384,0.4831896115511732,0.3597987290770856,0,0,0.0842112998531417,0.3689692215790342,0.6804340058101813,0.1219153723365459,0.268502711209767,0.1976334329855404,0,0.1614932100399713,0.2566577685054635,0.0440675891420767,0,0.2088659809256762,0.2990201961653396,0.7042511105411188
L3_ID2015,0,0,0.1366481073226725,0,0.1901863426131666,0,0.2896730342870831,0,0.175602027713308,0.4625770431089058,0.056067902171822,0,0,0.4663814695610684,0,0,0.0152416445552031,0,0.0127770165329096,0,0.0616256967618996,0,0.0424340325166993,0,0.3870469287652422,0,0,0,0.4326791296942053,0,0.0406394611479176,0,0,0.0909618524014932,0.1046503439303504,0,0.1066746516388501,0.2062264193033956,0,0.2889586283899575,0.0339752248575676,0,0,0.2865742137333132,0,0,0,0,0,0,0,0.1562399515014469,0,0,0,0,0,0,0,0.3211538527538452,0,0.007978853664645,0.0404066001178495,0,0.0430758377334793,0.0942078282060727,0.0150063449662863,0.0755935160553336,0,0,0,0,0,0.3031135143516539,0.4252414147652362,0.2189145544763041,0,0.0324954803206508,0.4824756521635061,0.8611981479874667,0.1410463026893324,0,0,0,0,0,0,0.3546033849371126,0,0.0781948527399412,0,0,0.5568356608156648,0,0.4974088460931262,0,0,0.7944502345991662,0,0,0.7633392580791468,0,0.873253222251536,0,0,0,0,0.0477650291218358,0,0,0.1763772966016693,0,0,0.1275154906377693,0,0,0,0.2202247422876371,0.1073971425348114,0,0.1331739228229551,0.2542673558855007,0,0,1,0.388409548069025,0,0.3648678904590238,0,0.3974147627722741,0.2037546206593346,0.4075948543063409,0,0,0.2008765810737723,0,0,0.1881583389051992,0,0,0
L3_ID2017,0.0241757586482179,0,0,0,0,0,0,0,0,0,0,0,0,0,0,1,0,0,0,0,0,0,0,0.2073573435546146,0,0,0,0,0,0,0,0,0,0,0,0,0,0,0,0.0628238361360892,0,0,0,0,0,0,0,0,0,0,0,0,0.0495859659457337,0,0.5370351668011779,0,0,0.1483347804921865,0.164546755566291,0,0,0,0,0,0,0,0,0,0,0,0.6476015234360676,0.2481111969725055,0,0,0,0,0,0,0,0,0,0,0,0,0,0,0,0,0,0.9624637887885952,0,0,0,0,0,0,0,0,0.130281740129743,0.2043221661562642,0,0,0.2291230444431959,0,0,0.0338746315800451,0,0,0,0.0887830694861649,0,0,0,0.215226286639724,0,0,0,0.2579655918218087,0.0520241734962359,0.3195709591719538,0.0903202061839716,0,0,0.2850704678332079,0.1836368554185698,0.0887098312492788,0,0.0678698690761385,0,0.1319076996364328,0,0.4143356699818435,0.1404424016759007,0,0,0,0.0223828810583446,0.0476265445378976,0.1494909824790049,0,0.0340934758086736
L3_ID2018,0,0.1768203350984994,0.1210476489823315,0,0.2026228040572555,0.0689708917252405,0.0401157422040648,0,0.1388234468099241,0.1515710607891842,0.0375803244619222,0.0299512883289155,0.1350614499441931,0.192250794390656,0,0.2467565474173403,0.0364751790782483,0.0351433625479073,0.0395411360409429,0.0131346084758594,0.0722275501574711,0.0268082240687258,0.0367994594155258,0.2575737115809702,0.2814038033932011,0.0648991405933964,0,0.2708789677818645,0.2668372195941388,0,0.0558913885719603,0,0.0465593126095977,0,0.0179561731003624,0,0.1828889746836439,0.1393959142722029,0,0.234673695290647,0.0105772459861678,0.1808145213949152,0.0197536551097875,0.1561127102776281,0,0.0883099663639514,0.0768010745237522,0,0.0207728340778834,0.0208218106653595,0,0.0499123036144944,0,0.1187844306524272,0.3316585785450745,0,0,0.2348922949174075,0,0,0.0386360984028545,0,0.1258032518864973,0.011672740428873,0.0021472837969266,0,0.0037284378017978,0.0518751933337346,0.002442706392446,0.1264002536685881,0.2309305448909643,0.0207576091371233,0.1033915359038453,0.3221414329507853,0.1565510529157217,0.2318342838089031,0.1063444404165439,0.0222431830345914,0.4194051276263301,0.8304445560611727,0.1405914197398486,0.0332530607920523,0,0,0,0,0,0.1491211364793049,0,0.0311390347694721,0,0,0.4683052827506717,0,0.225569621597457,0,0,0.3612192944557514,0,0,0.3044249021718221,0.2161554460201748,0.2815455055626047,0,0.0621198997247854,0.0665679031098238,0.4988424103275455,0.167872071777575,0.7401699255517111,0.1850639053141143,0.6720243213014523,0.0631873945687992,0,0.1945480962394934,0.1810327382785349,0,0.0788973096471077,0.2403408130968152,0.2165864947367682,0.0675050230434626,0.3524295352436279,0.1360275227007379,0,0,0,1,0,0.1143979617057639,0.2334338788259634,0.4192907891690706,0.2289794075663299,0.3377213461721597,0.2688412433001055,0.2974907471118977,0.6731756901866558,0,0.1879648754584826,0.3132445056592304,0.4109060981660383,0.4930401405890167,0.0802386693205074
L3_ID2020,0.045866848541044,0.0381614413798035,0,0.1497651663697215,0.0229444461256215,0.0639507797574797,0,0.0241201668295814,0.0670343574919353,0.0220333948731112,0.0050594834881885,0,0,0.0400891391987689,0,0,0.0020973723839471,0,0,0.001728799100118,0.0061318215377164,0,0,0,0.0520171451369183,0.0711036974099176,0,0,0.010574744416876,0,0,0,0.0961849848594059,0.2286534348172996,0.2069862648120036,0.0075222815938614,0.0270009217778146,0.0455560536042741,0,0.0099355755540268,0,0,0.0135074528103005,0,0,0,0.0154814364423602,0,0,0.0047485422643722,0.0062258820839187,0.3990801048138565,0,0,0,0,0,0.0566165304869729,0,0.3699931973197283,0.3199048261000543,0.079358811441987,0.0116252056507145,0,0.0273383610152188,0.0915105516182677,0.0305433254442648,0,0,0,0.0163427263017289,0.1871625852179256,0,0.0416584781747123,0.1009943090125846,0,0,0.2281055413713483,0.1304060315185345,0.207299057958204,0.0859770423091698,0,0,0.4938879791691721,0,0,0,0,0,0,0.4376385032688895,0,0.0378156080308903,0.0116411523764728,0.0811187212636469,0,0,0.0424237688355967,0,0.0132652093194487,0,0,0.0366501066373538,0.2196463400469981,0,0,0,0.2442143594148541,0,0,1,0.1123335225237297,0,0.4192201065767735,0,0.0273166914046081,0,0.5552040518571253,0.029407287676679,0,0,0,0.5758523488232644,0,0.0286376871878391,0.519738069997664,0,0.5383491861088278,0.1017812448287499,0.1312495403937148,0,0.5690000593339576,0.0585133294301038,0.0513496091277714,0.4991670120688516,0,0,0.4461945788009305,0,0.0322792019521828,0.091305895479422
L3_ID2021,0,0.2435939556079455,0,0,0.148347804857634,0,0.2668045032432751,0,0.2894527066863062,0.127098438908581,0.0131998105107224,0,0,0.2465676833101374,0,0,0,0.0085874474329246,0,0.0257758188934714,0.0448060978771318,0.002682677951991,0.0480214064056852,0,0,0,0,0,0.3601066741553652,0,0.1292019380987183,0,0,0,0,0,0.120110415499019,0.2677567223081027,0,0.2766417838656894,0,0,0.0402805757446884,0,0,0,0,0,0,0,0,0,0,0,0,0,0,0.1793999311366415,0,0,0,0,0.0741021354481444,0.0676108804852597,0,0,0,0.0545567027012606,0,0,0.1859733534745494,0,0,0.4812792279841685,0.2577827052604106,0.1081294799037952,0,0,0.4801849012889089,1,0,0,0,0,0,0,0,0.0902142953840096,0,0,0,0,0.5203049899319829,0,0.549679217014784,0,0,0.5996353736782405,0,0,0,0,0.1287469247324238,0,0,0,0,0.2324692647359596,0,0,0.6242992637142647,0,0,0,0,0,0,0,0,0,0,0,0,0,0,0.8495548911049173,0,0,0.0768127576429528,0.4187472378324869,0.0701976948621927,0.2209510689584389,0.4599327683685733,0,0.7176647075785326,0,0,0.0640133662012741,0,0.3396035015220643,0
L3_ID2022,0.0122466452448751,0,0,0,0.0639093662633412,0,0,0.0358746777931039,0,0.0233700864760313,0.0047856511446901,0,0.0750860830665591,0,0.0649335408046433,0,0.0041742951314321,0,0.0041456943558426,0.0067834223435984,0,0.0076995194626484,0.0040862465058502,0,0,0.013694866506034,0.0100601522354646,0,0.0149042820301596,0.0411645892026666,0,0,0.076865786337491,0,0,0.0341287926862576,0.0665486744785774,0.0138121364727182,0,0,0,0,0.0043953312108831,0,0,0.0059421503731315,0.0045433436625673,0.0375131280621563,0.0988031528898383,0.0095232782392899,0,0.0328568844595774,0.0884084844339415,0.038852111867868,0.0825774038588994,0.1877505671566527,0.0206012085112794,0,0.118271822822531,0,0,0,0,0.00366734341161,0.0053312556561899,0.0040044967688959,0.0042120844117111,0,0.0205975643770104,0.0787857884560071,0,0,0,0,0,0,0,0,0,0.0425427278367058,0,0,0.0347335503579297,0,0,0,0.0462666804886925,0,0.0661455707232815,0,0,0.0120803537663567,0,0.0834242113922088,0,0,0,0,0.0592585246420035,0,0,0.0404692477978926,0.0357830231994249,0,0.030031751025503,0,1,0.0440526814128423,0.0558238568930616,0.0888072093667301,0.0996392034344152,0,0.5571744432150044,0.1596306360096011,0,0.0415360245945159,0,0.1595918650507579,0.0361976927844532,0.0659456137336213,0.0734165772770884,0,0.0460523040374789,0.0553910319536878,0,0,0,0.1001661901913701,0,0.1469404367272836,0.0498382444242085,0,0.140006060200912,0,0.0161770372522681,0.0747769840486246,0.1713645613061309,0,0.0426310414224215,0.0722141960720139,0
L3_ID2023,0.1884527828493465,0,0.2350560687611496,0,0,0.1769987252592115,0,0.1333700454420485,0,0,0,0.7631836835834614,0.670493240288846,0,0.5414473324424559,0.4374013146402332,0,0,0,0,0,0,0,0.6572114055649934,0.2063187177274444,0,0.405596237369498,0,0,0.2836710692428806,0,0,0,0.1577216732406423,0,0.1629249388375867,0,0,0,0,0,0,0,0,0.0826941355201902,0,0,0,0,0,0,0.3983353765754907,0.5467277019737197,0,0,0.5812064071803067,0.6000057011061889,0.5206829410703956,0.4696770028745359,0.3804910386826279,0.4985843082819646,0,0,0,0,0,0,0,0,0,0,0.6375040009400601,0,0.2697462833476331,0,0,0.3384260034175103,0.3160330416862063,0.5681422020194862,0,0,0,0.5934294709680503,0.4492040566980405,0.5486234650062036,0.2962525060593962,0.5524100119391288,0.4199510335557816,0.8290410034013281,0,0,0,0,0.4660424854399806,0,0.3958097948323746,0.3720767619509335,0,0.3702262260345039,0.3322667963343298,0,0.4941269892773561,0,0.6544937538033307,0,0.9742475971331154,0,0.666008826507372,0,0.8103351511867802,0.469055150775172,0.4776141542782404,0.6225441157322896,0.646013918499741,0.4522775504296866,0.8280859228900077,0,0,0.7305746839516682,0.785500734297498,0.5150641565312977,0,1,0.8129237189502363,0,0.5825838840599146,0.5689043411641526,0.5822487884734421,0,0.7432303098356198,0.6718782688520519,0,0,0,0,0.5616721103793908,0,0.6995899601777318,0,0,0.8576279431545772
L3_ID2041,0,0.0732819962036254,0.1289321060967891,0.0149855598269498,0.1841624717569709,0.0965046819647552,0.0564801321294629,0,0.0779838735296778,0,0.0020137674859387,0.1381596761724758,0.0674552115967702,0,0.0948592240296064,0.0062838385114856,0.0111671083365313,0,0,0,0,0,0,0,0.0307704486640444,0.0765297982588132,0.243612527135715,0.0155026695317232,0.2324687412935605,0.1456625354560623,0.086050835071278,0.1794310611120537,0,0.1355221081509461,0,0.0803991796679023,0.0589536599058218,0,0.3213050988170886,0,0.1285112615622983,0,0,0,0.179186114785306,0.0151719053543049,0,0,0.0857573153334639,0,0.2282930750509674,0.4172309401587969,0.3477252835946822,0,0.4018751538253147,0.1709274933432329,0.1447049942762142,0,0,0.0873521246631335,0.0626371177573432,0.0080563674498882,0.0074958748682068,0.0207523273651883,0.0056224141202196,0.0043936035715914,0.013893967305471,0,0.0313164673762478,0,0.693158313148908,0.0343575098619435,0.0064490605778358,0.0190426036352905,0.0360811687873278,0.0104576802953367,0.1330498513802024,0,0,0.0365426488084812,0.0481966735864819,0,0,0.0312671234116568,0.1523516147931664,0,0.1032836184430298,0.0328355728798819,1,0.1153450784933928,0,0,0.0196826971480354,0.1177009011611238,0,0,0,0,0.8855537049224558,0.2308814499570088,0,0.043307574666718,0.3717363837402867,0.6310978507411241,0.2583024594144159,0.4012711703261517,0.2742443536283922,0.4011456312566908,0.390689652090762,0,0.5266994757757215,0.2256925669846663,0,0,0.2662818693599151,0.2478386340566458,0.2086919424204572,0.0829424873852641,0,0,0,0,0.2855984149656921,0.2319475902597859,0,0.2123508526382676,0,0.0905073252650427,0.1613648629484531,0.1773065838898116,0.2868250057126963,0.1421345418743736,0.1750246528203824,0.6627841858476601,0.5606643988094108,0.1572776391270673,0,0.4503610561041896,0.3614267200499625,0.1456886119658139,0.185191360485389
L3_ID2050,0,0,0,0,0,0,0,0,0,0,0,0.1195129336186202,0,0,0,0,0,0,0,0,0,0,0,0,0,0,0,0,0,0.193402064917572,0,0.0774746984124305,0,0,0.0359151726130069,0.0937400647976972,0,0.046370026083236,0.0549961469886403,0,0,0,0,0,0.1483975705911135,0,0,0,0,0.012920899005747,0,0,0.0867111141564772,0,0,0.189463548942169,0.4827433323834717,0,0,0,0,0,0,0,0,0.0104804938721245,0,0,0,0,0.0596041971464062,0,0.2091039457655183,0,0,0,0.2424675347033157,0,0,0,0,0,0.1130533055745498,0,0.4525545579922224,0,0.3029110560333339,0,0.2090684417813421,0.077939438493761,0,0,0,0.3449871300495822,0,0.0744014640321475,0,0,0.0567086107061776,0.2235080657687897,0,0,0,0,0,0,0,0,0,0,0,0,0,0.2129300730987043,0,0.3148851404658074,0.2724759483672581,0,0,0.8072365800670196,0.180728495912238,0,0,1,0,0,0,0.1175809414027712,0.3550441822210775,0,0,0.1382338845440671,0.2756593280549118,0.0670659470899925,0,0,0,0.0653544343720313,0,0,0
L3_ID2115,0,0,0,0,0,0,0,0,0,0,0,0,0,0,0.348282386664473,0,0,0,0,0,0,0,0,0,0,0,0,0,0,0,0,0,0,0.1368132360428572,0.2728661187007093,0,0,0,0,0,0,0,0,0,0,0,0,0,0,0,0.0435921014403472,0,0,0,0,0,0,0,0,1,0,0.0671567648744361,0,0,0.0474610207630454,0,0,0,0,0,0,0.3672397413773811,0,0,0,0,0,0.6834642423234885,0,0,0,0,0,0,0,0,0,0,0,0,0.4059480448003116,0,0,0,0,0,0,0,0,0,0,0,0,0,0,0,0,0,0,0,0,0,0,0.4039622563711105,0,0,0,0.4615389313147305,0,0,0,0,0,0,0,0,0,0.6942779339799636,0,0,0,0,0,0,0,0,0,0,0,0,0
L3_ID2136,0.2077334690116782,0.2451941229294277,0.2435677420164072,0.1817083582069879,0.283575288087943,0.2350455157318424,0.2734862989346635,0.2238366889381543,0.3047335966486045,0,0,0.5202411490182772,0.7099944470097616,0.4848131457051915,0.5929875002444847,0.5025045159236035,0.0257262382987525,0.0460028641641219,0,0.0243313222212938,0,0.0201123179041203,0.0039883645342238,0.2721576129487144,0.6442563542620688,0.3265929416593746,0,0,0,0.2388745271879674,0.2397498220577018,0.049207416675383,0.4960587481706171,0,0.248298459991258,0.1972736355259141,0.2057805948077415,0.2677479903362663,0,0,0,0.2794909064469961,0.1247162250848893,0.2632360927570469,0,0,0.1862720891871459,0.1807328777840422,0.1674174338169452,0.1225770642156975,0,0,0.3563432974642478,0,0.458253875825614,0.2153091145521083,0.2148179395971998,0,0,0.2736157246514074,0,0.0631173145788635,0.0594854441917837,0.0550891457430334,0,0.0282108306758251,0.0290595866300226,0.0250678720583183,0.0202111016568192,0.4555490253354116,0.4354337593318724,0.3776948917273201,0.4510566682574113,0.456156433469777,0.4586276184304851,0.4542891521421531,0.3772336329226842,0.3930171792180828,0,0.531165838820419,0.4941627166452795,0.3705234331085775,0.3978523778363407,0.453955144934746,0.0589297569323087,0.4066839868088844,0.3259008358743791,0.569133851513211,0,0.492020057918411,0.5671219289540395,0.686660248413401,0.6700234407620097,0.4291097107146137,0.4375255645894401,0.4477494870074485,0,0,0,0.3948169681693755,0.4155266241646066,0.3880579644379022,0,0,0.043064238524954,0.1404035288062431,0,0,0,0,0,0,0,0.315620879636598,0,0.2583009178591139,0.0647184190687814,0.2472579885090093,0,0.3592489907567798,0.4500852188413894,0.0752465853468237,0.3677064784390059,0.3877636560881352,1,0,0,0.2885803786168845,0.4568151235859221,0.5244069015249889,0.3775096580733505,0.4427058519471182,0.4643184867113031,0,0.4981452651191427,0.2260932555829661,0,0,0,0.1719225947813797,0
L3_ID2140,0,0,0,0,0,0,0,0,0,0,0,0.2032924331020589,0.5787860136016286,0,0,0.2800067474043952,0,0,0,0,0,0,0,0,0.1270260756390644,0,0.1777783321387821,0,0,0,0,0.161523590986213,0,0,0,0,0,0,0,0,0,0,0.0430805774989171,0,0,0,0,0,0,0,0,0,0,0,0,0,0,0,0,0,0,0,0,0,0,0,0,0,0,0,0,0.298952182572775,0.1741905122719134,1,0,0,0.2078267418557766,0.4712953579425908,0.3444508554530204,0,0,0.2128929469025061,0,0.2961816638506949,0.907227765604602,0.2112378378090414,0,0.5219625308421647,0,0.3884310686582137,0,0.0931424496509301,0,0,0.2188804384692751,0,0,0.2159894913643304,0,0,0,0,0,0,0,0,0,0,0,0,0,0,0,0,0,0,0,0,0.4938888358432568,0,0,0.3011528477786606,0,0,0,0,0,0,0,0,0.3146580038823939,0,0,0,0,0,0,0,0,0,0
L3_ID2184,0,0.387088794648924,0,0,0,0.1183130167414663,0.0327346738861987,0,0.0476239411677836,0,0,0.0549701688367476,0,1,0.7979969648177186,0,0.0456262440607995,0,0,0,0,0.0081635744309664,0.0154108945330956,0.0918165990896136,0,0,0,0.4246267133906907,0,0,0.3084650409185823,0,0,0,0,0,0,0,0,0,0,0,0.1662356797583971,0,0,0,0,0,0,0,0,0,0,0,0,0,0.0901393469056834,0,0,0.0635006340476432,0,0.0222984934426346,0,0,0.0065469869746755,0.0068678578919157,0.00606399765882,0,0,0,0,0.077477148304459,0,0,0,0,0,0.0418807532881492,0,0.7566145642468655,0,0,0.306231506067209,0,0.0815818284343651,0,0,0,0,0.0470968864347883,0.9948744379506336,0,0,0,0.6321573649871908,0.5711617292713332,0,0,0,0,0,0.3728932220853898,0,0,0,0,0,0,0,0,0,0,0,0,0.0647774017341855,0.3360937537471711,0.3190032535437457,0,0,0.1108796706318135,0,0.5693216710500242,0,0.0325446857383036,0,0,0,0.0455659330135186,0.4631041544215251,0.6069687600056042,0.0551516896927919,0,0.4552753647456888,0,0,0.042331928464111,0,0,0,0.2156574005392981,0.2256109808468806
L3_ID2197,0.2466919030813998,0.2986664221197833,0.3316156032371451,0.2606079313293031,0.28853685713565,0.2730229299671207,0.2932213567486768,0.1735745027626299,0.2277025024802342,0.1954414598159695,0.0364690152887139,0.7876279603024113,0.8252338806361561,0.7938709842910392,0.8543288719122946,0.668295683537408,0.0324733407730748,0.0214417208018772,0.0089817376629064,0.0335322640071488,0,0.0078811282396562,0.0092406997923889,0.5210378975978575,0.3805025581654606,0.4084402187270271,0.6182406627825753,0.5366743432776563,0.4156625832338423,0.392938657106355,0.4909756985439346,0.4486862694644414,0.2916092278614647,0.250311125634434,0.3344708064988154,0.2471928382103646,0.1208719451921769,0.3130610490918127,0.2837323012977957,0.2787600610009364,0.2339046605480372,0.202344613871831,0.0222098562248977,0.1574873385565982,0.1012451270752466,0.1400026965009227,0.1719822388725315,0.1900350374614036,0.1733914534511074,0.1428730626363953,0.079723071613187,0.6397552194993421,0.5828167547338085,0.5875253257703595,0.957511329742044,0.6296690753557308,0.5619040920323378,0.6268018615301579,0.6512760838321425,0.5588621068997062,0.6812070936278579,0.0610148987552792,0.1075925056029999,0.0819491679737533,0.0414661490772031,0.0226670375551693,0.0210099392383987,0.0450040587930477,0.0320701193546431,0.6618498578055878,0.4740212922773808,0.5715865890069469,0.6033921727244792,0.6154943139536476,0.5399576854463722,0.6940997480674784,0.6296225182440703,0.3672331790914035,0.595877558096506,0.3903123653348032,0.6648084142159283,0.5583117948420656,0.6617673532610175,0.6599092268597425,0.4327666836654379,0.5658182175241268,0.5557971334645594,0.5244342250107407,0.6642821118997687,0.8118994775347673,0.6294152001705611,0.7996647205368691,0.6011897200779293,0.5971241067934723,0.6437545663615798,0.4253802531264626,0.4892841795533617,0.5271198937928675,0.7112792852217708,0.4984964136337133,0.5670925988045429,0.7797804587179679,0.8334575172026365,0.5574910398611898,0.8120566438708614,0.8011441295011149,0.5050229287831389,0.4899507792074551,0.4039849338966113,0.7214051673422797,0.7440799948571309,0.6750268559355893,0.6487793255758825,0.7497242818051018,0.6628185320072453,0.748039525262539,0.8318503748397056,0.8137625373731182,0.986466094581522,0.9480388811345176,0.7570307237118616,0.8787134245376168,0.7503683062965905,0.859268371312001,0.8837871734476327,0.8429748155364188,0.8548794054278152,0.7562005295418551,0.7367146007843579,1,0.8711187901180989,0.8194343414421476,0.8000255457982152,0.6438467900029573,0.612315462096798,0.7650401729824681,0.6712137418541425,0.700565807762283,0.4409662128986021,0.5811192680361534,0.864036365687998
L3_ID2210,0,0.1580269438500764,0.1275096293194871,0.1701347560186097,0.1306978186015767,0.0723284555082574,0.2996005015744713,0,0.1852447404912477,0,0,0.6016603321371714,0,0.086246590910466,0,0.7393952287500357,0,0,0,0,0,0,0,0.2503203257273989,0,0,0,0.3758335566576508,0.1273857343559803,0.2492030835790211,0.2481047142359408,0.1266670435022118,0,0,0,0.2759767758844364,0.1359477745960591,0.114868747667661,0.0846102127986755,0,0,0.0982940031207382,0,0.1125472064478252,0,0,0,0.0624864562698717,0,0.1186918171891183,0,0,0.188232030971693,0,0.6179229190882113,0.299765772429247,0.4094811388767595,0,0,0.2428873260478875,0,0.0636416650850123,0,0,0.0390494369574301,0,0.0357101401465199,0,0,0.5404277829661832,0.1310067531598102,0.548347542779367,0.8241341245359407,0.245438575604458,0.1571029676055162,0.3762008898655688,0.57941206394395,0.2615501335710578,0,0,0.1745705983009728,0.7175973015285995,0.3932380065067661,0.1515659401854477,0,0.4897898356050668,0.4267057036642843,0.1821964799123073,0.5245939414711256,1,0,0.1931217863289401,0,0.5002891658182825,0,0.3311033325883501,0,0,0.1615822685363294,0.4996021584718045,0.1350429271381259,0.4330074985774419,0,0,0,0,0,0,0,0,0,0,0,0.101610543768572,0,0.657183846070142,0,0.1632100887175437,0,0.8354145235987326,0.5847728714896466,0,0,0.7218990910428782,0,0,0,0.187624156855678,0.9868639690082008,0.2029180289139754,0,0.1387964977286078,0.5598564400853357,0.2386076440120707,0,0.1972332653602062,0,0,0,0,0
L3_ID2214,0.0562892512177628,0.073954626926746,0.0623775817138103,0.0427674965540132,0.0676670393395416,0.0665575975609956,0.119923492343745,0.0757992840457577,0.0717006620071831,0,0,0.1555468240072784,0.0311349384416732,0.0295631945526131,0.047284279801712,0.1301108928597943,0.0040981564424335,0.0020717332258402,0,0,0,0,0.0014815433275648,0.0608644687085393,0.0970035500403877,0.0921395885393647,0.0194643997151931,0.0482763378271268,0.0426194407870979,0.1183553007581149,0.0672888042038072,0.0282668193869704,0.0690551192562313,0.0396687890330108,0.1226331258835802,0.0291604255983401,0.0266765200146534,0.1148520817907243,0.0128624238100319,0,0.0190313767621812,0.026506505805019,0,0.0513315827368905,0.0086884394131619,0.0113689799235756,0.0272930568220904,0.009673982252448,0.0082221969572849,0.0106214787450479,0.0044123741387767,0.0656113156659273,0.0549781231529967,0,0.0404173723075212,0.1742695348190304,0.2091413701930488,0.0301193140693467,0.0212341703238846,0.2002212397290793,0.0603552463273199,0.0357842390206797,0.0170792909879975,0.0098459692629216,0.0185261741330307,0.0240006754298003,0.0091065974742176,0.0164556833628573,0,0.0804838047983816,0.066608860938026,0.1346692574154702,0.1208902657085108,0.1105206245643485,0.0963675099976625,0.2668133886463503,0.03433169604885,0.1677647287354678,0.0678330995347008,0.0398038733105158,0.0565555814342531,0.0753368136793084,0.1300048916206735,0.0197856192241155,0.0730926664935593,0.0821457811990565,0.1966489160300668,0.043572011247741,0.0090634960882808,0.2370950368831732,0.0381907195326253,0.0861754635146048,0.0672838995432987,0.1435255578872556,0.1345205023432373,0.105214381827484,0.0220731343771398,0.0172736569632487,0.0346102342934451,0.0547617586396373,0.0862437775274596,0.0526764156118456,0.0626460382646806,0.018389113891475,0,0.0490464662741283,0.0247136420692333,0.0970094358349051,0.0606433467586146,0.0540464753178848,0.0873618729274812,0.3030096570073318,0.0366929598814334,0.1615114464302337,0.0182744790196837,0.1666739339209307,0.1636036416809828,0.4744976814542461,0.0449114252383986,0.1779825793693742,0.2704475728176984,0.0773996650949739,0.4614328751149346,0.3721237857232062,0.283565992732942,0.0748973039384045,0.0422342966420279,0.5211337068082282,0.3514746139441181,0.3144512919468881,0.1202007781248103,0.3175092552331907,0.1432831873159253,0.0684012030804128,0.0801115806059291,0.3440876273544946,0.0485206917152922,0.1348959107792618,0.1189939771526107,0.2137209392029472,1
L3_ID2222,0,0,0,0,0,0.0238786000908721,0,0,0,0,0,0,0.0576239864714921,0,0,0,0,0.0148399771556707,0.0032864397559967,0.0101984908724327,0,0,0,0,0,0.0665100080444899,0,0,0,0,0,0,0,0,0,0,0,0,0,0,0,0,0.067851238170776,0,0,0,0,0,0,0,0,0,0.0720849491454269,0,0.0309891994023545,0,0,0,0,0,0,0.0386951643227391,0,0,0,0,0.014774541370007,0,0,0,0,0,0,0,0,0,0,0.0594244120099656,0.0213299679641102,0,0,0,0.0737224543236702,0,0,0,0,0,0,0,0,0,0,0,0,0,0,0,0,0,0,0.1155704512933012,0,0,0,0.050293721969524,0,0,0.0234928589333606,0.1128831794040281,0,0,0.0285071885819537,0.1101906281453136,0,0,0,0.1216575741530541,1,0.1033264770354834,0.1217686598750499,0,0.1266903272402394,0,0,0.2003331668225801,0.0436830433262031,0.1337127880119307,0,0,0,0,0,0,0.0292183646504488,0,0,0,0.059889899305594,0,0
L3_ID2234,0.0972772106276977,0.0852486439501997,0.1217937826529452,0.0947389570681814,0.1097807415728053,0.0914761627519168,0.1210353854292852,0.1299892037638955,0.1087409670471006,0.0723691137946091,0.016931193288538,0.1212789186047682,0.0923492515586487,0.0692620855014155,0.0608068675914679,0.0827532809159882,0.0174386867351818,0.0205507652911298,0.0141243870804443,0.0161929874558672,0.0115616279613349,0.018660463920608,0,1,0.151030383571773,0.1430643842670793,0.1216496241197856,0.1207611720041697,0.0717759262376096,0.1296802837893848,0.0874931630995699,0.1028499108923602,0.1067685457921212,0.0852252666819029,0.081533590296658,0.0875768793152831,0.0774119344632266,0.096421602608036,0.0939747560995657,0.0640815205583776,0.0622412310859657,0.0864127700871981,0.0293440590727671,0.0661561004912698,0.0851591920888658,0.0514135875249687,0.0520773010160099,0.0505063833625687,0.0434747831317249,0.0511795289051656,0.0382429582149309,0.1138802952616652,0.0891380186090208,0.1001158833368895,0.1042732580906738,0.1209833062851358,0.1348385379312416,0.0797161834990979,0.0984155019852197,0.1287787326755002,0.1281516500114761,0.0420358755599516,0.0340088867010767,0.0216714985813559,0.0243105236232764,0.0237422415510384,0.0165327789485692,0.0175615584301519,0.0175021434605709,0.0747637111424333,0.0544373000067548,0.0707558427134322,0.0842784911798951,0.0686755131317423,0.0635168803167792,0.0609541559737714,0.0402902930042263,0.0847820336749962,0.0516876232055648,0.044952979970282,0.0878129564018471,0.0471637160689549,0.0450544527707351,0.0450306775092756,0.0601222497993548,0.0389280319603761,0.0788445842841739,0.0505653327187894,0.0663633196886614,0.0879795571125717,0.0671831469637895,0.0707022102367447,0.0485203511123688,0.0753957242848618,0.0602830235810559,0.1504623275441954,0.1220181116923233,0.1020331516421953,0.1295141776721052,0.1046529899360617,0.1404502106137622,0.0850631559522959,0.1058173710978052,0.0856508025171073,0,0,0,0.0288772343449371,0,0.0465905865945552,0.0305617423382329,0,0,0.0543735245004345,0,0.0499310552657457,0.0563688071936596,0.0479773222859082,0.0571349942640777,0.0810584714685967,0.0687315026553159,0.0634145149297184,0.0716195651568002,0.0888095467373892,0.1026443609478454,0,0,0.0811769575107541,0.1121037310634269,0.0841437531062574,0.0856880979540661,0.1177439974294841,0.0985404254701841,0.1187268705249511,0.092731827316345,0,0,0,0.0303100251868404,0,0
L3_ID2236,0,0,0,0,0,0,0,0,0,0,0,0,0,0,1,0,0,0,0,0,0,0,0,0,0,0,0,0,0,0,0,0,0,0,0,0,0,0,0,0,0,0,0,0,0,0,0,0,0,0,0,0,0,0,0,0,0,0,0.6824803116808577,0,0,0,0,0,0,0,0,0,0,0,0,0,0,0,0,0,0,0,0,0,0,0,0,0,0,0,0,0,0,0,0,0,0,0,0,0,0,0,0,0,0,0,0,0,0.5240978531818045,0.3444900971010456,0,0,0,0,0,0,0,0,0,0,0,0,0,0,0,0.3396167472016762,0,0,0,0,0.4844487695671851,0,0,0,0,0,0,0,0,0,0,0,0,0,0
L3_ID2255,0.1958639907991634,0.2797477107974055,0,0.1848881338753476,0.3157091231146489,0,0.0216174074643036,0.0319957764573776,0.0322421386394488,0.1722896971024425,0.0249762907386353,0.0655684335212594,0,0.744462394709692,1,0.5370171751320175,0.0144431791621399,0.0406989037409884,0.0451198515642609,0,0,0,0,0.0213474254489861,0,0,0,0.374663288393378,0,0,0,0,0.4783091410946143,0,0.5112821580565536,0.2301611040673638,0,0.3340011386263196,0,0,0,0.1130382128118771,0,0.0615390359043478,0,0,0.1862829177041966,0,0.0691188551188222,0.1575306425939013,0.2003667063871645,0,0.3886386823350495,0,0.2601651861170138,0,0.0669146706572703,0,0,0.0675310429075718,0.6546268378854145,0.0259078289295914,0.0063054402740848,0.0697528531844625,0.0373260626782616,0.0106480475915612,0.0180069523286413,0.0079236488325247,0,0.4566579843428857,0.4649887933792216,0.0849436102646341,0.0226052761567812,0.4500947810300437,0.4307929353437456,0.4847679984996517,0.4107683876200665,0.0453092671980885,0,0.5617586654667445,0.0885709253031102,0.0329365430650833,0.4849266769030087,0.532860214691951,0.0989664195351734,0,0.0153681373844677,0,0.8710125770919517,0.0254777982215479,0,0.643171312120014,0.6642157727929867,0.0223305082630402,0.5729924389803449,0.4132651027582147,0,0.6515575862442808,0,0.1756413057432978,0.2306607075175359,0.6549972078772532,0,0,0,0.1397770826275718,0,0,0,0,0,0,0,0,0,0.2765615024096848,0,0.023176689894654,0.2657282047165686,0.0835224033749818,0.4434610277763343,0.6282483535595497,0.0980708939737869,0.104031002900773,0.9702173311614812,0.2226602125378143,0,0.0504320660576225,0.1217267490626557,0.5022158224010242,0.0734784955446715,0.0917001674880557,0.4369473587965389,0,0,0.2008924577346988,0,0,0,0.3808101841606017,0.1745567293853249
L3_ID2270,0.0370228267286651,0,0.0181013831074337,0.0313890637304417,0.0184424513725069,0.0371707029104894,0.0339531384634032,0,0,0,0.0210613770906788,0.0673785364534397,0.3898863059403116,0,0.1398801308368364,0.0712947341303349,0,0.023797109544267,0,0.021552510220812,0,0.0403200366580739,0,0,0,0.0251250230682903,0,0.0137549937378417,0,0,0,0.0804087682085824,0.0357353053408279,0,0.0257701243642444,0,0,0.0549983405409863,0,0,0,0,0.0097715071342946,0.0129342313678165,0.0317642305105669,0.0164999719134376,0.0097443794700699,0,0.0496383260980165,0,0,0.0596321923671189,0,0,0,0,0.0455505153385506,0,0.0606478953043281,0.1238097903624402,0,0.0218720241166665,0.0110786327850539,0.0071697438005593,0.0107473404808237,0.0116586107526787,0,0,0,0.0284506502845706,0,0.1918100790839284,0.0319199779484161,0.1451510341654499,0.0298612981872629,0.0183750747162893,0.0133305785041335,0,0.0362380344902985,0,0.0850900815229403,0.0597171354405454,0,0.0793929113555338,1,0.0168879044732794,0.0414193680353544,0,0,0,0.0832752229212354,0,0,0.0587963985762218,0,0,0.2070840343789374,0,0,0.0348808354019827,0,0,0,0,0,0.4145646544662054,0,0,0,0.0874349770223353,0,0,0.0713182463139557,0.0459189559964958,0,0,0,0.1086709854876572,0.2666080423808864,0,0,0.4364383362539992,0.0802163857226485,0,0,0,0.2685476035956414,0.2669569388055495,0,0,0.5368325405764633,0.0611786956245814,0,0,0,0,0.0643555247056224,0,0,0,0
L3_ID2276,0.1800432177473953,0.1307754188306283,0,0.1189064521809593,0.2054629672175666,0.3736235767539437,0.3667240578107562,0.0621662974010134,0.0738725546929388,0,0.0638088997973256,0,0.2745238786266746,0.2131705256323107,0,0.0786516610610194,0,0.0201533271112359,0,0,0.0214353155210787,0,0.009386451140266,0,0.2789077457273356,0.2579151823684596,0,0,0.0994627893663777,0,0,0,0.1144781222830779,0.1192698560550681,0.1682277498089762,0,0.1755932474073065,0.2407757996353089,0,0.0930807652261671,0.0196562183917436,0,0.041708841255278,0.0636860676103231,0,0,0.0221348820854395,0.014492255483553,0.0103629724012074,0.0637764610947169,0,0.7467229332397848,0,0,0,0,0.0258643278782897,0.026347758807374,0,0.3309513240572648,0.3567610056250966,0.1030547510355576,0.0661898193142029,0,0.0359510462696292,0.046996820184838,0.0445931145542069,0.0172529397686711,0,0.0942361498081648,0.2155107434882743,1,0,0.3385683021996404,0.6629197873295074,0.2704809438063293,0,0.3286397771183907,0.3695719949070081,0.4077641270491909,0.6359466686171024,0,0,0.6445114798275774,0,0,0,0.331460854323482,0,0,0.3151503317598744,0,0.0866426726675099,0,0.1355800468900648,0,0,0.4962500118000649,0,0,0.4297504503202168,0.283975429451068,0.649315780001526,0.2639553668243298,0,0.1896631759265925,0,0.3468562675227152,0,0,0.8141666295444375,0,0,0.6838879648533598,0.2975216447504702,0,0,0.5577559688007351,0.3090317064199353,0.0841269293220565,0,0,0.4485469815601624,0.0214128058010659,0,0.936327246065538,0.0650805264645298,0.5827531043778614,0,0.317667615404597,0,0.636165482616251,0,0.1996207608123709,0.9235788752865892,0,0.2172114931397281,0.2049394865981229,0.3874689303718086,0,0
L3_ID2295,0.1006154947358873,0,0.0317827158045316,0.1401091899980855,0,0.0480333445876585,0.1773263906866817,0.0245650834278917,0.0522942050261971,0.1586500335185209,0,0,0,0,0,0,0,0,0,0,0,0,0,0.3981179791969076,0.2858712074229754,0.1149949864199917,0.0710737975879236,0.0347312140279805,0.1849557846964735,0.1567582147714263,0.0277039124252879,0.0529783061794429,0.0545385218818009,0.0977720027037753,0.0997490472695275,0.0629508095731133,0,0,0,0.0506217253337024,0.2526894837745645,0,0.0037690945515212,0.0732927236021796,0,0,0.0178224922429357,0,0.0073025923131869,0,0,0.3323022639931702,0.1880695808951323,0.3864779469452479,0.1505971507525224,0,0.3201119810180638,0.2892614773604951,0.1969778912624767,0.1375463835226406,0.1414897543863278,0.0031253969982212,0,0,0,0,0,0,0,0,0,0,0,0,0,0,0,0,0,0,0,0,0,0,0,0,0,0,0,0,0,0,0,0,0,0.2734735911933302,0.1455364470641559,0.1952266692755009,0.1067482224629676,0.1814500910221801,0.083074171315146,0.1867006007696,0.0895835092813754,0.3295965537820243,0.3695735163379693,0.7191437976894447,0.3151082426946496,0.4007369573530447,0.3429355536211922,0.3662828026265347,0.4716498204654457,0.4118124561089958,0.6750521466432485,0.4644716200837618,0.3619871893998662,0.4114889415830959,0.4872014321196457,0.8006338016806536,0.3333524405469993,0.10298920329078,0.6997662822085979,0.4471062229579867,0.7359064163149934,0.5013615988590926,0.2270589003953979,0,0.445010002291243,0.5068865725646858,0.2169592717147586,0.5635666838664513,0.5670269990855276,0.4299262057772975,0.4641964479870872,1,0.3567015732296522,0.1439442070866014,0.2931837908960719,0.1438669622069355,0.30323831009086,0.3421906615420391,0.1498110505865915
L3_ID2304,0.0261340154643981,0.3228186305481377,0.2848752924925544,0.0434734185175889,0.1901123400440444,0,0.4837645780281968,0.0403433714238151,0.2870653708496495,0.1099840168599051,0,0.702470527166009,0.0377655689372746,0.1678341127433777,0.0217789927473793,1,0.0261300495476847,0,0,0,0.0203192828769909,0,0.0103505058303685,0.5049622293528303,0.1016777885017267,0.0331747228976811,0,0.303087203419453,0.2484471329173516,0.0837682911177197,0.3049482997148357,0,0.0883640573727358,0,0,0.0699442022784092,0.0869282715875629,0.2728726283880021,0.0259553710533985,0.0208681239245859,0.0194313575020594,0.2031853276350381,0,0.2463643573943352,0,0,0,0.0844727060902253,0,0.1618606164690343,0,0.0184487520623386,0.0799526330737326,0,0.2909954208038408,0.3434879474055989,0.1832241376002565,0.0912570015161203,0,0.0727362882023743,0,0,0.0838615846484519,0.0210025406158206,0,0,0,0.030242571949537,0,0.2575978412722145,0.0684332685682609,0.0468521750648836,0.2806125207163377,0.3131779331833258,0.1895696291287857,0.461356875940325,0.0746176385335606,0.0882035740742273,0.1308187372312973,0.047872562058045,0.1048130067790901,0.3125237924019083,0.1459403686745921,0,0.0727876716107932,0.2228762900197557,0.4063022927807277,0.1963610755982548,0,0.858070895817797,0.0340201107174883,0.1075721322171194,0.0736802817248426,0.1935786503995339,0.1420235053934732,0.1250677490116068,0,0.0641912311003619,0,0.0744322257304611,0.1547879074836897,0.2863553230360619,0.3076161811583163,0,0,0,0,0,0,0,0,0.0985097832472836,0,0.0499670029780564,0,0.1722648225021751,0.1742744516488075,0.1231713343936542,0,0.1985036868896857,0.5176643169766865,0,0.1267922659270099,0.2303966595876705,0.2463881776815955,0,0,0.1298788769376539,0.2547978576217062,0.5094403937838023,0.046592447798993,0.0404526076422917,0.1952642393636964,0.0525613476502265,0,0.1236700608138626,0,0,0,0.2065369238495904,0
L3_ID2311,0,0,0,0,0,0.1194142709074871,0,0,0,0,0,0,0,0,0,0,0,0,0,0,0,0,0,0,0,0,0,0,0,0,0,0,0,0.0897509057931412,0.339846424424338,0,0,0,0,0,0,0,0,0,0,0,0,0,0,0,0,0,0,0,0,0,0,0,0,0.1373726739327803,1,0,0,0,0,0.0451862434020351,0,0,0,0,0,0,0,0,0,0,0,0.788327465724059,0,0,0,0,0,0,0,0,0,0,0,0,0,0,0,0,0,0,0,0,0,0,0,0,0,0,0,0,0,0,0,0,0,0,0,0,0,0,0,0,0,0,0,0,0,0,0,0,0,0,0,0,0,0,0,0,0,0,0,0,0,0,0
L3_ID2312,0,0,0,0,0,0,0,0,0,0,0,0,0,0,0,0,0,0,0,0,0,0,0,0,0,0,0,0,0,0,0,0,0.3459906356967102,0.6195373893326043,0.8619373779790125,0,0,0,0,0,0,0,0,0,0.0767733594126765,0,0,0,0,0,0,0,0,0,0,0,0,0,0,0.5470998334181729,0,0.2044872092683868,0,0,0.1516224992308209,0.2035397935360038,0.0888526171501895,0,0,0,0,0.2261980917932543,0,0,0,0,0,0.3567986475301519,0,0,0,0,0,1,0,0,0,0,0,0,0,0,0,0,0,0,0,0,0,0,0,0,0,0.9540079116326384,0,0,0,0,0,0,0,0,0,0,0,0,0,0,0,0,0,0,0,0,0,0,0,0,0,0,0,0,0,0,0,0,0,0,0,0,0
L3_ID2331,0.2388635033319557,0.0906446430154208,0.0555758423148953,0,0.0687770428453758,0.100880655795192,0,0.2167875408333573,0,0,0,0.0455520227948199,0.2071632202221117,0.8163347032653486,0.100877201236232,0.0335587484581846,0.0102702046803332,0,0,0,0,0.0165749255797939,0,0.033265801522334,0,0,0,0,0.083703775413557,0,0.0767457207087744,0,0,0,0.0551678918342909,0,0.0412750402093188,0,0.1867482419319313,0.7883434739200826,0,0.1500197205581717,0.0220553897262706,0,0.0515586304655054,0.0626245607098142,0.1027947234125515,0,0,0,0.1333306521295958,0.2745758466969429,0,0,0,0,0.0546755062871225,0,0,0.0293245849293642,0,0,0.0106906056871503,0.0143777349319867,0.0209568038587181,0.0086126800715741,0.0077772766464313,0.0089355057499856,0,0.1797191016114294,0,0.0879227093108536,0.0731425905100496,0.0516145351764565,0.0988977658359066,0.0345999989031439,0.0548920681525069,0.040883781162911,0.1277461626638096,0,0,0,0,0.0829313185556889,0.1351042925973264,0.0835676093347076,0,0,0.2230090133341405,0,0,0,0,0,0,0.111163090051104,0,0,0,0.1302072603645707,0.885341171839629,0.343113153903989,0,0,0.0943467674992834,0.1090162295179938,0,0.1590387943745155,0,0,0,0.1070347711171879,0,0.0151589626058913,0.2938723140703272,0.0739541430283653,0.2560220422906301,0,0.2144863172984714,0.0603534099843958,0.0660639102010384,0,0.1050650541842868,0,1,0.2094188892810627,0,0.0462875817369484,0.0427791175432639,0.1413794653434209,0.3043212829355567,0.0525469434909159,0.1533860639274066,0,0.3929357844804705,0.1658824000114202,0.1408876141103329,0.2382870355671443,0,0.0632062035921337,0.0900928897971765
L3_ID2337,0.0703142972396868,0.3361137764147633,0.4117124154350494,0.0843561264603262,0.3517739049559577,0.1309984410585642,0.6993166416832046,0.071929390913897,0.3412906340607,0.1257628013568764,0.0039442476694713,0.5853672169993669,0.0426321341303219,0.3008075474307433,0.0364372819329392,0.8576661678839258,0.0304023439971019,0.0014735811773659,0.0016122646176998,0.0013515724775742,0.0198303256732474,0.0029750023163763,0,0.2598065945701764,0.1676829554976502,0.2057732645865457,0.0097108036241945,0.2957357162572716,0.1481285009219913,0.184303804375598,0.2007063724829977,0.0069642377440779,0.1096323213875595,0.0303021853579752,0.0664382018347125,0.1626936311310717,0.1845823591334515,0.1577099997549461,0.0789987553068881,0.0205113118117477,0.0712813993771832,0.2172237858388886,0,0.2048350550107909,0.010769909847964,0.0025206995256973,0.0357838970031053,0.091760564005692,0.0068314200987187,0.1398125029325727,0.0065226176633678,0.1296896587653579,0.3051031996102314,0.037737967000934,0.4287878724557378,0.4541439162341339,0.4164652729244556,0.0539715619276734,0.0084031017525339,0.2963499418424516,0.0594338764442267,0.0199051450552596,0.0928108524758702,0.0332010810294313,0.0104383323900026,0.0093295476450704,0.0078801161343932,0.0560071651657276,0.0018059748878688,0.3508608893859197,0.1373326320170648,0.1443243366591637,0.8343721962467248,0.3725357365454511,0.2368060583011613,0.658129215187488,0.2012298531063615,0.3122403070277836,0.1178745486687401,0.0481472883841243,0.1728760075940099,0.4106528899542927,0.5679235871030627,0.0800883841813748,0.0856177753635962,0.2870804473809537,0.4035168021697334,0.2147645089453205,0.0606979815255989,1,0.1649155328810032,0.075819882045512,0.0940097404632733,0.533084034926633,0.1387174949835196,0.2216002960544999,0.0224032516343097,0.0637227344343786,0.0671179235238212,0.1734950557772965,0.272133209351597,0.7642704630416046,0.4361013527542628,0.0159711682505567,0,0.0700904837610029,0,0.0311672498014398,0.0392567339706759,0.0124294276957206,0.0177428592328028,0.066721770935815,0.0292520868520248,0.2498041468811008,0,0.408521348844799,0.2207420895571155,0.2014420327008221,0.0446518427052501,0.5712945245280862,0.5099308074296529,0.0622154751413761,0.2367534605308474,0.673829530067443,0.1789490927213496,0.0436069147881262,0.0339260290457204,0.34089523907378,0.7632357397653448,0.8312525918244336,0.084839015527486,0.2731043992105846,0.5008740254122747,0.0863655858715245,0.0806596956602102,0.1818431739869065,0.0180585990727086,0.0318129589891927,0.0896127394000435,0.2736992484445254,0.2056478644506453
L3_ID2345,0.010879309826372,0.017944892845824,0.0352108562300115,0.0796720059633972,0.0231450838392663,0,0.0306102242614267,0.1300423565349621,0.0084341153799093,0,0,0.1048763147326763,0.0281271202240237,0,0.109824801615894,0.0927007088791179,0.0042780132530023,0.0019505307999589,0,0,0.0020685069655123,0.0011435714347018,0,0.0323927963957197,0.0078717125813472,0.0817440429498325,0.0698522920987997,0.0409278755253617,0,0.0942024759431032,0.0326054956296564,0.0183136537113578,0.0370023956804283,0.0535191893712483,0.1755744574259802,0.0393812831144757,0,0.0245546599959945,0.0090284633634051,0,0.0083869358656652,0.0309985767327483,0,0.0495089862337065,0.0410371093996615,0,0.0364021149003643,0.0077969929041989,0,0.0176033310964752,0.0095648857290384,0,0.0317663564857134,0,0.0391139964319012,0.1553708112439101,0.1884882105939451,0,0.0357626256103897,0.5201564176281495,0.0447880004020772,0.0592894368352474,0.0111044820022117,0.0032529553577851,0.0251422396638439,0.0399789408211731,0.026054993367837,0.0020278316015207,0,0.0423469610251514,0,0.0146385875031886,0.0833512117969865,0.0208807578819479,0,0.0621731717987462,0.042414923631606,0.0455951234471124,0,0,0,0.0917756724964725,0.0322497434106262,0,0.1409989782258623,0.0756774612145744,0.0851513310002247,0,0.0289423006539507,0.0446777133666291,0.0204070558269547,0.0351522471100022,0,0.0744221155932601,0,0.0795797097287915,0.0276396779265826,0,0.0171359415130354,0.0598685533113431,0.0141107529651738,0.0600648414749261,0,0.0605360454316756,0,0.0441424407024776,0,0.0424638562957512,0.0538822126148462,0.0371639702595829,0,0.0929975163595525,0.0183018751570754,0.1940623173256883,0,0.1184159959799462,0.1548476878467652,0.5629438470427617,0.0225482405771902,0.1883870621888344,0.2011213925102279,0.0242124865347028,0.4765411864757348,0.1999071482579939,0,0.0814548982586792,0.0366289952889827,1,0.2720086864506836,0.0274003603956767,0.0760972891733146,0.4261009882572139,0.1313422234962757,0,0.0877015817840125,0.1736673068538402,0.0196770957929318,0,0,0.0221501737362032,0.2036248660884536
L3_ID2362,0,0.0825285524571823,0.1075715470780445,0,0,0,0.2613183097296588,0,0,0.1742566108022838,0.0477651868648624,0,0.6179051321334009,0,0,0,0,0.0407994255365966,0.0121825385770026,0.0185930186291514,0.0554834250861829,0.0442231232366975,0.0117409284823641,0,0,0.0571355639313677,0,0,0.1741655208321496,0,0.0393342025663249,0,0,0,0,0,0.0603303954859457,0,0,0,0,0,0,0,0,0.1059813175116916,0,0,0.0492515552702017,0,0,0,0,0,0,0.060884935056751,0.0640690486250502,0.1405826801473968,0,0,0,0,0,0,0,0.0615952195611772,0,0,0.0162986399676032,0.0941019373470427,0,0,0.3119472230859743,0.1018651749640237,0.1454947009242778,0.2902749641270291,0.1361969382199775,0.162417703943909,0,1,0,0,0,0,0,0,0,0,0,0,0,0,0,0,0,0,0.1370915543301181,0,0,0,0.1330212763649549,0.2193532224723372,0,0,0.1646226778126837,0.4135328135669561,0,0,0.1898341449732902,0.2200405682237275,0,0,0,0,0.2368916703426346,0.1773398526238147,0,0.2953625726886081,0.2856883891408979,0,0,0.2828820071095115,0,0.1438580256797786,0,0,0,0.2397013323360871,0.1743349683212482,0,0.557657807497735,0.1038965045418435,0.1544209369017943,0,0.1733945360480744,0,0.267228381744196,0.2131327227610772,0,0,0
L3_ID2372,0.0094797927210504,0.2017956509127879,0.1611366661955704,0.0111667141538938,0.2442506652081781,0.0412084510008424,0.2966969627584565,0.021456368438151,0.2247874481026816,0.1434239449996292,0.0011963629374455,0.5061295245430815,0,0.2518937688575132,0.0095430313419685,0.701903698374328,0.0179679933172846,0.0011068865520527,0.0025772148348713,0,0.0119622960285061,0,0.00914601178708,0.2288605334229987,0.0540733660678372,0.1173583583549798,0,0.2754854712006634,0.1080149091244849,0.0399457914489501,0.2458114188829304,0,0.057043659194047,0.0220708650906926,0.0326415096730844,0.0682802616033142,0.1102158892632974,0.0730767973674539,0.0384679530458636,0.050023826332907,0.0290610511154689,0.0837170812220556,0,0.1130752522458884,0.0085986211387988,0.0048637387244606,0.0373990241132801,0.0584303325281896,0,0.0926046228890917,0.0033640685306925,0.052441103808028,0.0518338703278925,0.0168003569098968,0.2595367980445938,0.0732109907604112,0.0714812698198571,0.0213333397294755,0,0.1218340859060476,0,0.004223317572631,0.069372809032242,0.0196987086391955,0.0020747063104808,0.0014381370290238,0.0033600452432459,0.0346568492062784,0.0015295562202677,0.2472398531314633,0.1119057604873263,0.0409475383637217,0.2788763333453911,0.2276503728631121,0.1411783247392532,0.4930298765266052,0.041367790917658,0.2405033026097289,0.0860488915419977,0.0268465529748735,0.0811165490360536,0.3168777788156106,0.2150992386339222,0.0376526952961522,0.0404407087078308,0.2679089119860863,0.0813462278600119,0.1182467954365831,0.0164757619809249,1,0.0752417439802835,0.0900784536745685,0.0782905117967921,0.260526078736927,0.109687083152698,0.0518451544620409,0.0106738469401622,0.0309579925614382,0.0243692775382014,0.0771092573227616,0.1133773083812059,0.3627231898666379,0.2747536065220841,0.008245668501244,0,0.0191081562553616,0,0.0279341238431266,0.0455860062745598,0,0.024074785526902,0.0200475363781112,0,0.1343749443441186,0,0.1240460616377722,0.2621253045764964,0.0577266704284964,0,0.1678634249308401,0.4031857059253972,0,0.0438392800166378,0.1630663927516706,0.2783011372502477,0.0232837947156678,0,0.0679232895553142,0.2191390889679876,0.774146977675455,0.0155379145395801,0.095480386183233,0.2313633835414924,0.0586833428585532,0.0664743968023616,0.1351297309867035,0,0.0752941654074408,0.0852391765763545,0.4190547541106712,0.0475144700749277
L3_ID2381,0.3424618305372675,0.1406488226920765,0.3029637996600426,0.1508727890201089,0.3918141968838063,0.0655399590434143,0.0686835243688582,0.4017138308004438,0.1068850537298535,0.5943001430952765,0.0340572067885983,0.1834235925884658,0.276887315914602,0.3449039611776611,0.4056610739874944,0.0536210788531535,0.0265896809771981,0.0294017960852614,0.0654069165253827,0.0241188270257253,0.0202986948517183,0.0392300466207166,0.0151876789756345,0.0634735584439855,0.2788410715291137,0.0962202351376332,0.1126656475428558,0.3949291928873407,0.2406676392509768,0.4003785258348525,0.2056426612272028,0.3265009331169885,0,0.6758605906519664,0.1773349529079568,0.0623341448544696,0.1416149097229503,0.0782361310234775,0,0.4673643394087458,0.1651074747639557,0.2229257207668286,0.1337261655019472,0.1416062497256679,0,0.1446081661493025,0.1333635155683299,0.0182510343878545,0.2275164980248544,0.0900539018671739,0.0688818282686949,0.6245453889255882,1,0,0.309846134022994,0.1042790470133823,0.0305510194751384,0.120217849577581,0,0.0981282907875606,0.2912924867998919,0.0593311561972409,0,0.0289273133302909,0.0274067018742551,0.0200625870140375,0.0309893879206999,0,0.0089363509472567,0.029191920049153,0.2855003174267708,0,0.0574982344647268,0,0.2367472429680411,0.0561120691252116,0.2677096260021848,0.2238410158642207,0.3123446755571714,0,0.1882387746496237,0.227224620071136,0.2643631256403174,0.2153229024624232,0.2128887496962385,0.3469898570352166,0.135044289635206,0.1255613188491456,0,0.0955276543644515,0,0.6950909495910592,0.6198605220290164,0.0860332950888142,0.1369418237078239,0.2471770553326374,0.3112208469951862,0,0.9411496105328198,0.3856183749081643,0,0.1539246760919193,0.2570786534899652,0,0.3045035042875199,0.2323058506631377,0.7178058030742169,0.3266513469580915,0.9561692990229532,0.3942647730747635,0.3007907791196059,0.372653745293693,0.3727698841613577,0.1415277531011961,0.2773704438399176,0.3312593324246268,0.3184074128116675,0.2767911742052901,0.7545991657748877,0.2462942603198833,0.2349148824471528,0.4911369764271954,0,0.1334897379944742,0.6378701042384436,0.2423283420175129,0,0.1650581063916711,0.1428520847825597,0.1607447068390161,0.4448510840920412,0.3638620686005016,0.2307352246438884,0.1983407664216225,0.376460466564882,0.1358162271010828,0.3019878252666234,0.2311648572382566,0.3777308580524241,0.2940259866533837,0.0570405686652462
L3_ID2382,0.0675491699218249,0,0,0.2120785171860444,0.0773397589693319,0.136514315425999,0.060805092884714,0.1954623702548043,0.1042458566296804,0.1521017907229113,0.0202142474054905,0.3365391669313837,0.5125055424921506,0,0.1181742547699746,0.0493363444944131,0.0095411855304925,0.0910277548601769,0.0283722500147707,0.0225846056960056,0.0218572719271875,0.0468930986358902,0.0196817534729466,0,0.1320391129362102,0.3196575897453818,0.1984093668728685,0.2206715295716459,0.4914281774660826,0.0688126752269591,0.3639154692740642,0.1787840736562005,0.2367740814332409,0.4671466978263649,0.070785232008465,0.0560620369440577,0,0.1406598032714054,0.417526809648831,0.2254106808211589,0.1963000448290096,0.3763417199525536,0.1042046601660527,0.0710836943726458,0,0.1146001608101689,0,0,0.0845252633122556,0.0564299308301712,0,0.5251053596106163,0,0,0.2025073007864048,0,0.3437456294082089,0.9928994177592768,0.0993441085191762,0,0.6634114426697865,0.0293833135903209,0.0160856617295857,0.0223220494201375,0.0353257814450496,0.0065659581690043,0.0205815130070783,0,0.0417178902614557,0,0.2335516068829529,0.1617685044299312,0.0254142123027115,0.2878416535728042,0.5549880595333665,0.0730096980695601,0.2182579374285471,0,0,0.2931838133750107,0.1270129668876669,0.6902582846699696,0.3932217638176173,0.6873150842794058,0.1158614253511007,0,0.1434905712752461,0,0,0.308052509970964,0.1655631838583381,0.6628792608758861,0.5436931980832462,0,0.5607948973022844,0.3390243500483826,0.8913980166851002,0,0.2906780862974606,0,0.8693126300035363,0.2941771481066705,0.5987791016828115,0,0,0.1329831213217513,0.287674698445436,0.1209281565227392,0.5896867473757124,0.3309617001861394,0.4161774529092276,1,0.3621476400796115,0.2175047560321364,0.2259732669856628,0.3681426228275817,0.270012577444027,0,0.3739413554042779,0.2492382401154715,0,0.3598787680170929,0.354108729004101,0,0.7936763566376082,0,0,0,0.3993496687993643,0,0,0.1632223560685487,0.0463049631621971,0.445122957935275,0.1708173204841911,0.1664413646729892,0.4687444067271439,0,0.5200201501783654,0.1661139030748377,0.1401900275134792
L3_ID2390,0,0.0794585459381951,0,0,0.0912107065704323,0.0435242093972605,0.0764403380747043,0,0.0413122846669185,0.1190459475691915,0.0834307317579847,0,0.1333119747097566,0.0190027455115094,0.1219344830404442,0.0427650793217119,0.0399214987394447,0,0,0.0313690779575236,0.0403425968757448,0.015959159316568,0.0025069399220113,0.1606639395461059,0.1139390514933999,0.1280007698290148,0,0.049916757895193,0.1124578401732745,0,0,0,0.0605752169700132,0,0.0222062652446636,0,0.400201990320669,0,0,0.0453077938210181,0,0,0.0656342769283527,0.0996476327610588,0,0.0603342979847131,0,0.0074210988546658,0.0636382836663881,0,0,0.0875815580670355,0,0,0,0,0,0.0498421126265619,0,0.0558563473385608,0,0,0.0520558196576904,0.0098798227073297,0,0,0.0013629789686057,0.015755489006884,0,0.1730156794515359,0.3158421554929779,0,0.100227318602046,0.1393277462534281,0,0.2675832974543001,0.092180659332584,0.1617528407244141,0,0,0,0,0,0,0,0,0,0,0,0,0.0160217160203573,0,0,0,0,0,0.0572541222418287,0.0693696670174489,0,0,0.0395256413004257,0,0.1253424808773389,0,0.2525027627640642,0.1429786930359503,0.4144986937519608,0.2227943845230569,0.4622447681774801,0.1736034262984991,0.2357651702361986,0,0,0,0.2408600557546043,0,0,0.4400403709782116,0.6046018275225001,0.1333746491784251,0.3563461373590708,0.2679537268815766,0,0.0906211461443307,0.3528616394566988,0.6805473146310144,0.1007572458374825,0.161651392169295,0.4052736054989603,0,0.1749164693712391,0.2354187295147992,0.232016031097465,0.523880091329019,0.4255976567615412,0.0893874177176789,0.5970249529647073,0.0751707237452623,0.5116122294587432,1,0
L3_ID2393,0.118362255079159,0.0755727650953972,0,0.0739238221258762,0.2671692470922726,0,0.0759621450289832,0.1470067805542708,0.3161489542483733,0.0587019341604566,0.0164238853940657,0,0.3026867180346381,0.5786258340037984,0.6259691255724579,0.460124459049966,0.0320276446075133,0.0284400524393688,0.0093217610811357,0.0101100655396717,0.0189733321467157,0.0141468355524241,0.0144939127753036,0.6008468566399502,0.1563193951033619,0.0975493003688577,0.535715075314116,0.2736264462041948,0.1076560218803003,0.1497612334283637,0.1031017222863726,0.0330284989665541,0.1270757858077471,0,0.0595000847877909,0.0655608897544363,0.0582390032030818,0.1023761020869692,0,0,0.0540827986727091,0.1029133205603603,0.1113573793042149,0.107348287370794,0.1074504633924925,0.1124786641708792,0.0886571737822009,0.0530909260117383,0,0.0519858685238204,0.0418481792677634,0,0.2369040459207533,0,0.2566849084802493,0.2612477373555928,0.2253090068875069,0.1237564083240848,0.219768719556217,0,0.1768895107907193,0.0446707752084315,0,0.0409484978981493,0.0273042586702109,0.02713573522013,0,0,0.0299227498212498,0.3976454245287095,0.3417148860987414,0.3959212190677473,0.1490527559623324,0.2256036879490568,0.35320941147846,0.2949314969640808,0.1375426730610839,0.2951256503436795,0.3297336866550751,0.4635416707582901,0.4663478604578137,0.2337083149607748,0.3456370649351028,0.4510098556969034,0.3065752005980373,0.340101196557178,0.5370778524750797,0.2149736220749474,0.681973229054638,0.3474013355732423,0.572245314254079,0.2224651508712043,0.3073516457753515,0.870946416921825,0.5048736987374756,0.2102511637699468,0,0,0.148853903060901,0.1418662612040809,0,1,0.1614787826829999,0.2129457994467414,0,0,0,0.2954256341492676,0,0,0.1655804972817965,0.2824894638123351,0,0.5484774054285061,0.461461395855061,0.2463925628706239,0.067155753151822,0,0,0.2108668572437335,0,0,0.1615902244783418,0.0713587319247973,0,0,0.1453462641354602,0.1760816279166074,0,0.1260791364686148,0.1395214382927251,0.262501373382649,0.2246206882658747,0,0,0,0,0.2240831331103225,0,0.0862463050535655,0
L3_ID2394,0.5106871218825441,0.3032205365205907,0.3355416680118553,0,0.3572887679107475,0.4668446942187461,0.4952579458410436,0.5307095735093071,0.300329901870119,0.0742286373726307,0.1090491704535614,0.2425822335221425,0.2446330931203479,0,0,0.3309667692630769,0,0.1465696245430004,0.1084247420481244,0.0427904402191606,0.0708269144650076,0.0382749682359462,0,0.2277584112511884,0.467182361724911,0.5699405656913219,0.4907985415237875,0.5972781502232309,0.4249470322522442,0.4126099766435012,0.227475945189922,0,0.1640968093833926,0.121825329536029,0.3240143940721984,0.3342798935877796,0.2556223874499476,0.2555654416749817,0.2569939754655685,0.1280861991484729,0.2273389952451225,0.4633733720828137,0.0606769094412936,0.2563339623888258,0.3069819997157755,0.255789111484512,0.2314669644788718,0.3244733925699118,0.2359535805201791,0.0859806253905447,0.1687274328881588,0.2042183319700411,0.1424642328155035,0.1282031457199917,0,1,0.4565852859187256,0.2315140146535553,0.2461914816516764,0.2398357856500399,0.7405240382453993,0.0646081967099349,0.1393635744524981,0.0589909055689605,0.1715039306262806,0.1413333361293143,0.0862795837769941,0.0763146738312171,0.0368279302207628,0.1950537122531251,0.2654720209300297,0.1485379389375855,0.1156593711275537,0.1246600789733882,0.2050157711431227,0.3391145584819151,0,0.2426058246117332,0.3026053578438279,0.1058847869266365,0,0.2480915260957052,0.2034343949713376,0.1410486542933444,0.245639618004629,0.3380474151105473,0,0.2319208336589444,0.5246454660905336,0.26117297386673,0.21411953678641,0.1147543671764705,0,0.1610357570767234,0.1668999060429698,0.4343137510066286,0.7068246666471552,0.1405431902122964,0.6212629903740812,0.3644972695435299,0.6900511377882563,0.1125737188548587,0,0.4328766368934921,0,0,0,0,0,0,0,0,0,0,0,0,0,0.6366091921596267,0.4717744964895855,0,0,0.4097898609079918,0.8241150946464708,0.2812195258036358,0,0,0.4899927767138634,0.2290171307140221,0,0.3091254558681053,0,0.4239421008659193,0.1512459074834028,0.2343926178860513,0,0,0,0,0,0,0
L3_ID2395,0,0.1580269438500764,0.1275096293194871,0.1701347560186097,0.1306978186015767,0.0723284555082574,0.2996005015744713,0,0.1852447404912477,0,0,0.6016603321371714,0,0.086246590910466,0,0.7393952287500357,0,0,0,0,0,0,0,0.2503203257273989,0,0,0,0.3758335566576508,0.1273857343559803,0.2492030835790211,0.2481047142359408,0.1266670435022118,0,0,0,0.2759767758844364,0.1359477745960591,0.114868747667661,0.0846102127986755,0,0,0.0982940031207382,0,0.1125472064478252,0,0,0,0.0624864562698717,0,0.1186918171891183,0,0,0.188232030971693,0,0.6179229190882113,0.299765772429247,0.4094811388767595,0,0,0.2428873260478875,0,0.0636416650850123,0,0,0.0390494369574301,0,0.0357101401465199,0,0,0.5404277829661832,0.1310067531598102,0.548347542779367,0.8241341245359407,0.245438575604458,0.1571029676055162,0.3762008898655688,0.57941206394395,0.2615501335710578,0,0,0.1745705983009728,0.7175973015285995,0.3932380065067661,0.1515659401854477,0,0.4897898356050668,0.4267057036642843,0.1821964799123073,0.5245939414711256,1,0,0.1931217863289401,0,0.5002891658182825,0,0.3311033325883501,0,0,0.1615822685363294,0.4996021584718045,0.1350429271381259,0.4330074985774419,0,0,0,0,0,0,0,0,0,0,0,0.101610543768572,0,0.657183846070142,0,0.1632100887175437,0,0.8354145235987326,0.5847728714896466,0,0,0.7218990910428782,0,0,0,0.187624156855678,0.9868639690082008,0.2029180289139754,0,0.1387964977286078,0.5598564400853357,0.2386076440120707,0,0.1972332653602062,0,0,0,0,0
L3_ID2408,0.0310867159081075,0.0279649256108108,0.065901570631916,0.0555431585114253,0.0757113354239249,0.0808942520446989,0.0580272541953733,0.0406069508923794,0.097630618120469,0.429653066834034,0.0272703529026289,0.1378179598807287,0.3978510713044502,0.2884506316681597,0.0823244745246779,0.0536723205378765,0.0143691070987078,0.0251437597959168,0.0077765712918728,0.0080365313368333,0.0049561169355124,0.0176879530780673,0.0053933318010165,0.1364425659289878,0.0923692332597395,0.177004698665034,0.2662944454714824,0.3827987927138683,0.1893684960522843,0,0.0548183138346502,0.0641387163842829,0,0.0909282948092445,0.1076947364090334,0.1132469438525776,0.197750664622082,0.15950490326396,0.0518385190900296,0,0,0.1094198016569212,0,0.064314869324272,0.0337469213573044,0.0774991224672377,0.0948556394090699,0.3158936955593048,0.0268898499087147,0.014111626825296,0.2146349855982389,0.0680806935203419,0.1710798043970122,0,0.482525672761384,0.1589817537034724,0.087596926921665,0,0,0.0736864302403419,0.3512160015080665,0.0394170433328041,0.0095079511539048,0.0204307545802798,0.0073216723606829,0.0022497706404838,0.0089189852487356,0.0084246065633953,0.0095128447023148,0.3225171151824798,1,0.0648426792895725,0.4161166089633386,0.4826440307605862,0.2106297957082808,0.0510417983393445,0.0205041257337645,0.110043476815347,0.2096284821994592,0.3382466105435834,0.0491235730045234,0.0869774952234181,0.0556647040400178,0.3141158831145407,0.0979893650549021,0.1294298233282723,0.1020112826895571,0.1598721747424533,0.5371661239363336,0.503700013556375,0.2278328622220816,0,0.0601057219616403,0.0626073576921829,0.3315215945889133,0.1074036942518256,0.3026534188734641,0.7343979293335392,0.8671347847986901,0.0403685325756473,0.114290386039316,0.3048681498204735,0.3728825368083904,0,0.155185657846707,0.1324583315154711,0,0.3969629422273916,0.3592725757928616,0.5842157501866703,0.297009508281749,0.0929130178789115,0.0373829598172248,0.1043779985905593,0.108446494985281,0.131885713571234,0.2100042011242623,0.0936094535766394,0.1406739220690906,0.0708492305605041,0.1837081395852475,0.4665881689034126,0.1174584004470278,0.1519315110658734,0.0741249005661062,0.1096985180425857,0.1327837950426891,0.0544837083645873,0.0122258861649964,0.3096716455908638,0.2082337912970954,0.3473742021048964,0.2256564439227378,0.1117536899526083,0.1817891235358989,0.083844227846614,0.1034234865001074,0.2740906440002471,0.2194548717335706,0.17586667234139,0.3215252335040444
L3_ID2411,0,0.1642009347703576,0.0786729978276536,0.0652934438079988,0.2124501146932378,0,0.3106606124465776,0.0720646840606095,0.2515539905745895,0.6478914458839503,0,0.2405312678225424,0,0.4400709071249149,0,1,0.0242410788636036,0,0,0,0.0385446926189339,0,0,0.2506982272710692,0,0,0,0.3934789783658067,0.1066809777568597,0,0.2878557270547269,0,0.0728924564570348,0,0.0399366532918138,0,0.0815387976027044,0.0398366663433066,0,0.2257154422359213,0,0,0.0457410199731844,0.1229797400489061,0,0,0,0.0206409652881391,0,0.1127093489726057,0,0.1964730808821831,0,0,0.2640808290334392,0,0,0,0,0,0.0536432602172336,0,0.0503255732723017,0.0154224541366332,0,0.0253111257089348,0,0.0233373347457689,0,0.191423491326914,0.0735390478490262,0,0,0.1160948253805045,0,0.2996295358134983,0,0.0511985279982304,0.3876693693771665,0,0,0.0847885034601274,0.0947898719294565,0,0,0,0,0.3045993821843727,0,0.5269830576340163,0.1162271649391812,0.1113009815889417,0.1641430276587695,0.0865428991417007,0.3554392255399455,0,0,0.3393827587937546,0,0,0.1715520354494627,0.1189371922115656,0.4118955659707424,0,0,0,0.4652755203798401,0,0.2708025160919939,0,0.2745414302800916,0,0,0,0,0,0.367419801778493,0.1672726761781584,0.142008558940462,0,0,0,0,0,0.7169814372422894,0.7578590217850517,0,0.3612102541208021,0.2966674857685088,0.9336444813656148,0.222578055735028,0.2841446668260515,0.2950742372017552,0,0.2244926221587548,0,0,0.1347382143183306,0.4979365183122164,0.7549090075862936,0
L3_ID2417,0.0792766532846925,0,0,0.0702454263359436,0,0.2096902638330724,0,0.0873607544344718,0,0,0,0,0,0,0,0,0,0,0,0,0,0,0,0,0,0.1222606154369957,0,0,0,0.0540354654393287,0,0,0.072206413985697,0.1021769724194226,0.249079391682515,0,0,0,0,0,0,0,0,0,0,0,0.0257103576898842,0,0,0,0,0.1804877246856866,0,0,0,0,0.0925053705272474,0,0,0.638811998854707,0.0865589856262424,0.0974473584225812,0,0,0.0400711537284824,0.071779096356879,0.0334930021185525,0,0,0,0,0.7417099003815222,0.0802076439100209,0,0,0,0,0.3497672378327778,0.032636145754795,0,0.1573712400973004,0,0,0.1576954227447324,0.2751276377896083,0,0,0,0.0410363057977428,0,0.1289093648678879,0,0,0.0467322186922583,0,0.0391887769218204,0,0,0,0,0,0,0,0.1338469620487234,0,0,0,0.0811202291095421,0,0,0.0630728618568502,0,0,0.5594101680784234,0,0,0,0.3515716810635917,0,0.1161471774240357,0,0,0.728376657920688,0.2433644039888733,0,0.1531315886462601,0,1,0.0428652396663551,0,0,0.6622914803811641,0,0,0.1220002432586898,0,0,0.0778030911154332,0,0,0
L3_ID2428,0,0,0,0,0,0,0,0,0,0,0,0.1195129336186202,0,0,0,0,0,0,0,0,0,0,0,0,0,0,0,0,0,0.193402064917572,0,0.0774746984124305,0,0,0.0359151726130069,0.0937400647976972,0,0.046370026083236,0.0549961469886403,0,0,0,0,0,0.1483975705911135,0,0,0,0,0.012920899005747,0,0,0.0867111141564772,0,0,0.189463548942169,0.4827433323834717,0,0,0,0,0,0,0,0,0.0104804938721245,0,0,0,0,0.0596041971464062,0,0.2091039457655183,0,0,0,0.2424675347033157,0.0603415266254765,0,0,0,0,0.1130533055745498,0,0.4525545579922224,0,0.3029110560333339,0,0.2090684417813421,0.077939438493761,0,0,0,0.3449871300495822,0,0.0744014640321475,0,0,0.0567086107061776,0.2235080657687897,0,0,0,0,0,0,0,0,0,0,0,0,0,0.2129300730987043,0,0.3148851404658074,0.2724759483672581,0,0.0678733457301411,0.8072365800670196,0.180728495912238,0,0,1,0,0,0,0.1175809414027712,0.3550441822210775,0,0,0.1382338845440671,0.2756593280549118,0.0670659470899925,0,0,0,0.0653544343720313,0,0,0
L3_ID2432,0.0785243950670042,0.1736123813550866,0.3166268396062333,0.0685471019444876,0.3927120454426208,0.1119792750977626,0.5342409989224691,0.0731312946284227,0.0615908180959852,0.0953881236557655,0,1,0.0922535942427656,0,0.1542095894330247,0.9450253360006368,0.0463100571299155,0,0,0,0.0227859075092325,0.0070589110563106,0,0.2985100893923575,0.0404599359449995,0.1782673006802622,0.1278586322298106,0.4282507109701364,0.0533298919121378,0.1502322640806216,0.2845659157880812,0.1056621494545417,0.0508779619143662,0,0,0.0901471147821832,0.1589748175525264,0.0577806242386435,0.0188231846285795,0,0,0.2265936553026654,0.0162598149906845,0.2577616511989436,0.0661665192357349,0,0,0.1113223401567186,0.0392676268315216,0.170667009222251,0,0.1074428303396525,0.0894428117287921,0.1348182123167108,0.5154854024386956,0.2891954012835199,0.2103335011928042,0,0,0.2207407771385275,0,0,0.0936751445230978,0.0377361781941594,0.0280229893936001,0.0163511736968965,0,0.0289816877814926,0.0087130737821864,0.6333828971835691,0.0595593043206116,0.2707335158644562,0.2843704474946119,0.083686250138971,0.0780493569242357,0.4085914025746687,0.1974622803708216,0.1637403982474538,0.0573272829408024,0,0.1695771140458876,0.706464137821506,0.175398081149754,0.1212052903242679,0.1709116022654029,0.5065708002979257,0.4449711380280703,0.1555897909175637,0.0787615343249105,0.8153715560616359,0.1698993857819211,0.1107593955952162,0,0.1441782271489697,0.0957512965611308,0.0503956225302967,0.1705226461344564,0,0.1664391833163782,0.0579540226560909,0.2272490641531551,0.090072067708372,0.3422475647038033,0,0,0.0817462849765484,0,0,0,0,0,0,0,0.1212245522935064,0,0,0.0526650623200667,0.1065370362362133,0.2680570788035376,0.218682018474236,0.6023321958281396,0,0.3130252447368839,0.1740987596431251,0,0,0.1803453144771495,0.2852969210854483,0.0586630259012716,0.14741450254825,0.1179611135024288,0.1079405012962762,0.0696574052586478,0,0,0,0,0,0,0.190058908527838,0
L3_ID2434,0,0.0619707923667907,0.0495572438740745,0,0,0,0.0451574881623421,0,0.0393546156435547,0,0,0.0988227401848053,0,0,0,0,0,0,0,0,0,0,0,0,0,0,0,0.0332325742014012,0,0.2612379424358838,0.0434242443038137,0,0.0478268108098847,0,0,0.1360740042193443,0,0,0.0791590476128533,0,0.0738002607703293,0.0368675435128809,0,0,0,0,0,0.0155032856649052,0,0.0213786315700805,0,0,0.1787685425177705,0,0.0750599427918582,0.4003815224507414,0.5725013218169356,0,0,0,0,0,0.0135912031556089,0.0157020291496128,0,0,0,0,0,0.0684464361943538,0.1166540625426824,0,0.2932650155310515,0,0,0,0.2626192470822864,0,0,0,0,0.0869664130798088,0.2403350514441792,0,0,0.0566347347871283,0.2949585315133372,0,0.354414099190285,0.1538609487449124,0,0,0,0.2932057261125511,0,0.1436711996037959,0,0,0.1040451564074689,0.2213028110084943,0.105064141236199,0.3210426831464018,0.14038629812417,0,0,0,0,0,0,0,0,0.06167309603236,0,0,0,0.4355109589847303,0.2160622212901599,0,0,0.850292195704099,0.222272559841861,0,0,1,0.1217177853819816,0,0,0,0.5230075067145762,0.1894449407922779,0,0,0.3514289662003517,0.1641224202361011,0,0.2704650614397009,0,0,0,0.1181827479927656,0.2644381235006122
L3_ID2442,0.1605089960898554,0.1785428779349509,0.0598768032920785,0.1060287615738326,0.1308730234241315,0.1714803513160655,0.0488181461209047,0.0597026402704604,0.0688810792731418,0.1459584047363257,0.0358614364824811,0.3640087242895329,0.2543341421140397,0.2122375310142923,0.1090294181636814,0.299421296551815,0.0218082464570879,0.0192591801204784,0.0219148388915065,0,0.0072762258394272,0,0,0.1925943028251673,0.1692398986474484,0.3121777275621351,0,0.0874808439797213,0.113012868744884,0.2090478262512075,0.0519413540809878,0.0554703195286922,0.186298695016779,0.1367615544745383,0.2462448165033788,0.104694697404642,0,0,0.0674312136947243,0.1221334404367225,0.0771310729906014,0,0.0274577358672925,0.036117728765238,0.0570219137968391,0.0678740141453999,0.0506132950778987,0.075357281094598,0.0403483995907579,0.0677925303261536,0.0399805333930073,0.4745189155666949,0.1203020400810279,0.0388715124615585,0.0685982939792515,0.305169811835101,0.22735069036988,0,0,0.9316257639792735,0.0899349240634563,0.0746801624828169,0.0338020946902498,0.0344862930806283,0.0315035851748238,0.0732923478738058,0.0279844565999333,0,0,0.1334504798362249,0.0126647312356402,0.4123009796431162,0.3412561988714459,0.0313278148221642,0,0,0.3531629831323417,0.3255304429804358,0.037189973931891,0.7474928796177653,0.1946669984222959,0.165740513122684,0.291510869957185,0.0851644684443948,0.3331924235832522,0.214790211963371,0.1388362573584386,0.2215548385218451,0.1744978510792741,0.2993278725491934,0.3005839865200907,0.1594842060521352,0,0.4212740007329836,0.1417741603523609,0.2472211728127722,0.2829147595452306,0,0.1227385154915963,0.1698509154047627,0.2754824546319707,0.6683052294426138,0.1373448666665105,0.1221241955618742,0.1651997681019333,0.1137283529193032,0,0.0667200814249032,0,0.126895793430646,0.1057194390163183,0,0,0.697368283720747,0,1,0.2420272832221549,0.4605997244499589,0.1465956999167998,0.4645811393524707,0.2487109069086291,0.431103423540478,0.5887114660766014,0.7553001697473247,0.4311911964129538,0.2890673506734031,0,0.908951819997397,0.7886338752581221,0.3928198757675187,0,0.5326662826592363,0.6631535830518092,0.2392844277160452,0.2890464495076514,0.4033332489783036,0.1044800379622349,0.5521841873516372,0,0,0.518733995749769
L3_ID2444,0,0,0,0,0,0,0,0,0,0,0,0,0,0,0,0,0,0,0,0,0,0.0539622086137276,0.075297303532479,0,0,0,0,0,0.6084601921651065,0,0,0.1194876161629778,0,0,0,0,0,0.1564273684142953,0,0,0,0,0,0,0,0,0,0,0,0,0,0,0,0,0,0,0,0,0,0.3519179709493358,0,0.1251746533137695,0,0,0.1260027207396799,0,0.0634000095406297,0,0,0,0,0.820678053220112,0,0,0.3152067178872308,0,0,0,0,0.2498197850303535,0,0,0,0.2627303212613376,0.2049963680305672,0,0,1,0,0,0,0,0,0,0,0,0,0.2824358721923072,0,0,0,0,0,0,0,0,0,0,0,0,0,0,0,0,0,0.6120787692986076,0,0,0,0,0,0.4798544954351628,0,0,0,0,0,0,0.8060895781016205,0,0,0,0,0,0,0,0,0,0,0,0
L3_ID2451,0,0.1388037956025199,0.0551961649811959,0,0.1245087130386801,0,0.1490517070197531,0.0380010943523307,0.1279739354316798,0,0,0.5020981132616348,0,0.0574205893010778,0.0767605582269717,0.3955729932918276,0.0081238214903409,0,0,0,0,0,0,0.1706902432457466,0.0889014321127575,0.0849559343860042,0,0.1203086877872183,0,0.0724031268726647,0.236510866860146,0,0.0112528411682839,0,0,0.0579943703789344,0.024530271652238,0.0787812795790772,0,0,0.0153117301933334,0,0,0.0529188654214732,0,0,0.041828175934174,0.0228539543998491,0,0.0332815096980788,0,0,0,0,0.0751996377587365,0.0897898311210818,0.1013255997691665,0,0,0.1613521887942439,0,0.0110686331794752,0.0364376537027314,0.0117365844486008,0,0,0,0.0162765346765838,0,0.1879293522900764,0.2002541049976847,0,0.2421455040255876,0.2448063811035312,0.1161982449996633,0.3543692907773601,0,0.3960100235221964,0.0913930442260421,0,0,0.2343853502148716,0.1581073662451247,0,0.12140605138394,0.1933759660956061,0.1735285071151465,0.0412816365597993,0.0418539524786831,0.6224722985657891,0.0780064128524198,0.0823496176048407,0.0464593707585266,0.2898147507175825,0.2715086038775909,0.0827505868137074,0.0241105805071019,0,0,0.0859683727276355,0.0777713884014799,0.1884752440803745,0.0451414859174963,0,0,0.0646670173406394,0,0.0825679627076189,0.1017178117417397,0.0470509657950192,0,0.2996322790959579,0,0.1979356055777798,0,0.201127051009399,0.750289313582681,0.1065128048634254,0,0.1956195643006844,0.3094281485068297,0.0749007777074621,0.1121740873937592,0.3338760555593463,0.4230110712484736,0,0,0.1250451177222585,0.7597900735333878,1,0.0726856030468053,0.3323864502875284,0.4310151025025217,0.1268141339369219,0.0770288846890423,0.7348224802595327,0,0.2557152262839007,0.0579496493019227,0.7374708616846541,0.5687459065940702
L3_ID2456,0.0048045338575787,0.0534254841717392,0.0575513384590173,0,0.0500165061443842,0.037646472915276,0.063514773593948,0,0.0371792586821062,0.0501288760977503,0.0118011763796903,0.0581672401223622,0.1275989743353074,0.1079294252218644,0.0378870388398379,0.0431336614352916,0,0,0,0,0,0,0.0016664724660043,0.121701991129706,0.102894510614399,0.1579263256384635,0,0.056509020640191,0.1402495049685975,0.019405872853547,0.0550384557650623,0,0.0178710320938307,0.0071834459140512,0.0437820509596367,0.0357863923780694,0.3052253552593293,0.0621926083194909,0.0048815437329904,0.0334138996246984,0,0,0.0120952356205382,0,0,0,0,0,0,0.0172696778253458,0,0.0771466649432126,0,0.0905420047560261,0.0954694813726614,0.0064308915142921,0.0174453104912129,0.036938016250311,0,0.080539396380801,0,0,0.0212166146492592,0,0.0034820271468811,0.0035750502371997,0.0036686887599783,0,0,0.0599879021210446,0.5335805731958295,0,0.2752249705577554,0.1524022302360076,0.0363209516973189,0.4567372154525242,0.1164917911413015,0.1809081580726532,0.2277643000065997,0,0.0887069238738796,0,0,0,0,0.0329566735629748,0,0.0846510123428713,0.0241635047448453,0.1380335797235898,0,0.1240499451392446,0.2071408632390662,0.0174893052112857,0.0847656783393235,0,0,0.0345839599460411,0.0329330077892553,0,0.1494886298255324,0.1058556762139492,0.1054157608734438,0,0,0.1532645123061343,0.6146485795302196,0,0,0,0.029534588239836,0.0935165686413978,0,0.0400911460660899,0,0.0722711863346932,0.1162141059328119,0,0,0.4254161522869047,0,0.2041116144667638,0,0.0303324276987036,0.321902809939139,0,0.0558624535206073,0.1672042689912247,1,0.5103110217068882,0.4425809791715363,0.5809636067553324,0.5500879749968446,0.7495194458829217,0.6242769938331522,0.2382527874041907,0.336700672881115,0.179010406007652,0,0.7512221241739196,0.1183116640769544
L3_ID2460,0.0035805356987934,0.024452737871191,0.0071318996988975,0.0034285826065305,0.0058542885158188,0.0033872526944145,0.0067493385735952,0.0042207870607882,0.0033068221921352,0.0028369538433032,0.0011291961761111,0.0131059672454963,0.004535877943113,0,0.0186402277176462,0.0083433216420236,0.0035904664946689,0.0017375634401259,0.0002472505171735,0.0019618421025175,0.0011529839480785,0.0024592105798865,0.0027051157744783,0.0033603768983749,0.0109647032167144,0.0043462332249756,0.016465858448069,0.0025098494089534,0,0.0103865847187722,0.0029842059931642,0.0056501975921966,0.0550329095940475,0,0.001633106804397,0.101813530292208,0.0138014163729386,0.0345173246990173,0.0399149627323789,0.0043172174673715,0.0302073446906472,0.034245977631236,0.0051358667369101,0.0378941088971722,0.0368113782918948,0.0142997449067958,0.0198216623653058,0.0157902736223707,0.0065393579214202,0.0198181581196469,0.0132621293585471,0.0052297918297834,0.0870381560016358,0.0236344492294754,0.007127400989192,0.0134237058321828,0.1684802334061938,0.0159428331933354,0.0099080232155617,0.2320643113390656,0.0884990972728594,0.0726542577069351,0.0091519956553483,0.0129811504128314,0.0155341255481592,0.0187901395108857,0.0142196473085866,0.0059250750544201,0.0020397535025151,0.0122419278793727,0.0034084923403149,0.0082089599479338,0.0098508630373871,0.0020179745262971,0,0.0193167544897341,0.0074807817725166,0.0097265196682885,0,0,0.0063579781602589,0.0092194501502712,0.0076152096811893,0.0027550215005284,0.0156784412936237,0.0102451615031014,0.0203281863454763,0,0.0063270993118021,0.0141481710102141,0.0036873884565177,0.007030164434711,0.0041460431020475,0.0118970694402415,0,0.0920723783730358,0.0193932062573411,0.0046923494481972,0.0423468181013163,0.0261334201098295,0.0435032739569061,0,0.0030418762580151,0,0.0083372665235059,0.0127301192096235,0,0.0183404468333619,0.003361926202421,0.0445286031109602,0.0268212047528075,0.0487746045970252,0.0281307806594377,0.005729901784958,0.0069757153921248,0.0065026546800387,0.0429458086956268,0.3674812689946529,0.0434454750716929,0.2706440165751461,0.159797425495801,0.0060406128363097,0.5627782353254288,0.4088806911875686,0.0303551555626747,0.0858700619076524,0.0601056439489864,1,0.0135342419958202,0.0070861979395291,0.0155050868278066,0.0081928311302824,0.0755293404560465,0,0.0042144117097965,0.0086912411871825,0.0388896337248173,0.0085877250877656,0.009992391141645,0.0031006103509658,0.0144972340753601
L3_ID2469,0,0,0,0,0,0,0,0,0,0,0,0,0,0,0,0,0.0261259357151479,0,0,0,0,0,0,0,0,0,0.4541873192994423,0,0,0.1918875867697973,0,0.3585213066195081,0,0,0,0,0,0,0,0,0,0,0,0,0.3408894107796684,0,0,0,0,0,0,0,0,0,0,0.1300252477836939,0.2183962029172662,0,0.5948604402531389,0,0,0,0,0,0,0,0,0,0.0253069484573513,0,0,0,0,0,0,0,0,0,0,0,0,0,0,0,0,0,0.2593202928762068,0,0,0,0,0,0,0,0,0.2575509841414604,0.3295509956373209,0,0.2141181621184572,0,0,0,0,0,0,0.484608431830505,0.4664431041122609,0,0,1,0,0,0.9223666336480004,0,0.8352220712858311,0,0,0,0,0,0.4805300358096055,0,0,0,0,0,0.4560698143610122,0,0,0,0,0,0,0,0,0,0,0,0,0,0
L3_ID2482,0,0,0,0,0,0,0,0,0,0,0,0,0,0,0.6403274461159096,0,0,0,0,0,0,0,0,0,0,0,0,0,0,0,0,0,0,0,0,0,0,0,0,0,0,0,0,0,0,0,0,0,0,0,0,0,0,0,0,0,0,0,0.3774075410332385,0,0,0,0,0,0,0,0,0,0,0,0,0,0,0,0,0,0,0,0,0,0,0,0,0,0,0,0,0,0,0,0,0,0,0,0,0,0.1508072416873271,0,0,0,0,0,0,0,0.7303582451414121,1,0,0,0,0.3485364882617524,0,0,0.1017250843026429,0,0.2011589305201744,0,0,0,0.4032577000607539,0,0,0.2990921207010116,0,0,0,0,0.4840623869995564,0,0,0,0.2603950465069749,0,0,0,0,0,0.6213688987877221,0,0,0,0
L3_ID2496,0,0,0.0496729822257059,0.0259806900550975,0.0805167377775811,0.0397982571927579,0.0796154575467262,0,0,0,0.0203725098426105,0.1390520215183729,0.5077532397847697,0,0.6401188409770163,0.1702436565364071,0.0120467804749367,0.0390734345975694,0,0.0318670951663898,0.0033739891891842,0.0464161007862907,0.0077300815026213,0,0,0,0.1620445301162782,0.0935222268873581,0,0.0338219720635624,0.0362908388901089,0.1085693549763256,0,0,0,0,0,0.1065048259736173,0,0,0,0,0.026102080513155,0,0.0865200664659577,0.0573003825283303,0,0,0.0675919593351946,0,0,0.0747506119581562,0,0,0.0732256875162837,0,0.0486347440949133,0.0490400530744459,0.1190984013320272,0,0,0.0123836694016421,0.0178152230740903,0.0116621647451418,0,0.0095056234019447,0.0028849716123244,0.0066293041651741,0,0,0,0,0,0.3173679092959896,0.22934367049237,0,0.0766062061597913,0,0,0,0,0.1606299177735455,0,0.0888313899241714,1,0.1238782738197012,0,0,0,0,0,0.0674509345670008,0,0.1482496152090153,0.1369154800572109,0,0.3362271907929325,0.1720593554271498,0.0567430882373039,0.0704412250140663,0,0.0638492849267591,0.0795393826646812,0,0,0.4892627587910146,0,0,0,0.1641967968013638,0,0,0.1486123087428218,0,0,0,0,0,0.4278519991832569,0,0.0620747480763658,0.4090909625561856,0,0,0,0,0.2781552811321078,0.0973320601803284,0.053055429889277,0,0.5040472427499401,0,0,0,0,0,0.1852262836503666,0,0,0,0
L3_ID2508,0.0261340154643981,0.3228186305481377,0.2848752924925544,0.0434734185175889,0.1901123400440444,0,0.4837645780281968,0.0403433714238151,0.2870653708496495,0.1099840168599051,0,0.702470527166009,0.0377655689372746,0.1678341127433777,0.0217789927473793,1,0.0261300495476847,0,0,0,0.0203192828769909,0,0.0103505058303685,0.5049622293528303,0.1016777885017267,0.0331747228976811,0,0.303087203419453,0.2484471329173516,0.0837682911177197,0.3049482997148357,0,0.0883640573727358,0,0,0.0699442022784092,0.0869282715875629,0.2728726283880021,0.0259553710533985,0.0208681239245859,0.0194313575020594,0.2031853276350381,0,0.2463643573943352,0,0,0,0.0844727060902253,0,0.1618606164690343,0,0.0184487520623386,0.0799526330737326,0,0.2909954208038408,0.3434879474055989,0.1832241376002565,0.0912570015161203,0,0.0727362882023743,0,0,0.0838615846484519,0.0210025406158206,0,0,0,0.030242571949537,0,0.2575978412722145,0.0684332685682609,0.0468521750648836,0.2806125207163377,0.3131779331833258,0.1895696291287857,0.461356875940325,0.0746176385335606,0.0882035740742273,0.1308187372312973,0.047872562058045,0.1048130067790901,0.3125237924019083,0.1459403686745921,0,0.0727876716107932,0.2228762900197557,0.4063022927807277,0.1963610755982548,0,0.858070895817797,0.0340201107174883,0.1075721322171194,0.0736802817248426,0.1935786503995339,0.1420235053934732,0.1250677490116068,0,0.0641912311003619,0,0.0744322257304611,0.1547879074836897,0.2863553230360619,0.3076161811583163,0,0,0,0,0,0,0,0,0.0985097832472836,0,0.0499670029780564,0,0.1722648225021751,0.1742744516488075,0.1231713343936542,0,0.1985036868896857,0.5176643169766865,0,0.1267922659270099,0.2303966595876705,0.2463881776815955,0,0,0.1298788769376539,0.2547978576217062,0.5094403937838023,0.046592447798993,0.0404526076422917,0.1952642393636964,0.0525613476502265,0,0.1236700608138626,0,0,0,0.2065369238495904,0
L3_ID2509,0.0094797927210504,0.2017956509127879,0.1611366661955704,0.0111667141538938,0.2442506652081781,0.0412084510008424,0.2966969627584565,0.021456368438151,0.2247874481026816,0.1434239449996292,0,0.5061295245430815,0,0.2518937688575132,0.0095430313419685,0.701903698374328,0.0179679933172846,0,0.0025772148348713,0,0.0119622960285061,0,0.00914601178708,0.2288605334229987,0.0540733660678372,0.1173583583549798,0,0.2754854712006634,0.1080149091244849,0.0399457914489501,0.2458114188829304,0,0.057043659194047,0.0220708650906926,0.0326415096730844,0.0682802616033142,0.1102158892632974,0.0730767973674539,0.031518029382606,0.050023826332907,0.0290610511154689,0.0837170812220556,0,0.1130752522458884,0,0,0.0373990241132801,0.0584303325281896,0,0.0904692626120439,0.0033640685306925,0.052441103808028,0.0518338703278925,0.0168003569098968,0.2595367980445938,0.0732109907604112,0.0714812698198571,0.0213333397294755,0,0.1218340859060476,0,0.004223317572631,0.069372809032242,0.0196987086391955,0.0020747063104808,0.0014381370290238,0.0033600452432459,0.0346568492062784,0.0015295562202677,0.2472398531314633,0.1119057604873263,0.0409475383637217,0.2788763333453911,0.2276503728631121,0.1411783247392532,0.4930298765266052,0.041367790917658,0.2405033026097289,0.0860488915419977,0.0268465529748735,0.0811165490360536,0.3168777788156106,0.2150992386339222,0.0376526952961522,0.0404407087078308,0.2679089119860863,0.0813462278600119,0.1182467954365831,0.0164757619809249,1,0.0752417439802835,0.0900784536745685,0.0782905117967921,0.260526078736927,0.109687083152698,0.0518451544620409,0.0106738469401622,0.0309579925614382,0.0243692775382014,0.0771092573227616,0.1133773083812059,0.3627231898666379,0.2747536065220841,0.008245668501244,0,0.0191081562553616,0,0.0279341238431266,0.0455860062745598,0,0.024074785526902,0.0200475363781112,0,0.1343749443441186,0,0.1240460616377722,0.2621253045764964,0.0577266704284964,0,0.1678634249308401,0.4031857059253972,0,0.0438392800166378,0.1812838455426099,0.297231504,0.0232837947156678,0,0.0679232895553142,0.2191390889679876,0.774146977675455,0.0155379145395801,0.095480386183233,0.2313633835414924,0.0586833428585532,0.0664743968023616,0.1351297309867035,0,0.0752941654074408,0.0852391765763545,0.4190547541106712,0.0475144700749277
L3_ID2512,0.0365449440086697,0.1093952728814402,0.0944429111485803,0,0.0549554708197939,0.0444089502479004,0.0705179659869227,0,0.107668730157543,0.0422570486573389,0.0090448798913751,0.1913250921451387,0.1677029166323343,0.2307066727341903,0,0.2804832516478465,0.0197057072031663,0.0136704782646223,0,0,0,0,0,0.0756525014042409,0.1747672662577946,0.1066984284538141,0.1817951516796917,0.1985218211134864,0.1810181567980654,0.242520400614486,0.1671697902354961,0.151477983084012,0.0693450528299223,0.0270717351192747,0.0362312306851665,0.1050471071929782,0.1405415667686048,0.2081570856704314,0.1735087357286056,0.0758197440245008,0.291227869783376,0.0857114958152351,0.0626203603594176,0.0309623920048895,0.030952706200818,0.0418390464276941,0.0530600654988256,0.0425458212359753,0.0336642960012539,0.0620403315597585,0,0.265811537492279,0.5587065732921985,0.3599618101665217,0.2255458203372098,0.3280928505733851,0.3017866721474248,0.1498379124423213,0.1481526346943864,0.1214647818225688,0.0509461096626897,0.0256263685912757,0.0309488628705526,0.0291675069857357,0.0216088884513469,0.0170679255087679,0.0067491216412127,0.0237789288646623,0.0241516026065614,0.2254668894599545,0.2226000318869188,0.0907931063781188,0.3063827266114634,0.5067461745728239,0.3254704291518981,0.1453727326912915,0.342782523991183,0,0.1353221581890977,0.2006782245566445,0.0535607310828863,0.1305890901221457,0.2036950756730125,0,0.1546757589216687,0.1863157419337153,0.1990585687331459,0.242149756108725,0.411198180988341,0.195606554581825,0.0186118523073928,0.2595419654674362,0.3177701948533409,0.4507355609858829,0.262925853990203,0.4183517611841185,0.0959439319215887,0.3805941978390401,0.5144694838751985,0.3958926445056967,0.2680630054573367,0.6993451666200646,0.322418413832182,0.1127505072327999,0,0.0484814336376692,0,0.2068976924867787,0.2677685875073959,0,0.2201485585677862,0.1391875082112668,0,0.4546648036112144,0,1,0.4069336747272993,0.1174520984426928,0.1748872695986347,0.3657539049518806,0.3529175102357362,0,0,0.762193143375162,0.4364895808513627,0.4930401840338082,0.1413146135014298,0.1063992478487644,0.3531019497724213,0.624400892493481,0.1883383938115367,0.3698045932763154,0.4108352000640948,0.6776572911186136,0.201687955587884,0.3989979397724987,0.1537914698864901,0.2690963491468034,0.3112836552000121,0.3330789532500984,0.1473333256082291
L3_ID2517,0,0,0,0,0.1874778195746355,0,0,0,0,0,0,0.450415480902725,0.5733948007372273,0.3006970524281753,0.3139377619985798,0.7330913751101699,0.0427507611404442,0.0689889375468685,0.0474504485539062,0,0.0925330767670029,0.0688613952411576,0.101343879768124,0,0.2296012660636044,0.1538865859319055,0,0,0.9330256127084934,0,0,0,0,0,0,0,0,0,0,0,0.1127235784284807,0.130877274896481,0.0496753629451105,0,0,0.0917948275792355,0,0.1150861727992896,0.184042568687911,0,0,0,0,0,0,0,0,0.1559187224199402,0,0,0,0,0,0,0,0,0,0.1169857451207729,0,0.3075371249648405,0.7055845891830128,0,0,0,0.2452053216639888,0.1081904386050491,0,0,0,0,0,0,0,0,0,0,0,0,0.7083395496410749,0,0,0,0,0,0.2864004949960753,0,0.0654950378053459,1,0,0,0.1005743622120095,0,0,0,0,0,0,0,0,0,0.3072220760950715,0,0,0,0,0,0,0,0,0,0,0,0.2419956074074819,0,0,0.4643546114393816,0,0,0,0,0,0,0,0,0.1886638470289608,0,0,0,0.536626226020906,0.611019022782945,0
L3_ID2519,0,0.3744486095631355,0,0,0.0870581913817259,0.0612849377793721,0.0284742069288131,0,0.0414256137174721,0.5055347970068165,0,0.0478157188249632,0,0.8698484985004877,0,0.0793972104709456,0.0396879198885033,0,0.0538082553725782,0.0063162260489943,0,0.0071010729611731,0.0134051434701626,0.0428495405614169,0,0,0,0.3693609090660892,0,0,0,0.2987092439388384,0,0,0.1646329823601905,0,0,0.0816666555654035,0,0,0,0,0.1445998564350496,0.0363874983540242,0,0,0.0284043101434778,0,0.1219644602454862,0.0818142901655959,0,0,0,0,0,0,0.0330904003364341,0,0,0.0508383350623245,0,0.0193963110398987,0,0,0.0216131728591464,0.005113458038854,0.0090736068251797,0.0102856454574473,0,0,0,0.0673933811207332,0.0300794335632953,0.0415619716911935,0,0,0,0.0286602781276302,0,0.6581400426537367,0,0,0.2663750157461048,0,0.1941582738067746,0,0.028166803346394,0,0,0.0409671559493486,0.8653900360478752,0.8114460219867957,0,0.0347258085300007,0.1611837711146939,0.4968241726076113,0.3132347282546201,0.7277634075383237,0,0,0,0.593191248876729,0,0,0.1641519255921615,0,0,0,0,0,0,0,0,0.0440038393779467,0.0563465256352441,0.0376044910965064,0.3310707144482598,0,0,0.0809850486846503,0,0.4952236007266521,0,0.0637967114008532,1,0,0,0.01877672103004,0.0687063304062352,0.0681948519075641,0.0479736144690398,0,0.0999389396981095,0,0,0.0705789411795792,0,0,0,0.1875892660496267,0.2337010362931521
L3_ID2533,0.2626940150847948,0.2978287272224093,0,0,0,0.1558804099118739,0.387285913709486,0,0.1420565332883386,0.1939969748804893,0.0271300191319541,0,0,0,0,0,0.0218088750998386,0,0.0314136976098658,0,0.0823704628627994,0,0.0640724764684454,0,0.5071904490825099,0.514856092460993,0,0.3038256713530032,0.5385251837700475,0.2729105199728455,0.3983774354508447,0.155954956232649,0.2094877028014731,0.0731501202991097,0,0,0.3162316772017911,0.3117884651623397,0.1770745165564532,0.1519907699064178,0.3450175708055763,0,0.0803060003887102,0,0,0,0.1167449097096342,0.0381676761978858,0,0.1344812054077239,0.0929815113297595,0.6560604002847913,0.3859008378952248,0.5422512801615079,0.439101655605903,0,0.2423848672668941,0.5171308948140696,0,0,0.2812740726344066,0.0861639848060036,0.0358592657861289,0,0.0488525903238752,0,0.0306919436062688,0.0504128441425785,0.057147146675818,0,0.1958238217270876,0,0,0,0.4796396762745634,0.5647014633599228,0,0,0,0,0,0,0,0.0631211331021046,0,0,0,0,0,0,0,0,0.90199692974122,0,0.3801599211383453,0,0,0.4860785269538601,0.2758540093526989,0,0.2579383515848417,0.6107435304979827,0.8325868270602232,0.4017038940800144,0,0,0,0,0,0,0,0,0,1,0,0.6251805077990408,0.507124612768145,0,0.0986446724919321,0,0,0,0.4006701998822042,0,0.5194425083399236,0.8373675487681513,0,0.1481645885190929,0.4063013976615887,0.4134167213988521,0.45261017332691,0.6711856775266362,0.1960503311724304,0,0.2726883716905425,0,0,0.3532205488935163,0,0.3025021692474239,0
L3_ID2549,0,0,0,0.0466654378883201,0,0.3511027583136051,0,0,0,0,0,0.489969949855114,0,0.7948819721355989,0.5715288863819427,0.5591604659343556,0,0,0,0,0,0.0060857896047267,0,0.0710127168499998,0.7043038919574286,0,0.4520230440007388,0.5704860980718398,0.3821237658249918,0.0308264953798189,0,0,0.4842892769035399,0,0.3251268183556493,0.1184732135261672,0,0,0.5551012439273186,0,0,0.2023962902134319,0,0,0,0,0,0,0,0,0,0,0.5194062931333772,0,0.3002265256713766,0,0.1254775039679833,0,0,0.0468017008010306,0,0.0141111238416975,0,0,0.0073797573887642,0.0055356474489948,0,0,0,0,0,0.0932893973225405,0.1556319401388238,0,0.214307501653486,0,0.1024152487816317,0,0,0.6830509825500701,0,0,0.5694078259130193,0,0.082438177249105,0.5770914586620827,0.0587663547587826,0,0.2686325268102319,0,0.539162366581112,0.8468667301748365,1,0.0610767566229492,0,0.4759433683905584,0,0.9776603498262978,0,0.512842547510421,0,0.1590898622720852,0.2081179458606902,0,0,0.2566558249649951,0,0,0,0.2287994541771694,0,0,0,0.066784310697499,0.032048894329405,0.0420260539967612,0.2537571302992982,0.0515346381375501,0.0417475670955128,0.0902361361997334,0.2608739986159,0,0.0977359216105835,0.0461134312498515,0,0.1407671054376124,0.096475296573701,0.0222495059659615,0.4421474214048079,0.7145113613459031,0.0942538917275116,0.1581415602470534,0.6127585703457721,0,0,0.179054106354981,0.106394445321535,0.1031625004119345,0.1386269666520797,0.0913486947231761,0.110059920188164
L3_ID2550,0.1022543568643908,0.0906452139998214,0.058098138249497,0,0.0852410389635435,0.047815874727111,0.0424093451995898,0,0.0511394936566637,0.704694362930219,0,0,0,0.5893691209214597,0.0853487354143572,0.0532618897091319,0,0,0,0.013596429862094,0,0,0.0089899014335849,0.0135507821163236,0,0.0340040341830503,0.1328041165700304,0,0.2817342746786467,0.0820776470934902,0,0.1175221208382701,0.3778968177939107,0.3773285955828816,0.1107189363023949,0,0,0.3248433473501799,0.2085200031886324,0.3485267218360773,0.1513120497905798,0.1330383828338977,0.0941369394865954,0.0508715196127548,0.1130189485861763,0.2305269125311519,0.0685437095091141,0,0.1174534924718867,0.0773398398694409,0.142454506138387,0.274327591738615,0.1519545376713508,0.4592088322484057,0.2521816888049234,0.1284908982330939,0.1881120329670099,0.3785462531083027,0.2997061774603333,0.096153007238567,0.504464714314043,0.0251572813251846,0.0071071623631108,0.019813653958992,0.0129469220226339,0.0050448217460721,0.0058260921934623,0.013179929157738,0.0236522139734091,0.3180341062692622,0,0.1058457420886249,0.0499118716547882,0.04127381974033,0,0.1486257886460128,0.0784397297855584,0.1010204817979335,0,0.4068111082037033,0,0,0.146054478330685,0,0.0855515286060878,0,0.0654496310164101,0,0.659306299950775,0.0494358376954931,0,0,0.5242042298730901,0.0575235824944556,0.3492167936479854,0.1954327264430643,0.2035936289158895,1,0.5322436084059874,0,0.3602382083335305,0.1043073234994007,0.2303082929658492,0,0.1112569581392568,0.1893104989556989,0.2330859338246167,0.1867255445694935,0.2372257058877044,0.1998107363363295,0.2496633938464783,0.2024716333590129,0.2350998361184257,0.1149684823085699,0.1371880819411464,0.26854299792122,0.1368976560077662,0.0645594798540296,0,0.1819524124903357,0.1755484040577085,0.3268629468390165,0.1588579509155429,0.1443488085121394,0.674867892453488,0.1435821464850807,0,0.0844756571209128,0.1474968381690565,0.4370534027960905,0.0473682603006334,0.0826363540155837,0.1698072335720595,0.242912120414836,0.408618998128565,0.1770496860688324,0.253049766143994,0.2244469498460574,0.1880680911980028,0.2460473257680971,0.3686637608626269
L3_ID2566,0,0,0.0183619929360828,0,0.5657576267241935,0,0.7972837224395329,0,0.152408609738781,0.3433061898556233,0,0,0.9098771997978172,0,0,0.979856187885008,0,0,0,0,0.026901931396357,0,0,0.2953013196088133,0,0,0,0.1059693437644515,0,0,0.1126074408307759,0,0,0,0,0,0.0684583909794318,0.029709476171673,0,0.1730664308263964,0,0.1005728498685137,0,0.0992963881100727,0,0,0,0.0455405208405195,0,0.0574882948605778,0,0.0342394489364447,0,0,0.0584396558214572,0,0,0,0,0,0,0,0.0670885985730925,0.0401656398051724,0.0049322162651518,0,0,0.0183235605155893,0,1,0,0.0257966638444472,0,0,0.0712886991904439,0,0,0.1245353896854119,0,0,0.5653647023727191,0.2324836612168568,0,0.1476589846889499,0,0,0,0.2467856664900271,0,0,0,0.2409276328658871,0,0,0,0,0.0842587426233003,0,0,0,0.208596996880705,0,0,0,0.0977324165745335,0,0,0.1167906216768281,0,0,0,0,0,0.0486335630599319,0.0440585502693159,0.1399207068522871,0.3537116270914505,0,0,0.1033147624108418,0,0.3545038631751255,0,0,0.4425911332281295,0.2054108267555008,0,0.0940499044878945,0,0,0,0,0,0,0,0.0788066327799763,0.1014587601891734,0.0437535204043111,0,0.2208812710114006,0
L3_ID2630,0,0,0,0,0,0,0,0,0,0,0,0,0,0,0,0,0,0,0,0,0,0,0,0,0,0,0,0,0,0,0,0,0,0,0,0,0,0,0,0,0,0,0,0,0,0,0,0,0,0,0,0,0,0,0,0,0,0,0,1,0,0,0,0,0,0.0935986278769663,0,0,0,0,0,0,0,0,0,0,0,0,0,0,0,0,0,0,0,0,0,0,0,0,0,0,0,0,0,0,0,0,0,0,0,0,0,0,0,0,0,0,0,0,0,0,0,0,0,0,0,0,0,0,0,0,0,0,0,0,0,0,0,0,0,0,0,0,0,0,0,0,0,0,0
L3_ID2636,0.0698700438110615,0.170184187624076,0,0,0,0,0,0.2046736276745505,0,0,0,0,0,0,0,0,0,0,0,0,0,0,0,0,0.2915016938885778,0.078132492909734,0.057395577595587,0,0.1974761463859818,0.2348538390346739,0,0,0.1233347828593597,0,0,0,0.3796761242293719,0,0,0,0,0,0.0250764171026383,0,0,0,0.0259208635838561,0,0,0,0,0.1874563940395302,0.1723271378239294,0.5580787760278612,0,0.0773603698914383,0.1175348279028701,0,0,0,0,0,0,0,0,0,0,0,0,0,0,0,0,0.1322440247418381,0,0.5412212941838698,0,0,0.4754689913486377,0.2730364508393767,0,0,0,0,0,0,0,0,0.3773763207746492,0,0,0.0689213111044983,0,0,0,0,0,0,0,0,0,0,0,0,0.1713383312669129,0.4357476567810465,0.1421034314371342,0.2513310967016097,0.3184884716451504,0,0,0,1,0,0,0,0,0.8991045131714749,0.2065165055522005,0,0,0,0.2627394226223276,0.1577903716029309,0,0,0,0.5714721017159246,0.1410092855089573,0.3505465470209727,0,0.3464599020131126,0,0,0.09229387141937,0,0,0,0,0.1517076217230854,0
L3_ID2675,0.2499206264338228,0.3710069767894788,0.3495306394826901,0.3672405678664202,0.3991933661337246,0.3260370285035621,0.3999527892642842,0.3717848882651694,0.3820301185936621,0,0.0442869675724072,0.7542588419764165,0.7997025512354532,0,0.8712138165860621,0.7245545709803628,0.0498124879883173,0,0,0,0.0317398492784171,0.0340295195770215,0,0.2900885888004633,0.6760398672109635,0.3489148742388314,0,0.463586549708247,0,0.2737180893459728,0.6735339040880693,0,0,0,0.2698305760205842,0.2558922241097942,0.3033729355982727,0.4192422653950727,0,0,0,0.4209620259955778,0.1814879346667357,0.3374437403102698,0,0,0.2805323880897024,0.2656651633460221,0.2192187656749013,0.1827927065614379,0,0,0,0,0,0.380889353248749,0.4008492960097511,0,0,0.3534213164969505,0,0.0150728056676952,0.0784713521599348,0.0787582028538471,0.0493171503412971,0.0447252630047479,0.0425328305640318,0.0454305463611445,0,0.6474561506980648,0,0.0492656176678208,0.5537315405931483,0,0.6939272148072858,0.625025676981188,0.6211791365846363,0.5853211548422101,0.9101050266618014,0.8260345480796191,0.8649080277175433,0.5682148737978672,0.8902650801507657,0.8429255001912682,0.1278932480196111,0.670186893513379,0.4686111536764109,0.888922022453165,0,0,0,0,1,0.6150633757504201,0.6901583024933956,0.6235662690271483,0,0,0,0.5235328384244494,0.5974232896741972,0.4071064697173309,0,0,0,0,0,0,0,0,0,0,0,0.25265235406931,0.0707207795035403,0.3669306210953993,0.3482720540004828,0.277907525385761,0,0.4745209819061341,0,0.5429815669591362,0.5013862813814969,0.4309900498482532,0,0,0,0.4413176667115899,0.9721167793238474,0.5770669556452428,0.3500601181269749,0.4223133977067654,0.4970472390309222,0,0,0,0,0,0,0,0.246310966523831
L3_ID2676,0.0062127360534929,0.037348792173652,0.085178502859753,0.0038524574806451,0.1682687094360659,0.0021537923753874,0.047301570066322,0.1397996992150718,0.0755155769780589,0.5002944539863311,0,0.0908000568336033,0,0.0023345287041659,0,0.1003716551222353,0,0.0070872078585458,0.0532504822634753,0.0062507524331569,0,0.0099526604664665,0.0008784379811814,0.0575353921558472,0,0.0566526708063106,0.261891180051876,0.0759942095786569,0.4256139691578826,0.0391765342838697,0,0.1731148226398245,0.5821851280558837,0.5662797768857315,0.0163084309732309,0.0029274510967342,0.1299902073224078,0.0808201039708695,0.3520970727461793,0.5072504495222203,0.2236083819783783,0.1981861851751219,0,0.1155698247375828,0.2606179885634506,0.3623215737417452,0.1118659640338399,0.178914647982523,0.1211402736958857,0.0839021938469909,0.2522818865371726,0.8926849371479274,0.3016021873403909,0.6966399576739598,0.368631146799401,0.1763088589478844,0.1741920289458771,0.5218423531669251,0.4691669054653485,0.0900998130452605,0.7678369056131188,0.0177325444188637,0.0115052326610244,0.0005613968524064,0.0226937812114887,0.0152969418173772,0.0040508514564389,0.0199076153329724,0.0363409165617365,0,0.6680554657142921,0.1201338725609485,0.1355413327378578,0.0411311428153987,0,0.0909677380566312,0,0.0429323985258322,0,0,0,0,0,0,0.161275255507195,0,0.0960024993565836,0,1,0.0630378584162374,0,0,0,0.1356353254813055,0.1595129499269587,0.3900880147819885,0.3214407315283726,0.7202194562300488,0.7971292438588234,0.2057290966825358,0,0.2660439574528839,0.327635183897561,0.660885022201396,0.1624503366952759,0.3037847188594627,0.4482562492878596,0.2752999175021783,0.4317069935827864,0.3446837437423095,0.395420121370094,0.3204619436603405,0.3581232061124301,0.2297512986749552,0.219701680807098,0.1491870184405159,0.1880325343404698,0.0976880074215443,0.2210897615270405,0.1977016988075446,0.1429629698578355,0.247069494690158,0.3692276937002892,0.1900960901961454,0.9896340606986652,0.2524702081742599,0.0382019116506025,0.0803520223268648,0.1161397572016817,0.1294340677684582,0,0.1478967810531518,0.2089619108013762,0.6333003337217615,0.5887320918362052,0.1582333812053461,0.2221672530514379,0.3358037682486319,0.2781974823568459,0.119080696183391,0.2034431870953385
L3_ID2678,0.253724774534829,0.5887978690558454,0.5647948241497956,0,0.6464130887983874,0,0,0,0,0.6727968632604584,0,0,0,0.9188750434946188,1,0,0.0646806095429172,0.0853057471423611,0,0,0,0,0,0.1581186723105057,0.5784916707098284,0,0.3218545002746334,0.7746303946992924,0.2028990742007828,0.338943314495404,0.5522286491843745,0,0.6393274949700806,0,0.4371721881742137,0.419599843852905,0,0.599702012382442,0,0,0.6641665978669448,0,0,0.2280713609565159,0.281723339730765,0,0,0,0,0.1867157420738008,0,0.8942298521428004,0.54738901285405,0,0,0,0.1118947485831969,0,0.4727811806937048,0.0161244459266229,0,0.0193359115086666,0.1283150981084034,0,0.0292014470466447,0,0.0507931382738696,0.0461628315769612,0,0.8213723603054632,0.3329265903197095,0.2448690486826832,0.6796253770319008,0,0.3304775322727243,0,0.8442038778916147,0.7178634613912925,0.8752568680029269,0,0,0,0,0.8750016493084026,0.0933144618287833,0,0,0.7769558253007302,0,0.7874120164651871,0,0,0,0.719772370936434,0,0,0.7622643986508468,0,0,0.919898934150938,0.9670514361800584,0.5720766621164604,0.7592196339703999,0,0.0775210880572353,0,0.2720557771597741,0,0,0,0,0,0,0,0,0.1479553394144747,0.2285093701451429,0.1747866006981004,0.2439574288054822,0.4998295557573681,0,0,0.6552374895716586,0.4658833017231597,0,0.0920845224846916,0,0.2708795228041862,0.6417791094450898,0.790032013547325,0,0.4055403850597917,0.2730498860186524,0,0,0,0.1178395746933134,0.0426853590563241,0,0.2249763483284683,0
L3_ID2680,0,0,0,0,0,0,0,0,0,0,0,0,0.283831339015845,0.7081775134951421,0,0.2282026872115164,0,0,0,0,0,0,0,0.2286307528469183,0.178803716532577,0,0,0.160183597718443,0.5205412524548657,0.0916014569553131,0.0783447653747514,0,0,0,0,0,0,0.8503631469834917,0,0,0,0,0,0,0,0,0,0,0,0,0,0,0,0,0,0,0,0.3263546997343515,0,0,0,0,0,0,0,0,0,0,0,0.1875789653690631,0,0,0.1238625476291259,0.1723588423184524,0.274089249714008,0,0.1906334755567783,0.1457325409852355,0.908018710471202,0.8653300185679066,0,0.1402008744516529,0.1041686797864958,0,0.1125874874110592,0.0646212655189226,0,1,0,0.2879099222689808,0,0,0,0,0,0,0,0.7991924275595192,0,0,0,0,0,0,0,0,0,0,0,0,0,0,0,0.123794151139166,0,0.2605994626576585,0,0,0,0,0,0,0,0,0,0.6628398151230084,0,0,0,0,0,0,0,0,0,0,0,0,0,0,0
L3_ID2692,0.151423504397762,0.0229739521603369,0.0597435759799303,0.1101450672503496,0.0796670209401653,0.0560686295307557,0.1044807544830349,0.1290646409311573,0.0432323641407701,0,0.002056650072198,0.0966929860383968,0,0,0.0517791871618221,0.0173874570131922,0,0,0,0,0,0.0021642130637348,0,0,0.0159371070898847,0.1055465744950635,0.0513035728587156,0,0.0078615876578437,0.0540475389595449,0,0.0259863086540227,0.0294387395583713,0.0172028746180393,0.1778300491769242,0,0.0215645146104573,0,0,0,0,0.0261849971605594,0,0.0535467196793556,0.0370849556235253,0,0.06758202605778,0,0.0078936087682338,0.0051817865841498,0.0249932403205463,0.1163156955691785,0.0174732153817713,0,0.0495975123667922,0.0722445001257559,0.1499636462957587,0,0.0338017120313042,0.3118210039201383,0.1253918624065071,0.0324292774088515,0.014250405292611,0.0137114285295008,0.0146328281688902,0.0139039168467797,0.0356859922755737,0.013579562272299,0,0.0623990607331313,0,0.1909832989096952,0.026624310572841,0,0.0129630154170973,0.1700372157746539,0.021058071450243,0.1148951262798165,0,0,0.195373669425377,0.0529592272643413,0.0186018109063866,0.0843109814426425,0.3569989840580638,0.0708398857917606,0.0748668546404084,0.0065845617314551,0.0493148350536488,0.0648043949933914,0.1055604988197471,0.0241667504253475,0.0151171045777818,0.028189437544155,0.0139874144434374,0.0221803333410613,0.0405341539587671,0,0.0745133933940512,0.0340457358213842,0.1131521179946035,0.066772219236357,0.065998630171352,0.0762501434688925,0,0.0658146898422817,0,0,0.0569187559671049,0.0184211466614849,0.0779634852067936,0,0.0285637678721318,0.3743606597973177,0,0.0218763401920766,0.3446766123940584,0.4715243112172279,0.101449956947922,0.5223036158307287,0.8949731663952235,0.1307789322151729,0.7107237095811956,0.0549761289654861,0,0.2163327176538459,0.1192992973484071,1,0.1300131175647829,0.1090214941522903,0.1012487446699135,0.0763776883645318,0,0,0.0516632632909632,0.020529823184361,0,0,0,0.0423614778978072,0.2486197687211443
L3_ID2695,0.4367822846960011,0.1503420190162872,0.3814482784403155,0.3046584919062395,0.3750540954802048,0.3051871347215472,0.4156545166797513,0.2718549727715678,0.0840989258165414,0.5493114508953606,0.0431557978802945,0.7704667993819083,0.8240340947325133,0,0.7434489015165676,0.6694405959101275,0,0.0623649357608384,0,0,0,0.0249837532867272,0,0.1727183757648261,0.5638970179570576,0.4070341071940384,0.2029253305419517,0.2123658952982666,0.4534700113399877,0.3700728251523421,0.3750029222276222,0.2394990965394345,0.6107828080800528,0.5831869104140964,0.2785612920109163,0.2968754221341608,0.2465730307675053,0.433657588445674,0.3922721098608047,0.5673233890363503,0.2478423617082258,0.5665936421299239,0.1522909516866674,0.4050544849028624,0.1906921255623263,0.385715204306703,0.3746618191334255,0.164612633494087,0.11613834785101,0,0.2444441536755268,0.944806310516281,0.3372581903373335,0.8503655962216656,0.3988077062070856,0.5730842897553803,0.5132897491495009,0.5657099206200855,0.4975679589268134,0.3715158448290901,0.7893293954914202,0.0662890084676062,0.0828816217428689,0.0430021371515446,0.0332965219883609,0.0442366396874649,0.0287279617929642,0.0570034627462708,0.0619028686430645,0,0,0.4680980535097885,0.5587749697808018,0.1044806970977108,0,0.7174859620920409,0.7907531994965544,0.5470789686841876,0.7455837102944658,0,0.5650614228569293,0.6519670766508405,0.2208671726045833,0.7077471805799593,0.5429309008436453,0.4953036998267848,0.5500737971512953,0.732313980584944,0.2962093536206961,0.6887718076688225,0.9001662367440527,0,0,0.1389292901915336,0,0.8398801201291014,0.3287214226076987,0.7865278452777051,0.8596128453400127,0.6794398046032873,0,0.2184334803793288,0.7861820130347552,0.5174552568943387,0.1845835109100651,0,0.4220587934751454,0.365465874113674,0.3598299998753848,0.3356916021782746,0.4078313207970391,0.1819670143432153,0.3646257430184306,0.195355514847907,0.2161538001420614,0.1590625319326579,0.1138808553590788,0.3238803693596022,0.5575513352524082,0.2217931854150311,0.1560601891659501,0.2673238376512518,0.5643851857390307,0.4745534910962403,1,0,0.6059301406906177,0.39702330928259,0.5706053746557503,0.0949549297793063,0.5228841701247399,0.4761371764676561,0.600815619275487,0.6411432203073012,0.6014450384438047,0.139468877341209,0.2360369359602228,0.3164305207671314,0.175743479507022,0.1522732033596271,0.2137243167968896
L3_ID2697,0,0,0,0,0,0,0,0,0,0,0,0,0,0,0,0,0,0,0,0,0,0,0,0,0,0,0,0,0,0,0,0,0,0,0,0,0,0,0,0,0,0,0,0,1,0,0,0,0,0,0,0,0,0,0,0,0,0,0,0,0,0,0,0,0,0,0,0,0,0,0,0,0,0,0,0,0,0,0,0,0,0,0,0,0,0,0,0,0,0,0,0,0,0,0,0,0,0,0,0,0,0,0,0,0,0,0,0,0,0,0,0,0,0,0,0,0,0,0,0,0,0,0,0,0,0,0,0,0,0,0,0,0,0,0,0,0,0,0,0,0
L3_ID2749,0.1416107826737075,0.0336677809930433,0.0563056417091219,0.2001951426261412,0.0729913019522456,0.1700321099112111,0.0995805916504866,0.1572688718176242,0.0460334566191606,0.0328269411317029,0.0495405932639546,0,0.1595942706953844,0.0848159880884301,0,0,0.002534494047442,0.0385875019453362,0,0,0.0172037525266592,0.0133978190088801,0.0128695624717722,0.0437641360359786,0.2186730193857862,0.2582024156969302,0,0,0.1453616156661035,0,0.0446456210542007,0,0.1733772972778706,0.2440906829753058,0.3200959716070128,0.0134941367205953,0.1580543198991981,0.2216837569836272,0.0129708234064978,0.0105208347437996,0,0.0885775893978322,0.0219079048605628,0.0574268540613773,0,0,0.0657483223412926,0,0,0,0.0456102754044331,0.2721089848907264,0,0,0.0220219794202474,0.0084377700581595,0,0.071560709485534,0,0.1768051914882793,0.1465220020720725,0.0779432914721699,0.0645771130451354,0.0214351480625792,0.0769188927357621,0.0336834814602404,0.039635051573397,0.0022825209659092,0.0155099296768394,0,0,0.4097333627089963,0,0.1440183300087456,0.12640810515205,0.0927000080230486,0.0208050623159301,0.045554054151529,0.0187554517817938,0.2458678214752716,0.3310124492659226,0,0,0.5781081372822087,0,0,0,0.1207917148228861,0,0.0449557137836862,0.2893373746382826,0,0.2609448746955449,0,0.114026218918121,0,0,0.4113733042293235,0.0200502693352625,0.0163837629819318,0.1677867714733291,0,0,0.3156207017687279,0.0543838051851925,0.1285260571284091,0,0.2409792966114767,0,0,1,0.0399294382992756,0,0.8973873144464356,0,0.1945877576629289,0,0.3252918700321795,0.1350500232023024,0.1626347767776526,0.120496690618968,0.2516795315956894,0.5151109819211861,0,0.289540567204232,0.170261367894366,0,0.2723496890056266,0,0.4257753346427522,0.1906753635333202,0.2965668058636084,0.2113347581626611,0.0992388480572516,0.4592666370379106,0.0131066521007416,0,0.2341396618525421,0,0.2010383900348167,0.1422434266364962
L3_ID2850,0,0,0,0,0,0,0,0,0,0,0,0,0,0,0,0,0,0,0,0,0,0,0,0,0,0,0,0,0,0,0,0,0.2814432652836116,0.3597389875399727,0.7916867230431693,0,0,0,0,0,0,0,0,0,0,0,0,0,0,0,0,0,0,0,0,0,0,0,0,0.3684918214039909,0,0.1277359821021519,0,0,0.0996595977389787,0.0651686538660481,0.0391605833215578,0,0,0,0,0.5126510183961709,0,0,0,0,0,0,0,0,0,0,0,0.4453754047852692,0,0,0,0,0,0,0,0,0,0,0,0,0,0,0,0,0,0,0,1,0,0,0,0,0,0,0,0,0,0,0,0,0,0,0,0,0,0,0,0,0,0,0,0,0,0,0,0,0,0,0,0,0,0,0,0,0
L3_ID2895,0,0.2613664524510779,0.0853810358245785,0,0.2924613619945971,0,0.0747841945539658,0,0.2093518040786318,0,0.0186871625120256,0,0.2753616316767223,0.6870450469245051,0,0.2213929741566271,0.0262719632648589,0.0579942086286042,0,0,0.0389009307548802,0.0134035214188842,0.0450167250310245,0.2218082660417224,0.935275885887713,0.0586351820472682,0,0.2938907687528018,0.6141189110102094,0.114113165530609,0.076006907840847,0,0.0813140197760734,0,0,0.0417502700688861,0.3046753550899311,0.9183737500546948,0.0328406233364224,0.1905753600427815,0.0474119538486706,0,0.1174180512808198,0.0590154598202034,0,0.1074305823385974,0,0.0587997791767623,0,0.0484032752541395,0,0,0.1173002370556563,0.1176801071131821,0.137478282212952,0.079935440345919,0.1026604368506383,0.7219369362452707,0.0883478826680139,0,0,0,0.0772774503419025,0.1119063852978158,0,0,0,0.0293100578421343,0.0163557997820053,0.1819814899628582,0,0,0.2244225470027231,0.167215545046174,0.2659102525041623,0.6719626760585332,0.1849448516274962,0.1413837894477502,0.8809228557188508,0.6382132725075589,0,0.1360171913551633,0.1010602202529094,0,0.1092278053134963,0.0626929259327204,0,0.9701593651761974,0,0.2793185074164027,0,0,0,0,0,0,0.0911584953679304,0.8828686320515919,0.1386766497580896,0,0.378754901330331,0.2568161438446287,0,0,0,0.1580221917713644,0.3539164577675991,0.3070866803075939,0,0.1444425786270768,0.234726012704927,0.2347240716840234,0,0.1201000550816995,0.0694229360727868,0.2528230092572121,0.2753349696981382,0.3626420466516942,0.3025917954244206,0.5668274303400068,0,0.2269984982126444,0,0.0746998142623387,0.3795150743868481,0.6430602542532459,0.1779580206100919,0,0.5729928198678339,0.1086237220866762,0.2047978371167992,0.5851535250844553,0.5237536509953786,0.4274322276316173,1,0,0,0.1837426092562423,0.1570920170327254,0.5015946785836787,0.3453686923747693
L3_ID2903,0,0.3317363982574269,0,0,0.1071301206293453,0.042646942895682,0.2867154512368597,0,0.2132528706480295,0.1373936060741807,0.02791854655142,0,0.038840726072551,0.1643860825504988,0,0,0,0,0.0288740912253733,0.0020316286844783,0.0225797514765489,0,0.0262023555908622,0,0.4015942320514207,0.0225594910744188,0,0,0.2694887137483314,0,0,0,0.0810460544281272,0,0,0,0.1590693829486359,0.2226325648468783,0,0.2694934625999117,0,0.0945357404792567,0.0240946617406119,0.0669683070324465,0,0,0.0554878293811643,0.0086517801987168,0.0050237599372994,0,0,0.0470792098290878,0,0.0674245099627303,0.2814874896581475,0,0,0.1925274003823578,0,0,0,0,0.0782500288697425,0.0580626321449829,0,0,0,0.0742280995574135,0.0143421028628762,0.149181324188115,0.105825660226285,0,0,0.524985394825088,0.2827409244697448,0.0574243168973505,0,0,0.6441865639726967,1,0.1404868810846298,0,0,0,0,0,0,0.1279543260695118,0,0.0942499906169243,0,0,0.3769428779966318,0,0.4524983880105187,0,0,0.4072809654434913,0,0,0.3903264190272662,0,0.3939305026204163,0,0.0876925552876038,0,0,0.1547638080064851,0,0,0.3759226609236785,0.1315220809480725,0,0.2076259645981957,0,0,0,0.1914309396785151,0,0,0.2484794996007362,0,0,0,0.770218726863677,0.3021309767326578,0,0.148049361724872,0.1190472654180309,0.326808957106997,0,0.2710739581887526,0.1008777335126587,0,0.7256772500992182,0,0,0.1868950331532066,0.4610011862958754,0.4314914950688253,0.301521224189746
L3_ID2944,0,0,0,0,0,0,0,0,0,0,0,0,0,0,0,0,0,0,0,0,0,0,0,0,0,0,0,0,0,0,0,0,0,0,0,0,0,0,0,0,0,0,0,0,1,0,0,0,0,0,0,0,0,0,0,0,0,0,0,0,0,0,0,0,0,0,0,0,0,0,0,0,0,0,0,0,0,0,0,0,0,0,0,0,0,0,0,0,0,0,0,0,0,0,0,0,0,0,0,0,0,0,0,0,0,0,0,0,0,0,0,0,0,0,0,0,0,0,0,0,0,0,0,0,0,0,0,0,0,0,0,0,0,0,0,0,0,0,0,0,0
L3_ID2969,0,0,0,0,0,0,0,0,0,0,0,0,0,0,0,0,0,0,0,0,0,0,0,0,0,0,0,0,0,0,0,0,0.3459906356967102,0.6195373893326043,0.8619373779790125,0,0,0,0,0,0,0,0,0,0,0,0,0,0,0,0,0,0,0,0,0,0,0,0,0.5470998334181729,0,0.2044872092683868,0,0,0.1516224992308209,0.2035397935360038,0.0888526171501895,0,0,0,0,0.2261980917932543,0,0,0,0,0,0.3567986475301519,0,0,0,0,0,1,0,0,0,0,0,0,0,0,0,0,0,0,0,0,0,0,0,0,0,0.9540079116326384,0,0,0,0,0,0,0,0,0,0,0,0,0,0,0,0,0,0,0,0,0,0,0,0,0,0,0,0,0,0,0,0,0,0,0,0,0
L3_ID2974,0,0,0,0,0,0,0,0,0,0,0.0656569821382931,0,0,0,0,0.1811075621058246,0,0,0,0,0,0,0,1,0.1485649061555759,0,0,0,0,0,0,0,0,0,0,0,0,0,0,0,0,0,0,0,0,0,0,0.2063298768642354,0,0,0,0,0,0,0,0,0,0,0.1598489733130077,0,0.2138087279001659,0,0.2051786518204676,0,0,0.0643135606935365,0,0,0,0,0.1311787683999018,0.2276248651608321,0,0,0,0,0,0,0.1193250395248731,0.2558662709633361,0,0.3254249492111694,0,0,0,0,0,0,0,0,0,0.2405106998503863,0,0,0,0,0.2358323376601073,0,0,0,0,0,0,0,0,0,0,0,0,0,0,0,0,0,0,0,0,0,0,0,0,0,0,0,0,0,0,0,0,0,0,0,0,0,0,0,0,0,0,0,0
L3_ID2990,0,0,0,0,0,0,0,0,0,0,0,0,0,0,1,0,0,0,0,0,0,0,0,0,0,0,0,0,0,0,0,0,0,0,0,0,0,0,0,0,0,0,0,0,0,0,0,0,0,0,0,0,0,0,0,0,0,0,0.6824803116808577,0,0,0,0,0,0,0,0,0,0,0,0,0,0,0,0,0,0,0,0,0,0,0,0,0,0,0,0,0,0,0,0,0,0,0,0,0,0,0,0,0,0,0,0,0,0.5240978531818045,0.3444900971010456,0,0,0,0,0,0,0,0,0,0,0,0,0,0,0,0.3396167472016762,0,0,0,0,0.4844487695671851,0,0,0,0,0,0,0,0,0,0,0,0,0,0
L3_ID3003,0,0,0,0,0,0,0,0,0,0,0,0,0,0,0,0,0,0,0,0,0,0,0,0,0,0,0,0,0,0,0,0,0.1161649756914064,0.1518880949039951,0.3464733882737476,0,0,0,0,0,0,0,0,0,0.0432483235553534,0,0,0,0,0,0,0,0,0,0,0,0,0,0,0.2546726743548251,0,0.0729795137466745,0,0,0.066689992075822,0.0593112494704927,0.0221453373209777,0,0,0,0,0,0,0,0,0,0,0.1548959818161365,0,0,0,0,0,0.2995167695751388,0,0,0,0,0,0,0,0,0,0,0,0,0,0,0,0,0,0,0,0.419110350843895,0,0,0,0,0,0,0,0,0,0,0,0,0,1,0,0,0,0,0,0,0,0,0,0,0,0,0,0,0,0,0,0,0,0,0,0,0
L3_ID3028,0,0.0619707923667907,0.0495572438740745,0,0,0,0.0451574881623421,0,0.0393546156435547,0,0,0.0988227401848053,0,0,0,0,0,0,0,0,0,0,0,0,0,0,0,0.0332325742014012,0,0.2612379424358838,0.0434242443038137,0,0.0478268108098847,0,0,0.1360740042193443,0,0,0.0791590476128533,0,0.0738002607703293,0.0368675435128809,0,0,0,0,0,0,0,0.0213786315700805,0,0,0.1787685425177705,0,0.0750599427918582,0.4003815224507414,0.5725013218169356,0,0,0,0,0,0,0.0157020291496128,0,0,0,0,0,0.0684464361943538,0.1166540625426824,0,0.2932650155310515,0,0,0,0.2626192470822864,0,0,0,0,0.0869664130798088,0.2403350514441792,0,0,0.0566347347871283,0.2949585315133372,0,0.354414099190285,0.1538609487449124,0,0,0,0.2932057261125511,0,0.1436711996037959,0,0,0.1040451564074689,0.2213028110084943,0.105064141236199,0.3210426831464018,0.14038629812417,0,0,0,0,0,0,0,0,0.06167309603236,0,0,0,0.4355109589847303,0.2160622212901599,0,0,0.850292195704099,0,0,0,1,0.1217177853819816,0,0,0,0.5230075067145762,0.1894449407922779,0,0,0.3514289662003517,0.1641224202361011,0,0.2704650614397009,0,0,0,0.1181827479927656,0.2644381235006122
L3_ID3057,0,0,0,0,0,0,0,0,0,0,0,0.2791767510220385,0.1369651774977937,0,0,0,0,0,0,0,0,0,0,1,0,0,0,0,0,0,0,0,0,0,0,0,0,0,0,0,0,0,0,0,0,0,0,0,0,0,0,0,0,0,0,0,0,0,0,0,0,0,0,0,0,0,0,0,0,0,0,0,0,0,0,0,0,0,0,0,0,0,0,0,0,0,0,0,0,0,0,0,0,0,0,0,0,0,0,0,0,0,0,0,0,0,0,0,0,0,0,0,0,0,0,0,0,0,0,0,0,0,0,0,0,0,0,0,0,0,0,0,0,0,0,0,0,0,0,0,0
L3_ID3079,0,0.781487941494289,0,0.3410911961031747,0,0.888855463977709,0,0.8422910314722754,0,0,0.0742521752672944,0.0895901968001792,0,0,0,0,0.0629435121764508,0.0905325015261075,0.0762817482669244,0.1234443869704058,0.1323826060254991,0.0634478237891444,0,0,0,0.2918806003427998,0,0,0,0.934683367561354,0,0.6507247190239147,0,0,0,0.7622134881853844,0,0,0,0,0,0,0,0,0,0.5400045675536415,0.3770123235233064,0.6395625066151838,0,0.2463412136411038,0.2128029241368672,0,0,0,0,0,0.2516235148143195,0.2192413440576573,0,0,0,0.1284924196147481,0.1625436294446856,0,0,0,0,0.1268172268821377,0,0,0,0,0,0,0,0,0,0,0,0,0,0,0,0,0,0,0,0,0,0,0,0,0,0.1110794482546991,0,0,0,0,0,0,0,0,0,0,0,0.5582940892255989,0,0,0,0.8285841014467663,0.613524848373834,0.6625357578887862,0,0,0,0,0,0,0,0,0,0.2983383273697537,0,1,0.3414974530004012,0.1387807226570352,0,0.3583531720472896,0,0.4163654877759608,0,0,0,0,0.2677033086995513,0,0.114724401700215,0,0,0,0
L3_ID3115,0.0717987996067352,0.0367585645812515,0.0152661027016285,0.0642372588368023,0.0848296096074856,0.0392926119721942,0.0354893903306957,0.069409431071928,0.1526716283407926,0.0222563573134243,0.0018387176904787,0.1118836836355451,0.1805084047725312,0.2366132831561133,0.1648880820610397,0.1948931873545823,0.0078627745417222,0.0032371345882778,0,0.0061118735764147,0.0058145415389221,0.006149396297049,0.0058955757801423,0.2501729774348853,0.0868763478711072,0.0542861645109119,0.4025241173231873,0.1206190485512525,0.0628355503686011,0.1010366389464652,0.0291906297190168,0.032656614376621,0.1055419369652863,0.035110765931574,0.0569360551941118,0.0582018480121653,0.0342164592635543,0.0825042617665796,0.0416807479660207,0.0097905656448134,0.0282816405212966,0.0657899985298702,0.0451717206662484,0.0772752545899506,0.0969486431168404,0.0561867131886166,0.0424432487240804,0.0133401427988536,0.0114487933481872,0.0184016321542998,0.0157015788981222,0.0644932998011332,0.2243200738832817,0.0378899449919249,0.1047804509783762,0.2181910162352405,0.1919307105127068,0.0740728076736997,0.234083861910375,0.106917847047418,0.1631902846694922,0.0327014653150311,0.0120544717943566,0.0139796117539437,0.0201268697004134,0.0149863119607549,0.0092466920592176,0.0013132412453697,0.0060362674020753,0.1119397304634769,0.0929117457806452,0.2427735664086513,0.0752706421628751,0.1075514350752402,0.2043692276088453,0.1972881724634214,0.0325249398116376,0.1093288368043525,0.1785526355143612,0.1930470771417886,0.2095587082658762,0.0681202834534622,0.1375419974150108,0.2164421002544119,0.1633806305101676,0.1134387636769786,0.1898982317602574,0.0898134649751434,0.3961239440291463,0.1077269321036148,0.189839840336929,0.0415871400647214,0.0596374830192517,0.2955906866867452,0.2143153754392033,0.1325829703635569,0.0269344412251753,0.0525101630943773,0.0674631785453865,0.0443808105913332,0.0500315306744654,1,0.0969431589166892,0.2358542134790972,0.2052189527272122,0.0704892568279978,0.0431554617813214,0.3537036693473889,0.0143546060407407,0.0936731068145608,0.1437081515254554,0.3277614939425587,0.0410715756557689,0.7324949678654517,0.7476729387336116,0.250383443574718,0.0523894111776526,0.1747100604660838,0.2149767547507761,0.3803914429004996,0.0749324346271666,0.0493673497746807,0.1792277588517144,0.0975161753696971,0.0255428804258786,0.0823832701889141,0.1364786304981058,0.3141170786513113,0.1448620591757649,0.1215467843548008,0.1565055868083481,0.3911780717023443,0.1563409541110625,0.0322296889132342,0.0321035311875236,0.0570790888229296,0.0563191218844562,0.146382466244881,0.0248506995790972,0.0732237065315352,0.0607087417554375
L3_ID3161,0,0,0,0,0,0.0641499546227359,0,0,0,0,0.0128540189964368,0,0.0947493799384959,0.1119355661738388,0,0,0,0.0081485296192496,0.0476917917361438,0,0.0061960072729539,0.015927408849621,0.0022595792962573,0,0.1202042760083495,0,0,0,0.11503235589374,0,0,0,0.0314882188471625,0,0,0,0.4674956818410042,0.1758645683052953,0,0,0,0,0.0357473444935484,0,0,0,0.0119959659029918,0,0,0,0,0,0,0,0.114137599037492,0,0,0.0701752620092353,0,0.1389001514464219,0,0,0.0453141954499337,0.0212287979731173,0,0,0,0.0313238757755293,0,0.0430335354192919,0.064750015031317,0,0.0787018592558758,0.4425789836689068,0.3689616208765005,0.351507680452142,0.0677411802369817,0,1,0.1833368957292487,0,0,0,0,0,0,0,0.0809740199030377,0,0,0,0,0.2969401904680359,0,0.153730993253693,0,0,0,0,0,0.1029973075841887,0.0865029790339097,0.0534392125667477,0,0.173695383984832,0,0,0.0903697341990952,0.1431598220921641,0,0.2842095620582485,0.1246275302585921,0,0,0.0617845329163808,0,0,0.6394952184672086,0.2368268527632912,0.0665090293357794,0.8731967062685472,0,0,0,0.2313230612512792,0.5292482987854381,0,0.2846976785035796,0.2372938466667149,0.750844964634695,0.2963718807656119,0.5553123822481247,0.7196237228495852,0,0.3337380115409036,0,0,0.2681268240227833,0,0.7638546403958069,0.1392801840651669
L3_ID3209,0,0,0,0.0319241190517623,0,0.0234030076758902,0.0277382534438986,0,0.0282210025305774,0,0,0.298355832339784,0.0836100196094714,0.0658851490004066,0.3414995429394843,0.2309370545633509,0.0058353793120632,0,0,0.004894617174347,0,0,0.0040314888474173,0.9757580351955027,0,0.0270114379367948,0,0.0361647785403915,0,0.0300730400474455,0,0.3787394074147645,0,0,0.030629985830185,0.0323888628822626,0.024507077204591,0.0308804684162594,0.0350080538528083,0,0,0,0.0110750028638007,0,0,0,0,0.0321365371700126,0,0,0,0,0,0,0.0577345190268349,0.1416076275099031,0.0405638468992288,0,0,0.0380711578504725,0,0,0.0104247325171831,0,0,0.0060456766397876,0,0.0065085675633718,0,0.5542723108337009,0,0.0887378052860302,0.240846505078056,0.1999724869948321,0.1886792877687504,0.3237571322027806,0.2724301500388169,0.0528025133424947,0.0395303399781857,0.1526656194927911,0.1970958104281436,0.1685265896337298,0.4887459020002161,0,0.0569378755543462,0.0527245195456923,0.072417596784642,0.2538953732733907,0,0,0,0,1,0.2450945283773965,0.0612177101682002,0,0,0,0,0,0.050039002114796,0,0,0,0,0,0,0,0,0,0,0,0,0,0,0,0,0,0,0.0613123225295536,0.0413064050512507,0,0.0537825217874902,0.0644092265922628,0,0.0260352026840646,0,0.041688236459317,0.0536446090019951,0.0487663147964917,0,0,0.0685549390008698,0,0,0,0,0,0,0,0.0459941530473552
L3_ID3298,0,0,0.1409403718620216,0,0.1992249267023612,0.0842659294391871,0,0,0,0.2727019377074577,0,0,0,0.1328771233472196,0,0.1010088975966597,0,0,0,0,0,0,0.0259705127099875,0,0,0.266242402686891,0.0755382279503456,0.136309234600186,0.1719009918224163,0,0,0,0.247791145622392,0.0831877545715226,0.1757376991885463,0,0,0,0.4438893469834267,0,0.1703089967948915,0,0,0,0.0375957923283441,0.4240908751378293,0.1610078491006348,0.2775368864784902,0.0598989046620153,0,0.0826744141157261,0.2076949557290257,0.3956773866819075,1,0.7277837283924729,0,0,0.4194544668329183,0.6452248659398465,0.6542754081539183,0.4974808455309513,0.0456621532179348,0,0,0,0.0503194600633803,0.0231771374139702,0,0.0320411504948147,0.1210447429117442,0,0.3419004367362854,0,0,0,0,0,0,0.142408180644672,0,0.1706728923116916,0,0,0,0.1479677565771424,0,0,0.0926565245897445,0,0,0.2394186078120035,0,0,0.1002123718419197,0,0,0.2633992767433302,0.4290908077508298,0.1317796632431786,0.6067095293669117,0.0431455600396464,0.1026577432573596,0,0.2608548235043113,0,0,0,0.2196024669580983,0,0,0.114677630874119,0,0,0,0,0,0,0,0,0,0,0,0,0,0,0.1834798030654917,0.099751056433985,0.494246497989012,0,0,0.1507568587972814,0.3906027801363227,0.1885816727006585,0.2862575750411346,0.1837361249368675,0,0,0,0,0,0
L3_ID3306,0,0,0,0,0,0,0,0,0,0,0,0,0,0,0,0,0,0,0,0,0,0,0,0,0,0,0,0,0,0,0,0,0,0,0,0,0,0,0,0,0,0,0,0,1,0,0,0,0,0,0,0,0,0,0,0,0,0,0,0,0,0,0,0,0,0,0,0,0,0,0,0,0,0,0,0,0,0,0,0,0,0,0,0,0,0,0,0,0,0,0,0,0,0,0,0,0,0,0,0,0,0,0,0,0,0,0,0,0,0,0,0,0,0,0,0,0,0,0,0,0,0,0,0,0,0,0,0,0,0,0,0,0,0,0,0,0,0,0,0,0
L3_ID3317,0,0,0,0,0,0,0,0,0,0,0,0,0,0,0,0,0,0,0,0,0,0,0,0,0,0,0,0,0,0,0,0,0,0,0,0,0,0,0,0,0,0,0,0,0,0,0,0,0,0,0,0.0709406884594986,0,0.0726072135529823,0,0,0,0,0,0,0.1324257554532598,0,0,0,0,0,0,0.0064445420301134,0,0,0,0,0,0,0,0,0,0,0,0,0,0,0,0,0,0,0,0,0,0,0,0,0.162937529199469,0,0,0,0,0,0.0505486407038389,0,0,0,0,0,0,0,0,0.1314247906985692,0,0,0.4081569083417702,0,0,0,0,0,0,0,0,0,0,0,0,0,0,0.4355173779872093,0,0,0,0,0,0.1687097219756791,0,0,1,0,0,0,0,0,0
L3_ID3347,0,0.0856623407894889,0.1827942701434547,0,0.0797613246946146,0.1211072577365376,0,0.1217128250837534,0.0504093579436807,0.1148657399793612,0,0,0,0,0,0,0,0,0,0,0,0,0,0,0,0.1617392937110031,0,0,0.0893480669637885,0.1419177730342359,0.1010501161704846,0.1391061130150419,0.114166667646583,0.1388443388747883,0.0667130961454178,0.13754095908726,0.1049620192817302,0,0,0.1497981904248508,0.0721061472169227,0.0612272146179779,0,0,0.0939453095799367,0.0346251285384289,0,0,0,0,0,0,0.0580133759591351,0.2030691211611706,0.3691425289468693,0.4299527926692401,0.2023806004109937,0.212319262126339,0.1399581887718719,0.204445879135324,0.2345740026397267,0,0,0,0,0,0,0,0,0,0,0,0,0,0,0,0,0,0,0,0,0,0,0,0,0,0,0,0,0,0,0,0,0,0,0.1475376283683435,0,0.1902116140583169,0.2416909251961526,0.0724590877135454,0.1706267851458342,0.3436280266606684,0.3162628053370389,0.355755835527926,0.844607131092147,0.3218768861640121,0.3627505905115986,0.8167181514723355,0.1099305102110924,0,0,0.2997686501461727,0.5615045484637795,0.5770111789418549,0.2694827461086541,0.6084982014615089,0.4955699661122524,0.3958039325107523,0.5319077846067682,0.6198754503905582,0.1813496144477076,0.2380088894652663,0.4040519865228463,0.1847451506319032,0.534589801691246,0.1245495884435271,0,1,0,0.4277535663776025,0.7974970640305908,0.3616422002829215,0.335724637230763,0.3796143771536812,0.2951552703905616,0.1250084202813121,0.1620260557520894,0.5693016449659989,0.4859418258932763,0,0.6362106701468816
L3_ID3348,0.1418779839143285,0.095393803118081,0.1273618396898431,0.2058223545512083,0.0364397165432568,0.1965499596478195,0.0597089149474592,0.1545716686825975,0.1185130227319059,0.1584330297018819,0,0,0,0,0,0,0,0,0,0,0,0,0,0.3682694985490865,0.2350203561439733,0.1454098195399318,0.3161831286544547,0.0797151534786564,0.224703971476641,0.1277235186106293,0.0985256558251005,0.1151129236312627,0.1021584477849418,0.125399864462161,0.171367012587061,0.1132555787348451,0.059123225691587,0.1423489351892927,0.029365874718355,0.1473419474449127,0.0574772070534166,0.05312931217212,0,0,0.0584769385363974,0.0380748519975839,0.0350067269744109,0.0408436302013178,0.0535272924427289,0.0257734467845773,0.0237814113916935,0.6412043203900344,0.3583237196074875,0.3771117004976236,0.2636871065988164,0.3913982039400264,0.4308623165598644,0.1975696399505183,0.2245097769785391,0.4161986848257204,0.1463982273233243,0.0223843548442694,0.0272800829147576,0.0089932255008722,0,0,0,0,0,0,0,0,0,0,0,0,0,0,0.0979032635573672,0,0,0,0,0,0,0,0,0,0,0.086675971221249,0,0,0,0,0,0.2453745285286302,0.2088370445928019,0.130092293544966,0.2074474915253313,0.2627523965807317,0.2013419365469218,0.2298896382968667,0.0999567797052875,0.3412545044535469,0.5537899954785184,0.5228643402693912,0.2172744882889834,0.5600265484534744,0.3070762431735044,0.5879051490993226,0.6624519081730549,0.687170624512922,0.5355640533560896,0.5370548570509349,0.5864271090840322,0.5878454470622393,1,0.5774253316454083,0.5115479612879672,0.6405430374098413,0.4050821122154276,0.6583303353987,0.5739869932478654,0.6797603460728083,0,0.6031762549836098,0.2066241749658223,0.678954864667683,0.4252423441910096,0.3960163460386928,0.8022153246363417,0.5654997682400088,0.6748191290065072,0.7411555400351318,0.6717851489524366,0.5053398970826908,0.5766874443180777,0.6623328151654546,0.7514293248114203,0.4860834286216541,0.1379953062827036
L3_ID3388,0.0785243950670042,0.1736123813550866,0.3166268396062333,0.0685471019444876,0.3927120454426208,0.1119792750977626,0.5342409989224691,0.0731312946284227,0.0615908180959852,0.0599959202606562,0,1,0.0922535942427656,0.025462202140097,0.1542095894330247,0.9450253360006368,0.0463100571299155,0,0,0,0,0,0,0.2985100893923575,0.0404599359449995,0.1782673006802622,0.1278586322298106,0.4282507109701364,0.0533298919121378,0.1502322640806216,0.2845659157880812,0.1056621494545417,0.0508779619143662,0,0,0.0901471147821832,0.1589748175525264,0.0577806242386435,0.0188231846285795,0,0,0.2265936553026654,0.0162598149906845,0.2577616511989436,0.0661665192357349,0,0,0.0752272139178416,0.0392676268315216,0.170667009222251,0,0.1074428303396525,0.0894428117287921,0.1348182123167108,0.5154854024386956,0.2891954012835199,0.2103335011928042,0,0,0.2207407771385275,0,0,0.0936751445230978,0.0377361781941594,0.0280229893936001,0.0163511736968965,0,0.0289816877814926,0.0087130737821864,0.6333828971835691,0.0595593043206116,0.2707335158644562,0.2843704474946119,0.083686250138971,0.0780493569242357,0.4085914025746687,0.1974622803708216,0.1637403982474538,0.0573272829408024,0,0.1695771140458876,0.706464137821506,0.175398081149754,0.1212052903242679,0.1709116022654029,0.5065708002979257,0.4449711380280703,0.1555897909175637,0.0787615343249105,0.8153715560616359,0.1698993857819211,0.1107593955952162,0,0.1441782271489697,0.0957512965611308,0.0503956225302967,0.1705226461344564,0,0.1664391833163782,0.0579540226560909,0.2272490641531551,0.090072067708372,0.3422475647038033,0,0,0.0817462849765484,0,0,0,0,0,0,0,0.1212245522935064,0,0,0.0526650623200667,0.1065370362362133,0,0.218682018474236,0.6023321958281396,0,0.3130252447368839,0.1740987596431251,0,0,0.1803453144771495,0.2852969210854483,0.0586630259012716,0.14741450254825,0.1179611135024288,0.1079405012962762,0.0696574052586478,0,0,0,0,0,0,0.190058908527838,0
L3_ID3396,0,0,0,0,0,0,0,0,0,0,0,0,0,0,1,0,0,0,0,0,0,0,0,0,0,0,0.1247491419324214,0,0,0,0,0.0466124292663926,0,0,0,0,0,0,0,0,0,0,0,0,0,0,0,0,0,0,0,0,0,0,0,0,0,0,0.6129385533461273,0,0,0,0,0,0,0,0,0,0,0,0,0,0,0,0,0,0,0,0,0,0,0,0,0,0,0,0,0,0,0,0,0,0,0,0,0,0,0,0,0,0,0,0,0,0,0,0,0,0,0,0,0,0,0,0,0,0,0,0,0,0,0,0,0,0,0,0,0,0,0,0,0,0,0,0,0,0,0,0,0,0
L3_ID3399,0,0,0,0,0,0,0,0,0,0,0,0,0,0,0,0,0,0,0,0,0,0,0,0,0,1,0,0,0,0,0,0,0,0,0,0,0,0,0,0,0,0,0,0,0,0,0.5875343560860388,0,0,0,0.4062712838670099,0,0,0,0,0,0,0,0,0,0,0,0,0,0,0,0,0,0,0,0,0,0,0,0,0,0,0,0,0,0,0,0,0,0,0,0,0,0,0,0.6393170485082977,0,0,0,0,0,0,0,0,0,0,0,0,0,0,0,0,0,0,0,0,0,0,0,0,0,0,0,0,0,0,0,0,0,0,0,0,0,0,0,0,0,0,0,0,0,0,0,0,0,0
L3_ID3455,0.0562379638247222,0.3921840561679924,0.3328449071979086,0.3560963213891249,0.3576319200831731,0.175500763408136,0.5692332960963281,0.2896882988001759,0.1163412143406145,0,0,0.2125564577387007,0.132052472640707,0,0,0.4038005609414883,0,0,0,0,0,0,0,0.4610307311105497,1,0.3268906560331828,0.3442324291540085,0.3523031335367635,0,0.4319277265299929,0.4815377624207025,0.3543539604729415,0.3775792366819172,0.3493982418910455,0.2659401736135969,0.2471766515422288,0.344845578994907,0.3563944200145076,0.3168340080570613,0.2242278049213182,0,0,0,0,0,0.1728994411567515,0.0449766795848006,0.2241052368737305,0.2774342622772928,0,0.0759004589922414,0.7193486540871328,0.2975700490204686,0,0.3369005889030122,0.3415997233565175,0.2850221238240738,0.2320961372122856,0.4765422176235046,0.4039209509259497,0.2616778085009336,0,0,0,0.1375812842759428,0.1106248077701517,0.0505147047807902,0,0,0,0.2327814872198725,0.6071647239936441,0,0.1502949467988107,0,0.1915805195080032,0.0980594770159425,0,0.1039301137327103,0.2918944675355902,0,0,0,0,0.0954832908507282,0,0.2784957870853781,0.3532140443395024,0,0.2122776980056364,0.3314838428769481,0,0.2080885349197108,0.3273267837628646,0,0.135882559798713,0.7083275361574922,0,0.5890273757276863,0.121109250743727,0.4069796873262254,0.3400425456423473,0.250423610332526,0.4752663436457774,0,0,0,0,0,0,0,0,0,0,0,0,0,0,0.2893516798752222,0,0,0,0,0,0,0,0.9365106809869292,0.6257667468590563,0,0,0,0.1998872083457719,0.5105684654346486,0,0,0,0,0,0,0,0
L3_ID3468,0,0.0316779693473706,0.0711798614101461,0,0.0500403120944394,0,0.1618174234541073,0,0.079983178392856,0,0,0.2959905856867672,0,0.3903548758938205,0,0.4808397321142481,0.0136368092695885,0,0,0,0,0.006943641129064,0,0,0.0963584313819561,0,0,0.1625832399627715,0.0553643522576587,0,0.0904606628904308,0,0,0,0,0.0487488448707825,0.0829289355561824,0.1392572012385254,0,0.0494190145194488,0,0,0,0,0,0,0,0.0143256042036153,0,0.0255173148528373,0,0,0,0,0.0907970967619452,0.2168831585713274,0.1681528537743627,0.0779174998722589,0,0,0,0,0.0285246228704018,0.019168655408214,0,0,0,0.0129032139648388,0,0.2021479770358682,0.1240888353905593,0,0.3835732010992178,1,0.5149230897189588,0.2979800644461979,0.121463690354491,0,0.4257620663641971,0.0848896653572717,0.1722280301742965,0.1107745664991023,0.1216358836733024,0,0.4261335149232168,0.107763217108274,0.6139398291234944,0.6600758639714842,0,0.4196575231806387,0,0.0740989321911215,0.0888846266170104,0.3867545483498202,0.2892543396078859,0,0,0.1430222401618187,0,0.1506101885522618,0.147134048928185,0.2199306868160813,0.0781409167169253,0,0,0,0,0,0,0,0,0,0,0,0,0.1265035976756143,0,0,0,0.2090904344935918,0.3561569557238078,0,0,0,0,0,0,0,0.1747779056305274,0.1589351727859772,0,0,0.2592221470142693,0.0545401480474292,0,0,0,0,0,0,0
L3_ID3501,0,0,0,0,0,0.1642162618981639,0,0,0,0,0,0,0,0,0,0,0,0,0,0.0075089979697337,0,0,0,0,0,0,0.097116844667454,0,0,0,0,0,0,0.0459610395169808,0.3263919469574844,0.2776032434174429,0,0,0,0,0.2066644430752644,0,0,0,0,0,0,0,0,0,0.0861053423557302,0,0,0,0,0,0,0,0,0,0,0.0844677392860471,0,0.0745005899534415,0.023216853788509,0,0,0,0,0.1498337354136486,0,0.1022182965469039,0,0,0,0,0.6417215919046665,0,0,0,0,0.1419242526702074,0,0,0,0.5418463324084978,0,0,0,0,0,0,0,0,0,0,0,0,0,0,0,0,0,0,0,0,0,0,0,0,0,0,0,0,0,0,0,0,0,0,0,0,0,0,0,0,0,0,0,0,0,0,0,1,0,0,0,0,0,0,0
L3_ID3502,0,0.6419073637906126,0.5570945393967603,0.6718741374012088,0.6903177950915786,0.5152531370417046,0,0.5597893198308858,0,0.3376481506335571,0,0,0,0,0,0,0,0.0134218681613691,0.0180606180253598,0,0,0,0,0.0076665359616847,0,0.2395665459176669,0.5181893317236258,0.7443959126662497,0.0830741338469964,0.6715412942246439,0.7456669143622913,0.2915985224526766,0.6407871151374271,0,0,0,0.5429317097788963,0.630559079524254,0,0,0.0408810627238045,0,0,0,0,0.3100152574642124,0.4508766673303988,0.490202072938091,0,0,0,0.6692226635703666,0.7194802035082327,0.6278088135951886,0.8232719984807443,0.7308943724377653,0.6883507470546101,0.5153345506641543,0.4716856123459483,0.4928336993631173,0.4581486870282381,0,0,0,0,0,0,0,0,0,0,0,0,0,0.0745344156285121,0,0.3676560323655616,0,0,0,0,0,0,0.0238497180778512,0.0214839138477069,0,0.0416342074340233,0,0,0,0,0.4018331081459755,0,0,0,0.0552034960188982,0.0360062672262396,0.5881317991977845,0.4126730022028788,0.4414121330655233,0.192810053469173,0.6657094546376068,0.8732451665329083,0.8408814195409026,0.3998038177719551,0.2475089608201914,0.0452718187112303,0.0147910305464051,0.3098183014054441,0.3183191328852478,0.2702695644995846,0.3793211074011439,0.6055756710831027,0.7083206397177456,0.5027062613950282,0.0609836549241213,0.4383324089240497,0.5947626299119582,0.7363556805875237,0.4765481831501509,0.403263761501986,0.9469530053212336,1,0.5544157764734382,0,0.065731714920901,0,0.445242586422497,0.3033070611259619,0.435929084372779,0,0,0.7796047743767844,0.2947201398876569,0,0.0229455400619581,0.2102458228146444,0.1791242071768359,0.0788168783857057,0.0407997799633712,0.0552277098539935
L3_ID3505,0,0,0,0.0238977435393241,0.5225380665349333,0,0.315284861640396,0,0.6016682318176988,0.2373937998353639,0,0,0,0,0,0,0.0308734605722223,0,0.0050774364006863,0.0077848714223642,0.0686084356639513,0,0,0.0178504502521917,0.1291736939582859,0,0,1,0.10203411117494,0,0.3797041328328461,0,0.1339017265336485,0,0,0,0,0,0,0.1454205358070411,0,0.1646664229660249,0.0260395683866284,0.3178191280485645,0,0.0926625921825932,0,0.0597194240641402,0,0.040145677122901,0,0,0,0,0,0,0,0,0,0,0,0,0.079035606418661,0.062695009712097,0,0,0,0.0163582549358587,0.0262403329942323,0.0191929234988334,0,0,0,0,0,0.0444962224053437,0,0,0,0,0,0,0,0,0,0,0,0.0203479428780717,0,0.0573430719886784,0,0.0909487165960137,0,0,0,0,0,0.1226589897534153,0,0,0,0.1596153579501674,0,0,0,0,0,0,0,0,0,0,0,0,0,0,0,0,0,0,0,0,0,0,0,0,0,0,0,0,0,0,0,0,0,0,0,0,0,0,0
L3_ID3509,0,0.2803515431120791,0.2598304293523601,0.0094898438412095,0.2075009569143763,0,0,0,0.2389237107165032,0.3185254794745415,0,0,0,0,0,0,0,0,0.0020162605928421,0,0.0272445530084966,0,0,0,0,0,0,0.3971020872993265,0.0405179585125459,0,0.1507813037041039,0,0.0206207197493103,0,0,0,0.1406823188807788,0,0,0,0,0,0.0103403669587037,0.1262066391317368,0,0.036796508770274,0,0,0,0,0,0.010213670979069,0.0565573928808667,0.1070066328856605,0.7596937426618282,0,0,0.0709521629276099,0.0886111746090631,0,0.0139581818953778,0,0.0058960666990613,0.0248963192199252,0,0,0,0,0.010420091003439,0.007621549982763,0,0,0,0,0,0,0,0,0,0,0,0,0,0,0,0,0,0,0,0,0,0.0361159251974719,0,0,0,0,0,0,0.1232801633757616,0,0.3371452179188056,0.0888796682430122,1,0,0,0.0067688121580305,0,0,0,0,0,0,0,0.0541681987907561,0,0.0226955915842983,0.2525163901430033,0,0,0,0,0.1873393097930819,0,0,0.8370539787463058,0,0,0,0,0,0,0,0,0,0,0,0,0,0,0.0170791619537898,0
L3_ID3532,0,0,0,0,0,0,0,0,0,0,0,0,0,0,0,0,0,0,0,0,0,0,0,0,0,0,0,0,0,0,0,0,0,0,0,0,0,0,0,0,0,0,0,0,0,0,0,0,0,0,0,0,0,0,0,0,0,0,0,0,0,0,0,0,0,0,0,0,0,0,0,0,0,0,0,0,0,0,0,0,0,0,0,0,0,0,0,0,0,0,0,0,0,0,0,0,0.0531184588288382,0,0,0,0,0,0,0,1,0.4801959465657425,0,0,0,0.5000635843298217,0,0,0,0,0.2033234137327566,0,0,0,0.0978496709279809,0,0,0.0571387316086948,0,0,0,0,0.3123038734156176,0,0,0,0,0,0,0,0,0,0,0,0,0,0
L3_ID3559,0,0.2872259031949377,0,0.0538869388767824,0.1316557047215516,0,0.1630463518272554,0,0.5433969657601824,0.3864618324776888,1,0.1898163064904905,0.665125911755449,0.282600442537064,0.1296149483075593,0,0.2267331548602859,0.095485855160604,0.0652483126404807,0.0783083167329779,0.3873906267386881,0.0958167475636753,0.0820442426742655,0.1490991798987738,0.1813151300301357,0,0,0.1156895926777183,0,0,0.0594166048672712,0,0.1014190293907705,0.1057727760253068,0,0,0,0.3328686612834805,0,0.5859456347067526,0,0.1095269155947375,0,0.1995538668847917,0,0,0.0287038399356232,0.1493512389457226,0,0.0744949590044857,0.0286470721831436,0,0,0,0,0,0,0,0,0,0,0.0276058986696413,0,0.1451904193982247,0.1422471840744363,0.1733618422050604,0.2803661915176259,0.3584002112229258,0.0960233932148347,0.1131925885914797,0.2120966999388034,0.0103821963323035,0,0.1214394452024911,0.302397043939821,0.1560362636836909,0.0220883017271547,0.1669805154064275,0.0898895375806976,0.2134059940763807,0.0228964930226528,0.1019210657210713,0.0680645696985268,0.0950367863310168,0.0348926679485864,0.0422943172737646,0,0.0230615135853829,0,0.1291311335612671,0,0.1384287319400526,0.5401526327497158,0.1023525666842084,0.269075009703504,0,0,0.1222917411645074,0,0,0.0601587333074007,0.1990930525457337,0.9705844495501064,0,0,0,0,0,0,0,0,0,0,0,0,0,0,0,0.0438085492033685,0,0,0.0321607695846624,0,0,0.0663952196068168,0,0,0,0.0193540086477075,0.1530432087299818,0.0869045074433486,0,0,0.1761722676136763,0,0,0,0,0,0,0
L3_ID3592,0.0164148863276798,0.065005626729144,0,0,0.0510503873122909,0.0396293037749788,0,0,0,0.8975073945661707,0.0616981535838336,0.0971123345999221,0,0,0,0,0.0696141846851157,0,0,0,0,0,0,0,0.1588329910247107,0.103428238130709,0,0,0.4782098103043548,0,0,0,0,0,0,0,0,0,0,0,0,0,0,0.2396543415749139,0.0403822893248684,0,1,0.0551472418216955,0.1344700593583742,0,0,0,0.8716306054664537,0.0174983112229266,0,0,0,0,0,0,0,0,0,0,0,0,0,0,0,0,0,0.1512912886402899,0,0,0,0,0,0,0,0,0,0.1621481684850214,0,0.0211665901963302,0.240827427917854,0.0292220572396965,0,0.0362034358261727,0,0,0,0,0,0,0,0,0,0,0,0.0380301024353999,0,0,0,0,0,0,0,0,0,0,0.0758156897736482,0.6464500039941411,0,0.086910525459717,0,0,0,0,0,0,0,0.161841458219856,0.0587484247102626,0,0,0,0,0,0.0834132585058304,0.1900243429597539,0,0,0,0,0,0,0,0,0,0,0
L3_ID3595,0.0103049309404328,0,0,0,0,0.181476523935689,0,0,0,0.4287939066411433,0,0,0,0,0,0,0,0,0,0,0,0,0,0,0.132857431328095,0.1030841880838883,0,0,0.3215487928556088,0,0,0,0,0,0,0,0,0,0,0,0,0,0,0,0.0734182237652959,0,0.8344166708997595,0,0,0,0,0,1,0,0,0,0,0,0,0,0,0,0,0,0,0,0,0,0,0,0,0.1890509185365797,0,0,0,0,0,0.1991636432358296,0.4248766248392538,0,0,0,0.1643052345088854,0.1010731504614962,0.1886457652139583,0,0.067631448392806,0,0,0,0,0,0,0,0,0,0,0,0,0.0199801170962587,0,0,0,0,0,0,0,0,0,0,0.0269635792715693,0.0474639185873768,0,0,0,0,0,0,0,0,0,0,0,0,0,0,0,0,0,0,0,0,0,0,0,0,0,0,0,0,0
L3_ID3600,0,0.3350159189392001,0,0,0.0730152350878454,0,1,0,0,0.8090144943521537,0,0.6699648841461866,0.456702933013426,0,0,0,0,0,0,0.3034545461305328,0,0,0,0,0.2516440263080764,0.0406093246627062,0,0,0,0,0,0,0,0.211558937564173,0,0,0,0,0.8580834316003026,0,0,0,0.1596358379998525,0.3181619047205944,0.0515334565724026,0,0,0.0485748320269971,0,0,0,0,0.5663556875971697,0,0,0,0,0,0,0,0,0,0,0,0,0,0,0,0,0,0,0,0,0,0,0,0.2176491711183721,0,0.146629262220063,0,0,0,0,0,0.1940913408778405,0.1533500083963264,0,0,0,0,0,0,0,0,0,0,0,0,0,0,0,0,0,0,0,0,0,0,0,0,0.3679537799889825,0,0,0,0,0,0,0,0,0,0,0.0526298820300644,0.0637948002882635,0,0,0,0,0,0.1385470041225653,0.0597463960860106,0,0.760705564068928,0,0,0,0,0,0,0,0,0
L3_ID3605,0,0,0,0,0,0,0,0,0,0.8389562912363877,0,0,0,0,0.1325174171808595,0.0033971731510763,0,0,0,0,0,0,0,0,0.0917600862494844,0.0913985313239727,0,0,0.0359564549208061,0,0,0,0,0,0,0,0,0,0.0674937683514082,0,0,0,0,0,0.2773294177584387,0,1,0.4445409605362266,0.4039429533065268,0,0,0,0,0,0,0,0,0,0,0.269856157136216,0.0188011760013339,0,0.0030000776556374,0,0,0,0,0,0,0,0,0.0132229426401655,0,0.0794961495486944,0.0057771061339326,0,0,0.0439339619833827,0.0108951755633158,0,0,0,0.073689632990457,0.0048057032271195,0.0201133013667043,0,0.0320214959880429,0,0,0,0,0,0,0,0,0,0,0,0,0,0,0.0462364506459013,0,0,0.0097620800312707,0,0.1191033255278892,0,0.0969490877784884,0.0040560577250273,0,0.0043794908180934,0,0.0419484443211203,0,0,0,0,0,0.0027846892113203,0.0094262759081594,0,0,0,0,0,0,0,0,0,0,0,0,0,0,0,0,0,0,0,0
L3_ID3609,0,0,0,0,0,0,0,0,0,0,0,0,0,0,0,0,0,0,0,0,0,0,0,0,0,0,0,0,0,0,0,0,0,0,0,0,0,0,0,0,0,0,0,0,0,0,0,0,0,0,0,0,0,0,0,0,0,0,0,0,0,0,0,0,0,0,0,0,0,0,0,0,0,0,0,0,0,0,0,0,0,0,0,0,0,0,1,0,0,0,0,0,0,0,0,0,0,0,0,0,0,0,0,0,0,0,0,0,0,0,0,0,0,0,0,0,0,0,0,0,0,0,0,0,0,0,0,0,0,0,0,0,0,0,0,0,0,0,0,0,0
L3_ID3624,0,0.4583453184670449,0.2122036920754101,0,0.2736109842012,0,0.0826266247519516,0,0.3878599943147248,0.3964235212857924,0,0.0202895776194086,0,0,0,0,0.0035594892591322,0.0025525737763238,0.0193250329593884,0,0.0078189958964375,0,0,0.005002952185393,0.0356423226883682,0,0,0.6165481380675055,0.0822567211741666,0,0.2708552212311623,0,0.0139978058675445,0,0,0.0044787687824321,0.3426672558174962,0,0,0.0347838773316744,0,0.0672644765251036,0.0207108990065586,0.107761245478198,0,0.0651247239736512,0,0.0216519733422464,0,0.014895943517493,0,0.0705699810061897,0,0.132415722278207,0.6334615748056264,0.0517430107769369,0,0.1534467338198095,0.1325598464897715,0,0,0,0.0245099524972772,0.0182781395872833,0,0,0,0,0.0065684317492073,0.0251592273484872,0,0,0,0,0,0,0,0,0,0,0,0,0,0,0,0,0,0,0,0,0,0.0735345956273293,0.0124540063724084,0,0,0,0.0216194623808045,0.0726576282836071,0.1459554328968556,0,0.2254071555180118,0.1146736672845428,0.8211711900825093,0,0,0,0,0,0.0105198052276586,0,0,0,0,0.0870969063212487,0,0.0080079153402865,1,0,0.0184718517463764,0,0.0104837503114618,0.3027433910138338,0,0,0.6004800249143472,0,0,0,0,0.0159358068629226,0,0,0,0,0,0,0.0147662632063392,0,0.0144024869130788,0,0
L3_ID3632,0,0.1411859646202829,0,0,0,0.2347596806048062,0,0,0.4068963079854369,0.2730464169018164,0,0,0,0,0,0,0,0,0,0,0,0,0,0,0.7572638659465001,0.6072793607639189,0,0.4530778626762231,0.4622334195007674,0,0.1848420077035357,0,0,0,0,0,0,0,0,0,0,0,0,0,0,0,0,0,0,0,0,0,0.0628810332292453,0,0.3173749481184765,0,0,0.1684956760754448,0,0.1603843916003465,0,0,0,0,0,0,0,0,0,0,0,0,0,0.2054645694460306,0.2039542425854687,0,0,0,0,0,0,0,0,0,0,0,0,0.1650129373020493,0,0,0,0,0.2134314300358505,0,0.1366946699220871,0,0.080691089748768,0.2535863190163541,0,0.0293693644130354,0.0324024618653392,0.8612676223080802,0.6686616795407128,0,0,0,0,0,0,0,0,0,0,0.1197742683660593,0,0.359752194344705,0.8361396246702564,0.281363782448585,0.1468700817012125,0,0.3297467937914878,0.2026346412584159,0,0.0763166764626411,0.6197244499165717,0,0,0.3115221899713363,0.4709828380098665,0.3434851430815814,0.6903501759097025,0,0.5733191082784805,0,0.449306911593884,0.5057029633054868,0.2294574585435289,0,1,0,0
L3_ID3636,0,0,0,0,0,0,0,0,0,0,0,0,0,0,0.0197195104105753,0,0,0,0,0,0,0,0,0,0,0.0359421125643713,0,0,0,0,0,0,0.1950350088886799,0,0,0,0,0,0,0,0,0,0,0,0,0,0,0,0,0,0,0,0,0,0,0,0,0,0,1,0,0,0,0,0,0,0,0,0,0,0,0.0567519582757383,0,0,0,0,0.0175407536327933,0,0,0,0,0,0,0,0,0,0,0,0,0,0,0,0,0,0,0.0271907316970998,0,0,0,0,0,0,0,0,0.0549761254393826,0.0277539632800816,0,0.0604506646674488,0,0.0463444599396979,0,0,0.1137125233458045,0.0757502559259099,0,0,0,0,0,0.2196220526686586,0,0,0,0,0,0,0,0,0,0,0,0,0,0,0.0248170850479961,0.0652379277132955,0.0426945702840905,0,0,0.3607138673765924,0.0785187230307365
L3_ID3637,0.5675299872295863,0.681228203791055,0.5043657481200386,0.3695162677917463,0.3998088857331137,0.6232230759837982,0.1740387693851836,0,0.3690035566306142,0.4397237125403106,0,0,0.1721564141620975,0,0,0,0,0.0256370311881591,0.0242032317355421,0,0,0.0118776781327042,0.0299506001497029,0.0158973643773711,0.7200907645454554,0.0865076722532725,0.5979799489199817,0.6792986060574515,0.0750372395380652,0.621522918489667,0.2056394053851797,0.3185449339496916,0,0,0,0.4066888602119279,0.333317272107367,0.3470493338662796,0,0.0187915678850119,0.2323382012556318,0.1717797298203074,0.157502473838002,0.3108700822367505,0,0.321551073716485,0.3425649577358557,0.2165277299010022,0,0,0,0.2496544278897194,0.5527861909957617,0.5403088894977832,0.2428706161650981,0.6712049757800804,0.469764496596575,0.642578960669679,0.5940119412043734,0.129312398251622,0.5641205470097558,0,0.0699083120875027,0,0,0,0,0,0,0,0,0,0,0,0.2197550337723592,0,0.519358258064495,0,0,0,0.0592706756877969,0.1767224877132644,0,0,0,0,0.071129926888481,0,0,0,0.1518547278684081,0.1395327036432507,0.2193344547138082,0.3833534743152966,0,0.0989689086787745,0.0910170852160773,0.1366419029160475,1,0.3979387043055052,0.520435413902499,0.3863462229070647,0.4622932746306777,0.8296076199530104,0,0.3910925913922631,0,0.0853228627234536,0,0.0505538186925335,0,0.221053803838457,0.4525248165378331,0.3573721395468058,0.3537751461510182,0.1118365670207747,0.5241100460369978,0.8212896644762837,0.7696965872779704,0.4184333196823143,0.7097256472530843,0.6763724143676811,0,0.6893587851182287,0.292230650989928,0.0667448797220822,0.6992060966695115,0.5592362156625311,0.5695147864761285,0.204423212526725,0.1260157855866844,0,0.9421684561941416,0.4852146287201073,0.0298913481592566,0.3077590356569856,0.2862496550416945,0.3420916733039427,0.1242660556812627,0.0443166334025377,0.0706724428154883
L3_ID3644,0,0.2563962656587694,0.3991721004186636,0,0.7019810408017352,0,0.4426495842825213,0,0,0.4389238807653661,0.2360951526369437,0.0733526604869676,0,0.1344698638983852,0,0.2063880229232224,0.2124363745638893,0,0.1854038992218417,0,1,0.0660130710490134,0.1679063296309443,0.3115703790402192,0,0,0,0,0,0,0.0696094808164413,0,0,0,0,0.1184805627489736,0.9639796730126882,0.1741338426001408,0,0,0,0,0,0.1126090025694283,0,0.4766508101385259,0.1267869723079051,0.1178469631573678,0.2146133923926738,0.2201274392961053,0,0,0,0,0,0,0,0,0,0,0,0,0.2845356115313345,0.2567503342095799,0.0730627564199772,0,0.2722424423568603,0.2743555352785843,0.3455703681621393,0.2518089405125725,0.3076951407746565,0,0.0700245054650049,0.5309194010684606,0,0.2952826463156785,0.1044879153726823,0.0371803123329842,0,0.3758818205399127,0.0833649747324219,0.178764700294006,0.0914939712256656,0,0.010202009668282,0.1069804638749973,0,0,0,0.0528796446649298,0.0129796448125609,0.2352975109528667,0,0.1005734674566052,0.5011815278289127,0.0481132553159169,0,0.3661931291716303,0,0,0,0,0,0,0,0,0,0,0,0,0,0,0,0,0,0,0,0.2902805749479633,0,0,0,0.0518549068752184,0,0,0,0,0,0,0.0277968741319389,0.6143480578936592,0.4355574258370714,0.3986952520159736,0.6267398485175573,0,0,0,0,0,0,0,0
L3_ID3647,0,0,0,0,0,0,0,0,0.3035832654421171,0.5832881652408441,0,0,0,0,0,0,0,0,0,0,0,0,0,0,0,0,0,0,0,0,0,0,0,0,0,0,0,0,0,0,0,0,0,0,0,0,0,0,0,0,0,0,0,0.8655253239585684,0.6617275753365697,0,0.2500584339462757,0,0,0,0,0,0.0818378971721735,0,0,0,0,0,0,0.0815043786304041,0,0,0,0,0,0,0,0,0,0,0,0,0,0,0,0,0,0,0,0,0,0,0,0,0,0,0,0,0,0,0,0,0.3334706349200236,0,0,0,0,0,1,0,0,0.2213654620329981,0,0,0,0.0457500087939772,0,0,0,0,0,0,0,0,0,0,0,0,0,0.5321451749992918,0,0,0,0,0.0366075995968207,0,0,0.3019175877234537,0.421908112480404,0.0414736217484001,0
L3_ID3652,0,0,0,0,0,0,0,0,0,0,0,0,0,0,0,0,0,0,0,0,0,0,0,0,0,0,0,0,0,0,0,0,0,0,0,0,0,0,0,0,0,0,0,0,0,0,0,0,0,0,0,0,0,0,0,0,0,0,0,0,0,0,0,0,0,0,0,0,0,0,0,0,0,0,0,0,0,0,0,0,0,0,0,0,0,0,0,0,0,0,0,0,0,0,0,0,0,0,0,0,0,0,0,0,0.3894658527867337,0.0225314101501019,0.1302597009615816,1,0.5472549483401631,0.2159383541773229,0.2715003434896072,0.5116132225458944,0.2805259464748817,0,0.8201554504949876,0.0511931864602621,0.0543112621731962,0,0,0,0,0,0,0,0,0.1387612806047485,0,0,0,0,0,0,0.1954102355144396,0,0,0.0542969663773752,0.1954768029556958,0.126290984639584,0.4394369822036384,0.3009772519064879,0.4007380012358234
L3_ID3656,0,0,0,0,0,0,0,0,0,0,0,0,0.0935946626358375,0.1303838692946377,0.1542979738811866,0.1306965424254703,0,0.1367741744445517,0.1075502951794227,0,0,0.182816013537486,0.1390553893379999,0.0760733996331547,0,0,0,0,0,0,0,0,0,0,0.0617016189827331,0,0,0,0,0,0.1436340081067503,0.1744249904230403,0.1391732758705502,0.1767431565474737,0.1888081081646118,0.1897101755273784,0.0972408633037344,0.1915158667010187,0.1933160238369451,0,0.1251791452555772,0,0,0,0,0,0,0,0,0,0,0.0838746249920832,0,0,0,0,0,0,0,0.0831152416468312,0.1168593824844017,0.0513687443083959,0,0,0,0,0.0320820223940985,0.0528099191784536,0,0,0,0,0,0,0.0505823008638018,0,0.0424489275572942,0,0.1067019156686439,0,0.1375468260295308,0.0626749082579525,0,0.0543294977199764,0.0920121584345806,0,0,0,0,0,0,0,0,0,0,0,0,0,1,0,0,0,0,0,0,0,0,0,0,0,0,0,0,0,0,0,0,0,0,0,0,0,0,0,0,0,0,0,0,0,0
L3_ID3675,0,0.0540375231226723,0,0.1126281971400166,0,0.2956064608829755,0,0.1976028936922145,0.0404111185396807,0.0540212455173853,0,0,0,0,0,0,0,0.0160923273592946,0,0,0,0,0,0,0.0517200418414296,0,0.1678508040648194,0,0.0382820924964247,0.2142747624577613,0.0913196630995193,0.1693899094880417,0.2979364884665916,0,0,0,0,0,0,0,0,0,0,0,0,0,0,0,0.0180855070915611,0,0,0.2105222285934989,0.4287795947720307,0.0812663598894778,0.3534151295762556,0.3896051831805769,0.2747174865995714,0.6780383527102555,0.391749623252463,0.4757090876811213,0.2448991296841864,0,0,0,0,0,0,0,0,0,0,0,0,0,0,0,0.0534291455883355,0,0,0,0.0057542465078589,0,0,0,0,0,0.01796941305986,0,0,0,0,0,0,0,0,0.0626715543910559,0.1233388822750141,0.1972118156708986,0.0499571315659362,0.1535356359958564,0.137292528966968,0.423803894189765,0.197828971543422,0.4065737475564039,0.9610493688199684,0.4691275907462645,0.1862408217280579,0.2043383190926826,0.2728034911438747,1,0.5704419469228189,0.7884503758872191,0.6581340513424674,0.7807051034968924,0.865005045242944,0.136870565859745,0.2706508389467988,0.4712059427630516,0.5701786710774035,0.3684215500242909,0.4888173340495697,0.6175439932019245,0.5287291423425908,0.2976187900202605,0.162536956192744,0.0994913214130643,0.4754169380687141,0.5210763541240445,0.4290493484200067,0,0,0,0,0,0.1522933891219061,0.3006903203680388,0.4355693603262847,0.6182738295342696,0.2146653374049397,0.1391199182750157,0.3692854831102003
L3_ID3681,0.0112634028905729,0,0,0.0204771486383207,0,0.012229013792575,0,0.0100991234039915,0.0089205545890478,0,0,0,0.006392676736561,0.0098929237361511,0.0081572367526703,0.0115754839134029,0.0040326852168402,0,0.0011090136921007,0.0015048736735032,0,0,0.182772063104236,0.001232534292253,0.0074421435271129,0.0110903835049315,0,0,0,0,0,0,0.0140261520639122,0.0388126403111668,0.0313562630085091,0.012995243999128,0,0.0068019237217379,0.0210762356671988,0.0575501611876978,0,0.0203551783434535,0.0008876703672017,0.0082005898036084,0.002332180594654,0,0.0690819947471695,0.0240137466514068,0,0,0,0,0.0088324736908828,0.0531994073616728,0,0,0.0068464871570251,0.0128703686182579,0,0.1794539521433261,0,0.0078432259500133,0,0,0.0009342516089141,0.009990945048495,0.0024800550462628,0.005559020319225,0,0,0,0.0069663559763886,0,0.0065784611527121,0.0027024710986794,0.0023413573619412,0,1,0,0.0225452286203653,0.0170030007061264,0.0398699999588691,0,0,0,0,0.056281587549811,0.0261081178212253,0,0.0020509837388755,0,0,0.0272795513669496,0.0587040912388666,0.0112862715890883,0.007045067918918,0,0,0,0.0073732595319746,0,0,0,0.0320277644964183,0.0012208939348488,0,0.0104845703640089,0,0.0058994714713669,0,0,0,0,0,0,0,0,0,0.0187104365631442,0,0,0.0067615976867405,0.0146495144483335,0,0,0,0.0068281620798716,0,0,0,0,0,0,0.1360558428597192,0.0154061478377152,0,0,0,0,0,0
L3_ID3718,0.1523524186323403,0.2445237265415624,0,0,0,0.2047478781237894,0,0.1239670708889826,0.2344225827500121,0.1666350150182222,0,0,0,0,0,0,0,0,0,0,0,0,0,0,0.441271473028647,0.6549352599660652,0,0.3044578513916266,0.0746613292177744,0,0.1270622735719213,0,0.1820213216937679,0,0.0517727674840856,0,0,0.2445125062386832,0,0,0,0,0,0,0,0,0,0,0,0,0,0.392776641857454,0.046290386199484,0.0917078996556341,0.3488428359646846,0.0395960451522806,0.0386489005467433,0.0629674557759975,0,0.3849520397480482,0.1212560870143119,0,0,0,0,0,0,0,0,0,0,0,0,0,0,0,0,0,0,0,0,0,0,0,0,0,0,0,0,0,0,0,0,0,0,0,0.0770601213897561,0.1279191371982441,0.0790304887090621,0,0.1291488183573287,0.7112229812740105,0.7943829381902748,0.1378737175235572,0.2050427799801063,0.2865607165669637,0,0,0.1562229637335866,0.2356465737120721,0.0572667971414343,0.9183516587143582,0,0,0,0.2865941965029741,0.3315969659410073,0.4516052466915837,0.5637113298386498,0.1689136970497062,0.441114353985911,0.2536879158785772,0.0292659466257709,0.156147400701294,0.2897863587511151,0.4507949347933351,0.0793960186133409,0.4204630106706472,0.2577743126005338,0.2062845445422915,0.1831259229255956,0.1524934241507803,0.2228469366373626,0.1023404730468557,0.9424287860183556,0.5757637170151634,0.5949966804051805,1,0.6084091882419913,0.3076497282598557,0.3244797440679539
L3_ID3719,0,0,0,0,0,0,0,0,0,0,0,0,0,0,0,0,0,0,0,0,0,0,0,0,0,0,0,0,0,0,0,0,0,0,0,0,0,1,0,0,0,0,0,0,0,0,0,0,0,0,0,0,0,0,0,0,0,0,0,0,0,0,0,0,0,0.077126617732709,0,0,0,0,0.1376853157406411,0,0.0878018562159565,0.3521427561190151,0.0832625848249329,0,0,0.0879169407158307,0.1238536725814807,0.209839602374778,0,0,0,0,0,0,0,0,0,0,0,0,0,0,0.2638970311096608,0,0,0,0,0,0,0,0,0,0,0,0,0,0,0,0,0,0,0,0,0,0,0,0,0,0,0,0,0,0,0,0,0,0,0,0.2439617526589621,0,0.3730525592894362,0,0,0,0,0,0,0,0
L3_ID3720,0,0,0,0,0,0,0,0,0,0,0.0228718754037392,0.255825449279554,0.2503401406255372,0.2801321679865134,0.5819678308014959,0.2785649363535919,0,0.1296805458690207,0.0302812268552051,0.1140757444239981,0.0347517948385195,0.0760451594703419,0.0948939784432219,0.1660186467638573,0,0,0,0,0,0,0,0,0,0.6336059680065813,0.1412728146923271,0.3074597526368421,0,0.0678088743600256,0.5222258875089694,0.0501488007023279,0.1410285240749564,0.2684144656601428,0.0201170844234721,0.3490903103660566,1,0.1069364963099833,0.1466436321808072,0.37977345999487,0.1185855603935325,0.0900147578405691,0,0,0,0,0,0,0,0,0,0,0,0.2579882406200379,0.0942415338128473,0.0844040194967238,0,0.0057652413794695,0,0,0,0.0530150863147546,0.0875590855720599,0.5840076027263028,0.3899937561872326,0.1642628475331498,0.1164271453078608,0.0578383141886914,0.2141422895095948,0,0,0,0.3743427721291962,0,0,0,0.9354954695874046,0,0.1252117685605847,0.2534181844925061,0.9867475836658955,0.2391662881600803,0.4164843665168388,0.0543561394785159,0.0445533977496715,0.3438757961726986,0.0815002405018069,0,0,0,0,0,0,0,0,0,0,0,0,0,0,0,0,0,0,0,0,0,0,0,0,0,0,0,0,0,0,0,0,0,0,0.0484416408390371,0.1624444287884208,0.1147923699338277,0.1533003926107489,0.0495617994416103,0,0,0,0,0,0,0
L3_ID3721,0,0.2776546745030657,0.1320272369257309,0,0.1514824393674851,0,0.151928168370176,0,0,0,0.291567922246516,0.1418543735095388,0.2993842253525554,0.1433819661378554,0.0342574975783548,0.4486563927532069,0.0488534221413962,0.1654845699355938,0.0545417818596739,0.0540037493307465,0.4913598216745445,0.129374339273102,0.1394709959065839,0.1754770916471747,0,0,0,0,0,0,0,0,0,0.1112205500516349,0,0.0882739196260672,0.3847311327552015,0.6529919612203072,0.0615355951556256,0.2888009273194518,0.0681015789374093,0.1774064706132112,0.3367231226509629,0.0256998040053866,0,0.1609223968657466,0.0655485768541366,0.2311866299919094,0.2232394031854097,0.3764457804290851,0,0,0,0.0270087588902724,0,0.0347848800879359,0,0,0,0,0,0.1507114615951536,0.4473581433040406,0.24594785907709,0.0340478448441503,0,0,0,0,0.0529671054656,0.2349710594540504,0.1007562637176934,0.1461433023076204,0.1878831979229218,0.2387602295350205,0.0404292291302392,0.0553882694782556,0.0458499252473429,0.0564166739362872,0.1826077531576602,0.1726793582655021,0,0.0185217375660721,0.0121865642378637,0,0.0216855351356632,0,0.0980249506476894,0,0.0950275885879591,0.027249692917725,0.0600644012816053,0.2181173333085068,0.0372192331973979,0.1539021801869216,0,0,0.0672533003624049,0,0,0,0.6984128529068295,0,0,0,0,0,0,0,0,0,0,0,0,0,0,0,0,0,0,0,0,0,0,0.1655812614310123,0.1549600182958667,0,0.0629421685007168,0.0432859104193723,1,0.4942800731004431,0,0.8834632565163659,0.5806534831719518,0,0,0,0.127630270139907,0,0.2484309660002817,0
L3_ID3722,0.1633133593935481,0,0.1536769628563102,0.4371795716001963,0.4510234368380091,0.0653301022932058,0.114432052022423,0.1610074439890845,0.4386130592371347,0.5283929182551612,0.2887776143957107,0.2171128247700674,0.5317492456955102,0.289643012830351,0,0.3859453838062546,0,0.1091665818751171,0.1346026571573085,0.1128048270382839,0.6620631094144482,0.2065368974539508,0.1977855800655124,0.2339144617177214,0.5220576992031409,0.1890739395923449,0.2083861153639225,0.944915354212586,0,0,0.132904557497575,0,0.1090210112325265,0.1400936614828686,0.153706466203563,0.042179843415247,0.6273790126679142,0.8572853579910562,0,0.9368845452172632,0,0.2205583180396602,0.2752829116839579,0.4664663671908542,0,0.1364386777872343,0.125968055762099,0.3656664071307935,0.1413467189413658,0.3170823948128217,0,0.1892007724368365,0,0,0.2663308382498253,0,0,0,0,0.1156519479029376,0.098241871326243,0.0932036155910731,0.7227424093981025,0.1632860502757739,0,0.1234731424043162,0,0,0,0.0154509522289514,0.2840790565780263,0.0395257438487559,0.1964115564019208,0.5071131106225152,0.4140995457895352,0.2938485354372527,0.0415521768060912,0.0628445401104865,0.098753243773039,0.02471223477969,0.3006499910330809,0,0.0152840667206837,0,0.0273184388185582,0,0.0407131303939761,0.115998607802161,0.0156235200471611,0.3371210767744092,0.0708493941005726,0.2765706372592558,0.7976674837282465,0,0.222375310198115,0,0.1849022308061141,0.1173744818499009,0.0625150724777746,0,0.0869512455396525,0.3133576920454863,0.7035584773003096,0.0796397964231464,0,0,0,0,0.1443235297570696,0,0,0.0607946654091427,0,0,0,0.1879869913315245,0.3235632766721602,0.4500196636991326,0,0,0.0994583464774414,0.1986789930325734,0,0,0.2649902668375883,0,0.0424244486025388,0.1391432588109196,0.2263570958389525,0.9482397217612096,1,0.3978157186404267,0.9047166306118252,0.1144831538191304,0.2431406755895735,0.2891902217023943,0.3063411913263746,0.2708854347628565,0.0553887574856191,0,0.1715657182150511
L3_ID3723,0,0,0,0,0,0,0.1475982191257841,0,0.0357788045806344,0,0.3842689239916852,0,0.0197507625476012,0.0807981557366057,0,0,0,0.3193450178266738,0,0,0.474353044542699,0.0236434662171388,0,0,0,0,0,0,0,0,0,0,0,0,0,0,0.73552292547189,0,0,1,0,0,0,0.3994339726454851,0,0,0,0,0,0,0,0,0,0,0,0,0,0,0,0,0,0,0,0.2775627213391178,0,0,0,0.6009001051071049,0,0.4695516227154569,0.3788778743720279,0,0,0.1686252533229891,0.2316255485056721,0,0,0,0.1743015044354799,0,0,0,0,0,0,0,0,0,0,0.0569405345595931,0,0,0.3958490586569065,0,0,0,0,0,0,0,0,0,0,0,0,0,0,0,0,0,0,0,0,0,0,0,0,0,0,0,0,0,0,0,0,0,0,0,0,0,0,0,0,0,0,0,0,0,0,0,0
L3_ID3724,0,0,0.0854597669750531,0.0218565022974663,0.0557908639840215,0,0.0935508101873282,0,0.1692054670946058,0.2221259997222879,1,0.1751842301065789,0.3454105723896259,0.1327756073445504,0.0645527971155143,0.5962245945838525,0.1468878361356117,0.094430299886252,0.1301668503971478,0.1126465751220284,0.2437559876111523,0.2420390318411852,0.127355607419259,0.101966970489994,0.2554995828004406,0.0724150147876141,0,0,0.1335712177478565,0,0,0,0,0.1313756209184173,0.176099760693075,0.1937324852842056,0.7964371098504217,0.7856579720374041,0,0.6045853549128167,0,0.0736534504294122,0.2471068865298088,0.0518407638945566,0,0.2252615199898503,0.266802322923719,0.0971876578909328,0.2702589292382303,0.2492069089988449,0,0,0,0,0,0,0,0,0,0,0,0.1376479732222621,0.3372440546073093,0.1397060526842866,0.116212214443234,0.4005009350811472,0.246917983503304,0.2346095769153859,0.1407173659689477,0.2133838758101087,0.3831038249791884,0.1456515763838793,0.293065605581372,0.3233069536923673,0.2045256167301632,0.274961316091611,0.0291654592571824,0.2717966379431531,0.4121497033326705,0.6951843797926587,0.349854589513606,0.1261445291256191,0.0524914246941022,0.0707084523913211,0.0150154251908342,0.0934508604651894,0,0.0350557509432171,0,0.1394153707824972,0.0242874507651713,0.1543009123944347,0.2280152466962307,0.1453104661286334,0.2873310028706672,0,0,0.2552988267594315,0,0,0,0,0,0,0,0,0,0,0,0,0,0,0,0,0,0,0.0597245577266785,0.0562662449371102,0,0,0,0.0325995118836369,0,0,0.0911273804621612,0,0.0082101311529544,0,0,0.6157012259397431,0.5355904453413486,0,0.3295857976557547,0.6403439350761219,0.0458654575023348,0,0,0.0516809330220901,0,0,0
L3_ID3725,0,0,0,0,0,0,0,0,0.1752651109688708,0,0,0,0,0,0,0,0,0,0,0,0,0,0,0,0.1367995470184269,0.2719738335302146,0,0.4236714133120108,0.267236606133118,0.0258335232006554,0,0,0.0486017921514316,0,0,0,0,0,0,0,0,0,0,0,0,0,0,0,0,0,0,0.143887933330211,0,0.0673006359178895,0,0,0,0,0,0.3237817861842807,0.0849245798728269,0,0,0,0,0,0,0,0,0,0,0,0,0,0,0,0,0.0063180996992365,0,0,0,0,0,0,0,0,0,0,0,0,0,0,0,0,0,0,0,0.152557931404764,0,0,0.0351629354815378,0.8012865198575576,0.419213019370087,0,0.126233157147017,0,0,0,0.6135979016625288,0,0.4698055524822315,0.5115296035773945,0,0.0452678530150138,0,0.1972067028783433,0.4479935963993161,0.8537799699063122,0.4104157423125983,0.105974888943643,0.1551973228669867,0.2261394660139001,0,0.0472842882848883,0.7823617443478553,0.897130243100312,0.0959271932164535,0.1576637785716381,0.2186568740379835,0,0,0.0855288840047547,0,0,0.1662891945922468,0.5992031492860951,1,0.4350870964961164,0.500469011880679,0.2982353123956625,0.3795928942937158
L3_ID3726,0,0.1239324684043749,0,0,0,0,0.1904760309107443,0,0,0.0664760362829963,0.224347252386121,0,0.1427549537861516,0.154614176390895,0,0.238220550589629,0,0,0,0,0.307896906049514,0.0537180840747674,0,0,0.6952931909256043,0,0,0,0,0,0,0,0.0762772691985566,0,0.0346372422092306,0.0485455685812468,0.2767532927835027,1,0,0.2142650276269417,0,0.0523415869393715,0,0,0,0,0,0,0,0,0,0,0,0,0,0,0,0,0,0,0,0,0.2176585679876944,0,0,0,0,0,0,0,0.0691618129635805,0,0.2397400466278916,0.1593501930157901,0.1079137321870503,0,0,0.132355928952998,0.0788197553009747,0.3051413645715499,0,0,0,0,0,0,0,0.1060736103801893,0,0,0,0,0.234284968992338,0,0.2612312490768138,0,0,0,0,0,0,0,0,0,0,0,0,0,0,0,0,0,0,0,0,0,0,0,0,0,0.0391452874550969,0,0,0,0,0,0,0,0.2119569670674439,0.7195630720295272,0,0.4024684195691931,0.6004407634328278,0,0,0,0,0,0,0,0
L3_ID3727,0,0,0.0548165533824898,0,0.0898346069485828,0,0,0,0.3130628820932524,0,0.2864290892515173,0,0.3236056479867207,0,0,0,0,0.0790825660699891,0,0.3941806031211286,0.1154147493448663,0.3047514736194483,0.1813959690298884,0,0.2647858810431955,0,0,0,0,0,0,0,0.1124573526246815,0,0,0,0.5908824655630046,0,0,0,0,0,0,0.0818123696931599,0,0.2079836586243882,0,0,0.0348398475688078,0.0613333195218694,0,0,0,0.1087571246497728,0,0,0,0,0,0,0,0,0.2538101468551085,0.1865630990180825,0,0,0,0,0,0,0.0494997818092702,0,0,0.1294456148631642,0.0879775492295088,0.1565780615431662,0,0.0198874343687198,0.1935778979698795,0.1049172767951167,0.0653196033770444,0,0,0,0,0,0,0.1387403789757704,0,0.0223325773235645,0,0,0.4004507909361206,0,0.3095919350815098,0,0,0,0,0,0,0,0.2746914774642441,0,0,0,0.1482862965645349,0,0,0,0,0,0,0,0,0,0,0,0,0,0,0.081980407658061,0,0,0,0,0,0,0.0711064252558897,0,1,0,0.567977087380327,0,0.8858066259935389,0,0,0,0.1736874570895762,0,0
L3_ID3742,0,0,0.3320159880748224,0.3429143672596133,0.7561542943745836,0,0.043782237504504,0,0.1570103519752071,0.2633118656321986,0,0.0450684935469856,0,0.0760281432245592,0.2115865273467284,0.1720135427601873,0.2997231210772139,0.5040155820911693,0.0759900285375104,0.4417719842684793,0.2497620825942569,0.3472346781735758,0.1353056139116003,0.6394696873644957,0.266126687024967,0.3525595082813873,0,0.3197836131865905,0,0.2071313881840183,0,0,0,0,0.0605010451678721,0.218892967522901,0.7645612831548775,0.1699374178064438,0,0.767983549674865,0,0.1688678795947157,0.4908338802771271,0.5020748225818313,0,0.1665540494930256,0.0940318167833466,0.0948690047601929,0.6642240458713311,0,0,0.1140207060467875,0,0.0617182414329399,0.3761635605542039,0.1410479210391772,0.0423062465760983,0,0.1293735221092332,0.0530018671558428,0,0.0539694849386898,0.1823084625474944,0.1762027543494085,0,0,0.0202718656032687,0.2624188525341421,0.4396608105736373,0.1811465319235306,0.0884361155812777,0,0.0662687053100381,0.1160326806778195,0.0540052071397107,0.3066211193929037,0.0304461312562802,0.0232360994517816,0.0971828374823495,0.1643334451119576,0.0989919984785361,0.0349153095584476,0,0,0,0.0540322359531878,0.0727023190584567,0.0479172185369377,0.0715767775337878,0.1937467338503996,0,0.2928508031248037,0.2939919115209716,0.0532284955913688,0.1160289844991642,0.1366863168121508,0.1326141064372328,0,0.1028089478788769,0,0.149752492734599,0,0.2982734395288963,0,0,0,0,0,0,0,0,0,0.1154065869893874,0,0,0,0,0.2442251127157032,0,0,0,0,0,0.2168239177242241,0.0437330592073679,0.6302476730885289,0,0,0,0.0744624720668739,0.1082218230447943,0.1591495856266609,0,0.227169257909847,0.4952631606751898,0,0.274088733779626,0,1,0,0
L3_ID3778,0,0,0,0.0242546667293996,0,0,0,0,0.1455099843472424,0,0,0,0,0,0,0,0,0.0227853073850464,0,0.0218164482262724,0,0,0,0,0,0,0,0,0,0,0,0,0,0,0,0,0,0,0,0,0,0,0,0,0,0,0,0,0,0,0,0,0,0,0.071420220143292,0,0,0,0,0,0,0,0.072365984627486,0,0,0,0,0,0,0,0,0,0,0,0,0,0,0,0,0.0432424507059355,0.0414530339712197,0,0,0,0,0,0,0,0,0,0,0.0186119577945688,0,0,0,0,0,0,0,0,0,0,0,0,0.8785675975282264,1,0,0,0,0.5411217470601898,0,0,0,0,0.3798860934951528,0,0,0,0,0,0,0,0,0,0,0,0.0186246865108198,0,0,0,0,0,0,0,0,0,0,0,0,0,0
L3_ID3782,0,0.2617336321016887,0.2601714994703097,0.0535600404228972,0,0.3618418911928192,0,0,0,0.2565846228901541,0,0,0,0,0,0,0,0,0,0,0,0,0,0,0.4518787274888995,0,0,0.3448570982200601,0.2948544484835023,0.4529714913319643,0,0.3420349359777374,0,0.4595567201909779,0.4591287592747206,0.075182193718916,0.0414579012132671,0.2572674947065865,0.1911202461834796,0.596468957023293,0.3670042868073381,0,0,0,0,0,0,0,0,0,0,0.3315413778306917,0.3673830173444447,0,0,0.2786461862413338,0.254660625854921,0.0388396612641421,0.1118883488053709,0.0505631433874364,0,0,0,0,0,0,0.0628081994344143,0,0,0,0,0,0,0,0.0888059850038499,0,0,0,0,0,0,0,0,0.014829914916096,0,0.1097932114740974,0,0,0,0,0.0962549306584325,0,0,0,0,0.3165871176455855,0,0,0,0,0,0,0.1124851914064654,0.4568622521137479,0,0,0,0,0.0828101893994231,0,0,0.1994146561170793,0,0,0,0,0.1666652343766354,0.2073684748263274,0.0409060655720004,0,0,0.0243954432316987,0.1695668703529992,0.0441380004834529,0.1015561706323105,0,0.2190209989143241,0.1822678858319412,0.1886591128424926,0,0.9515488600770896,0.9345740931345492,0.8501295781773647,1,0,0,0.071466750745764,0,0,0,0
L3_ID3791,0,0,0,0,0,0,0,0,0,0,0,0,0,0,0,0,0,0,0,0,0,0,0,0,0,0,0,0,0,0,0,0,0,0,0,0,0,0,0,0,0,0,0,0,0,0,0,0,0,0,0,0,0,0,0,0,0,0,0,0,0,0,0,0,0,0,0,0,0,0,0,0,0,0,0,0,0,0,0,0,0,0,0,0,0,0,0,0,0,0,0,0,0,0,0,0,0,0,0,0,0,0,0,0,0,0,0,0.9104481683986322,0,0,0.112879027058369,0.9317623611327472,0,0,1,0,0,0,0,0,0,0,0,0,0,0,0,0,0,0,0,0,0,0,0,0.5096154620744497,0,0,0,0,0
L3_ID3799,0,0.3197940942526503,0.4641086338823821,0.0803568345771801,1,0,0.0678566760507659,0,0.5768187624505587,0.169882709051776,0,0,0,0,0.0851985471507771,0,0,0,0,0,0,0,0,0,0,0.0990402207395373,0.0454985621748417,0.0533158594631685,0.1437459273065605,0,0.1214816751119109,0,0.2241224644625792,0,0,0,0.1095609227250672,0,0,0,0,0,0,0.1246553686781705,0,0.123959060151171,0,0,0.0614458491199071,0,0,0.227213356953773,0,0.150978136135193,0.8125223969079374,0,0,0,0,0,0,0,0.0819533456178885,0,0,0,0,0.089763886130609,0,0.0272941962450902,0,0,0,0,0,0.0960435147555699,0,0,0,0,0,0,0,0,0,0,0,0.0734972960856386,0,0,0,0,0.4317052303797602,0,0,0,0,0.0161603414623434,0.0944694155371813,0,0.5526467091802472,0,0.6484771604770628,0,0,0,0,0,0,0,0,0,0,0,0,0,0,0,0,0,0,0,0,0,0,0,0,0.1084603760145923,0,0,0,0.1720381532556165,0,0,0.1875733484205049,0,0,0,0,0,0
L3_ID3827,0.1206082163257676,0.681228203791055,0,0,0.3998088857331137,0,0.1935301361386341,0,0.1475378693018044,0.4397237125403106,0,0,0.0119382427652054,0,0,0,0,0,0,0,0.0054633340666254,0.0118776781327042,0.0299506001497029,0.0331752214894211,0,0.053330000332273,0.5979799489199817,0.6792986060574515,0.1134787934937999,0.621522918489667,0.2056394053851797,0.3185449339496916,0,0,0,0,0,0,0,0,0.1644192408003753,0.0711537450727841,0.0830621748266697,0,0,0.2302612085260271,0,0.0449880629899594,0,0,0,0.2496544278897194,0.5527861909957617,0.5403088894977832,0.7127093626840064,0.1290440427869423,0.5615756508704407,0.642578960669679,0.5940119412043734,0.129312398251622,0.5641205470097558,0,0.0699083120875027,0,0,0,0,0,0,0,0,0,0,0,0.0755458791272644,0,0.519358258064495,0,0,0,0.0592706756877969,0,0,0,0,0,0.1208268382553932,0,0,0,0,0.1395327036432507,0,0,0,0.0377514691827426,0.0978004129351425,0.259316329466854,1,0.3979387043055052,0.3751487197913914,0.3863462229070647,0.7559289248398461,0.9014082104414256,0.4457048721698278,0.3910925913922631,0.2313713870630241,0.3700679594459978,0.0763125111098671,0.0505538186925335,0.5138887661279261,0.2865992782637475,0.4525248165378331,0.3573721395468058,0.2017889106012111,0.1360529431408867,0.5418828742973572,0,0.7696965872779704,0.477128440826106,0.7370390741188136,0.2711222307991215,0,0.6893587851182287,0.292230650989928,0.1668736429389367,0.6992060966695115,0.6303490429719022,0.5695147864761285,0.0282945195905218,0.1432046758545881,0,0,0,0.0298913481592566,0.3077590356569856,0.2862496550416945,0.2373027926973268,0.1242660556812627,0.1613770093105188,0.2653098572633733
L3_ID3828,0,0.0434995980175731,0.1495717631953029,0,0.8729977023745549,0.176860151075603,0,0.7487415701722262,0.0780045092869678,0.3061417493411086,0.0236491515798922,0,0,0,0,0,0,0.0221720503320262,0,0.0110647930506555,0.0346458966885132,0.0170598803959537,0,0,0.4618682704729015,0.0471295601361629,0.6563243631453046,0.5768508199089898,0.087149286572454,0.1538509534600834,0.138729558810761,0.3129258813145995,0.2156039195804511,0,0,0,0.2076141327384051,0,0,0,0,0,0,0.3087929111513815,0,0.2256818416078039,0,0.1408897206056457,0,0,0,0.258614279543518,0.3627410570095435,0.4328503641055096,0.7504910632902264,0,0.2592388284060892,0.4514504333933296,0.7164710469503419,0.6717727651542396,0.6438446181136992,0,0,0,0,0,0,0,0,0,0,0,0,0,0,0,0.3200264975553635,0,0,0,0.2759816127063962,0,0,0,0,0,0.024121210777884,0.0702646720964964,0,0,0.0575541096277384,0.3626165291325031,0,0,0,0.045714240758663,0.0625723986768594,0,0.2262800134741709,0.2207978290665063,0.3316050020294749,0.5939031922680095,0.8921336608698553,0.901804976539824,0.5732496017522862,0.5362714305606012,0.1604375423805693,0.1907934507472215,0.1704414850207678,0.5563357788247122,0,0.3895119671626803,0.2860416942246059,0.7794595198098729,0.2485088432577046,0.1562073819159538,0.4547568010997391,0.4354780155692794,0.3876496089558832,0.5135163478781719,0.2180708613790942,1,0.2688277838242481,0.3389483699409473,0.3517192541102155,0,0.8275370149379913,0.3388121979960297,0.0806729851896816,0,0,0,0,0,0.1052085595767609,0.257890774824357,0.3093479372533755,0.2442118031235979,0.1188389355464899,0.1591536282747022,0.1559008171964087
L3_ID3829,0,0,0.3036351322578953,0,0,0,0.2440685195217509,0,0,0,0,0,0,0,0,0,0,0.0218818476015864,0,0,0,0.00819482680501,0,0.0087207842814947,0,0.0919136993631134,0,0.0899621662743892,0.0430408507120476,0,0,0,0,0,0.1008616968073618,0,0,0.0654569990257121,0,0,0.0336060000909009,0,0.1551503229425566,0.0868200908811661,0,0,0,0,0,0,0.0554657682643889,0,0,0,0,0,0,0,0,0,0,0,0,0,0,0,0,0,0,0.0907866142643791,0,0,0,0,0.1013007414188547,0,0,0.0081609540082152,0.0162584472341084,0,0,0.034338915565636,0,0,0.0108110257471726,0.0241965628557492,0,0,0,0.0869018931962131,0.123180197569344,0,0.0323111732992363,0,0,0.0612279616184281,0.0355718961276176,0,0,0,0,0,0,0,0.8688009640385909,0.1013111019396685,1,0.0646327559823835,0.2613866839805606,0.4850826665226893,0.9367822481950968,0.2247992140419462,0.9299849586308968,0.8202268132307922,0.131234716946355,0.0587869289099323,0,0.8478984635901866,0,0.3299107431552772,0.1675699762254247,0.2416203315628992,0,0,0,0.2876288456763461,0.230275170729148,0,0,0,0,0,0,0,0.0371768620290687,0.1890504453233574,0.166351353845234,0,0,0.0657641830906154,0.5195798604883275
L3_ID3848,0,0,0,0.0674125941183549,0,0,0,0,0,0,0.3395744356533218,0,0,0,0.211893090021962,0,0.4122625770948706,0,0,0.522917707000907,0.690936332755996,0,0,0,0,0,0,0,0,0,0,0,0,0,0,0,0,0,0,0,0,0,0.903675303083736,1,0,0.1077078974208962,0,0,0,0,0,0,0,0,0,0,0,0,0,0,0,0,0,0,0.1697889176346043,0,0,0.4685361000295093,0.888178785280226,0.0879397295964343,0.4349464195284073,0,0,0,0.1072025308564879,0.1540174799501388,0.3808328268874278,0,0.1783518403609081,0.0659950081578357,0,0.6206258475158378,0.2495683150113356,0,0,0.3926091131186854,0.1135670231502499,0,0,0,0.0309402066358033,0,0,0,0.0419214627347227,0,0,0,0,0,0,0,0,0,0,0,0,0,0,0,0,0,0,0,0,0,0,0,0,0,0,0,0,0,0,0,0,0,0,0,0,0,0,0,0,0,0,0,0,0,0
L3_ID3885,0.0520035031008278,0.3421640631953211,0.0490735220178992,0.1131706339987689,0.0595426814338224,0.1035777460009882,0.3777608022588934,0.0398783743861492,0.1159916070757346,0.2579522386980272,0,0,0.0176173608663877,0,0,0,0,0,0,0,0,0.0151889700610691,0.0334070758747094,0,1,0.8398140070392268,0,0.5084378584813048,0.3354802320140043,0.116198889914707,0.1750105376073701,0,0.2115608798913412,0,0.189666441339532,0.1086885773120038,0.2490048839189415,0.6513063730928979,0.0466371960035168,0.1472396514199012,0.0227186703435109,0,0.1608357543991164,0,0,0.1027673789334785,0.1395268367019206,0.0739191369588229,0.0489906839394637,0,0,0.159689765099798,0.1117312963244411,0,0.2433312970049593,0.1186126362354053,0.1006716200829725,0,0,0.1006514927566844,0,0.0707093928456722,0.1951522519347732,0.0586788736730062,0,0,0,0,0,0,0.0340120386170055,0,0,0.2913133733400193,0.1450360234306416,0.0955032058411411,0.0728025450446333,0,0,0.020711996494931,0,0,0,0,0,0,0.0325881898202751,0.0756503218650895,0,0,0.0253039806377896,0.0544839543817965,0.320219036122039,0,0,0.007895137926026,0.08007930063479,0.2607084270269,0.0319381031342666,0,0.0396263950122553,0.5772991940929953,0.7346776658866505,0.0558453347775886,0.0456022037247295,0,0,0,0,0,0.0796801237582377,0.234684913071807,0.0290189386211287,0.1042690307245957,0.1906579379978541,0.1829535797191701,0.4808366577536574,0.4631261801486439,0.1782062147589984,0.1218053152707348,0.1553316465377836,0.1264891297560048,0,0.1327668511982924,0.4670698914867041,0.5750566864982122,0.0176655287946595,0.3304153335960222,0.5257414012189815,0.5000710958037513,0.4456058139738139,0.8618894167278577,0.6155227000186408,0.3973466078636679,0.7717022922387967,0.2188066139429637,0.2360358500986551,0.4136515818912241,0.4435025790972299,0.3413947732399965,0.3120582552927969
L3_ID3888,0,0,0,0,0,0,0,0,0,0,0,0,0,0,0,0.1692839556651029,0,0,0,0,0,0,0,0,0,0,0,0,0,0,0,0,0,0,0,0,0,1,0,0,0,0,0,0,0,0,0,0,0,0,0,0,0,0,0,0,0,0,0,0,0,0,0,0,0,0,0,0,0,0,0.1051786075639936,0,0.1489282451762575,0.1073587479689186,0.3213220104550769,0,0,0,0,0.2187330677454342,0,0,0,0,0,0,0,0.0958106938555771,0,0.0649387181949844,0,0,0,0,0.2962408855867072,0,0,0,0,0,0,0,0,0.0439259053747875,0,0,0,0,0,0,0,0,0,0,0,0,0,0,0,0,0,0,0,0,0,0,0,0,0,0.3183325418241486,0,0,0.3041104476792084,0,0,0,0,0,0,0,0
L3_ID3892,0,0.4393709800924768,0,0,0,0,0,0,0,0,0.418551815434116,0.1869050496041907,0.1423191874500935,0.4538508583232954,0,0.7108210879224701,0.6985785501876786,0.0920037722289328,0.0750424458330324,0.0936202270490799,0.4698074580580391,0.1182068609582479,0,1,0.2503371186289696,0,0,0,0,0,0,0,0,0,0.1866063865153699,0.1018874700015937,0.2928042449757682,0.9739468366155826,0,0.1458147656637354,0,0.1785694268143172,0,0,0,0,0,0,0.1723905801754567,0,0,0,0,0,0,0,0,0,0,0,0,0,0.0442759632466817,0.1432354123237854,0.2115252796315512,0.3662742514497708,0.1234728692418204,0,0,0.1075091462207628,0.5902722732034476,0.0843970256199581,0.2592523556413259,0.4221640800825687,0.3510819239718453,0.186963181744079,0.0203385875429249,0.2351933065064788,0.1657770460650655,0.0571283688748749,0.2087694886827611,0,0.1053852053810682,0,0,0,0,0.0718729197556856,0,0.5082610497989943,0,0.0570785615394737,0.0527610845873525,0.2218707036737109,0.352864566383828,0,0,0.1815319160014655,0,0,0,0,0,0,0,0,0,0,0,0,0,0,0,0,0,0,0,0,0,0,0,0,0,0,0.2896736916944634,0,0,0.0430501873955473,0.1856128840751421,0.6905555447980762,0,0,0.9801399251880044,0.4301955378509817,0,0,0,0,0,0,0
L3_ID3897,0,0.5364211393533688,0,0,0,0,0,0,0,0.3583281861439317,0,0,0,0.192750037381076,0,0.2402045189584199,0.2764619421693452,0,0.1398394508076667,0,0.2604483517860674,0,0.0447634470692149,0,0.1090524797398178,0,0,0.2213480695183327,0,0,0,0,0,0,0,0,0.2108360181624975,0.8388766951198268,0,0,0,0,0,0,0,0,0,0,0,0,0,0,0,0,0,0,0,0,0,0,0,0,0.3157914597772109,0,0.0359070052686266,0,0.0330275374807882,0.0837600546195634,0,0,0.120332896793332,0,0.0117157824468474,0.1628058331755553,0.2603211415352433,0,0,0.0316929967596183,0.1249927015500686,1,0,0,0.047788122004545,0,0,0.0293335983595863,0,0,0,0,0,0,0,0,0.2600278099590506,0,0,0.0928495305221449,0,0,0,0.2638452256308818,0,0,0,0,0,0,0,0,0,0,0,0,0,0,0.767669579814711,0,0,0,0,0.0289855478224703,0,0,0,0,0,0.0181415476427826,0,0.7442100384040973,0,0,0,0,0,0,0,0,0,0,0
L3_ID3905,0,0,0,0,0,0,0,0,0,0,0,0,0,0,0,0,0,0,0,0,0,0,0,0,0,0,0,0,0,0,0,0,0,0,0,0,0,0,0,0,0,0,0,0,0,0,0,0,0,0,0,0,0,0,0,0,0,0,0,0,0,0,0,0,0,0,0,0,0,0,0,0,0,0,0,0,0,0,0,0,0,0,0,0,0,0,0,0,0,0,0,0,0,0,0,0,0,0,0,0,0,0,0,0,0,0,0,0,0,0,0,0,1,0,0,0,0,0,0,0,0,0,0,0,0,0,0,0,0,0,0,0,0,0,0,0,0.7936608488176534,0,0,0,0
L3_ID3941,0,0,0.0184449259827142,0,0,0.0337077441948553,0,0.123847066893307,0,0,0,0.0244499629915376,0.2260384516773582,0,0.0446530846272124,0.1097372468258737,0.0545821793900397,0.0434012998661332,0,0,0,0.0500414386911162,0,0.0196641574711475,0,0,0,0,0,0,0,0,0.1354581356550425,0.2445511674353188,0,0.1749533406474667,0.3970374836570802,0.1626775477907464,0.3412972559567208,0.0554132531990625,0,0.1545866948601422,0.0263829455089138,0,0.2661181289942115,0.395763661090844,0.1886144919827574,0.1897386230012746,0.1415058829371305,0.1348793381774623,0.2709096080435575,0,0,0,0,0,0,0,0,0,0,0.0625112925959875,0.1616193114174782,0.3782521090360086,0.0068841737131443,0,0.0119821834500987,0.0337378079678036,0.0397884677932116,0.0168455904584127,0,0,0,0.0640555098853241,0,0.1206010017800552,0.1627548501169808,0.0441128711002113,0,0,0.0243975108539195,0.0464827219366589,0.0177239538917075,0.0066747012253625,0.0337434663409912,0.1098322827190376,0.0429964062647224,0.386595217211769,0,0.0350452163757768,0.0902575297846709,0.0374439804646668,0.0095472346346632,0.0425309054043974,0.0098318652369231,0.0504079064890965,0,0,0.036370820931089,0,0,0,0,0.0229849457942187,0,0.1113109308826727,0,0,0,0,0,0,0,0,0,0.1141918882634221,0,0,0,0,0.1567161699380791,0.1161833931331368,0,0,0,0,0.0164233652474085,0,0,0.1416419843732135,0.656746478048372,1,0.5480121319084723,0.5672916610174089,0,0,0,0,0,0,0
L3_ID3944,0.0310848106629126,0.0353246099720337,0.0119828760528839,0,0.0611658261116963,0.0136162009035994,0.0143746073795541,0,0,0.0129263741109191,0.0270140956791399,0.0884212748130134,0.0872671819222476,0.189049655206351,0.1723759249794326,0.0664149116152769,0.094561905793282,0.0588197599881751,0.0136642917588235,0.0313813312768716,0.0682615364882653,0.0491794100908313,0.0605353919729912,0.1218729071714413,0,0,0,0,0,0,0,0,0.0397652061928105,0.0749608216250587,0.072780247405458,0.0624391808681431,0.064163277048175,0.1050145331357685,0.0846747752223959,0.0335800262433037,0.0943956936139827,0.18202599539601,0.1310351170350515,0.1287528650072627,0.1335276127123246,0.1729110013106095,0.1296245952359415,0.0520346482189378,0.0501158857837608,0.0943374574945413,0.0440313934237153,0,0.0247283893999782,0,0,0,0,0,0,0,0,0.0725199414187624,0.0666009703877418,0.0584691150932608,0.039339534958078,0.0667895980997462,0.0492893934545426,0,0.0613006442634259,0.0466016941941331,0.0519458397354684,0.0527940922496567,0.02287416005656,0.0351981050519413,0.0384571707525803,0.0863620465240886,0.0245548055923787,0.0211859778559868,0.0292186577554964,0.0363921374033441,0.0664382214152818,0.0251869016097998,0.0395701023991582,0.0587274572740833,0.0841707628458798,0.0760327653807169,0.0353452203385583,0.0239689447306065,0.1501364234830714,0.1086748728216288,0.0629342083530328,0.0392627891686876,0.0358768014790868,0.1134611858720279,0.0642025480482272,0.0422466968810801,0,0,0,0,0,0,0,0.0610971914162702,0,0.1731748140021247,1,0.3604011746051299,0.5883435279293776,0.198488714362028,0.2660608411264826,0.3450256441574956,0.0575895347584991,0,0.455165362638158,0,0,0.0611679549540238,0,0,0,0,0,0,0,0.5104458710826717,0,0,0,0,0,0.0727026470086909,0.1015662486623347,0.0197140893601627,0,0,0,0,0,0,0.2835666083957488
L3_ID3954,0,0,0,0,0,0.0444770714372906,0,0,0,0,0,0,0,0,0,0,0,0,0,0,0,0,0,0,0,0,0,0,0,0,0,0,0,0.0544697831361482,0.0587251724482445,0.0507143491865305,0,1,0,0,0,0,0.1150937018622379,0,0,0,0,0,0,0,0,0,0,0,0,0,0,0,0,0,0,0,0,0,0,0,0,0,0,0,0.2186127384278818,0,0.133836967629901,0.3480100357373981,0.1912254063017355,0.01531286269976,0.024943676569765,0,0.0379443049176985,0.0300174138070794,0,0,0,0,0,0,0,0.0322461736856781,0,0,0,0,0.0539814488116836,0,0.1257878904581217,0,0,0,0,0,0,0,0,0,0,0,0,0,0,0,0,0,0,0,0,0,0,0,0,0,0,0,0,0,0,0,0,0,0,0.2219924228285071,0.0738690962977792,0.1828725703195378,0.2084250997355688,0,0,0,0,0,0,0,0
L3_ID3958,0.5885270352722475,0.3969912931738125,0.1282175744278441,0.3451693911778719,0.8068621661173363,0.3035796385702735,0.3008838392977654,0,0,0.3352517673166804,0.2604976460614907,0.3104608411588607,0.4587183329593544,0.7280023094442389,0.6950813766144075,0.3204875039225212,0.843050684194145,0.2386152574046768,0.1242584891448882,0.1606862357719458,0.2269119656376497,0.2840731707724163,0.341589257635451,0.4850232711421232,0.5356718869019512,0,0.458599294819036,0,0,0.0999952099469602,0,0,0.5397504573968425,0.3968050133333787,0.2981599809590069,0,0,0.3405703228751218,0.2577825748089195,0.218259511874435,0.2870210159851521,0.4757180076615301,0.8978808379569764,0.0990392537395411,0.0794022343787854,0,0,0.1646363689779985,0.198645074952621,0.2670799240574346,0.2340442694573019,0.1457186505930937,0.2284191717934427,0.0804104447425868,0.1702582519840399,0.1735608658201826,0.1519748217780932,0,0.1400590113245369,0,0,0.4039867717895255,0.1953096652199996,0.4103292703748631,0.2461356938998568,0.3050427975272256,0.1285214873263712,0.0738517178407548,0.2654917979389573,0.3009740572856281,0.3170323801198748,0.2767942181462537,0.1064101660679455,0.1360689716543821,0.1959546618286421,0.3311344293258543,0,0.2362234455426321,0.2988016990424577,0.4236664385891782,0.4155055773248682,0.0998902439180164,0.1989750776733712,0.270449992484939,0.2222726189753373,0.286987725116526,0.1356913345172925,0.0682240601596599,0.7786059412837427,0.276372307617632,0.3586128772805442,0.3147490097363682,0.1848226850099441,0.7200752400242355,0.3237438458463001,0.1488032744376797,0.0715740263312409,0,0,0,0,0,0,0.3377410195021155,0,0,0,0,0,0,0,0,0.6206782119008761,0.2323342418112446,0.3761550733899993,1,0,0,0,0,0,0,0,0,0,0.2417176576683214,0,0.1176383484408058,0,0,0,0.7681392921877003,0.4934087167043413,0,0,0,0,0,0,0,0.1710353263218311
L3_ID3962,0,0,1,0.2792056243280538,0.8869611663067055,0.3918146509113574,0.7426526511761226,0.578743373019409,0,0,0,0,0,0,0,0,0,0,0,0,0,0,0,0,0,0,0,0,0,0,0,0,0.3122505466888188,0,0,0,0,0,0,0,0,0,0,0,0,0,0,0,0,0,0,0,0,0,0,0,0,0,0,0,0,0,0,0,0,0,0.7219960848262822,0.960427383973892,0,0,0,0,0,0,0,0,0,0,0,0,0,0,0,0,0,0,0,0,0,0,0,0,0,0,0,0,0,0,0,0,0,0,0,0,0,0,0,0,0,0,0,0,0,0,0,0,0,0,0,0,0,0,0,0,0,0,0,0,0,0,0,0,0,0,0,0,0,0,0,0,0
L3_ID4010,0,0,0,0,0,0,0,0,0,0,0.5943847409444677,0,0,0,0.1331733548477111,0.3380314021898206,0,0,0,0.1385924796239288,0.2454565062897636,0,0,0.2458948016888125,0,0,0,0,0,0,0,0,0,0,0.0408323845389549,0,0.5826128088248606,0,0,1,0,0,0,0,0,0.1126053240911461,0,0,0,0,0,0,0,0,0,0,0,0,0,0,0,0,0.1963119470326529,0.219173260542968,0,0,0,0.7297739297681143,0.7298828436861806,0,0.2880837010210785,0,0.3056156933409648,0.0881738567585106,0.0541213610963273,0.4405579370861623,0,0.0833787351025709,0.1828158753894201,0,0,0.0816071736731463,0.1023934352775666,0,0.030598078166058,0.161409670927226,0,0,0,0,0,0.1040490477356907,0,0.1456294345898674,0.0577339229153029,0,0,0,0,0,0,0,0,0,0,0,0,0,0,0,0,0,0,0,0,0,0,0,0,0,0,0,0,0,0,0,0,0,0,0,0,0,0,0.3850610969801767,0,0,0,0,0,0,0
L3_ID4020,0,0,0,0,0,0,0,0,0,0,0,0,0,0,0,0,0,0,0,0,0,0,0,0,0,0.0250478576140424,0,0,0,0,0,0,0,0.3801131155321901,0.2728536007719779,0,0,0,0,0,0,0,0.1242416029893611,0,0,0,0,0,0,0,0,0,0,0,0,0,0,0,0,0,0,0,0,0,0.0568739274133064,0.03419111706117,0,0,0,0,0.305447419876498,0,0,0,0,0,0,0.0364455684339307,0,0,0,0.0576162284436167,0.049014931105322,0.0377120493524781,0,0,0,0,0,0,0,0,0,0,0,0,0,0,0,0,0,0,0,0,0,0,0,0,0,0,0,0,0,0,0,0,0,0,0,0,0,0,0,0,0,0,0,0,0,0,0,0,0.7290689043397186,1,0,0,0,0,0,0,0
L3_ID4023,0,0,0,0,0,0,0,0,0,0,0,0,0,0,0,0,0,0,0,0,0,0,0,0,0,0,0,0,0,0,0,0,0.0470700376057037,0.0794529492261775,0.1233671593122309,0,0,0,0,0,0,0,0,0,0,0,0,0,0,0,0,0,0,0,0,0,0,0,0,0,0,0,0,0,0.0257790650584097,0.0112361646240496,0.0045582869034612,0,0,0,0.1027319083993768,0,0,0,0,0,0.0854681038104944,0.0089224812133288,0,0,0,0,0.0140435398782616,0.1626533274697963,0,0.0158081385023595,0,0,0,0,0,0,0,0,0,0,0,0,0,0,0,0,0,0,0,0,0.1244486206693878,0,0,0,0,0.0284478998737205,0,0,0,0,0,0,0,0,0,0,0,0,0,0.0289037833283129,0,0,0,0,0,0,0.2250962795577717,1,0.02054272844879,0.0530522076076943,0,0,0.1126022139400344,0.0584119999769097,0.06328088839408
L3_ID4028,0,0,0,0,0,0,0,0,0,0.7331380205637085,0.0337516078295842,0,0,0,0.2141125814942411,0,0,0,0,0,0,0,0,0,0,0.4380112573155777,0,0,0,0,0,0,0,0,0,0,0,0,0,0,0,0,0,0,0,0,0.68549173131501,1,0.3465391719221458,0,0,0,0,0,0,0,0,0,0,0.2386832798147549,0,0,0.0075226339295603,0,0,0,0,0,0,0,0,0,0,0,0,0,0,0.0376959479984476,0.1468487752561305,0,0,0,0.3746604334239103,0.2362321883112022,0,0,0.1701633482868862,0,0,0,0,0,0,0,0,0,0,0,0,0,0,0,0,0,0,0,0,0,0,0.0301382595162929,0,0.11822298631583,0,0,0,0,0,0,0,0,0,0,0,0,0,0,0,0,0,0.0632337483544388,0,0,0,0,0,0,0,0,0,0,0
L3_ID4051,0,0,0,0,0,0,0.4245974143832056,0,0.1123294270549127,0.4794633805905005,0,0,0,0,0,0,0,0,0,0,0,0,0,0,0.2428716203937897,0.540852609515062,0,0.3688102346385259,0.6495364036796125,0,0.1571249914908273,0,0,0,0,0,0,0,0,0,0,0,0,0,0,0,0,0,0,0,0,0,0,0,0,0,0,0.1566541289979696,0,0,0,0,0,0,0,0,0,0,0,0,0,0,0,0.1286625021794629,0.1150982911196277,0,0,0,0,0,0,0,0,0,0,0,0,0,0,0,0,0,0,0,0.1016233907294423,0,0,0.4677410781486051,0,0,0.1037887904863586,0.6381853098471698,0.7880588919260666,0,0,0,0,0,0.2738850598835784,0,0,0,0,0,0,0,0.5778496888922025,0.2228920828479497,0,0.1115262207727091,0.1067438712829302,0,0,0,0.9644813002731386,0.5538587601239713,0,0,0.179984284536574,0.4974217660309055,0,0,0,0,0.964863714030826,0.4875814813234481,0,1,0.6464307954232082,0,0
L3_ID4052,0,0,0,0,0,0,0,0,0,0,0,0,0,0,0,0,0,0,0,0,0,0,0,0,0,1,0,0.2989883414278619,0,0,0,0,0,0,0,0,0,0,0,0,0,0,0,0,0,0,0,0,0,0,0,0.1755969052820027,0,0,0,0,0,0,0,0.10522232969694,0,0,0,0,0,0,0,0,0,0,0,0,0,0.1306915617299631,0,0,0,0,0,0,0,0,0,0,0,0,0,0.0771833366600416,0,0,0,0,0,0,0,0,0,0.2031389085225835,0,0,0,0.7794133458952054,0,0,0,0,0,0,0,0,0,0,0,0,0,0.2216419579821163,0.5746163882997627,0.4333878415008003,0.26421207173477,0,0,0,0,0.1547240088711298,0.8816388341303241,0.5654819777222011,0,0,0.162935595411898,0.2850752753430958,0,0.246264653526965,0,0,0,0,0,0,0,0,0
L3_ID4053,0,0,0,0,0,0,0,0,0,0,0.018928370524006,0,0,0.3176449501825826,0,0,0.4480650902001218,0,0,0,0,0,0,0,0,0,0.2270285532287848,0,0,0.5304457302542276,0,0.302164399340849,0,0,0,0,0,0,0,0,0,0,0,0,0,0,0,0,0,0,0,0,0,0,0,0.2888987985184654,0.0850268549676227,0,0,0,0,0,0,0,0.0519519801329278,0.0799734660349695,0.1232893277016818,1,0.0434557821660342,0,0,0,0,0,0,0,0,0.2419413247105417,0.0736261940557389,0.029155859740054,0,0.329203806891524,0.5366985008696953,0.092491860222554,0,0.2858992718928588,0,0,0,0,0,0,0,0,0,0,0.1156851490255338,0,0,0,0,0,0,0.552277216167837,0,0,0,0,0,0,0,0,0,0,0,0,0,0,0,0,0,0,0,0,0,0,0.3942760771388187,0,0,0,0,0,0,0,0,0,0,0,0,0,0
L3_ID4054,0,0,0.4289814948538403,0,0,0,0,0,0,0,0,0,0.1505204172412541,0,0,0,0,0.0367294068933285,0,0.2015205780190956,0.0539418622470679,0.097601886371743,0,0.1624881299118058,0.0816062288353307,0,0,0,0,0,0,0,0,0,0,0,0.5222837702147313,0,0,0,0,0.3056367183160081,0,0.2173749584746885,0,0,0,0,0.4951336913676669,0,0,0,0,0,0,0,0,0,0,0,0,0,0.2655081247285202,0.2072379624590222,0,0,0,0,0,0,0.1981928642331115,0,0.1038772835611401,0,0.0367999661343225,0.1192290298418458,0.0200161672200984,0,0,0,0,0,0,0,0,0,0,0.0172644464641507,0,0,0,0.0513642071564426,0.2259261178790365,0,0,0,0,0,0,0.0300635738588965,0.0488715472482744,0,0,0,0,0,0,0,0.3449009068984589,0,0,0,0,0,0,0,0,0,0,0.0875237374181478,0,0.1043866133649552,0,0,0.0310812715301361,0,0,0,0.0512521450285086,0,1,0,0,0.2663863485186979,0.1945725769767013,0,0,0,0,0,0
L3_ID4055,0,0,0,0,0,0,0,0,0,0,0,0,0,0,0,0.1036792912076598,0,0,0,0,0,0,0,0,0,0,0,0,0,0,0,0,0,0,0,0,0.2388122721738177,1,0,0,0,0,0.156515903557884,0,0,0,0,0,0,0,0,0,0,0,0,0,0,0,0,0,0,0,0.3022219926623084,0,0,0,0,0,0,0,0.1664912735584403,0,0.1719653477705809,0.3405661478350094,0.4694670438449809,0.0561975466899925,0,0,0.0996282879535387,0.0285876127195327,0,0,0,0,0,0,0,0,0,0.0634234226193054,0,0,0.0728529606913796,0,0.241492026847484,0,0,0,0,0,0,0,0,0,0,0,0,0,0,0,0,0,0,0,0,0,0,0,0,0,0,0,0,0,0,0,0,0,0,0.3443363996062303,0,0,0,0,0,0,0,0,0,0,0
L3_ID4060,0.2014124374262342,0.2464074518741606,0.3480283260754548,0,0.3806525171950674,0.4496110862398763,0.1361937650075292,0.0855064201701192,0.0446995543526922,0.0779376399006959,0.0402274861625493,0.1434755606202434,0.0740115227300476,0.0576556713198486,0.2716313540352448,0.0445194792641732,0.0324584507651296,0,0.0283699101583167,0.0296197600830247,0.0165338330755769,0.0407488884253795,0.0179558587867811,0,0.0755784206991982,0.0878891274266411,0.7695650970656465,0.1720062879003703,0.0164201914248504,0.522163444711245,0.1723547678157177,0.6401369093646982,0.617168043628668,0.2890950510764722,0.3776139758251597,0.5046246388018396,0,0.1629787249196207,0.4245222416670058,0.2207986650929958,0,0.0841029363884253,0.1695326909771682,0.0716964561881893,0.2788302063408083,0.4311705669284929,0.368315615970046,0.0687207861910382,0.2065665622074803,0.0856778214154898,0.1186203858206829,0,0.7858172642546091,0.4907295999348826,0.331006084408449,0.8065963127263848,0.8385418582882259,0.0766904073908265,0.7381390256806805,1,0.8161667819787555,0.129377233323837,0.1360489092833014,0.1838673843148427,0.0311640246632208,0.0816378149037483,0.0127357085079972,0.0286606110862398,0.0206779645008343,0,0.2437498880794432,0.1382063815066541,0.2716134060477799,0.1120813967685483,0.1409932949411908,0.081125300150584,0,0.0836165601725611,0.0196413944589149,0,0.2120582597370884,0.0504002686093362,0.1145371983232265,0.0543243406861747,0.0334812711122868,0.0977365898823816,0,0.1071398091245777,0.0917856823084123,0.1735238085548003,0.0236718794513857,0.3672927027796996,0.1929990842863538,0.2800806031500549,0.1076775161776077,0.0919514977005412,0.0079222387418094,0.0238087786414879,0,0.7091075658296365,0.5536732326726629,0.7317268324447519,0,0,0,0,0,0,0,0.1523031724390541,0,0,0,0,0.16751871108217,0.1498638232062187,0,0,0.7095682715396199,0,0.1540749053762565,0,0.4367707460013837,0.9274586300923854,0.6466936632615685,0.0266456900411053,0.4577787228847014,0.288196715640389,0.3709002889585283,0.4734775141426885,0.4658514101990151,0.3892701151764275,0.4361444792641732,0.3438708233283138,0.0693128433926173,0,0,0.1157974848398518,0.1386749725285906,0,0
L3_ID4069,0.01697980936065,0,0.0958214836361533,0.0966129365213293,0.287856179853781,0.1287872098929041,0.5297272140958151,0.0126140663630833,0.1915942709758056,0.283373284023396,0.232513753238655,0.0646919629711994,0.1857230375218448,0.0869717639098679,0,0.1880987360185478,0,0.0379280166149073,0.1112955607887939,0.0379878216667484,0.2946083003227412,0.0574818660931398,0.1022111926468037,0.1517126316211835,0.5304086399113428,0.2981076173497153,0.0133578952544789,0.402649903708505,0.0712257462745581,0.0169382710608678,0.1514534459537424,0.006216973720873,0.1236259955610879,0.1719989659305658,0.3432016901450678,0.2078315042556536,0.3095885713279782,1,0,0.3873255245283725,0.0465034223948863,0.1448886604232259,0.2290076650175467,0.2253754555159148,0,0.1451708049729678,0.077145061438691,0.084923925730603,0.0400185868097086,0.2396578916804231,0,0.0691937197253914,0.0235800689859831,0.0096674343580541,0.1004930220126084,0.0329424933892859,0,0.0145747181653221,0,0,0.013834870654419,0.0784548072237806,0.2117488087511867,0.0781644624592447,0,0,0,0,0,0.0622197400384065,0.2830326484761491,0.0676212275401789,0.1252190634948992,0.338950798504941,0.1842333597700006,0.0943839522449747,0.0662913003302365,0.0777387582791225,0.1303815908065999,0.0765137867271632,0.0966101945207849,0,0,0,0.0107831814557282,0.0141191571234733,0.0159753829723794,0.0995959182992486,0,0.2199270982854021,0.01193842270897,0.0528269580789203,0.348857818383912,0.02895544516439,0.4864520890502755,0,0.0491359556588771,0.0814649135329468,0.0190218057464354,0.0280853359736305,0.0829265094171473,0.4687755762464567,0.3094516947866988,0.0313105990715912,0,0,0,0,0.184603166678838,0,0,0.0402425412084001,0.0061338922862762,0.0180548744964861,0,0.1325675970179962,0.2681206438292919,0.1686791059627286,0.0375147234254934,0,0,0.0547218341016436,0,0.0515339748136161,0.3463870610031341,0.1740771595171108,0.0397505798944348,0.0455731449876367,0.0727344783515017,0.8998443643929276,0.5086454159733446,0.1925172593032382,0.7573731191251564,0.3465705945317323,0.2874415618655148,0.0885462545751009,0.111141413512111,0.1555536736893512,0.2297902611979864,0.2446113113659722,0.1514484175201422
L3_ID4077,1,0,0,0,0,0,0,0,0,0,0,0,0.0241862757216305,0.2341880646344027,0,0,0,0,0,0,0,0,0.0368429126618986,0,0,0,0,0,0,0,0,0,0,0.0229539393029018,0.0283560782340579,0,0,0,0,0,0,0,0,0,0,0,0,0,0,0,0,0,0,0,0,0,0,0,0,0,0,0,0,0,0,0,0,0,0,0,0,0,0,0.0222327053648526,0.0522957052629736,0,0,0,0,0,0.1268485036176697,0,0,0,0,0,0,0,0,0,0.0441633858476753,0,0,0,0.0420167309057814,0,0,0,0,0,0,0,0,0,0,0,0,0,0,0,0,0,0,0,0,0,0,0,0,0,0,0,0,0,0,0,0,0,0,0,0,0,0,0,0,0,0,0,0,0,0
L3_ID4079,0,0,0,0.191054595946196,0.054666080031386,0.269146760827298,0.1557231070483291,0,0,0,0.0565649344861647,0.1209081294101286,0.0527645521289782,0,0.184461261673191,0.122972396076142,0.0229800121654822,0.1131507972385712,0.0596571469004589,0.0393739890363679,0,0.084651168317813,0,0,0,0.2156708831921501,0.230280438296546,0,0,0.8062764730201789,0,0.6791966720923913,0.1176445329385707,0,0.6568838897433452,0.4088024122930163,0.2206306702999801,0,0.6256998544136995,0.1411857939164297,0,0,0.2823191199509762,0,0.5816192961582628,0.3451481660007937,0.5213391998745764,0.0927023265165679,0.321526825255737,0.0206240879657075,0.327442970533378,0.5708113600277982,0.3274103474059219,0.2069589064482709,0,0.931095667874798,0.4771509028574185,0,0.4234297157920245,1,0.9682703458079776,0.4379124175730164,0.0784525503324214,0.1789416493556025,0.1080014662270309,0,0,0.0092190219967973,0,0.1856354528269106,0.3911969705763416,0.1717510968908298,0.3096679827723506,0.0255519998047794,0.035638002,0.0494594288894022,0.0922483703982311,0,0,0,0.1245346081211,0.0349191037124318,0.0263846727455134,0,0.0358312940541771,0.0700794890177126,0,0,0.0891134527319384,0.0331397888763096,0.0608652162180802,0.0892070351762581,0.1619051985577798,0.2442243520505131,0,0.1343323726666337,0,0,0,0.6156286120986249,0.0685621484946346,0.1774334273852994,0,0.5946215439270764,0,0,0,0,0,0,0,0,0.1004122197143373,0,0,0.0540524413593984,0,0.0758691166250661,0.5008298522768257,0.3248033708712076,0,0,0.0749007573841801,0.4600061774306185,0.2201433019749311,0,0.2307112402385007,0.2248352967823656,0.1772747576796491,0.0397164199902842,0.1286001152197041,0.2147595614264517,0.7506140214343133,0,0,0,0.0297304306224558,0,0,0,0
L3_ID4087,0,0,0,0,0,0,0,0,0,0,0,0,0,0,0,0,0,0.0011206874834754,0,0,0,0,0,0,0,0.1416385091561716,0,0,0.0454552839984865,0,0,0.0448678625191388,0,0,0,0,0,0,0,0,0,0,0,0,0,0,0.0205654131311003,0,0,0,0,0.3812349006274344,0.5337979735814431,0.2322391706684435,0.4373593918847732,0.2956604721883575,0.3310185928309143,0,0.5406646129475481,0.6341840442397859,0.2174628735089634,0,0,0.0069633594413442,0,0,0,0,0,0,0,0,0.004245472719383,0,0.0028829064591884,0,0,0,0,0,0,0,0,0,0,0,0.0140699121884132,0,0,0,0,0,0,0,0,0.0863332794369089,0.0062500073406147,0,0,0.1185750046392685,0,0.3799611789144659,0,0.5728091973486962,0.9661306865186468,0.457706841774801,0.144612949342407,0.1573013146812555,0.241221777565846,0.3773401335917926,0.3140981823202502,0.6437646012982644,0.4116196949975679,0.8837889560440947,0.5733643870697649,0.1275878113693006,0.3039173696039304,0.3748214001255756,0.5035719104886096,0.4767307516467554,1,0,0,0,0.360322435467623,0.0882599447494225,0,0,0,0,0,0,0.0166665802105379,0,0.1033948853119759,0.2575722029386992,0.2363712951210729,0.3794684551057575,0.0897334195415123,0.1298439669695393,0.3137658808489691
L3_ID4088,0,0.2464074518741606,0.3480283260754548,0.3129391915265964,0.3806525171950674,0.4496110862398763,0.2392130763908672,0.0855064201701192,0.0446995543526922,0.1878079748483985,0.0402274861625493,0.1434755606202434,0.0740115227300476,0.0576556713198486,0.0066868202098001,0.0445194792641732,0.0324584507651296,0.0545959260917341,0.0283699101583167,0.0296197600830247,0.0165338330755769,0.0407488884253795,0.0369460708253632,0.0228633322819584,0.132787717227626,0.0878891274266411,0.7695650970656465,0.1720062879003703,0.0372555165337186,0.522163444711245,0.1723547678157177,0.6401369093646982,0.617168043628668,0,0,0.5046246388018396,0.5263746286272435,0.1629787249196207,0.4245222416670058,0.2207986650929958,0.1100282853770705,0.0841029363884253,0.1695326909771682,0.1416405315208986,0.2788302063408083,0.4311705669284929,0.368315615970046,0.1254417784176468,0,0.0856778214154898,0.069267678360669,0.6566718489275976,0.7858172642546091,0.4907295999348826,0.331006084408449,0.8065963127263848,0.8385418582882259,0.2371599141264092,0.7381390256806805,1,0.8161667819787555,0.129377233323837,0.1360489092833014,0.1838673843148427,0.0449888575454804,0,0,0,0.0101367108013511,0.1869630051686948,0.2437498880794432,0.1382063815066541,0.2716134060477799,0.1120813967685483,0.1409932949411908,0.081125300150584,0.3834886248015954,0,0.0242665133694192,0.0119459461865613,0.2120582597370884,0,0.1145371983232265,0.0161753642505392,0,0.0977365898823816,0,0.1071398091245777,0.0917856823084123,0.1735238085548003,0.0814013979894998,0.3672927027796996,0.1929990842863538,0.2800806031500549,0.1076775161776077,0.0919514977005412,0.0274681636889015,0.0238087786414879,0.3354398223515526,0.7091075658296365,0.5536732326726629,0.7317268324447519,0.3987587399780228,0.8986271621016646,0.5752842731268568,0.0513544473159415,0.5645351023564364,0.1182752329982499,0.4876469008180375,0.3226580998941842,0.5991240486752676,0.1483380611289732,0.4730624720198608,0.5982063815066542,0.16751871108217,0.1614787401815147,0.7069892149281674,0.715018110781002,0.7095682715396199,0.3490864942411786,0.1540749053762565,0.2902941679215335,0.4367707460013837,0,0.6466936632615685,0.1378726687965487,0.4577787228847014,0.288196715640389,0,0,0,0,0.4361444792641732,0.3438708233283138,0.0815210003662854,0.2191198567416873,0.2886718998005779,0.1213958522241667,0.1386749725285906,0.1463862683651459,0.3212956127141752
L3_ID4089,0,0,0,0,0,0,0,0,0.182426303524947,0,0,0,0,0,0,0,0,0,0,0,0,0,0,0,0,0,0,0,0,0.2170613422098414,0,0,0,0,0,0,0,0,0,0,0,0,0,0,0,0.1459876828368687,0,0,0,0,0,0.3574033121868797,0.4448901601749804,0,0.3017377336054014,0,0.3607823945329201,1,0.640827518768768,0.1485006342688946,0.057913528145929,0,0,0,0,0,0,0,0,0,0,0,0,0,0,0,0,0,0,0,0,0,0,0,0,0,0,0,0,0,0,0,0,0,0,0,0.1651211255607143,0,0,0,0.0687427887378454,0.6461430672840508,0,0.5114844448749348,0.979616174303702,0.4882575228884499,0.0591707768219459,0.1055457918654364,0,0.5254149768938221,0.1821038427985901,0.2303953764468512,0.9169319240224224,0.159944417550344,0.9479181627881308,0.1592362497820122,0.2121862379966456,0,0.9943776318313816,0.3582892282788106,0.3313216410509886,0,0,0.2716381773961656,0.2054257089563174,0.1342161320364303,0.2420638442618879,0.3796760832508323,0.215867891963731,0.0184008844948848,0,0,0,0,0.0328855508910631,0.2629109003417341,0.6316744771568624,0.0885087839434668,0.3008572737017337,0.0234985784551026,0.0850623842378723
L3_ID4096,0,0,0,0,0,0,0,0,0,0,0,0,0,0,0,0,0,0,1,0,0.0696981842918483,0,0.0382563009815433,0,0.1550750710520809,0,0,0,0,0,0,0,0,0,0,0,0,0,0,0,0,0.1475376425256755,0,0,0,0,0,0,0,0.118291028307564,0.0399758405091539,0,0,0,0,0,0,0,0,0,0,0,0,0,0,0,0,0,0.0276146705092145,0,0,0,0,0,0,0,0,0,0,0,0,0,0,0.1730029544868946,0,0,0,0,0,0,0,0,0,0,0,0,0,0,0,0,0,0,0,0,0,0,0.0744028084486047,0,0,0,0,0,0,0,0,0,0,0,0,0,0,0,0,0,0,0,0,0,0,0,0,0,0,0,0,0,0,0,0,0,0
L3_ID4097,0,0,0,0,0,0,0,0,0,0,0,0,0,0,0,0,0,0,0,0,0,0,0,0,0,0,0.3573338251794307,0,0,0,0,0,0,0,0,0,0,0,0,0,0,0,0,0,0,0.3743286327252255,0,0,0.1787712985822704,0,0,0,0,0,0,0,0,0,0,0,0,0,0,0,0,0,0,0,0,0,0,0,0.1908360319989492,0,0,0,1,0,0,0,0,0,0.1160468529750024,0,0,0,0,0,0,0,0,0.2271287096004527,0,0,0,0,0,0,0,0,0,0,0,0,0,0,0,0,0,0,0,0,0,0,0,0,0,0,0,0,0,0,0,0,0,0,0,0,0,0,0,0,0,0,0,0,0,0,0,0,0
L3_ID4098,0,0,0,0,0,0.3865579567843404,0,0,0,0,0.0148930736570628,0,0.0443948796530717,0,0.0729002791428716,0.1104117628493215,0,0,0,0,0,0,0,0,0,0,0.2623259058525562,0,0,0.4322220342882545,0.1837998062926141,0.0507763413590615,0.079446494488552,0.1058712052435526,0.064358032934155,0.2801861082460659,0,0,0.1262125218980984,0,0.3530218705582321,0.1470092035380113,0.0701233592877183,0,0.1524960816173933,0,0.0993107704523608,0.0646215991534197,0.0338248734918705,0,0.2560273388680157,0,0.4314894167721155,0.2684243190995287,0.3294228309549666,0,0.1950276845825688,0,0.1615058634991723,0.2764131645957102,1,0.1239785228641981,0.0572281577131024,0.0155168737582547,0,0.0270025556616272,0.0307297221415243,0.0147381525316492,0.0361578298131459,0.0989975770735074,0.0378050577539497,0.1524366447921277,0,0,0.0254446371837266,0,0,0,0,0,0,0,0,0,0.0251315656640741,0,0.6467350508006637,0,0.1535424027977897,0.0398825019875235,0.022550940040155,0.0598569995985957,0,0.1163241884908371,0.0493118755629895,0,0,0,0.2870996681530239,0.0868933407236876,0.1653518769729004,0.2240060158231735,0,0.6742994649649923,0,0,0.5374975308279406,0,0,0,0,0,0,0.1785581241579529,0,0,0.0839397783405506,0.4980667190092555,0.2856786070810919,0.2104356761942689,0.1439194064067718,0,0,0.3162025394970042,0.2394140759806741,0,0.2670523672855814,0.0512035911419084,0.421139217983201,0,0.0761211092185023,0.1538671194873334,0.5782324188856415,0.4660127833957577,0.0597895733794676,0.1177689207125546,0.1384730922089076,0.042412691233644,0,0,0
L3_ID4102,0.4235134408081941,0,0,0.2115460963247518,0.1317845935850206,0.1710946322958638,0,0.1518530592899848,0.0890086610153718,0.2873215268046385,0,0.4183745170886535,0.2058235477456519,0.2629798657514217,0.3103880997989593,0.6034252402412329,0.1740421475360582,0.4055773705330638,0,0,0.2421264307197036,0.510098397572797,0.2801876515903901,0.3341269328094656,0.2313773705198544,0.1593168726003038,0,0,0.1463911159040729,0.1165653774434358,0.0973569930859954,0.2105496443068522,0.2276347147054244,0.1714899074475921,0.37223582314684,0.3171606645628916,0,0,0.4479640630012352,0,0.6336696427692767,0,0.3626686751137776,0.3605030249884434,1,0.1450988390974035,0.1659368686520105,0.7815370591053172,0.5852123667310648,0.2609297649603034,0.4583027397840221,0.2162511734086076,0.2940797593562102,0.2199969004114005,0,0.1314993776055153,0.2980411630385585,0.4220057184866848,0.3212853696049705,0.3026072936166373,0.2280051891855334,0.4733639796102153,0.3061126093153172,0,0.1969529650474326,0,0,0,0,0.4434770568029167,0.3466655051190105,0.2198419705167238,0.2698599716433545,0,0.2943609216973117,0,0,0.1284223358217004,0.1734283556811271,0,0.433819127083727,0.1074423133406015,0.1041685008486056,0.1230787570260038,0.0569101853749481,0,0.2360014243709298,0.1204961600568638,0.2417420698448997,0,0.5785859971379166,0.5171357119830307,0,0.2735227105132854,0.567933662859736,0.1740115842583169,0.2148425216794526,0,0,0,0,0.4425097315391693,0,0.2453940430437947,0,0,0,0,0,0,0,0.2094087308535347,0.1388278852543264,0.1639308047391937,0.1791277217416161,0.9290781369101428,0.3437293169498753,0,0.0800910197857842,0.2294739107171859,0.5818265962138258,0.2725426546784205,0.1253339917344744,0.1338952512757155,0,0.2454336382572056,0.1811402417547013,0,0,0,0.1558185744019158,0.2056494311795892,0.3337169456747728,0.1458438499519078,0.4307079802484941,0,0.6953738458523667,0.3048407080271419,0.1966616149470841,0,0.3226808779688732
L3_ID4107,0.0073702162283585,0,0,0,0,0,0,0,0,0,0,0,0,0,0,0,0,0,0,0,0,0,0,0,0,0,0,0,0,0,0,0,0,0,0,0,0,0,0,0,0,0,0,0,0,0,0,0,0,0,0,0,0,0,0,0,0,0,0,0,0,0,0,0,0,0,0,0,0,0,0,0,0,0,0,0,0,0,0,0,0,0,0,0,0,0,0,0,0,0,0,0,0,0,0,0,0,0,0,0,0,0,0,0,1,0,0,0,0.9147417013383784,0,0,0,0,0,0,0,0,0,0,0,0,0.280064236427004,0,0,0,0,0,0,0,0,0,0,0,0,0,0,0,0,0,0,0
L3_ID4125,0,0,0,0,0,0,0,0,0,0,0,0,0,0,0,0,0,0,0,0,0,0,0,0,0,0,0,0,0,0,0,0,0,0,0,0,0,0,0,0,0,0.033779347842449,0,0,0,0,0,0,0,0,0,0.0903010251605865,0,0,0.0692455023736285,0,0,0.5597780982159589,0.101676182245632,0,0.0324187246465045,0,0,0,0,0,0,0,0,0,0,0,0,0,0,0,0,0,0,0,0,0,0,0,0,0,0,0,0,0,0,0,0,0,0,0,0.0472749139736442,0,0,0,0,0,0,0,1,0.2380014986209676,0.1452459398592526,0.1058039938306964,0.0491257741353932,0.3214382518784212,0.2131325388732083,0.1289702856651683,0.3718587954063136,0.0895333818765908,0.2955259022977376,0.026365315476512,0,0,0,0.1640797832409991,0.1241215945332913,0,0,0,0,0.0863421465985529,0,0.0185394586798973,0,0.0103004121280381,0,0,0,0,0.0184086111365834,0.1471717637935414,0.0853020028856889,0.049545278751281,0.1346274743735305,0.0713230954958542,0.1206243601972728
L3_ID4127,0.0808742988713167,0.2088061410266164,0.2101250903224568,0.0545344303920369,0.2816062370225698,0.1190407242865977,0.1917116577010848,0.0757845623603729,0.076052250913273,0.0583618424632801,0.015382629507102,0.0188691250763589,0.0457618003410753,0.0470627174133475,0.0655741322421253,0.0430783513138695,0.0123909229299371,0.0272942532079887,0.0258437005689678,0.0073843925363733,0.016608729943586,0.0185848747215941,0.0062317048397176,0.0072444438068059,0.1638391458343746,0.0992889398936266,0.4372258435305108,0.2656314617993917,0.0175568172721724,0.3028443629717142,0.2003252913449782,0.4897931871844097,0.2913432164621315,0.1217233599810409,0.1097108208766534,0.134414146392263,0.2261990620167006,0.0671423981083733,0.066883204303427,0.0114542928565621,0.0180745052280341,0.0779356910958272,0.1039403861018321,0.0665201037855109,0.0615058901921654,0.1059381199983348,0.0722466609237874,0.0854218804218758,0.0595277598738741,0.0745529992667193,0.0116605739245836,0.7706849681899216,0.2628909574186954,0.268833920606022,0.1159846867140217,0.4638259946758525,0.2758623682159956,0.2585784964627265,0.6324853777778764,0.5230299264383375,0.5250035137181167,0.0366969441288151,0.0765671884239007,0.0387271562647342,0.0138961760567874,0.0098268237355214,0.0015662837670921,0.0056884617824592,0.0090554059067069,0.061338091392689,0.0131018559511292,0.0086719860984979,0.0452458578255037,0.0691812844300331,0.0521240966359591,0.0204714535361184,0.1318173961476077,0.0390093588877101,0,0,0.0444778151602875,0,0.0033725915713438,0,0,0.0118709871593667,0,0.0415865631577618,0.0357241884371464,0.1093666785726357,0.0201277343382458,0.1260475741120472,0.0487335778537491,0.1151416064288578,0.0246335945643009,0.0772414014391302,0.0278907538587606,0,0.1691268287320482,0.1597351915867037,0.3887607739340971,0.2929143737236264,0.40321177978403,0.5701868619436988,0.3632979157942184,0.1175341972534143,0.7727173784387295,0.1274813635914597,0.6799212248540779,0.1677659134238126,0.3764186188301622,0.5087551284950729,0.7897843262202454,0.5769778317990641,0.1975391781609075,0.1880357930752152,1,0.5369322767862444,0.6087772743804731,0.6189069860415672,0.2394729886100723,0.5524070567726802,0.5163723604212181,0.2987440464173582,0.2491316842369972,0.2381447758384866,0.2384899957887582,0.2812762672451132,0.1623974794439334,0.1342699518180179,0.084578367854771,0.0424602431930112,0.1671703594093195,0.0753285334595357,0.0428712148577619,0.4762862932498897,0.2661299195805514,0.1277062725447266,0.3200575117681825,0.0311860161555343,0.5437701614666031
L3_ID4128,0,0.3293025671343466,0,0,0,0,0,0.9795384261259644,0.9456586656834988,0,0,0.3442814237476819,0,0,0,0,0,0,0,0,0,0,0,0,0,0,0,0,0,0,0,0,0,0,0,0,0,0,0,0,0,0,0,0,0.109352008346485,0,1,0,0,0,0,0,0.1382328969904807,0,0,0,0,0,0,0,0,0,0,0,0,0,0,0,0,0,0,0,0,0,0,0,0,0.3384072309668727,0.0598391487610695,0,0,0.0321488003693171,0,0.082120481668857,0,0,0.0917227988415591,0,0,0,0,0,0,0,0,0,0,0,0,0,0,0,0,0,0,0,0,0,0,0,0,0,0.1461290772413976,0.0306609172610233,0,0,0,0,0,0,0,0,0,0,0,0,0,0,0,0.4471750338929638,0,0,0,0,0,0,0,0,0,0,0
L3_ID4129,0,0.3008418516068371,0,0,0.0770473086648644,0,0,0.6403613141552991,1,0,0,0.258973535719767,0,0,0,0,0,0,0,0,0,0,0,0,0,0,0,0,0,0,0,0,0,0,0,0,0,0,0.0933652008997826,0,0,0,0,0,0.0829095108673792,0,0.5096703688613736,0,0,0,0,0,0.1177289754033004,0,0,0,0,0,0,0,0,0,0,0,0,0,0,0,0,0,0,0,0,0,0,0,0,0.1119679958351689,0.0342476479604173,0,0,0,0.0601737264054293,0.0287541540459068,0,0,0,0,0,0,0,0,0,0,0,0,0,0,0,0,0,0,0,0,0,0,0,0,0,0,0,0,0.1335604380012912,0.0613292870006134,0,0,0,0,0,0,0,0,0,0,0,0,0,0,0.1988919560430824,0.4243437058983213,0,0,0,0,0,0,0,0,0,0,0
L3_ID4130,0,0,0,0,0,0.2058731354005281,0,0,0,0,0,0,0,0,0,0,0,0,0,0,0,0,0,0,0.5419089689874361,0.0881585112697873,0.6196182970603891,0,0.0777940853913544,0.057423782056146,0.1693081496209813,0,0.2668400713614075,0,0,0,0,0,0,0,0,0,0,0,0,0,0.1317281857236256,0,0,0,0,0.098412854603277,0.6208670302716363,0,0.1514854752925296,0,0.8285800200857791,0.3814279398236752,0.276898783692924,0.1726650035643432,0.6147007903158443,0,0,0,0,0,0,0,0,0.0231712747092811,0,0,0,0,0,0,0,0,0,0,0,0,0,0,0,0,0,0,0,0,0,0,0,0,0,0.1623716746773262,0.0916259246564577,0,0.3365370462793594,0.178000635864487,0.3609613241508744,0.6302516924916584,0.317343144108679,0.4811460061458462,0,0.152914260685171,0.0153246530083556,0.0154937127404472,0,0,0.1177159514855508,0,0.6384075230321552,1,0.3988256760138934,0.057474562185641,0.5409194919047531,0.4301038866988218,0.6333902273352672,0.4154266828626222,0.8078092907241774,0.6901703521888978,0,0.0929730732979039,0,0.0333227150808814,0,0.3259664848360525,0.2888599734557167,0.2429478605888561,0,0,0.3413509138635687,0,0,0.0088874260997407,0.2776051474221785,0.0519472479662638,0,0.0489939186755903,0
L3_ID4131,0.0006602799605717,0.0760200571800967,0.0495475724050305,0.0203813759979896,0,0.0055095971676375,0.0001515876390474,0.2233901995387005,0,0.0518209615307172,0,0.0686438125384799,0.0021474000422517,0,0.0382102346357768,0.0002787608419943,0,0.0031839267445944,0,0,0.1262846842889236,0.0014206399878363,0,6.523577462523017e-05,0.0883039583884986,5.624355239431935e-05,0,0,0.0018775009145546,0,0.031770792054007,0,0.1193841753297888,0.1499388258613006,0.103059552345532,0.0892432380989352,0.0872061395448259,0.1680288491287237,0.2630282733810961,0.1155007636046404,0.1283301799239179,0.2180639556116673,0,0.0046815610987648,0.0165804594729589,0,0.1230218013025539,0.0735865669660169,0.0060691081811218,0,0,0.0013384780338707,0.1225463277720514,0.0230447785718239,0.4240530100113799,0.0014631355022874,0.0211924616473225,0.0014783018440714,0.006732915372934,0.0110554372666599,0.0140956955439946,0,0.0007134513747232,0.0571387146844577,0,0.1431135295797573,0.0840586020598585,0,0,0.0383497054652785,0.1133626797004273,0.0022109973825435,0.0764451268876994,0.000828743493242,0.0361908659846876,0,0.0017622963564156,0,0.4382661271062219,0.3033707957850192,0.001037162690142,1,0.9120554867132172,0.1469426020351237,0.0112740934641207,0.0525058418881551,0.3159387147887955,0.6346899967211579,0,0.0466944818321248,0.0001216030725651,0.1264863840437613,0.0039571886755228,0.0595707786417116,0.1008890166284743,0.0035358793543296,0.001355531546186,0,0.0101518404498005,0.002836904429342,0,0.0060774177327541,0.0075126637132964,0.0186397178106197,0,0,0,0.0020549729488758,0,0,0,0.0004618122747628,0.0005411977273723,0.0028255600393795,0,0.0172172346620101,0,0,0,0,0,0.0011503319597024,0.0046870075224725,0,0.0028355375648867,0,0.0131620412066767,0,0.0239891278041344,0.0071138107133082,0.000470031340073,0.0016509497465842,0.0086367065950029,0.0070654245299521,0.0046072669413978,0,0.0025355571045162,0,0,0,0
L3_ID4134,0.004998668806618,0.034164813470772,0,0,0.0053678270644375,0.0031624605602121,0.0257316966062247,0.5789046792047241,0.0395741384709453,0.2246293047441629,0.0006992915341772,0.2518479180248218,0,0,0.0060990206547114,0.0129627312423613,0,0,0,0.0001743319132054,0.0015207243620029,0,0,0,0.0699364896654986,0.0263993081309212,0,0,0.0942691117189498,0,0,0.0003086231448813,0.0007467236753463,0.004803574223854,0.0045218849797941,0,0.0154788704891506,0.0295235267539893,0.0260297161320635,0,0.0142243170480606,0.002321336185039,0,0.0517993737248667,0.0965422794865316,0,1,0.0311421942644171,0.0888546770443051,0,0,0,0.1735625385854294,0,0.0826839436905552,0,0,0,0,0.0056084125199596,0.0068784982855012,0,0.0039135354492305,0,0,0,0.0122504623259078,0,0,0,0,0.0142180326281416,0.000581014908281,0.0027296492825924,0.0094267146529063,0,0,0.0369045127123114,0.0405633600725654,0,0,0.1404358727532215,0.1740809068344903,0.0177214994358107,0.0323770917715681,0.5473857456506209,0.0941863988544641,0.0048186403213127,0.0052810088376165,0,0.0071514110593258,0.0195946501409877,0,0,0,0.1163930573897804,0,0,0,0.0105004055003446,0.0007739172147425,0.034008862791176,0.0012835769957189,0.0179713632410537,0,0,0.0004117821537372,0,0.0163914778519076,0,0.0077174207682021,0.0272686012404122,0.0144425473937973,0.0503047516439813,0,0.0303616034677188,0.0014121298919689,0,0,0.0126023489678167,0.0022335749025761,0.0160802017145379,0.0093982706776422,0,0,0,0,0.000200563110281,0.0027065693390887,0.0399135499335075,0,0,0,0.0027713923295532,0,0.0045065647742098,0,0,0,0,0
L3_ID4137,0,0,0,0,0,0.2546820846826129,0,0,0,0,0.0481890728817012,0,0,0,0,0,0,0.0599206547007167,0,0.0833445769264925,0,0.0745531487961978,0.0212208285713124,0,0,0.0645697522626975,0,0,0,0.1413840894619501,0,0.2838773694258236,0.6334361484833411,1,0.8262645305726092,0.5270878547137187,0,0,0.4136016447908764,0,0,0,0.3102789126978645,0,0.1374067596801315,0,0.4722462798193441,0,0.1557415823239977,0,0.2283793902252859,0,0.2881430687129861,0,0,0,0.4820624517872597,0,0.0862903644752567,0.3063596123361927,0.2072466106697515,0.3589977525389866,0,0.131603034072368,0.1169679025767442,0.2285297385178946,0.1382868798078513,0.0555020858086651,0,0,0.2898036547941675,0.0554187855120026,0.0956922769066996,0.0284877800111792,0,0,0.2149701247886475,0.1360493733286975,0,0,0,0,0.1019585836236013,0,0,0.0370580789025982,0,0,0,0,0,0,0.0183923623183442,0,0,0.0379389245794572,0,0,0,0.5431883995721002,0.1535080881315832,0,0,0.327499807003929,0,0,0,0,0,0,0,0,0,0,0,0,0,0,0,0.1114592432928786,0,0,0,0.1447391810465669,0,0,0,0,0.0571942514161268,0,0,0,0.3440208366103969,0,0,0,0,0,0,0,0
L3_ID4145,0,0.1318846610784746,0,0,0,0,0,0,0.1521731379261229,0,0,0,0,0,0,0,0,0,0,0,0,0,0.0038034556658432,0,0,0,0,0.1583342427104913,0.0084847982854441,0.3129623288378949,0,0.2215294728571429,0,0,0,0,0,0,0,0,0,0,0,0,0,0,0,0,0,0,0,0,0,0,0.4601562952535941,0,0.4859286402233977,0,0.5833104112714487,0,0.4397240864368283,0,0,0,0,0,0,0,0,0,0,0,0,0,0,0,0.0383998615978343,0,0,0,0,0,0,0,0,0,0.0182366962414213,0,0,0,0,0,0,0,0,0.2661083903136003,0.0713052216837379,0.2998591241640027,0.1193437383352716,0.1803594859922709,0.1642764955234277,0,0.7311977147974036,0,0.2652289110502063,0.0141104908823039,0.0557161643146955,0.0388218660616681,0,0.3462588264846078,0.1471332350321814,0,0,0,0.6519459427148526,0.0414591664878242,0,0.3090382918621365,0,0.7556225262910755,0,0.7971095562698013,1,0,0,0.0500356464382323,0,0,0,0,0,0,0,0,0.0974043082053866,0,0.2472551666245238,0,0.0589460603144374,0.0330177779173287,0.0471815147856706
L3_ID4153,0,0.1567841828114561,0,0.0576534645372648,0.2179828410567029,0,0.2153875359851735,0,0.1754809579452125,0.3145489872729051,0,0,0,0,0,0,0,0,0,0,0.1310184564053231,0,0,0,0.6699206219526747,1,0,0.1586253593221185,0,0,0.0841548324497522,0,0,0,0,0,0,0.2402049206930508,0,0.1778933661513858,0,0,0,0,0,0,0,0,0,0,0,0.0865058965550082,0,0,0.1793635365878545,0,0,0,0,0,0,0,0,0,0,0,0,0,0,0,0,0,0,0.1010902165059646,0.0647770996938876,0,0,0,0,0,0,0,0,0,0,0,0,0,0,0,0,0,0,0,0,0,0,0.2973246686911794,0,0.0386443983973354,0,0.8160710906345603,0.5553608106846214,0.0974862391464949,0,0,0,0,0,0,0,0,0,0.0871188727206837,0,0.1295705527344297,0.3781375354860383,0.2143689648168491,0,0,0.0476889002429241,0,0.054047277266085,0.0454287892453076,0.4755068245807595,0,0,0.1349559208724195,0.1211977764142707,0.2127692783134002,0,0.47100015925081,0,0,0.3927440078967918,0.1939046337139162,0,0.1855040391775586,0,0,0
L3_ID4166,0,0,0,0,0,0,0,0,0,0,0,0,0,0,0,0,0,0,0,0,0,0,0,0,0,0,0,0,0.7355347648288305,0,0,0,0,0,0,0,0,0,0,0,0,0,0,0,0,0,0,0,0,0,0,0,0.7879270779306649,0,0,0,0,0,0,0,0,0,0,0,0,0,0,0,0,0,0,0,0,0,0,0,0,0,0,0,0,0,0,0,0,0,0,0,0,0,0,0,0,0,0,0,0,0,0,0,0,0,0,0,0,0,0,0,0,0.4002954489323831,0,0,0,0,0.7958209863210611,0,0,0,0,0,0,0,0,0,0,0,0,0,0,0,0,0,0,0,1,0,0,0,0,0,0
L3_ID4175,0,0,0,0,0,0,0,0,0,0,0,0,0,0,0,0,0,0,0,0,0,0,0,0,0,0,0.1103163516818847,0,0,0,0,0,0,0,0,0,0,0,0,0,0,0,0,0,0,0,0,0,0,0,0,0,0,0,0,0,0,0,0,0,0,0,0,0,0,0,0,0,0,0,0,0,0,0,0,0,0,0,0,0,0,0,0,0,0,0,0.6612633019086601,0,0,0,0,0,0,0,0,0,0,0,0,0,0,0,0,0,0.7577819110323892,0.1516787169382782,0.3265920483073237,0.0118415185041187,0.9949168152139708,1,0.222983128688988,0,0,0,0,0,0.0457738967142723,0,0,0.8388542486075828,0.5460387442411455,0,0,0,0,0.2811375916797674,0,0,0,0,0,0,0,0,0,0.1531903461805678,0.0953186126317606,0,0.020671815259984,0.0312327154727705,0.2201996292105128
L3_ID4181,0,0,0,0,0,0,0,0,0,0,0,0,0,0,0,0,0,0,0,0,0,0,0,0,0,0,0,0,0,0,0,0,0,0,0,0,0,0,0,0,0,0,0,0,0,0,0,0,0,0,0,0,0,0,0,0,0,0,0,0,0,0,0,0,0,0,0,0,0,0,0,0,0,0,0,0,0,0,0,0,0,0,0,0,0,0,0,0,0,0,0,0,0,0,0,0,0,0,0,0,0,0,0,0,0.7157788252219978,0.0371141075912353,0.2445407562566511,0.0891939378607376,0.5041088870532328,0,0.1056346063326837,0,0.1588497095543221,0,0,0,0.0754853750403203,0,0,1,0.5400528656595573,0,0,0,0,0.0944155196307135,0,0,0,0,0,0,0,0,0.0302026122637567,0.0619212966900357,0.0636757382682862,0,0.1146806891277166,0.1649350281848127,0.0632757240730494
L3_ID4190,0,0,0,0,0,0,0.23382635477219,0,0,0,0,0,0,0,0.0249537073322336,0,0.0181087614570337,0,0.1704292430208434,0.003898239537405,0,0.0272682565705747,0.018082504708737,0.0080640694115619,0.0164586113959027,0,0.0262620486957981,0,0,0,0,0.1306140693222544,0,0,0,0,0,0,0.0443588286475185,0,0.0822259075203152,1,0,0,0,0.0318288604052594,0,0,0.0355566496342412,0.0251584510108267,0,0,0,0,0,0,0,0,0,0,0.0887611863204156,0,0,0.0246462195695915,0.0138726727586277,0,0.0072020659098155,0,0.0430587991537222,0.0349746941665245,0,0.0478137583982524,0,0,0,0,0,0,0,0,0.0071935684434688,0.0289816101603337,0,0,0,0.0171023634555565,0,0,0,0,0,0.060261286076874,0,0,0,0,0,0,0,0.0260759374829757,0,0,0,0,0,0,0,0,0,0,0,0,0,0,0,0,0.0821200223358015,0,0,0,0,0,0,0,0,0,0,0,0,0,0,0,0,0,0,0,0,0,0.0269918610741725,0,0
L3_ID4206,0,0,0,0,0,0.2002381000870395,0,0,0,0,0,0,0,0,0,0,0,0,0.0215791317573042,0.0030418117684829,0,0,0,0,0,0,0.236299288423453,0,0,0.1261534788392918,0,1,0.0267864056948994,0.0296859400237098,0,0,0.0147729904258104,0,0.0253215274379054,0,0.0270893189005946,0,0.027506348280002,0,0,0,0.0199605511905679,0.0202913146027914,0,0.0072798317072506,0.3061039246832325,0.0652990859086846,0,0,0,0.0102975171516291,0.0889779347288724,0,0.2028908035726474,0,0.6647077343921575,0,0,0.0525361370182689,0.0087803488732917,0,0.0024020768287501,0,0,0.0185302537563945,0.0262994057385548,0.0132071449381923,0,0,0,0,0,0,0,0,0,0.0234807812330771,0,0,0,0,0,0,0,0,0,0.045314407161325,0,0.0081934602744981,0,0.0396969918249366,0.0342271104447198,0,0,0.3065477526558606,0.1660095831986939,0.0208377900767029,0,0,0.114914381285385,0,0.0514574578604245,0,0,0.0490752398819101,0.1165721980230136,0,0.2919696186670384,0,0,0.0030867507568273,0.1764104010105832,0,0,0.0383242594136681,0,0,0,0,0,0.0328505086808257,0,0,0,0,0,0,0.0133193276682789,0.0650513682388468,0,0.0144191485522738,0.0103589507062425,0,0.1177775382547093,0,0
L3_ID4207,0,0,0,0,0,0,0,0,0,0,0,0,0,0,0,0,0,0,0,0,0,0,0,0,0,0,0,0,0,0,0,0,0,0,0,0,0,0,0,0,0,0,0,0,1,0,0,0,0,0,0,0,0.1818746883882145,0,0,0,0,0,0,0,0,0,0,0,0,0,0,0,0,0,0,0,0,0,0,0,0,0,0,0,0,0,0,0,0,0,0,0,0,0,0,0,0,0,0,0,0,0,0,0,0,0,0,0.4608562926733051,0,0,0,0,0,0,0,0,0,0,0,0,0,0,0,0,0,0,0,0,0,0,0.3376394978771109,0,0,0,0,0,0,0,0,0,0,0,0,0,0
L3_ID4220,0,0.2093114511850222,0.2841494044694487,0.0607513420988431,0,0,0,0,0,0.1797033474505538,0,0,0,0,0,0,0,0,0,0,0,0,0,0.1596774254131053,0.3891511397578266,0,0,0,0.0970787596801159,0.4876558781617547,0.0570249545342823,0,0,0.2775738609871728,0.1298180192577581,0.0758545039760557,0.3294492092588447,0.3501050760484632,0.1920443409137337,0,0.5788249868909152,0,0,0,0,0,0,0,0,0,0,0.3297313336967436,0.4046504068360982,0,0,0.2582656753484211,0.1592395255362149,0,0.2669347917558487,0,0.1372331293736551,0,0,0,0,0,0.1254954505644522,0,0,0,0,0,0,0,0.036853813388557,0,0,0,0,0.0793102793154372,0,0.0398582385772909,0.102094128561917,0.0215662382110583,0,0.0216093597122069,0,0,0,0,0.1033955351831067,0,0,0,0,0,0,0,0.2327387366253924,0,0,0.5145169884358656,0.3613307648907125,0.3770541336096513,0,0.0615914119702441,0,0,0,0.1125496586740471,0.0962260673600681,0.0312370662702522,0.172633780108872,0,0,0.3316780960786135,0.1258233203541565,0.2186635390801801,0.2507800081829576,0.0292069116814168,0.1104821088489414,0.1605986598809047,0.1806733823696527,0.0409054624562203,0.0555077756358871,0,0.0712917092810494,0.1790542446539961,0.2181388540323229,0,0.8110575181898149,0.900741006736206,0.7388067674005513,1,0.3649416464147182,0,0,0,0,0,0
L3_ID4241,0,0,0,0,0,0,0,0,0,0,0,0,0,0,0,0,0,0,0,0,0,0,0,0,0,0,0,0,0,0,0,0,0,0,0,0,0,0,0,0,0,0,0,0,0,0,0,0,0,0,0,0,0,0,0,0,0,0,0,0,0,0.0342239908363053,0,0,0,0,0,0,0,0,0.0893705186372426,0,0,0,0,0,0.1151830996782005,0,0,0,0,0,0,0,0,0,0,0,0,0,0,0,0,0,0,0,0,0,0,0,0,0,0,0,0,0,0.6518387368934527,0.0421308545481243,0.1696742557920174,0,0.3493019962518945,0.3384097928586894,0.202207935231942,0,0.0617037578116639,0.0204683685164122,0,0,0,0.0300363828791721,0,0,0,0,0,0.2849853940861567,0,0,0,0,0.0165051841325226,0,0.3358445805531566,0.259370188873652,0.1319584970744369,0.2802887982419245,0.0774482644480006,0.0480280588497348,1,0.1982002374297852,0.3503589570013166
L3_ID4256,0,0,0,0,0,0,0,0,0,0.8825465040597994,0,0.0530669234799181,0,0,0,0,0,0,0,0,0,0,0,0,0.1352355579529498,0.0218718552639631,0,0,0.4326693969035929,0,0,0.0184974943474975,0,0,0,0,0,0,0,0,0.0900534254198506,0,0,0.1259006400658674,0.0341294198276378,0,1,0,0.0412748364798354,0,0,0,0.10788930568184,0,0,0,0,0,0,0,0.0171271089859151,0,0,0,0,0,0,0,0,0,0,0.0410702529789086,0,0,0.2440335273239883,0,0,0.5255836628236553,0.126635337899975,0,0,0,0,0,0,0.1952460623499347,0.2730940261124616,0,0.0117757444981176,0,0,0,0,0,0,0.0278840544436203,0,0,0,0,0,0,0,0,0,0,0,0,0,0,0,0.5308116406435364,0,0.2122612638818447,0,0,0,0,0,0.0580337279431203,0,0.1290265726139261,0.0772436878291561,0,0,0,0,0,0,0.081957170903779,0,0,0,0,0,0,0,0,0,0,0
L3_ID4258,0,0,0,0,0,0,0,0,0,0,0,0,0,0.4162185327387774,0.4736900224365914,0,0.6302967583665248,0,0,0,0,0,0,0,0,0,0,0,0,0,0,0,0,0,0,0,0,0,0,0,0,0,0,0,0.1950612778634591,0,0,0,0,0,0,0,0,0,0,0,0,0,0,0,0,0,0,0,0.0643092689726343,0.1306544400894754,0.0711058368048566,0.5059754343028624,0,0,0,0,0,0,0,0,0,0,0,0,0,0,0,0,0,0,0,0,0,0,0,0,0,0,0,0,0,0,0,0,0,0,0,0,0,0,0,0,0,0,0,0,1,0,0,0,0,0,0,0,0,0,0,0,0,0,0,0,0,0,0,0,0,0,0,0,0,0,0,0,0
L3_ID4267,0.0009053772583562,0,0.0100233780466948,0,0.00499269363295,0.0094899443406051,0,0,0.000986953923798,1,0,0.0062616719396944,0.0087933013245624,0.0024367912573949,0.0014743330804215,0.0110906444000999,0.0005168719904719,0.0022264932275848,0,0.0001505678906518,0,0.0042366245482819,0.0129300881149219,0.0009795068892224,0.0058178771366687,0.0141342827718607,0.0096372636851944,0,0,0,0,0,0.0033532393817337,0.0103239083046352,0,0.0084548700451732,0.0010762195664283,0.0011605808692026,0.0122216010929795,0.00148028593746,0.0215217482810557,0,0,0.0118511293957155,0.2093668585173012,0,0.2906064650662022,0,0,0,0,0.0019830104043018,0.0123379184867578,0.0198108284849789,0,0,0,0,0,0.0992978653392448,0.0067686404044152,0.0012413999759355,0,0.001906328497805,0,0.0028503808314472,0.0042216598201306,0.0008298403202492,0.0032843184327615,0.0011943786680783,0.006039574771568,0.004080511581857,0.0117620911145395,0.0308768825885317,0,0,0,0,0.0201968370120638,0.0081140216352817,0.0092279837183083,0,0.8633985291888229,0,0,0,0.0097395003995204,0.002751846200825,0.0021467719747075,0.0078571709474139,0.0044411935884977,0.0255962412979727,0.0063790703960414,0.007172603657032,0.0004889570932092,0.0097974612060741,0,0.0027781548386701,0.0004732561038643,0.0057240137804678,0.0005702683079203,0.1763630488848113,0,0.0144741567439352,0.0094312544957189,0,0.0293625860472467,0,0.0461145328080477,0,0.0128427518901031,0.0205519222355656,0,0.0069121044694995,0,0.0004224643372343,0,0,0.0025299882588367,0.0167706461553385,0,0.0059070877631408,0.004381260348885,0,0,0,0.0027362500583309,0,0.001838951878349,0.0184112124341533,0,0,0,0.0206501484251792,0.0037832252031867,0.0052263805427983,0,0,0,0,0
L3_ID4268,0,0,0,0,0,0,0,0,0,0,0.0221762298789936,0,0,0,0.5743247509831044,0,0,0,0,0,0,0,0,0,0.1158649259978689,0.2503898023148574,0,0,0,0,0,0,0,0,0,0,0,0,0,0,0,0,0,0,0,0,1,0.4711280597350405,0,0,0,0,0,0,0,0,0,0,0,0.4509700629534745,0,0,0.0155640582348382,0,0,0.0053254424203037,0,0,0,0,0,0,0.0343048196690345,0.0420585228455781,0,0,0,0,0,0,0,0.0851177799908466,0,0.1858006960692739,0,0.0934614754063328,0.0545558492145669,0,0,0,0,0,0,0,0,0,0,0,0,0,0,0,0,0,0,0,0,0,0,0,0,0,0,0,0,0,0,0,0,0.0075727256198025,0,0,0,0,0,0,0,0,0,0.0160873186229802,0,0,0,0,0,0,0,0,0,0,0
L3_ID4270,0,0.7811341467606621,0,0.4800310977612098,0.7476085490076192,0,0,0.1722754563552575,0.3208119804393229,0,0,0,0.0285507440845139,0,0,0,0,0.0075564526848879,0,0,0,0,0.0030173247484155,0.0167814259015876,0.3939523923408233,0.0724954882983581,0.6122192553066224,0,0.0942016729795902,0,0.8178091363935227,0.4717120321957881,0.4735206744284299,0,0,0,0,0,0,0,0,0,0,0,0,0,0,0,0,0,0,0.8566676247585572,0.7911798499379434,0.3056624266834198,0.916952448656148,0.6033033326239066,0.3968834404421557,0.4902379456559553,0.7117418427495725,0.7209264212244902,0.6806577946870026,0,0,0,0,0,0,0,0,0,0,0,0,0,0,0,0,0,0,0,0,0,0,0,0,0,0.0201246854965853,0,0,0,0,0,0,0,0,0.1679500353250674,0.1040413094544166,0,0.4866707903624244,0.3276276889043938,0.2798838429382654,0.577198985446511,0.8963840076179276,0.9334869083934944,0,0.5913985342595863,0.024130093931402,0.0482535019873702,0.3050552313767536,0.5411901805089003,0.2694380472612346,0.1356486702635337,0.3563117076391128,1,0.0800179209503491,0.0677647972172915,0.0808934673126107,0.8051494635538675,0.4407875137466683,0.5307636022841106,0.4187052174320065,0.9984141507002968,0.6013441200340427,0.5044686271225819,0,0.0485931373651449,0.5196814746716342,0.4326926733762353,0.3586442987559676,0.0861542877171888,0,0,0,0.3395206139686872,0,0.2159234346533791,0.329836633143202,0.2419191318029704,0,0.0425081606177669,0.1085404035791436
L3_ID4278,0,0,0,0,0,0,0,0,0,0,0,0,0,0,0,0,0,0,0,0,0,0,0,0,0,0,0,0,0,0,0,0,0,0,0,0,0,0,0,0,0,0,0,0,0,0,0,0,0,0,0,0,0,0,0,0,0,0,0,0,0.0188395133274946,0,0,0,0,0,0,0,0,0,0,0,0,0,1,0,0,0,0,0,0,0,0,0,0,0,0,0,0,0,0,0,0,0,0,0,0,0,0,0,0,0,0,0,0,0,0,0,0,0,0,0,0,0,0,0,0,0,0,0,0,0,0,0,0,0,0,0,0,0,0,0,0,0,0,0,0,0,0,0,0
L3_ID4281,0,0,0.114076325721506,0,0,0,0,0,0,0,0.0039081181924421,0,0,0,0,0,0,0,0,0,0,0,0,0.0080960046788003,0,0.2529867317295214,0.5472175797655779,0.7860959398019223,0.1143914517517973,0.7091601066272957,0.787438141251096,0.3079334674625781,0,0,0,0,0,0,0,0.0115851176348068,0.0747335973618971,0,0,0,0,0,0,0.0847178248273438,0,0,0,0.3461091709261963,0.7597844871553732,0.6629777930555465,0.8693905546046258,0,0.7269112017033009,0.5442028778284919,0.4981087864924608,0.4113228706822696,0.4838135413835251,0,0,0,0,0,0,0,0.0078752101312513,0,0,0,0,0,0,0,0.0093505815757921,0,0,0,0.0116695315093416,0,0,0,0.0025665207615591,0,0.0339278410471161,0,0.0137802468866468,0,0,0,0,0,0,0.0582959193420286,0.0562767658579652,0,0.1704140449357046,0,0.2464529981114397,0,0.9221631502575764,0,0.6062704405466153,0.3261769800695872,0.1981219437296912,0.0209012120644386,0.3271738931757705,0.3361509294511029,0.519173750026533,0.4005701500176002,0.6394991807198227,0.7479997800708844,0,0.0777077915564318,0.4628871828495384,0.6280804079714576,0.7776053050676267,0.4571146331871266,0.4258540384115339,1,0,0,0,0.1319841354014531,0,0,0,0,0,0,0,0,0,0.1113556040245554,0.0190328642752863,0.0430968293208553,0.0890664366500963,0.1974789893623293,0.114117765113346
L3_ID4283,0.05207248120597,0.0449736770283176,0,0,0,0.4258272573747286,0.0400925562771965,0,0.0384421784197657,0,0,0,0,0,0.0422056081480064,0,0,0.0063307050102822,0.0067329682760056,0,0,0.0133033405999861,0,0,0,0.0205116974026033,0.4853967879563289,0,0,0.0372218372964568,0.0374968635012556,0.1494807855905847,0.1085302402604685,0.1061802258780028,0.2390032635220056,0.3111579559174399,0.1062316176421147,0,0,0.0348208692553177,0.396440564981446,0,0,0,0,0.0220990280001527,0.2066848241654471,0,0,0.0160085271665883,0,0,0.0592431724976056,0,0,0.0549058824284864,0.2319309263760301,0,0.0939409929589795,0,0.3923337288791574,0,0,0,0,0,0,0,0,0,0,0.1382682196726311,0,0,0,0,0.6924437792843543,0,0,0,0,0,0,0,0,0,0,0,0.0091406455289694,0,0,0.0081513377853194,0,0,0,0.2223995338709421,0.0043304526825618,0,0.1557351578198253,0.1930148586537796,0.0914798699943438,0,0,0.0169141499424835,0,0,0.0370050917223429,0,0.0471206878489882,0,0,0,0.0722485835389284,0,0.091062037175749,0,0.0998825106695169,0,0,0.1369413884599774,0.2822597899608641,0,0.0712078467344204,0.1088931932812435,0,0.0061890062674334,0,0,0,0,0.0170715537672243,0,0.0329385970412329,1,0,0,0.1093481736588266,0,0.031757731634351,0,0
L3_ID4305,0,0,0,0,0,0,0,0,0,0,0,0,0,0,0,0,0,0,0,0,0,0,0,0,0,0,0,0,0,0,0,0,0,0,0,0,0,0,0,0,0,0,0,0,0,0,0,0,0,0,0,0,0,0,0,0,0,0,0,0,0,0,0,0,0,0,0,0,0,0,0,0,0,0,0,0,0,0,0,0,0,0,0,0,0,0,0,0,0,0,0,0,0,0,0,0,0,0,0,0,0,0,0,0,1,0.505350664257999,0,0,0,0,0,0,0.3919417871637882,0,0,0,0,0,0,0,0,0,0,0,0,0,0,0,0,0,0,0,0,0,0,0,0,0,0,0,0
L3_ID4316,0,0.5550926626173387,0,0,0,0,0,0,0,0,0,0,0,0,0,0,0,0,0.064643846067644,0,0,0,0,0,0,0,0,0.3193407809353586,0,0,0.3531541466838045,0,0,0,0,0,0,0,0,0,0,1,0,0.1224243173619635,0,0,0,0,0,0.0471663295701033,0,0,0,0,0.295901305440279,0,0,0.0914414742920205,0,0,0,0,0.0593178312929305,0,0,0,0,0,0,0,0,0,0,0,0,0,0,0,0,0,0,0,0,0,0,0,0,0,0,0,0,0,0,0,0,0,0,0.3380344001987647,0.05449299063393,0,0.0473354064496508,0,0,0,0,0,0,0,0,0,0,0,0,0,0,0,0.3845967582683656,0,0,0,0,0,0,0,0.2411162868042992,0,0,0,0,0,0,0,0,0,0,0,0,0,0,0,0
L3_ID4327,0,0,0,0.0663537580199555,0.0595902748238031,0.6593493876735272,0,0,0,0,0.0088290469796865,0.0775918000607072,0,0,0.197642577932114,0,0,0,0.0882705048856901,0.0672072072202942,0,0.0121674942605192,0,0,0,0,0.63103840405827,0,0,0.1530401323750291,0,0.1332348236907206,1,0.3673407351947639,0.7806467533992006,0.4299953295147838,0.2957280245865447,0,0.3316836438770106,0.0811782725993553,0,0,0.2409345521717243,0,0.4770889811928255,0.085788227776521,0.2816813945933547,0,0.2870433880959708,0,0.2027333174907225,0.318439229100201,0.4099191476245866,0,0,0.111680162466227,0.2655762197882838,0,0.1039162312877465,0,0,0.3942383749815927,0.0147315348514201,0.1557253099237575,0.0869491971756026,0.0767449506217805,0.023095400390649,0.0425980991502979,0,0.0711444027220549,0.2061535978405002,0.2544135821704907,0.3005756994657131,0.1338041754319415,0,0,0.121504655665717,0.0759960643979282,0,0,0.0995138369604399,0,0.0604300257226673,0,0,0,0,0,0,0.0590724124070955,0,0.0403822490634135,0,0.1528610463433266,0,0.0455841019166825,0,0,0,0.4666583529081539,0.5193351117513239,0.2244983072383236,0,0.0523193409341157,0,0,0,0,0,0,0,0,0,0,0,0,0,0,0.173898621271124,0,0,0,0,0.1312112774982249,0,0,0.1436143744923735,0.085473598974514,0.500492865494829,0.2289632085141009,0,0.0768416947133985,0.546001145611712,0,0,0,0,0,0,0,0
L3_ID4332,0,0,0,0,0,0,0,0,0,0,0.1458286202977496,0.2984342435319747,0.0910222084299114,0.8260588405087638,0.0610969283289265,0.4846416299656132,0,0,0.057291792559474,0,0.0280526954769642,0.0970304047703586,1,0.1140956539319271,0,0,0,0,0,0,0,0,0,0.1067702619266592,0,0,0,0,0.0776299882592612,0,0,0,0,0,0,0,0,0,0,0,0,0,0,0,0,0,0,0,0.0639072518011814,0,0.1812898813746544,0,0,0,0,0,0,0,0,0.3631578820767989,0.2264301383802004,0.1059557085734145,0,0,0,0,0,0.367376704055706,0.2688044839624982,0,0.2086774631555998,0,0,0,0.165497129819998,0.1368625492257988,0,0,0.0205227136125687,0,0,0,0,0.4977341054732775,0.3391715328270164,0,0,0,0,0,0,0,0,0,0,0,0,0,0,0,0,0,0,0,0,0,0,0,0,0,0,0,0,0,0,0,0,0,0,0,0,0,0,0,0,0,0,0,0,0,0
L3_ID4334,0,0,0,0,0,0,0,0,0,0,0,0,0,0,0,0,0,0,0,0,0,0,0,0,0,0,0,0,0,0,0,0,0,0,0,0,0,0,0,0,0.5083429872664786,0,0,0,0,0,1,0,0,0,0,0,0,0,0,0,0,0,0,0,0,0,0,0,0,0,0,0,0,0,0,0,0,0,0,0,0,0,0,0,0,0,0,0,0,0,0,0,0,0,0,0,0,0,0,0,0,0,0,0,0,0,0,0,0,0,0,0,0,0,0,0,0,0,0,0,0,0,0,0,0,0,0,0,0,0,0,0,0,0,0,0,0,0,0,0,0,0,0,0,0
L3_ID4342,0,0,0,0,0,0,0,0,0,0,0,0,0,0,0,0,0,0,0,0,0,0,0,0,0,0,0,0,0,0,0,0,0,0,0,0,0,0,0,0,0,0,0,0,0,0,0,0,0,0,0,0,0,0,0,0,0.3421312117134495,0,0,0,0,0,0,0,0,0,0,0,0,0,0,0,0,0,0,0,0,0,0,0,0,0,0,0,0,0,0,0,0,0,0,0,0,0,0,0,0,0,0,0,0,0,0,0,0,0,0,0.2850792596286851,0,0,0,0,0,0,0,0.1694756236414449,0,0,0,1,0,0,0,0.0240449181808771,0,0,0,0,0.0660275333816375,0,0,0,0,0,0.1585969831845,0,0,0,0,0,0
L3_ID4355,0.1369596443493365,0,0,0,0.3161013477879497,0,0,0,0.3192421465888747,0,0,0,0,0,0,0,0.0463350441139885,0,0,0.014618116405496,0,0,0,0.0243899515629108,0.2639210751370185,0,0.5987271384066958,0.2918677438737923,0.2511270929521398,0,0.6424408588969305,0,0.2472161775500209,0.1825431625686965,0,0.0503150075025556,0.4062803185592729,0.0181776789720904,0,0.030994842482424,0,0.2144781963237066,0,0.4253753056009464,0.1140074812171225,0,0.1341233911791947,0,0.0326018323192488,0.0729801643502171,0,0.3458991166986839,0.6390552611611819,0.1907059658619315,0.3951153057938581,0.0740133975277626,0.3587188512238992,0,0.4376872565294437,0.3282397837160108,0.4230371904424113,0.139232014000915,0.0837281902398118,0.0659219309346979,0,0,0,0,0,0,0,0,0.045985648889009,0,0.0712645904513055,0.0693712750127487,0.0375467433602546,0,0,0,0.0220942271173109,0,0,0,0,0,0,0.0216207241326988,0.0330536604330648,0,0.1095731609082629,0,0,0.0388883793473121,0,0.0743895120281607,0.0847887297099998,0.0227171786330069,0.6650961459049035,0.1966793057601724,0.1162415844644364,0.2514888340532802,0,0.5875241501073393,1,0.1339649632373403,0.4309600663996168,0.0762701636788253,0.2074240707243849,0.1831367050710809,0.0502566854827337,0.0491008773915484,0.1047195636886059,0,0.1258947546527231,0.0897483432863318,0.2979576961522072,0.1593351038575185,0.1324049415451159,0.2462695910645494,0.3371293960941374,0,0.2011215937022476,0.1609041247497925,0.1160371698215433,0,0.1023585165208294,0.1359437262634444,0.1812485013198516,0.0335768833020759,0,0,0.3612166092585502,0,0.0340290412146987,0.1103693095084426,0.1089489416967436,0.1422752956957536,0,0.1138853917486852,0.0762200309085071
L3_ID4363,0,0,0,0,0,0,0,0,0,0,0,0,0,0,0,0,0,0,0,0,0,0,0,0,0,0,0,0,0,0,0,0,0,0,0,0,0,0,0,0,0,0.0400727635026564,0,0,0,0,0,0,0,0,0,0,0,0,0,0,0,0.6780383527102555,0,0,0,0,0,0,0,0,0,0,0,0,0,0,0,0,0,0,0,0,0,0,0.0057542465078589,0,0,0,0,0,0,0,0,0,0,0,0,0,0,0.0296196792923963,0.0452442449622196,0,0,0,0,0,0.197828971543422,0,0.9610493688199684,0.3696428582601531,0.2171225205410669,0.1761420850168733,0.2728034911438747,1,0.4522626229814629,0.7884503758872191,0.6581340513424674,0,0.865005045242944,0,0,0,0,0.3684215500242909,0,0,0,0,0,0.0692291379921197,0,0,0,0,0,0,0,0,0,0.3006903203680388,0.12470069736585,0,0.1956831790779034,0.1837165688294058,0.2920136561124347
L3_ID4380,0.0699198344107824,0,0,0,0,0,0,0,0,0,0,0,0,0,0,0,0,0,0,0,0,0,0,0,0,0,0,0,0,0,0,0,0,0,0.1023494729373833,0.0708797115481373,0.048014552466498,0.2160825620716986,0.027539874990441,0,1,0.033256667304272,0,0,0,0,0,0,0,0,0.1894559249226103,0,0,0,0,0,0,0,0,0,0,0.0174732039087132,0,0,0.0052999180725707,0.0071173250863973,0,0,0,0,0,0,0,0.041515040305866,0.1484485968485827,0,0,0,0,0,0.0393184654342448,0.0281885632660721,0,0.0392382106164621,0,0.0307974724974152,0,0.0592619996983192,0.0371439305271141,0,0.0181932167223423,0,0,0.0443644256092631,0,0,0,0,0,0,0,0,0,0,0,0,0,0,0,0,0,0,0,0,0,0,0,0,0,0,0,0,0,0,0,0,0,0,0,0,0,0.0318416354327107,0,0.0446732353253107,0.0184882843301136,0,0.0225474153741699,0,0,0,0
L3_ID4400,0.0704610018677013,0.0788495831781049,0.003616584847905,0.0036798204947281,0.1741395391475473,0.0248140964368047,0.083452478038402,0.0338969652844784,0,0.5831490622870596,0.0055501346743881,0.6064852652681569,0.0088860271983104,0.0041188794793418,0.0274959841961307,0.0170360871270767,0,0.009753336565439,0.0020762267798377,0.0031204351662002,0.0079153416054525,0.0189763888024897,0.0628015102118198,0.0581708654387248,0.1666370770828169,0.0780022858919105,0,0.0022046155013963,0.3856385739091068,0,0.0005197248597982,0.0020394948047901,0.0490831471418867,0.1705147302079857,0.0267336391738308,0.0586816106936514,0,0.0694004889963839,0.169420703793387,0,0.0578301912717185,0.0147014931853034,0,0.0415893797770076,0.0895776833739017,0,1,0.0919268002636402,0.0060359428337157,0,0.0013038218007599,0.0004697192465952,0.4755550022162724,0.0273230791596083,0.1336902539067238,0,0.0119360902684896,0.0046756903635555,0,0.1068692877213362,0.0144232579592909,0,0.0245942541234174,0.0297270310730811,0.0020585176208677,0.0918745353558874,0.0421241296129647,0.0084852165291076,0,0.0054905414532071,0.0463399548753553,0.0855228068607291,0.027218574791797,0.0203630403569996,0.0019375648581131,0.0016283530562384,0,0.1119709660209828,0.1307802994599797,0.223190391106186,0.0156387449393598,0.0685545233585667,0.1302471733036054,0.0786974057292095,0.3463511489528414,0.1152401215839738,0.3505981041675418,0.0857351199171344,0.008031067844438,0.0033274638666157,0.0169442201707434,0.1807347805733509,0.0216206631310523,0.016740775710932,0.0294714772578714,0.0534479156873238,0.003354489769585,0,0,0.045142269530298,0,0.0189124201264211,0.0063168086787448,0.0726815851610641,0,0,0,0,0.0103796112084168,0.009599510742465,0.0147102464937541,0.0772933985244321,0,0.0682444331589261,0,0,0.0037533136548978,0,0,0.006111200597756,0.0028709285577098,0.1134679935361567,0.0312234789008376,0.0142656742223409,0,0,0.0244894978242447,0,0.048052367663961,0.2335027565045457,0,0,0,0.1768029350942539,0.0141160597412659,0.0033360245103746,0,0,0,0,0
L3_ID4404,0,0,0,0,0,0,0.1384429840312193,0,0,0,0,0.2400599260958449,0.0374167692430576,0,0.4158031149832295,0.2964827675264948,0,0,0,0,0,0,0,0,0,0,0.7449065625796495,0,0,0,0,1,0,0,0,0,0,0,0,0,0,0,0,0,0,0.1216481922169064,0,0.1589435638108204,0.0241181921554644,0.1130631002117207,0,0,0,0,0,0,0,0,0.1245606895658952,0,0,0,0,0,0,0,0,0,0,0.7997453652060628,0,0.5322643032252611,0,0,0,0,0,0,0,0,0,0.3025504846821869,0,0.0801782260926456,0,0.2454857860245679,0,0,0,0,0,0.2502418484979651,0,0,0,0,0,0,0,0,0,0,0,0,0,0,0,0,0,0,0,0,0,0,0,0,0,0,0,0,0,0,0,0,0,0,0,0,0,0,0,0,0,0,0,0,0,0,0,0,0
L3_ID4417,0,0,0,0,0,0.4998685969464827,0,0,0,0,0,0,0,0,0,0,0,0,0,0,0,0,0,0,0,0,0,0,0,0,0,0,0,0,0,0,0,0,0,0,0.3637734025044525,0.2927575965450309,0.1503371212591516,0,0,0,0,0.0905645645109668,0,0.0575277707506459,0,0,0,0.3297411540912909,0,0,0,0,0,0,1,0,0,0,0,0,0,0,0,0,0,0,0,0,0,0,0,0,0,0,0,0,0,0,0,0,0,0,0.1032007162673531,0,0,0,0,0,0,0,0,0,0.3178420428380852,0,0,0,0,0,0,0,0,0,0,0,0,0,0,0,0,0,0,0,0,0,0.0926387216172853,0,0,0,0,0,0,0,0,0,0,0,0,0,0,0,0,0,0,0,0
L3_ID4418,0,0.0204884444829049,0,0,0.0123214203230846,0.0022959215859087,0.0357428794372476,0,0,0.9636746933218427,0,0.0036375244813901,0,0,0.003861563648862,0,0,0,0,0,0,0,0,0,0.0298403781380651,0.2108483388029227,0,0,0.0601367367665001,0.002018324680187,0,0,0.0041145688803106,0,0,0,0,0,0.0522622694107426,0,0.0029080065781046,0,0,0.0531450985402258,0.4005598311307448,0,1,0.0905004636692321,0,0,0,0,0.0409353750670538,0.0094282690463741,0.0059588291025905,0,0.0558675735619461,0,0.0014728938683287,0.2195688514695637,0.0305423760001348,0,0.022373709936852,0,0,0,0,0,0.001250225716901,0,0,0.0102401524996169,0.0108031692403565,0.068437461400472,0,0,0,0.0063989660955506,0.0431620463342302,0,0,0.0058909401537381,0.0206223729908891,0.0813687680664625,0.0014781771777597,0.0249442098317541,0.0755421986908958,0.0050443540731149,0.018814460916643,0,0,0.0236780907805889,0,0,0,0.0199949824068508,0,0,0,0.0070859371910818,0,0.154624163658005,0.01716204264148,0.0010957572908408,0,0,0.0257124611192957,0,0.0412580427760588,0,0.0277184963176705,0.0382874035803966,0.0016755870869867,0.0857537067549457,0,0,0,0,0,0.0081133080689847,0,0.0058901079991643,0.0094882404405341,0,0,0,0,0,0,0.0773961742860904,0,0,0,0,0.0013002228073933,0.010009637354766,0,0,0,0,0
L3_ID4419,0,0,0,0,0,0,0,0,0,0,0,0,0,0,0,0,0,0,0,0,0,0,0,0,0,0,0,0,0,0,0,0,0,0,0,0,0,0,0,0,0,0,0,0,0,0,0,0,0,0,0,0,0.1595651052373748,0,0,0,0,0,0,0,0,0,0.1123545249514323,0,0,0,0,0,0.0322062567010777,0,0,0,0,0.537635450729112,0,0,0,0,0.5118895392155034,0,0,0,0,1,0,0.4045711732213494,0,0.0608155900980544,0,0,0,0.8039208162667221,0,0,0,0.3369956820182063,0,0,0,0.2260171009980487,0,0,0,0,0,0,0,0,0,0,0,0,0,0,0,0,0,0,0,0,0,0.0655653053592096,0,0,0,0,0,0,0,0.360515152867024,0,0,0,0,0,0,0,0,0,0,0
L3_ID4422,0,0,0,0,0,0,0,0,0,0.0787046583720657,0,0,0,0,0,0,0,0,0,0,0,0,0,0,0,0.0314196882818217,0,0,0.3281085860445016,0,0,0,0,0,0,0,0,0,0,0,0,0,0,0.0145732714709588,0,0,1,0,0,0,0,0,0,0,0,0,0,0,0,0.2111194694037017,0,0,0,0,0,0,0,0,0,0,0,0,0,0,0,0,0,0.0142796971315636,0,0,0,0,0.0530411480287345,0.0704987916384659,0.0389030275310909,0,0,0,0,0,0,0,0,0,0,0,0,0,0,0,0,0.0315790227473654,0,0,0.008544136728248,0,0,0,0,0,0.0075218503225325,0,0,0.1326962282954832,0,0,0,0,0,0,0.0343402765750422,0,0,0,0,0,0,0,0,0,0,0,0,0,0,0,0,0,0,0,0
L3_ID4427,0,0,0,0,0.1113043099885851,0,0,0,0,0,0,0.077082718602891,0,0,0,0,0,0,0.0216743146074427,0,0,0,0,0,0,0.0354042207851915,0.0911071151407766,0.0453648968718125,0.0296332598622932,0.3199608625078914,0,0.0527153006985473,0.3299878649689488,0,0,0,0.3352270886923887,0,0,0,0,0,0,0,0.0922842238308138,0,0,0.0308802959984177,0.0629899082765823,0,0,0,0.2119451898329131,0.4230961093747386,0,0.1519297463804612,0.4936424859443998,0.1418138490033388,0.101416441270448,0.4245250573323267,0,0,0.0548027953283689,0.1483382523633234,0,0,0,0,0,0.1299220554426646,0.0387335608177074,0,0,0,0,0,0,0,0,0,0,0,0,0,0,0,0.494882862187312,0.0388436635632641,0,0.1538470824730073,0,0.0746696161270149,0,0.1627394660562608,0.0288331194160378,0.0684110188288746,0.034604322262431,0,0,0,0.2849933709960656,0,0.2535572500463013,1,0.277021800224975,0.0444387858099391,0.4103195340660623,0,0,0.2094625909311643,0.13418089904824,0.0615393706299265,0.4618367592728046,0.2797094328628932,0,0,0.4004532958509417,0.3022280619389639,0.3169087666463664,0.2211401631679977,0.172980174505733,0,0,0.1260640843064316,0,0.2782026239928357,0,0.299862588095544,0,0,0.0328334351309148,0,0,0,0.0485108855784505,0.462769432867639,0.1523290616315542,0.0381007110288188,0.4209274382567413,0.087596537150007,0.1181393116513976
L3_ID4430,0,0,0,0,0,0,0,0,0,0.1573750022957702,0,0,0,0,0,0,0,0,0,0,0,0,0,0,0,0.1394908919806149,0,0,0,0,0,0,0,0,0,0,0,0,0,0,0,0,0,0.0984470836131511,0,0,1,0,0,0,0,0,0,0,0,0,0,0,0,0,0,0,0.0138354545585213,0,0,0,0,0,0,0,0,0,0,0,0,0,0,0.0127758605066026,0,0,0,0,0.0759705250246945,0,0.0111392071247932,0,0,0,0,0,0,0.0165872446604376,0,0,0,0,0,0,0,0,0,0,0,0,0,0,0,0,0,0,0.0734434615264836,0,0,0,0,0,0,0,0,0,0,0,0,0,0,0,0,0,0,0,0,0,0,0,0,0,0,0,0,0,0
L3_ID4437,0,0.2359739374555648,0,0,0,0,0,0.4166915216553203,0,0.2600998394089222,0,0,0,0,0,0,0,0,0,0,0,0,0,0,0.0893423697041572,0,0,0,0,0.002906595292866,0,0,0,0.3114249056945184,0.3025659167802653,0.1942878805218585,0.5236241392324982,0.4519465296190443,0.6122258439893294,0.2799059105753799,0.5778155258522265,0.361799215915835,0,0,0,0,0,0,0,0,0,0.0126442805189721,0,0,0,0.0112450981552618,0.0153162260856186,0,0.0142851205473279,0.0235735628647226,0,0,0,0,0,0,0,0,0,0,0,0,0,0,0.1332572682063424,0,0,0,0.6596489935459738,0.5050387265198425,0,1,0.9581214118511286,0,0,0,0.712052297934428,0.6953042976427511,0,0.1128408783626394,0.1268397122459052,0.3606547470749602,0,0,0,0.0765469983360239,0,0,0.0234683788420157,0,0,0.0414540798968041,0.0066935507760833,0.0114082703381746,0,0,0,0,0,0,0,0,0,0,0,0,0,0,0,0,0,0,0,0,0.0154069824652274,0,0,0,0,0,0,0.0214097599231748,0,0,0.2324080483575958,0,0,0,0,0,0
L3_ID4440,0,0.1540111204412586,0,0,0,0,0.634385834876515,0,0.1326278010634249,0,0,0,0,0,0,0,0,0,0,0,0,0,0,0,0,0,0,0,0,0,0,1,0,0,0,0,0,0,0,0,0,0,0,0,0,0,0,0,0,0,0,0,0,0,0,0,0,0,0.0860815588399087,0,0,0,0,0,0,0,0,0,0,0,0,0,0,0.0614775759349986,0,0,0,0,0,0.0191126977602879,0,0,0,0,0,0,0,0,0,0,0,0,0,0,0,0,0,0,0,0.1746108083888706,0,0,0,0,0.2983361111927609,0.0537342803675778,0.0466888177123096,0,0,0.2360773698729096,0,0,0.2331412035731375,0,0.2706892434609745,0.0201741420280598,0,0,0.3265340655866116,0,0,0,0,0,0,0,0.4032948087394794,0,0,0,0,0,0,0,0,0.0056076221788109,0.1453864826023644,0,0.0100287196636698,0,0
L3_ID4444,0.0201842878979191,0.064027692208138,0.0515586140412366,0,0.0811385922211477,0,0.2378908829040456,0.1132322566924032,0,0.2262495209341131,0,0.9544813559266964,0,0,0,0,0,0.0202134312137197,0,0,0,0,0,0.0761334485663627,0.3945645939206725,0,0,0,0.3195407776956941,0,0,0,0.0110760735319938,0.0684583967744499,0.011668300330415,0.0076093084190642,0,0.029817287553655,0.057331430742878,0.2989601748856164,0,0,0,0,0.0493471843109797,0,0.2690095848375426,0,0,0,0,0,0.986187442388562,0,0,0,0,0,0,0.0026134321748975,0.0115448979235988,0,0,0,0,0.07603538135946,0.0986969560312618,0,0,0,0.0160761109285775,0.045007313994166,0,0,0,0,0,0,0,0.2928317664105195,0,0,0,0,1,0,0,0,0.0087721719002795,0,0.0610584296440217,0.0716077024724334,0,0,0.0675148036672586,0.0747145141226118,0,0.0028575106172913,0.0041808503851006,0.0724222718695354,0,0,0,0.0241160718262418,0,0,0,0,0,0,0,0,0,0,0,0,0,0,0,0,0,0.1352492051262994,0.1176447394944286,0,0,0,0.0315660151099851,0,0.098576162385432,0.33793667436015,0,0,0,0.1360052179768399,0,0,0,0,0,0,0
L3_ID4446,0,0,0,0,0,0,0,0,0,0,0,0,0,0,0,0,0,0,0,0,0,0.004161491758991,0,0,0,0.0087224151357179,0.0713284723672541,0,0,0,0,0.1525928347328705,0.0499828399893323,0.2728187617013448,0.3270964387554931,0.0312873488767213,0,0,0,0,0,0,0.0665599651990611,0,0,0,0,0,0,0,0.1157429813790763,0,0,0,0,0,0,0,0,0.0211715961550814,0,0.0433272949601527,0,0.0065202617603665,0.0535360888224348,0.0518317912024383,0.0125568325512538,0,0,0,0.1564553589174715,0.018660956696238,0.0208892441961161,0,0,0,0.1868035230065213,0.0286118112580431,0,0,0,0.0400957900213318,0.0393808204048921,0.3646130144345873,0,0.034188330234274,0,0,0,0,0,0.0084621164388698,0,0.0208077257377963,0,0.0174551693165893,0,0,0,0,0,0,0,0,0,0,0,0,0,0,0,0,0,0,0,0,0,0,0,0.0117475774621882,0,0,0,0.0193885251740131,0,0,0,0,0.0345131828566028,0,0.0202246826364906,0,0.3140952882528671,1,0.0070112715878987,0.0075006151245862,0,0,0.0603586749108705,0.0357209331615482,0.0057889235031779
L3_ID4447,0,0,0,0,0,0,0,0,0,0,0,0,0,0,0,0,0,0,0,0,0,0,0,0,0,0,0,0,0,0,0,0,0,0,0,0,0,0,0,0,0.238753916063052,0,0,0,0,0,0,0,0,0,0,0,0,0,0,0,0,0,0,0,0,0,0,0,0,0,0,0,0,0,0,0,0,0,0,0,0,0,0,0,0,0,0,0,0,0,0,0,0,0,0.6064876101614467,0,0,0.0980036721828247,0,0,0,0,0,0,0,0,0,0,0,0,0,0,0,0,0,0,0,1,0,0,0,0,0,0,0,0,0,0,0,0,0,0,0,0,0,0,0,0.2139003038090388,0,0,0,0,0,0,0
L3_ID4448,0,0,0,0,0,0,1,0,0,0,0,0,0,0,0,0.0749129625324425,0,0,0.0919035954987145,0,0,0,0,0,0,0.0690238545400958,0,0,0,0,0,0,0,0,0,0,0,0,0,0,0.6082601387656517,0,0.0710043607805311,0,0,0,0.1640710904584496,0,0,0,0.0918984345468889,0,0,0,0,0,0.2050368060317105,0,0,0,0,0,0,0,0,0,0,0,0.0419843070107755,0.1074132518344693,0,0.0776906806404742,0,0,0,0,0,0,0,0,0,0.0535665656246134,0,0,0,0,0,0.1432515942505004,0,0,0,0,0,0.1358385474104812,0,0,0,0,0,0,0,0,0,0,0,0,0.1527305809334835,0,0,0,0,0,0,0,0,0,0,0,0,0,0,0,0,0,0,0,0,0,0,0,0,0,0,0,0,0,0,0,0,0,0
L3_ID4449,0,0,0,0,0,0,0,0,0,0,0,0,0,0,0,0,0,0,0,0,0,0,0,0,0,0,0,0,0,0,0,0,0,0,0,0,0,0,0,0,0,0,0,0,0,0,0,0,0,0,0,0,0,0,0,0,0,0,0,0,0,0,0,0,0,0,0,0,0,0,0,0,0,0,0,0,0,0,0,0,0,0,0,0,0,0,0,0,0,0,0,0,0,0,0,0,0,0,0,0,0,0,0,0,0.5376675620005896,0.0663088682857181,0.1260362329162387,0.0138812830933144,0.2780784971492542,1,0.1761630891043513,0.7621698135020724,0,0,0,0,0,0,0,0.9993775373949636,0.4196561763589454,0,0,0,0,0.4122834001622391,0,0,0,0,0,0,0,0,0,0,0,0,0,0,0.1219660487642272
L3_ID4455,0,0.643640390792442,0.0438807454073481,0.1380869842684013,0,0,0,0,0,0.8221948711963393,0,0.0805100633782387,0,0.0593492835468771,0.0348476552575454,0.0123537582229774,0,0,0.0543373145197638,0.0327802330580112,0,0.0398779751707268,0.3426933715549247,0.1381053849924023,0,0,0,0,0.4352263554097612,0,0,0,0,0.302895947928367,0,0.1475571436606562,0,0.0892735049370702,0.0533875471968602,0.2313770423982704,0,0,0.0252808737409635,0.4794861363855565,0,0.2092356060131267,0,0.2416462589463405,0,0.0468089028167814,0.0604118051539478,0.0418758962290173,0.8453856941864877,0,0.6824124871417758,0,0,0,0.2366752722791134,0,0,0,0,0,0,0.1033039279834363,0,0.1252154608676529,0.144376314203398,0.028951607081002,0.0298109261693056,0.0500043324991359,0.0145072410425885,0.0822628349565062,0,0,0,0.1008830776011892,0.1593450774204891,0.0808090135729557,0,0,0.0368028377317435,0.0276047772876755,0,0,0,0,0.0609018035946359,0,0.0247997839386753,0,0.2933839112044155,0.205038739798329,0.1934405635035841,0,0,0,0.0751440885756671,0.0112724950621792,0.158347412799567,0.6617808072919501,0.0964657193456369,0.2726275427009382,1,0,0,0,0.796491323208377,0,0,0,0.6279089797221911,0.067920883782669,0,0.5670311988086932,0.4035174162559478,0.0955267136292861,0.128318733001906,0.0560595706844872,0.0651470127544577,0.3458894917018716,0.4152364843691655,0.2627620572708403,0,0,0.0728598846765994,0.3546820589446142,0,0.1302463525050504,0.0237344667491294,0.1738216828408522,0,0,0.6503079969241589,0.4306020388518211,0,0,0.0263463126028048,0,0.3187960968041801
L3_ID4459,0,0,0,0,0,0,0,0,0,0,0,0,0,0,0,0,0,0,0,0,0,0,0,0,0,0,0.1857411293815922,0,0,0,0,0,0,0,0,0,0,0,0,0,0,0,0,0,0,0,0,0,0,0,0,0,0,0.7400980542706403,0,0.208161599525941,0,0,0,0,0,0,0,0.0934820171664714,0,0,0,0,0,0,0,0,0,0,0,0,0,0,0,0,0,0,0,0,0,0,0.3430666836121719,0,0,0,0,0,0,0,0,0,0,0,0,0,0,0,0,0,0,0,0,0,0,0,0,0,0,0.7384664330756021,0,0,0,0.919027408446426,0,0,0,0,0,0,1,0,0,0.2079649940376085,0,0,0,0,0,0,0,0,0,0,0,0,0
L3_ID4466,0,0.2240890960392122,0.3107790657761482,0,0.4994881781257958,0,0.2572255970291419,0.2075533731963761,0.0666723070542823,0.1886665469033303,0.0021748372229686,0,0.1225975685678741,0.0603471649257885,0,0.109207933009925,0.027075410218522,0.0318356124372606,0,0.0118108842110207,0.0214792900078098,0,0.0061330682796675,0,0.1614105250587597,0,0,0.1188729897271207,0.0238369589292132,0.4494155290968171,0.2808247478696273,0,0.5863336904048292,0,0.2750543408408543,0.4466006997262937,0.3650355940417867,0.1298787557153078,0.2565633163264304,0,0.0211932501403664,0.2212901860910578,0,0.0525447709801688,0,0,0,0.1411093507270576,0,0.0804659256578455,0.0698963429776096,0.8169949847784546,0,0,0.371325528640749,0.6455464404976249,0,0.3192061990237524,0.5952576228290668,0,1,0,0.1011259058352494,0,0,0,0,0.0129380536440277,0.0113077482927996,0.1358373317485149,0,0,0,0.047237348420095,0.1278122653513284,0.0405668172218732,0.188735598122396,0.0495456987596038,0,0,0.1389470642416646,0.0626070614397917,0,0,0,0,0,0.0916406305065039,0,0.1167954931743626,0.0565855143635264,0.2727836290756721,0.0643663468443688,0.2049436226732617,0.0754079068132863,0.1101670100224782,0.101823046288293,0.1063987090217906,0.3864275880609665,0.5916108783369619,0.469433072443471,0.7093216718103438,0.6041829736469017,0.710343842611555,0.7810182494884509,0.1809102695024209,0.6218121876670022,0.0669399606537616,0.4441802656062029,0.5312073322656831,0.6510411881861342,0.2109841927671091,0.9314304892214088,0.8161678430968639,0.2230199499514364,0.0548302105125223,0.8399163889706587,0.7773231705068401,0.7065350193741655,0.8361129392628587,0.3153248535945039,0.4736986729727718,0.4997106477061629,0,0,0.3127978728842204,0,0,0,0,0,0,0,0.2572142771571639,0.0379203189574414,0.3846841504771585,0.2566896829213845,0.0968512238363662,0.0625455658943113,0.1245940257479898,0.3791187967919864
L3_ID4467,0,0,0,0,0,0,0,0,0,0,0,0,0,0,0,1,0,0,0,0,0,0,0,0,0,0,0,0,0,0,0,0,0,0,0,0,0,0,0,0,0,0,0,0,0,0,0,0,0,0,0,0,0,0,0,0,0,0,0,0,0,0,0,0,0,0,0,0,0,0,0,0,0,0,0.8670287448584498,0,0,0,0,0,0,0,0,0,0,0,0,0,0,0,0,0,0,0,0,0,0,0,0,0,0,0,0,0,0,0,0,0,0,0,0,0,0,0,0,0,0,0,0,0,0,0,0,0,0,0,0,0,0,0,0,0,0,0,0,0,0,0,0,0,0
L3_ID4473,0,0,0,0,0,0,0,0,0,1,0,0,0,0,0,0,0,0,0,0,0,0,0,0,0,0,0,0,0.036102888301529,0,0,0,0,0,0,0,0,0,0.3554056182062775,0,0,0,0,0,0,0,0.6632605390462388,0.447863766662505,0.1638751120860532,0,0,0,0,0,0,0,0,0,0,0,0,0,0,0,0,0,0,0,0,0,0,0,0,0,0,0,0,0.2631531259752515,0,0,0,0,0.0925383345622791,0,0.024968375519029,0,0,0,0,0,0,0,0,0,0,0,0,0,0,0,0,0,0,0,0,0,0,0,0.1280841974074864,0,0,0,0,0.0926774341976431,0,0,0,0,0,0,0,0,0,0,0,0,0,0,0,0,0,0,0,0,0,0,0,0,0,0,0
L3_ID4477,0,0,0,0,0,0,0,0,0,0,0,0,0,0,0,0,0,0,0,0,0,0,0,0,0,0,0,0,0,0,0,0,0,0,0,0,0,0,0,0,0,0,0,0,0,0,0,0,0,0,0.024398770258246,0,0,0,0,0,0,0,0,0,0,0,0,0,0,0,0,0,0,0,0,0,0,0,0,0,0,0,0,0,0,0,0,0,0,0,0,0,0,0,0,0,0,0,0,0,0,0,0,0,0,0,0,0,0,0.0981923952679196,0.4049124753618021,0,0.6460446752717797,1,0.194617715789694,0,0,0,0.9529852527853756,0.0133097873501877,0,0,0,0.7568538555793688,0,0,0,0,0,0.0231198596949316,0,0,0,0,0,0,0,0,0,0.0350846483430855,0,0,0,0.2427423671823982,0.0480365262765017
L3_ID4484,0.0492814302702598,0.0743837120650249,0,0,0.0387583003860845,0.4557671689374013,0.0822173305528077,0.0233528289498624,0.0944144264469271,0.0305264485154775,0,0.0097427008892512,0,0,0.0736139403475295,0,0,0.0124736861475169,0,0,0.0090385982265828,0,0,0,0,0.0177534649468725,0.4166389173280167,0.1048094832335656,0,0.0341118043061381,0.0156677292071156,0.1644581396218156,0.1665074409394787,0.2880104959204179,0,0.2312921630892364,0.0105138832577507,0,0.0405558262978137,0.0205696299977373,0,0,0.0372347735672128,0,0,0.0336429573664488,0.1311990134796402,0,0,0.0233491903577333,0,0.1421652018075881,0.075790747179507,0.031804044275132,0.009128054345269,0.2009108145281756,0.216088651574989,0,0.0901498081233948,0.0744083236425289,0.1628717382198939,0,0.0089933480096624,0,0,0,0,0,0,0,0.0770261678795142,0,0.1149139959826971,0,0,0,0.8524037443577263,0,0,0,0.0080337276397678,0,0,0,0,0,0.0170722716899221,0,0,0.0161180849578199,0.0349493687944564,0.0745583562317661,0,0,0,0.0712971952848535,0.0121212173997005,0,0.1197138417972008,0.2082647415031877,0.108896239289867,0,0,0,0.0546419329799646,0.0059961253348577,0.0120858920485563,0.0053154397884371,0.01199492337352,0.036496593931038,0.0049523818707021,0,0.0703610069942202,0,0.057126243156062,0,0.0139982985588219,0.0070989819900297,0,0.1779120558845483,0.1328676804982755,0,0.0883832479102799,0.1965062812130527,0,0,0,0,0,0.0115699283829305,0.0669664616165556,0,0.1200614955504414,1,0,0.0085026803524841,0.0629827388078804,0,0.0166157197036991,0.0100782634955898,0
L3_ID4485,0,0,0,0,0,0,0,0,0,0.7461632442768302,0.0015670097061049,0,0,0,0.0615917001287216,0,0,0,0,0,0,0,0,0,0.0859977604146387,0.0977817289806185,0,0,0.0145555811490687,0,0,0,0,0,0,0,0,0,0.0124953666426303,0,0,0,0,0.0092212365360085,0.1793481138731285,0,1,0.2845844440574661,0.0881905332916461,0,0,0,0.0065969058269141,0,0,0,0,0,0,0.3384520644439659,0,0,0.0094309376304348,0,0,0.0013138346882334,0,0,0,0,0,0,0.0071230687733322,0.0327873247505579,0,0,0,0.0322547194545915,0.0323364658760043,0,0,0,0.0894575389635179,0.0203276943824824,0.0617249598761959,0.0226679848779285,0.0567339586183756,0,0,0,0,0,0,0,0,0.0006960067341371,0,0,0,0,0,0.0934490354235745,0,0,0.0014117472147292,0,0.0560356731528478,0,0.041468041685226,0.0032324478372539,0.0243290338369416,0.0326145657230062,0,0.0215677369534001,0,0,0,0,0,0,0,0,0,0,0,0,0,0,0,0.0022829946756299,0,0,0,0,0.0009070998584879,0.0035815952848969,0,0,0,0,0
L3_ID4486,0,0,0,0,0,0,0,0,0,1,0,0,0,0,0,0,0,0,0,0,0,0,0,0,0,0.0136947313151649,0,0,0.1076017237038214,0,0,0,0,0,0,0,0,0,0.1447257900753919,0,0,0,0,0.0930310893540398,0,0,0.3684935399685101,0,0.94760338950487,0,0,0,0,0,0,0,0,0,0,0,0.0183698767878143,0,0,0,0,0,0,0,0,0,0,0,0,0,0,0,0,0.0287871360070602,0,0,0,0,0.0384353087310811,0,0.0143401219156203,0,0,0,0,0,0,0,0,0,0,0,0,0,0,0,0,0,0,0,0,0,0,0,0.0766784222892744,0,0,0,0,0.0373829156371162,0,0,0,0,0,0,0,0,0,0,0,0,0,0.0016146075754996,0,0,0,0,0,0,0,0,0,0,0,0,0
L3_ID4490,0,0.0071803793553222,0,0,0,0,0.0588055160458137,0,0,0.0805870831829125,0,1,0,0,0,0,0,0,0,0,0,0,0,0,0.0468427258561856,0,0,0,0,0.0144698119384874,0,0,0,0,0,0,0,0,0,0,0,0,0,0.0187096749932135,0.0087705347947701,0,0.0457508161783705,0,0.0057284054530906,0,0,0,0.0305504132037825,0,0,0,0,0,0,0,0,0,0,0,0,0,0,0,0,0,0,0.0015027891900296,0,0,0,0,0,0,0.0103980467230487,0,0,0,0,0,0.0053014044685634,0.007741933675902,0.0034534064941567,0.0071421556113822,0,0,0,0,0,0,0,0,0.0134225611562412,0,0.0014554267382255,0.0027684368023362,0.0074929538186991,0,0,0.0006113906472716,0,0,0,0,0,0,0,0,0,0,0,0,0,0,0,0,0,0.0102935581821954,0.0547055524222756,0,0,0,0,0,0.0043858605573042,0.0017513932679014,0,0.0447336832539951,0,0,0,0,0,0,0,0,0
L3_ID4493,0.18650182028504,0.0518227508154588,0.3364112893717729,0.0455544418808805,0.2621701794856,0.2543989745698176,0.1339017220591414,0.2603999630614112,0.1757469442822523,0.2034004536715201,0.0308070303867675,0,0,0,0,0.062837320419093,0,0.0201113763452174,0.0136941137642052,0,0.0253482982487722,0,0,0.0487019396602543,0.21441177387912,0.0846617963684464,0.1867017003281156,0.4063729219576745,0.1197260695648362,0.3175277862639349,0.4549104472945236,0.1238505772797139,0.2380684514847058,0,0,0,0,0.0596494064635674,0,0,0,0.1548723177582888,0.0782203572759307,0.3456287968916738,0.0370661072710745,0.1736414914671963,0.4607185739710302,0.0823521931871572,0,0.0249304181279967,0.0275660938190293,0.1699808082424991,0,0.1495964801970833,0.0839037944012276,0.3212501073826381,0.7458676511970918,0.2935297597672495,0.1735979021665479,0.2014347605935894,0,0,0,0.0980900277340658,0,0,0,0,0,0,0.0488536241159954,0,0,0.0628918881986506,0.0776498594183377,0,0,0,0,0,0.0964366986749164,0,0,0,0,0,0.0968051772766599,0.0133010650669709,0,0,0.0211184237418104,0.5739469307990442,0,0,0,0.0681229418760502,0.0669760941576677,0.0636625111966201,0.7425570457605335,0.3261216824218335,0.221786672586259,0.280141592383504,0.5124283652628099,0.4061221374022013,0.3689665759787609,0.2863172951541786,0.2725382279594993,0.1479512048357972,0.2989871804606915,0.7304800177920177,0.1756578050064253,0.5027998042753404,0.15423483884398,1,0.1507048066598322,0.1236233938699601,0.4156542228151048,0.196882781995118,0.4643896124138588,0.2281950139345528,0.0850234823885721,0.2866419685733218,0.517489606347454,0.1201665477450477,0,0.0829182868244022,0.2931547255787989,0.4091898918736039,0,0,0,0,0,0,0.0162267388040809,0.1217868180137738,0.3147472934641032,0.2852373701656908,0,0.1312251189103656,0.1463392284800259
L3_ID4495,0,0.0479736485758163,0,0,0,0.0547968664278272,0,0,0.1194348656489851,0.0979345670029805,0.0160537379255041,0,0,0,0,0,0,0,0,0,0,0,0,0,0,0.0144553743251448,0,0.142482552337745,0.026448357660387,0,0.0955324351126829,0,0,0,0,0,0,0,0,0,0,0,0,0.0956250517852134,0,0.0131198142479135,0,0,0,0,0,0,0,0,0.3921309838574655,0,0,0.4514504333933296,0.4048233548102112,0.4664456340530054,0.6438446181136992,0,0,0,0,0,0,0,0,0,0,0,0,0,0.009996028614679,0,0,0,0,0,0,0,0,0,0,0,0,0,0,0,0,0,0,0,0,0.045714240758663,0.0811981856483007,0,0,0,0.0701926080461856,0,0.8921336608698553,0,0.5732496017522862,0.3939202764743514,0.2518096287380687,0.1907934507472215,0.2460198582276702,0.5138672049845296,0.1730321216401482,0.1836162049331984,0.1531316608233539,0.7794595198098729,0.177772305606686,0.0560869289946612,0.2945443769841482,0.4354780155692794,0.1271786809173084,0,0.342935232324801,1,0.2314786850470212,0.0671490134423088,0,0,0,0,0,0,0,0,0,0,0,0.257890774824357,0.1006283247604663,0,0.1074285072016687,0.1509733266042352,0.1313844569253543
L3_ID4497,0.0244792751695389,0,0,0,0,0.0221821870208597,0,0,0,0.2309409699661686,0,0.018796546203764,0,0,0,0,0,0,0,0,0,0,0,0,0.0377883507891642,0.1219019688157146,0,0,0.1715319727083975,0,0,0,0,0,0,0,0,0,0,0,0,0,0,0.0299736250192346,0,0,1,0.4301930071202794,0.0264815127597814,0,0,0,0.2364973185213096,0,0,0,0,0,0,0.277278071827886,0,0,0.0062358778284341,0,0,0,0,0,0,0,0,0.0592436383849902,0.0133797618944968,0.0096207559643494,0,0,0,0,0.1039350981512808,0,0,0,0,0.0257757707746791,0,0.0311741797360108,0.06301789132426,0.0182588681189396,0,0,0,0.0225618030337701,0,0,0,0.0079209942241612,0,0,0,0.0077966240063373,0,0,0,0,0,0,0.0165546099755395,0,0.046066824982197,0,0.0039131900560285,0.0886575806984371,0,0.0484556170254641,0,0,0,0,0,0.016474255187843,0,0.0253390362776957,0.0146518811667155,0,0,0,0,0,0.0312148748504265,0.0585721050118778,0,0,0,0,0.0057091533323613,0.0253946913289738,0,0,0,0,0
L3_ID4518,0,0.1153984241428532,0,0,0.0731860419394642,0.0121273256487428,0.0304935031310155,0,0,0.3312787410985791,0,0,0,0,0,0,0,0,0,0,0,0,0,0,0.1480515315636384,0.0246211452941304,0,0,0.1412677553432127,0,0,0,0,0,0,0,0,0,0,0,0.0129134741291169,0,0,0.007003804788051,1,0,0.7170776645730291,0,0.0252827319278615,0,0,0,0.2373122166603256,0,0,0,0,0,0,0,0,0,0,0,0,0,0.0148377912816818,0,0,0,0,0.014315229607804,0,0.0430170282305915,0,0,0,0.0937424275094147,0.027675859117519,0,0,0,0.0701416988957187,0.0192677092890097,0.0501576696474173,0,0,0,0,0,0,0,0,0,0,0,0,0,0,0.0106980110050498,0,0.0430652894973853,0,0,0,0,0.0185924535233247,0,0,0,0,0.2672385861078829,0,0.016359870241994,0,0,0,0,0,0,0,0.0057299301598975,0.0038609238383899,0,0,0,0,0,0.0295549596361923,0.0045708012411717,0,0,0,0,0,0,0,0,0,0,0
L3_ID4525,0.040823889467201,0.9401706995968766,0.0271488268947868,0.1187872274544291,0.1876983986893514,0,0.5180839363965789,0.0582418232810359,0.3562314001019019,0,0,0,0.2819364890887053,0.3197892880186774,0.2234195867043558,0.1343820801002217,0,0.2487581980632587,0.1085236588544835,0.2787416055776668,0.2319007993265786,0.4475258895441877,0.2719630395352401,0.2997045214877953,0.7936023809158046,0.0559751251457871,0,0.486489931969835,0,0.0244269480624438,0.1641517225478528,0,0,0.0873224727866187,0.0974143887281999,0,0,0.3886758784183879,0.0691738832253562,0.4400834012016201,0,0.2798086860940754,0.3525484470430371,0.3706443133894355,0.1086705072949821,0.1267599312383922,0,0.1657871188769302,0.2941378174646504,0.1438471511973923,0,0,0,0.0856832311405881,0,0.1050817667102952,0,0,0,0,0,0.0876367824734365,0,0.253903538252853,0.1790920385543152,0.1337074723077717,0.1227957634543201,0,0.0517030948636707,0.1175410136220699,0,0.1406082004994841,0.1059633712116206,0,0.4842540806736569,0.4052228913825198,0.0694558102655872,0,0.5043784909914997,0.5292321773087968,0.1243449121133903,0,0.0485616027673986,0.079789247293487,0.0635641651334834,0,0,0.3153633648351756,0,0.2420165531255774,0.045856261353441,0.06318339946754,0.41936309928546,0.1271886578182153,0,0,0.0921186165114447,0.0720413507783278,0.071770685488014,0,0.1479586736107692,0,0,0.0278280018907839,0.3734337665100286,0.1204274785943299,0.2937153492191588,0,1,0.3439919848530516,0.1065681748007385,0,0,0,0,0,0,0.098856564736935,0.2086504046968001,0,0.0628710809740953,0.1582044450724594,0.0223072325844226,0.0388243439787319,0.1729032514968942,0,0.0818155824410496,0.1504136816514633,0.1363747651964609,0.3349088408797098,0,0.3579193863801357,0,0.3736446555040428,0,0,0.2044127108887064,0.1119361153526367,0.1631601753717195,0.3722922263871761,0
L3_ID4547,0,0,0,0,0,0,0,0,0,0.916092058931002,0,0.112126875191221,0.2793761419771375,0.0303286008078143,0.0485325501908078,0.0572418377891525,0,0,0.119431278186627,0,0,0.0934925355601725,0,0.6120670956464224,0,0,0,0,0,0.7417036935069419,0.1477024826281622,0.1663024633288425,0,0.0180350517524259,0,0.0290830915419522,0,0,0.1301882009682457,0,0,0,0,0,0,0.5445044337802383,0,0,0,0,0,0,0,0.6822532302024031,0,0,0,0,0,0,0,0.3189619768775334,0.0360922145864833,0,0,0.5766850449022781,0,0.0405923444028281,0,0.0403210865516996,0.1354059445955339,0.1269986212811651,0,0,0,0,0,0.4362003788128488,0.0774101903805369,0.0232960784030616,0,0,0,0.0659894124676872,0.0198943507611504,0,0,0,0.0336536603668608,0,0.0410214382187551,0.829336520878839,0,0.0217293541215448,0,0.5836570303129331,0,0,0.3139387801275022,0.0156992752693852,0.2205314447265589,0,0,0,0,0,0,0,0,0,0,0.2970773878547172,0,0,0,0.4242841432176774,0,0,0,0,0,0.4817224858438445,0.0712362863927578,0,0,0,0.1140592734766522,0,0,0.1813949200714819,0.2351315307437705,0,0,0,1,0.5997021868010816,0,0,0,0,0
L3_ID4556,0,0,0,0,0,0,0,0,0,0,0,0,0,0,0.2117108990597732,0,0,0,0,0,0,0,0,0,0.130471649698372,0.2616451708687248,0,0,0,0,0,0,0,0,0,0,0,0,0,0,0,0,0,0,0,0,1,0.699809532034056,0,0,0,0,0,0,0,0,0,0,0,0.2643687775425802,0,0,0,0,0,0,0,0,0,0,0,0,0.0379068524272176,0.0404604881494883,0,0,0,0,0,0,0,0.081294781900317,0,0.0291559788700468,0,0.0622491641141243,0.0768189982221453,0,0,0,0,0,0,0,0,0,0,0,0,0,0,0.3668030786683741,0,0,0,0,0,0,0,0,0,0,0,0,0,0,0,0,0,0.0085273951182339,0,0,0,0,0,0,0,0,0,0.0753778710170104,0,0,0,0,0.0027210009386812,0,0,0,0,0,0
L3_ID4566,0,0,0,0,0,0,0,0,0,0,0,0,0,0,0,0,0,0,0,0,0,0,0,0,0,0,0,0,0,0,0,0,0,0,0.2873845915803503,0,0,0,0,0,0,0,0,0,0,0,0,0,0,0,0,0,0,0,0,0,0,0,0,0,0,0,0,0,0.0391160839512185,0.0259772956846789,0,0,0,0,0,0.1178955359293597,0,0,0,0,0.646267589289325,0,0,0,0,0.1209558480925412,0,0.099218949178976,0,0.1572356749381528,0,0,0,0,0,0,0,0,0,0,0,0,0,0,0,0,0,0,0,0,0,0,0,0,0,0,0,0,0,0,0,0,0,0,0,0,0,0,0,0,0,0,0,0,0,0,0,1,0,0,0,0,0,0,0
L3_ID4567,0,0,0,0,0,0.6107308301810455,0.1006673198593039,0,0,0,0,0,0,0,0,0,0,0,0.1030438165540593,0,0,0.0080269330855425,0,0,0,0,0,0,0,0,0,0,0,0,0,0,0,0,0,0,0,1,0,0,0,0,0,0,0,0.1285833112966504,0.053704805030475,0,0,0,0,0,0,0,0,0,0,0,0,0.0112762809587459,0,0,0,0,0,0,0,0,0,0,0,0,0,0,0,0,0,0,0,0,0,0,0,0,0,0,0,0,0,0,0,0,0,0,0,0,0,0,0,0,0,0,0,0,0,0,0,0,0,0,0,0,0.1175204586586886,0,0,0,0,0,0,0,0,0,0,0,0,0,0,0,0,0,0,0,0,0,0,0,0
L3_ID4582,0,0.0916779337706081,0.1233325246298406,0,0,0,0,0,0,0,0.1544909232650298,0.2019401739503035,0.190219088471528,0.0646770473461864,0.0352260242348103,0.0291085527390719,0.0455765768439316,0.1045618951342809,0.0465609820560404,0.1039861324894747,0.0158415748272458,0.0917249055776318,0,0.2709801803387652,0,0,0,0,0.4333838635625473,0.4216522941074938,0.250671191136542,0.2772000317732119,0,0.2242806607796603,0,0.2328929513733311,0,0,0.0533380642276287,0,0,0,0,0,0.4758872984386865,0,0.2456413819791523,0.0830538434193624,0.0248736379655556,0,0.0151920689818583,0,0.530030145236468,0.4258041600840612,0,0,0,0,0,0,0,0.03224207399768,0,0,0,0.3001798614906092,0,0.0116125757958722,0,0.0093398965138538,0.0364801976288712,0.1202794047316636,0.074778495880833,0,0,0,0,0.436407555404327,0.0711756700349399,0.0117373900699074,0.0423007464295191,0.0412516354263196,0.0454270718545946,0.0798639932358061,0.0165863585628954,0,0,0,0.0216784084030422,0.0425442795810992,0.0186645954895143,0.5008868788682649,0,0.0149754181933428,0.015084116788621,0.3749564101208079,0,0,0.1460585829375738,0,0,0,0,0.0171521405574017,0,0,0,0,0,0.5969456456981646,0,0.2544913586882381,0,0,0.8596986524750829,0.2189494055987054,0.0443553204298413,0,0,0.4772740156719381,0.1029027636141935,0,0.0468235134619962,0,0,0,0.0657870251239614,0,0,0,0,0,0.0274605538278836,0,1,0,0.0935170155569103,0,0,0,0
L3_ID4585,0,0,0,0,0,0.0591201183425905,0,0,0,0,0,0,0,0,0,0,0,0,0,0,0,0,0,0,0,0,0.132315295261621,0,0,0,0,0,0,0,0,0,0,0,0,0,0,0,0,0,0,0.0510018108387001,0,0,0,0,0,0,0,0,0,0,0,0,0,0,0,0,0,0,0,0,0,0,0,0.0172096901139627,0,0,0,0,0,0,0,0,0,0,0,0,0,0,0,0,0,0,0,0,0,0,0,0,0,0,0,0.0586189143245529,0,0,0,0,0,0,1,0.3447888865762719,0.11146056478989,0,0,0.4191143473507728,0,0,0.4032321386461942,0,0.6196596183608578,0,0,0,0.2256581924110755,0,0,0.5410604811694832,0,0,0,0,0,0,0,0,0,0,0,0.1729865815178888,0,0,0.2723372150665936,0,0.0064985679717916,0,0
L3_ID4595,0.0560553793641009,0,0,0,0.0219423790956042,0.052865552764847,0,0.0031336111991825,0,0,0.0191629488516629,0.0236687818164265,0.0418342289713797,0.0166323449396015,0.5906063238755795,0.01035683449438,0.0051918332485602,0.0148518933104649,0.0146160753418967,0,0.0088081229897564,0.0167029398937338,0.050738973872665,0.0063469541294656,0.407948442972549,0.2134995932220414,0,0,0,0,0,0,0,0.02876359363464,0,0,0,0,0.0172611974530311,0,0.0185432532524566,0,0,0,0,0,1,0.7835848858373335,0.1746696197149943,0,0.0045017052640077,0,0.016221417029977,0.0166540439514354,0.0104087705063445,0,0,0,0,0.7238312866797597,0,0.0021412446043922,0,0,0,0,0.0069338286938028,0.0082103381782484,0,0.0114003953955346,0.0221220461388647,0.0024639084801147,0.0225319175982355,0.0335701234924914,0,0.0056222142632217,0,0.0422280287724726,0,0,0.0167985938678804,0,0,0.2332856209063914,0,0,0.1043091522462965,0.0261544268243288,0,0.0169579774254863,0.031141913225913,0,0.0043103576856296,0.022246368600367,0,0,0,0,0,0,0,0.036870972185185,0,0.0112648552533186,0,0,0,0,0,0.0331442287711921,0.0739583868622194,0,0,0,0,0,0,0,0,0,0,0,0,0,0,0,0,0,0,0.0158868549956316,0,0,0,0,0.0054878304499245,0.007796764196505,0,0,0,0,0
L3_ID4597,0,0,0,0,0,0,0,0,0,0,0,0,0,0,0,0,0,0,0,0.0122308344456771,0,0,0,0.0121548087726354,0,0,0,0,0,0,0,0,0,0.1960722892697868,0,0,0,0.2320211083805895,0,0,0,0,0,0,0,0,0,0,0,0,0,0,0.0682734854629191,0,0,0,0,0,0,0,0,0,0,0,0,0,0.1159480677262661,0.0259349337731879,0.0212055995965728,0,0,0,0,0,0.0078083209414737,0,0,0,0,0,0,0,0,0.0771853204323555,0,1,0,0,0,0,0.0787411629443666,0,0,0,0,0.0759884263300611,0,0,0.0068449905441571,0,0,0,0,0,0,0,0,0,0,0,0,0,0,0,0,0.0397514464152327,0,0,0,0,0,0,0,0,0,0,0,0,0.0673524869170692,0,0,0,0,0.0242627332745117,0.0989129026537133,0,0,0,0,0,0
L3_ID4606,0.0941607832787149,0.0320911516673003,0.1530131918457517,0.1049850563167914,0.2794228048181465,0.0444838066750662,0,0.1155169447857001,0.0213088897372278,0,0.0116956094146077,0.0457022204487399,0.116478653103018,0.0489231069734511,0.0932981569399191,0.1111288983009131,0.0039300476221896,0.0251191776627807,0.0356524276633916,0.0288939059412006,0,0.034216620479322,0,0.0089778920417075,0,0.0603275605261936,0.4891326728857245,0.0953478992787722,0.0131375830403421,0.1589628584624955,0.124965595141217,0.2260846432839307,0.2215912919225211,0.4019096704011037,0.0837866448402661,0.1845925406914695,0.1862182095439183,0.0372277765733458,0.0867568175208881,0.1173183166859899,0,0.0245986667113528,0.1027641886440575,0,0.1390079007240905,0,0.0943712621154502,0.0744509328935935,0.0799314329143656,0.0452337760929695,0.0926769602827238,0.1046155750149855,0,0.1196923632210488,0.1522341687901324,0.415654088557513,0.2583588445972153,0,0,0,0.2084624257397917,0.1201803348739588,0.072851533521085,0.0764102500994092,0.0216115316149406,0.0227517205920498,0.0085652661131167,0.0274043318876659,0.0119632892214517,0,0.0976880580752619,0.0544560925227122,0.1718472249714689,0.0072246695964036,0.0972103088198278,0.0736597553222798,0.171961506356782,0.0471629126793861,0.0198366812176003,0.0076936687204848,0.1547560746133337,0.0901279525600461,0.1034250377301381,0,0,0.0710224902345011,0,0.0154706461619992,0.0362318597720097,0.1187360901208307,0.0255284046758489,0.2432318433638072,0,0,0,0.0274353405627175,0.0205352953528828,0,0.071583879866123,0.2100024926503471,0.2368959730430687,0.4388379361832635,0.1876488738910935,0.2164029309937331,1,0.0692295188102586,0.1355926642766548,0.0213401940566697,0,0,0.1249330231135716,0,0,0.1354196013784286,0.0742849252955483,0.0850420272543735,0.2668858383596545,0.0576864268555495,0.2930847455733636,0.2834355005776036,0,0.0245967553303093,0.3119380496093277,0.5099545946632845,0.251245129469446,0.1395551306529312,0,0.2405862301665851,0.2112285170371254,0.2931564529096805,0.2097047885069967,0.1981675179730912,0.1811330981025484,0.0981928023150228,0.0430832165732621,0.0429952772305467,0.213329905939106,0,0.1590931443911352,0.1294242798108239,0.1331681385173478
L3_ID4621,0.0424704130242182,0.0273303111910944,0.0508106784839273,0.0505497468521446,0.1269321565211318,0.2124720824325446,0.0469174833968755,0,0.017134939579285,0.0174890272407082,0.023836802437195,0.0311480306993396,0.0364580599776304,0.0196667644561299,0.148461185563766,0.0354895051797398,0.0096641159660884,0.0454275750185629,0.039647124534986,0.0360073922613475,0.0013644091142689,0.0494607598084469,0.0157491258149964,0.0025635224309198,0.0142399434092271,0.072426451676915,0.4711047818629332,0.0186339487421856,0.0021461031675395,0,0.0215720874666458,0.5939167251974591,0,0.7185214985918108,0.7142357167964172,0.3096087504911254,0.1318391636554412,0.029915130046046,0.2275504439941343,0.0885804472372873,0.0103429730729951,0.0315649221057786,0.1589223928740128,0.0110005404944694,0.1894146704686763,0.2129835560012654,0.2680509904790143,0.0236755694023251,0.1092589784737023,0.0143328421468962,0.2819545977392442,0.1693090034821552,0.1947332271380188,0.0709247650439122,0.0204976214917333,0.2331107995741871,0.234298465848511,0.0138396126209465,0,0,0.137858234064482,0.2295134036734406,0.0293786362625076,0.0867179082060136,0.0986895419082913,0.1395021320960701,0.0587665252343862,0.0310256021945544,0.0058983273708682,0.0581050349271482,0.3568973616291292,0.1931955915074137,0.2380217404168591,0.031307208665638,0,0,0,0.1545811046239918,0.0079996991039822,0.0185606213471401,0.1109905485403406,0.0814905717505268,0.1559142429621383,0.229272127514672,0.0158732941035881,0.1547900910487512,0,0.0219142678189931,0.0219707217615151,0.0448705632213062,0,0.1614710176913894,0,0.1524584605624434,0.0269517080971975,0.0174472217877572,0.0109309115694126,0,0.0300385975203157,0.2813566217929429,0.1556707843140125,0.186512260205843,0,0.2234979141152015,0,0,0,0.0241822058819839,0,0.0258076099300286,0,0.0340062292166896,0,0,0.0135651188434719,0.0546552282355888,0.0833226016715934,0,0.1508729669915604,0.07238684014852,0.0376464777078707,0.0251593534149188,0.0428199739805448,0.2338669602580972,0.1261857712985346,0.0361870549649358,0.0659004033658533,0.0689493606011898,0.3181278820621435,0.163681056076019,0.2472877799624162,0.2369625404322489,0.8337914382850558,1,0.0650601702840926,0.0938029155653154,0.0603192667625114,0.0180765726521694,0.1437016157138606,0,0.0685192533722205
L3_ID4632,0,0,0,0,0,0,0,0,0,0,0,0,0,0,0,0,0,0,0.3645363239051516,0,0,0,0,0,0,0,0,0,0,0,0,0,0,0,0,0,0,0,0,0,0,1,0.0305712002886166,0,0,0,0,0,0,0.0461223447934075,0.0469904757124563,0,0,0,0,0,0,0,0,0,0,0,0,0,0,0,0,0,0,0,0,0,0,0,0,0,0,0,0,0,0,0,0,0,0,0,0,0,0,0,0,0,0,0,0,0,0,0,0,0,0,0,0,0,0,0,0,0,0,0,0,0,0,0,0,0,0,0,0,0,0,0,0,0,0,0,0,0,0,0,0,0,0,0,0,0,0,0,0,0,0
L3_ID4644,0,0,0,0,0,0,0,0,0,0,0,0,0,0,0,0,0,0,0,0,0,0,0,0,0,0,0,0,0,0,0,0,0,0,0,0,0,0,0,0,0,0,0,0,1,0,0,0,0,0,0,0,0,0,0,0,0,0,0,0,0,0,0,0,0,0,0,0,0,0,0,0,0,0,0,0,0,0,0,0,0,0,0,0,0,0,0,0,0,0,0,0,0,0,0,0,0,0,0,0,0,0,0,0,0,0,0,0,0,0,0,0,0,0,0,0,0,0,0,0,0,0,0,0,0,0,0,0,0,0,0,0,0,0,0,0,0,0,0,0,0
L3_ID4655,0.1433641274107762,0.199244156534536,0.368877821464179,0.1321077734837632,0.4504110991634096,0.3371306692471874,0.1043468959163304,0.0545317340546729,0.1776536214366589,0.1639322687923676,0.0133602575909976,0.1319403752583433,0.1310959453734943,0.052203226785574,0.1274905703394084,0.087255657510798,0.0162350626127331,0.0272657789806196,0.0242390660065199,0.0267670371634435,0.0142189914978663,0.0154059552362496,0.0205567524197902,0.0236361887197706,0.0968256026983377,0.0789789187033157,0.6895886632532334,0.1467649389863856,0.028148770352879,0.7215279381655808,0.0729120810984697,0.3723774166967644,0.6225511685636403,0.2347507845771545,0.4681364167084151,0.2830964086610403,0.5133691657770617,0.0855102003596798,0.4267430375321546,0.1029645053510701,0.0785164473741822,0.1081356080112194,0.074036123559489,0.0851728648318987,0.337952882803709,0.4167502206212759,0.4009145664716732,0.1239115426904167,0.1050107681610583,0.0571208619851627,0.1102262701628885,0.7607987917972518,0.3918857135720939,0.5071138701239919,0.3719971310286681,0.8022130737400106,0.4051961307722761,0.215359508927385,0.7471652383871045,1,0.7972006740970862,0.0769088975576354,0.1305073554512777,0.1657827157041761,0.0173420347190763,0.0353173537775334,0.0144575409890305,0.0142990450005722,0.023061345983581,0.0876267292089624,0.0959978874118362,0.0895984902186855,0.2502056580933341,0.0359570369715493,0.0230577574849608,0.120370065776323,0.1287497335753942,0.0540010098625268,0.0375414269321142,0.0107033170310791,0.1067881791314546,0.0824118839880468,0.0369553249245577,0.0380328073298729,0.012343310872949,0.041023221260238,0,0.0503760004105927,0.0209942089627864,0.1846384959816049,0.0995268664514252,0.3577374084057144,0.1876062700075455,0.2334590392966679,0.0991856735255915,0.1043250127377423,0.0111607577991496,0.0320059090245733,0.1641866666925571,0.6667221789317932,0.2154948819442969,0.7787546108875771,0.3805141517059589,0.871918583838712,0.2811098700807395,0.1074766068916078,0.4847024873835241,0.1344022471273545,0.3994615386431234,0.3247951528883168,0.5871248248489043,0.2589708658078181,0.7561282989724596,0.6754776586738904,0.1790187929196809,0.0656880240778548,0.7052642151567065,0.7591009084289017,0.3950632767481357,0.4916855724384421,0.3518647590246076,0.1312368391575142,0.5096774097748646,0.437852001255232,0.3390180101129793,0.2404424134779667,0.2369574542273199,0.3681512885127762,0.1888523642551879,0.2354297818200453,0.128629580742285,0.2317595948838251,0.2744793669134563,0.2844056680992486,0.0613932111260133,0.2908326120165549,0.2270416698649041,0.0911061450859118,0.3365554195923876,0.1027119968858304,0.3025247495989448
L3_ID4657,0,0,0,0,0,0.5651175864864773,0,0,0,0,0,0,0,0,0,0,0,0,0.0128843528750365,0,0,0,0,0,0,0.0413777545744028,0.520277314019587,0,0,0,0,0.2676078209564622,0,0,0.0875423092472507,0.0962109213617334,0,0,0,0,0,0,0,0,0,0,0,0,0,0,0.1939782099201404,0,0,0,0,0,0.320363651413727,0,0,0,0,0.0239821171047921,0,0,0,0,0,0,0,0.2246328983773788,0,0,0,0,0,0,0.6442269824916405,0,0,0,0,0,0,0,0,0,0,0,0,0,0,0,0,0,0,0.0978780360043904,0,0,0,0.0750639782830362,0,0,0,0,0,0,0,0,0,0,0,0,0,0,0,0,0,0,0,0.2034159583514474,0,0,0,0,0,0,0,0,0,0,0.0469882597645406,0,0,1,0,0,0,0,0,0,0
L3_ID4667,0,0.1707988996329671,0.0277461310015868,0.1255389051256245,0.010635883679991,0.0307193362698767,0.0140811429401654,0.0102587652251704,0.0063512547160495,0.2635232593318444,0.0108872917621135,0.0714008152925078,0.0551451192287341,0.0142074491712343,0.015429750970108,0.0084073832986636,0,0.0329162719010841,0.0215694056323087,0.0269398596730743,0.0041041030436409,0.0130903191125288,0,0.0338045369008182,0.0096122653956715,0,0.0520052734910108,0,0.3871187592046257,0.0663785650031774,0.090206343679751,0.0718146716159285,0,0.1951560483322306,0.019831309695631,0.074306015357887,0.0160241573427734,0.0311981887285483,0.0562458198875376,0.0206238629338412,0.0301415466796145,0.0219561009446424,0.0175577858998692,0.1577991660518202,0.1583563131367559,0.0332419644586779,0.0883855305539908,0.0187954237792374,0.0110012665310894,0.0396004694123645,0.016344613465518,0.0646866859089287,0.2531019469549396,0.1417495849622273,0.0503419812240311,0.0023956838316809,0.0056593139263309,0.0619421033861544,0,0,0.0162645892753521,0.1159940439407332,0.0201074169799601,0.0078240119426527,0,0.0777680941836972,0.1269648335656475,0.0860546955189325,0,0.005491780524968,0,0.0311609847145715,0.0178053426354977,0.0561261978115409,0.0105174307321933,0.0019641240800631,0.0122095914987218,0.1307819448985882,0.0510560875344408,0.0701669017846449,0.0161096980996667,0.0052314366207882,0.0263896017513463,0.04408741368384,0.008579912447795,0,0.0064194365202924,0.0062715241769359,0.010953309515536,0.0128429430852402,0.0137763377679598,0.1822460282278255,0.1487992339461339,0.0038797064090742,0.0506167044467569,0.0971405785593256,0,0,0.0378396391344258,0.0133431081759987,0,0.3574620146688735,0.2607565489359498,0.0964848526792234,1,0.0202794444745259,0.0501651115673576,0.0259960419178512,0.9205340606088324,0.1848462720176136,0.0331892496455269,0.0721978917152257,0.1225337582892558,0.0237768832678446,0.2227235546158429,0.1013617542539181,0.1211446108414139,0.1039372765952078,0.0180095177330298,0.0106375463336183,0.0207222086563193,0.1490402745717562,0.0704728728333946,0.0742990570595016,0.0281053518012437,0,0.0170435536231518,0.1125701465967384,0.0090462362220295,0.0232536450076878,0.0776885674551157,0.0472412232478278,0.0299063075446542,0.0301969440533112,0.2934531219348032,0,0.0242276081996113,0,0.0155543403010964,0,0.1181282121728817
L3_ID4668,0,0,0,0,0,0,0,0,0,0,0,0,0,0,0,0,0,0,0,0,0,0,0,0,0,0,0,0,0,0,0,0,0,0,0,0,0,0,0,0,0,0,0,0,0,0,0,0,0,0,0,0,0,0,0,0,0,0,0,0,0,0,0,0,0,0,0,0,0,0,0.1453929949453748,0,0,0,0,0,0,0,0,0,0,0,0,0,0,0,0,0,0,0,0,0,0,0,0,0,0,0,0,0,0,0,0,0,0,0,0,0,0,0,0,0,0,0,0,0,0,0,0,0,0,0,0,0,0,0,0,0,0,0,0,0,0,1,0,0,0,0,0,0,0
L3_ID4673,0,0,0,0,0,0,0,0,0,0,0,0.4107717802134606,0.3366112866640953,0.3786947354083875,0.3386107504138366,0.703305505934098,0,0.2920780474118507,0.2364123881973966,0,0,0.4979681033646767,0.2395182539149952,0.1585971091869645,0,0,0,0,0,0,0,0,0,0.1358743507697969,0,0.2486877002351098,0,0,0.1211159566013641,0,0.5736454503655881,0.2598647745309602,0,0.4197632314723345,1,0,0.2390275042817382,0.4885567420676081,0.3646300142037619,0,0.4962251406785746,0,0,0,0,0,0,0,0,0,0,0.584608163947216,0.1882130007732119,0,0,0,0,0,0,0.3501168081699609,0.4314561454618154,0,0,0,0.4064863331852488,0,0.0700156429556967,0.1488784195412541,0,0,0.4416703886908345,0,0,0,0.1424281582959786,0.0789134856386286,0.1195745731354351,0,0.8957263064703084,0,0.5578985501330271,0.1497263416163056,0,0.0759677370697079,0,0,0,0,0,0,0,0,0,0,0,0,0,0,0,0,0,0,0,0,0,0,0,0,0,0,0,0,0,0,0,0,0,0,0,0,0,0,0,0,0,0,0,0,0,0,0
L3_ID4678,0,0,0,0,0,0,0,0,0.1536158476019658,0.1666532143105403,0,0,0,0,0,0,0,0.0011206874834754,0,0,0,0,0,0,0.0574668014990775,0.1416385091561716,0.3218578971833702,0,0.0428324894997672,0.3739833303013876,0,0.0448678625191388,0,0,0,0,0,0,0,0,0,0,0,0,0,0,0.0205654131311003,0,0,0,0,0.3812349006274344,0.5337979735814431,0.2322391706684435,0.4373593918847732,0.2956604721883575,0.3310185928309143,0,0.5406646129475481,0.6341840442397859,0.2000175478753803,0,0,0.0069633594413442,0,0,0,0,0,0,0,0,0.004245472719383,0,0,0,0,0,0,0,0,0,0,0,0,0,0.0140699121884132,0,0,0,0,0,0,0,0,0.1694945813866023,0,0,0,0.1185750046392685,0.2327788526612697,0.3799611789144659,0,0.5728091973486962,0,0.457706841774801,0.0299162959493117,0.0112556418333345,0,0.3773401335917926,0.3140981823202502,0.6437646012982644,0,0.8837889560440947,0,0.1275878113693006,0.3039173696039304,0.3748214001255756,0.5035719104886096,0.4767307516467554,1,0,0,0.369215693490382,0.360322435467623,0.0414951368916979,0.4816525087415302,0.3744493451475688,0.3016257493190737,0,0,0,0.0166665802105379,0,0.1033948853119759,0.0415095068246619,0.2713798747227857,0.3794684551057575,0.0897334195415123,0.0388595761831396,0.0687634583373679
L3_ID4679,0,0,0,0,0,0,0,0,0,0,0,0,0,0,0,0,0,0,0,0,0,0,0,0,0,0,0,0,0,0,0,0,0,0,0,0,0,1,0,0,0,0,0,0,0,0,0,0,0,0,0,0,0,0,0,0,0,0,0,0,0,0,0,0,0,0,0,0,0,0,0,0,0,0,0,0,0,0,0,0,0,0,0,0,0,0,0,0,0,0,0,0,0,0,0,0,0,0,0,0,0,0,0,0,0,0,0,0,0,0,0,0,0,0,0,0,0,0,0,0,0,0,0,0,0,0,0,0,0,0,0,0,0,0,0,0,0,0,0,0,0
L3_ID4687,0,0,0,0,0,0,0,0,0,0,0,0,0,0,0,0,0,0,0,0,0,0,0,0,0,0,0,0,0,0,0,0,0,0,0,0,0,0,0,0,0,0,0,0,0,0,0,0,0,0,0,0,0,0,0,0,0,0,0,0,0,0,0,0,0,0,0,0,0,0,0,0,0,0,0,0,0,0,0,0,0,0,0,0,0,0,0,0,0,0,0,0,0.103399257467113,0,0,0,0,0,0,0,0,0,0,0,0,0,0.5276496500717005,0.58702594111416,0.4693730145533137,0.1870105407324598,0,0,0,0,1,0,0,0,0,0,0,0,0,0,0,0.3211414959170171,0,0,0,0,0,0,0,0,0.378566479188197,0.4450588463470143,0.1203573575264218,0.2835822981764577,0,0.3523121832602384,0.5631404596781422
L3_ID4690,0,0.2678452361725529,0,0,0.169270730731941,0,0.5611142640284017,0,0,0,0,0,0,0,0,0,0,0,0,0,0,0,0,0,0,0,0.530740692954077,0,0,0,0,1,0,0,0,0,0.0774796529064132,0,0,0.1662663113343918,0,0,0.1165657958700091,0,0,0,0,0,0,0.045833652259188,0,0,0,0,0,0,0,0,0,0,0,0,0,0,0,0,0,0,0,0,0,0,0,0,0,0,0,0,0,0.0890439482584718,0,0,0,0,0,0,0,0,0,0,0,0,0.0379193442653848,0,0,0,0.0794553202546915,0,0,0,0,0,0,0,0.2043567226662873,0.1263278954282097,0.2877426505698459,0,0,0,0,0,0,0,0.1988108714793718,0,0,0,0,0,0,0.2879331539428659,0,0,0,0,0,0,0,0,0,0,0,0,0,0,0.0255012330212396,0,0,0.0465652738090619,0
L3_ID4693,0,0,0.101798365693353,0,0,0,0,0,0.0563545222719308,0.0220904580338577,0,0,0,0,0,0,0,0,0,0,0,0.0059857823717393,0,0,0,0.0381469892518256,0.2020534866032622,0,0.0650455102358672,0,0.0618748091411286,0.1220069114743176,0.0591588913917759,0,0,0,0,0,0,0,0,0,0,0,0,0,0,0,0,0,0,0.2212207338156206,0,0.0987566754990359,0.2111544364379548,0.1173551613337296,0.2447013677965339,0.2964815316419789,0,0.0793012302047463,0.1090013594405408,0.0118764243081861,0.0322986632257159,0,0,0,0.0020429370920705,0,0,0,0,0,0,0,0,0,0,0,0,0,0,0,0,0.0063646181983177,0,0,0.0500094261572192,0,0,0,0.0090073304299751,0,0,0,0,0.0511905092499015,0.0792698111184951,0.1693234256065829,0,0.206351672814438,0.0384918270950918,0.2341823577914097,0.0963957062928634,0.1714875812395169,1,0.2533450543261192,0.1740475169423669,0.096762155584658,0.1004193162609851,0,0.4587798001018006,0.4628915832236296,0.4013807765331552,0,0,0.1104585726925075,0.2617118784902296,0,0,0.1758719154450103,0.2650912677870461,0.2722467101878811,0.2775974271615947,0,0.150749949088485,0.1427937987799215,0.2128382561830855,0.1164411264555072,0.2434928458430038,0,0,0,0.0645915421303634,0,0.1530345704326798,0.2652595695316025,0.2244561103402421,0.253480940580124,0.129520707878052,0.1520168232384464,0.2245088195238512
L3_ID4701,0,0.0854881875040564,0.2801299378300039,0.2788631191466561,0,0.403345469005989,0,0,0,0,0,0,0,0,0,0,0,0,0,0,0,0,0,0,0.4649262732833102,0,0,0.2511361213006576,0.2471595679709275,0,0,0.3729155500102694,0,0,0.2497015173352681,0.2893244881659162,0.037841335110056,0.3303514256410564,0,0,0,0.0381153471366502,0,0,0,0,0,0,0,0,0,0.3738282775939356,0.3341881266836478,0,0.2458976662439333,0.2934479823948612,0.130325344699713,0.1866415169812472,0.1682478856853539,0.1077868479752957,0,0,0,0,0.018155789629474,0,0.0190929380963624,0,0,0,0,0,0,0,0,0,0,0,0,0,0,0,0,0,0,0,0,0,0,0,0,0,0,0,0,0.2160846847861035,0,0,0.2084370381865815,0,0,0.2655980606400266,0.4285156027200415,0.4910852303341179,0,0.5000463598741895,0.0825283378243095,0.3198312228976195,0.1649776531357959,0,0.2115263384493718,0.3554377837844773,0.1257674549374998,0.0884339711765208,0,0,0.2229811141111309,0.1655539438344973,0.2731019682154829,0.3533879280948049,0.1326776985684726,0.1037627055322876,0.1477097824111012,0.1364338200620622,0.0972723407063015,0,0.2003224212179497,0.0929430250258093,0.1561674390346581,0,0.9253399981662094,0.7236529108334784,0.8055344698776483,1,0.3245971350347001,0,0,0,0,0.1138922209723267,0.3194436496665788
L3_ID4705,0,0,0,0,0,0,0,0,0,0,0,0,0,0,0,0,0,0,0.2922583869142954,0,0,0,0,0,0,0,0,0,0,0,0,0,0,0,0,0,0,0,0,0,0,1,0,0,0,0,0,0,0,0,0,0,0,0,0,0,0,0,0,0,0,0,0,0,0,0,0,0,0,0,0,0,0,0,0,0,0,0,0,0,0,0,0,0,0,0,0,0,0,0,0,0,0,0,0,0,0,0,0,0,0,0,0,0,0,0,0,0,0,0,0,0,0,0,0,0,0,0,0,0,0,0,0,0,0,0,0,0,0,0,0,0,0,0,0,0,0,0,0,0,0
L3_ID4715,0,0.0258455327399824,0,0,0.0942917238617033,0,0,0,0,0.1634925062314594,0,0.0470537543411577,0,0,0,0.0579057371455129,0,0,0,0,0,0,0,0,0,0,0,0,0,0,0.1547340168302767,0,0,0,0.0838059012221991,0,0.0800093967975252,0,0,0.0062406829878873,0,0,0.0153868993962061,0,0,0.1585525281447658,0,0,0,0.0050266809900558,0,0,0.0410692027106806,0.1093352564267929,0.1907946256327174,0,0,0,0,0.0469014256828002,0,0,0.0219866476287662,0.0405344106906437,0,0,0,0,0,0,0.2978664908182576,0,0,0,0.0660364840766956,0.0857153193585318,0,0,0,0,0.0183233444631395,0,0,0,0,0,0.0432503580951655,0,0.0449059466611686,0,0,0.124555860733031,0.2817076871245226,0.0049791485235775,0.0207581996603489,0,0,0,0,0,0,0.1908437123705413,0,0,0.481920196457437,0.2017849729204735,0.238238726956306,0.9773920718299648,0.9383069779897332,0.5333261359610634,0.0855886669093946,0.546655800742254,0.4401303583714702,0.2709661675335033,1,0.1001880197292354,0.11069851464856,0,0,0.0058345021926603,0,0.1436429776410078,0.0354928481957801,0,0,0.2965953949109466,0,0,0.302858059400389,0.3757173721125603,0,0,0.3937617873712472,0.6397416950785894,0.0588773457304245,0.3814872973292695,0.3798796869207151,0.3657077751168781,0.5162373008389871,0.1440063530948219,0.4635010976517383
L3_ID4718,0,0,0.4255732173240027,0.1783615510926333,0,0,0,0,0,0.1921610832184652,0.0063350294059281,0,0,0,0,0,0,0,0.0130589056269482,0.0056803271437317,0,0,0,0,0,0.0791568955210798,0.155400850431545,0,0.124791049667943,0.0931515797399428,0,0.1823856852328759,0.1430249449278444,0.1090457218467937,0,0.1230721130444145,0,0.0816327283998352,0,0,0.0907691611835519,0,0.0785755619228602,0,0,0.0387780979505727,0.1040849661802905,0,0.1004408678441792,0,0.0181131207881091,0,0,0.1111558228876808,0,0,0.0945772224857241,0,0,0,0.2837684026205047,0.0600391681379271,0,0.0316735367391677,0,0,0,0,0,0,0,0,0,0.0154924572503922,0,0,0.0654489945188133,0,0,0,0,0,0,0,0,0,0,0,0.0268055961919567,0,0.071314673353486,0,0,0,0,0.0665250674525451,0.2860822156314599,0,0.0383283390010972,0.1354387304750243,0.2690215670169512,0,0,0.4031682542226806,0,0.0879367924935461,0.200958190211728,0,0.5530565741537509,0.1356681271373691,0,0,1,0,0.1104361693083355,0.1223340249703449,0,0,0,0.2741995599789277,0,0,0,0,0,0.1145408458308898,0.2774780412154628,0,0.0328766954626595,0,0,0,0,0.1604934710407892,0.0841144358457775,0.13874056748903,0.1276026765890725,0.0375046638473935,0.2587486696364771,0,0.1019724683159911
L3_ID4720,0,0.0251759515431527,0,0,0,0,0,0,0,0.0768644535422578,0,0,0,0,0,0,0,0,0,0,0,0,0,0,0,0,0,0,0,0,0.1507253167883075,0,0,0,0,0,0,0,0,0,0,0,0,0,0,0,0,0,0,0,0,0,0.0400052213185958,0.1065027037922448,0.185851702030984,0,0,0,0,0.0816252709533919,0,0,0,0,0,0,0,0,0,0,0,0,0,0,0,0.0205480279538118,0,0,0,0,0.0178486408832604,0,0,0,0,0,0.0049855510950454,0,0.0160095740265013,0,0,0.0751335893293559,0,0,0,0,0,0,0,0,0,0,0,0,0.4694350716520508,0.1965573219747716,0.3618243697971682,0.9520707384475492,0.8821957203652316,0.6512487719587389,0.2462171334867705,0.5324935681817055,1,0.1856736661633337,0,0.0395402023067075,0.0956375083869771,0,0,0,0,0,0,0,0,0.2569892377986255,0,0,0,0.0229173588769432,0,0,0,0,0.0586204685923732,0.3341765944875776,0.1091567158087163,0.1104513534577171,0.4095177369903772,0.3994039359502777,0.3740024917987261
L3_ID4738,0.0416643573762039,0.0043802444299367,0,0.0310787413619224,0.0815947016471832,0.0044943328116655,0,0.0200383908365436,0,0,0,0.0739112166671222,0.023220539317945,0.0229719901959066,0.2094468049603971,0.0414257035131075,0,0,0.0105039945641832,0.004265511671273,0.0834508792593242,0,0.2958448788159123,0.0160992888764161,0.0203129082360065,0.0359408038850709,0,0,0,0,0,0,0.0294043299018978,0,0.0286573592889858,0.0247334044716453,0.0181392892493583,0.0620986295380647,0.0326413190729185,0.0619070743563071,0.0814359684524704,0.0094221257020207,0,0.0154836801512938,0.006299062923342,0,0.2279190908971143,0.1148427805079388,0,0,0.0047379627350851,0,0.029040823604181,0.0667646891043904,0.0446627887760009,0,0.0035004949045283,0.0129807398810427,0,1,0,0.00838356408148,0,0.0444750988684869,0.0016778601335082,0.0249618298397643,0.0194302787098748,0.0263520914612952,0.0086176969979305,0.0186583519797408,0.0112929813480632,0.0539583952023941,0.0103308226836738,0.0184681846206343,0.0103552699103276,0.0122774051164517,0,0,0,0,0.1766642273083609,0,0,0,0.6158316469826786,0.8420860087779097,0,0.0684371871019416,0,0.0168143449762971,0,0.0231072214343511,0.0114638344608066,0.0950216595665175,0.0070724429328528,0.0274631552827453,0.0030423641187573,0,0.0184574357752954,0,0,0.4599563268257167,0,0.0422730434093782,0,0,0,0,0.0056502307636624,0,0,0,0,0,0,0,0,0,0.0099674750697835,0,0,0,0.0156531070934999,0,0,0,0.0092247100190598,0,0,0,0,0,0,0,0.011094152661091,0.0055327029099961,0,0,0,0,0
L3_ID4752,0,0,0,0,0,0,0,0,0,0,0,0,0,0,0.1412261549052746,0,0,0,0,0,0,0,0,0,0,0,0,0,0,0,0,0,0,0.8289356758397068,0,0,0,0,0,0,0,0,0.4473761804508239,0,0,0,0,0,0.2975388181281781,0,0.3547128940528493,0,0,0,0,0,0.4833739897972249,0,0.4208205236155947,0,0,0,0,0,0,0.32014947754847,0,0,0,0,0,0,1,0,0,0,0,0.1255083130527698,0,0,0,0,0,0,0,0,0,0,0,0,0,0.179768056041377,0,0,0,0,0,0,0,0,0,0,0,0,0,0,0,0,0,0,0,0,0,0,0,0,0,0,0,0,0,0,0,0.7263686031613559,0,0,0,0,0,0,0,0,0,0,0,0,0,0,0,0,0
L3_ID4754,0,0,0,0,0,0,0,0,0.0443941327272331,0,0,0,0,0,0,0,0,0,0,0,0.0478105695243355,0,0,0,0,0,0,0,0,0,0,0,0,0,0,0,0,0,0,0,0,0,0,0,0,0,0,0,0,0,0,0,0,0,0,0,0,0,0,0,0,0,0,0,0,0,0,0,0,0,0,0,0,0,0,0,0,0,0,0.102601407144674,0,0,0,0,0,0,0,0,0,0,0,0,0,0,0,0,0.0120518251742808,0,0,0,0,0,0,0,0,1,0,0,0,0,0,0,0,0,0,0,0,0,0,0,0,0.0355234491557847,0,0,0,0,0.0088132060847492,0,0,0,0,0,0,0,0,0,0,0,0,0,0
L3_ID4763,0,0.0011484943352119,0.0041829316414128,0.0018077668062958,0.0016146554855178,0.0019649394473902,0.0019401344152643,0.0015856466789418,0.0026225218561543,0.2783006778031057,0,0,0,0,0.0026853189028207,0,0,0,0,0,0,0,0,0,0.0031388467418002,0.000861818126868,0.0017621254961195,0,0,0,0,0,0.0012047554852303,0.0241015549467159,0.0031058576850265,0,0.0025415568270226,0.0003909763340456,0.0153066329777431,0,0,0,0.0007444106596332,0.0035608722448267,0.0014258006887725,0,0.0127210523544572,0.0076795201196981,0.052002626906898,0.0010123500246395,0.0007681562668607,0,0,0.0049731678035505,0,0.0012648721207968,0.0002131680083757,0,0,0,0,0,0,0,0,0,0.0011423046612467,0,0,0,0,0,0,0.0016092876306077,0,0.0022373365209279,0,0,0.0299950361566606,0.0027077700640189,0,0,1,0,0,0,0,0,0,0,0,0,0.0010211867466479,0,0.0010830488229907,0.0004495327401837,0,0.0016233571288022,0.0001343814636253,0.0005379573611606,0,0,0,0,0,0,0,0,0,0,0,9.681843684817168e-05,0,0,0,0,0,0,0.0027596896128391,0,0,0,0,0,0,0,0.0030777683043756,0,0,0,0,0,0,0.0012660411658567,0.001432403443923,0,0,0,0,0,0
L3_ID4767,0,0,0,0,0,0,0,0,0,0,0,0,0,0,0,0,0,0,1,0,0,0,0.0079790396083414,0,0,0,0,0,0,0,0,0.2891640629018365,0,0,0,0,0,0,0,0,0,0.1375769761036891,0,0,0,0,0,0,0,0,0,0,0,0,0,0,0,0.1323449098323672,0.3233425455281763,0,0,0,0,0,0,0,0,0,0,0,0,0,0,0,0,0,0,0,0,0,0,0,0,0.1536505756821495,0,0,0,0,0,0,0,0,0,0,0,0,0,0.1026365479059089,0,0,0,0,0,0.2040023565726533,0,0.1317856958579142,0.0367609102778665,0.0081286861895857,0,0,0,0.7709385500648798,0.8210297984852046,0.3741705891333972,0,0.1177180208142757,0,0,0,0,0,0,0,0,0,0.0258845774218268,0.2123227524664418,0.0304485447455819,0.0913524400244284,0,0,0,0,0,0.1421091195032023,0.0522045116207451,0.7165729821338002,0,0,0.0356448806315705,0.0961153087821477
L3_ID4771,0,0.0273303111910944,0.0508106784839273,0.0505497468521446,0.1269321565211318,0.2124720824325446,0.0469174833968755,0.0303957645173964,0.017134939579285,0.0174890272407082,0.023836802437195,0.0311480306993396,0.0364580599776304,0.0196667644561299,0.148461185563766,0.0354895051797398,0.0096641159660884,0.0454275750185629,0.039647124534986,0.0360073922613475,0.0013644091142689,0.0494607598084469,0.0157491258149964,0.0025635224309198,0.0142399434092271,0.0414577444968334,0.4711047818629332,0.0186339487421856,0.0025413926667808,0.3032248253642587,0.0215720874666458,0.5939167251974591,0.4243283108023761,0.7185214985918108,0.7142357167964172,0.3096087504911254,0.1318391636554412,0.029915130046046,0.2275504439941343,0.0885804472372873,0.0103429730729951,0.0315649221057786,0.1589223928740128,0.0110005404944694,0.1894146704686763,0.2129835560012654,0.2680509904790143,0.0236755694023251,0.1092589784737023,0.0143328421468962,0.2819545977392442,0.1693090034821552,0.1947332271380188,0.0634965808363738,0.0204976214917333,0.2331107995741871,0.234298465848511,0.0138396126209465,0.145572484470608,0.2403668840408641,0.137858234064482,0.2295134036734406,0.0293786362625076,0.0867179082060136,0,0.1395021320960701,0.0587665252343862,0.0310256021945544,0.0058983273708682,0.0581050349271482,0.3568973616291292,0.1931955915074137,0.2380217404168591,0.031307208665638,0.027092748204713,0.0180691789793916,0.3606685725505464,0.1545811046239918,0.0079996991039822,0.0185606213471401,0.1109905485403406,0.0814905717505268,0.1559142429621383,0,0.0158732941035881,0.1547900910487512,0,0.0219142678189931,0.0219707217615151,0.0448705632213062,0.0156220382835293,0.1614710176913894,0.0659359962386952,0.1524584605624434,0.0269517080971975,0.0497507989217927,0.0082380061950809,0,0.0300385975203157,0.2813566217929429,0.1556707843140125,0.186512260205843,0.0393613752547631,0.2234979141152015,0.0319479816599799,0.0149023738531606,0.2097563338193532,0.0241822058819839,0.0664469339866756,0.0258076099300286,0.0643926495431252,0.0340062292166896,0.0882412661742064,0.0620560398445712,0.0135651188434719,0.0359848583854534,0.0833226016715934,0.1232223820216825,0.1508729669915604,0.1289281214511677,0.0376464777078707,0.0251593534149188,0.0428199739805448,0.2338669602580972,0.1261857712985346,0.0842032616604264,0.0659004033658533,0.0689493606011898,0.3181278820621435,0.163681056076019,0.2472877799624162,0.2369625404322489,0.8337914382850558,1,0.0532387436347109,0.0938029155653154,0.0603192667625114,0.0180765726521694,0.1226367822276049,0.1266166626554167,0.0685192533722205
L3_ID4773,0,0,0,0,0,0,0,0,0,0,0,0,0,0,0,0,0,0,0,0.1547364486766026,0,0,0,0,0,0,0,0,0,0,0,0,0,0,0,0,0,0,0,0,0,0,0,0,0,0.2153360076958107,0,0,0.1541920732653094,0,0,0,0,0,0,0,0,0,0,0,0,0,0,0,0,0,0,0,0,0,0,0,0,0,0,0,0,0,0,0,0,0,0,0,0,0,0,0,0,0,0,0,0,0,0,0,0,0,0,0,0,0,0,0,0,0,0,0,0,0,0,0,0,0,0,0,0,0,0,0,0,0,0,0,0,0,0,0,0,0,1,0,0,0,0,0,0,0,0,0,0
L3_ID4787,0,0,0,0,0,0,0,0,0,0.405853601172879,0,0,0,0,0,0,0,0,0,0,0,0,0,0,0,0,0,0,0.1472563373795489,0,0,0,0,0,0,0,0,0,0.2532488052641368,0,0,0,0,0,0,0,1,0.0382574561349715,0.0277970646929265,0,0,0,0,0,0,0,0,0,0,0,0,0,0,0,0,0,0,0,0,0,0,0.0169027758808142,0,0,0.0132455594378527,0,0,0.0811911605695975,0,0,0,0,0.0736143027918421,0,0.0479302977456369,0,0,0,0,0,0,0,0,0,0,0,0,0,0,0,0,0,0,0,0,0,0,0,0,0,0,0,0,0.060606889411278,0,0,0,0,0,0.0051817748196112,0,0,0,0,0,0,0,0,0,0.0142964446444182,0,0,0,0,0,0,0,0,0,0,0
L3_ID4792,0,0,0,0,0,0,0,0,0,0,0,0,0,0,0,0,0,0,0,0,0,0,0,0,0,0,0,0,0,0,0,0,0,0,0,0,0,0,0,0,0,0,0,0,0,0,0,0,0,0,0,0,0,0,0,0,0,0,0,0,0,0,0,0,0,0,0,0,0,0,0,0,0,0,0,0,0,0,0,0,0,0,0,0,0,0,1,0,0,0,0,0,0,0,0,0,0,0,0,0,0,0,0,0,0,0,0,0,0,0,0,0,0,0,0,0,0,0,0,0,0,0,0,0,0,0,0,0,0,0,0,0,0,0,0,0,0,0,0,0,0
L3_ID4793,0.0051925272114506,0.0471043755766382,0.00805560375945,0,0.0269263381993469,0,0.0071495584371242,0,0,0.0529535294458441,0.0023160446207826,0,0,0,0.0061485342950779,0.0056474878736129,0.0046922649466185,0.0051617537978155,0,0,0.0306990994424124,0.0033157848092284,0.0097945626028607,0.0156298337610607,0.0760897005141079,0.0162444704734335,0,0,0.0883022371723293,0.0003848844691333,0,0,0.0117592066001712,0.054096114092892,0.0079311528950187,0.0115523823078899,0,0,0.0212060967804172,0,0.0040403189040575,0.0155114186930426,0,0,0.0114370865448469,0,0.0875983027233459,0.0620743680969716,0.0352526229785698,0,0,0,0.2379464181247786,0,0,0,0,0,0,0.0565845992909225,0.0037235020899096,0,0.0055263421705903,0,0,0.002772768576361,0.0059557726735236,0.0035666199321178,0,0,0.0173420511935856,0.003575067817798,0.0132968025133076,0,0,0,0,0,0,0.0910604467834036,0,0.0245366244770508,0,0,1,0,0.00758243665047,0.0013950887065149,0.008000550230108,0,0,0,0.0193935649438303,0,0.0023918317750144,0.0087212918529192,0.000673001715596,0,0,0.0094259372494236,0,0,0,0.0084011842054484,0,0,0,0,0,0,0,0,0.0050176010592404,0,0,0,0,0,0,0,0,0.021682710862647,0.035672734269394,0,0,0,0.004873660071564,0,0.0090932882972468,0.0282320142184432,0,0,0,0.0515541762525351,0.0212059873117415,0,0,0,0,0,0
L3_ID4816,0,0,0,0,0,0,0,0,0,0,0,0,0,0,0,0,0,0,0,0,0,0,0,0,0,0,0,0,0,0,0,0.1166811986283343,0,0.4902962003832217,0.300285202756144,0,0,0,0,0,0,0,0,0,0,0,0,0,0,0,0.155196484193557,0,0,0,0,0,0,0,0,0,0,0.0619895068288876,0,0,0.0580570301549027,0.0909365040483543,0,0,0,0,0.161180564951968,0,0,0,0,0,0.3067713862885759,0,0,0,0,0,0.0284864465813352,0.4177318738181984,0,0,0,0,0,0,0,0,0,0,0,0,0,0,0,0,0,0,0,0,0,0,0,0,0,0,0,0,0,0,0,0,0,0,0,0,0,0,0,0,0,0,0,0,0,0,0,0,0.403040866053298,1,0,0,0,0,0,0,0
L3_ID4822,0,0,0,0,0,0,0,0,0,0,0,0,0,0,0,0,0,0,0,0,0,0,0,0,0,0,0,0,0,0,0,0,0,0,0,0,0,0,0,0,0,0,0,0,1,0,0,0,0,0,0,0,0,0,0,0,0,0,0,0,0,0,0,0,0,0,0,0,0,0,0,0,0,0,0,0,0,0,0,0,0,0,0,0,0,0,0,0,0,0,0,0,0,0,0,0,0,0,0,0,0,0,0,0,0,0,0,0,0,0,0,0,0,0,0,0,0,0,0,0,0,0,0,0,0,0,0,0,0,0,0,0,0,0,0,0,0,0,0,0,0
L3_ID4823,0,0,0.4074996475177537,0,0,0,0,0.1328273354472066,0,0,0,0.206734338311919,0.0851697805200242,0,0.0372290110153445,0.1927121679591737,0.2764970897068785,0.0602541196835885,0,0.0351147705687571,0.0454700165664337,0,0,0.0601890754646482,0,0,0,0,0,0,0,0.1066159797041943,0,0.0192204739587105,0,0,0,0,0,0,0,0,0,0,0.0324902964211081,0.0786051715675841,0,0,0,0,0,0,0,0,0,0,0,0,0,0,0,0.089022787834251,0,0,0.0913360636680775,0.3736492031768256,0,0,0,0.0761100516808063,0.1057208942789125,0.0958269742012053,0,0,0,0,0.0399530782063588,0.1002539881499812,0.4736463684807516,0,0.1227003296253839,0.0436297748438312,0.1238281027935605,0.2563025793230344,0.1208675069546656,0.1622310010214488,0.0922683680036447,0,0.066279096941876,0,0,0,0,0.0637286664776663,0,0,0,0,0,0,0,0,0,0,0,0,0,0.0365908334460874,0,0,0.0959473521821147,0,0,0,0,0,0,0,0,0,0.8905321676642663,1,0,0,0,0.747943925693002,0.0482031373192004,0,0,0.5697793515235502,0,0,0,0.0955578983272727,0,0,0,0,0,0.2324175348425725,0
L3_ID4833,0.1696430915433521,0.1500440364488081,0.192029814906726,0.2001434605467476,0.3105773331072277,0.2250793217610273,0.182161712445379,0.0792220323275533,0.0695474227234783,0.0388097525189437,0.0192494004304581,0.0300383608763628,0.09829286095725,0.0764160165777469,0.1703829276084606,0.0849171835493221,0.0088484993588449,0.0288225542638096,0.0113717429330594,0.0312011500657563,0,0.0307420937219843,0.0146502082246116,0.0140760770256117,0.0474864210209451,0.0610451540299818,0.3423308934733627,0.3725805382837586,0.0334579977993721,0.4961089897936703,0.2093537948325156,0.3785968185796424,0.1781935401301503,0.345974186702503,0.2036357943138443,0.3760178746468725,0.3669804400262386,0.0678664694627849,0.1051218655775752,0.1222586608702254,0.0778589597935745,0.1386580813029647,0.1208815611295965,0.1356035565834179,0.0837984050326014,0.2288876931225678,0.2520184099922625,0.0786907640015524,0.0985363234862656,0.0185483519060459,0.1328100083069001,0.5845368996300121,0.5453330050543842,0.3044806395834168,0.3704098079603624,0.3556092285527474,0.4383339494476435,0.0687414999728602,0.4699422100150386,0.4470372144868932,0.4036807567633919,0.1023732315242869,0.062262355117054,0.0803098129625957,0.0206157829805487,0.0261082707226382,0.0082885360265895,0.0102958186274475,0.012846842916749,0.1069728914433784,0.0932756636739594,0.1306300401491304,0.1805012525982344,0.0890660271731244,0.0685293706924474,0.0765537532980149,0.2990817143629017,0.0380491514207938,0.0122670541342748,0.0197577903574681,0.0730747926334842,0.0424269508754085,0.0538120010848815,0.0158564835550694,0.0048794245318654,0.03170967857414,0,0.0726066675246147,0.0376873265404661,0.1269887979243215,0.0403805252726305,0.2148374708779558,0.1120212889371531,0.346492614078413,0.0391567796801834,0.1514553408441038,0.0432344402884568,0,0.1822477645494034,0.8218433336017746,0.3033992170618017,0.4461038633914929,0.3351227995051691,0.3912211604400688,0.4973740492652571,0.0854413731387523,0.4680324921658286,0.1084494926103533,0.175515128030564,0.0883029371535022,0.4774670233980348,0.0560300417034591,0.5274022160957675,0.9598193839022456,0.0567565199099527,0.1250753494645304,0.4981224773755375,1,0.4619663974093398,0.5222596497869084,0.1054594165444785,0.3179219241853012,0.2812469068637381,0.2598682576724856,0.3064796260103358,0.1450406765156855,0.4076978871063357,0.1407852721303589,0.1964255495627303,0.2987725282315757,0.1885045486619735,0.1694138003456153,0.3345109128508082,0.175021456831259,0.0596514626343818,0.2517693349176104,0.1234707046514738,0.0472626010158436,0.0762367567204649,0.0792773394609064,0.1028062040818933
L3_ID4835,0.0214434565123756,0.7164094015865987,0.0385277095038526,0.0923407772155156,0,0.0227970727363014,0,0.0363113506532317,0,0.0119392445764156,0.0099674143113292,0.0298136678648468,0.0127460181048203,0.0132239312895965,0.0188096086781177,0.0163707662768926,0.0541191741407412,0.0123843175735249,0.0115863284215708,0.0122035084204035,0.0137376210930841,0.0134230193210734,0.7907371813834029,0.0146347998209666,0,0.0522001909136154,0.0194745502199923,0.0451872311290614,0.0157980351481502,0.910465469145652,0.0225910042961942,0.0940951608373855,0,0.0388707648815584,0.0377842554951052,0,0,0,0,0.034212847711309,0.0217424965702684,0,0.0577990940772606,0,0.6129630297027587,0,0,0,0,0,0.0261830555515245,0,0.0119848470889102,0.623985213284411,0,0,0,0,0,0,0,0.0299438052063986,0.0936594577587679,0.0251427392029436,0.66099290548293,0.1155120661327825,0.1386563852328031,0.0261922298740579,0.0116688350326643,0.0137013037823603,0.013248823055514,0.0175513996777017,0.1246393958027389,0.0146245104768869,0.0157649009436286,0.0143728083784318,0,0.4935810638953043,0.0170128480083158,0.0139847385219407,0.015030146594611,0.023086709238181,0.014662996784831,0.0091568627909251,0.0109231746516727,0.0150865156056571,0.0148014762317173,0.0073252561405071,0.0191514294342007,0.0331269662252573,0.015546351737207,1,0.012001625982973,0.0136108225870006,0.0294008781675482,0.0509997300626273,0.0141139153253783,0.0066282088301852,0.0159981933511447,0.0105388447892399,0.0160710596977403,0,0,0,0,0,0,0.029432223354259,0,0.0171673837654696,0.029391245378055,0.9525190088374887,0,0,0.2368903964168455,0.0251700005453763,0.0248621997818813,0,0,0,0.0233261286579484,0.0650139587242594,0.0072391559208655,0.1148124854187573,0,0.170952422451709,0.039057622559381,0.0098341131740042,0.0546315458517191,0.0194479778238335,0.0511458913227593,0,0.1932953114059084,0,0.0242611221891789,0.9292619766320588,0.026059207180661,0,0,0.0329250862794951,0
L3_ID4848,0,0,0,0,0,0,0,0,0,0,0.5193196348507151,0.3054642435455155,0.2623533613255585,0.3203435491847409,0.4036991998928766,0.143693996119408,0.4717760615164305,0.1623419169708871,0.2421278810427398,0.1941956235822924,0.1634597561451598,0.2186935593956708,0.2511336178749893,0.1128426253038975,0,0,0,0,0,0.0142296333976492,0,0,0.0312348402957939,0.1668310989401829,0.0318423933652198,0.0485714455913853,0.0433961094164362,0.0371124405745077,0.2139215759652983,0.1215907408135618,0.1777050631740072,0,0.1951753648634958,0.0518406014274251,0.3968897357715406,0.1645958591426707,0.1935510632011974,0.1145833165831202,0.2320732397767541,0.1256565725679896,0.1527399151900775,0,0,0,0,0,0,0,0,0,0,0.3129358374987154,0.1513693883923435,0.2260401480314394,0.4459875796500041,0.245025570448911,0.3732741006816691,0.6225441690327713,0.3359005988999093,0.2677384208274317,0.2948839075014008,0,0.2593671942484324,0.1763992135171953,0.045262267405323,0.2113007036258961,0.1362273815477314,0.1532634720319195,0.2506585940141584,0.18838922617524,0.2572365671453061,0.2593556640108503,0.2445080619567357,0,0.1925322543321167,0.070743465479967,1,0.03158572680478,0.3261034419093108,0.314875439080949,0.3061473233256962,0.3138653464136539,0.1048753316359459,0.1633387891518262,0.1731538033923091,0,0,0,0,0,0,0,0,0,0,0,0,0,0,0,0,0,0,0,0,0,0,0,0,0,0,0,0,0,0,0,0,0,0,0,0,0,0,0,0,0,0,0,0,0,0
L3_ID4849,0,0,0.9758818840319088,0.5796095047999877,0.3906028951305159,0,0,0,0.4112661796580056,0,0,0,0,0,0,0,0.0079440023773367,0.0130837426757225,0,0,0,0,0,0.0099438786917839,0.4755371975366687,0.0968550727149363,0,0.8655141875856087,0.0419120777986428,1,0.4237229874709658,0.4239847945363494,0.4761883686539157,0,0,0,0,0.0983436335522269,0,0,0.091352954747179,0,0.0457644697980649,0.1104517250381972,0.0879169835403346,0,0,0,0,0,0,0.7736210257395526,0.1085264515671371,0.5664825957545482,0.8348433633127968,0.3814045828706403,0.5465546351699365,0.8076714579269726,0,0.2843554570630511,0.6421315601700934,0,0.0694780962571668,0,0,0,0,0,0,0,0,0,0,0,0,0,0,0,0,0,0,0,0,0,0,0,0.033524603202112,0,0,0,0,0,0.1021206651821977,0,0,0.1810732918777786,0.2391105560347871,0,0.3045090261087752,0.2039977856579235,0.2932772405600531,0.2091501002535175,0.4407794561134085,0.6448365633793613,0,0.5895017284639424,0.0369884221769141,0.0282300390398297,0,0.4284614639690802,0.0892835934383965,0.0666259614836911,0.669655963247189,0.5228656846362688,0.2248622667177764,0.0650325726098035,0.2558325175835768,0.3964381691500679,0.7736364773102303,0.3489339844920272,0.8956224038643649,0.8813210667428965,0.2865900181797435,0.5541004679449946,0.5996710166487491,0.0570793987733285,0.5883271101550083,0.4637461039524527,0.2873094246754409,0,0,0,0,0.16526138125426,0,0.1603446686366409,0.1849634266757282,0.3294229523190307,0.0041874930933808,0.0211227183465334,0.0590333780015724
L3_ID4853,0,0.8079183562750403,0.2440556703304618,0.0724713641117394,0,0.0332720616279132,1,0,0,0.9401102781851616,0,0,0,0,0.0390876548425021,0,0.0414517496193526,0,0.0536194507811168,0,0,0,0,0,0.0238303375387691,0,0,0.0561677520842518,0,0.0223517121571901,0.0169267147990989,0.0157493181258594,0,0.0148352747647865,0.0491131371589194,0.0344055463087779,0.363151282769509,0.5705382688067858,0.0158148654270512,0.0905062841205919,0.0631072950747783,0.3640599809782565,0,0,0,0,0,0,0,0,0.0064309706451363,0.0267733926135642,0.0065529232764601,0,0,0.014463650756791,0,0.0090810151526793,0.0248173678214879,0,0.0309815401802461,0,0.8706085362668773,0,0.0248100816738186,0,0,0,0.0039443022708364,0,0,0.0965713195911349,0,0,0,0,0,0.0618613050465299,0,0.169706330501156,0.265328783375389,0.0406163308557325,0.0790057345965918,0,0.0211211624707047,0.0156456720221891,0.0309428519769663,0.2258397177431292,0.0010808219505797,0.5261079280879735,0.0322831591949119,0,0,0,0,0.0046821052683458,0,0.0105434551419904,0,0,0,0.026947432928431,0,0,0,0,0.0335659674530766,0.0245297179171086,0,0.028279361185403,0.0046588965913698,0,0.0421691608729855,0,0,0.0311557764178168,0,0,0.0989029020837189,0.0426548434600235,0,0.0471934696341752,0.0330638611011476,0,0.0102100055844066,0.0061234813900599,0.0227229040467773,0,0.0096683457039218,0.703545298826881,0.1460053520161508,0.1193995886911952,0.3332795663382433,0.1758800900108957,0.0161974948487131,0,0,0,0,0,0
L3_ID4854,0,0,0.1071717709004711,0.3026492488623908,0,0.0574558177473055,0,0,0,0,0.4143110490690604,0.2427812658330375,0.1067574562566563,0.4234514912351751,0.0405034014978807,0,0,0.015247713257013,0.0920313816727097,0,0,0,0.1324325609539631,0.6997658649189865,0,0,0.0428663973560335,0.1278951436088813,0,0.0159062518310315,0,0.0471272919129583,0,0.0322424624374648,0.0616720152758653,0.0939528204025167,0.2224911609644754,0,0.0126106197177432,0.4162729320545121,0.0177596360997132,0.3314082617112778,0.0383256410710716,0.4492556533637557,0,0.0245090539932428,0.0493055100976543,0.1285726791352016,0.0980060149251689,0.2777969706983252,0.0059258066925872,0,0,0,0.1248977180392366,0,0,0,0,0,0,0.0521073047562983,0,0.1072697984055808,0,0.1146469353136406,0.0203670973890136,0,0.0062291213598554,0.1454822554732764,0.0629100770174951,0.0906206442317551,0.0702853037961376,1,0,0.2652410488407201,0.0163388212535155,0.0961494052809534,0.4652585459627693,0.4234601078542206,0.2754510288458556,0.0248365730295084,0.0704173501171429,0.0092070484630428,0.0186308259317473,0,0.0630927375607256,0.074490786087693,0,0.3704357230377373,0.0816031563725714,0.1533446039608012,0,0.0740335398126574,0,0,0.014121723099777,0,0.0142978420808531,0,0,0,0,0,0,0,0,0,0,0,0,0,0,0,0,0,0,0,0,0,0,0.0176978640289975,0,0,0.0292352022223553,0,0.0099638198600467,0.0642739531777229,0.0206064340806024,0,0.2476093998266336,0.0189104175489725,0.2452901829566721,0.1486331645696688,0,0,0,0,0,0,0
L3_ID4861,0.0226848564855985,0,0,0,0.0339358497802878,0.0269086658430584,0,0,0,0,0,0.0153973821623166,0.0054306688487633,0.0112593580839978,0.1560583022840479,0.0214624076897225,0.0101539789952158,0.0038855868347446,0.0067342882160626,0,0.0301886588112978,0.0076537231978057,0.0314563634702466,0.0090676457185445,0.425275581821408,0.1573366406171375,0.0032239324858669,0,0,0,0,0,0,0,0,0.0031460833085057,0,0,0,0.0280711760857902,0.0140656546649689,0.0040751327025928,0,0,0,0,1,0.4998654889739099,0,0,0,0,0.016910402979171,0.0199805907003926,0.0134519051134473,0,0,0,0,0.22061004510226,0,0,0,0.0133066830915891,0,0,0,0.0079364392005827,0,0.002843179883565,0,0.0162065822169878,0.0306975390203332,0.013685732670962,0,0,0,0,0,0.0345815587788695,0.0065171487418028,0,0,0,0,0,0,0.0272653058898189,0,0.0189116984089861,0.0212298248522112,0,0.0221027589041445,0.0105115439477666,0,0.0236638131923352,0,0,0,0.0042921006725854,0,0,0,0.0281430041502296,0,0,0.0155472801705826,0,0,0,0,0,0,0,0,0,0,0,0,0,0.0021159747381488,0,0,0,0,0,0,0,0,0,0,0,0,0,0.0121322225508006,0.0492149073475396,0,0,0,0,0
L3_ID4874,0,0,0,0,0,0,0,0,0,0,0,0,0,0,0,0,0,0,0.0948084474484921,0,0,0,0,0,0,0,0,0,0,0,0,0,0,0,0,0,0,0,0,0,0,0,0,0,0,0,0,0,0,0,1,0,0,0,0,0,0,0,0,0,0,0,0,0,0,0,0,0,0,0,0,0,0,0,0,0,0,0,0,0,0,0,0,0,0,0,0,0,0,0,0,0,0,0,0,0,0,0,0,0.3662088134042479,0,0,0,0,0,0,0,0,0,0,0,0,0,0,0,0,0,0,0,0,0,0,0,0,0,0,0,0,0,0,0,0,0,0,0,0,0,0,0,0,0
L3_ID4878,0,0,0,0,0,0,0,0,0,0,0,0,0,0,0,0,0,0,0,0,0,0,0,0,0,0,0,0,0,0,0,0.1624198311454256,0,0.143671307254957,0.2940823585273678,0.4022763771285543,0,0,0,0,0,0,0,0,0,0,0.1041866349645116,0,0,0,0,0,0.0965806507414526,0,0,0,0,0,0,0,0,0,0,0,0.0906773952690358,0,0,0,0,0,0.1481078261606324,0,0,0,0,0,0,0,0,0,0,0,0,0,0,0,0.191299276463621,0,0,0,0,0,0.1164848514888186,0,0,0.084198540924199,0,0,0,0,0,0,0,0,0,0,0.8993816667637501,0.1348996510291727,0.9786247689855488,0,0.4021340792871604,0.2040384591622935,0,0,0.1794818215677033,0.137267339543143,0,0,0,0,0,0,0,0.0728427619002229,0,0.5379707973021396,0,0,0.3741721607066262,0.0648257219918697,0.1794550971452174,0,0.87725144433677,0.7489593185095751,0.1246060089352065,0.7261267591960079,0,0.1640131998171301,1,0.2260826480125255,0.5094663764754476
Seafood_shared_ID0001,0,0.1335975237581208,0,0,0,0,0,0,0.1804414564040519,0,0,0,0,0,0,0,0,0,0,0,0,0,0,0,0.4212838712832373,0.2607740610403041,0,0,0.0925214669813285,0,0.3281002378076058,0,0,0.1806877765441646,0,0.166004560544947,0.0606385849632421,0.1935920540020683,0.0198189909205671,0,0.199836269553925,0.1975005750488565,0.0586234688758202,0,0,0.0847268834887625,0,0,0.1085692241096704,0.0265612802851517,0.0353650518811795,0.1399551190215294,0.044933502618057,0.4735439491276463,0.3169270838049941,0.691818730111007,0,0,0,0,0,0,0,0,0,0,0,0,0,0,0,0,0,0,0,0,0,0,0,0,0,0,0,0,0,0,0,0,0,0,0,0,0,0,0,0,0,0,0,0,0,0.12651364631688,0,0.7447569128117263,0,0.7993327622086948,0.8694836514062888,0.5308206264138504,1,0.8040932611518726,0,0,0.1407625419513988,0.7399438897210243,0,0.5811862125923927,0.3175178899057644,0,0.2864442419950482,0.2504365843365747,0,0.3598921987151506,0.0902477147467883,0,0.4010794617904938,0,0.7112367263328908,0,0.1239012038896848,0.9528662789539364,0,0.0920730194321234,0,0.6602535286265659,0.6200298119816636,0,0.7089296484323353,0,0,0.5513822001097574,0.5831306927572822
Seafood_shared_ID0024,0,0,0,0,0,0,0,0,0,0,0,0,0,0,0,0,0,0,0,0,0,0,0,0,0,0,0,0,0,0,0,0,0,0,0,0,0,0,0,0,0,0,0,0,0,0,0,0,0,0,0.018391067682684,0,0,0,0,0.1707936793944802,0,0,0,0,0,0,0,0,0,0,0,0,0,0,0,0,0,0,0,0,0,0,0,0,0,0,0,0,0,0,0,0,0,0,0,0,0,0,0,0,0,0,0,0,0,0,0,0,1,0.5902356652304606,0,0.2221318590610645,0.2237450038167613,0.36772639116995,0.2371882826034817,0.2484644688127376,0.3874225842700733,0.36912039173242,0.6969138410254975,0.3558779951228242,0.2672292990916473,0.2707733476832197,0.3032955634258081,0.3001983254948702,0.1686606759137399,0.4104789883330066,0,0.3031981660065962,0,0.360293750616343,0.3575094018946233,0.3014742316865459,0.3650272651900406,0.2473894447981864,0.4660868273642919,0.2917162277492552,0.261874875970474,0,0.1899347072050958,0.3107489009309976,0.4433335727686555,0.2915628268139965,0.2817938656670445,0,0
Seafood_shared_ID0064,0.2259883066066695,0.4234806390777205,0.0090556679750432,0.2151464445220238,0,0.1200177529160232,0,0,0,0,0,0,0,0,0,0,0,0,0,0,0,0,0.5070419975937258,0.2424529096861281,0.008778562581641,0.0101806704451425,0,0,0.8278398703328468,0.3983387758801106,0,0.3889782919723249,0.3070027939946264,0.3227582798296574,0.0074677632166212,0.2046511913146992,0,0,0,0,0,0,0,0.796575340754458,0.5097035721837972,0,0,0,0,0,0,0,0.4539349760837603,0.273630446341834,0,0.0073464728231156,0,0,0,0,0,0.8171735840425453,0,0.0118283118580439,0.637134802915603,0.3583002264314481,0.7777628373048366,0.2035725245005459,0,0,0,0.1875190367998233,0,0,0,0,0,0.4160873763275222,0.1553586845398131,0.0950937127284728,0,0,0,0,0,0,0.0094372557298921,0,0,0,0,0,0.3239146270081907,0.2886731807633436,0,0.3396796525370929,0.2507083790538304,0,0,0,0.2193675319244719,0.6994181013874122,0,0.2282255919550398,0.0116236627109493,0,0.0081632523269471,0.0094599692867284,0.0065285576414424,0.0094009140389542,0,0.0088051374431394,0,0.0078434454466927,0.29342712820917,0.0112802337315852,0.0059132473867485,0.009259181444296,0,0.0095065320782427,0,0.5524191414411798,0.2424442785345304,0.2982946434391778,0,0.0274459264030788,0,0.1394008209133711,0.0078931881361641,0.1474927526718524,0,0.3087794484103576,0.0107048993369231,0.0102095166623245,1,0.0092782608320384,0.0062337356737079,0.3065317148258427,0.0072015603305004,0.0086500038499478,0.0083460964594789
