class,fpr,tpr,auc
combined_overall,0.0,0.0,0.9999139185100394
combined_overall,3.1235593928662214e-05,0.9584975894738202,0.9999139185100394
combined_overall,6.46253667489563e-05,0.9617611704946426,0.9999139185100394
combined_overall,6.46253667489563e-05,0.9631441533430702,0.9999139185100394
combined_overall,6.570245619477224e-05,0.9640812211609301,0.9999139185100394
combined_overall,6.570245619477224e-05,0.9646563869249958,0.9999139185100394
combined_overall,6.570245619477224e-05,0.9651604647856377,0.9999139185100394
combined_overall,6.570245619477224e-05,0.9657808683064276,0.9999139185100394
combined_overall,6.677954564058818e-05,0.9662332458736703,0.9999139185100394
combined_overall,6.677954564058818e-05,0.9666468482208637,0.9999139185100394
combined_overall,6.677954564058818e-05,0.9669699750546085,0.9999139185100394
combined_overall,6.677954564058818e-05,0.9672543266683038,0.9999139185100394
combined_overall,6.785663508640412e-05,0.9674999030619499,0.9999139185100394
combined_overall,6.893372453222005e-05,0.9676679290154971,0.9999139185100394
combined_overall,6.893372453222005e-05,0.9678230298956947,0.9999139185100394
combined_overall,6.893372453222005e-05,0.9679975183859169,0.9999139185100394
combined_overall,6.893372453222005e-05,0.9681784694128139,0.9999139185100394
combined_overall,6.893372453222005e-05,0.9683658829763859,0.9999139185100394
combined_overall,6.893372453222005e-05,0.9685597590766327,0.9999139185100394
combined_overall,6.893372453222005e-05,0.9686502345900813,0.9999139185100394
combined_overall,6.893372453222005e-05,0.9687213224935052,0.9999139185100394
combined_overall,6.893372453222005e-05,0.9688376481536533,0.9999139185100394
combined_overall,6.893372453222005e-05,0.968979823960501,0.9999139185100394
combined_overall,7.001081397803599e-05,0.969102612157324,0.9999139185100394
combined_overall,7.001081397803599e-05,0.9692124752807972,0.9999139185100394
combined_overall,7.001081397803599e-05,0.9693029507942458,0.9999139185100394
combined_overall,7.001081397803599e-05,0.9693805012343445,0.9999139185100394
combined_overall,7.001081397803599e-05,0.9694451266010935,0.9999139185100394
combined_overall,7.001081397803599e-05,0.9695291395778671,0.9999139185100394
combined_overall,7.108790342385193e-05,0.9696131525546408,0.9999139185100394
combined_overall,7.108790342385193e-05,0.969658390311365,0.9999139185100394
combined_overall,7.216499286966787e-05,0.9697617908981634,0.9999139185100394
combined_overall,7.216499286966787e-05,0.9698522664116119,0.9999139185100394
combined_overall,7.216499286966787e-05,0.9699298168517106,0.9999139185100394
combined_overall,7.216499286966787e-05,0.9699815171451098,0.9999139185100394
combined_overall,7.216499286966787e-05,0.9700590675852085,0.9999139185100394
combined_overall,7.216499286966787e-05,0.9701753932453566,0.9999139185100394
combined_overall,7.216499286966787e-05,0.9702335560754307,0.9999139185100394
combined_overall,7.216499286966787e-05,0.9702852563688299,0.9999139185100394
combined_overall,8.293588732782725e-05,0.9703498817355789,0.9999139185100394
combined_overall,8.293588732782725e-05,0.9703692693456035,0.9999139185100394
combined_overall,8.293588732782725e-05,0.9703757318822784,0.9999139185100394
combined_overall,8.293588732782725e-05,0.9704338947123525,0.9999139185100394
combined_overall,8.401297677364319e-05,0.9704597448590521,0.9999139185100394
combined_overall,8.401297677364319e-05,0.9704920575424265,0.9999139185100394
combined_overall,8.401297677364319e-05,0.9705179076891262,0.9999139185100394
combined_overall,8.509006621945913e-05,0.9706019206658998,0.9999139185100394
combined_overall,8.509006621945913e-05,0.9706471584226241,0.9999139185100394
combined_overall,8.509006621945913e-05,0.9706859336426734,0.9999139185100394
combined_overall,8.616715566527507e-05,0.970711783789373,0.9999139185100394
combined_overall,8.616715566527507e-05,0.970776409156122,0.9999139185100394
combined_overall,8.616715566527507e-05,0.9708281094495211,0.9999139185100394
combined_overall,8.7244245111091e-05,0.9708733472062454,0.9999139185100394
combined_overall,8.7244245111091e-05,0.9709056598896199,0.9999139185100394
combined_overall,8.7244245111091e-05,0.970957360183019,0.9999139185100394
combined_overall,8.832133455690694e-05,0.9710025979397433,0.9999139185100394
combined_overall,8.832133455690694e-05,0.9710542982331425,0.9999139185100394
combined_overall,8.832133455690694e-05,0.9710736858431671,0.9999139185100394
combined_overall,8.832133455690694e-05,0.9711059985265417,0.9999139185100394
combined_overall,8.832133455690694e-05,0.9711318486732412,0.9999139185100394
combined_overall,8.832133455690694e-05,0.9711770864299655,0.9999139185100394
combined_overall,8.832133455690694e-05,0.9711964740399902,0.9999139185100394
combined_overall,8.832133455690694e-05,0.9712287867233647,0.9999139185100394
combined_overall,8.939842400272288e-05,0.971267561943414,0.9999139185100394
combined_overall,9.155260289435475e-05,0.9712998746267885,0.9999139185100394
combined_overall,9.155260289435475e-05,0.9713386498468379,0.9999139185100394
combined_overall,9.155260289435475e-05,0.9714162002869366,0.9999139185100394
combined_overall,9.155260289435475e-05,0.971454975506986,0.9999139185100394
combined_overall,9.155260289435475e-05,0.9714743631170107,0.9999139185100394
combined_overall,9.155260289435475e-05,0.9714808256536855,0.9999139185100394
combined_overall,9.155260289435475e-05,0.971519600873735,0.9999139185100394
combined_overall,9.262969234017069e-05,0.9715389884837596,0.9999139185100394
combined_overall,9.262969234017069e-05,0.9715519135571095,0.9999139185100394
combined_overall,9.262969234017069e-05,0.9715971513138337,0.9999139185100394
combined_overall,9.262969234017069e-05,0.9716165389238584,0.9999139185100394
combined_overall,9.262969234017069e-05,0.9717134769739818,0.9999139185100394
combined_overall,9.262969234017069e-05,0.9717457896573563,0.9999139185100394
combined_overall,9.262969234017069e-05,0.9717716398040559,0.9999139185100394
combined_overall,9.262969234017069e-05,0.9717910274140805,0.9999139185100394
combined_overall,9.262969234017069e-05,0.9718168775607802,0.9999139185100394
combined_overall,9.262969234017069e-05,0.971887965464204,0.9999139185100394
combined_overall,9.262969234017069e-05,0.9719655159043028,0.9999139185100394
combined_overall,9.262969234017069e-05,0.9719784409776525,0.9999139185100394
combined_overall,9.262969234017069e-05,0.9720042911243522,0.9999139185100394
combined_overall,9.262969234017069e-05,0.9720430663444015,0.9999139185100394
combined_overall,9.262969234017069e-05,0.9720624539544261,0.9999139185100394
combined_overall,9.262969234017069e-05,0.972075379027776,0.9999139185100394
combined_overall,9.262969234017069e-05,0.9721012291744756,0.9999139185100394
combined_overall,9.262969234017069e-05,0.9721206167845002,0.9999139185100394
combined_overall,9.262969234017069e-05,0.9721335418578501,0.9999139185100394
combined_overall,9.262969234017069e-05,0.972140004394525,0.9999139185100394
combined_overall,9.262969234017069e-05,0.9721723170778994,0.9999139185100394
combined_overall,9.262969234017069e-05,0.972198167224599,0.9999139185100394
combined_overall,9.262969234017069e-05,0.9722434049813232,0.9999139185100394
combined_overall,9.262969234017069e-05,0.9722692551280229,0.9999139185100394
combined_overall,9.262969234017069e-05,0.9723015678113973,0.9999139185100394
combined_overall,9.262969234017069e-05,0.972327417958097,0.9999139185100394
combined_overall,9.262969234017069e-05,0.9723403430314467,0.9999139185100394
combined_overall,9.262969234017069e-05,0.9723468055681216,0.9999139185100394
combined_overall,9.262969234017069e-05,0.9723597306414714,0.9999139185100394
combined_overall,9.370678178598663e-05,0.9723726557148212,0.9999139185100394
combined_overall,9.370678178598663e-05,0.9723920433248459,0.9999139185100394
combined_overall,9.370678178598663e-05,0.9723985058615208,0.9999139185100394
combined_overall,9.478387123180258e-05,0.9724178934715455,0.9999139185100394
combined_overall,9.478387123180258e-05,0.9724308185448952,0.9999139185100394
combined_overall,9.478387123180258e-05,0.9724566686915949,0.9999139185100394
combined_overall,9.478387123180258e-05,0.9724631312282698,0.9999139185100394
combined_overall,9.478387123180258e-05,0.9724825188382944,0.9999139185100394
combined_overall,9.478387123180258e-05,0.9725212940583438,0.9999139185100394
combined_overall,9.478387123180258e-05,0.9725729943517429,0.9999139185100394
combined_overall,9.478387123180258e-05,0.9726117695717923,0.9999139185100394
combined_overall,9.478387123180258e-05,0.972631157181817,0.9999139185100394
combined_overall,9.478387123180258e-05,0.9726828574752162,0.9999139185100394
combined_overall,9.586096067761852e-05,0.9727087076219157,0.9999139185100394
combined_overall,9.586096067761852e-05,0.9727280952319405,0.9999139185100394
combined_overall,9.586096067761852e-05,0.9727668704519898,0.9999139185100394
combined_overall,9.586096067761852e-05,0.9727862580620145,0.9999139185100394
combined_overall,9.586096067761852e-05,0.9727991831353643,0.9999139185100394
combined_overall,9.586096067761852e-05,0.9728250332820638,0.9999139185100394
combined_overall,9.586096067761852e-05,0.972876733575463,0.9999139185100394
combined_overall,9.586096067761852e-05,0.9729155087955124,0.9999139185100394
combined_overall,9.586096067761852e-05,0.9729219713321873,0.9999139185100394
combined_overall,9.586096067761852e-05,0.9729348964055371,0.9999139185100394
combined_overall,9.586096067761852e-05,0.972941358942212,0.9999139185100394
combined_overall,9.801513956925039e-05,0.9729801341622614,0.9999139185100394
combined_overall,0.00010555476568996195,0.9729865966989363,0.9999139185100394
combined_overall,0.00010770894458159383,0.9729930592356112,0.9999139185100394
combined_overall,0.00010770894458159383,0.9730189093823107,0.9999139185100394
combined_overall,0.00010770894458159383,0.9730382969923355,0.9999139185100394
combined_overall,0.00010770894458159383,0.9730512220656852,0.9999139185100394
combined_overall,0.00010770894458159383,0.9730706096757099,0.9999139185100394
combined_overall,0.00010770894458159383,0.9731223099691091,0.9999139185100394
combined_overall,0.00010770894458159383,0.9731546226524835,0.9999139185100394
combined_overall,0.00010770894458159383,0.9731675477258334,0.9999139185100394
combined_overall,0.00010770894458159383,0.9732192480192325,0.9999139185100394
combined_overall,0.00010770894458159383,0.9732386356292572,0.9999139185100394
combined_overall,0.00010770894458159383,0.973251560702607,0.9999139185100394
combined_overall,0.00010770894458159383,0.9732774108493065,0.9999139185100394
combined_overall,0.00010770894458159383,0.9733097235326811,0.9999139185100394
combined_overall,0.00010770894458159383,0.973316186069356,0.9999139185100394
combined_overall,0.00010770894458159383,0.9733420362160555,0.9999139185100394
combined_overall,0.00010770894458159383,0.9733484987527304,0.9999139185100394
combined_overall,0.00010770894458159383,0.9733614238260803,0.9999139185100394
combined_overall,0.00010770894458159383,0.9733678863627551,0.9999139185100394
combined_overall,0.00010770894458159383,0.9733808114361049,0.9999139185100394
combined_overall,0.00010770894458159383,0.9734001990461296,0.9999139185100394
combined_overall,0.00010770894458159383,0.9734260491928292,0.9999139185100394
combined_overall,0.00010770894458159383,0.9734648244128785,0.9999139185100394
combined_overall,0.00010770894458159383,0.9735035996329279,0.9999139185100394
combined_overall,0.00010770894458159383,0.9735229872429526,0.9999139185100394
combined_overall,0.00010770894458159383,0.9735488373896521,0.9999139185100394
combined_overall,0.00010770894458159383,0.9735682249996769,0.9999139185100394
combined_overall,0.00010770894458159383,0.9735940751463764,0.9999139185100394
combined_overall,0.00010770894458159383,0.9736070002197262,0.9999139185100394
combined_overall,0.00010770894458159383,0.9736199252930761,0.9999139185100394
combined_overall,0.00010770894458159383,0.973626387829751,0.9999139185100394
combined_overall,0.00010770894458159383,0.9736651630498003,0.9999139185100394
combined_overall,0.00010770894458159383,0.9736716255864752,0.9999139185100394
combined_overall,0.00010770894458159383,0.9736910131964999,0.9999139185100394
combined_overall,0.00010770894458159383,0.9737039382698497,0.9999139185100394
combined_overall,0.00010770894458159383,0.9737168633431995,0.9999139185100394
combined_overall,0.00010770894458159383,0.973742713489899,0.9999139185100394
combined_overall,0.00010770894458159383,0.973749176026574,0.9999139185100394
combined_overall,0.00010770894458159383,0.9737685636365986,0.9999139185100394
combined_overall,0.00010770894458159383,0.9737814887099484,0.9999139185100394
combined_overall,0.00010770894458159383,0.9738008763199731,0.9999139185100394
combined_overall,0.00010770894458159383,0.973807338856648,0.9999139185100394
combined_overall,0.00010770894458159383,0.9738202639299978,0.9999139185100394
combined_overall,0.00010770894458159383,0.9738396515400225,0.9999139185100394
combined_overall,0.00010770894458159383,0.9738525766133723,0.9999139185100394
combined_overall,0.00010770894458159383,0.9738784267600719,0.9999139185100394
combined_overall,0.00010770894458159383,0.9738848892967468,0.9999139185100394
combined_overall,0.00010878603402740977,0.9738978143700966,0.9999139185100394
combined_overall,0.00010878603402740977,0.9739107394434463,0.9999139185100394
combined_overall,0.00010878603402740977,0.9739236645167961,0.9999139185100394
combined_overall,0.00010878603402740977,0.9739430521268209,0.9999139185100394
combined_overall,0.00010878603402740977,0.9739559772001706,0.9999139185100394
combined_overall,0.00010878603402740977,0.9739689022735204,0.9999139185100394
combined_overall,0.00010878603402740977,0.9739882898835451,0.9999139185100394
combined_overall,0.00010878603402740977,0.9740076774935698,0.9999139185100394
combined_overall,0.00010878603402740977,0.9740335276402694,0.9999139185100394
combined_overall,0.00010878603402740977,0.9740399901769442,0.9999139185100394
combined_overall,0.0001098631234732257,0.9740399901769442,0.9999139185100394
combined_overall,0.0001098631234732257,0.9740464527136191,0.9999139185100394
combined_overall,0.0001098631234732257,0.9740593777869689,0.9999139185100394
combined_overall,0.0001098631234732257,0.9740787653969937,0.9999139185100394
combined_overall,0.0001098631234732257,0.9740981530070183,0.9999139185100394
combined_overall,0.0001098631234732257,0.9741110780803681,0.9999139185100394
combined_overall,0.0001098631234732257,0.974117540617043,0.9999139185100394
combined_overall,0.0001098631234732257,0.9741369282270677,0.9999139185100394
combined_overall,0.0001098631234732257,0.9741433907637426,0.9999139185100394
combined_overall,0.0001098631234732257,0.9741563158370924,0.9999139185100394
combined_overall,0.0001098631234732257,0.9741627783737673,0.9999139185100394
combined_overall,0.00011094021291904164,0.9741627783737673,0.9999139185100394
combined_overall,0.00011094021291904164,0.9741692409104422,0.9999139185100394
combined_overall,0.00011094021291904164,0.9741886285204668,0.9999139185100394
combined_overall,0.00011094021291904164,0.9741950910571417,0.9999139185100394
combined_overall,0.00011094021291904164,0.9742144786671665,0.9999139185100394
combined_overall,0.00011094021291904164,0.9742274037405162,0.9999139185100394
combined_overall,0.00011094021291904164,0.9742467913505409,0.9999139185100394
combined_overall,0.00011094021291904164,0.9742597164238908,0.9999139185100394
combined_overall,0.00011094021291904164,0.9742661789605656,0.9999139185100394
combined_overall,0.00011094021291904164,0.9742920291072652,0.9999139185100394
combined_overall,0.00011094021291904164,0.9743178792539647,0.9999139185100394
combined_overall,0.00011094021291904164,0.9743308043273146,0.9999139185100394
combined_overall,0.00011094021291904164,0.9743566544740141,0.9999139185100394
combined_overall,0.00011094021291904164,0.9744212798407631,0.9999139185100394
combined_overall,0.00011094021291904164,0.9744471299874626,0.9999139185100394
combined_overall,0.00011094021291904164,0.9744665175974874,0.9999139185100394
combined_overall,0.00011094021291904164,0.9744794426708372,0.9999139185100394
combined_overall,0.00011094021291904164,0.9744923677441869,0.9999139185100394
combined_overall,0.00011094021291904164,0.9745182178908866,0.9999139185100394
combined_overall,0.00011094021291904164,0.9745246804275615,0.9999139185100394
combined_overall,0.00011094021291904164,0.9745376055009112,0.9999139185100394
combined_overall,0.00011094021291904164,0.9745828432576354,0.9999139185100394
combined_overall,0.00011094021291904164,0.9745893057943104,0.9999139185100394
combined_overall,0.00011094021291904164,0.97461515594101,0.9999139185100394
combined_overall,0.00011094021291904164,0.9746410060877095,0.9999139185100394
combined_overall,0.00011094021291904164,0.9746991689177836,0.9999139185100394
combined_overall,0.00011094021291904164,0.9747185565278083,0.9999139185100394
combined_overall,0.00011094021291904164,0.9747250190644832,0.9999139185100394
combined_overall,0.00011094021291904164,0.974737944137833,0.9999139185100394
combined_overall,0.00011094021291904164,0.9747508692111828,0.9999139185100394
combined_overall,0.0001120173023648576,0.9747702568212074,0.9999139185100394
combined_overall,0.0001120173023648576,0.9747767193578823,0.9999139185100394
combined_overall,0.0001120173023648576,0.9747896444312322,0.9999139185100394
combined_overall,0.0001120173023648576,0.9748025695045819,0.9999139185100394
combined_overall,0.0001120173023648576,0.9748154945779317,0.9999139185100394
combined_overall,0.0001120173023648576,0.9748348821879564,0.9999139185100394
combined_overall,0.0001120173023648576,0.9748542697979811,0.9999139185100394
combined_overall,0.0001120173023648576,0.974860732334656,0.9999139185100394
combined_overall,0.0001120173023648576,0.9748865824813556,0.9999139185100394
combined_overall,0.0001120173023648576,0.9749059700913802,0.9999139185100394
combined_overall,0.0001120173023648576,0.9749188951647301,0.9999139185100394
combined_overall,0.0001120173023648576,0.9749318202380799,0.9999139185100394
combined_overall,0.0001120173023648576,0.9749512078481045,0.9999139185100394
combined_overall,0.0001120173023648576,0.9749641329214543,0.9999139185100394
combined_overall,0.00011309439181067353,0.9749641329214543,0.9999139185100394
combined_overall,0.00011309439181067353,0.974983520531479,0.9999139185100394
combined_overall,0.00011309439181067353,0.9749964456048288,0.9999139185100394
combined_overall,0.00011309439181067353,0.9750158332148535,0.9999139185100394
combined_overall,0.00011309439181067353,0.9750287582882032,0.9999139185100394
combined_overall,0.00011309439181067353,0.9750546084349029,0.9999139185100394
combined_overall,0.00011309439181067353,0.9750675335082527,0.9999139185100394
combined_overall,0.00011309439181067353,0.9750869211182773,0.9999139185100394
combined_overall,0.00011309439181067353,0.975112771264977,0.9999139185100394
combined_overall,0.00011309439181067353,0.9751321588750016,0.9999139185100394
combined_overall,0.00011417148125648947,0.9751386214116765,0.9999139185100394
combined_overall,0.00011417148125648947,0.9751450839483514,0.9999139185100394
combined_overall,0.00011417148125648947,0.9751580090217012,0.9999139185100394
combined_overall,0.00011417148125648947,0.9751838591684008,0.9999139185100394
combined_overall,0.00011417148125648947,0.9752032467784255,0.9999139185100394
combined_overall,0.00011417148125648947,0.9752161718517752,0.9999139185100394
combined_overall,0.00011417148125648947,0.9752484845351498,0.9999139185100394
combined_overall,0.00011417148125648947,0.9752614096084995,0.9999139185100394
combined_overall,0.0001152485707023054,0.9752614096084995,0.9999139185100394
combined_overall,0.0001152485707023054,0.9752743346818493,0.9999139185100394
combined_overall,0.0001152485707023054,0.9752872597551991,0.9999139185100394
combined_overall,0.0001152485707023054,0.9753066473652238,0.9999139185100394
combined_overall,0.0001152485707023054,0.9753131099018987,0.9999139185100394
combined_overall,0.0001152485707023054,0.9754100479520221,0.9999139185100394
combined_overall,0.0001152485707023054,0.9754358980987217,0.9999139185100394
combined_overall,0.0001152485707023054,0.9754552857087464,0.9999139185100394
combined_overall,0.0001152485707023054,0.9754682107820962,0.9999139185100394
combined_overall,0.0001152485707023054,0.9754746733187711,0.9999139185100394
combined_overall,0.00011632566014812134,0.9754811358554459,0.9999139185100394
combined_overall,0.00011632566014812134,0.9755069860021456,0.9999139185100394
combined_overall,0.00011632566014812134,0.9755199110754954,0.9999139185100394
combined_overall,0.00011632566014812134,0.9755328361488451,0.9999139185100394
combined_overall,0.00011632566014812134,0.9755522237588699,0.9999139185100394
combined_overall,0.00011632566014812134,0.9755651488322197,0.9999139185100394
combined_overall,0.00011632566014812134,0.9755845364422443,0.9999139185100394
combined_overall,0.00011632566014812134,0.9756168491256187,0.9999139185100394
combined_overall,0.00011632566014812134,0.9756362367356435,0.9999139185100394
combined_overall,0.00011632566014812134,0.9756426992723184,0.9999139185100394
combined_overall,0.00011632566014812134,0.975662086882343,0.9999139185100394
combined_overall,0.00011632566014812134,0.9756685494190179,0.9999139185100394
combined_overall,0.00011632566014812134,0.9756814744923678,0.9999139185100394
combined_overall,0.00011632566014812134,0.9757137871757422,0.9999139185100394
combined_overall,0.00011632566014812134,0.9757525623957916,0.9999139185100394
combined_overall,0.00011632566014812134,0.9757654874691414,0.9999139185100394
combined_overall,0.00011632566014812134,0.9757978001525158,0.9999139185100394
combined_overall,0.00011632566014812134,0.9758107252258656,0.9999139185100394
combined_overall,0.00011632566014812134,0.9758236502992155,0.9999139185100394
combined_overall,0.00011632566014812134,0.9758624255192648,0.9999139185100394
combined_overall,0.00011632566014812134,0.9758818131292895,0.9999139185100394
combined_overall,0.00011632566014812134,0.9758947382026393,0.9999139185100394
combined_overall,0.00011632566014812134,0.9759205883493389,0.9999139185100394
combined_overall,0.00011632566014812134,0.9759464384960385,0.9999139185100394
combined_overall,0.00011632566014812134,0.975972288642738,0.9999139185100394
combined_overall,0.00011632566014812134,0.9759981387894376,0.9999139185100394
combined_overall,0.00011632566014812134,0.9760046013261126,0.9999139185100394
combined_overall,0.00011632566014812134,0.9760433765461619,0.9999139185100394
combined_overall,0.00011740274959393728,0.9760498390828368,0.9999139185100394
combined_overall,0.00011740274959393728,0.9760627641561865,0.9999139185100394
combined_overall,0.00011740274959393728,0.9760950768395611,0.9999139185100394
combined_overall,0.00011740274959393728,0.9761209269862606,0.9999139185100394
combined_overall,0.00011740274959393728,0.9761467771329603,0.9999139185100394
combined_overall,0.00011740274959393728,0.9761726272796598,0.9999139185100394
combined_overall,0.00011740274959393728,0.9762178650363841,0.9999139185100394
combined_overall,0.00011740274959393728,0.9762437151830836,0.9999139185100394
combined_overall,0.00011740274959393728,0.9762501777197585,0.9999139185100394
combined_overall,0.00011740274959393728,0.9762760278664582,0.9999139185100394
combined_overall,0.00011740274959393728,0.9763341906965322,0.9999139185100394
combined_overall,0.00011740274959393728,0.976347115769882,0.9999139185100394
combined_overall,0.00011740274959393728,0.9763535783065569,0.9999139185100394
combined_overall,0.00011740274959393728,0.9763665033799067,0.9999139185100394
combined_overall,0.00011847983903975322,0.9763665033799067,0.9999139185100394
combined_overall,0.00011847983903975322,0.9763794284532564,0.9999139185100394
combined_overall,0.00011847983903975322,0.9763923535266062,0.9999139185100394
combined_overall,0.00012063401793138509,0.9763923535266062,0.9999139185100394
combined_overall,0.00012063401793138509,0.9764246662099807,0.9999139185100394
combined_overall,0.00012063401793138509,0.9764375912833305,0.9999139185100394
combined_overall,0.00012063401793138509,0.9764957541134046,0.9999139185100394
combined_overall,0.00012063401793138509,0.9765086791867544,0.9999139185100394
combined_overall,0.00012063401793138509,0.9765280667967791,0.9999139185100394
combined_overall,0.00012171110737720103,0.976534529333454,0.9999139185100394
combined_overall,0.00012171110737720103,0.9765668420168284,0.9999139185100394
combined_overall,0.00012278819682301698,0.9765733045535033,0.9999139185100394
combined_overall,0.00012278819682301698,0.976599154700203,0.9999139185100394
combined_overall,0.00012278819682301698,0.9766120797735527,0.9999139185100394
combined_overall,0.00012278819682301698,0.976650854993602,0.9999139185100394
combined_overall,0.00012278819682301698,0.9766767051403017,0.9999139185100394
combined_overall,0.00012278819682301698,0.9766960927503263,0.9999139185100394
combined_overall,0.00012278819682301698,0.9767090178236761,0.9999139185100394
combined_overall,0.00012278819682301698,0.9767348679703758,0.9999139185100394
combined_overall,0.00012278819682301698,0.9767477930437255,0.9999139185100394
combined_overall,0.00012278819682301698,0.9767671806537502,0.9999139185100394
combined_overall,0.00012278819682301698,0.9767801057271001,0.9999139185100394
combined_overall,0.00012278819682301698,0.9768059558737996,0.9999139185100394
combined_overall,0.00012278819682301698,0.9768253434838242,0.9999139185100394
combined_overall,0.00012278819682301698,0.976838268557174,0.9999139185100394
combined_overall,0.00012278819682301698,0.9768511936305239,0.9999139185100394
combined_overall,0.00012278819682301698,0.9768641187038737,0.9999139185100394
combined_overall,0.00012278819682301698,0.9768835063138983,0.9999139185100394
combined_overall,0.00012278819682301698,0.9768964313872481,0.9999139185100394
combined_overall,0.00012278819682301698,0.9769352066072975,0.9999139185100394
combined_overall,0.00012278819682301698,0.9769416691439724,0.9999139185100394
combined_overall,0.00012278819682301698,0.9769545942173222,0.9999139185100394
combined_overall,0.00012278819682301698,0.9769675192906719,0.9999139185100394
combined_overall,0.00012278819682301698,0.9769933694373716,0.9999139185100394
combined_overall,0.00012278819682301698,0.977025682120746,0.9999139185100394
combined_overall,0.00012278819682301698,0.9770450697307708,0.9999139185100394
combined_overall,0.00012278819682301698,0.9770838449508201,0.9999139185100394
combined_overall,0.00012278819682301698,0.9771032325608447,0.9999139185100394
combined_overall,0.00012278819682301698,0.9771096950975197,0.9999139185100394
combined_overall,0.00012278819682301698,0.9771226201708695,0.9999139185100394
combined_overall,0.00012278819682301698,0.9771290827075444,0.9999139185100394
combined_overall,0.00012278819682301698,0.9771420077808941,0.9999139185100394
combined_overall,0.00012278819682301698,0.9771613953909188,0.9999139185100394
combined_overall,0.00012278819682301698,0.9771743204642687,0.9999139185100394
combined_overall,0.00012278819682301698,0.9771807830009436,0.9999139185100394
combined_overall,0.00012278819682301698,0.9771937080742933,0.9999139185100394
combined_overall,0.00012278819682301698,0.9772195582209929,0.9999139185100394
combined_overall,0.00012278819682301698,0.9772324832943426,0.9999139185100394
combined_overall,0.00012278819682301698,0.9772647959777172,0.9999139185100394
combined_overall,0.0001238652862688329,0.9772712585143921,0.9999139185100394
combined_overall,0.0001238652862688329,0.9773035711977666,0.9999139185100394
combined_overall,0.0001238652862688329,0.9773164962711164,0.9999139185100394
combined_overall,0.0001238652862688329,0.9773681965645155,0.9999139185100394
combined_overall,0.0001238652862688329,0.9773811216378653,0.9999139185100394
combined_overall,0.0001238652862688329,0.9773875841745402,0.9999139185100394
combined_overall,0.0001238652862688329,0.97740050924789,0.9999139185100394
combined_overall,0.0001238652862688329,0.9774263593945896,0.9999139185100394
combined_overall,0.0001238652862688329,0.9774392844679394,0.9999139185100394
combined_overall,0.0001238652862688329,0.9774457470046143,0.9999139185100394
combined_overall,0.0001238652862688329,0.977458672077964,0.9999139185100394
combined_overall,0.0001238652862688329,0.9774715971513138,0.9999139185100394
combined_overall,0.0001238652862688329,0.9774845222246636,0.9999139185100394
combined_overall,0.0001238652862688329,0.977523297444713,0.9999139185100394
combined_overall,0.0001238652862688329,0.9775362225180628,0.9999139185100394
combined_overall,0.0001238652862688329,0.9775426850547377,0.9999139185100394
combined_overall,0.0001238652862688329,0.9775620726647624,0.9999139185100394
combined_overall,0.0001238652862688329,0.9776202354948365,0.9999139185100394
combined_overall,0.0001238652862688329,0.9776331605681863,0.9999139185100394
combined_overall,0.0001238652862688329,0.9776396231048611,0.9999139185100394
combined_overall,0.00012494237571464886,0.9776396231048611,0.9999139185100394
combined_overall,0.00012494237571464886,0.9776590107148858,0.9999139185100394
combined_overall,0.00012709655460628073,0.9776590107148858,0.9999139185100394
combined_overall,0.00012709655460628073,0.9777171735449599,0.9999139185100394
combined_overall,0.00012709655460628073,0.9777300986183096,0.9999139185100394
combined_overall,0.00012709655460628073,0.9777624113016842,0.9999139185100394
combined_overall,0.00012709655460628073,0.9777882614483837,0.9999139185100394
combined_overall,0.00012817364405209666,0.9777882614483837,0.9999139185100394
combined_overall,0.00012817364405209666,0.977898124571857,0.9999139185100394
combined_overall,0.00013032782294372853,0.9779045871085318,0.9999139185100394
combined_overall,0.00013032782294372853,0.9779886000853055,0.9999139185100394
combined_overall,0.00013032782294372853,0.9780015251586552,0.9999139185100394
combined_overall,0.00013032782294372853,0.9780144502320051,0.9999139185100394
combined_overall,0.00013032782294372853,0.9780338378420298,0.9999139185100394
combined_overall,0.00013032782294372853,0.9781049257454536,0.9999139185100394
combined_overall,0.00013032782294372853,0.9781243133554783,0.9999139185100394
combined_overall,0.00013032782294372853,0.9781566260388528,0.9999139185100394
combined_overall,0.00013032782294372853,0.9781695511122026,0.9999139185100394
combined_overall,0.00013032782294372853,0.9781760136488774,0.9999139185100394
combined_overall,0.00013032782294372853,0.9782729516990009,0.9999139185100394
combined_overall,0.00013032782294372853,0.9782858767723507,0.9999139185100394
combined_overall,0.00013140491238954448,0.9782923393090256,0.9999139185100394
combined_overall,0.00013140491238954448,0.9783375770657499,0.9999139185100394
combined_overall,0.00013140491238954448,0.9783634272124494,0.9999139185100394
combined_overall,0.00013140491238954448,0.9784022024324988,0.9999139185100394
combined_overall,0.0001324820018353604,0.9784086649691737,0.9999139185100394
combined_overall,0.0001324820018353604,0.9784151275058486,0.9999139185100394
combined_overall,0.0001324820018353604,0.9784280525791984,0.9999139185100394
combined_overall,0.0001324820018353604,0.9784732903359227,0.9999139185100394
combined_overall,0.00013355909128117636,0.9784732903359227,0.9999139185100394
combined_overall,0.00013355909128117636,0.9784862154092725,0.9999139185100394
combined_overall,0.00013463618072699228,0.9784862154092725,0.9999139185100394
combined_overall,0.00013463618072699228,0.9785508407760214,0.9999139185100394
combined_overall,0.00013463618072699228,0.9785637658493712,0.9999139185100394
combined_overall,0.00013463618072699228,0.9786219286794453,0.9999139185100394
combined_overall,0.00013463618072699228,0.978634853752795,0.9999139185100394
combined_overall,0.00013463618072699228,0.9786413162894699,0.9999139185100394
combined_overall,0.00013463618072699228,0.9786607038994947,0.9999139185100394
combined_overall,0.00013463618072699228,0.9787705670229678,0.9999139185100394
combined_overall,0.00013571327017280823,0.9787705670229678,0.9999139185100394
combined_overall,0.00013571327017280823,0.9788287298530419,0.9999139185100394
combined_overall,0.00013571327017280823,0.9788545799997415,0.9999139185100394
combined_overall,0.00013571327017280823,0.9789127428298156,0.9999139185100394
combined_overall,0.00013679035961862418,0.9789127428298156,0.9999139185100394
combined_overall,0.00013679035961862418,0.9789644431232147,0.9999139185100394
combined_overall,0.00013679035961862418,0.9789773681965646,0.9999139185100394
combined_overall,0.00013679035961862418,0.9790161434166139,0.9999139185100394
combined_overall,0.00013679035961862418,0.9790290684899636,0.9999139185100394
combined_overall,0.00013679035961862418,0.9790807687833628,0.9999139185100394
combined_overall,0.00013894453851025606,0.9790807687833628,0.9999139185100394
combined_overall,0.00014002162795607198,0.9790807687833628,0.9999139185100394
combined_overall,0.00014109871740188793,0.9790872313200377,0.9999139185100394
combined_overall,0.0001432528962935198,0.9790872313200377,0.9999139185100394
combined_overall,0.00014432998573933573,0.9790872313200377,0.9999139185100394
combined_overall,0.00014432998573933573,0.9791001563933875,0.9999139185100394
combined_overall,0.0001464841646309676,0.9791001563933875,0.9999139185100394
combined_overall,0.0001464841646309676,0.9791066189300625,0.9999139185100394
combined_overall,0.00014863834352259948,0.9791066189300625,0.9999139185100394
combined_overall,0.00014863834352259948,0.9792940324936344,0.9999139185100394
combined_overall,0.00014971543296841543,0.9792940324936344,0.9999139185100394
combined_overall,0.00014971543296841543,0.9793069575669842,0.9999139185100394
combined_overall,0.00014971543296841543,0.9794168206904574,0.9999139185100394
combined_overall,0.00014971543296841543,0.9794297457638073,0.9999139185100394
combined_overall,0.00014971543296841543,0.9794943711305562,0.9999139185100394
combined_overall,0.00015079252241423136,0.9795008336672311,0.9999139185100394
combined_overall,0.00015079252241423136,0.9795719215706549,0.9999139185100394
combined_overall,0.0001518696118600473,0.9795719215706549,0.9999139185100394
combined_overall,0.0001518696118600473,0.9795783841073298,0.9999139185100394
combined_overall,0.00015294670130586323,0.9795783841073298,0.9999139185100394
combined_overall,0.00015294670130586323,0.9796623970841034,0.9999139185100394
combined_overall,0.00015294670130586323,0.9796753221574532,0.9999139185100394
combined_overall,0.00015294670130586323,0.9797722602075767,0.9999139185100394
combined_overall,0.00015402379075167918,0.9797722602075767,0.9999139185100394
combined_overall,0.00015402379075167918,0.9797787227442516,0.9999139185100394
combined_overall,0.00015402379075167918,0.9797916478176014,0.9999139185100394
combined_overall,0.00015402379075167918,0.9798045728909511,0.9999139185100394
combined_overall,0.00015402379075167918,0.9798304230376508,0.9999139185100394
combined_overall,0.00015402379075167918,0.9798433481110005,0.9999139185100394
combined_overall,0.00015402379075167918,0.9798627357210252,0.9999139185100394
combined_overall,0.00015402379075167918,0.979875660794375,0.9999139185100394
combined_overall,0.00015402379075167918,0.9798885858677248,0.9999139185100394
combined_overall,0.00015402379075167918,0.9799532112344738,0.9999139185100394
combined_overall,0.00015402379075167918,0.9799661363078236,0.9999139185100394
combined_overall,0.00015402379075167918,0.9799855239178482,0.9999139185100394
combined_overall,0.00015402379075167918,0.979998448991198,0.9999139185100394
combined_overall,0.00015402379075167918,0.9800242991378976,0.9999139185100394
combined_overall,0.00015402379075167918,0.9800372242112474,0.9999139185100394
combined_overall,0.00015402379075167918,0.9800630743579469,0.9999139185100394
combined_overall,0.00015510088019749513,0.9800630743579469,0.9999139185100394
combined_overall,0.00015510088019749513,0.9800824619679717,0.9999139185100394
combined_overall,0.00015510088019749513,0.9800953870413215,0.9999139185100394
combined_overall,0.00015510088019749513,0.98018586255477,0.9999139185100394
combined_overall,0.00015617796964331106,0.98018586255477,0.9999139185100394
combined_overall,0.00015617796964331106,0.980244025384844,0.9999139185100394
combined_overall,0.000157255059089127,0.980244025384844,0.9999139185100394
combined_overall,0.000157255059089127,0.9803603510449922,0.9999139185100394
combined_overall,0.000157255059089127,0.9803862011916917,0.9999139185100394
combined_overall,0.00015833214853494293,0.9803926637283666,0.9999139185100394
combined_overall,0.00015833214853494293,0.980431438948416,0.9999139185100394
combined_overall,0.00015833214853494293,0.9804443640217658,0.9999139185100394
combined_overall,0.00015833214853494293,0.9805994649019634,0.9999139185100394
combined_overall,0.00015940923798075888,0.9805994649019634,0.9999139185100394
combined_overall,0.00015940923798075888,0.980618852511988,0.9999139185100394
combined_overall,0.00015940923798075888,0.9806317775853378,0.9999139185100394
combined_overall,0.00015940923798075888,0.980741640708811,0.9999139185100394
combined_overall,0.0001604863274265748,0.980741640708811,0.9999139185100394
combined_overall,0.0001604863274265748,0.9807739533921855,0.9999139185100394
combined_overall,0.00016156341687239076,0.9807739533921855,0.9999139185100394
combined_overall,0.00016156341687239076,0.9809355168090579,0.9999139185100394
combined_overall,0.00016264050631820668,0.9809355168090579,0.9999139185100394
combined_overall,0.00016264050631820668,0.9809484418824077,0.9999139185100394
combined_overall,0.00016264050631820668,0.9809613669557574,0.9999139185100394
combined_overall,0.00016264050631820668,0.9810195297858315,0.9999139185100394
combined_overall,0.00016264050631820668,0.9810324548591813,0.9999139185100394
combined_overall,0.00016264050631820668,0.9810647675425558,0.9999139185100394
combined_overall,0.00016264050631820668,0.9810776926159056,0.9999139185100394
combined_overall,0.00016264050631820668,0.9811875557393788,0.9999139185100394
combined_overall,0.00016371759576402263,0.9811875557393788,0.9999139185100394
combined_overall,0.00016371759576402263,0.9814460572063747,0.9999139185100394
combined_overall,0.00016371759576402263,0.9814589822797244,0.9999139185100394
combined_overall,0.00016371759576402263,0.9815688454031977,0.9999139185100394
combined_overall,0.00016479468520983856,0.9815688454031977,0.9999139185100394
combined_overall,0.00016479468520983856,0.9815817704765475,0.9999139185100394
combined_overall,0.00016479468520983856,0.9815946955498972,0.9999139185100394
combined_overall,0.00016479468520983856,0.9816334707699467,0.9999139185100394
combined_overall,0.00016479468520983856,0.9816463958432964,0.9999139185100394
combined_overall,0.00016479468520983856,0.9818144217968438,0.9999139185100394
combined_overall,0.00016479468520983856,0.9818338094068684,0.9999139185100394
combined_overall,0.00016479468520983856,0.9819113598469671,0.9999139185100394
combined_overall,0.0001658717746556545,0.9819113598469671,0.9999139185100394
combined_overall,0.0001658717746556545,0.9819889102870659,0.9999139185100394
combined_overall,0.00016694886410147043,0.9819889102870659,0.9999139185100394
combined_overall,0.00016694886410147043,0.9820470731171399,0.9999139185100394
combined_overall,0.00016802595354728638,0.9820470731171399,0.9999139185100394
combined_overall,0.00016802595354728638,0.9820599981904897,0.9999139185100394
combined_overall,0.00016802595354728638,0.9820729232638395,0.9999139185100394
combined_overall,0.00016802595354728638,0.9820858483371893,0.9999139185100394
combined_overall,0.0001691030429931023,0.9820858483371893,0.9999139185100394
combined_overall,0.0001691030429931023,0.9820923108738642,0.9999139185100394
combined_overall,0.0001691030429931023,0.982105235947214,0.9999139185100394
combined_overall,0.0001691030429931023,0.9822344866807119,0.9999139185100394
combined_overall,0.0001712572218847342,0.9822344866807119,0.9999139185100394
combined_overall,0.0001712572218847342,0.9822603368274115,0.9999139185100394
combined_overall,0.00017233431133055013,0.9822603368274115,0.9999139185100394
combined_overall,0.00017233431133055013,0.9823249621941604,0.9999139185100394
combined_overall,0.00017341140077636608,0.9823249621941604,0.9999139185100394
combined_overall,0.00017341140077636608,0.9823831250242345,0.9999139185100394
combined_overall,0.000174488490222182,0.9823831250242345,0.9999139185100394
combined_overall,0.000174488490222182,0.982538225904432,0.9999139185100394
combined_overall,0.000174488490222182,0.9825640760511316,0.9999139185100394
combined_overall,0.000174488490222182,0.982602851271181,0.9999139185100394
combined_overall,0.000174488490222182,0.9826157763445308,0.9999139185100394
combined_overall,0.000174488490222182,0.9826739391746048,0.9999139185100394
combined_overall,0.00017664266911381388,0.9826739391746048,0.9999139185100394
combined_overall,0.00017664266911381388,0.9827708772247282,0.9999139185100394
combined_overall,0.00017771975855962983,0.9827708772247282,0.9999139185100394
combined_overall,0.00017771975855962983,0.9828161149814525,0.9999139185100394
combined_overall,0.00017879684800544576,0.9828161149814525,0.9999139185100394
combined_overall,0.00017879684800544576,0.9828872028848764,0.9999139185100394
combined_overall,0.00017879684800544576,0.9829259781049258,0.9999139185100394
combined_overall,0.00017879684800544576,0.9830035285450245,0.9999139185100394
combined_overall,0.00017879684800544576,0.9830164536183743,0.9999139185100394
combined_overall,0.00017879684800544576,0.9830487663017488,0.9999139185100394
combined_overall,0.0001798739374512617,0.9830487663017488,0.9999139185100394
combined_overall,0.0001798739374512617,0.9830810789851232,0.9999139185100394
combined_overall,0.00018202811634289358,0.9830810789851232,0.9999139185100394
combined_overall,0.00018202811634289358,0.9831004665951479,0.9999139185100394
combined_overall,0.00018202811634289358,0.9831133916684978,0.9999139185100394
combined_overall,0.00018202811634289358,0.9831650919618968,0.9999139185100394
combined_overall,0.00018202811634289358,0.9831780170352467,0.9999139185100394
combined_overall,0.00018202811634289358,0.9832684925486952,0.9999139185100394
combined_overall,0.00018202811634289358,0.983281417622045,0.9999139185100394
combined_overall,0.00018202811634289358,0.9833460429887939,0.9999139185100394
combined_overall,0.0001831052057887095,0.9833460429887939,0.9999139185100394
combined_overall,0.0001831052057887095,0.9834365185022425,0.9999139185100394
combined_overall,0.00018418229523452546,0.9834365185022425,0.9999139185100394
combined_overall,0.00018418229523452546,0.983526994015691,0.9999139185100394
combined_overall,0.00018525938468034138,0.983526994015691,0.9999139185100394
combined_overall,0.00018525938468034138,0.9835463816257157,0.9999139185100394
combined_overall,0.00018633647412615733,0.9835463816257157,0.9999139185100394
combined_overall,0.00018633647412615733,0.9835980819191149,0.9999139185100394
combined_overall,0.00018741356357197326,0.9835980819191149,0.9999139185100394
combined_overall,0.00018741356357197326,0.9836045444557898,0.9999139185100394
combined_overall,0.0001884906530177892,0.9836045444557898,0.9999139185100394
combined_overall,0.0001884906530177892,0.983656244749189,0.9999139185100394
combined_overall,0.00018956774246360516,0.983656244749189,0.9999139185100394
combined_overall,0.00018956774246360516,0.9836627072858638,0.9999139185100394
combined_overall,0.00019064483190942108,0.9836627072858638,0.9999139185100394
combined_overall,0.00019064483190942108,0.983966446509584,0.9999139185100394
combined_overall,0.00019064483190942108,0.9839858341196086,0.9999139185100394
combined_overall,0.00019064483190942108,0.9840504594863576,0.9999139185100394
combined_overall,0.00019172192135523703,0.9840504594863576,0.9999139185100394
combined_overall,0.00019172192135523703,0.9840698470963822,0.9999139185100394
combined_overall,0.00019279901080105296,0.9840698470963822,0.9999139185100394
combined_overall,0.00019279901080105296,0.984089234706407,0.9999139185100394
combined_overall,0.0001938761002468689,0.984089234706407,0.9999139185100394
combined_overall,0.0001938761002468689,0.9842184854399049,0.9999139185100394
combined_overall,0.00019495318969268483,0.9842184854399049,0.9999139185100394
combined_overall,0.00019495318969268483,0.9842895733433287,0.9999139185100394
combined_overall,0.00019495318969268483,0.9843024984166785,0.9999139185100394
combined_overall,0.00019495318969268483,0.984392973930127,0.9999139185100394
combined_overall,0.00019603027913850078,0.984392973930127,0.9999139185100394
combined_overall,0.00019603027913850078,0.9846127001770735,0.9999139185100394
combined_overall,0.0001971073685843167,0.9846127001770735,0.9999139185100394
combined_overall,0.0001971073685843167,0.9846514753971228,0.9999139185100394
combined_overall,0.00019818445803013266,0.9846514753971228,0.9999139185100394
combined_overall,0.00019818445803013266,0.9846967131538471,0.9999139185100394
combined_overall,0.00020033863692176453,0.9846967131538471,0.9999139185100394
combined_overall,0.00020033863692176453,0.9847548759839212,0.9999139185100394
combined_overall,0.00020033863692176453,0.984767801057271,0.9999139185100394
combined_overall,0.00020033863692176453,0.9848065762773204,0.9999139185100394
combined_overall,0.00020141572636758046,0.9848065762773204,0.9999139185100394
combined_overall,0.00020141572636758046,0.9848130388139953,0.9999139185100394
combined_overall,0.0002024928158133964,0.9848130388139953,0.9999139185100394
combined_overall,0.0002024928158133964,0.9848712016440694,0.9999139185100394
combined_overall,0.00020356990525921233,0.9848712016440694,0.9999139185100394
combined_overall,0.00020356990525921233,0.9848776641807442,0.9999139185100394
combined_overall,0.00020680117359666016,0.9848776641807442,0.9999139185100394
combined_overall,0.00020680117359666016,0.9848841267174191,0.9999139185100394
combined_overall,0.00021434079971737174,0.9848841267174191,0.9999139185100394
combined_overall,0.00021434079971737174,0.9849358270108183,0.9999139185100394
combined_overall,0.00021541788916318766,0.9849358270108183,0.9999139185100394
combined_overall,0.00021541788916318766,0.9849422895474932,0.9999139185100394
combined_overall,0.00021541788916318766,0.9849681396941927,0.9999139185100394
combined_overall,0.00021541788916318766,0.9849939898408924,0.9999139185100394
combined_overall,0.0002164949786090036,0.9849939898408924,0.9999139185100394
combined_overall,0.0002164949786090036,0.9850586152076413,0.9999139185100394
combined_overall,0.0002164949786090036,0.9850715402809911,0.9999139185100394
combined_overall,0.0002164949786090036,0.9851167780377154,0.9999139185100394
combined_overall,0.00021757206805481953,0.9851167780377154,0.9999139185100394
combined_overall,0.00021757206805481953,0.9851620157944396,0.9999139185100394
combined_overall,0.0002197262469464514,0.9851620157944396,0.9999139185100394
combined_overall,0.0002197262469464514,0.9851814034044644,0.9999139185100394
combined_overall,0.00022080333639226736,0.9851814034044644,0.9999139185100394
combined_overall,0.00022080333639226736,0.9851878659411392,0.9999139185100394
combined_overall,0.00022188042583808328,0.9851878659411392,0.9999139185100394
combined_overall,0.00022188042583808328,0.985200791014489,0.9999139185100394
combined_overall,0.00022295751528389924,0.985200791014489,0.9999139185100394
combined_overall,0.00022295751528389924,0.9852977290646124,0.9999139185100394
combined_overall,0.0002251116941755311,0.9852977290646124,0.9999139185100394
combined_overall,0.0002251116941755311,0.9853429668213367,0.9999139185100394
combined_overall,0.00022618878362134706,0.9853429668213367,0.9999139185100394
combined_overall,0.00022618878362134706,0.9853817420413861,0.9999139185100394
combined_overall,0.00022726587306716299,0.9853817420413861,0.9999139185100394
combined_overall,0.00022726587306716299,0.985388204578061,0.9999139185100394
combined_overall,0.00022942005195879486,0.985388204578061,0.9999139185100394
combined_overall,0.00022942005195879486,0.9854140547247605,0.9999139185100394
combined_overall,0.0002304971414046108,0.9854140547247605,0.9999139185100394
combined_overall,0.0002304971414046108,0.9855239178482338,0.9999139185100394
combined_overall,0.00023157423085042674,0.9855239178482338,0.9999139185100394
combined_overall,0.00023157423085042674,0.9856143933616823,0.9999139185100394
combined_overall,0.00023265132029624269,0.9856143933616823,0.9999139185100394
combined_overall,0.00023265132029624269,0.9856531685817317,0.9999139185100394
combined_overall,0.00023265132029624269,0.9856660936550815,0.9999139185100394
combined_overall,0.00023265132029624269,0.9857953443885794,0.9999139185100394
combined_overall,0.0002337284097420586,0.9857953443885794,0.9999139185100394
combined_overall,0.0002337284097420586,0.9858018069252543,0.9999139185100394
combined_overall,0.00023480549918787456,0.9858018069252543,0.9999139185100394
combined_overall,0.00023480549918787456,0.9858147319986041,0.9999139185100394
combined_overall,0.00023588258863369049,0.9858147319986041,0.9999139185100394
combined_overall,0.00023588258863369049,0.9858922824387029,0.9999139185100394
combined_overall,0.00023695967807950644,0.9858922824387029,0.9999139185100394
combined_overall,0.00023695967807950644,0.9859310576587522,0.9999139185100394
combined_overall,0.00023803676752532236,0.9859310576587522,0.9999139185100394
combined_overall,0.00023803676752532236,0.9860150706355258,0.9999139185100394
combined_overall,0.0002391138569711383,0.9860150706355258,0.9999139185100394
combined_overall,0.0002391138569711383,0.9862283343457974,0.9999139185100394
combined_overall,0.0002391138569711383,0.9862412594191472,0.9999139185100394
combined_overall,0.0002391138569711383,0.986312347322571,0.9999139185100394
combined_overall,0.00024019094641695426,0.986312347322571,0.9999139185100394
combined_overall,0.00024019094641695426,0.9863252723959208,0.9999139185100394
combined_overall,0.00024126803586277019,0.9863252723959208,0.9999139185100394
combined_overall,0.00024126803586277019,0.9863640476159702,0.9999139185100394
combined_overall,0.00024342221475440206,0.9863640476159702,0.9999139185100394
combined_overall,0.00024342221475440206,0.9863963602993447,0.9999139185100394
combined_overall,0.000244499304200218,0.9863963602993447,0.9999139185100394
combined_overall,0.000244499304200218,0.9864028228360195,0.9999139185100394
combined_overall,0.00024557639364603396,0.9864028228360195,0.9999139185100394
combined_overall,0.00024557639364603396,0.9864222104460443,0.9999139185100394
combined_overall,0.00024557639364603396,0.9864351355193941,0.9999139185100394
combined_overall,0.00024557639364603396,0.9866096240096163,0.9999139185100394
combined_overall,0.0002466534830918499,0.9866096240096163,0.9999139185100394
combined_overall,0.0002466534830918499,0.9866225490829661,0.9999139185100394
combined_overall,0.0002466534830918499,0.9866483992296656,0.9999139185100394
combined_overall,0.0002466534830918499,0.986809962646538,0.9999139185100394
combined_overall,0.0002477305725376658,0.986809962646538,0.9999139185100394
combined_overall,0.0002477305725376658,0.9869069006966614,0.9999139185100394
combined_overall,0.0002477305725376658,0.9869198257700112,0.9999139185100394
combined_overall,0.0002477305725376658,0.9871007767969083,0.9999139185100394
combined_overall,0.00024880766198348174,0.9871007767969083,0.9999139185100394
combined_overall,0.00024880766198348174,0.9871395520169577,0.9999139185100394
combined_overall,0.0002498847514292977,0.9871395520169577,0.9999139185100394
combined_overall,0.0002498847514292977,0.9872881903604803,0.9999139185100394
combined_overall,0.00025096184087511364,0.9872881903604803,0.9999139185100394
combined_overall,0.00025096184087511364,0.9873786658739289,0.9999139185100394
combined_overall,0.00025203893032092956,0.9873786658739289,0.9999139185100394
combined_overall,0.00025203893032092956,0.9873851284106038,0.9999139185100394
combined_overall,0.0002552701986583774,0.9873851284106038,0.9999139185100394
combined_overall,0.0002552701986583774,0.9873980534839535,0.9999139185100394
combined_overall,0.0002585014669958252,0.9873980534839535,0.9999139185100394
combined_overall,0.0002585014669958252,0.9874174410939782,0.9999139185100394
combined_overall,0.0002638869142249049,0.9874174410939782,0.9999139185100394
combined_overall,0.0002638869142249049,0.9874239036306531,0.9999139185100394
combined_overall,0.0002649640036707208,0.9874239036306531,0.9999139185100394
combined_overall,0.0002649640036707208,0.9874368287040028,0.9999139185100394
combined_overall,0.0002660410931165368,0.9874368287040028,0.9999139185100394
combined_overall,0.0002660410931165368,0.9874497537773527,0.9999139185100394
combined_overall,0.0002671181825623527,0.9874497537773527,0.9999139185100394
combined_overall,0.0002671181825623527,0.9874562163140276,0.9999139185100394
combined_overall,0.00026819527200816864,0.9874562163140276,0.9999139185100394
combined_overall,0.00026819527200816864,0.9875208416807766,0.9999139185100394
combined_overall,0.00027034945089980054,0.9875208416807766,0.9999139185100394
combined_overall,0.00027034945089980054,0.9875337667541263,0.9999139185100394
combined_overall,0.0002725036297914324,0.9875337667541263,0.9999139185100394
combined_overall,0.0002725036297914324,0.9875790045108506,0.9999139185100394
combined_overall,0.00027358071923724837,0.9875790045108506,0.9999139185100394
combined_overall,0.00027358071923724837,0.9875983921208753,0.9999139185100394
combined_overall,0.0002757348981288802,0.9875983921208753,0.9999139185100394
combined_overall,0.0002757348981288802,0.9876048546575502,0.9999139185100394
combined_overall,0.00027681198757469614,0.9876048546575502,0.9999139185100394
combined_overall,0.00027681198757469614,0.9876177797308999,0.9999139185100394
combined_overall,0.00028219743480377586,0.9876177797308999,0.9999139185100394
combined_overall,0.00028219743480377586,0.9876500924142745,0.9999139185100394
combined_overall,0.00028219743480377586,0.9876630174876242,0.9999139185100394
combined_overall,0.00028219743480377586,0.987675942560974,0.9999139185100394
combined_overall,0.0002832745242495918,0.987675942560974,0.9999139185100394
combined_overall,0.0002832745242495918,0.9877082552443485,0.9999139185100394
combined_overall,0.00028542870314122364,0.9877082552443485,0.9999139185100394
combined_overall,0.00028542870314122364,0.9877341053910481,0.9999139185100394
combined_overall,0.0002865057925870396,0.9877341053910481,0.9999139185100394
combined_overall,0.0002865057925870396,0.987740567927723,0.9999139185100394
combined_overall,0.00028758288203285554,0.987740567927723,0.9999139185100394
combined_overall,0.00028758288203285554,0.9877728806110975,0.9999139185100394
combined_overall,0.00028865997147867146,0.9877728806110975,0.9999139185100394
combined_overall,0.00028865997147867146,0.9878504310511962,0.9999139185100394
combined_overall,0.0002897370609244874,0.9878504310511962,0.9999139185100394
combined_overall,0.0002897370609244874,0.9878956688079205,0.9999139185100394
combined_overall,0.00029081415037030336,0.9878956688079205,0.9999139185100394
combined_overall,0.00029081415037030336,0.9880313820780933,0.9999139185100394
combined_overall,0.00029081415037030336,0.9880960074448423,0.9999139185100394
combined_overall,0.0002918912398161193,0.9880960074448423,0.9999139185100394
combined_overall,0.0002918912398161193,0.9881347826648916,0.9999139185100394
combined_overall,0.0002929683292619352,0.9881347826648916,0.9999139185100394
combined_overall,0.0002929683292619352,0.9881929454949657,0.9999139185100394
combined_overall,0.0002940454187077512,0.9881929454949657,0.9999139185100394
combined_overall,0.0002940454187077512,0.9881994080316405,0.9999139185100394
combined_overall,0.0002951225081535671,0.9881994080316405,0.9999139185100394
combined_overall,0.0002951225081535671,0.9882834210084143,0.9999139185100394
combined_overall,0.00029619959759938304,0.9882834210084143,0.9999139185100394
combined_overall,0.00029619959759938304,0.9883092711551138,0.9999139185100394
combined_overall,0.00029727668704519896,0.9883092711551138,0.9999139185100394
combined_overall,0.00029727668704519896,0.9883221962284636,0.9999139185100394
combined_overall,0.00029835377649101494,0.9883221962284636,0.9999139185100394
combined_overall,0.00029835377649101494,0.9883480463751632,0.9999139185100394
combined_overall,0.00029943086593683086,0.9883480463751632,0.9999139185100394
combined_overall,0.00029943086593683086,0.9883738965218628,0.9999139185100394
combined_overall,0.0003005079553826468,0.9883738965218628,0.9999139185100394
combined_overall,0.0003005079553826468,0.9884385218886117,0.9999139185100394
combined_overall,0.0003015850448284627,0.9884385218886117,0.9999139185100394
combined_overall,0.0003015850448284627,0.9884643720353113,0.9999139185100394
combined_overall,0.0003037392237200946,0.9884643720353113,0.9999139185100394
combined_overall,0.0003037392237200946,0.9884772971086611,0.9999139185100394
combined_overall,0.00030481631316591054,0.9884772971086611,0.9999139185100394
combined_overall,0.00030481631316591054,0.9885289974020602,0.9999139185100394
combined_overall,0.00030589340261172646,0.9885289974020602,0.9999139185100394
combined_overall,0.00030589340261172646,0.9885677726221096,0.9999139185100394
combined_overall,0.00030697049205754244,0.9885677726221096,0.9999139185100394
combined_overall,0.00030697049205754244,0.9885806976954594,0.9999139185100394
combined_overall,0.00030804758150335836,0.9885806976954594,0.9999139185100394
combined_overall,0.00030804758150335836,0.988606547842159,0.9999139185100394
combined_overall,0.00031020176039499027,0.988606547842159,0.9999139185100394
combined_overall,0.00031020176039499027,0.9887034858922824,0.9999139185100394
combined_overall,0.0003112788498408062,0.9887034858922824,0.9999139185100394
combined_overall,0.0003112788498408062,0.9887551861856816,0.9999139185100394
combined_overall,0.00031343302873243804,0.9887551861856816,0.9999139185100394
combined_overall,0.00031343302873243804,0.9887745737957063,0.9999139185100394
combined_overall,0.000314510118178254,0.9887745737957063,0.9999139185100394
combined_overall,0.000314510118178254,0.988787498869056,0.9999139185100394
combined_overall,0.00031558720762406994,0.988787498869056,0.9999139185100394
combined_overall,0.00031558720762406994,0.98885858677248,0.9999139185100394
combined_overall,0.0003177413865157018,0.98885858677248,0.9999139185100394
combined_overall,0.0003177413865157018,0.9888779743825046,0.9999139185100394
combined_overall,0.00031881847596151777,0.9888779743825046,0.9999139185100394
combined_overall,0.00031881847596151777,0.9889878375059779,0.9999139185100394
combined_overall,0.0003198955654073337,0.9889878375059779,0.9999139185100394
combined_overall,0.0003198955654073337,0.9889943000426528,0.9999139185100394
combined_overall,0.0003209726548531496,0.9889943000426528,0.9999139185100394
combined_overall,0.0003209726548531496,0.9890266127260272,0.9999139185100394
combined_overall,0.0003231268337447815,0.9890266127260272,0.9999139185100394
combined_overall,0.0003231268337447815,0.9890330752627021,0.9999139185100394
combined_overall,0.0003231268337447815,0.989046000336052,0.9999139185100394
combined_overall,0.00032528101263641336,0.989046000336052,0.9999139185100394
combined_overall,0.00032528101263641336,0.9890524628727269,0.9999139185100394
combined_overall,0.00032743519152804527,0.9890524628727269,0.9999139185100394
combined_overall,0.00032743519152804527,0.9890589254094017,0.9999139185100394
combined_overall,0.0003295893704196771,0.9890589254094017,0.9999139185100394
combined_overall,0.0003295893704196771,0.9890912380927762,0.9999139185100394
combined_overall,0.000331743549311309,0.9890912380927762,0.9999139185100394
combined_overall,0.000331743549311309,0.9891041631661259,0.9999139185100394
combined_overall,0.00033282063875712494,0.9891041631661259,0.9999139185100394
combined_overall,0.00033282063875712494,0.9891494009228502,0.9999139185100394
combined_overall,0.00033389772820294086,0.9891494009228502,0.9999139185100394
combined_overall,0.00033389772820294086,0.9892463389729736,0.9999139185100394
combined_overall,0.00033497481764875684,0.9892463389729736,0.9999139185100394
combined_overall,0.00033497481764875684,0.9892528015096486,0.9999139185100394
combined_overall,0.00033605190709457277,0.9892528015096486,0.9999139185100394
combined_overall,0.00033605190709457277,0.9892980392663728,0.9999139185100394
combined_overall,0.0003371289965403887,0.9892980392663728,0.9999139185100394
combined_overall,0.0003371289965403887,0.9893045018030477,0.9999139185100394
combined_overall,0.0003382060859862046,0.9893045018030477,0.9999139185100394
combined_overall,0.0003382060859862046,0.9893109643397227,0.9999139185100394
combined_overall,0.0003392831754320206,0.9893109643397227,0.9999139185100394
combined_overall,0.0003392831754320206,0.9894143649265209,0.9999139185100394
combined_overall,0.0003403602648778365,0.9894143649265209,0.9999139185100394
combined_overall,0.0003403602648778365,0.9894337525365456,0.9999139185100394
combined_overall,0.00034143735432365244,0.9894337525365456,0.9999139185100394
combined_overall,0.00034143735432365244,0.9894402150732206,0.9999139185100394
combined_overall,0.0003425144437694684,0.9894402150732206,0.9999139185100394
combined_overall,0.0003425144437694684,0.9894466776098955,0.9999139185100394
combined_overall,0.00034359153321528434,0.9894466776098955,0.9999139185100394
combined_overall,0.00034359153321528434,0.9894531401465704,0.9999139185100394
combined_overall,0.00034466862266110027,0.9894531401465704,0.9999139185100394
combined_overall,0.00034466862266110027,0.9894660652199201,0.9999139185100394
combined_overall,0.00034682280155273217,0.9894660652199201,0.9999139185100394
combined_overall,0.00034682280155273217,0.9895565407333686,0.9999139185100394
combined_overall,0.0003478998909985481,0.9895565407333686,0.9999139185100394
combined_overall,0.0003478998909985481,0.989595315953418,0.9999139185100394
combined_overall,0.000348976980444364,0.989595315953418,0.9999139185100394
combined_overall,0.000348976980444364,0.9896470162468172,0.9999139185100394
combined_overall,0.00035005406989017994,0.9896470162468172,0.9999139185100394
combined_overall,0.00035005406989017994,0.9896728663935168,0.9999139185100394
combined_overall,0.0003511311593359959,0.9896728663935168,0.9999139185100394
combined_overall,0.0003511311593359959,0.9897116416135662,0.9999139185100394
combined_overall,0.0003543624276734437,0.9897116416135662,0.9999139185100394
combined_overall,0.0003543624276734437,0.9897181041502411,0.9999139185100394
combined_overall,0.00035543951711925967,0.9897181041502411,0.9999139185100394
combined_overall,0.00035543951711925967,0.9897310292235908,0.9999139185100394
combined_overall,0.0003575936960108915,0.9897310292235908,0.9999139185100394
combined_overall,0.0003575936960108915,0.9897568793702904,0.9999139185100394
combined_overall,0.00035867078545670744,0.9897568793702904,0.9999139185100394
combined_overall,0.00035867078545670744,0.9897891920536649,0.9999139185100394
combined_overall,0.0003597478749025234,0.9897891920536649,0.9999139185100394
combined_overall,0.0003597478749025234,0.9897956545903398,0.9999139185100394
combined_overall,0.0003651333221316031,0.9897956545903398,0.9999139185100394
combined_overall,0.0003651333221316031,0.9898021171270147,0.9999139185100394
combined_overall,0.000366210411577419,0.9898021171270147,0.9999139185100394
combined_overall,0.000366210411577419,0.9898279672737142,0.9999139185100394
combined_overall,0.000367287501023235,0.9898279672737142,0.9999139185100394
combined_overall,0.000367287501023235,0.9898408923470641,0.9999139185100394
combined_overall,0.0003683645904690509,0.9898408923470641,0.9999139185100394
combined_overall,0.0003683645904690509,0.9898861301037883,0.9999139185100394
combined_overall,0.00036944167991486684,0.9898861301037883,0.9999139185100394
combined_overall,0.00036944167991486684,0.9898990551771382,0.9999139185100394
combined_overall,0.00037159585880649874,0.9898990551771382,0.9999139185100394
combined_overall,0.00037159585880649874,0.9899119802504879,0.9999139185100394
combined_overall,0.00037267294825231467,0.9899119802504879,0.9999139185100394
combined_overall,0.00037267294825231467,0.9899184427871628,0.9999139185100394
combined_overall,0.0003737500376981306,0.9899184427871628,0.9999139185100394
combined_overall,0.0003737500376981306,0.9899249053238377,0.9999139185100394
combined_overall,0.0003769813060355784,0.9899249053238377,0.9999139185100394
combined_overall,0.0003769813060355784,0.9899378303971875,0.9999139185100394
combined_overall,0.00038021257437302624,0.9899378303971875,0.9999139185100394
combined_overall,0.00038021257437302624,0.989970143080562,0.9999139185100394
combined_overall,0.0003855980216021059,0.989970143080562,0.9999139185100394
combined_overall,0.0003855980216021059,0.9899830681539118,0.9999139185100394
combined_overall,0.0003877522004937378,0.9899830681539118,0.9999139185100394
combined_overall,0.0003877522004937378,0.9899959932272616,0.9999139185100394
combined_overall,0.00038990637938536967,0.9899959932272616,0.9999139185100394
combined_overall,0.00038990637938536967,0.9900024557639364,0.9999139185100394
combined_overall,0.0003931376477228175,0.9900024557639364,0.9999139185100394
combined_overall,0.0003931376477228175,0.9900089183006113,0.9999139185100394
combined_overall,0.0003942147371686334,0.9900089183006113,0.9999139185100394
combined_overall,0.0003942147371686334,0.9900153808372862,0.9999139185100394
combined_overall,0.00040067727384352907,0.9900153808372862,0.9999139185100394
combined_overall,0.00040067727384352907,0.9900218433739612,0.9999139185100394
combined_overall,0.0004049856316267928,0.9900218433739612,0.9999139185100394
combined_overall,0.0004049856316267928,0.9900476935206607,0.9999139185100394
combined_overall,0.00040606272107260874,0.9900476935206607,0.9999139185100394
combined_overall,0.00040606272107260874,0.9900541560573356,0.9999139185100394
combined_overall,0.00040713981051842467,0.9900541560573356,0.9999139185100394
combined_overall,0.00040713981051842467,0.9900606185940105,0.9999139185100394
combined_overall,0.0004103710788558725,0.9900606185940105,0.9999139185100394
combined_overall,0.0004103710788558725,0.9900735436673603,0.9999139185100394
combined_overall,0.00041144816830168847,0.9900735436673603,0.9999139185100394
combined_overall,0.00041144816830168847,0.9900800062040352,0.9999139185100394
combined_overall,0.0004125252577475044,0.9900800062040352,0.9999139185100394
combined_overall,0.0004125252577475044,0.9900993938140599,0.9999139185100394
combined_overall,0.0004136023471933203,0.9900993938140599,0.9999139185100394
combined_overall,0.0004136023471933203,0.9901252439607595,0.9999139185100394
combined_overall,0.0004157565260849522,0.9901252439607595,0.9999139185100394
combined_overall,0.0004157565260849522,0.9901381690341092,0.9999139185100394
combined_overall,0.00042006488386821597,0.9901381690341092,0.9999139185100394
combined_overall,0.00042006488386821597,0.9901446315707841,0.9999139185100394
combined_overall,0.0004222190627598478,0.9901446315707841,0.9999139185100394
combined_overall,0.0004222190627598478,0.990157556644134,0.9999139185100394
combined_overall,0.00042329615220566374,0.990157556644134,0.9999139185100394
combined_overall,0.00042329615220566374,0.9901640191808089,0.9999139185100394
combined_overall,0.00042545033109729565,0.9901640191808089,0.9999139185100394
combined_overall,0.00042545033109729565,0.9901704817174838,0.9999139185100394
combined_overall,0.0004297586888805594,0.9901704817174838,0.9999139185100394
combined_overall,0.0004297586888805594,0.9901769442541587,0.9999139185100394
combined_overall,0.00043514413610963907,0.9901769442541587,0.9999139185100394
combined_overall,0.00043514413610963907,0.9901834067908335,0.9999139185100394
combined_overall,0.00043622122555545505,0.9901834067908335,0.9999139185100394
combined_overall,0.00043622122555545505,0.9901963318641833,0.9999139185100394
combined_overall,0.0004383754044470869,0.9901963318641833,0.9999139185100394
combined_overall,0.0004383754044470869,0.9902027944008582,0.9999139185100394
combined_overall,0.0004416066727845347,0.9902027944008582,0.9999139185100394
combined_overall,0.0004416066727845347,0.9902221820108829,0.9999139185100394
combined_overall,0.00044483794112198255,0.9902221820108829,0.9999139185100394
combined_overall,0.00044483794112198255,0.9902351070842327,0.9999139185100394
combined_overall,0.00044591503056779847,0.9902351070842327,0.9999139185100394
combined_overall,0.00044591503056779847,0.9902480321575825,0.9999139185100394
combined_overall,0.0004480692094594304,0.9902480321575825,0.9999139185100394
combined_overall,0.0004480692094594304,0.990273882304282,0.9999139185100394
combined_overall,0.0004566859250259579,0.990273882304282,0.9999139185100394
combined_overall,0.0004566859250259579,0.990280344840957,0.9999139185100394
combined_overall,0.00045991719336340564,0.990280344840957,0.9999139185100394
combined_overall,0.00045991719336340564,0.9902997324509817,0.9999139185100394
combined_overall,0.0004609942828092216,0.9902997324509817,0.9999139185100394
combined_overall,0.0004609942828092216,0.9903191200610063,0.9999139185100394
combined_overall,0.00046207137225503755,0.9903191200610063,0.9999139185100394
combined_overall,0.00046207137225503755,0.9903255825976812,0.9999139185100394
combined_overall,0.00046314846170085347,0.9903255825976812,0.9999139185100394
combined_overall,0.00046314846170085347,0.990338507671031,0.9999139185100394
combined_overall,0.0004674568194841172,0.990338507671031,0.9999139185100394
combined_overall,0.0004674568194841172,0.990344970207706,0.9999139185100394
combined_overall,0.0004685339089299332,0.990344970207706,0.9999139185100394
combined_overall,0.0004685339089299332,0.9903837454277553,0.9999139185100394
combined_overall,0.0004696109983757491,0.9903837454277553,0.9999139185100394
combined_overall,0.0004696109983757491,0.9904031330377799,0.9999139185100394
combined_overall,0.00047068808782156505,0.9904031330377799,0.9999139185100394
combined_overall,0.00047284226671319695,0.9904031330377799,0.9999139185100394
combined_overall,0.00047284226671319695,0.9904289831844796,0.9999139185100394
combined_overall,0.00047391935615901287,0.9904289831844796,0.9999139185100394
combined_overall,0.00047391935615901287,0.9904548333311791,0.9999139185100394
combined_overall,0.0004760735350506447,0.9904548333311791,0.9999139185100394
combined_overall,0.0004760735350506447,0.990461295867854,0.9999139185100394
combined_overall,0.00047930480338809255,0.990461295867854,0.9999139185100394
combined_overall,0.00047930480338809255,0.9904677584045289,0.9999139185100394
combined_overall,0.00048253607172554037,0.9904677584045289,0.9999139185100394
combined_overall,0.00048253607172554037,0.9904742209412039,0.9999139185100394
combined_overall,0.0004836131611713563,0.9904742209412039,0.9999139185100394
combined_overall,0.0004836131611713563,0.9904936085512285,0.9999139185100394
combined_overall,0.0004868444295088041,0.9904936085512285,0.9999139185100394
combined_overall,0.0004868444295088041,0.9905065336245783,0.9999139185100394
combined_overall,0.00048792151895462005,0.9905065336245783,0.9999139185100394
combined_overall,0.00048792151895462005,0.9905194586979281,0.9999139185100394
combined_overall,0.000488998608400436,0.9905194586979281,0.9999139185100394
combined_overall,0.000488998608400436,0.990525921234603,0.9999139185100394
combined_overall,0.0004900756978462519,0.990525921234603,0.9999139185100394
combined_overall,0.0004900756978462519,0.9905388463079527,0.9999139185100394
combined_overall,0.0004911527872920679,0.9905388463079527,0.9999139185100394
combined_overall,0.0004911527872920679,0.9905646964546524,0.9999139185100394
combined_overall,0.0004943840556295157,0.9905646964546524,0.9999139185100394
combined_overall,0.0004943840556295157,0.9905711589913273,0.9999139185100394
combined_overall,0.0004954611450753316,0.9905711589913273,0.9999139185100394
combined_overall,0.0004954611450753316,0.9905776215280022,0.9999139185100394
combined_overall,0.0004976153239669635,0.9905776215280022,0.9999139185100394
combined_overall,0.0004976153239669635,0.9905905466013519,0.9999139185100394
combined_overall,0.0004997695028585954,0.9905905466013519,0.9999139185100394
combined_overall,0.0004997695028585954,0.9906228592847265,0.9999139185100394
combined_overall,0.0005008465923044114,0.9906228592847265,0.9999139185100394
combined_overall,0.0005008465923044114,0.9906357843580762,0.9999139185100394
combined_overall,0.0005040778606418591,0.9906357843580762,0.9999139185100394
combined_overall,0.0005040778606418591,0.9906422468947511,0.9999139185100394
combined_overall,0.0005094633078709389,0.9906422468947511,0.9999139185100394
combined_overall,0.0005094633078709389,0.990648709431426,0.9999139185100394
combined_overall,0.0005105403973167548,0.990648709431426,0.9999139185100394
combined_overall,0.0005105403973167548,0.9906810221148005,0.9999139185100394
combined_overall,0.0005116174867625707,0.9906810221148005,0.9999139185100394
combined_overall,0.0005116174867625707,0.9906874846514754,0.9999139185100394
combined_overall,0.0005137716656542025,0.9906874846514754,0.9999139185100394
combined_overall,0.0005137716656542025,0.9907004097248252,0.9999139185100394
combined_overall,0.0005148487551000186,0.9907004097248252,0.9999139185100394
combined_overall,0.0005148487551000186,0.9907262598715247,0.9999139185100394
combined_overall,0.0005159258445458345,0.9907262598715247,0.9999139185100394
combined_overall,0.0005159258445458345,0.9907327224081997,0.9999139185100394
combined_overall,0.0005170029339916504,0.9907327224081997,0.9999139185100394
combined_overall,0.0005170029339916504,0.9907521100182244,0.9999139185100394
combined_overall,0.00052238838122073,0.9907521100182244,0.9999139185100394
combined_overall,0.00052238838122073,0.9907585725548993,0.9999139185100394
combined_overall,0.0005234654706665461,0.9907585725548993,0.9999139185100394
combined_overall,0.0005234654706665461,0.990771497628249,0.9999139185100394
combined_overall,0.0005256196495581779,0.990771497628249,0.9999139185100394
combined_overall,0.0005256196495581779,0.9907779601649239,0.9999139185100394
combined_overall,0.0005277738284498098,0.9907779601649239,0.9999139185100394
combined_overall,0.0005277738284498098,0.9907844227015988,0.9999139185100394
combined_overall,0.0005299280073414416,0.9907844227015988,0.9999139185100394
combined_overall,0.0005299280073414416,0.9908231979216482,0.9999139185100394
combined_overall,0.0005310050967872577,0.9908231979216482,0.9999139185100394
combined_overall,0.0005310050967872577,0.9908296604583231,0.9999139185100394
combined_overall,0.0005363905440163373,0.9908296604583231,0.9999139185100394
combined_overall,0.0005363905440163373,0.9908619731416975,0.9999139185100394
combined_overall,0.0005374676334621532,0.9908619731416975,0.9999139185100394
combined_overall,0.0005374676334621532,0.9908684356783725,0.9999139185100394
combined_overall,0.000541775991245417,0.9908684356783725,0.9999139185100394
combined_overall,0.000541775991245417,0.9908748982150474,0.9999139185100394
combined_overall,0.0005428530806912329,0.9908748982150474,0.9999139185100394
combined_overall,0.0005428530806912329,0.9908878232883972,0.9999139185100394
combined_overall,0.0005460843490286807,0.9908878232883972,0.9999139185100394
combined_overall,0.0005460843490286807,0.9909136734350967,0.9999139185100394
combined_overall,0.0005471614384744967,0.9909136734350967,0.9999139185100394
combined_overall,0.0005471614384744967,0.9909330610451215,0.9999139185100394
combined_overall,0.0005579323329326561,0.9909330610451215,0.9999139185100394
combined_overall,0.0005579323329326561,0.9909459861184712,0.9999139185100394
combined_overall,0.0005611636012701038,0.9909459861184712,0.9999139185100394
combined_overall,0.0005611636012701038,0.990958911191821,0.9999139185100394
combined_overall,0.0005611636012701038,0.9909653737284959,0.9999139185100394
combined_overall,0.0005622406907159198,0.9909653737284959,0.9999139185100394
combined_overall,0.0005622406907159198,0.9909782988018457,0.9999139185100394
combined_overall,0.0005643948696075517,0.9909782988018457,0.9999139185100394
combined_overall,0.0005643948696075517,0.9909847613385206,0.9999139185100394
combined_overall,0.0005654719590533677,0.9909847613385206,0.9999139185100394
combined_overall,0.0005654719590533677,0.9909912238751954,0.9999139185100394
combined_overall,0.0005676261379449995,0.9909912238751954,0.9999139185100394
combined_overall,0.0005676261379449995,0.9909976864118704,0.9999139185100394
combined_overall,0.0005687032273908154,0.9909976864118704,0.9999139185100394
combined_overall,0.0005687032273908154,0.9910041489485453,0.9999139185100394
combined_overall,0.0005751657640657111,0.9910041489485453,0.9999139185100394
combined_overall,0.0005751657640657111,0.9910170740218951,0.9999139185100394
combined_overall,0.0005816283007406067,0.9910170740218951,0.9999139185100394
combined_overall,0.0005816283007406067,0.99102353655857,0.9999139185100394
combined_overall,0.0005827053901864227,0.99102353655857,0.9999139185100394
combined_overall,0.0005827053901864227,0.9910299990952449,0.9999139185100394
combined_overall,0.0005837824796322386,0.9910299990952449,0.9999139185100394
combined_overall,0.0005837824796322386,0.9910364616319197,0.9999139185100394
combined_overall,0.0005859366585238704,0.9910364616319197,0.9999139185100394
combined_overall,0.0005859366585238704,0.9910429241685946,0.9999139185100394
combined_overall,0.0005891679268613183,0.9910429241685946,0.9999139185100394
combined_overall,0.0005891679268613183,0.9910493867052695,0.9999139185100394
combined_overall,0.0005923991951987661,0.9910493867052695,0.9999139185100394
combined_overall,0.0005923991951987661,0.9910558492419445,0.9999139185100394
combined_overall,0.0005956304635362138,0.9910558492419445,0.9999139185100394
combined_overall,0.0005956304635362138,0.9910687743152943,0.9999139185100394
combined_overall,0.0005967075529820299,0.9910687743152943,0.9999139185100394
combined_overall,0.0005967075529820299,0.9910752368519692,0.9999139185100394
combined_overall,0.0005977846424278458,0.9910752368519692,0.9999139185100394
combined_overall,0.0005977846424278458,0.9910881619253189,0.9999139185100394
combined_overall,0.0005988617318736617,0.9910881619253189,0.9999139185100394
combined_overall,0.0005988617318736617,0.9911010869986687,0.9999139185100394
combined_overall,0.0005999388213194777,0.9911010869986687,0.9999139185100394
combined_overall,0.0005999388213194777,0.9911075495353436,0.9999139185100394
combined_overall,0.0006010159107652936,0.9911075495353436,0.9999139185100394
combined_overall,0.0006010159107652936,0.9911269371453683,0.9999139185100394
combined_overall,0.0006020930002111095,0.9911269371453683,0.9999139185100394
combined_overall,0.0006020930002111095,0.9911333996820432,0.9999139185100394
combined_overall,0.0006031700896569254,0.9911333996820432,0.9999139185100394
combined_overall,0.0006031700896569254,0.9911398622187181,0.9999139185100394
combined_overall,0.0006053242685485574,0.9911398622187181,0.9999139185100394
combined_overall,0.0006053242685485574,0.9911527872920679,0.9999139185100394
combined_overall,0.0006053242685485574,0.9911657123654177,0.9999139185100394
combined_overall,0.0006064013579943733,0.9911657123654177,0.9999139185100394
combined_overall,0.0006064013579943733,0.9911786374387674,0.9999139185100394
combined_overall,0.0006150180735609008,0.9911786374387674,0.9999139185100394
combined_overall,0.0006150180735609008,0.9911915625121173,0.9999139185100394
combined_overall,0.0006182493418983486,0.9911915625121173,0.9999139185100394
combined_overall,0.0006182493418983486,0.9911980250487922,0.9999139185100394
combined_overall,0.0006236347891274283,0.9911980250487922,0.9999139185100394
combined_overall,0.0006236347891274283,0.9912044875854671,0.9999139185100394
combined_overall,0.0006257889680190602,0.9912044875854671,0.9999139185100394
combined_overall,0.0006257889680190602,0.991210950122142,0.9999139185100394
combined_overall,0.000629020236356508,0.991210950122142,0.9999139185100394
combined_overall,0.000629020236356508,0.9912174126588168,0.9999139185100394
combined_overall,0.000630097325802324,0.9912174126588168,0.9999139185100394
combined_overall,0.000630097325802324,0.9912238751954917,0.9999139185100394
combined_overall,0.0006311744152481399,0.9912238751954917,0.9999139185100394
combined_overall,0.0006311744152481399,0.9912303377321666,0.9999139185100394
combined_overall,0.0006322515046939558,0.9912303377321666,0.9999139185100394
combined_overall,0.0006322515046939558,0.9912368002688415,0.9999139185100394
combined_overall,0.0006333285941397717,0.9912368002688415,0.9999139185100394
combined_overall,0.0006333285941397717,0.9912432628055164,0.9999139185100394
combined_overall,0.0006344056835855877,0.9912432628055164,0.9999139185100394
combined_overall,0.0006344056835855877,0.9912497253421914,0.9999139185100394
combined_overall,0.0006365598624772196,0.9912497253421914,0.9999139185100394
combined_overall,0.0006365598624772196,0.9912561878788662,0.9999139185100394
combined_overall,0.0006376369519230355,0.9912561878788662,0.9999139185100394
combined_overall,0.0006376369519230355,0.9912820380255658,0.9999139185100394
combined_overall,0.0006408682202604833,0.9912820380255658,0.9999139185100394
combined_overall,0.0006408682202604833,0.9912949630989156,0.9999139185100394
combined_overall,0.0006419453097062992,0.9912949630989156,0.9999139185100394
combined_overall,0.0006419453097062992,0.9913014256355904,0.9999139185100394
combined_overall,0.0006430223991521152,0.9913014256355904,0.9999139185100394
combined_overall,0.0006430223991521152,0.9913272757822901,0.9999139185100394
combined_overall,0.0006451765780437471,0.9913272757822901,0.9999139185100394
combined_overall,0.0006451765780437471,0.991333738318965,0.9999139185100394
combined_overall,0.000647330756935379,0.991333738318965,0.9999139185100394
combined_overall,0.000647330756935379,0.9913466633923147,0.9999139185100394
combined_overall,0.0006537932936102746,0.9913466633923147,0.9999139185100394
combined_overall,0.0006537932936102746,0.9913531259289896,0.9999139185100394
combined_overall,0.0006548703830560905,0.9913531259289896,0.9999139185100394
combined_overall,0.0006548703830560905,0.9913595884656645,0.9999139185100394
combined_overall,0.0006559474725019065,0.9913595884656645,0.9999139185100394
combined_overall,0.0006559474725019065,0.9913660510023394,0.9999139185100394
combined_overall,0.0006570245619477224,0.9913660510023394,0.9999139185100394
combined_overall,0.0006570245619477224,0.9913854386123642,0.9999139185100394
combined_overall,0.0006570245619477224,0.9913983636857139,0.9999139185100394
combined_overall,0.0006581016513935383,0.9913983636857139,0.9999139185100394
combined_overall,0.0006581016513935383,0.9914306763690884,0.9999139185100394
combined_overall,0.0006591787408393542,0.9914306763690884,0.9999139185100394
combined_overall,0.0006591787408393542,0.9914436014424381,0.9999139185100394
combined_overall,0.0006602558302851702,0.9914436014424381,0.9999139185100394
combined_overall,0.0006602558302851702,0.9914759141258127,0.9999139185100394
combined_overall,0.0006613329197309862,0.9914759141258127,0.9999139185100394
combined_overall,0.0006613329197309862,0.9914823766624875,0.9999139185100394
combined_overall,0.0006624100091768021,0.9914823766624875,0.9999139185100394
combined_overall,0.0006624100091768021,0.9914888391991624,0.9999139185100394
combined_overall,0.000663487098622618,0.9914888391991624,0.9999139185100394
combined_overall,0.000663487098622618,0.9915017642725122,0.9999139185100394
combined_overall,0.0006688725458516978,0.9915017642725122,0.9999139185100394
combined_overall,0.0006688725458516978,0.9915082268091872,0.9999139185100394
combined_overall,0.0006699496352975137,0.9915082268091872,0.9999139185100394
combined_overall,0.0006699496352975137,0.9915146893458621,0.9999139185100394
combined_overall,0.0006796434403098571,0.9915146893458621,0.9999139185100394
combined_overall,0.0006796434403098571,0.991521151882537,0.9999139185100394
combined_overall,0.0006861059769847528,0.991521151882537,0.9999139185100394
combined_overall,0.0006861059769847528,0.9915276144192118,0.9999139185100394
combined_overall,0.0006882601558763846,0.9915276144192118,0.9999139185100394
combined_overall,0.0006882601558763846,0.9915340769558867,0.9999139185100394
combined_overall,0.0006925685136596483,0.9915340769558867,0.9999139185100394
combined_overall,0.0006925685136596483,0.9915534645659114,0.9999139185100394
combined_overall,0.0006936456031054643,0.9915534645659114,0.9999139185100394
combined_overall,0.0006936456031054643,0.9915599271025863,0.9999139185100394
combined_overall,0.0006957997819970962,0.9915599271025863,0.9999139185100394
combined_overall,0.0006957997819970962,0.9915663896392612,0.9999139185100394
combined_overall,0.000699031050334544,0.9915663896392612,0.9999139185100394
combined_overall,0.000699031050334544,0.9915922397859608,0.9999139185100394
combined_overall,0.0007022623186719918,0.9915922397859608,0.9999139185100394
combined_overall,0.0007022623186719918,0.9915987023226357,0.9999139185100394
combined_overall,0.0007054935870094396,0.9915987023226357,0.9999139185100394
combined_overall,0.0007054935870094396,0.9916051648593106,0.9999139185100394
combined_overall,0.0007076477659010715,0.9916051648593106,0.9999139185100394
combined_overall,0.0007076477659010715,0.9916116273959855,0.9999139185100394
combined_overall,0.0007098019447927034,0.9916116273959855,0.9999139185100394
combined_overall,0.0007098019447927034,0.9916180899326603,0.9999139185100394
combined_overall,0.0007098019447927034,0.9916310150060101,0.9999139185100394
combined_overall,0.0007098019447927034,0.9916568651527098,0.9999139185100394
combined_overall,0.0007108790342385193,0.9916568651527098,0.9999139185100394
combined_overall,0.0007108790342385193,0.9916697902260595,0.9999139185100394
combined_overall,0.0007130332131301512,0.9916697902260595,0.9999139185100394
combined_overall,0.0007130332131301512,0.9916762527627344,0.9999139185100394
combined_overall,0.0007141103025759671,0.9916762527627344,0.9999139185100394
combined_overall,0.0007141103025759671,0.9916827152994093,0.9999139185100394
combined_overall,0.000715187392021783,0.9916827152994093,0.9999139185100394
combined_overall,0.000715187392021783,0.9917085654461089,0.9999139185100394
combined_overall,0.000716264481467599,0.9917085654461089,0.9999139185100394
combined_overall,0.000716264481467599,0.9917279530561336,0.9999139185100394
combined_overall,0.0007216499286966787,0.9917279530561336,0.9999139185100394
combined_overall,0.0007216499286966787,0.991760265739508,0.9999139185100394
combined_overall,0.0007281124653715743,0.991760265739508,0.9999139185100394
combined_overall,0.0007281124653715743,0.991766728276183,0.9999139185100394
combined_overall,0.000733497912600654,0.991766728276183,0.9999139185100394
combined_overall,0.000733497912600654,0.9917796533495328,0.9999139185100394
combined_overall,0.0007356520914922859,0.9917796533495328,0.9999139185100394
combined_overall,0.0007356520914922859,0.9917861158862077,0.9999139185100394
combined_overall,0.0007367291809381018,0.9917861158862077,0.9999139185100394
combined_overall,0.0007367291809381018,0.9917925784228826,0.9999139185100394
combined_overall,0.0007378062703839178,0.9917925784228826,0.9999139185100394
combined_overall,0.0007378062703839178,0.9918184285695821,0.9999139185100394
combined_overall,0.0007442688070588134,0.9918184285695821,0.9999139185100394
combined_overall,0.0007442688070588134,0.9918378161796069,0.9999139185100394
combined_overall,0.0007453458965046293,0.9918378161796069,0.9999139185100394
combined_overall,0.0007453458965046293,0.9918507412529566,0.9999139185100394
combined_overall,0.0007464229859504453,0.9918507412529566,0.9999139185100394
combined_overall,0.0007464229859504453,0.9918701288629813,0.9999139185100394
combined_overall,0.0007475000753962612,0.9918701288629813,0.9999139185100394
combined_overall,0.0007475000753962612,0.9918830539363311,0.9999139185100394
combined_overall,0.000749654254287893,0.9918830539363311,0.9999139185100394
combined_overall,0.000749654254287893,0.9918895164730059,0.9999139185100394
combined_overall,0.0007507313437337091,0.9918895164730059,0.9999139185100394
combined_overall,0.0007507313437337091,0.9919024415463558,0.9999139185100394
combined_overall,0.000751808433179525,0.9919024415463558,0.9999139185100394
combined_overall,0.000751808433179525,0.9919153666197056,0.9999139185100394
combined_overall,0.0007550397015169728,0.9919153666197056,0.9999139185100394
combined_overall,0.0007550397015169728,0.9919347542297302,0.9999139185100394
combined_overall,0.0007571938804086046,0.9919347542297302,0.9999139185100394
combined_overall,0.0007571938804086046,0.9919412167664051,0.9999139185100394
combined_overall,0.0007582709698544206,0.9919412167664051,0.9999139185100394
combined_overall,0.0007582709698544206,0.99194767930308,0.9999139185100394
combined_overall,0.0007625793276376843,0.99194767930308,0.9999139185100394
combined_overall,0.0007625793276376843,0.9919541418397549,0.9999139185100394
combined_overall,0.0007636564170835003,0.9919541418397549,0.9999139185100394
combined_overall,0.0007636564170835003,0.9919735294497797,0.9999139185100394
combined_overall,0.0007658105959751321,0.9919735294497797,0.9999139185100394
combined_overall,0.0007658105959751321,0.9919864545231294,0.9999139185100394
combined_overall,0.00076904186431258,0.9919864545231294,0.9999139185100394
combined_overall,0.00076904186431258,0.9919929170598043,0.9999139185100394
combined_overall,0.0007744273115416597,0.9919929170598043,0.9999139185100394
combined_overall,0.0007744273115416597,0.9920058421331541,0.9999139185100394
combined_overall,0.0007808898482165553,0.9920058421331541,0.9999139185100394
combined_overall,0.0007808898482165553,0.992012304669829,0.9999139185100394
combined_overall,0.0007819669376623712,0.992012304669829,0.9999139185100394
combined_overall,0.0007819669376623712,0.992018767206504,0.9999139185100394
combined_overall,0.0007830440271081872,0.992018767206504,0.9999139185100394
combined_overall,0.0007830440271081872,0.9920316922798537,0.9999139185100394
combined_overall,0.0007916607426747147,0.9920316922798537,0.9999139185100394
combined_overall,0.0007916607426747147,0.9920446173532035,0.9999139185100394
combined_overall,0.0007938149215663466,0.9920446173532035,0.9999139185100394
combined_overall,0.0007959691004579784,0.9920446173532035,0.9999139185100394
combined_overall,0.0007959691004579784,0.9920510798898784,0.9999139185100394
combined_overall,0.0008056629054703218,0.9920510798898784,0.9999139185100394
combined_overall,0.0008056629054703218,0.9920575424265533,0.9999139185100394
combined_overall,0.0008088941738077697,0.9920575424265533,0.9999139185100394
combined_overall,0.0008088941738077697,0.992070467499903,0.9999139185100394
combined_overall,0.0008142796210368493,0.992070467499903,0.9999139185100394
combined_overall,0.0008142796210368493,0.9920769300365779,0.9999139185100394
combined_overall,0.0008175108893742972,0.9920769300365779,0.9999139185100394
combined_overall,0.0008175108893742972,0.9920833925732528,0.9999139185100394
combined_overall,0.0008228963366033769,0.9920833925732528,0.9999139185100394
combined_overall,0.0008228963366033769,0.9920898551099278,0.9999139185100394
combined_overall,0.0008250505154950088,0.9920898551099278,0.9999139185100394
combined_overall,0.0008250505154950088,0.9920963176466027,0.9999139185100394
combined_overall,0.0008304359627240884,0.9920963176466027,0.9999139185100394
combined_overall,0.0008304359627240884,0.9921092427199525,0.9999139185100394
combined_overall,0.0008315130521699044,0.9921092427199525,0.9999139185100394
combined_overall,0.0008315130521699044,0.9921221677933022,0.9999139185100394
combined_overall,0.0008325901416157204,0.9921221677933022,0.9999139185100394
combined_overall,0.0008325901416157204,0.9921286303299771,0.9999139185100394
combined_overall,0.0008336672310615363,0.9921286303299771,0.9999139185100394
combined_overall,0.0008336672310615363,0.992135092866652,0.9999139185100394
combined_overall,0.0008433610360738797,0.992135092866652,0.9999139185100394
combined_overall,0.0008433610360738797,0.9921480179400018,0.9999139185100394
combined_overall,0.0008476693938571435,0.9921480179400018,0.9999139185100394
combined_overall,0.0008476693938571435,0.9921544804766768,0.9999139185100394
combined_overall,0.0008498235727487754,0.9921544804766768,0.9999139185100394
combined_overall,0.0008498235727487754,0.9921674055500265,0.9999139185100394
combined_overall,0.0008530548410862231,0.9921674055500265,0.9999139185100394
combined_overall,0.0008530548410862231,0.9921738680867014,0.9999139185100394
combined_overall,0.0008541319305320391,0.9921738680867014,0.9999139185100394
combined_overall,0.0008541319305320391,0.9921867931600512,0.9999139185100394
combined_overall,0.0008552090199778551,0.9921867931600512,0.9999139185100394
combined_overall,0.0008552090199778551,0.9921932556967261,0.9999139185100394
combined_overall,0.000856286109423671,0.9921932556967261,0.9999139185100394
combined_overall,0.000856286109423671,0.992199718233401,0.9999139185100394
combined_overall,0.0008595173777611188,0.992199718233401,0.9999139185100394
combined_overall,0.0008595173777611188,0.9922061807700758,0.9999139185100394
combined_overall,0.0008605944672069347,0.9922061807700758,0.9999139185100394
combined_overall,0.0008605944672069347,0.9922126433067507,0.9999139185100394
combined_overall,0.0008627486460985666,0.9922126433067507,0.9999139185100394
combined_overall,0.0008627486460985666,0.9922255683801006,0.9999139185100394
combined_overall,0.0008649028249901985,0.9922255683801006,0.9999139185100394
combined_overall,0.0008649028249901985,0.9922320309167755,0.9999139185100394
combined_overall,0.0008659799144360144,0.9922320309167755,0.9999139185100394
combined_overall,0.0008659799144360144,0.9922384934534504,0.9999139185100394
combined_overall,0.0008670570038818304,0.9922384934534504,0.9999139185100394
combined_overall,0.0008670570038818304,0.992257881063475,0.9999139185100394
combined_overall,0.0008681340933276463,0.992257881063475,0.9999139185100394
combined_overall,0.0008681340933276463,0.9922643436001499,0.9999139185100394
combined_overall,0.0008713653616650941,0.9922643436001499,0.9999139185100394
combined_overall,0.0008713653616650941,0.9922772686734997,0.9999139185100394
combined_overall,0.0008767508088941738,0.9922772686734997,0.9999139185100394
combined_overall,0.0008767508088941738,0.9922901937468495,0.9999139185100394
combined_overall,0.0008778278983399897,0.9922901937468495,0.9999139185100394
combined_overall,0.0008778278983399897,0.9923160438935491,0.9999139185100394
combined_overall,0.0008810591666774376,0.9923160438935491,0.9999139185100394
combined_overall,0.0008810591666774376,0.9923354315035737,0.9999139185100394
combined_overall,0.0008853675244607013,0.9923354315035737,0.9999139185100394
combined_overall,0.0008853675244607013,0.9923483565769236,0.9999139185100394
combined_overall,0.0008864446139065172,0.9923483565769236,0.9999139185100394
combined_overall,0.0008864446139065172,0.9923548191135985,0.9999139185100394
combined_overall,0.0008885987927981492,0.9923548191135985,0.9999139185100394
combined_overall,0.0008885987927981492,0.9923677441869483,0.9999139185100394
combined_overall,0.000890752971689781,0.9923677441869483,0.9999139185100394
combined_overall,0.000890752971689781,0.9923742067236232,0.9999139185100394
combined_overall,0.0008950613294730447,0.9923742067236232,0.9999139185100394
combined_overall,0.0008950613294730447,0.992380669260298,0.9999139185100394
combined_overall,0.0008961384189188607,0.992380669260298,0.9999139185100394
combined_overall,0.0008961384189188607,0.9923871317969729,0.9999139185100394
combined_overall,0.0008961384189188607,0.9924000568703227,0.9999139185100394
combined_overall,0.0008961384189188607,0.9924065194069976,0.9999139185100394
combined_overall,0.0008972155083646767,0.9924065194069976,0.9999139185100394
combined_overall,0.0008972155083646767,0.9924259070170223,0.9999139185100394
combined_overall,0.0008982925978104926,0.9924259070170223,0.9999139185100394
combined_overall,0.0008982925978104926,0.9924388320903721,0.9999139185100394
combined_overall,0.0009004467767021244,0.9924388320903721,0.9999139185100394
combined_overall,0.0009004467767021244,0.992445294627047,0.9999139185100394
combined_overall,0.0009036780450395722,0.992445294627047,0.9999139185100394
combined_overall,0.0009036780450395722,0.9924517571637219,0.9999139185100394
combined_overall,0.0009047551344853882,0.9924517571637219,0.9999139185100394
combined_overall,0.0009047551344853882,0.9924582197003968,0.9999139185100394
combined_overall,0.0009069093133770201,0.9924582197003968,0.9999139185100394
combined_overall,0.0009069093133770201,0.9924646822370717,0.9999139185100394
combined_overall,0.0009090634922686519,0.9924646822370717,0.9999139185100394
combined_overall,0.0009112176711602838,0.9924646822370717,0.9999139185100394
combined_overall,0.0009133718500519157,0.9924646822370717,0.9999139185100394
combined_overall,0.0009133718500519157,0.9924711447737465,0.9999139185100394
combined_overall,0.0009144489394977317,0.9924711447737465,0.9999139185100394
combined_overall,0.0009144489394977317,0.9924776073104215,0.9999139185100394
combined_overall,0.0009155260289435476,0.9924776073104215,0.9999139185100394
combined_overall,0.0009155260289435476,0.9924840698470964,0.9999139185100394
combined_overall,0.0009166031183893635,0.9924840698470964,0.9999139185100394
combined_overall,0.0009166031183893635,0.9924969949204462,0.9999139185100394
combined_overall,0.0009198343867268113,0.9924969949204462,0.9999139185100394
combined_overall,0.0009198343867268113,0.9925034574571211,0.9999139185100394
combined_overall,0.000925219833955891,0.9925034574571211,0.9999139185100394
combined_overall,0.000925219833955891,0.992509919993796,0.9999139185100394
combined_overall,0.0009262969234017069,0.992509919993796,0.9999139185100394
combined_overall,0.0009262969234017069,0.9925163825304708,0.9999139185100394
combined_overall,0.0009284511022933389,0.9925163825304708,0.9999139185100394
combined_overall,0.0009284511022933389,0.9925228450671457,0.9999139185100394
combined_overall,0.0009327594600766026,0.9925228450671457,0.9999139185100394
combined_overall,0.0009327594600766026,0.9925357701404955,0.9999139185100394
combined_overall,0.0009338365495224185,0.9925357701404955,0.9999139185100394
combined_overall,0.0009338365495224185,0.9925422326771705,0.9999139185100394
combined_overall,0.0009349136389682344,0.9925422326771705,0.9999139185100394
combined_overall,0.0009349136389682344,0.9925616202871951,0.9999139185100394
combined_overall,0.0009413761756431301,0.9925616202871951,0.9999139185100394
combined_overall,0.0009413761756431301,0.99256808282387,0.9999139185100394
combined_overall,0.0009456845334263939,0.99256808282387,0.9999139185100394
combined_overall,0.0009456845334263939,0.9925745453605449,0.9999139185100394
combined_overall,0.0009489158017638417,0.9925745453605449,0.9999139185100394
combined_overall,0.0009489158017638417,0.9925874704338947,0.9999139185100394
combined_overall,0.0009499928912096576,0.9925874704338947,0.9999139185100394
combined_overall,0.0009499928912096576,0.9925939329705696,0.9999139185100394
combined_overall,0.0009586096067761851,0.9925939329705696,0.9999139185100394
combined_overall,0.0009586096067761851,0.9926003955072445,0.9999139185100394
combined_overall,0.0009629179645594489,0.9926003955072445,0.9999139185100394
combined_overall,0.0009629179645594489,0.9926068580439193,0.9999139185100394
combined_overall,0.0009650721434510807,0.9926068580439193,0.9999139185100394
combined_overall,0.0009650721434510807,0.9926133205805943,0.9999139185100394
combined_overall,0.0009726117695717923,0.9926133205805943,0.9999139185100394
combined_overall,0.0009726117695717923,0.9926262456539441,0.9999139185100394
combined_overall,0.0009747659484634242,0.9926262456539441,0.9999139185100394
combined_overall,0.0009747659484634242,0.992632708190619,0.9999139185100394
combined_overall,0.000977997216800872,0.992632708190619,0.9999139185100394
combined_overall,0.000977997216800872,0.9926391707272939,0.9999139185100394
combined_overall,0.0009833826640299518,0.9926391707272939,0.9999139185100394
combined_overall,0.0009833826640299518,0.9926456332639688,0.9999139185100394
combined_overall,0.0009844597534757677,0.9926456332639688,0.9999139185100394
combined_overall,0.0009844597534757677,0.9926520958006436,0.9999139185100394
combined_overall,0.0009855368429215836,0.9926520958006436,0.9999139185100394
combined_overall,0.0009876910218132155,0.9926520958006436,0.9999139185100394
combined_overall,0.0009887681112590314,0.9926520958006436,0.9999139185100394
combined_overall,0.0009887681112590314,0.9926650208739934,0.9999139185100394
combined_overall,0.0009963077373797429,0.9926650208739934,0.9999139185100394
combined_overall,0.0009963077373797429,0.9926779459473433,0.9999139185100394
combined_overall,0.000997384826825559,0.9926779459473433,0.9999139185100394
combined_overall,0.000997384826825559,0.9926908710206931,0.9999139185100394
combined_overall,0.000998461916271375,0.9926908710206931,0.9999139185100394
combined_overall,0.000998461916271375,0.9927037960940428,0.9999139185100394
combined_overall,0.0009995390057171909,0.9927037960940428,0.9999139185100394
combined_overall,0.0009995390057171909,0.9927102586307177,0.9999139185100394
combined_overall,0.0010016931846088227,0.9927102586307177,0.9999139185100394
combined_overall,0.0010016931846088227,0.9927167211673926,0.9999139185100394
combined_overall,0.0010038473635004545,0.9927167211673926,0.9999139185100394
combined_overall,0.0010038473635004545,0.9927231837040675,0.9999139185100394
combined_overall,0.0010049244529462705,0.9927231837040675,0.9999139185100394
combined_overall,0.0010049244529462705,0.9927296462407424,0.9999139185100394
combined_overall,0.001011386989621166,0.9927296462407424,0.9999139185100394
combined_overall,0.001011386989621166,0.9927361087774174,0.9999139185100394
combined_overall,0.001013541168512798,0.9927361087774174,0.9999139185100394
combined_overall,0.001013541168512798,0.9927425713140922,0.9999139185100394
combined_overall,0.001014618257958614,0.9927425713140922,0.9999139185100394
combined_overall,0.001014618257958614,0.9927490338507671,0.9999139185100394
combined_overall,0.00101569534740443,0.9927490338507671,0.9999139185100394
combined_overall,0.00101569534740443,0.992755496387442,0.9999139185100394
combined_overall,0.0010178495262960618,0.992755496387442,0.9999139185100394
combined_overall,0.0010178495262960618,0.9927619589241169,0.9999139185100394
combined_overall,0.0010200037051876936,0.9927619589241169,0.9999139185100394
combined_overall,0.0010200037051876936,0.9927748839974667,0.9999139185100394
combined_overall,0.0010210807946335095,0.9927748839974667,0.9999139185100394
combined_overall,0.0010210807946335095,0.9927878090708164,0.9999139185100394
combined_overall,0.0010243120629709573,0.9927878090708164,0.9999139185100394
combined_overall,0.0010243120629709573,0.9928007341441663,0.9999139185100394
combined_overall,0.0010264662418625892,0.9928007341441663,0.9999139185100394
combined_overall,0.0010264662418625892,0.9928071966808412,0.9999139185100394
combined_overall,0.0010296975102000372,0.9928071966808412,0.9999139185100394
combined_overall,0.0010296975102000372,0.992820121754191,0.9999139185100394
combined_overall,0.001030774599645853,0.992820121754191,0.9999139185100394
combined_overall,0.001030774599645853,0.9928459719008905,0.9999139185100394
combined_overall,0.001032928778537485,0.9928459719008905,0.9999139185100394
combined_overall,0.001032928778537485,0.9928653595109153,0.9999139185100394
combined_overall,0.0010340058679833009,0.9928653595109153,0.9999139185100394
combined_overall,0.0010340058679833009,0.992878284584265,0.9999139185100394
combined_overall,0.0010350829574291168,0.992878284584265,0.9999139185100394
combined_overall,0.0010350829574291168,0.9928847471209399,0.9999139185100394
combined_overall,0.0010361600468749327,0.9928847471209399,0.9999139185100394
combined_overall,0.0010361600468749327,0.9928912096576148,0.9999139185100394
combined_overall,0.0010372371363207486,0.9928912096576148,0.9999139185100394
combined_overall,0.0010372371363207486,0.9928976721942897,0.9999139185100394
combined_overall,0.0010393913152123805,0.9928976721942897,0.9999139185100394
combined_overall,0.0010393913152123805,0.9929041347309646,0.9999139185100394
combined_overall,0.0010544705674538036,0.9929041347309646,0.9999139185100394
combined_overall,0.0010544705674538036,0.9929299848776642,0.9999139185100394
combined_overall,0.0010555476568996195,0.9929299848776642,0.9999139185100394
combined_overall,0.0010555476568996195,0.992942909951014,0.9999139185100394
combined_overall,0.0010566247463454355,0.992942909951014,0.9999139185100394
combined_overall,0.0010566247463454355,0.9929558350243638,0.9999139185100394
combined_overall,0.0010587789252370673,0.9929558350243638,0.9999139185100394
combined_overall,0.0010587789252370673,0.9929752226343884,0.9999139185100394
combined_overall,0.0010598560146828832,0.9929752226343884,0.9999139185100394
combined_overall,0.0010598560146828832,0.9930010727810881,0.9999139185100394
combined_overall,0.0010620101935745153,0.9930010727810881,0.9999139185100394
combined_overall,0.0010620101935745153,0.9930204603911127,0.9999139185100394
combined_overall,0.0010641643724661472,0.9930204603911127,0.9999139185100394
combined_overall,0.0010641643724661472,0.9930269229277876,0.9999139185100394
combined_overall,0.001065241461911963,0.9930269229277876,0.9999139185100394
combined_overall,0.001065241461911963,0.993065698147837,0.9999139185100394
combined_overall,0.001067395640803595,0.993065698147837,0.9999139185100394
combined_overall,0.001067395640803595,0.9930721606845119,0.9999139185100394
combined_overall,0.0010684727302494109,0.9930721606845119,0.9999139185100394
combined_overall,0.0010684727302494109,0.9930915482945366,0.9999139185100394
combined_overall,0.0010706269091410427,0.9930915482945366,0.9999139185100394
combined_overall,0.0010706269091410427,0.9931044733678863,0.9999139185100394
combined_overall,0.0010727810880326745,0.9931044733678863,0.9999139185100394
combined_overall,0.0010727810880326745,0.9931173984412361,0.9999139185100394
combined_overall,0.0010738581774784905,0.9931173984412361,0.9999139185100394
combined_overall,0.0010738581774784905,0.993130323514586,0.9999139185100394
combined_overall,0.0010749352669243064,0.993130323514586,0.9999139185100394
combined_overall,0.0010749352669243064,0.9931367860512609,0.9999139185100394
combined_overall,0.0010760123563701223,0.9931367860512609,0.9999139185100394
combined_overall,0.0010760123563701223,0.9931432485879358,0.9999139185100394
combined_overall,0.001082474893045018,0.9931432485879358,0.9999139185100394
combined_overall,0.001082474893045018,0.9931497111246106,0.9999139185100394
combined_overall,0.00108462907193665,0.9931497111246106,0.9999139185100394
combined_overall,0.00108462907193665,0.9931561736612855,0.9999139185100394
combined_overall,0.0010921686980573614,0.9931561736612855,0.9999139185100394
combined_overall,0.0010921686980573614,0.9931626361979604,0.9999139185100394
combined_overall,0.0010932457875031773,0.9931626361979604,0.9999139185100394
combined_overall,0.0010932457875031773,0.9931690987346353,0.9999139185100394
combined_overall,0.0010943228769489935,0.9931690987346353,0.9999139185100394
combined_overall,0.0010943228769489935,0.9931755612713102,0.9999139185100394
combined_overall,0.0010964770558406253,0.9931755612713102,0.9999139185100394
combined_overall,0.0010964770558406253,0.9931884863446601,0.9999139185100394
combined_overall,0.0011061708608529686,0.9931884863446601,0.9999139185100394
combined_overall,0.0011061708608529686,0.9931949488813349,0.9999139185100394
combined_overall,0.0011094021291904164,0.9931949488813349,0.9999139185100394
combined_overall,0.0011094021291904164,0.9932014114180098,0.9999139185100394
combined_overall,0.0011104792186362323,0.9932014114180098,0.9999139185100394
combined_overall,0.0011104792186362323,0.9932207990280345,0.9999139185100394
combined_overall,0.0011147875764194962,0.9932207990280345,0.9999139185100394
combined_overall,0.0011147875764194962,0.993246649174734,0.9999139185100394
combined_overall,0.001116941755311128,0.993246649174734,0.9999139185100394
combined_overall,0.001116941755311128,0.993253111711409,0.9999139185100394
combined_overall,0.001118018844756944,0.993253111711409,0.9999139185100394
combined_overall,0.001118018844756944,0.9932724993214337,0.9999139185100394
combined_overall,0.0011223272025402077,0.9932724993214337,0.9999139185100394
combined_overall,0.0011223272025402077,0.9932854243947834,0.9999139185100394
combined_overall,0.0011244813814318395,0.9932854243947834,0.9999139185100394
combined_overall,0.0011244813814318395,0.9932983494681332,0.9999139185100394
combined_overall,0.0011255584708776555,0.9932983494681332,0.9999139185100394
combined_overall,0.0011255584708776555,0.9933241996148328,0.9999139185100394
combined_overall,0.0011266355603234714,0.9933241996148328,0.9999139185100394
combined_overall,0.0011266355603234714,0.9933435872248575,0.9999139185100394
combined_overall,0.0011277126497692875,0.9933435872248575,0.9999139185100394
combined_overall,0.0011277126497692875,0.9933565122982073,0.9999139185100394
combined_overall,0.0011287897392151035,0.9933565122982073,0.9999139185100394
combined_overall,0.0011287897392151035,0.993369437371557,0.9999139185100394
combined_overall,0.0011309439181067353,0.993369437371557,0.9999139185100394
combined_overall,0.0011309439181067353,0.9933758999082319,0.9999139185100394
combined_overall,0.0011330980969983672,0.9933758999082319,0.9999139185100394
combined_overall,0.0011330980969983672,0.9933823624449069,0.9999139185100394
combined_overall,0.001134175186444183,0.9933823624449069,0.9999139185100394
combined_overall,0.001134175186444183,0.9933888249815818,0.9999139185100394
combined_overall,0.0011374064547816309,0.9933888249815818,0.9999139185100394
combined_overall,0.0011374064547816309,0.9934082125916065,0.9999139185100394
combined_overall,0.0011427919020107105,0.9934082125916065,0.9999139185100394
combined_overall,0.0011427919020107105,0.9934211376649562,0.9999139185100394
combined_overall,0.0011460231703481585,0.9934211376649562,0.9999139185100394
combined_overall,0.0011600253331437657,0.9934211376649562,0.9999139185100394
combined_overall,0.0011632566014812135,0.9934211376649562,0.9999139185100394
combined_overall,0.0011632566014812135,0.993434062738306,0.9999139185100394
combined_overall,0.0011664878698186612,0.993434062738306,0.9999139185100394
combined_overall,0.0011664878698186612,0.993440525274981,0.9999139185100394
combined_overall,0.001169719138156109,0.993440525274981,0.9999139185100394
combined_overall,0.001169719138156109,0.9934469878116559,0.9999139185100394
combined_overall,0.0011718733170477409,0.9934469878116559,0.9999139185100394
combined_overall,0.00118802965873498,0.9934469878116559,0.9999139185100394
combined_overall,0.00118802965873498,0.9934534503483308,0.9999139185100394
combined_overall,0.0011955692848556916,0.9934534503483308,0.9999139185100394
combined_overall,0.0011955692848556916,0.9934599128850056,0.9999139185100394
combined_overall,0.0011977234637473235,0.9934599128850056,0.9999139185100394
combined_overall,0.0011977234637473235,0.9934663754216805,0.9999139185100394
combined_overall,0.0012074172687596668,0.9934663754216805,0.9999139185100394
combined_overall,0.0012095714476512988,0.9934663754216805,0.9999139185100394
combined_overall,0.0012160339843261944,0.9934663754216805,0.9999139185100394
combined_overall,0.0012160339843261944,0.9934728379583554,0.9999139185100394
combined_overall,0.0012505008465923044,0.9934728379583554,0.9999139185100394
combined_overall,0.0012505008465923044,0.9934793004950303,0.9999139185100394
combined_overall,0.0012526550254839362,0.9934793004950303,0.9999139185100394
combined_overall,0.0012526550254839362,0.9934857630317052,0.9999139185100394
combined_overall,0.001255886293821384,0.9934857630317052,0.9999139185100394
combined_overall,0.001255886293821384,0.9934922255683801,0.9999139185100394
combined_overall,0.0012709655460628072,0.9934922255683801,0.9999139185100394
combined_overall,0.0012709655460628072,0.993498688105055,0.9999139185100394
combined_overall,0.001275273903846071,0.993498688105055,0.9999139185100394
combined_overall,0.001275273903846071,0.9935051506417298,0.9999139185100394
combined_overall,0.001276350993291887,0.9935051506417298,0.9999139185100394
combined_overall,0.001276350993291887,0.9935180757150797,0.9999139185100394
combined_overall,0.0012849677088584144,0.9935180757150797,0.9999139185100394
combined_overall,0.0012849677088584144,0.9935310007884295,0.9999139185100394
combined_overall,0.0012881989771958622,0.9935310007884295,0.9999139185100394
combined_overall,0.0012881989771958622,0.9935374633251044,0.9999139185100394
combined_overall,0.0012892760666416783,0.9935374633251044,0.9999139185100394
combined_overall,0.0014023704584523518,0.9935374633251044,0.9999139185100394
combined_overall,0.0014056017267897996,0.9935374633251044,0.9999139185100394
combined_overall,0.0014056017267897996,0.9935439258617793,0.9999139185100394
combined_overall,0.0014066788162356155,0.9935439258617793,0.9999139185100394
combined_overall,0.001418526800139591,0.993556850935129,0.9999139185100394
combined_overall,0.0014228351579228546,0.993556850935129,0.9999139185100394
combined_overall,0.0014228351579228546,0.9935697760084788,0.9999139185100394
combined_overall,0.0014260664262603024,0.9935697760084788,0.9999139185100394
combined_overall,0.0014260664262603024,0.9935827010818287,0.9999139185100394
combined_overall,0.0014271435157061183,0.9935827010818287,0.9999139185100394
combined_overall,0.0014271435157061183,0.9935891636185036,0.9999139185100394
combined_overall,0.0014282206051519342,0.9935891636185036,0.9999139185100394
combined_overall,0.0014282206051519342,0.9935956261551784,0.9999139185100394
combined_overall,0.001432528962935198,0.9935956261551784,0.9999139185100394
combined_overall,0.001432528962935198,0.9936150137652031,0.9999139185100394
combined_overall,0.0014336060523810138,0.9936150137652031,0.9999139185100394
combined_overall,0.0014336060523810138,0.993621476301878,0.9999139185100394
combined_overall,0.0014368373207184618,0.993621476301878,0.9999139185100394
combined_overall,0.0014368373207184618,0.9936279388385529,0.9999139185100394
combined_overall,0.0014379144101642777,0.9936279388385529,0.9999139185100394
combined_overall,0.0014379144101642777,0.9936408639119026,0.9999139185100394
combined_overall,0.001470227093538756,0.9941255541625199,0.9999139185100394
combined_overall,0.001470227093538756,0.9941320166991948,0.9999139185100394
combined_overall,0.0014713041829845718,0.9941320166991948,0.9999139185100394
combined_overall,0.0014756125407678355,0.9941320166991948,0.9999139185100394
combined_overall,0.0014777667196594674,0.9941320166991948,0.9999139185100394
combined_overall,0.0014777667196594674,0.9941384792358696,0.9999139185100394
combined_overall,0.0014799208985510992,0.9941384792358696,0.9999139185100394
combined_overall,0.0014799208985510992,0.9941449417725445,0.9999139185100394
combined_overall,0.001482075077442731,0.9941449417725445,0.9999139185100394
combined_overall,0.001482075077442731,0.9941514043092194,0.9999139185100394
combined_overall,0.001483152166888547,0.9941514043092194,0.9999139185100394
combined_overall,0.001483152166888547,0.9941643293825693,0.9999139185100394
combined_overall,0.0014842292563343631,0.9941643293825693,0.9999139185100394
combined_overall,0.0014842292563343631,0.9941772544559191,0.9999139185100394
combined_overall,0.001486383435225995,0.9941772544559191,0.9999139185100394
combined_overall,0.001486383435225995,0.9941837169925939,0.9999139185100394
combined_overall,0.0014939230613467064,0.9941837169925939,0.9999139185100394
combined_overall,0.0014939230613467064,0.9941901795292688,0.9999139185100394
combined_overall,0.001499308508575786,0.9941901795292688,0.9999139185100394
combined_overall,0.001499308508575786,0.9941966420659437,0.9999139185100394
combined_overall,0.00150361686635905,0.9941966420659437,0.9999139185100394
combined_overall,0.00150361686635905,0.9942031046026186,0.9999139185100394
combined_overall,0.0015068481346964977,0.9942031046026186,0.9999139185100394
combined_overall,0.0015068481346964977,0.9942095671392935,0.9999139185100394
combined_overall,0.0015273128341670005,0.9942095671392935,0.9999139185100394
combined_overall,0.0015273128341670005,0.9942160296759684,0.9999139185100394
combined_overall,0.0015348524602877122,0.9942160296759684,0.9999139185100394
combined_overall,0.001537006639179344,0.9942160296759684,0.9999139185100394
combined_overall,0.00153808372862516,0.9942160296759684,0.9999139185100394
combined_overall,0.00153808372862516,0.9942289547493182,0.9999139185100394
combined_overall,0.001539160818070976,0.9942289547493182,0.9999139185100394
combined_overall,0.001539160818070976,0.9942354172859931,0.9999139185100394
combined_overall,0.0015510088019749513,0.9942354172859931,0.9999139185100394
combined_overall,0.0015510088019749513,0.994241879822668,0.9999139185100394
combined_overall,0.001556394249204031,0.994241879822668,0.9999139185100394
combined_overall,0.0015585484280956627,0.994241879822668,0.9999139185100394
combined_overall,0.0015585484280956627,0.9942483423593429,0.9999139185100394
combined_overall,0.0015607026069872946,0.9942483423593429,0.9999139185100394
combined_overall,0.0015607026069872946,0.9942612674326927,0.9999139185100394
combined_overall,0.0015660880542163744,0.9942612674326927,0.9999139185100394
combined_overall,0.0015660880542163744,0.9942677299693676,0.9999139185100394
combined_overall,0.0015671651436621904,0.9942677299693676,0.9999139185100394
combined_overall,0.0015671651436621904,0.9942741925060424,0.9999139185100394
combined_overall,0.00157255059089127,0.9942741925060424,0.9999139185100394
combined_overall,0.00157255059089127,0.9942806550427173,0.9999139185100394
combined_overall,0.001573627680337086,0.9942806550427173,0.9999139185100394
combined_overall,0.001573627680337086,0.9942871175793923,0.9999139185100394
combined_overall,0.0015822443959036135,0.9942871175793923,0.9999139185100394
combined_overall,0.0015822443959036135,0.9943000426527421,0.9999139185100394
combined_overall,0.0015833214853494294,0.9943000426527421,0.9999139185100394
combined_overall,0.0015833214853494294,0.9943194302627667,0.9999139185100394
combined_overall,0.0015951694692534046,0.9943194302627667,0.9999139185100394
combined_overall,0.0015951694692534046,0.9943258927994416,0.9999139185100394
combined_overall,0.0015984007375908526,0.9943258927994416,0.9999139185100394
combined_overall,0.0015984007375908526,0.9943388178727914,0.9999139185100394
combined_overall,0.0015994778270366685,0.9943388178727914,0.9999139185100394
combined_overall,0.0015994778270366685,0.9943452804094663,0.9999139185100394
combined_overall,0.0016027090953741163,0.9943452804094663,0.9999139185100394
combined_overall,0.0016027090953741163,0.9943517429461413,0.9999139185100394
combined_overall,0.00160701745315738,0.9943517429461413,0.9999139185100394
combined_overall,0.00160701745315738,0.9943582054828161,0.9999139185100394
combined_overall,0.0016145570792780917,0.9943582054828161,0.9999139185100394
combined_overall,0.0016145570792780917,0.994364668019491,0.9999139185100394
combined_overall,0.0016210196159529872,0.994364668019491,0.9999139185100394
combined_overall,0.0016210196159529872,0.9943711305561659,0.9999139185100394
combined_overall,0.001623173794844619,0.9943711305561659,0.9999139185100394
combined_overall,0.001623173794844619,0.9943905181661906,0.9999139185100394
combined_overall,0.001625327973736251,0.9943905181661906,0.9999139185100394
combined_overall,0.001625327973736251,0.9943969807028655,0.9999139185100394
combined_overall,0.0016285592420736987,0.9943969807028655,0.9999139185100394
combined_overall,0.0016285592420736987,0.9944034432395403,0.9999139185100394
combined_overall,0.0016317905104111467,0.9944034432395403,0.9999139185100394
combined_overall,0.0016317905104111467,0.9944099057762152,0.9999139185100394
combined_overall,0.0016360988681944104,0.9944099057762152,0.9999139185100394
combined_overall,0.0016360988681944104,0.9944163683128902,0.9999139185100394
combined_overall,0.00164148431542349,0.9944163683128902,0.9999139185100394
combined_overall,0.00164148431542349,0.9944228308495651,0.9999139185100394
combined_overall,0.001642561404869306,0.9944228308495651,0.9999139185100394
combined_overall,0.0017233431133055013,0.994616706949812,0.9999139185100394
combined_overall,0.0017287285605345811,0.994616706949812,0.9999139185100394
combined_overall,0.0017287285605345811,0.9946296320231617,0.9999139185100394
combined_overall,0.0017351910972094767,0.9946296320231617,0.9999139185100394
combined_overall,0.0017351910972094767,0.9946360945598366,0.9999139185100394
combined_overall,0.0017373452761011085,0.9946360945598366,0.9999139185100394
combined_overall,0.0017373452761011085,0.9946425570965115,0.9999139185100394
combined_overall,0.0017405765444385563,0.9946425570965115,0.9999139185100394
combined_overall,0.0017405765444385563,0.9946490196331864,0.9999139185100394
combined_overall,0.0017438078127760043,0.9946490196331864,0.9999139185100394
combined_overall,0.0017438078127760043,0.9946554821698613,0.9999139185100394
combined_overall,0.0017448849022218202,0.9946554821698613,0.9999139185100394
combined_overall,0.0017448849022218202,0.9946619447065362,0.9999139185100394
combined_overall,0.001748116170559268,0.9946619447065362,0.9999139185100394
combined_overall,0.001748116170559268,0.9946813323165609,0.9999139185100394
combined_overall,0.0017524245283425317,0.9946813323165609,0.9999139185100394
combined_overall,0.0017524245283425317,0.9946877948532358,0.9999139185100394
combined_overall,0.0017599641544632433,0.9946877948532358,0.9999139185100394
combined_overall,0.0017599641544632433,0.9947007199265856,0.9999139185100394
combined_overall,0.0017675037805839548,0.9947007199265856,0.9999139185100394
combined_overall,0.0017675037805839548,0.9947071824632605,0.9999139185100394
combined_overall,0.0017718121383672185,0.9947071824632605,0.9999139185100394
combined_overall,0.0017718121383672185,0.9947136449999354,0.9999139185100394
combined_overall,0.0017728892278130344,0.9947136449999354,0.9999139185100394
combined_overall,0.0017728892278130344,0.9947265700732851,0.9999139185100394
combined_overall,0.001781505943379562,0.9947265700732851,0.9999139185100394
combined_overall,0.001781505943379562,0.99473303260996,0.9999139185100394
combined_overall,0.0017858143011628257,0.99473303260996,0.9999139185100394
combined_overall,0.0017858143011628257,0.994739495146635,0.9999139185100394
combined_overall,0.0017922768378377215,0.994739495146635,0.9999139185100394
combined_overall,0.0017922768378377215,0.9947459576833099,0.9999139185100394
combined_overall,0.0017933539272835374,0.9947459576833099,0.9999139185100394
combined_overall,0.0017933539272835374,0.9947588827566597,0.9999139185100394
combined_overall,0.0018052019111875126,0.9947588827566597,0.9999139185100394
combined_overall,0.0018052019111875126,0.9947718078300094,0.9999139185100394
combined_overall,0.0018062790006333285,0.9947718078300094,0.9999139185100394
combined_overall,0.0018062790006333285,0.9947782703666843,0.9999139185100394
combined_overall,0.0018084331795249606,0.9947782703666843,0.9999139185100394
combined_overall,0.0018084331795249606,0.9947911954400341,0.9999139185100394
combined_overall,0.0018116644478624083,0.9947911954400341,0.9999139185100394
combined_overall,0.0018116644478624083,0.994797657976709,0.9999139185100394
combined_overall,0.0018127415373082243,0.994797657976709,0.9999139185100394
combined_overall,0.0018127415373082243,0.9948235081234086,0.9999139185100394
combined_overall,0.001815972805645672,0.9948235081234086,0.9999139185100394
combined_overall,0.001815972805645672,0.9948364331967584,0.9999139185100394
combined_overall,0.001817049895091488,0.9948364331967584,0.9999139185100394
combined_overall,0.0018192040739831198,0.9948364331967584,0.9999139185100394
combined_overall,0.0018213582528747517,0.9948364331967584,0.9999139185100394
combined_overall,0.0018213582528747517,0.9948493582701082,0.9999139185100394
combined_overall,0.0018224353423205676,0.9948493582701082,0.9999139185100394
combined_overall,0.0018224353423205676,0.9948622833434579,0.9999139185100394
combined_overall,0.0018267437001038315,0.9948622833434579,0.9999139185100394
combined_overall,0.0018288978789954633,0.9948622833434579,0.9999139185100394
combined_overall,0.0018288978789954633,0.9948687458801329,0.9999139185100394
combined_overall,0.0018299749684412793,0.9948687458801329,0.9999139185100394
combined_overall,0.0018299749684412793,0.9948752084168078,0.9999139185100394
combined_overall,0.0018321291473329111,0.9948752084168078,0.9999139185100394
combined_overall,0.0018321291473329111,0.9948816709534827,0.9999139185100394
combined_overall,0.0018364375051161748,0.9948816709534827,0.9999139185100394
combined_overall,0.0018364375051161748,0.9949010585635073,0.9999139185100394
combined_overall,0.0018385916840078067,0.9949010585635073,0.9999139185100394
combined_overall,0.0018385916840078067,0.994920446173532,0.9999139185100394
combined_overall,0.0018407458628994387,0.994920446173532,0.9999139185100394
combined_overall,0.0018407458628994387,0.994926908710207,0.9999139185100394
combined_overall,0.0018418229523452546,0.994926908710207,0.9999139185100394
combined_overall,0.0018418229523452546,0.9949333712468819,0.9999139185100394
combined_overall,0.0018429000417910706,0.9949333712468819,0.9999139185100394
combined_overall,0.0018429000417910706,0.9949462963202316,0.9999139185100394
combined_overall,0.0018450542206827024,0.9949462963202316,0.9999139185100394
combined_overall,0.0018450542206827024,0.9949592213935814,0.9999139185100394
combined_overall,0.0018461313101285183,0.9949592213935814,0.9999139185100394
combined_overall,0.0018461313101285183,0.9949656839302563,0.9999139185100394
combined_overall,0.0018493625784659661,0.9949656839302563,0.9999139185100394
combined_overall,0.0018493625784659661,0.9949721464669312,0.9999139185100394
combined_overall,0.001850439667911782,0.9949721464669312,0.9999139185100394
combined_overall,0.001850439667911782,0.9949786090036061,0.9999139185100394
combined_overall,0.0018525938468034139,0.9949786090036061,0.9999139185100394
combined_overall,0.0018525938468034139,0.994985071540281,0.9999139185100394
combined_overall,0.0018536709362492298,0.994985071540281,0.9999139185100394
combined_overall,0.0018536709362492298,0.9949979966136308,0.9999139185100394
combined_overall,0.0018536709362492298,0.9950109216869806,0.9999139185100394
combined_overall,0.0018536709362492298,0.9950303092970053,0.9999139185100394
combined_overall,0.0018569022045866778,0.9950303092970053,0.9999139185100394
combined_overall,0.0018569022045866778,0.9950367718336801,0.9999139185100394
combined_overall,0.0018590563834783096,0.9950367718336801,0.9999139185100394
combined_overall,0.0018590563834783096,0.9950496969070299,0.9999139185100394
combined_overall,0.0018612105623699415,0.9950496969070299,0.9999139185100394
combined_overall,0.0018612105623699415,0.9950561594437048,0.9999139185100394
combined_overall,0.0018633647412615733,0.9950561594437048,0.9999139185100394
combined_overall,0.0018633647412615733,0.9950626219803798,0.9999139185100394
combined_overall,0.0018644418307073893,0.9950626219803798,0.9999139185100394
combined_overall,0.0018644418307073893,0.9950755470537296,0.9999139185100394
combined_overall,0.0018665960095990211,0.9950755470537296,0.9999139185100394
combined_overall,0.0018665960095990211,0.9951013972004291,0.9999139185100394
combined_overall,0.001867673099044837,0.9951013972004291,0.9999139185100394
combined_overall,0.001867673099044837,0.995107859737104,0.9999139185100394
combined_overall,0.001868750188490653,0.995107859737104,0.9999139185100394
combined_overall,0.001868750188490653,0.9951143222737789,0.9999139185100394
combined_overall,0.0018709043673822848,0.9951143222737789,0.9999139185100394
combined_overall,0.0018709043673822848,0.9951207848104539,0.9999139185100394
combined_overall,0.0018741356357197328,0.9951207848104539,0.9999139185100394
combined_overall,0.0018741356357197328,0.9951272473471287,0.9999139185100394
combined_overall,0.0018762898146113646,0.9951272473471287,0.9999139185100394
combined_overall,0.0018762898146113646,0.9951401724204785,0.9999139185100394
combined_overall,0.0018805981723946283,0.9951401724204785,0.9999139185100394
combined_overall,0.0018805981723946283,0.9951466349571534,0.9999139185100394
combined_overall,0.0018827523512862602,0.9951466349571534,0.9999139185100394
combined_overall,0.0018827523512862602,0.9951530974938283,0.9999139185100394
combined_overall,0.001884906530177892,0.9951530974938283,0.9999139185100394
combined_overall,0.001884906530177892,0.9951660225671781,0.9999139185100394
combined_overall,0.001885983619623708,0.9951660225671781,0.9999139185100394
combined_overall,0.001885983619623708,0.9951789476405278,0.9999139185100394
combined_overall,0.0018881377985153398,0.9951789476405278,0.9999139185100394
combined_overall,0.0018881377985153398,0.9951854101772027,0.9999139185100394
combined_overall,0.001889214887961156,0.9951854101772027,0.9999139185100394
combined_overall,0.001889214887961156,0.9951918727138777,0.9999139185100394
combined_overall,0.0018924461562986037,0.9951918727138777,0.9999139185100394
combined_overall,0.0018924461562986037,0.9952112603239024,0.9999139185100394
combined_overall,0.0018935232457444196,0.9952112603239024,0.9999139185100394
combined_overall,0.0018935232457444196,0.9952177228605772,0.9999139185100394
combined_overall,0.0018956774246360515,0.9952177228605772,0.9999139185100394
combined_overall,0.0018956774246360515,0.9952241853972521,0.9999139185100394
combined_overall,0.0018978316035276833,0.9952241853972521,0.9999139185100394
combined_overall,0.0018978316035276833,0.995230647933927,0.9999139185100394
combined_overall,0.0018989086929734993,0.995230647933927,0.9999139185100394
combined_overall,0.0018989086929734993,0.9952371104706019,0.9999139185100394
combined_overall,0.001903217050756763,0.9952371104706019,0.9999139185100394
combined_overall,0.001903217050756763,0.9952435730072768,0.9999139185100394
combined_overall,0.001906448319094211,0.9952435730072768,0.9999139185100394
combined_overall,0.001906448319094211,0.9952500355439517,0.9999139185100394
combined_overall,0.0019107566768774746,0.9952500355439517,0.9999139185100394
combined_overall,0.0019107566768774746,0.9952564980806267,0.9999139185100394
combined_overall,0.0019150650346607383,0.9952564980806267,0.9999139185100394
combined_overall,0.0019150650346607383,0.9952629606173015,0.9999139185100394
combined_overall,0.0019247588396730819,0.9952629606173015,0.9999139185100394
combined_overall,0.0019247588396730819,0.9952758856906513,0.9999139185100394
combined_overall,0.0019258359291188978,0.9952758856906513,0.9999139185100394
combined_overall,0.0019258359291188978,0.9952823482273262,0.9999139185100394
combined_overall,0.0019269130185647137,0.9952823482273262,0.9999139185100394
combined_overall,0.0019269130185647137,0.9952888107640011,0.9999139185100394
combined_overall,0.0019290671974563456,0.9952888107640011,0.9999139185100394
combined_overall,0.0019290671974563456,0.995295273300676,0.9999139185100394
combined_overall,0.0019301442869021615,0.995295273300676,0.9999139185100394
combined_overall,0.0019301442869021615,0.9953017358373509,0.9999139185100394
combined_overall,0.0019376839130228732,0.9953017358373509,0.9999139185100394
combined_overall,0.0019376839130228732,0.9953081983740257,0.9999139185100394
combined_overall,0.001939838091914505,0.9953081983740257,0.9999139185100394
combined_overall,0.001939838091914505,0.9953146609107006,0.9999139185100394
combined_overall,0.001940915181360321,0.9953146609107006,0.9999139185100394
combined_overall,0.001940915181360321,0.9953211234473756,0.9999139185100394
combined_overall,0.0019452235391435846,0.9953211234473756,0.9999139185100394
combined_overall,0.0019452235391435846,0.9953340485207254,0.9999139185100394
combined_overall,0.0019495318969268483,0.9953340485207254,0.9999139185100394
combined_overall,0.0019495318969268483,0.9953405110574003,0.9999139185100394
combined_overall,0.0019581486124933757,0.9953405110574003,0.9999139185100394
combined_overall,0.0019581486124933757,0.99535343613075,0.9999139185100394
combined_overall,0.0019603027913850076,0.99535343613075,0.9999139185100394
combined_overall,0.0019603027913850076,0.9953598986674249,0.9999139185100394
combined_overall,0.0019613798808308237,0.9953598986674249,0.9999139185100394
combined_overall,0.0019613798808308237,0.9953728237407747,0.9999139185100394
combined_overall,0.00196245697027664,0.9953728237407747,0.9999139185100394
combined_overall,0.00196245697027664,0.9953792862774496,0.9999139185100394
combined_overall,0.0019635340597224556,0.9953792862774496,0.9999139185100394
combined_overall,0.0019635340597224556,0.9953922113507994,0.9999139185100394
combined_overall,0.0019678424175057193,0.9953922113507994,0.9999139185100394
combined_overall,0.0019678424175057193,0.9953986738874743,0.9999139185100394
combined_overall,0.0019689195069515354,0.9953986738874743,0.9999139185100394
combined_overall,0.0019689195069515354,0.9954051364241492,0.9999139185100394
combined_overall,0.001974304954180615,0.9954051364241492,0.9999139185100394
combined_overall,0.001974304954180615,0.9954115989608241,0.9999139185100394
combined_overall,0.0019807674908555108,0.9954115989608241,0.9999139185100394
combined_overall,0.0019807674908555108,0.995418061497499,0.9999139185100394
combined_overall,0.00198615293808459,0.995418061497499,0.9999139185100394
combined_overall,0.00198615293808459,0.9954245240341739,0.9999139185100394
combined_overall,0.001988307116976222,0.9954245240341739,0.9999139185100394
combined_overall,0.001988307116976222,0.9954309865708488,0.9999139185100394
combined_overall,0.00199153838531367,0.9954309865708488,0.9999139185100394
combined_overall,0.00199153838531367,0.9954374491075236,0.9999139185100394
combined_overall,0.00199692383254275,0.9954374491075236,0.9999139185100394
combined_overall,0.00199692383254275,0.9954439116441985,0.9999139185100394
combined_overall,0.0019980009219885656,0.9954439116441985,0.9999139185100394
combined_overall,0.0019980009219885656,0.9954568367175484,0.9999139185100394
combined_overall,0.0020012321903260136,0.9954568367175484,0.9999139185100394
combined_overall,0.0020012321903260136,0.9954632992542233,0.9999139185100394
combined_overall,0.002010925995338357,0.9954632992542233,0.9999139185100394
combined_overall,0.002010925995338357,0.9954697617908982,0.9999139185100394
combined_overall,0.002012003084784173,0.9954697617908982,0.9999139185100394
combined_overall,0.002012003084784173,0.9954762243275731,0.9999139185100394
combined_overall,0.0020184656214590683,0.9954762243275731,0.9999139185100394
combined_overall,0.0020184656214590683,0.9954891494009228,0.9999139185100394
combined_overall,0.0020206198003507,0.9954891494009228,0.9999139185100394
combined_overall,0.0020206198003507,0.9954956119375977,0.9999139185100394
combined_overall,0.0020216968897965163,0.9954956119375977,0.9999139185100394
combined_overall,0.0020216968897965163,0.9955020744742726,0.9999139185100394
combined_overall,0.002044315768158651,0.9955020744742726,0.9999139185100394
combined_overall,0.002044315768158651,0.9955085370109475,0.9999139185100394
combined_overall,0.0020529324837251783,0.9955085370109475,0.9999139185100394
combined_overall,0.0020529324837251783,0.9955149995476225,0.9999139185100394
combined_overall,0.00205508666261681,0.9955149995476225,0.9999139185100394
combined_overall,0.00205508666261681,0.9955214620842974,0.9999139185100394
combined_overall,0.002058317930954258,0.9955214620842974,0.9999139185100394
combined_overall,0.002058317930954258,0.9955279246209722,0.9999139185100394
combined_overall,0.0020680117359666017,0.9955279246209722,0.9999139185100394
combined_overall,0.0020680117359666017,0.9955343871576471,0.9999139185100394
combined_overall,0.0020777055409789452,0.9955343871576471,0.9999139185100394
combined_overall,0.0020777055409789452,0.995540849694322,0.9999139185100394
combined_overall,0.002097093151003632,0.995540849694322,0.9999139185100394
combined_overall,0.002097093151003632,0.9955473122309969,0.9999139185100394
combined_overall,0.0020992473298952637,0.9955473122309969,0.9999139185100394
combined_overall,0.0020992473298952637,0.9955537747676718,0.9999139185100394
combined_overall,0.0021046327771243436,0.9955537747676718,0.9999139185100394
combined_overall,0.0021046327771243436,0.9955602373043467,0.9999139185100394
combined_overall,0.0021089411349076072,0.9955602373043467,0.9999139185100394
combined_overall,0.0021089411349076072,0.9955666998410216,0.9999139185100394
combined_overall,0.0021175578504741346,0.9955666998410216,0.9999139185100394
combined_overall,0.0021175578504741346,0.9955731623776964,0.9999139185100394
combined_overall,0.0021552559810776926,0.9955731623776964,0.9999139185100394
combined_overall,0.002161718517752588,0.9956184001344207,0.9999139185100394
combined_overall,0.0021681810544274837,0.9956184001344207,0.9999139185100394
combined_overall,0.0021681810544274837,0.9956248626710956,0.9999139185100394
combined_overall,0.002185414485560539,0.9956248626710956,0.9999139185100394
combined_overall,0.002185414485560539,0.9956377877444454,0.9999139185100394
combined_overall,0.0021929541116812506,0.9956377877444454,0.9999139185100394
combined_overall,0.0021929541116812506,0.9956507128177953,0.9999139185100394
combined_overall,0.0021951082905728825,0.9956507128177953,0.9999139185100394
combined_overall,0.0021951082905728825,0.9956571753544702,0.9999139185100394
combined_overall,0.00220372500613941,0.9956571753544702,0.9999139185100394
combined_overall,0.00220372500613941,0.995663637891145,0.9999139185100394
combined_overall,0.0022112646322601215,0.995663637891145,0.9999139185100394
combined_overall,0.0022112646322601215,0.9956701004278199,0.9999139185100394
combined_overall,0.002216650079489201,0.9956701004278199,0.9999139185100394
combined_overall,0.002216650079489201,0.9956765629644948,0.9999139185100394
combined_overall,0.0022295751528389925,0.9956830255011697,0.9999139185100394
combined_overall,0.002248962762863679,0.9956830255011697,0.9999139185100394
combined_overall,0.002248962762863679,0.9956894880378446,0.9999139185100394
combined_overall,0.0022640420151051025,0.9956894880378446,0.9999139185100394
combined_overall,0.0022640420151051025,0.9956959505745195,0.9999139185100394
combined_overall,0.002271581641225814,0.9956959505745195,0.9999139185100394
combined_overall,0.002271581641225814,0.9957024131111945,0.9999139185100394
combined_overall,0.0022801983567923415,0.9957024131111945,0.9999139185100394
combined_overall,0.0022801983567923415,0.9957153381845442,0.9999139185100394
combined_overall,0.002286660893467237,0.9957153381845442,0.9999139185100394
combined_overall,0.002286660893467237,0.9957218007212191,0.9999139185100394
combined_overall,0.0022909692512505008,0.9957218007212191,0.9999139185100394
combined_overall,0.0022909692512505008,0.995728263257894,0.9999139185100394
combined_overall,0.0022952776090337645,0.995728263257894,0.9999139185100394
combined_overall,0.0022952776090337645,0.9957347257945689,0.9999139185100394
combined_overall,0.00230174014570866,0.9957347257945689,0.9999139185100394
combined_overall,0.00230174014570866,0.9957411883312438,0.9999139185100394
combined_overall,0.00230712559293774,0.9957411883312438,0.9999139185100394
combined_overall,0.00230712559293774,0.9957476508679187,0.9999139185100394
combined_overall,0.002308202682383556,0.9957476508679187,0.9999139185100394
combined_overall,0.002308202682383556,0.9957541134045935,0.9999139185100394
combined_overall,0.002310356861275188,0.9957541134045935,0.9999139185100394
combined_overall,0.002310356861275188,0.9957605759412684,0.9999139185100394
combined_overall,0.0023114339507210035,0.9957605759412684,0.9999139185100394
combined_overall,0.0023114339507210035,0.9957670384779433,0.9999139185100394
combined_overall,0.0023168193979500834,0.9957670384779433,0.9999139185100394
combined_overall,0.0023168193979500834,0.9957799635512932,0.9999139185100394
combined_overall,0.0023222048451791632,0.9957799635512932,0.9999139185100394
combined_overall,0.0023222048451791632,0.9957864260879681,0.9999139185100394
combined_overall,0.002323281934624979,0.9957864260879681,0.9999139185100394
combined_overall,0.002323281934624979,0.995792888624643,0.9999139185100394
combined_overall,0.0023254361135166108,0.995792888624643,0.9999139185100394
combined_overall,0.0023254361135166108,0.9957993511613178,0.9999139185100394
combined_overall,0.00234159245520385,0.9957993511613178,0.9999139185100394
combined_overall,0.00234159245520385,0.9958058136979927,0.9999139185100394
combined_overall,0.0023437466340954817,0.9958058136979927,0.9999139185100394
combined_overall,0.0023437466340954817,0.9958122762346676,0.9999139185100394
combined_overall,0.002379290585807408,0.9958122762346676,0.9999139185100394
combined_overall,0.002379290585807408,0.9958187387713425,0.9999139185100394
combined_overall,0.0023814447646990397,0.9958187387713425,0.9999139185100394
combined_overall,0.002395446927494647,0.9958187387713425,0.9999139185100394
combined_overall,0.0023986781958320945,0.9958187387713425,0.9999139185100394
combined_overall,0.0023986781958320945,0.9958316638446923,0.9999139185100394
combined_overall,0.0024126803586277017,0.9958316638446923,0.9999139185100394
combined_overall,0.0024126803586277017,0.9958381263813673,0.9999139185100394
combined_overall,0.002413757448073518,0.9958381263813673,0.9999139185100394
combined_overall,0.0024159116269651497,0.9958381263813673,0.9999139185100394
combined_overall,0.002416988716410966,0.9958381263813673,0.9999139185100394
combined_overall,0.002416988716410966,0.9958445889180421,0.9999139185100394
combined_overall,0.0024180658058567815,0.9958445889180421,0.9999139185100394
combined_overall,0.0024180658058567815,0.995851051454717,0.9999139185100394
combined_overall,0.0024342221475440206,0.995851051454717,0.9999139185100394
combined_overall,0.0024342221475440206,0.9958575139913919,0.9999139185100394
combined_overall,0.0024374534158814686,0.9958575139913919,0.9999139185100394
combined_overall,0.0024374534158814686,0.9958639765280668,0.9999139185100394
combined_overall,0.0024385305053272843,0.9958639765280668,0.9999139185100394
combined_overall,0.0024385305053272843,0.9958704390647417,0.9999139185100394
combined_overall,0.0024396075947731004,0.9958704390647417,0.9999139185100394
combined_overall,0.0024396075947731004,0.9958769016014166,0.9999139185100394
combined_overall,0.002449301399785444,0.9958769016014166,0.9999139185100394
combined_overall,0.002449301399785444,0.9958833641380915,0.9999139185100394
combined_overall,0.0024525326681228915,0.9958833641380915,0.9999139185100394
combined_overall,0.0024525326681228915,0.9958898266747663,0.9999139185100394
combined_overall,0.0024686890098101306,0.9958898266747663,0.9999139185100394
combined_overall,0.002581783401620804,0.9958898266747663,0.9999139185100394
combined_overall,0.002602248101091307,0.9958898266747663,0.9999139185100394
combined_overall,0.002602248101091307,0.9959092142847911,0.9999139185100394
combined_overall,0.0026108648166578347,0.9959092142847911,0.9999139185100394
combined_overall,0.0026108648166578347,0.995915676821466,0.9999139185100394
combined_overall,0.002643177500032313,0.995915676821466,0.9999139185100394
combined_overall,0.002643177500032313,0.9959221393581409,0.9999139185100394
combined_overall,0.0026517942155988403,0.9959221393581409,0.9999139185100394
combined_overall,0.0026517942155988403,0.9959286018948158,0.9999139185100394
combined_overall,0.002659333841719552,0.9959286018948158,0.9999139185100394
combined_overall,0.0027724282335302255,0.9959286018948158,0.9999139185100394
combined_overall,0.002797201290783992,0.9959286018948158,0.9999139185100394
combined_overall,0.002797201290783992,0.9959350644314906,0.9999139185100394
combined_overall,0.002813357632471231,0.9959350644314906,0.9999139185100394
combined_overall,0.002813357632471231,0.9959415269681655,0.9999139185100394
combined_overall,0.002815511811362863,0.9959415269681655,0.9999139185100394
combined_overall,0.002815511811362863,0.9959479895048404,0.9999139185100394
combined_overall,0.002828436884712654,0.9959479895048404,0.9999139185100394
combined_overall,0.002828436884712654,0.9959544520415153,0.9999139185100394
combined_overall,0.002849978673628973,0.9959544520415153,0.9999139185100394
combined_overall,0.002849978673628973,0.9959609145781902,0.9999139185100394
combined_overall,0.0028575182997496846,0.9959609145781902,0.9999139185100394
combined_overall,0.0028575182997496846,0.9959673771148652,0.9999139185100394
combined_overall,0.0028704433730994757,0.9959673771148652,0.9999139185100394
combined_overall,0.0028704433730994757,0.9959738396515401,0.9999139185100394
combined_overall,0.0028725975519911075,0.9959738396515401,0.9999139185100394
combined_overall,0.0028725975519911075,0.9959803021882149,0.9999139185100394
combined_overall,0.0028779829992201873,0.9959803021882149,0.9999139185100394
combined_overall,0.0028779829992201873,0.9959867647248898,0.9999139185100394
combined_overall,0.0028941393409074264,0.9959867647248898,0.9999139185100394
combined_overall,0.0028941393409074264,0.9959932272615647,0.9999139185100394
combined_overall,0.0028962935197990583,0.9959932272615647,0.9999139185100394
combined_overall,0.0028962935197990583,0.9959996897982396,0.9999139185100394
combined_overall,0.0029016789670281377,0.9959996897982396,0.9999139185100394
combined_overall,0.0029016789670281377,0.9960061523349145,0.9999139185100394
combined_overall,0.0029070644142572175,0.9960061523349145,0.9999139185100394
combined_overall,0.0029070644142572175,0.9960126148715894,0.9999139185100394
combined_overall,0.002933991650402616,0.9960126148715894,0.9999139185100394
combined_overall,0.002933991650402616,0.9960190774082643,0.9999139185100394
combined_overall,0.002937222918740064,0.9960190774082643,0.9999139185100394
combined_overall,0.002937222918740064,0.9960255399449391,0.9999139185100394
combined_overall,0.0029426083659691436,0.9960255399449391,0.9999139185100394
combined_overall,0.0029426083659691436,0.996032002481614,0.9999139185100394
combined_overall,0.0029447625448607755,0.996032002481614,0.9999139185100394
combined_overall,0.0029447625448607755,0.996038465018289,0.9999139185100394
combined_overall,0.002945839634306591,0.996038465018289,0.9999139185100394
combined_overall,0.002945839634306591,0.9960449275549639,0.9999139185100394
combined_overall,0.0029469167237524073,0.9960449275549639,0.9999139185100394
combined_overall,0.0029469167237524073,0.9960513900916388,0.9999139185100394
combined_overall,0.0029609188865480146,0.9960513900916388,0.9999139185100394
combined_overall,0.0029609188865480146,0.9960578526283137,0.9999139185100394
combined_overall,0.0029846148543559653,0.9960578526283137,0.9999139185100394
combined_overall,0.0029846148543559653,0.9960643151649886,0.9999139185100394
combined_overall,0.0029953857488141246,0.9960643151649886,0.9999139185100394
combined_overall,0.0029953857488141246,0.9960707777016634,0.9999139185100394
combined_overall,0.0030298526110802346,0.9960707777016634,0.9999139185100394
combined_overall,0.0030298526110802346,0.9960772402383383,0.9999139185100394
combined_overall,0.0030470860422132894,0.9960772402383383,0.9999139185100394
combined_overall,0.0030470860422132894,0.9960901653116881,0.9999139185100394
combined_overall,0.0030513943999965535,0.9960901653116881,0.9999139185100394
combined_overall,0.0030513943999965535,0.9960966278483631,0.9999139185100394
combined_overall,0.0030621652944547127,0.9960966278483631,0.9999139185100394
combined_overall,0.0030621652944547127,0.996103090385038,0.9999139185100394
combined_overall,0.00307616745725032,0.996103090385038,0.9999139185100394
combined_overall,0.00307616745725032,0.9961095529217129,0.9999139185100394
combined_overall,0.0031063259617331663,0.9961095529217129,0.9999139185100394
combined_overall,0.0031063259617331663,0.9961160154583877,0.9999139185100394
combined_overall,0.0031278677506494847,0.9961160154583877,0.9999139185100394
combined_overall,0.0031278677506494847,0.9961224779950626,0.9999139185100394
combined_overall,0.0031310990189869327,0.9961224779950626,0.9999139185100394
combined_overall,0.0031310990189869327,0.9961289405317375,0.9999139185100394
combined_overall,0.003132176108432749,0.9961289405317375,0.9999139185100394
combined_overall,0.003132176108432749,0.9961354030684124,0.9999139185100394
combined_overall,0.0031343302873243807,0.9961354030684124,0.9999139185100394
combined_overall,0.0031386386451076444,0.9961354030684124,0.9999139185100394
combined_overall,0.0031407928239992763,0.9961354030684124,0.9999139185100394
combined_overall,0.0031526408079032516,0.9961354030684124,0.9999139185100394
combined_overall,0.0031526408079032516,0.9961418656050873,0.9999139185100394
combined_overall,0.003158026255132331,0.9961418656050873,0.9999139185100394
combined_overall,0.003158026255132331,0.9961483281417622,0.9999139185100394
combined_overall,0.0031731055073737544,0.9961483281417622,0.9999139185100394
combined_overall,0.0031731055073737544,0.9961547906784372,0.9999139185100394
combined_overall,0.0031914160279526253,0.9961547906784372,0.9999139185100394
combined_overall,0.0031914160279526253,0.996161253215112,0.9999139185100394
combined_overall,0.0032043411013024164,0.996161253215112,0.9999139185100394
combined_overall,0.0032043411013024164,0.9961677157517869,0.9999139185100394
combined_overall,0.0032366537846768946,0.9961677157517869,0.9999139185100394
combined_overall,0.0032366537846768946,0.9961741782884618,0.9999139185100394
combined_overall,0.0032388079635685264,0.9961741782884618,0.9999139185100394
combined_overall,0.0032388079635685264,0.9961806408251367,0.9999139185100394
combined_overall,0.0032431163213517905,0.9961806408251367,0.9999139185100394
combined_overall,0.0032431163213517905,0.9961871033618116,0.9999139185100394
combined_overall,0.0032603497524848453,0.9961871033618116,0.9999139185100394
combined_overall,0.0032603497524848453,0.9961935658984865,0.9999139185100394
combined_overall,0.0032754290047262687,0.9961935658984865,0.9999139185100394
combined_overall,0.0032754290047262687,0.9962000284351614,0.9999139185100394
combined_overall,0.003284045720292796,0.9962000284351614,0.9999139185100394
combined_overall,0.003284045720292796,0.9962064909718362,0.9999139185100394
combined_overall,0.0032958937041967715,0.9962064909718362,0.9999139185100394
combined_overall,0.0032958937041967715,0.9962129535085111,0.9999139185100394
combined_overall,0.0033486710870417524,0.9962129535085111,0.9999139185100394
combined_overall,0.0033486710870417524,0.996219416045186,0.9999139185100394
combined_overall,0.003354056534270832,0.996219416045186,0.9999139185100394
combined_overall,0.003354056534270832,0.996225878581861,0.9999139185100394
combined_overall,0.0033572878026082798,0.996225878581861,0.9999139185100394
combined_overall,0.0033572878026082798,0.9962323411185359,0.9999139185100394
combined_overall,0.003358364892054096,0.9962323411185359,0.9999139185100394
combined_overall,0.003358364892054096,0.9962388036552108,0.9999139185100394
combined_overall,0.003384215038753678,0.9962388036552108,0.9999139185100394
combined_overall,0.003384215038753678,0.9962452661918857,0.9999139185100394
combined_overall,0.003389600485982758,0.9962452661918857,0.9999139185100394
combined_overall,0.003389600485982758,0.9962517287285605,0.9999139185100394
combined_overall,0.003390677575428574,0.9962517287285605,0.9999139185100394
combined_overall,0.003390677575428574,0.9962581912652354,0.9999139185100394
combined_overall,0.0033982172015492853,0.9962581912652354,0.9999139185100394
combined_overall,0.0033982172015492853,0.9962646538019103,0.9999139185100394
combined_overall,0.003405756827669997,0.9962646538019103,0.9999139185100394
combined_overall,0.003405756827669997,0.9962711163385852,0.9999139185100394
combined_overall,0.0034466862266110026,0.9962711163385852,0.9999139185100394
combined_overall,0.0034466862266110026,0.9962775788752601,0.9999139185100394
combined_overall,0.0034477633160568187,0.9962775788752601,0.9999139185100394
combined_overall,0.0034477633160568187,0.996284041411935,0.9999139185100394
combined_overall,0.0034520716738400824,0.996284041411935,0.9999139185100394
combined_overall,0.0034520716738400824,0.99629050394861,0.9999139185100394
combined_overall,0.0034811530888771126,0.99629050394861,0.9999139185100394
combined_overall,0.0034811530888771126,0.9962969664852848,0.9999139185100394
combined_overall,0.0035220824878181185,0.9962969664852848,0.9999139185100394
combined_overall,0.0035220824878181185,0.9963034290219597,0.9999139185100394
combined_overall,0.0035263908456013822,0.9963034290219597,0.9999139185100394
combined_overall,0.0035263908456013822,0.9963098915586346,0.9999139185100394
combined_overall,0.003527467935047198,0.9963098915586346,0.9999139185100394
combined_overall,0.003527467935047198,0.9963163540953095,0.9999139185100394
combined_overall,0.0035339304717220935,0.9963163540953095,0.9999139185100394
combined_overall,0.0035339304717220935,0.9963228166319844,0.9999139185100394
combined_overall,0.003545778455626069,0.9963228166319844,0.9999139185100394
combined_overall,0.003545778455626069,0.9963292791686593,0.9999139185100394
combined_overall,0.0035576264395300442,0.9963292791686593,0.9999139185100394
combined_overall,0.0035576264395300442,0.9963357417053342,0.9999139185100394
combined_overall,0.0035823994967838107,0.9963357417053342,0.9999139185100394
combined_overall,0.0035823994967838107,0.996342204242009,0.9999139185100394
combined_overall,0.003584553675675443,0.996342204242009,0.9999139185100394
combined_overall,0.003584553675675443,0.996348666778684,0.9999139185100394
combined_overall,0.0035877849440128905,0.996348666778684,0.9999139185100394
combined_overall,0.0035877849440128905,0.9963551293153589,0.9999139185100394
combined_overall,0.003599632927916866,0.9963551293153589,0.9999139185100394
combined_overall,0.003599632927916866,0.9963615918520338,0.9999139185100394
combined_overall,0.003602864196254314,0.9963615918520338,0.9999139185100394
combined_overall,0.003602864196254314,0.9963680543887087,0.9999139185100394
combined_overall,0.003621174716833185,0.9963680543887087,0.9999139185100394
combined_overall,0.003621174716833185,0.9963745169253836,0.9999139185100394
combined_overall,0.0036222518062790005,0.9963745169253836,0.9999139185100394
combined_overall,0.0036222518062790005,0.9963809794620585,0.9999139185100394
combined_overall,0.0036233288957248167,0.9963809794620585,0.9999139185100394
combined_overall,0.0036233288957248167,0.9963874419987333,0.9999139185100394
combined_overall,0.003631945611291344,0.9963874419987333,0.9999139185100394
combined_overall,0.003631945611291344,0.9963939045354082,0.9999139185100394
combined_overall,0.003634099790182976,0.9963939045354082,0.9999139185100394
combined_overall,0.003634099790182976,0.9964003670720831,0.9999139185100394
combined_overall,0.0036599499368825585,0.9964003670720831,0.9999139185100394
combined_overall,0.0036599499368825585,0.996406829608758,0.9999139185100394
combined_overall,0.0036642582946658222,0.996406829608758,0.9999139185100394
combined_overall,0.0036642582946658222,0.996413292145433,0.9999139185100394
combined_overall,0.003685800083582141,0.996413292145433,0.9999139185100394
combined_overall,0.003685800083582141,0.9964197546821079,0.9999139185100394
combined_overall,0.0036954938885944842,0.9964197546821079,0.9999139185100394
combined_overall,0.0036954938885944842,0.9964262172187827,0.9999139185100394
combined_overall,0.003703033514715196,0.9964262172187827,0.9999139185100394
combined_overall,0.0037051876936068278,0.9964262172187827,0.9999139185100394
combined_overall,0.0037428858242103858,0.9964262172187827,0.9999139185100394
combined_overall,0.0037428858242103858,0.9964326797554576,0.9999139185100394
combined_overall,0.0037978173859469985,0.9964326797554576,0.9999139185100394
combined_overall,0.0037978173859469985,0.9964391422921325,0.9999139185100394
combined_overall,0.0038301300693214767,0.9964391422921325,0.9999139185100394
combined_overall,0.0038301300693214767,0.9964520673654823,0.9999139185100394
combined_overall,0.0038355155165505565,0.9964520673654823,0.9999139185100394
combined_overall,0.0038355155165505565,0.9964585299021572,0.9999139185100394
combined_overall,0.003841978053225452,0.9964585299021572,0.9999139185100394
combined_overall,0.003841978053225452,0.9964649924388321,0.9999139185100394
combined_overall,0.003865674021033403,0.9964649924388321,0.9999139185100394
combined_overall,0.003865674021033403,0.9964714549755069,0.9999139185100394
combined_overall,0.0038667511104792185,0.9964714549755069,0.9999139185100394
combined_overall,0.0038667511104792185,0.9964779175121818,0.9999139185100394
combined_overall,0.00387967618382901,0.9964779175121818,0.9999139185100394
combined_overall,0.00387967618382901,0.9964908425855317,0.9999139185100394
combined_overall,0.0038829074521664576,0.9964908425855317,0.9999139185100394
combined_overall,0.0038829074521664576,0.9964973051222066,0.9999139185100394
combined_overall,0.0039195284933241994,0.9964973051222066,0.9999139185100394
combined_overall,0.0039195284933241994,0.9965037676588815,0.9999139185100394
combined_overall,0.0039227597616616474,0.9965037676588815,0.9999139185100394
combined_overall,0.0039227597616616474,0.9965102301955564,0.9999139185100394
combined_overall,0.0039453786400237825,0.9965102301955564,0.9999139185100394
combined_overall,0.0039453786400237825,0.9965231552689061,0.9999139185100394
combined_overall,0.00397230587616918,0.9965231552689061,0.9999139185100394
combined_overall,0.00397230587616918,0.996529617805581,0.9999139185100394
combined_overall,0.003973382965614997,0.996529617805581,0.9999139185100394
combined_overall,0.003973382965614997,0.9965425428789308,0.9999139185100394
combined_overall,0.003977691323398261,0.9965425428789308,0.9999139185100394
combined_overall,0.003977691323398261,0.9965554679522807,0.9999139185100394
combined_overall,0.003984153860073156,0.9965554679522807,0.9999139185100394
combined_overall,0.003984153860073156,0.9965683930256304,0.9999139185100394
combined_overall,0.0039852309495189715,0.9965683930256304,0.9999139185100394
combined_overall,0.0039852309495189715,0.9965748555623053,0.9999139185100394
combined_overall,0.003987385128410604,0.9965748555623053,0.9999139185100394
combined_overall,0.003987385128410604,0.9965877806356551,0.9999139185100394
combined_overall,0.0039884622178564194,0.9965877806356551,0.9999139185100394
combined_overall,0.0039884622178564194,0.99659424317233,0.9999139185100394
combined_overall,0.003996001843977131,0.99659424317233,0.9999139185100394
combined_overall,0.003996001843977131,0.9966007057090049,0.9999139185100394
combined_overall,0.003998156022868763,0.9966007057090049,0.9999139185100394
combined_overall,0.003998156022868763,0.9966071682456797,0.9999139185100394
combined_overall,0.003999233112314579,0.9966071682456797,0.9999139185100394
combined_overall,0.003999233112314579,0.9966136307823547,0.9999139185100394
combined_overall,0.004005695648989475,0.9966136307823547,0.9999139185100394
combined_overall,0.004005695648989475,0.9966200933190296,0.9999139185100394
combined_overall,0.004006772738435291,0.9966200933190296,0.9999139185100394
combined_overall,0.004006772738435291,0.9966330183923794,0.9999139185100394
combined_overall,0.004008926917326922,0.9966330183923794,0.9999139185100394
combined_overall,0.004008926917326922,0.9966394809290543,0.9999139185100394
combined_overall,0.004015389454001818,0.9966394809290543,0.9999139185100394
combined_overall,0.004015389454001818,0.9966459434657292,0.9999139185100394
combined_overall,0.004018620722339266,0.9966459434657292,0.9999139185100394
combined_overall,0.004020774901230898,0.9966459434657292,0.9999139185100394
combined_overall,0.004026160348459978,0.9966459434657292,0.9999139185100394
combined_overall,0.004028314527351609,0.9966459434657292,0.9999139185100394
combined_overall,0.004028314527351609,0.996652406002404,0.9999139185100394
combined_overall,0.004040162511255585,0.996652406002404,0.9999139185100394
combined_overall,0.004040162511255585,0.9966588685390789,0.9999139185100394
combined_overall,0.0040412396007014,0.9966588685390789,0.9999139185100394
combined_overall,0.0040412396007014,0.9966976437591283,0.9999139185100394
combined_overall,0.004042316690147217,0.9966976437591283,0.9999139185100394
combined_overall,0.004042316690147217,0.9967041062958032,0.9999139185100394
combined_overall,0.004043393779593033,0.9967041062958032,0.9999139185100394
combined_overall,0.004043393779593033,0.996717031369153,0.9999139185100394
combined_overall,0.004045547958484664,0.996717031369153,0.9999139185100394
combined_overall,0.004045547958484664,0.9967234939058279,0.9999139185100394
combined_overall,0.004055241763497008,0.9967234939058279,0.9999139185100394
combined_overall,0.004055241763497008,0.9967364189791778,0.9999139185100394
combined_overall,0.00406278138961772,0.9967364189791778,0.9999139185100394
combined_overall,0.00406278138961772,0.9967493440525275,0.9999139185100394
combined_overall,0.004074629373521695,0.9967493440525275,0.9999139185100394
combined_overall,0.004074629373521695,0.9967558065892024,0.9999139185100394
combined_overall,0.004084323178534038,0.9967558065892024,0.9999139185100394
combined_overall,0.0040864773574256705,0.9967558065892024,0.9999139185100394
combined_overall,0.004087554446871486,0.9967558065892024,0.9999139185100394
combined_overall,0.004087554446871486,0.9967622691258773,0.9999139185100394
combined_overall,0.004090785715208934,0.9967622691258773,0.9999139185100394
combined_overall,0.004090785715208934,0.9967687316625522,0.9999139185100394
combined_overall,0.004092939894100566,0.9967687316625522,0.9999139185100394
combined_overall,0.004092939894100566,0.9967751941992271,0.9999139185100394
combined_overall,0.004094016983546381,0.9967751941992271,0.9999139185100394
combined_overall,0.004094016983546381,0.9968010443459266,0.9999139185100394
combined_overall,0.004095094072992198,0.9968010443459266,0.9999139185100394
combined_overall,0.004095094072992198,0.9968139694192765,0.9999139185100394
combined_overall,0.004098325341329645,0.9968139694192765,0.9999139185100394
combined_overall,0.004098325341329645,0.9968333570293011,0.9999139185100394
combined_overall,0.0040994024307754616,0.9968333570293011,0.9999139185100394
combined_overall,0.0040994024307754616,0.996839819565976,0.9999139185100394
combined_overall,0.004104787878004541,0.996839819565976,0.9999139185100394
combined_overall,0.004104787878004541,0.9968527446393258,0.9999139185100394
combined_overall,0.004111250414679437,0.9968527446393258,0.9999139185100394
combined_overall,0.004111250414679437,0.9968592071760007,0.9999139185100394
combined_overall,0.004114481683016884,0.9968592071760007,0.9999139185100394
combined_overall,0.004125252577475044,0.9968785947860254,0.9999139185100394
combined_overall,0.0041457172769455465,0.9968785947860254,0.9999139185100394
combined_overall,0.0041457172769455465,0.9968850573227003,0.9999139185100394
combined_overall,0.004153256903066258,0.9968850573227003,0.9999139185100394
combined_overall,0.004153256903066258,0.9968915198593752,0.9999139185100394
combined_overall,0.0041683361553076816,0.9968915198593752,0.9999139185100394
combined_overall,0.0041683361553076816,0.9968979823960501,0.9999139185100394
combined_overall,0.004183415407549105,0.9968979823960501,0.9999139185100394
combined_overall,0.004183415407549105,0.9969173700060748,0.9999139185100394
combined_overall,0.004216805180369399,0.9969173700060748,0.9999139185100394
combined_overall,0.004216805180369399,0.9969302950794245,0.9999139185100394
combined_overall,0.00421895935926103,0.9969302950794245,0.9999139185100394
combined_overall,0.00421895935926103,0.9969367576160995,0.9999139185100394
combined_overall,0.004225421895935926,0.9969367576160995,0.9999139185100394
combined_overall,0.004225421895935926,0.9969432201527744,0.9999139185100394
combined_overall,0.004257734579310404,0.9969432201527744,0.9999139185100394
combined_overall,0.004257734579310404,0.9969496826894493,0.9999139185100394
combined_overall,0.004271736742106011,0.9969496826894493,0.9999139185100394
combined_overall,0.004271736742106011,0.9969561452261242,0.9999139185100394
combined_overall,0.0042932785310223305,0.9969561452261242,0.9999139185100394
combined_overall,0.0042932785310223305,0.9969626077627991,0.9999139185100394
combined_overall,0.004299741067697226,0.9969626077627991,0.9999139185100394
combined_overall,0.004299741067697226,0.9969690702994739,0.9999139185100394
combined_overall,0.004321282856613545,0.9969690702994739,0.9999139185100394
combined_overall,0.004321282856613545,0.9969755328361488,0.9999139185100394
combined_overall,0.004332053751071704,0.9969755328361488,0.9999139185100394
combined_overall,0.004332053751071704,0.9969884579094986,0.9999139185100394
combined_overall,0.004343901734975679,0.9969884579094986,0.9999139185100394
combined_overall,0.004343901734975679,0.9970013829828485,0.9999139185100394
combined_overall,0.004347133003313127,0.9970013829828485,0.9999139185100394
combined_overall,0.004347133003313127,0.9970078455195234,0.9999139185100394
combined_overall,0.0043557497188796545,0.9970078455195234,0.9999139185100394
combined_overall,0.0043557497188796545,0.9970143080561982,0.9999139185100394
combined_overall,0.004361135166108735,0.9970143080561982,0.9999139185100394
combined_overall,0.004361135166108735,0.9970207705928731,0.9999139185100394
combined_overall,0.0043622122555545505,0.9970207705928731,0.9999139185100394
combined_overall,0.0043622122555545505,0.997027233129548,0.9999139185100394
combined_overall,0.004368674792229446,0.997027233129548,0.9999139185100394
combined_overall,0.004368674792229446,0.9970336956662229,0.9999139185100394
combined_overall,0.004369751881675262,0.9970336956662229,0.9999139185100394
combined_overall,0.004369751881675262,0.9970401582028978,0.9999139185100394
combined_overall,0.0043751373289043416,0.9970401582028978,0.9999139185100394
combined_overall,0.0043751373289043416,0.9970466207395727,0.9999139185100394
combined_overall,0.004376214418350157,0.9970466207395727,0.9999139185100394
combined_overall,0.004376214418350157,0.9970530832762476,0.9999139185100394
combined_overall,0.004383754044470869,0.9970530832762476,0.9999139185100394
combined_overall,0.004383754044470869,0.9970595458129224,0.9999139185100394
combined_overall,0.004384831133916685,0.9970595458129224,0.9999139185100394
combined_overall,0.004384831133916685,0.9970660083495974,0.9999139185100394
combined_overall,0.004399910386158108,0.9970660083495974,0.9999139185100394
combined_overall,0.004399910386158108,0.9970724708862723,0.9999139185100394
combined_overall,0.004411758370062083,0.9970724708862723,0.9999139185100394
combined_overall,0.004411758370062083,0.9970789334229472,0.9999139185100394
combined_overall,0.004412835459507899,0.9970789334229472,0.9999139185100394
combined_overall,0.004412835459507899,0.9970853959596221,0.9999139185100394
combined_overall,0.004413912548953716,0.9970853959596221,0.9999139185100394
combined_overall,0.004413912548953716,0.997091858496297,0.9999139185100394
combined_overall,0.004419297996182795,0.997091858496297,0.9999139185100394
combined_overall,0.0044214521750744265,0.997091858496297,0.9999139185100394
combined_overall,0.0044343772484242185,0.997091858496297,0.9999139185100394
combined_overall,0.0044343772484242185,0.9970983210329719,0.9999139185100394
combined_overall,0.004438685606207482,0.9970983210329719,0.9999139185100394
combined_overall,0.004438685606207482,0.9971047835696467,0.9999139185100394
combined_overall,0.004446225232328194,0.9971047835696467,0.9999139185100394
combined_overall,0.004446225232328194,0.9971112461063216,0.9999139185100394
combined_overall,0.004456996126786353,0.9971112461063216,0.9999139185100394
combined_overall,0.004488231720715015,0.9971112461063216,0.9999139185100394
combined_overall,0.004488231720715015,0.9971177086429965,0.9999139185100394
combined_overall,0.004515158956860414,0.9971177086429965,0.9999139185100394
combined_overall,0.004515158956860414,0.9971241711796714,0.9999139185100394
combined_overall,0.004537777835222548,0.9971241711796714,0.9999139185100394
combined_overall,0.004537777835222548,0.9971306337163464,0.9999139185100394
combined_overall,0.004555011266355603,0.9971306337163464,0.9999139185100394
combined_overall,0.004555011266355603,0.9971370962530213,0.9999139185100394
combined_overall,0.004556088355801419,0.9971370962530213,0.9999139185100394
combined_overall,0.004570090518597026,0.9971370962530213,0.9999139185100394
combined_overall,0.004571167608042842,0.9971370962530213,0.9999139185100394
combined_overall,0.004571167608042842,0.997150021326371,0.9999139185100394
combined_overall,0.004577630144717738,0.997150021326371,0.9999139185100394
combined_overall,0.004577630144717738,0.9971564838630459,0.9999139185100394
combined_overall,0.004587323949730081,0.9971564838630459,0.9999139185100394
combined_overall,0.004587323949730081,0.9971629463997208,0.9999139185100394
combined_overall,0.004599171933634056,0.9971629463997208,0.9999139185100394
combined_overall,0.004599171933634056,0.9971694089363957,0.9999139185100394
combined_overall,0.004626099169779455,0.9971694089363957,0.9999139185100394
combined_overall,0.004636870064237615,0.9971694089363957,0.9999139185100394
combined_overall,0.004675645284286988,0.9971694089363957,0.9999139185100394
combined_overall,0.00467779946317862,0.9971694089363957,0.9999139185100394
combined_overall,0.004678876552624436,0.9971694089363957,0.9999139185100394
combined_overall,0.004681030731516068,0.9971694089363957,0.9999139185100394
combined_overall,0.004698264162649123,0.9971694089363957,0.9999139185100394
combined_overall,0.004698264162649123,0.9971758714730706,0.9999139185100394
combined_overall,0.004701495430986571,0.9971758714730706,0.9999139185100394
combined_overall,0.004701495430986571,0.9971823340097455,0.9999139185100394
combined_overall,0.004715497593782178,0.9971823340097455,0.9999139185100394
combined_overall,0.004715497593782178,0.9971887965464205,0.9999139185100394
combined_overall,0.00471765177267381,0.9971887965464205,0.9999139185100394
combined_overall,0.0047198059515654416,0.9971887965464205,0.9999139185100394
combined_overall,0.004720883041011258,0.9971887965464205,0.9999139185100394
combined_overall,0.0047230372199028895,0.9971887965464205,0.9999139185100394
combined_overall,0.004728422667131969,0.9971887965464205,0.9999139185100394
combined_overall,0.004728422667131969,0.9971952590830953,0.9999139185100394
combined_overall,0.004730576846023601,0.9971952590830953,0.9999139185100394
combined_overall,0.004730576846023601,0.9972017216197702,0.9999139185100394
combined_overall,0.004747810277156656,0.9972017216197702,0.9999139185100394
combined_overall,0.004747810277156656,0.9972081841564451,0.9999139185100394
combined_overall,0.004748887366602472,0.9972081841564451,0.9999139185100394
combined_overall,0.004748887366602472,0.99721464669312,0.9999139185100394
combined_overall,0.004803818928339085,0.99721464669312,0.9999139185100394
combined_overall,0.004803818928339085,0.9972211092297949,0.9999139185100394
combined_overall,0.004875983921208753,0.9972211092297949,0.9999139185100394
combined_overall,0.004875983921208753,0.9972275717664698,0.9999139185100394
combined_overall,0.004894294441787623,0.9972275717664698,0.9999139185100394
combined_overall,0.004894294441787623,0.9972340343031447,0.9999139185100394
combined_overall,0.0049104507834748625,0.9972340343031447,0.9999139185100394
combined_overall,0.0049104507834748625,0.9972404968398195,0.9999139185100394
combined_overall,0.0049136820518123105,0.9972404968398195,0.9999139185100394
combined_overall,0.0049136820518123105,0.9972469593764944,0.9999139185100394
combined_overall,0.0049201445884872064,0.9972469593764944,0.9999139185100394
combined_overall,0.0049201445884872064,0.9972534219131693,0.9999139185100394
combined_overall,0.0049298383934995495,0.9972534219131693,0.9999139185100394
combined_overall,0.0049298383934995495,0.9972598844498443,0.9999139185100394
combined_overall,0.004969690702994739,0.9972598844498443,0.9999139185100394
combined_overall,0.004969690702994739,0.9972663469865192,0.9999139185100394
combined_overall,0.004983692865790347,0.9972663469865192,0.9999139185100394
combined_overall,0.004983692865790347,0.9972728095231941,0.9999139185100394
combined_overall,0.005031084801406248,0.9972728095231941,0.9999139185100394
combined_overall,0.005031084801406248,0.997279272059869,0.9999139185100394
combined_overall,0.005039701516972775,0.997279272059869,0.9999139185100394
combined_overall,0.005039701516972775,0.9972857345965438,0.9999139185100394
combined_overall,0.005052626590322567,0.9972857345965438,0.9999139185100394
combined_overall,0.005052626590322567,0.9972921971332187,0.9999139185100394
combined_overall,0.005097864347046836,0.9972921971332187,0.9999139185100394
combined_overall,0.005097864347046836,0.9972986596698936,0.9999139185100394
combined_overall,0.005111866509842443,0.9972986596698936,0.9999139185100394
combined_overall,0.005111866509842443,0.9973051222065685,0.9999139185100394
combined_overall,0.005157104266566713,0.9973051222065685,0.9999139185100394
combined_overall,0.005157104266566713,0.9973115847432434,0.9999139185100394
combined_overall,0.005173260608253952,0.9973115847432434,0.9999139185100394
combined_overall,0.005173260608253952,0.9973180472799184,0.9999139185100394
combined_overall,0.005185108592157927,0.9973180472799184,0.9999139185100394
combined_overall,0.005185108592157927,0.9973245098165933,0.9999139185100394
combined_overall,0.005188339860495375,0.9973245098165933,0.9999139185100394
combined_overall,0.005188339860495375,0.9973309723532681,0.9999139185100394
combined_overall,0.005189416949941191,0.9973309723532681,0.9999139185100394
combined_overall,0.005189416949941191,0.997337434889943,0.9999139185100394
combined_overall,0.005201264933845166,0.997337434889943,0.9999139185100394
combined_overall,0.005201264933845166,0.9973438974266179,0.9999139185100394
combined_overall,0.00520557329162843,0.9973438974266179,0.9999139185100394
combined_overall,0.00520557329162843,0.9973503599632928,0.9999139185100394
combined_overall,0.005226037991098933,0.9973503599632928,0.9999139185100394
combined_overall,0.005226037991098933,0.9973568224999677,0.9999139185100394
combined_overall,0.005245425601123619,0.9973568224999677,0.9999139185100394
combined_overall,0.005245425601123619,0.9973632850366426,0.9999139185100394
combined_overall,0.005248656869461067,0.9973632850366426,0.9999139185100394
combined_overall,0.005248656869461067,0.9973697475733175,0.9999139185100394
combined_overall,0.005258350674473411,0.9973697475733175,0.9999139185100394
combined_overall,0.005258350674473411,0.9973762101099923,0.9999139185100394
combined_overall,0.0052648132111483064,0.9973762101099923,0.9999139185100394
combined_overall,0.0052648132111483064,0.9973826726466672,0.9999139185100394
combined_overall,0.0052906633578478895,0.9973826726466672,0.9999139185100394
combined_overall,0.005292817536739521,0.9973826726466672,0.9999139185100394
combined_overall,0.005297125894522785,0.9973826726466672,0.9999139185100394
combined_overall,0.005297125894522785,0.9973891351833422,0.9999139185100394
combined_overall,0.005310050967872576,0.9973891351833422,0.9999139185100394
combined_overall,0.005310050967872576,0.9973955977200171,0.9999139185100394
combined_overall,0.005320821862330735,0.9973955977200171,0.9999139185100394
combined_overall,0.005320821862330735,0.997402060256692,0.9999139185100394
combined_overall,0.005321898951776551,0.997402060256692,0.9999139185100394
combined_overall,0.005321898951776551,0.9974149853300418,0.9999139185100394
combined_overall,0.005396218123537851,0.9974149853300418,0.9999139185100394
combined_overall,0.005396218123537851,0.9974214478667166,0.9999139185100394
combined_overall,0.005408066107441827,0.9974214478667166,0.9999139185100394
combined_overall,0.005408066107441827,0.9974279104033915,0.9999139185100394
combined_overall,0.005413451554670906,0.9974279104033915,0.9999139185100394
combined_overall,0.005413451554670906,0.9974343729400664,0.9999139185100394
combined_overall,0.005439301701370488,0.9974343729400664,0.9999139185100394
combined_overall,0.005439301701370488,0.9974408354767413,0.9999139185100394
combined_overall,0.005459766400840991,0.9974408354767413,0.9999139185100394
combined_overall,0.005459766400840991,0.9974472980134163,0.9999139185100394
combined_overall,0.005464074758624256,0.9974472980134163,0.9999139185100394
combined_overall,0.005468383116407519,0.9974472980134163,0.9999139185100394
combined_overall,0.005473768563636599,0.9974472980134163,0.9999139185100394
combined_overall,0.005586862955447272,0.9974472980134163,0.9999139185100394
combined_overall,0.005592248402676352,0.9974472980134163,0.9999139185100394
combined_overall,0.005592248402676352,0.9974666856234409,0.9999139185100394
combined_overall,0.005593325492122168,0.9974666856234409,0.9999139185100394
combined_overall,0.005593325492122168,0.9974796106967907,0.9999139185100394
combined_overall,0.005594402581567984,0.9974796106967907,0.9999139185100394
combined_overall,0.005594402581567984,0.9974860732334656,0.9999139185100394
combined_overall,0.0055954796710138,0.9974860732334656,0.9999139185100394
combined_overall,0.0055954796710138,0.9975054608434902,0.9999139185100394
combined_overall,0.005598710939351248,0.9975054608434902,0.9999139185100394
combined_overall,0.005598710939351248,0.9975119233801651,0.9999139185100394
combined_overall,0.005626715264942462,0.9975119233801651,0.9999139185100394
combined_overall,0.005626715264942462,0.9975183859168401,0.9999139185100394
combined_overall,0.0056547195905336765,0.9975183859168401,0.9999139185100394
combined_overall,0.0056547195905336765,0.997524848453515,0.9999139185100394
combined_overall,0.005674107200558364,0.997524848453515,0.9999139185100394
combined_overall,0.005674107200558364,0.9975442360635397,0.9999139185100394
combined_overall,0.00568810936335397,0.9975442360635397,0.9999139185100394
combined_overall,0.00568810936335397,0.9975506986002145,0.9999139185100394
combined_overall,0.00569888025781213,0.9975506986002145,0.9999139185100394
combined_overall,0.00569888025781213,0.9975571611368894,0.9999139185100394
combined_overall,0.0057010344367037615,0.9975571611368894,0.9999139185100394
combined_overall,0.005703188615595394,0.9975571611368894,0.9999139185100394
combined_overall,0.005708574062824473,0.9975571611368894,0.9999139185100394
combined_overall,0.005708574062824473,0.9975636236735643,0.9999139185100394
combined_overall,0.0057107282417161054,0.9975636236735643,0.9999139185100394
combined_overall,0.0057107282417161054,0.9975700862102392,0.9999139185100394
combined_overall,0.00572796167284916,0.9975700862102392,0.9999139185100394
combined_overall,0.00572796167284916,0.9975765487469141,0.9999139185100394
combined_overall,0.005730115851740792,0.9975765487469141,0.9999139185100394
combined_overall,0.005730115851740792,0.9975830112835891,0.9999139185100394
combined_overall,0.0057958183079355645,0.9975830112835891,0.9999139185100394
combined_overall,0.0057958183079355645,0.997589473820264,0.9999139185100394
combined_overall,0.005843210243551465,0.997589473820264,0.9999139185100394
combined_overall,0.005843210243551465,0.9975959363569388,0.9999139185100394
combined_overall,0.005874445837480128,0.9975959363569388,0.9999139185100394
combined_overall,0.005874445837480128,0.9976023988936137,0.9999139185100394
combined_overall,0.005888448000275735,0.9976023988936137,0.9999139185100394
combined_overall,0.005888448000275735,0.9976153239669635,0.9999139185100394
combined_overall,0.00590029598417971,0.9976153239669635,0.9999139185100394
combined_overall,0.005902450163071342,0.9976153239669635,0.9999139185100394
combined_overall,0.005948765009241427,0.9976153239669635,0.9999139185100394
combined_overall,0.005948765009241427,0.9976217865036384,0.9999139185100394
combined_overall,0.005964921350928666,0.9976217865036384,0.9999139185100394
combined_overall,0.005964921350928666,0.9976282490403133,0.9999139185100394
combined_overall,0.0059767693348326415,0.9976282490403133,0.9999139185100394
combined_overall,0.0059767693348326415,0.9976347115769882,0.9999139185100394
combined_overall,0.005977846424278458,0.9976347115769882,0.9999139185100394
combined_overall,0.005977846424278458,0.997641174113663,0.9999139185100394
combined_overall,0.0059800006031700895,0.997641174113663,0.9999139185100394
combined_overall,0.0059800006031700895,0.997647636650338,0.9999139185100394
combined_overall,0.005982154782061722,0.997647636650338,0.9999139185100394
combined_overall,0.005982154782061722,0.9976540991870129,0.9999139185100394
combined_overall,0.005988617318736617,0.9976540991870129,0.9999139185100394
combined_overall,0.005990771497628249,0.9976540991870129,0.9999139185100394
combined_overall,0.005991848587074065,0.9976540991870129,0.9999139185100394
combined_overall,0.005994002765965697,0.9976540991870129,0.9999139185100394
combined_overall,0.006001542392086409,0.9976540991870129,0.9999139185100394
combined_overall,0.006001542392086409,0.9976605617236878,0.9999139185100394
combined_overall,0.006020930002111095,0.9976605617236878,0.9999139185100394
combined_overall,0.006023084181002727,0.9976605617236878,0.9999139185100394
combined_overall,0.006069399027172812,0.9976605617236878,0.9999139185100394
combined_overall,0.006069399027172812,0.9976670242603627,0.9999139185100394
combined_overall,0.006075861563847708,0.9976670242603627,0.9999139185100394
combined_overall,0.00607801574273934,0.9976670242603627,0.9999139185100394
combined_overall,0.006080169921630972,0.9976670242603627,0.9999139185100394
combined_overall,0.006080169921630972,0.9976734867970376,0.9999139185100394
combined_overall,0.00614156402004248,0.9976734867970376,0.9999139185100394
combined_overall,0.00614156402004248,0.9976799493337125,0.9999139185100394
combined_overall,0.0061469494672715605,0.9976799493337125,0.9999139185100394
combined_overall,0.0061469494672715605,0.9976864118703873,0.9999139185100394
combined_overall,0.006179262150646039,0.9976864118703873,0.9999139185100394
combined_overall,0.006179262150646039,0.9976928744070622,0.9999139185100394
combined_overall,0.006194341402887461,0.9976928744070622,0.9999139185100394
combined_overall,0.006194341402887461,0.9976993369437371,0.9999139185100394
combined_overall,0.0062783543796611045,0.9976993369437371,0.9999139185100394
combined_overall,0.0062783543796611045,0.997705799480412,0.9999139185100394
combined_overall,0.006280508558552737,0.997705799480412,0.9999139185100394
combined_overall,0.006280508558552737,0.997712262017087,0.9999139185100394
combined_overall,0.006311744152481398,0.997712262017087,0.9999139185100394
combined_overall,0.006311744152481398,0.9977187245537619,0.9999139185100394
combined_overall,0.00631928377860211,0.9977187245537619,0.9999139185100394
combined_overall,0.00631928377860211,0.9977251870904368,0.9999139185100394
combined_overall,0.00634836519363914,0.9977251870904368,0.9999139185100394
combined_overall,0.00634836519363914,0.9977316496271116,0.9999139185100394
combined_overall,0.006349442283084957,0.9977316496271116,0.9999139185100394
combined_overall,0.006349442283084957,0.9977381121637865,0.9999139185100394
combined_overall,0.006352673551422404,0.9977381121637865,0.9999139185100394
combined_overall,0.006352673551422404,0.9977445747004614,0.9999139185100394
combined_overall,0.006370984072001275,0.9977445747004614,0.9999139185100394
combined_overall,0.0063731382508929076,0.9977445747004614,0.9999139185100394
combined_overall,0.006376369519230355,0.9977445747004614,0.9999139185100394
combined_overall,0.006376369519230355,0.9977510372371363,0.9999139185100394
combined_overall,0.0064000654870383054,0.9977510372371363,0.9999139185100394
combined_overall,0.006402219665929938,0.9977510372371363,0.9999139185100394
combined_overall,0.006407605113159017,0.9977510372371363,0.9999139185100394
combined_overall,0.006407605113159017,0.9977574997738112,0.9999139185100394
combined_overall,0.006414067649833913,0.9977574997738112,0.9999139185100394
combined_overall,0.006414067649833913,0.9977639623104861,0.9999139185100394
combined_overall,0.006437763617641864,0.9977639623104861,0.9999139185100394
combined_overall,0.006437763617641864,0.997770424847161,0.9999139185100394
combined_overall,0.006470076301016342,0.997770424847161,0.9999139185100394
combined_overall,0.006470076301016342,0.9977768873838359,0.9999139185100394
combined_overall,0.006477615927137053,0.9977768873838359,0.9999139185100394
combined_overall,0.006479770106028685,0.9977768873838359,0.9999139185100394
combined_overall,0.0064819242849203165,0.9977768873838359,0.9999139185100394
combined_overall,0.006484078463811949,0.9977768873838359,0.9999139185100394
combined_overall,0.006489463911041028,0.9977768873838359,0.9999139185100394
combined_overall,0.006489463911041028,0.9977833499205108,0.9999139185100394
combined_overall,0.006495926447715924,0.9977833499205108,0.9999139185100394
combined_overall,0.006495926447715924,0.9977898124571857,0.9999139185100394
combined_overall,0.006501311894945004,0.9977898124571857,0.9999139185100394
combined_overall,0.006503466073836636,0.9977898124571857,0.9999139185100394
combined_overall,0.006532547488873666,0.9977898124571857,0.9999139185100394
combined_overall,0.006534701667765298,0.9977898124571857,0.9999139185100394
combined_overall,0.006541164204440193,0.9977898124571857,0.9999139185100394
combined_overall,0.006573476887814672,0.9977898124571857,0.9999139185100394
combined_overall,0.006573476887814672,0.9977962749938606,0.9999139185100394
combined_overall,0.00660578957118915,0.9977962749938606,0.9999139185100394
combined_overall,0.00660578957118915,0.9978027375305355,0.9999139185100394
combined_overall,0.006616560465647309,0.9978027375305355,0.9999139185100394
combined_overall,0.006616560465647309,0.9978092000672104,0.9999139185100394
combined_overall,0.006644564791238524,0.9978092000672104,0.9999139185100394
combined_overall,0.006644564791238524,0.9978156626038853,0.9999139185100394
combined_overall,0.0066488731490217876,0.9978156626038853,0.9999139185100394
combined_overall,0.0066488731490217876,0.9978221251405601,0.9999139185100394
combined_overall,0.006665029490709027,0.9978221251405601,0.9999139185100394
combined_overall,0.006665029490709027,0.997828587677235,0.9999139185100394
combined_overall,0.006666106580154842,0.997828587677235,0.9999139185100394
combined_overall,0.006668260759046475,0.997828587677235,0.9999139185100394
combined_overall,0.006683340011287897,0.997828587677235,0.9999139185100394
combined_overall,0.006683340011287897,0.99783505021391,0.9999139185100394
combined_overall,0.0066984192635293205,0.99783505021391,0.9999139185100394
combined_overall,0.006700573442420953,0.99783505021391,0.9999139185100394
combined_overall,0.0067038047107584,0.99783505021391,0.9999139185100394
combined_overall,0.006705958889650032,0.99783505021391,0.9999139185100394
combined_overall,0.006728577768012167,0.99783505021391,0.9999139185100394
combined_overall,0.006732886125795431,0.99783505021391,0.9999139185100394
combined_overall,0.006736117394132878,0.99783505021391,0.9999139185100394
combined_overall,0.006736117394132878,0.9978415127505849,0.9999139185100394
combined_overall,0.006794280224206939,0.9978415127505849,0.9999139185100394
combined_overall,0.006794280224206939,0.9978479752872598,0.9999139185100394
combined_overall,0.006848134696497736,0.9978479752872598,0.9999139185100394
combined_overall,0.006848134696497736,0.9978544378239347,0.9999139185100394
combined_overall,0.006870753574859871,0.9978544378239347,0.9999139185100394
combined_overall,0.006870753574859871,0.9978609003606096,0.9999139185100394
combined_overall,0.006892295363776189,0.9978609003606096,0.9999139185100394
combined_overall,0.006892295363776189,0.9978673628972844,0.9999139185100394
combined_overall,0.006917068421029956,0.9978673628972844,0.9999139185100394
combined_overall,0.0069213767788132196,0.9978673628972844,0.9999139185100394
combined_overall,0.006925685136596483,0.9978673628972844,0.9999139185100394
combined_overall,0.006925685136596483,0.9978738254339593,0.9999139185100394
combined_overall,0.006979539608887281,0.9978738254339593,0.9999139185100394
combined_overall,0.006979539608887281,0.9978802879706342,0.9999139185100394
combined_overall,0.0069935417716828875,0.9978802879706342,0.9999139185100394
combined_overall,0.00699569595057452,0.9978802879706342,0.9999139185100394
combined_overall,0.007011852292261759,0.9978802879706342,0.9999139185100394
combined_overall,0.007011852292261759,0.9978867505073091,0.9999139185100394
combined_overall,0.0071184841473975365,0.9978867505073091,0.9999139185100394
combined_overall,0.0071184841473975365,0.997893213043984,0.9999139185100394
combined_overall,0.007148642651880382,0.997893213043984,0.9999139185100394
combined_overall,0.007150796830772015,0.997893213043984,0.9999139185100394
combined_overall,0.007211113839737707,0.997893213043984,0.9999139185100394
combined_overall,0.007211113839737707,0.997899675580659,0.9999139185100394
combined_overall,0.007252043238678713,0.997899675580659,0.9999139185100394
combined_overall,0.0072563515964619765,0.997899675580659,0.9999139185100394
combined_overall,0.007267122490920136,0.997899675580659,0.9999139185100394
combined_overall,0.007267122490920136,0.9979061381173339,0.9999139185100394
combined_overall,0.007297280995402982,0.9979061381173339,0.9999139185100394
combined_overall,0.00730051226374043,0.9979061381173339,0.9999139185100394
combined_overall,0.007302666442632062,0.9979061381173339,0.9999139185100394
combined_overall,0.007345750020464699,0.9979061381173339,0.9999139185100394
combined_overall,0.0073479041993563315,0.9979061381173339,0.9999139185100394
combined_overall,0.0074103753872136555,0.9979061381173339,0.9999139185100394
combined_overall,0.007412529566105288,0.9979061381173339,0.9999139185100394
combined_overall,0.007422223371117631,0.9979061381173339,0.9999139185100394
combined_overall,0.007422223371117631,0.9979126006540087,0.9999139185100394
combined_overall,0.007583786787990022,0.9979126006540087,0.9999139185100394
combined_overall,0.007585940966881654,0.9979126006540087,0.9999139185100394
combined_overall,0.007605328576906341,0.9979126006540087,0.9999139185100394
combined_overall,0.007607482755797972,0.9979126006540087,0.9999139185100394
combined_overall,0.007723808415946094,0.9979126006540087,0.9999139185100394
combined_overall,0.007725962594837725,0.9979126006540087,0.9999139185100394
combined_overall,0.007727039684283542,0.9979126006540087,0.9999139185100394
combined_overall,0.007729193863175173,0.9979126006540087,0.9999139185100394
combined_overall,0.007736733489295885,0.9979126006540087,0.9999139185100394
combined_overall,0.007736733489295885,0.9979190631906836,0.9999139185100394
combined_overall,0.00796615354125468,0.9979190631906836,0.9999139185100394
combined_overall,0.007968307720146312,0.9979190631906836,0.9999139185100394
combined_overall,0.00798230988294192,0.9979190631906836,0.9999139185100394
combined_overall,0.00798446406183355,0.9979190631906836,0.9999139185100394
combined_overall,0.007994157866845894,0.9979190631906836,0.9999139185100394
combined_overall,0.007994157866845894,0.9979255257273585,0.9999139185100394
combined_overall,0.008007082940195686,0.9979255257273585,0.9999139185100394
combined_overall,0.008009237119087317,0.9979255257273585,0.9999139185100394
combined_overall,0.00802754763966619,0.9979255257273585,0.9999139185100394
combined_overall,0.00802754763966619,0.9979319882640334,0.9999139185100394
combined_overall,0.008063091591378115,0.9979319882640334,0.9999139185100394
combined_overall,0.008065245770269746,0.9979319882640334,0.9999139185100394
combined_overall,0.008136333673693598,0.9979319882640334,0.9999139185100394
combined_overall,0.00813848785258523,0.9979319882640334,0.9999139185100394
combined_overall,0.008140642031476863,0.9979319882640334,0.9999139185100394
combined_overall,0.008144950389260126,0.9979319882640334,0.9999139185100394
combined_overall,0.008152490015380837,0.9979319882640334,0.9999139185100394
combined_overall,0.008154644194272469,0.9979319882640334,0.9999139185100394
combined_overall,0.008171877625405524,0.9979319882640334,0.9999139185100394
combined_overall,0.008171877625405524,0.9979384508007083,0.9999139185100394
combined_overall,0.008181571430417868,0.9979384508007083,0.9999139185100394
combined_overall,0.008185879788201131,0.9979384508007083,0.9999139185100394
combined_overall,0.008200959040442555,0.9979384508007083,0.9999139185100394
combined_overall,0.008200959040442555,0.9979449133373832,0.9999139185100394
combined_overall,0.008245119707721007,0.9979449133373832,0.9999139185100394
combined_overall,0.00824727388661264,0.9979449133373832,0.9999139185100394
combined_overall,0.00826343022829988,0.9979449133373832,0.9999139185100394
combined_overall,0.00826343022829988,0.9979513758740581,0.9999139185100394
combined_overall,0.008274201122758038,0.9979513758740581,0.9999139185100394
combined_overall,0.00827635530164967,0.9979513758740581,0.9999139185100394
combined_overall,0.008284972017216197,0.9979513758740581,0.9999139185100394
combined_overall,0.008288203285553646,0.9979513758740581,0.9999139185100394
combined_overall,0.008294665822228542,0.9979513758740581,0.9999139185100394
combined_overall,0.008296820001120173,0.9979513758740581,0.9999139185100394
combined_overall,0.008367907904544026,0.9979513758740581,0.9999139185100394
combined_overall,0.008367907904544026,0.9979578384107329,0.9999139185100394
combined_overall,0.008368984993989841,0.9979578384107329,0.9999139185100394
combined_overall,0.008368984993989841,0.9979643009474078,0.9999139185100394
combined_overall,0.008516546248066624,0.9979643009474078,0.9999139185100394
combined_overall,0.008518700426958256,0.9979643009474078,0.9999139185100394
combined_overall,0.008534856768645495,0.9979643009474078,0.9999139185100394
combined_overall,0.008537010947537128,0.9979643009474078,0.9999139185100394
combined_overall,0.008543473484212022,0.9979643009474078,0.9999139185100394
combined_overall,0.008543473484212022,0.9979707634840828,0.9999139185100394
combined_overall,0.008573631988694869,0.9979707634840828,0.9999139185100394
combined_overall,0.008573631988694869,0.9979772260207577,0.9999139185100394
combined_overall,0.008614561387635875,0.9979772260207577,0.9999139185100394
combined_overall,0.008617792655973323,0.9979772260207577,0.9999139185100394
combined_overall,0.008639334444889641,0.9979772260207577,0.9999139185100394
combined_overall,0.008639334444889641,0.9979836885574326,0.9999139185100394
combined_overall,0.00864256571322709,0.9979836885574326,0.9999139185100394
combined_overall,0.00864256571322709,0.9979901510941075,0.9999139185100394
combined_overall,0.008654413697131064,0.9979901510941075,0.9999139185100394
combined_overall,0.008656567876022696,0.9979901510941075,0.9999139185100394
combined_overall,0.008668415859926672,0.9979901510941075,0.9999139185100394
combined_overall,0.008668415859926672,0.9979966136307824,0.9999139185100394
combined_overall,0.008678109664939015,0.9979966136307824,0.9999139185100394
combined_overall,0.008678109664939015,0.9980030761674572,0.9999139185100394
combined_overall,0.00871365361665094,0.9980030761674572,0.9999139185100394
combined_overall,0.00871365361665094,0.9980095387041321,0.9999139185100394
combined_overall,0.00872227033221747,0.9980095387041321,0.9999139185100394
combined_overall,0.00872227033221747,0.998016001240807,0.9999139185100394
combined_overall,0.008728732868892364,0.998016001240807,0.9999139185100394
combined_overall,0.008728732868892364,0.9980224637774819,0.9999139185100394
combined_overall,0.008748120478917052,0.9980224637774819,0.9999139185100394
combined_overall,0.008750274657808683,0.9980224637774819,0.9999139185100394
combined_overall,0.00875889137337521,0.9980224637774819,0.9999139185100394
combined_overall,0.008761045552266842,0.9980224637774819,0.9999139185100394
combined_overall,0.008791204056749689,0.9980224637774819,0.9999139185100394
combined_overall,0.008791204056749689,0.9980289263141569,0.9999139185100394
combined_overall,0.008841827260703037,0.9980289263141569,0.9999139185100394
combined_overall,0.00884398143959467,0.9980289263141569,0.9999139185100394
combined_overall,0.008847212707932118,0.9980289263141569,0.9999139185100394
combined_overall,0.008849366886823749,0.9980289263141569,0.9999139185100394
combined_overall,0.008937688221380656,0.9980289263141569,0.9999139185100394
combined_overall,0.008937688221380656,0.9980353888508318,0.9999139185100394
combined_overall,0.008938765310826472,0.9980353888508318,0.9999139185100394
combined_overall,0.008940919489718105,0.9980353888508318,0.9999139185100394
combined_overall,0.008957075831405344,0.9980353888508318,0.9999139185100394
combined_overall,0.008970000904755134,0.9980353888508318,0.9999139185100394
combined_overall,0.008972155083646766,0.9980353888508318,0.9999139185100394
combined_overall,0.009001236498683797,0.9980353888508318,0.9999139185100394
combined_overall,0.009001236498683797,0.9980418513875067,0.9999139185100394
combined_overall,0.009064784775986937,0.9980418513875067,0.9999139185100394
combined_overall,0.009066938954878569,0.9980418513875067,0.9999139185100394
combined_overall,0.009071247312661833,0.9980418513875067,0.9999139185100394
combined_overall,0.009078786938782545,0.9980418513875067,0.9999139185100394
combined_overall,0.009078786938782545,0.9980483139241815,0.9999139185100394
combined_overall,0.009138026858302421,0.9980483139241815,0.9999139185100394
combined_overall,0.009138026858302421,0.9980547764608564,0.9999139185100394
combined_overall,0.009153106110543844,0.9980547764608564,0.9999139185100394
combined_overall,0.009153106110543844,0.9980612389975313,0.9999139185100394
combined_overall,0.009185418793918322,0.9980612389975313,0.9999139185100394
combined_overall,0.009185418793918322,0.9980677015342062,0.9999139185100394
combined_overall,0.009220962745630248,0.9980677015342062,0.9999139185100394
combined_overall,0.009220962745630248,0.9980741640708811,0.9999139185100394
combined_overall,0.009259737965679622,0.9980741640708811,0.9999139185100394
combined_overall,0.009261892144571253,0.9980741640708811,0.9999139185100394
combined_overall,0.00928666520182502,0.9980741640708811,0.9999139185100394
combined_overall,0.009289896470162469,0.9980741640708811,0.9999139185100394
combined_overall,0.009299590275174812,0.9980741640708811,0.9999139185100394
combined_overall,0.009299590275174812,0.998080626607556,0.9999139185100394
combined_overall,0.009308206990741339,0.998080626607556,0.9999139185100394
combined_overall,0.00931036116963297,0.998080626607556,0.9999139185100394
combined_overall,0.009370678178598664,0.998080626607556,0.9999139185100394
combined_overall,0.009372832357490295,0.998080626607556,0.9999139185100394
combined_overall,0.009383603251948454,0.998080626607556,0.9999139185100394
combined_overall,0.009387911609731719,0.998080626607556,0.9999139185100394
combined_overall,0.00939006578862335,0.998080626607556,0.9999139185100394
combined_overall,0.009430995187564356,0.998080626607556,0.9999139185100394
combined_overall,0.009433149366455987,0.998080626607556,0.9999139185100394
combined_overall,0.009518239432675447,0.998080626607556,0.9999139185100394
combined_overall,0.009520393611567078,0.998080626607556,0.9999139185100394
combined_overall,0.009545166668820845,0.998080626607556,0.9999139185100394
combined_overall,0.009545166668820845,0.9980870891442309,0.9999139185100394
combined_overall,0.0095893273360993,0.9980870891442309,0.9999139185100394
combined_overall,0.0095893273360993,0.9981000142175807,0.9999139185100394
combined_overall,0.009618408751136329,0.9981000142175807,0.9999139185100394
combined_overall,0.009618408751136329,0.9981064767542556,0.9999139185100394
combined_overall,0.009622717108919593,0.9981064767542556,0.9999139185100394
combined_overall,0.009624871287811225,0.9981064767542556,0.9999139185100394
combined_overall,0.009646413076727544,0.9981064767542556,0.9999139185100394
combined_overall,0.009646413076727544,0.9981129392909305,0.9999139185100394
combined_overall,0.009718578069597212,0.9981129392909305,0.9999139185100394
combined_overall,0.009720732248488843,0.9981129392909305,0.9999139185100394
combined_overall,0.009722886427380475,0.9981129392909305,0.9999139185100394
combined_overall,0.009722886427380475,0.9981258643642803,0.9999139185100394
combined_overall,0.009737965679621898,0.9981258643642803,0.9999139185100394
combined_overall,0.00974011985851353,0.9981258643642803,0.9999139185100394
combined_overall,0.009741196947959347,0.9981258643642803,0.9999139185100394
combined_overall,0.009741196947959347,0.9981323269009552,0.9999139185100394
combined_overall,0.009827364103624621,0.9981323269009552,0.9999139185100394
combined_overall,0.009829518282516254,0.9981323269009552,0.9999139185100394
combined_overall,0.009873678949794707,0.9981323269009552,0.9999139185100394
combined_overall,0.009873678949794707,0.99813878943763,0.9999139185100394
combined_overall,0.009969539910472325,0.99813878943763,0.9999139185100394
combined_overall,0.009973848268255588,0.99813878943763,0.9999139185100394
combined_overall,0.009998621325509355,0.99813878943763,0.9999139185100394
combined_overall,0.009998621325509355,0.9981452519743049,0.9999139185100394
combined_overall,0.010019086024979858,0.9981452519743049,0.9999139185100394
combined_overall,0.01002124020387149,0.9981452519743049,0.9999139185100394
combined_overall,0.010035242366667097,0.9981452519743049,0.9999139185100394
combined_overall,0.010035242366667097,0.9981517145109798,0.9999139185100394
combined_overall,0.010039550724450362,0.9981517145109798,0.9999139185100394
combined_overall,0.010043859082233625,0.9981517145109798,0.9999139185100394
combined_overall,0.010068632139487391,0.9981517145109798,0.9999139185100394
combined_overall,0.010070786318379023,0.9981517145109798,0.9999139185100394
combined_overall,0.010086942660066262,0.9981517145109798,0.9999139185100394
combined_overall,0.010086942660066262,0.9981581770476547,0.9999139185100394
combined_overall,0.01010094482286187,0.9981581770476547,0.9999139185100394
combined_overall,0.01010094482286187,0.9981646395843297,0.9999139185100394
combined_overall,0.010103099001753501,0.9981646395843297,0.9999139185100394
combined_overall,0.010105253180645134,0.9981646395843297,0.9999139185100394
combined_overall,0.010230195556359782,0.9981646395843297,0.9999139185100394
combined_overall,0.010230195556359782,0.9981711021210046,0.9999139185100394
combined_overall,0.010236658093034678,0.9981711021210046,0.9999139185100394
combined_overall,0.010252814434721917,0.9981711021210046,0.9999139185100394
combined_overall,0.010286204207542211,0.9981711021210046,0.9999139185100394
combined_overall,0.010290512565325476,0.9981711021210046,0.9999139185100394
combined_overall,0.01032390233814577,0.9981711021210046,0.9999139185100394
combined_overall,0.01032390233814577,0.9981775646576795,0.9999139185100394
combined_overall,0.010351906663736983,0.9981775646576795,0.9999139185100394
combined_overall,0.010356215021520248,0.9981775646576795,0.9999139185100394
combined_overall,0.010404684046581965,0.9981775646576795,0.9999139185100394
combined_overall,0.010404684046581965,0.9981840271943543,0.9999139185100394
combined_overall,0.01048008030778908,0.9981840271943543,0.9999139185100394
combined_overall,0.010482234486680711,0.9981840271943543,0.9999139185100394
combined_overall,0.010542551495646405,0.9981840271943543,0.9999139185100394
combined_overall,0.010544705674538036,0.9981840271943543,0.9999139185100394
combined_overall,0.010579172536804146,0.9981840271943543,0.9999139185100394
combined_overall,0.010593174699599753,0.9981840271943543,0.9999139185100394
combined_overall,0.010608253951841177,0.9981840271943543,0.9999139185100394
combined_overall,0.010610408130732808,0.9981840271943543,0.9999139185100394
combined_overall,0.010630872830203312,0.9981840271943543,0.9999139185100394
combined_overall,0.010633027009094943,0.9981840271943543,0.9999139185100394
combined_overall,0.010658877155794525,0.9981840271943543,0.9999139185100394
combined_overall,0.010675033497481765,0.9981840271943543,0.9999139185100394
combined_overall,0.01074289013256817,0.9981840271943543,0.9999139185100394
combined_overall,0.010748275579797248,0.9981840271943543,0.9999139185100394
combined_overall,0.010750429758688881,0.9981840271943543,0.9999139185100394
combined_overall,0.010760123563701224,0.9981840271943543,0.9999139185100394
combined_overall,0.010764431921484487,0.9981840271943543,0.9999139185100394
combined_overall,0.01076658610037612,0.9981840271943543,0.9999139185100394
combined_overall,0.010768740279267752,0.9981840271943543,0.9999139185100394
combined_overall,0.010770894458159383,0.9981840271943543,0.9999139185100394
combined_overall,0.01077412572649683,0.9981840271943543,0.9999139185100394
combined_overall,0.01077412572649683,0.9981904897310292,0.9999139185100394
combined_overall,0.010821517662112732,0.9981904897310292,0.9999139185100394
combined_overall,0.010823671841004365,0.9981904897310292,0.9999139185100394
combined_overall,0.01082474893045018,0.9981904897310292,0.9999139185100394
combined_overall,0.010826903109341812,0.9981904897310292,0.9999139185100394
combined_overall,0.010843059451029051,0.9981904897310292,0.9999139185100394
combined_overall,0.010843059451029051,0.9981969522677041,0.9999139185100394
combined_overall,0.010845213629920683,0.9981969522677041,0.9999139185100394
combined_overall,0.010845213629920683,0.998203414804379,0.9999139185100394
combined_overall,0.010891528476090769,0.998203414804379,0.9999139185100394
combined_overall,0.010891528476090769,0.9982098773410539,0.9999139185100394
combined_overall,0.010919532801681982,0.9982098773410539,0.9999139185100394
combined_overall,0.010921686980573615,0.9982098773410539,0.9999139185100394
combined_overall,0.010932457875031774,0.9982098773410539,0.9999139185100394
combined_overall,0.010934612053923405,0.9982098773410539,0.9999139185100394
combined_overall,0.01093892041170667,0.9982098773410539,0.9999139185100394
combined_overall,0.010942151680044117,0.9982098773410539,0.9999139185100394
combined_overall,0.010953999663948093,0.9982098773410539,0.9999139185100394
combined_overall,0.010953999663948093,0.9982163398777288,0.9999139185100394
combined_overall,0.010955076753393909,0.9982163398777288,0.9999139185100394
combined_overall,0.01095723093228554,0.9982163398777288,0.9999139185100394
combined_overall,0.011001391599563995,0.9982163398777288,0.9999139185100394
combined_overall,0.011003545778455626,0.9982163398777288,0.9999139185100394
combined_overall,0.011216809488727181,0.9982163398777288,0.9999139185100394
combined_overall,0.011218963667618815,0.9982163398777288,0.9999139185100394
combined_overall,0.011454846256252505,0.9982163398777288,0.9999139185100394
combined_overall,0.011457000435144136,0.9982163398777288,0.9999139185100394
combined_overall,0.011475310955723007,0.9982163398777288,0.9999139185100394
combined_overall,0.011475310955723007,0.9982228024144038,0.9999139185100394
combined_overall,0.011501161102422589,0.9982228024144038,0.9999139185100394
combined_overall,0.011501161102422589,0.9982292649510786,0.9999139185100394
combined_overall,0.011503315281314222,0.9982292649510786,0.9999139185100394
combined_overall,0.011506546549651669,0.9982292649510786,0.9999139185100394
combined_overall,0.011510854907434934,0.9982292649510786,0.9999139185100394
combined_overall,0.011510854907434934,0.9982357274877535,0.9999139185100394
combined_overall,0.011521625801893092,0.9982357274877535,0.9999139185100394
combined_overall,0.011523779980784724,0.9982357274877535,0.9999139185100394
combined_overall,0.011537782143580332,0.9982357274877535,0.9999139185100394
combined_overall,0.011537782143580332,0.9982421900244284,0.9999139185100394
combined_overall,0.011560401021942467,0.9982421900244284,0.9999139185100394
combined_overall,0.011560401021942467,0.9982486525611033,0.9999139185100394
combined_overall,0.011574403184738073,0.9982486525611033,0.9999139185100394
combined_overall,0.011574403184738073,0.9982551150977782,0.9999139185100394
combined_overall,0.011591636615871129,0.9982551150977782,0.9999139185100394
combined_overall,0.011595944973654392,0.9982551150977782,0.9999139185100394
combined_overall,0.011612101315341631,0.9982551150977782,0.9999139185100394
combined_overall,0.011614255494233262,0.9982551150977782,0.9999139185100394
combined_overall,0.01162287220979979,0.9982551150977782,0.9999139185100394
combined_overall,0.01162287220979979,0.9982615776344531,0.9999139185100394
combined_overall,0.011643336909270293,0.9982615776344531,0.9999139185100394
combined_overall,0.011643336909270293,0.998268040171128,0.9999139185100394
combined_overall,0.011644413998716109,0.998268040171128,0.9999139185100394
combined_overall,0.011644413998716109,0.9982745027078028,0.9999139185100394
combined_overall,0.011657339072065901,0.9982745027078028,0.9999139185100394
combined_overall,0.011659493250957532,0.9982745027078028,0.9999139185100394
combined_overall,0.011732735333273016,0.9982745027078028,0.9999139185100394
combined_overall,0.011734889512164648,0.9982745027078028,0.9999139185100394
combined_overall,0.011821056667829923,0.9982745027078028,0.9999139185100394
combined_overall,0.011825365025613188,0.9982745027078028,0.9999139185100394
combined_overall,0.011881373676795615,0.9982745027078028,0.9999139185100394
combined_overall,0.011881373676795615,0.9982809652444777,0.9999139185100394
combined_overall,0.011919071807399173,0.9982809652444777,0.9999139185100394
combined_overall,0.011921225986290805,0.9982809652444777,0.9999139185100394
combined_overall,0.011992313889714657,0.9982809652444777,0.9999139185100394
combined_overall,0.011992313889714657,0.9982874277811526,0.9999139185100394
combined_overall,0.012019241125860057,0.9982874277811526,0.9999139185100394
combined_overall,0.012022472394197504,0.9982874277811526,0.9999139185100394
combined_overall,0.012094637387067172,0.9982874277811526,0.9999139185100394
combined_overall,0.012096791565958803,0.9982874277811526,0.9999139185100394
combined_overall,0.012111870818200227,0.9982874277811526,0.9999139185100394
combined_overall,0.012114024997091858,0.9982874277811526,0.9999139185100394
combined_overall,0.012124795891550019,0.9982874277811526,0.9999139185100394
combined_overall,0.01212695007044165,0.9982874277811526,0.9999139185100394
combined_overall,0.012130181338779097,0.9982874277811526,0.9999139185100394
combined_overall,0.01213233551767073,0.9982874277811526,0.9999139185100394
combined_overall,0.012142029322683073,0.9982874277811526,0.9999139185100394
combined_overall,0.012142029322683073,0.9982938903178276,0.9999139185100394
combined_overall,0.012149568948803785,0.9982938903178276,0.9999139185100394
combined_overall,0.012149568948803785,0.9983003528545025,0.9999139185100394
combined_overall,0.012200192152757134,0.9983003528545025,0.9999139185100394
combined_overall,0.012200192152757134,0.9983068153911774,0.9999139185100394
combined_overall,0.012251892446156298,0.9983068153911774,0.9999139185100394
combined_overall,0.012257277893385378,0.9983068153911774,0.9999139185100394
combined_overall,0.012262663340614459,0.9983068153911774,0.9999139185100394
combined_overall,0.01226481751950609,0.9983068153911774,0.9999139185100394
combined_overall,0.012266971698397721,0.9983068153911774,0.9999139185100394
combined_overall,0.012274511324518433,0.9983068153911774,0.9999139185100394
combined_overall,0.012348830496279732,0.9983068153911774,0.9999139185100394
combined_overall,0.012348830496279732,0.9983132779278523,0.9999139185100394
combined_overall,0.0124479227252948,0.9983132779278523,0.9999139185100394
combined_overall,0.0124479227252948,0.9983197404645271,0.9999139185100394
combined_overall,0.012485620855898357,0.9983197404645271,0.9999139185100394
combined_overall,0.012485620855898357,0.998326203001202,0.9999139185100394
combined_overall,0.0124953146609107,0.998326203001202,0.9999139185100394
combined_overall,0.012497468839802333,0.998326203001202,0.9999139185100394
combined_overall,0.012520087718164468,0.998326203001202,0.9999139185100394
combined_overall,0.0125222418970561,0.998326203001202,0.9999139185100394
combined_overall,0.012525473165393547,0.998326203001202,0.9999139185100394
combined_overall,0.012527627344285178,0.998326203001202,0.9999139185100394
combined_overall,0.012556708759322209,0.998326203001202,0.9999139185100394
combined_overall,0.01255886293821384,0.998326203001202,0.9999139185100394
combined_overall,0.012563171295997105,0.998326203001202,0.9999139185100394
combined_overall,0.012563171295997105,0.9983326655378769,0.9999139185100394
combined_overall,0.01258040472713016,0.9983326655378769,0.9999139185100394
combined_overall,0.012582558906021791,0.9983326655378769,0.9999139185100394
combined_overall,0.012597638158263215,0.9983326655378769,0.9999139185100394
combined_overall,0.012607331963275558,0.9983326655378769,0.9999139185100394
combined_overall,0.012617025768287903,0.9983326655378769,0.9999139185100394
combined_overall,0.012623488304962797,0.9983326655378769,0.9999139185100394
combined_overall,0.012636413378312589,0.9983326655378769,0.9999139185100394
combined_overall,0.01263856755720422,0.9983326655378769,0.9999139185100394
combined_overall,0.012675188598361963,0.9983326655378769,0.9999139185100394
combined_overall,0.012691344940049202,0.9983326655378769,0.9999139185100394
combined_overall,0.012725811802315311,0.9983326655378769,0.9999139185100394
combined_overall,0.012725811802315311,0.9983391280745518,0.9999139185100394
combined_overall,0.012761355754027237,0.9983391280745518,0.9999139185100394
combined_overall,0.01276350993291887,0.9983391280745518,0.9999139185100394
combined_overall,0.012867987609163016,0.9983391280745518,0.9999139185100394
combined_overall,0.012867987609163016,0.9983455906112267,0.9999139185100394
combined_overall,0.012970311106515529,0.9983455906112267,0.9999139185100394
combined_overall,0.012970311106515529,0.9983520531479017,0.9999139185100394
combined_overall,0.01299400707432348,0.9983520531479017,0.9999139185100394
combined_overall,0.012996161253215111,0.9983520531479017,0.9999139185100394
combined_overall,0.013048938636060093,0.9983520531479017,0.9999139185100394
combined_overall,0.013048938636060093,0.9983585156845766,0.9999139185100394
combined_overall,0.013051092814951724,0.9983585156845766,0.9999139185100394
combined_overall,0.01305216990439754,0.9983585156845766,0.9999139185100394
combined_overall,0.01305216990439754,0.9983649782212514,0.9999139185100394
combined_overall,0.013071557514422228,0.9983649782212514,0.9999139185100394
combined_overall,0.01307371169331386,0.9983649782212514,0.9999139185100394
combined_overall,0.013213733321269931,0.9983649782212514,0.9999139185100394
combined_overall,0.013215887500161564,0.9983649782212514,0.9999139185100394
combined_overall,0.013221272947390643,0.9983649782212514,0.9999139185100394
combined_overall,0.013221272947390643,0.9983714407579263,0.9999139185100394
combined_overall,0.01325143145187349,0.9983714407579263,0.9999139185100394
combined_overall,0.01325358563076512,0.9983714407579263,0.9999139185100394
combined_overall,0.013271896151343993,0.9983714407579263,0.9999139185100394
combined_overall,0.013271896151343993,0.9983779032946012,0.9999139185100394
combined_overall,0.013288052493031232,0.9983779032946012,0.9999139185100394
combined_overall,0.013290206671922863,0.9983779032946012,0.9999139185100394
combined_overall,0.013355909128117635,0.9983779032946012,0.9999139185100394
combined_overall,0.0133602174859009,0.9983779032946012,0.9999139185100394
combined_overall,0.013421611584312407,0.9983779032946012,0.9999139185100394
combined_overall,0.013423765763204039,0.9983779032946012,0.9999139185100394
combined_overall,0.013466849341036678,0.9983779032946012,0.9999139185100394
combined_overall,0.013469003519928309,0.9983779032946012,0.9999139185100394
combined_overall,0.01347115769881994,0.9983779032946012,0.9999139185100394
combined_overall,0.013473311877711574,0.9983779032946012,0.9999139185100394
combined_overall,0.013518549634435842,0.9983779032946012,0.9999139185100394
combined_overall,0.013520703813327473,0.9983779032946012,0.9999139185100394
combined_overall,0.013631644026246515,0.9983779032946012,0.9999139185100394
combined_overall,0.013633798205138147,0.9983779032946012,0.9999139185100394
combined_overall,0.01365426290460865,0.9983779032946012,0.9999139185100394
combined_overall,0.013657494172946098,0.9983779032946012,0.9999139185100394
combined_overall,0.013672573425187521,0.9983779032946012,0.9999139185100394
combined_overall,0.013674727604079152,0.9983779032946012,0.9999139185100394
combined_overall,0.013721042450249238,0.9983779032946012,0.9999139185100394
combined_overall,0.01372319662914087,0.9983779032946012,0.9999139185100394
combined_overall,0.013729659165815766,0.9983779032946012,0.9999139185100394
combined_overall,0.013729659165815766,0.9983843658312761,0.9999139185100394
combined_overall,0.013743661328611373,0.9983843658312761,0.9999139185100394
combined_overall,0.013745815507503005,0.9983843658312761,0.9999139185100394
combined_overall,0.013785667816998195,0.9983843658312761,0.9999139185100394
combined_overall,0.013787821995889826,0.9983843658312761,0.9999139185100394
combined_overall,0.013789976174781459,0.9983843658312761,0.9999139185100394
combined_overall,0.01379213035367309,0.9983843658312761,0.9999139185100394
combined_overall,0.013799669979793802,0.9983843658312761,0.9999139185100394
combined_overall,0.013801824158685434,0.9983843658312761,0.9999139185100394
combined_overall,0.013822288858155937,0.9983843658312761,0.9999139185100394
combined_overall,0.013825520126493384,0.9983843658312761,0.9999139185100394
combined_overall,0.013876143330446733,0.9983843658312761,0.9999139185100394
combined_overall,0.013878297509338366,0.9983843658312761,0.9999139185100394
combined_overall,0.013879374598784182,0.9983843658312761,0.9999139185100394
combined_overall,0.013881528777675813,0.9983843658312761,0.9999139185100394
combined_overall,0.013905224745483764,0.9983843658312761,0.9999139185100394
combined_overall,0.013907378924375395,0.9983843658312761,0.9999139185100394
combined_overall,0.013947231233870585,0.9983843658312761,0.9999139185100394
combined_overall,0.013949385412762217,0.9983843658312761,0.9999139185100394
combined_overall,0.013954770859991297,0.9983843658312761,0.9999139185100394
combined_overall,0.013962310486112009,0.9983843658312761,0.9999139185100394
combined_overall,0.013965541754449456,0.9983843658312761,0.9999139185100394
combined_overall,0.013967695933341089,0.9983843658312761,0.9999139185100394
combined_overall,0.013980621006690879,0.9983843658312761,0.9999139185100394
combined_overall,0.013982775185582512,0.9983843658312761,0.9999139185100394
combined_overall,0.014159417854696325,0.9983843658312761,0.9999139185100394
combined_overall,0.014161572033587958,0.9983843658312761,0.9999139185100394
combined_overall,0.014180959643612644,0.9983843658312761,0.9999139185100394
combined_overall,0.014183113822504275,0.9983843658312761,0.9999139185100394
combined_overall,0.014218657774216202,0.9983843658312761,0.9999139185100394
combined_overall,0.014220811953107834,0.9983843658312761,0.9999139185100394
combined_overall,0.014298362393206582,0.9983843658312761,0.9999139185100394
combined_overall,0.014300516572098214,0.9983843658312761,0.9999139185100394
combined_overall,0.014367296117738801,0.9983843658312761,0.9999139185100394
combined_overall,0.014369450296630433,0.9983843658312761,0.9999139185100394
combined_overall,0.014372681564967882,0.9983843658312761,0.9999139185100394
combined_overall,0.014374835743859513,0.9983843658312761,0.9999139185100394
combined_overall,0.014473927972874579,0.9983843658312761,0.9999139185100394
combined_overall,0.014476082151766212,0.9983843658312761,0.9999139185100394
combined_overall,0.014541784607960984,0.9983843658312761,0.9999139185100394
combined_overall,0.014552555502419143,0.9983843658312761,0.9999139185100394
combined_overall,0.014563326396877302,0.9983843658312761,0.9999139185100394
combined_overall,0.014565480575768935,0.9983843658312761,0.9999139185100394
combined_overall,0.014585945275239437,0.9983843658312761,0.9999139185100394
combined_overall,0.014588099454131068,0.9983843658312761,0.9999139185100394
combined_overall,0.014617180869168099,0.9983843658312761,0.9999139185100394
combined_overall,0.014617180869168099,0.998390828367951,0.9999139185100394
combined_overall,0.014679652057025424,0.998390828367951,0.9999139185100394
combined_overall,0.014703348024833375,0.998390828367951,0.9999139185100394
combined_overall,0.014711964740399902,0.998390828367951,0.9999139185100394
combined_overall,0.01471519600873735,0.998390828367951,0.9999139185100394
combined_overall,0.014728121082087141,0.998390828367951,0.9999139185100394
combined_overall,0.014730275260978773,0.998390828367951,0.9999139185100394
combined_overall,0.0147388919765453,0.998390828367951,0.9999139185100394
combined_overall,0.014741046155436931,0.998390828367951,0.9999139185100394
combined_overall,0.014758279586569988,0.998390828367951,0.9999139185100394
combined_overall,0.01476258794435325,0.998390828367951,0.9999139185100394
combined_overall,0.014788438091052833,0.998390828367951,0.9999139185100394
combined_overall,0.014794900627727729,0.998390828367951,0.9999139185100394
combined_overall,0.014795977717173545,0.998390828367951,0.9999139185100394
combined_overall,0.014798131896065176,0.998390828367951,0.9999139185100394
combined_overall,0.014808902790523337,0.998390828367951,0.9999139185100394
combined_overall,0.014808902790523337,0.9983972909046259,0.9999139185100394
combined_overall,0.01483690711611455,0.9983972909046259,0.9999139185100394
combined_overall,0.014841215473897815,0.9983972909046259,0.9999139185100394
combined_overall,0.014909072108984218,0.9983972909046259,0.9999139185100394
combined_overall,0.01491122628787585,0.9983972909046259,0.9999139185100394
combined_overall,0.014924151361225641,0.9983972909046259,0.9999139185100394
combined_overall,0.014924151361225641,0.9984037534413008,0.9999139185100394
combined_overall,0.01494569315014196,0.9984037534413008,0.9999139185100394
combined_overall,0.014947847329033592,0.9984037534413008,0.9999139185100394
combined_overall,0.014948924418479408,0.9984037534413008,0.9999139185100394
combined_overall,0.01495107859737104,0.9984037534413008,0.9999139185100394
combined_overall,0.014965080760166647,0.9984037534413008,0.9999139185100394
combined_overall,0.014969389117949912,0.9984037534413008,0.9999139185100394
combined_overall,0.014992007996312045,0.9984037534413008,0.9999139185100394
combined_overall,0.01499631635409531,0.9984037534413008,0.9999139185100394
combined_overall,0.015012472695782549,0.9984037534413008,0.9999139185100394
combined_overall,0.01501462687467418,0.9984037534413008,0.9999139185100394
combined_overall,0.015043708289711211,0.9984037534413008,0.9999139185100394
combined_overall,0.015045862468602842,0.9984037534413008,0.9999139185100394
combined_overall,0.015141723429280461,0.9984037534413008,0.9999139185100394
combined_overall,0.015144954697617908,0.9984037534413008,0.9999139185100394
combined_overall,0.015182652828221467,0.9984037534413008,0.9999139185100394
combined_overall,0.015184807007113098,0.9984037534413008,0.9999139185100394
combined_overall,0.015211734243258498,0.9984037534413008,0.9999139185100394
combined_overall,0.015218196779933392,0.9984037534413008,0.9999139185100394
combined_overall,0.015235430211066448,0.9984037534413008,0.9999139185100394
combined_overall,0.01523758438995808,0.9984037534413008,0.9999139185100394
combined_overall,0.01525050946330787,0.9984037534413008,0.9999139185100394
combined_overall,0.015253740731645319,0.9984037534413008,0.9999139185100394
combined_overall,0.01531405774061101,0.9984037534413008,0.9999139185100394
combined_overall,0.01531405774061101,0.9984166785146505,0.9999139185100394
combined_overall,0.015316211919502644,0.9984166785146505,0.9999139185100394
combined_overall,0.015318366098394275,0.9984166785146505,0.9999139185100394
combined_overall,0.015342062066202226,0.9984166785146505,0.9999139185100394
combined_overall,0.015344216245093857,0.9984166785146505,0.9999139185100394
combined_overall,0.015462696084133611,0.9984166785146505,0.9999139185100394
combined_overall,0.015464850263025243,0.9984166785146505,0.9999139185100394
combined_overall,0.015467004441916874,0.9984166785146505,0.9999139185100394
combined_overall,0.015467004441916874,0.9984231410513255,0.9999139185100394
combined_overall,0.015482083694158297,0.9984231410513255,0.9999139185100394
combined_overall,0.015484237873049929,0.9984231410513255,0.9999139185100394
combined_overall,0.015543477792569807,0.9984231410513255,0.9999139185100394
combined_overall,0.015548863239798885,0.9984231410513255,0.9999139185100394
combined_overall,0.015626413679897633,0.9984231410513255,0.9999139185100394
combined_overall,0.015628567858789265,0.9984231410513255,0.9999139185100394
combined_overall,0.015635030395464163,0.9984231410513255,0.9999139185100394
combined_overall,0.015639338753247425,0.9984231410513255,0.9999139185100394
combined_overall,0.01566195763160956,0.9984231410513255,0.9999139185100394
combined_overall,0.015666265989392823,0.9984231410513255,0.9999139185100394
combined_overall,0.015668420168284455,0.9984231410513255,0.9999139185100394
combined_overall,0.015753510234503915,0.9984231410513255,0.9999139185100394
combined_overall,0.015755664413395546,0.9984231410513255,0.9999139185100394
combined_overall,0.015764281128962075,0.9984231410513255,0.9999139185100394
combined_overall,0.015764281128962075,0.9984296035880004,0.9999139185100394
combined_overall,0.015766435307853707,0.9984296035880004,0.9999139185100394
combined_overall,0.015769666576191152,0.9984296035880004,0.9999139185100394
combined_overall,0.01577074366563697,0.9984296035880004,0.9999139185100394
combined_overall,0.01577074366563697,0.9984425286613502,0.9999139185100394
combined_overall,0.015791208365107473,0.9984425286613502,0.9999139185100394
combined_overall,0.015795516722890736,0.9984425286613502,0.9999139185100394
combined_overall,0.015806287617348896,0.9984425286613502,0.9999139185100394
combined_overall,0.015808441796240528,0.9984425286613502,0.9999139185100394
combined_overall,0.015811673064577973,0.9984425286613502,0.9999139185100394
combined_overall,0.015811673064577973,0.9984489911980251,0.9999139185100394
combined_overall,0.015865527536868772,0.9984489911980251,0.9999139185100394
combined_overall,0.015867681715760404,0.9984489911980251,0.9999139185100394
combined_overall,0.015885992236339276,0.9984489911980251,0.9999139185100394
combined_overall,0.01588922350467672,0.9984489911980251,0.9999139185100394
combined_overall,0.015958157229208944,0.9984489911980251,0.9999139185100394
combined_overall,0.015960311408100575,0.9984489911980251,0.9999139185100394
combined_overall,0.015971082302558733,0.9984489911980251,0.9999139185100394
combined_overall,0.015973236481450364,0.9984489911980251,0.9999139185100394
combined_overall,0.01600985752260811,0.9984489911980251,0.9999139185100394
combined_overall,0.01601201170149974,0.9984489911980251,0.9999139185100394
combined_overall,0.016029245132632795,0.9984489911980251,0.9999139185100394
combined_overall,0.016031399311524426,0.9984489911980251,0.9999139185100394
combined_overall,0.016040016027090955,0.9984489911980251,0.9999139185100394
combined_overall,0.016042170205982587,0.9984489911980251,0.9999139185100394
combined_overall,0.01604647856376585,0.9984489911980251,0.9999139185100394
combined_overall,0.01604863274265748,0.9984489911980251,0.9999139185100394
combined_overall,0.01605401818988656,0.9984489911980251,0.9999139185100394
combined_overall,0.016090639231044302,0.9984489911980251,0.9999139185100394
combined_overall,0.016094947588827565,0.9984489911980251,0.9999139185100394
combined_overall,0.01613695407721439,0.9984489911980251,0.9999139185100394
combined_overall,0.01613910825610602,0.9984489911980251,0.9999139185100394
combined_overall,0.016163881313359788,0.9984489911980251,0.9999139185100394
combined_overall,0.01616603549225142,0.9984489911980251,0.9999139185100394
combined_overall,0.01619942526507171,0.9984489911980251,0.9999139185100394
combined_overall,0.016201579443963346,0.9984489911980251,0.9999139185100394
combined_overall,0.01623173794844619,0.9984489911980251,0.9999139185100394
combined_overall,0.016233892127337824,0.9984489911980251,0.9999139185100394
combined_overall,0.01624789429013343,0.9984489911980251,0.9999139185100394
combined_overall,0.01625866518459159,0.9984489911980251,0.9999139185100394
combined_overall,0.016274821526278828,0.9984489911980251,0.9999139185100394
combined_overall,0.016274821526278828,0.9984554537346999,0.9999139185100394
combined_overall,0.01628559242073699,0.9984554537346999,0.9999139185100394
combined_overall,0.016288823689074434,0.9984554537346999,0.9999139185100394
combined_overall,0.01643099949592214,0.9984554537346999,0.9999139185100394
combined_overall,0.016435307853705405,0.9984554537346999,0.9999139185100394
combined_overall,0.016511781204358335,0.9984554537346999,0.9999139185100394
combined_overall,0.016513935383249967,0.9984554537346999,0.9999139185100394
combined_overall,0.01655809605052842,0.9984554537346999,0.9999139185100394
combined_overall,0.01656025022942005,0.9984554537346999,0.9999139185100394
combined_overall,0.01660010253891524,0.9984554537346999,0.9999139185100394
combined_overall,0.016602256717806872,0.9984554537346999,0.9999139185100394
combined_overall,0.016623798506723193,0.9984554537346999,0.9999139185100394
combined_overall,0.016625952685614825,0.9984554537346999,0.9999139185100394
combined_overall,0.016657188279543485,0.9984554537346999,0.9999139185100394
combined_overall,0.016659342458435117,0.9984554537346999,0.9999139185100394
combined_overall,0.016670113352893277,0.9984554537346999,0.9999139185100394
combined_overall,0.01667226753178491,0.9984554537346999,0.9999139185100394
combined_overall,0.016681961336797252,0.9984554537346999,0.9999139185100394
combined_overall,0.016684115515688883,0.9984554537346999,0.9999139185100394
combined_overall,0.016707811483496836,0.9984554537346999,0.9999139185100394
combined_overall,0.0167121198412801,0.9984554537346999,0.9999139185100394
combined_overall,0.016778899386920686,0.9984554537346999,0.9999139185100394
combined_overall,0.016781053565812318,0.9984554537346999,0.9999139185100394
combined_overall,0.016790747370824664,0.9984554537346999,0.9999139185100394
combined_overall,0.016792901549716296,0.9984554537346999,0.9999139185100394
combined_overall,0.016803672444174453,0.9984554537346999,0.9999139185100394
combined_overall,0.016805826623066084,0.9984554537346999,0.9999139185100394
combined_overall,0.01681013498084935,0.9984554537346999,0.9999139185100394
combined_overall,0.01681013498084935,0.9984619162713748,0.9999139185100394
combined_overall,0.01687045198981504,0.9984619162713748,0.9999139185100394
combined_overall,0.01687045198981504,0.9984683788080497,0.9999139185100394
combined_overall,0.016991086007746427,0.9984683788080497,0.9999139185100394
combined_overall,0.01699324018663806,0.9984683788080497,0.9999139185100394
combined_overall,0.017023398691120906,0.9984683788080497,0.9999139185100394
combined_overall,0.017023398691120906,0.9984748413447246,0.9999139185100394
combined_overall,0.017062173911170278,0.9984748413447246,0.9999139185100394
combined_overall,0.01706432809006191,0.9984748413447246,0.9999139185100394
combined_overall,0.01707833025285752,0.9984748413447246,0.9999139185100394
combined_overall,0.01708263861064078,0.9984748413447246,0.9999139185100394
combined_overall,0.017084792789532413,0.9984748413447246,0.9999139185100394
combined_overall,0.01708910114731568,0.9984748413447246,0.9999139185100394
combined_overall,0.01709125532620731,0.9984748413447246,0.9999139185100394
combined_overall,0.017119259651798523,0.9984748413447246,0.9999139185100394
combined_overall,0.01712356800958179,0.9984748413447246,0.9999139185100394
combined_overall,0.017186039197439114,0.9984748413447246,0.9999139185100394
combined_overall,0.017186039197439114,0.9984813038813996,0.9999139185100394
combined_overall,0.017233431133055012,0.9984813038813996,0.9999139185100394
combined_overall,0.017233431133055012,0.9984877664180745,0.9999139185100394
combined_overall,0.01723450822250083,0.9984877664180745,0.9999139185100394
combined_overall,0.017238816580284092,0.9984877664180745,0.9999139185100394
combined_overall,0.017240970759175724,0.9984877664180745,0.9999139185100394
combined_overall,0.017240970759175724,0.9984942289547493,0.9999139185100394
combined_overall,0.017254972921971333,0.9984942289547493,0.9999139185100394
combined_overall,0.017257127100862964,0.9984942289547493,0.9999139185100394
combined_overall,0.017328215004286815,0.9984942289547493,0.9999139185100394
combined_overall,0.017328215004286815,0.9985006914914242,0.9999139185100394
combined_overall,0.0173540651509864,0.9985006914914242,0.9999139185100394
combined_overall,0.01735621932987803,0.9985006914914242,0.9999139185100394
combined_overall,0.01738745492380669,0.9985006914914242,0.9999139185100394
combined_overall,0.01738745492380669,0.9985071540280991,0.9999139185100394
combined_overall,0.017442386485543304,0.9985071540280991,0.9999139185100394
combined_overall,0.01744454066443494,0.9985071540280991,0.9999139185100394
combined_overall,0.01746500536390544,0.9985071540280991,0.9999139185100394
combined_overall,0.01746500536390544,0.9985200791014489,0.9999139185100394
combined_overall,0.01747900752670105,0.9985200791014489,0.9999139185100394
combined_overall,0.01747900752670105,0.9985265416381238,0.9999139185100394
combined_overall,0.017493009689496655,0.9985265416381238,0.9999139185100394
combined_overall,0.017495163868388286,0.9985265416381238,0.9999139185100394
combined_overall,0.017542555804004187,0.9985265416381238,0.9999139185100394
combined_overall,0.017542555804004187,0.9985330041747987,0.9999139185100394
combined_overall,0.01756302050347469,0.9985330041747987,0.9999139185100394
combined_overall,0.017567328861257954,0.9985330041747987,0.9999139185100394
combined_overall,0.017577022666270297,0.9985330041747987,0.9999139185100394
combined_overall,0.017577022666270297,0.9985394667114735,0.9999139185100394
combined_overall,0.017612566617982224,0.9985394667114735,0.9999139185100394
combined_overall,0.017612566617982224,0.9985459292481484,0.9999139185100394
combined_overall,0.01763733967523599,0.9985459292481484,0.9999139185100394
combined_overall,0.01763733967523599,0.9985523917848234,0.9999139185100394
combined_overall,0.017653496016923228,0.9985523917848234,0.9999139185100394
combined_overall,0.01767719198473118,0.9985523917848234,0.9999139185100394
combined_overall,0.01770842757865984,0.9985523917848234,0.9999139185100394
combined_overall,0.01770842757865984,0.9985588543214983,0.9999139185100394
combined_overall,0.017715967204780553,0.9985588543214983,0.9999139185100394
combined_overall,0.017715967204780553,0.9985653168581732,0.9999139185100394
combined_overall,0.01772242974145545,0.9985653168581732,0.9999139185100394
combined_overall,0.01772242974145545,0.9985717793948481,0.9999139185100394
combined_overall,0.01776012787205901,0.9985717793948481,0.9999139185100394
combined_overall,0.01776012787205901,0.998578241931523,0.9999139185100394
combined_overall,0.017784900929312775,0.998578241931523,0.9999139185100394
combined_overall,0.017787055108204407,0.998578241931523,0.9999139185100394
combined_overall,0.017797826002662564,0.998578241931523,0.9999139185100394
combined_overall,0.017799980181554195,0.998578241931523,0.9999139185100394
combined_overall,0.017817213612687254,0.998578241931523,0.9999139185100394
combined_overall,0.017819367791578885,0.998578241931523,0.9999139185100394
combined_overall,0.017823676149362148,0.998578241931523,0.9999139185100394
combined_overall,0.017829061596591228,0.998578241931523,0.9999139185100394
combined_overall,0.01783336995437449,0.998578241931523,0.9999139185100394
combined_overall,0.017845217938278465,0.998578241931523,0.9999139185100394
combined_overall,0.017847372117170097,0.998578241931523,0.9999139185100394
combined_overall,0.01785491174329081,0.998578241931523,0.9999139185100394
combined_overall,0.01785491174329081,0.9985847044681978,0.9999139185100394
combined_overall,0.017858143011628257,0.9985847044681978,0.9999139185100394
combined_overall,0.01786029719051989,0.9985847044681978,0.9999139185100394
combined_overall,0.017875376442761312,0.9985847044681978,0.9999139185100394
combined_overall,0.017877530621652944,0.9985847044681978,0.9999139185100394
combined_overall,0.017928153825606294,0.9985847044681978,0.9999139185100394
combined_overall,0.017928153825606294,0.9985911670048727,0.9999139185100394
combined_overall,0.017975545761222195,0.9985911670048727,0.9999139185100394
combined_overall,0.017978777029559644,0.9985911670048727,0.9999139185100394
combined_overall,0.017983085387342907,0.9985911670048727,0.9999139185100394
combined_overall,0.017983085387342907,0.9985976295415476,0.9999139185100394
combined_overall,0.018007858444596674,0.9985976295415476,0.9999139185100394
combined_overall,0.018012166802379936,0.9985976295415476,0.9999139185100394
combined_overall,0.01802186060739228,0.9985976295415476,0.9999139185100394
combined_overall,0.01802401478628391,0.9985976295415476,0.9999139185100394
combined_overall,0.018042325306862783,0.9985976295415476,0.9999139185100394
combined_overall,0.018042325306862783,0.9986040920782225,0.9999139185100394
combined_overall,0.018052019111875126,0.9986040920782225,0.9999139185100394
combined_overall,0.018052019111875126,0.9986105546148974,0.9999139185100394
combined_overall,0.018094025600261947,0.9986105546148974,0.9999139185100394
combined_overall,0.018094025600261947,0.9986170171515724,0.9999139185100394
combined_overall,0.01812526119419061,0.9986170171515724,0.9999139185100394
combined_overall,0.01812526119419061,0.9986234796882473,0.9999139185100394
combined_overall,0.018132800820311323,0.9986234796882473,0.9999139185100394
combined_overall,0.018132800820311323,0.9986299422249221,0.9999139185100394
combined_overall,0.01814357171476948,0.9986299422249221,0.9999139185100394
combined_overall,0.018145725893661112,0.9986299422249221,0.9999139185100394
combined_overall,0.01814680298310693,0.9986299422249221,0.9999139185100394
combined_overall,0.01814680298310693,0.9986428672982719,0.9999139185100394
combined_overall,0.018147880072552747,0.9986428672982719,0.9999139185100394
combined_overall,0.018147880072552747,0.9986493298349468,0.9999139185100394
combined_overall,0.018169421861469064,0.9986493298349468,0.9999139185100394
combined_overall,0.018172653129806513,0.9986493298349468,0.9999139185100394
combined_overall,0.01817588439814396,0.9986493298349468,0.9999139185100394
combined_overall,0.01817803857703559,0.9986493298349468,0.9999139185100394
combined_overall,0.018202811634289356,0.9986493298349468,0.9999139185100394
combined_overall,0.018202811634289356,0.9986557923716217,0.9999139185100394
combined_overall,0.018227584691543123,0.9986557923716217,0.9999139185100394
combined_overall,0.018229738870434758,0.9986557923716217,0.9999139185100394
combined_overall,0.01823189304932639,0.9986557923716217,0.9999139185100394
combined_overall,0.01823404722821802,0.9986557923716217,0.9999139185100394
combined_overall,0.01826851409048413,0.9986557923716217,0.9999139185100394
combined_overall,0.01826851409048413,0.9986622549082966,0.9999139185100394
combined_overall,0.018286824611063002,0.9986622549082966,0.9999139185100394
combined_overall,0.018288978789954634,0.9986622549082966,0.9999139185100394
combined_overall,0.01830082677385861,0.9986622549082966,0.9999139185100394
combined_overall,0.01830298095275024,0.9986622549082966,0.9999139185100394
combined_overall,0.018318060204991663,0.9986622549082966,0.9999139185100394
combined_overall,0.018318060204991663,0.9986687174449715,0.9999139185100394
combined_overall,0.018320214383883295,0.9986687174449715,0.9999139185100394
combined_overall,0.018322368562774926,0.9986687174449715,0.9999139185100394
combined_overall,0.018340679083353798,0.9986687174449715,0.9999139185100394
combined_overall,0.018340679083353798,0.9986751799816463,0.9999139185100394
combined_overall,0.018343910351691247,0.9986751799816463,0.9999139185100394
combined_overall,0.018343910351691247,0.9986816425183213,0.9999139185100394
combined_overall,0.018397764823982043,0.9986816425183213,0.9999139185100394
combined_overall,0.018397764823982043,0.9986881050549962,0.9999139185100394
combined_overall,0.018402073181765306,0.9986881050549962,0.9999139185100394
combined_overall,0.018402073181765306,0.9986945675916711,0.9999139185100394
combined_overall,0.018406381539548572,0.9986945675916711,0.9999139185100394
combined_overall,0.018406381539548572,0.998701030128346,0.9999139185100394
combined_overall,0.018436540044031415,0.998701030128346,0.9999139185100394
combined_overall,0.018436540044031415,0.9987139552016958,0.9999139185100394
combined_overall,0.01844084840181468,0.9987139552016958,0.9999139185100394
combined_overall,0.018443002580706313,0.9987139552016958,0.9999139185100394
combined_overall,0.018443002580706313,0.9987204177383706,0.9999139185100394
combined_overall,0.01845700474350192,0.9987204177383706,0.9999139185100394
combined_overall,0.01845915892239355,0.9987204177383706,0.9999139185100394
combined_overall,0.018471006906297528,0.9987204177383706,0.9999139185100394
combined_overall,0.018471006906297528,0.9987268802750455,0.9999139185100394
combined_overall,0.01847531526408079,0.9987268802750455,0.9999139185100394
combined_overall,0.01847531526408079,0.9987333428117204,0.9999139185100394
combined_overall,0.018478546532418236,0.9987333428117204,0.9999139185100394
combined_overall,0.01848070071130987,0.9987333428117204,0.9999139185100394
combined_overall,0.018543171899167193,0.9987333428117204,0.9999139185100394
combined_overall,0.018543171899167193,0.9987398053483953,0.9999139185100394
combined_overall,0.01854963443584209,0.9987398053483953,0.9999139185100394
combined_overall,0.018551788614733722,0.9987398053483953,0.9999139185100394
combined_overall,0.018553942793625353,0.9987398053483953,0.9999139185100394
combined_overall,0.018553942793625353,0.9987462678850703,0.9999139185100394
combined_overall,0.018557174061962802,0.9987462678850703,0.9999139185100394
combined_overall,0.01856040533030025,0.9987462678850703,0.9999139185100394
combined_overall,0.018562559509191882,0.9987462678850703,0.9999139185100394
combined_overall,0.018630416144278284,0.9987462678850703,0.9999139185100394
combined_overall,0.01863257032316992,0.9987462678850703,0.9999139185100394
combined_overall,0.018656266290977868,0.9987462678850703,0.9999139185100394
combined_overall,0.0186584204698695,0.9987462678850703,0.9999139185100394
combined_overall,0.018672422632665105,0.9987462678850703,0.9999139185100394
combined_overall,0.018675653901002554,0.9987462678850703,0.9999139185100394
combined_overall,0.018718737478835193,0.9987462678850703,0.9999139185100394
combined_overall,0.018720891657726824,0.9987462678850703,0.9999139185100394
combined_overall,0.01876936068278854,0.9987462678850703,0.9999139185100394
combined_overall,0.01877259195112599,0.9987462678850703,0.9999139185100394
combined_overall,0.018813521350066996,0.9987462678850703,0.9999139185100394
combined_overall,0.018815675528958627,0.9987462678850703,0.9999139185100394
combined_overall,0.01881675261840444,0.9987462678850703,0.9999139185100394
combined_overall,0.01882213806563352,0.9987462678850703,0.9999139185100394
combined_overall,0.018827523512862602,0.9987462678850703,0.9999139185100394
combined_overall,0.018831831870645865,0.9987462678850703,0.9999139185100394
combined_overall,0.018872761269586872,0.9987462678850703,0.9999139185100394
combined_overall,0.018874915448478503,0.9987462678850703,0.9999139185100394
combined_overall,0.018882455074599215,0.9987462678850703,0.9999139185100394
combined_overall,0.018886763432382478,0.9987462678850703,0.9999139185100394
combined_overall,0.01889645723739482,0.9987462678850703,0.9999139185100394
combined_overall,0.018898611416286452,0.9987462678850703,0.9999139185100394
combined_overall,0.01894492626245654,0.9987462678850703,0.9999139185100394
combined_overall,0.01894492626245654,0.9987527304217452,0.9999139185100394
combined_overall,0.01894815753079399,0.9987527304217452,0.9999139185100394
combined_overall,0.018951388799131434,0.9987527304217452,0.9999139185100394
combined_overall,0.018956774246360514,0.9987527304217452,0.9999139185100394
combined_overall,0.018956774246360514,0.9987591929584201,0.9999139185100394
combined_overall,0.018985855661397544,0.9987591929584201,0.9999139185100394
combined_overall,0.01898800984028918,0.9987591929584201,0.9999139185100394
combined_overall,0.01900847453975968,0.9987591929584201,0.9999139185100394
combined_overall,0.01901062871865131,0.9987591929584201,0.9999139185100394
combined_overall,0.019023553792001102,0.9987591929584201,0.9999139185100394
combined_overall,0.019023553792001102,0.9987656554950949,0.9999139185100394
combined_overall,0.019039710133688343,0.9987656554950949,0.9999139185100394
combined_overall,0.019041864312579974,0.9987656554950949,0.9999139185100394
combined_overall,0.019062329012050478,0.9987656554950949,0.9999139185100394
combined_overall,0.019065560280387923,0.9987656554950949,0.9999139185100394
combined_overall,0.01907202281706282,0.9987656554950949,0.9999139185100394
combined_overall,0.01907202281706282,0.9987721180317698,0.9999139185100394
combined_overall,0.019123723110461986,0.9987721180317698,0.9999139185100394
combined_overall,0.019125877289353617,0.9987721180317698,0.9999139185100394
combined_overall,0.01916465250940299,0.9987721180317698,0.9999139185100394
combined_overall,0.019166806688294624,0.9987721180317698,0.9999139185100394
combined_overall,0.01919157974554839,0.9987721180317698,0.9999139185100394
combined_overall,0.01921527571335634,0.9987721180317698,0.9999139185100394
combined_overall,0.01921742989224797,0.9987721180317698,0.9999139185100394
combined_overall,0.019240048770610106,0.9987721180317698,0.9999139185100394
combined_overall,0.019242202949501738,0.9987721180317698,0.9999139185100394
combined_overall,0.01925189675451408,0.9987721180317698,0.9999139185100394
combined_overall,0.019256205112297347,0.9987721180317698,0.9999139185100394
combined_overall,0.01927128436453877,0.9987721180317698,0.9999139185100394
combined_overall,0.019273438543430402,0.9987721180317698,0.9999139185100394
combined_overall,0.01928420943788856,0.9987721180317698,0.9999139185100394
combined_overall,0.019288517795671825,0.9987721180317698,0.9999139185100394
combined_overall,0.01934237226796262,0.9987721180317698,0.9999139185100394
combined_overall,0.019344526446854252,0.9987721180317698,0.9999139185100394
combined_overall,0.019352066072974964,0.9987721180317698,0.9999139185100394
combined_overall,0.019354220251866595,0.9987721180317698,0.9999139185100394
combined_overall,0.019398380919145048,0.9987721180317698,0.9999139185100394
combined_overall,0.019400535098036683,0.9987721180317698,0.9999139185100394
combined_overall,0.01941346017138647,0.9987721180317698,0.9999139185100394
combined_overall,0.01941346017138647,0.9987850431051196,0.9999139185100394
combined_overall,0.01941884561861555,0.9987850431051196,0.9999139185100394
combined_overall,0.01941884561861555,0.9987915056417945,0.9999139185100394
combined_overall,0.019426385244736263,0.9987915056417945,0.9999139185100394
combined_overall,0.019428539423627895,0.9987915056417945,0.9999139185100394
combined_overall,0.019433924870856975,0.9987915056417945,0.9999139185100394
combined_overall,0.019436079049748606,0.9987915056417945,0.9999139185100394
combined_overall,0.019484548074810325,0.9987915056417945,0.9999139185100394
combined_overall,0.01949101061148522,0.9987915056417945,0.9999139185100394
combined_overall,0.0194963960587143,0.9987915056417945,0.9999139185100394
combined_overall,0.019500704416497563,0.9987915056417945,0.9999139185100394
combined_overall,0.019510398221509906,0.9987915056417945,0.9999139185100394
combined_overall,0.019512552400401537,0.9987915056417945,0.9999139185100394
combined_overall,0.019529785831534596,0.9987915056417945,0.9999139185100394
combined_overall,0.019529785831534596,0.9987979681784694,0.9999139185100394
combined_overall,0.019662267833369954,0.9987979681784694,0.9999139185100394
combined_overall,0.019664422012261585,0.9987979681784694,0.9999139185100394
combined_overall,0.019677347085611377,0.9987979681784694,0.9999139185100394
combined_overall,0.01967950126450301,0.9987979681784694,0.9999139185100394
combined_overall,0.019693503427298618,0.9987979681784694,0.9999139185100394
combined_overall,0.019693503427298618,0.9988044307151444,0.9999139185100394
combined_overall,0.01970104305341933,0.9988044307151444,0.9999139185100394
combined_overall,0.01970319723231096,0.9988044307151444,0.9999139185100394
combined_overall,0.019767822599059917,0.9988044307151444,0.9999139185100394
combined_overall,0.019767822599059917,0.9988108932518192,0.9999139185100394
combined_overall,0.019849681396941928,0.9988108932518192,0.9999139185100394
combined_overall,0.019849681396941928,0.9988173557884941,0.9999139185100394
combined_overall,0.01989384206422038,0.9988173557884941,0.9999139185100394
combined_overall,0.019895996243112012,0.9988173557884941,0.9999139185100394
combined_overall,0.019921846389811596,0.9988173557884941,0.9999139185100394
combined_overall,0.019924000568703228,0.9988173557884941,0.9999139185100394
combined_overall,0.01999724265101871,0.9988173557884941,0.9999139185100394
combined_overall,0.020001551008801976,0.9988173557884941,0.9999139185100394
combined_overall,0.02000478227713942,0.9988173557884941,0.9999139185100394
combined_overall,0.02000801354547687,0.9988173557884941,0.9999139185100394
combined_overall,0.020061868017767666,0.9988173557884941,0.9999139185100394
combined_overall,0.020061868017767666,0.998823818325169,0.9999139185100394
combined_overall,0.020081255627792356,0.998823818325169,0.9999139185100394
combined_overall,0.020083409806683987,0.998823818325169,0.9999139185100394
combined_overall,0.020166345694011812,0.998823818325169,0.9999139185100394
combined_overall,0.020166345694011812,0.9988302808618439,0.9999139185100394
combined_overall,0.020173885320132524,0.9988302808618439,0.9999139185100394
combined_overall,0.020173885320132524,0.9988367433985188,0.9999139185100394
combined_overall,0.020177116588469973,0.9988367433985188,0.9999139185100394
combined_overall,0.020177116588469973,0.9988432059351937,0.9999139185100394
combined_overall,0.02023635650798985,0.9988432059351937,0.9999139185100394
combined_overall,0.020239587776327297,0.9988432059351937,0.9999139185100394
combined_overall,0.02026543792302688,0.9988432059351937,0.9999139185100394
combined_overall,0.020268669191364327,0.9988432059351937,0.9999139185100394
combined_overall,0.020275131728039224,0.9988432059351937,0.9999139185100394
combined_overall,0.020277285906930856,0.9988432059351937,0.9999139185100394
combined_overall,0.02029451933806391,0.9988432059351937,0.9999139185100394
combined_overall,0.020296673516955542,0.9988432059351937,0.9999139185100394
combined_overall,0.02032144657420931,0.9988432059351937,0.9999139185100394
combined_overall,0.02032360075310094,0.9988432059351937,0.9999139185100394
combined_overall,0.020381763583175002,0.9988432059351937,0.9999139185100394
combined_overall,0.020381763583175002,0.9988496684718686,0.9999139185100394
combined_overall,0.02039253447763316,0.9988496684718686,0.9999139185100394
combined_overall,0.020394688656524794,0.9988496684718686,0.9999139185100394
combined_overall,0.020398997014308057,0.9988496684718686,0.9999139185100394
combined_overall,0.020402228282645506,0.9988496684718686,0.9999139185100394
combined_overall,0.020447466039369772,0.9988496684718686,0.9999139185100394
combined_overall,0.020449620218261404,0.9988496684718686,0.9999139185100394
combined_overall,0.020463622381057013,0.9988496684718686,0.9999139185100394
combined_overall,0.020465776559948645,0.9988496684718686,0.9999139185100394
combined_overall,0.02050132051166057,0.9988496684718686,0.9999139185100394
combined_overall,0.020503474690552203,0.9988496684718686,0.9999139185100394
combined_overall,0.02056163752062626,0.9988496684718686,0.9999139185100394
combined_overall,0.020565945878409528,0.9988496684718686,0.9999139185100394
combined_overall,0.020666115196870408,0.9988496684718686,0.9999139185100394
combined_overall,0.02066826937576204,0.9988496684718686,0.9999139185100394
combined_overall,0.02067580900188275,0.9988496684718686,0.9999139185100394
combined_overall,0.020677963180774386,0.9988496684718686,0.9999139185100394
combined_overall,0.02068657989634091,0.9988496684718686,0.9999139185100394
combined_overall,0.02068981116467836,0.9988496684718686,0.9999139185100394
combined_overall,0.020700582059136517,0.9988496684718686,0.9999139185100394
combined_overall,0.020702736238028152,0.9988496684718686,0.9999139185100394
combined_overall,0.020707044595811415,0.9988496684718686,0.9999139185100394
combined_overall,0.020709198774703046,0.9988496684718686,0.9999139185100394
combined_overall,0.020712430043040495,0.9988496684718686,0.9999139185100394
combined_overall,0.020714584221932127,0.9988496684718686,0.9999139185100394
combined_overall,0.02071889257971539,0.9988496684718686,0.9999139185100394
combined_overall,0.02072427802694447,0.9988496684718686,0.9999139185100394
combined_overall,0.0207264322058361,0.9988496684718686,0.9999139185100394
combined_overall,0.02077705540978945,0.9988496684718686,0.9999139185100394
combined_overall,0.02077705540978945,0.9988561310085434,0.9999139185100394
combined_overall,0.020789980483139243,0.9988561310085434,0.9999139185100394
combined_overall,0.020792134662030875,0.9988561310085434,0.9999139185100394
combined_overall,0.02080613682482648,0.9988561310085434,0.9999139185100394
combined_overall,0.02080613682482648,0.9988625935452183,0.9999139185100394
combined_overall,0.020807213914272298,0.9988625935452183,0.9999139185100394
combined_overall,0.02080936809316393,0.9988625935452183,0.9999139185100394
combined_overall,0.02084060368709259,0.9988625935452183,0.9999139185100394
combined_overall,0.020842757865984222,0.9988625935452183,0.9999139185100394
combined_overall,0.0208546058498882,0.9988625935452183,0.9999139185100394
combined_overall,0.02085676002877983,0.9988625935452183,0.9999139185100394
combined_overall,0.020887995622708492,0.9988625935452183,0.9999139185100394
combined_overall,0.020890149801600123,0.9988625935452183,0.9999139185100394
combined_overall,0.020905229053841547,0.9988625935452183,0.9999139185100394
combined_overall,0.020908460322178996,0.9988625935452183,0.9999139185100394
combined_overall,0.0209289250216495,0.9988625935452183,0.9999139185100394
combined_overall,0.020932156289986945,0.9988625935452183,0.9999139185100394
combined_overall,0.020951543900011634,0.9988625935452183,0.9999139185100394
combined_overall,0.020953698078903266,0.9988625935452183,0.9999139185100394
combined_overall,0.02096770024169887,0.9988625935452183,0.9999139185100394
combined_overall,0.020969854420590503,0.9988625935452183,0.9999139185100394
combined_overall,0.020972008599482134,0.9988625935452183,0.9999139185100394
combined_overall,0.020974162778373766,0.9988625935452183,0.9999139185100394
combined_overall,0.020983856583386112,0.9988625935452183,0.9999139185100394
combined_overall,0.020986010762277744,0.9988625935452183,0.9999139185100394
combined_overall,0.021001090014519167,0.9988625935452183,0.9999139185100394
combined_overall,0.0210032441934108,0.9988625935452183,0.9999139185100394
combined_overall,0.02101616926676059,0.9988625935452183,0.9999139185100394
combined_overall,0.021018323445652222,0.9988625935452183,0.9999139185100394
combined_overall,0.02106356120237649,0.9988625935452183,0.9999139185100394
combined_overall,0.021065715381268123,0.9988625935452183,0.9999139185100394
combined_overall,0.021120646943004733,0.9988625935452183,0.9999139185100394
combined_overall,0.021122801121896368,0.9988625935452183,0.9999139185100394
combined_overall,0.02120142865144093,0.9988625935452183,0.9999139185100394
combined_overall,0.02120142865144093,0.9988690560818932,0.9999139185100394
combined_overall,0.02129190416488947,0.9988690560818932,0.9999139185100394
combined_overall,0.021294058343781102,0.9988690560818932,0.9999139185100394
combined_overall,0.021300520880455996,0.9988690560818932,0.9999139185100394
combined_overall,0.021300520880455996,0.9988755186185682,0.9999139185100394
combined_overall,0.021308060506576708,0.9988755186185682,0.9999139185100394
combined_overall,0.02131236886435997,0.9988755186185682,0.9999139185100394
combined_overall,0.021319908490480682,0.9988755186185682,0.9999139185100394
combined_overall,0.021322062669372314,0.9988755186185682,0.9999139185100394
combined_overall,0.021347912816071898,0.9988755186185682,0.9999139185100394
combined_overall,0.02135006699496353,0.9988755186185682,0.9999139185100394
combined_overall,0.02143731124007462,0.9988755186185682,0.9999139185100394
combined_overall,0.021439465418966252,0.9988755186185682,0.9999139185100394
combined_overall,0.02147393228123236,0.9988755186185682,0.9999139185100394
combined_overall,0.021478240639015628,0.9988755186185682,0.9999139185100394
combined_overall,0.021481471907353073,0.9988755186185682,0.9999139185100394
combined_overall,0.021484703175690522,0.9988755186185682,0.9999139185100394
combined_overall,0.021523478395739894,0.9988755186185682,0.9999139185100394
combined_overall,0.021532095111306424,0.9988755186185682,0.9999139185100394
combined_overall,0.02159348920971793,0.9988755186185682,0.9999139185100394
combined_overall,0.021595643388609562,0.9988755186185682,0.9999139185100394
combined_overall,0.02163118734032149,0.9988755186185682,0.9999139185100394
combined_overall,0.02163334151921312,0.9988755186185682,0.9999139185100394
combined_overall,0.0216387269664422,0.9988755186185682,0.9999139185100394
combined_overall,0.021640881145333832,0.9988755186185682,0.9999139185100394
combined_overall,0.02164949786090036,0.9988755186185682,0.9999139185100394
combined_overall,0.021651652039791993,0.9988755186185682,0.9999139185100394
combined_overall,0.02167103964981668,0.9988755186185682,0.9999139185100394
combined_overall,0.02167319382870831,0.9988755186185682,0.9999139185100394
combined_overall,0.021706583601528606,0.9988755186185682,0.9999139185100394
combined_overall,0.021706583601528606,0.9988819811552431,0.9999139185100394
combined_overall,0.021720585764324212,0.9988819811552431,0.9999139185100394
combined_overall,0.021722739943215844,0.9988819811552431,0.9999139185100394
combined_overall,0.02172920247989074,0.9988819811552431,0.9999139185100394
combined_overall,0.021731356658782373,0.9988819811552431,0.9999139185100394
combined_overall,0.02174535882157798,0.9988819811552431,0.9999139185100394
combined_overall,0.02174751300046961,0.9988819811552431,0.9999139185100394
combined_overall,0.02182506344056836,0.9988819811552431,0.9999139185100394
combined_overall,0.021828294708905807,0.9988819811552431,0.9999139185100394
combined_overall,0.021831525977243253,0.9988819811552431,0.9999139185100394
combined_overall,0.021833680156134887,0.9988819811552431,0.9999139185100394
combined_overall,0.021933849474595767,0.9988819811552431,0.9999139185100394
combined_overall,0.0219360036534874,0.9988819811552431,0.9999139185100394
combined_overall,0.021940312011270665,0.9988819811552431,0.9999139185100394
combined_overall,0.021942466190162296,0.9988819811552431,0.9999139185100394
combined_overall,0.021945697458499745,0.9988819811552431,0.9999139185100394
combined_overall,0.021951082905728822,0.9988819811552431,0.9999139185100394
combined_overall,0.021982318499657486,0.9988819811552431,0.9999139185100394
combined_overall,0.021984472678549118,0.9988819811552431,0.9999139185100394
combined_overall,0.022003860288573804,0.9988819811552431,0.9999139185100394
combined_overall,0.022006014467465435,0.9988819811552431,0.9999139185100394
combined_overall,0.022053406403081337,0.9988819811552431,0.9999139185100394
combined_overall,0.022055560581972968,0.9988819811552431,0.9999139185100394
combined_overall,0.022067408565876946,0.9988819811552431,0.9999139185100394
combined_overall,0.022083564907564183,0.9988819811552431,0.9999139185100394
combined_overall,0.02211910885927611,0.9988819811552431,0.9999139185100394
combined_overall,0.022121263038167742,0.9988819811552431,0.9999139185100394
combined_overall,0.022126648485396822,0.9988819811552431,0.9999139185100394
combined_overall,0.022128802664288454,0.9988819811552431,0.9999139185100394
combined_overall,0.022154652810988034,0.9988819811552431,0.9999139185100394
combined_overall,0.022154652810988034,0.998888443691918,0.9999139185100394
combined_overall,0.02215680698987967,0.998888443691918,0.9999139185100394
combined_overall,0.0221589611687713,0.998888443691918,0.9999139185100394
combined_overall,0.022185888404916698,0.998888443691918,0.9999139185100394
combined_overall,0.02218804258380833,0.998888443691918,0.9999139185100394
combined_overall,0.022232203251086782,0.998888443691918,0.9999139185100394
combined_overall,0.022241897056099125,0.998888443691918,0.9999139185100394
combined_overall,0.02224620541388239,0.998888443691918,0.9999139185100394
combined_overall,0.022248359592774023,0.998888443691918,0.9999139185100394
combined_overall,0.022265593023907078,0.998888443691918,0.9999139185100394
combined_overall,0.02226990138169034,0.998888443691918,0.9999139185100394
combined_overall,0.0222806722761485,0.998888443691918,0.9999139185100394
combined_overall,0.022282826455040133,0.998888443691918,0.9999139185100394
combined_overall,0.02229898279672737,0.998888443691918,0.9999139185100394
combined_overall,0.02229898279672737,0.9988949062285929,0.9999139185100394
combined_overall,0.022326987122318585,0.9988949062285929,0.9999139185100394
combined_overall,0.022329141301210217,0.9988949062285929,0.9999139185100394
combined_overall,0.022356068537355615,0.9988949062285929,0.9999139185100394
combined_overall,0.02238084159460938,0.9988949062285929,0.9999139185100394
combined_overall,0.022382995773501016,0.9988949062285929,0.9999139185100394
combined_overall,0.02238622704183846,0.9988949062285929,0.9999139185100394
combined_overall,0.022417462635767126,0.9988949062285929,0.9999139185100394
combined_overall,0.022417462635767126,0.9989013687652677,0.9999139185100394
combined_overall,0.022419616814658757,0.9989013687652677,0.9999139185100394
combined_overall,0.022447621140249972,0.9989013687652677,0.9999139185100394
combined_overall,0.022449775319141604,0.9989013687652677,0.9999139185100394
combined_overall,0.022468085839720472,0.9989013687652677,0.9999139185100394
combined_overall,0.022468085839720472,0.9989078313019426,0.9999139185100394
combined_overall,0.022481010913070264,0.9989078313019426,0.9999139185100394
combined_overall,0.022483165091961896,0.9989078313019426,0.9999139185100394
combined_overall,0.022489627628636794,0.9989078313019426,0.9999139185100394
combined_overall,0.022496090165311688,0.9989078313019426,0.9999139185100394
combined_overall,0.0225036297914324,0.9989078313019426,0.9999139185100394
combined_overall,0.02250686105976985,0.9989078313019426,0.9999139185100394
combined_overall,0.02252194031201127,0.9989078313019426,0.9999139185100394
combined_overall,0.022524094490902903,0.9989078313019426,0.9999139185100394
combined_overall,0.022534865385361064,0.9989078313019426,0.9999139185100394
combined_overall,0.022537019564252695,0.9989078313019426,0.9999139185100394
combined_overall,0.02256179262150646,0.9989078313019426,0.9999139185100394
combined_overall,0.022563946800398093,0.9989078313019426,0.9999139185100394
combined_overall,0.022571486426518805,0.9989078313019426,0.9999139185100394
combined_overall,0.022573640605410436,0.9989078313019426,0.9999139185100394
combined_overall,0.02258548858931441,0.9989078313019426,0.9999139185100394
combined_overall,0.022587642768206042,0.9989078313019426,0.9999139185100394
combined_overall,0.02258871985765186,0.9989078313019426,0.9999139185100394
combined_overall,0.02259195112598931,0.9989078313019426,0.9999139185100394
combined_overall,0.022604876199339097,0.9989078313019426,0.9999139185100394
combined_overall,0.022604876199339097,0.9989142938386175,0.9999139185100394
combined_overall,0.022605953288784914,0.9989142938386175,0.9999139185100394
combined_overall,0.022608107467676546,0.9989142938386175,0.9999139185100394
combined_overall,0.02261995545158052,0.9989142938386175,0.9999139185100394
combined_overall,0.022624263809363786,0.9989142938386175,0.9999139185100394
combined_overall,0.0226253408988096,0.9989142938386175,0.9999139185100394
combined_overall,0.02264149724049684,0.9989142938386175,0.9999139185100394
combined_overall,0.02266734738719642,0.9989142938386175,0.9999139185100394
combined_overall,0.02266734738719642,0.9989207563752924,0.9999139185100394
combined_overall,0.022688889176112743,0.9989207563752924,0.9999139185100394
combined_overall,0.022693197533896006,0.9989207563752924,0.9999139185100394
combined_overall,0.0228213711779481,0.9989207563752924,0.9999139185100394
combined_overall,0.02282460244628555,0.9989207563752924,0.9999139185100394
combined_overall,0.022836450430189524,0.9989207563752924,0.9999139185100394
combined_overall,0.022838604609081155,0.9989207563752924,0.9999139185100394
combined_overall,0.022841835877418604,0.9989207563752924,0.9999139185100394
combined_overall,0.022843990056310236,0.9989207563752924,0.9999139185100394
combined_overall,0.022860146397997477,0.9989207563752924,0.9999139185100394
combined_overall,0.022862300576889108,0.9989207563752924,0.9999139185100394
combined_overall,0.02287199438190145,0.9989207563752924,0.9999139185100394
combined_overall,0.022876302739684714,0.9989207563752924,0.9999139185100394
combined_overall,0.022960315716458356,0.9989207563752924,0.9999139185100394
combined_overall,0.022963546984795805,0.9989207563752924,0.9999139185100394
combined_overall,0.022976472058145597,0.9989207563752924,0.9999139185100394
combined_overall,0.022976472058145597,0.9989272189119673,0.9999139185100394
combined_overall,0.023021709814869867,0.9989272189119673,0.9999139185100394
combined_overall,0.0230238639937615,0.9989272189119673,0.9999139185100394
combined_overall,0.023032480709328024,0.9989272189119673,0.9999139185100394
combined_overall,0.023032480709328024,0.9989336814486423,0.9999139185100394
combined_overall,0.023045405782677816,0.9989336814486423,0.9999139185100394
combined_overall,0.023045405782677816,0.9989401439853172,0.9999139185100394
combined_overall,0.023052945408798528,0.9989401439853172,0.9999139185100394
combined_overall,0.02305509958769016,0.9989401439853172,0.9999139185100394
combined_overall,0.02316388562171757,0.9989401439853172,0.9999139185100394
combined_overall,0.02316388562171757,0.998946606521992,0.9999139185100394
combined_overall,0.023173579426729915,0.998946606521992,0.9999139185100394
combined_overall,0.02317681069506736,0.998946606521992,0.9999139185100394
combined_overall,0.023188658678971335,0.998946606521992,0.9999139185100394
combined_overall,0.023188658678971335,0.9989530690586669,0.9999139185100394
combined_overall,0.023260823671841003,0.9989530690586669,0.9999139185100394
combined_overall,0.023262977850732638,0.9989530690586669,0.9999139185100394
combined_overall,0.023320063591360882,0.9989530690586669,0.9999139185100394
combined_overall,0.023320063591360882,0.9989595315953418,0.9999139185100394
combined_overall,0.023323294859698328,0.9989595315953418,0.9999139185100394
combined_overall,0.02332544903858996,0.9989595315953418,0.9999139185100394
combined_overall,0.02333621993304812,0.9989595315953418,0.9999139185100394
combined_overall,0.02333621993304812,0.9989659941320167,0.9999139185100394
combined_overall,0.023337297022493937,0.9989659941320167,0.9999139185100394
combined_overall,0.023340528290831383,0.9989659941320167,0.9999139185100394
combined_overall,0.023348067916952094,0.9989659941320167,0.9999139185100394
combined_overall,0.023350222095843726,0.9989659941320167,0.9999139185100394
combined_overall,0.023409462015363605,0.9989659941320167,0.9999139185100394
combined_overall,0.023411616194255237,0.9989659941320167,0.9999139185100394
combined_overall,0.023469779024329295,0.9989659941320167,0.9999139185100394
combined_overall,0.023471933203220927,0.9989659941320167,0.9999139185100394
combined_overall,0.023473010292666744,0.9989659941320167,0.9999139185100394
combined_overall,0.023473010292666744,0.9989724566686916,0.9999139185100394
combined_overall,0.023509631333824485,0.9989724566686916,0.9999139185100394
combined_overall,0.023511785512716116,0.9989724566686916,0.9999139185100394
combined_overall,0.023564562895561098,0.9989724566686916,0.9999139185100394
combined_overall,0.02356671707445273,0.9989724566686916,0.9999139185100394
combined_overall,0.023607646473393737,0.9989724566686916,0.9999139185100394
combined_overall,0.02360980065228537,0.9989724566686916,0.9999139185100394
combined_overall,0.0236593467667929,0.9989724566686916,0.9999139185100394
combined_overall,0.0236593467667929,0.9989789192053665,0.9999139185100394
combined_overall,0.023670117661251062,0.9989789192053665,0.9999139185100394
combined_overall,0.023672271840142693,0.9989789192053665,0.9999139185100394
combined_overall,0.023711047060192066,0.9989789192053665,0.9999139185100394
combined_overall,0.023713201239083697,0.9989789192053665,0.9999139185100394
combined_overall,0.023717509596866963,0.9989789192053665,0.9999139185100394
combined_overall,0.023719663775758595,0.9989789192053665,0.9999139185100394
combined_overall,0.023745513922458175,0.9989789192053665,0.9999139185100394
combined_overall,0.02374766810134981,0.9989789192053665,0.9999139185100394
combined_overall,0.02381013928920713,0.9989789192053665,0.9999139185100394
combined_overall,0.02381552473643621,0.9989789192053665,0.9999139185100394
combined_overall,0.023835989435906715,0.9989789192053665,0.9999139185100394
combined_overall,0.023839220704244164,0.9989789192053665,0.9999139185100394
combined_overall,0.023854299956485588,0.9989789192053665,0.9999139185100394
combined_overall,0.02385645413537722,0.9989789192053665,0.9999139185100394
combined_overall,0.0238618395826063,0.9989789192053665,0.9999139185100394
combined_overall,0.02386399376149793,0.9989789192053665,0.9999139185100394
combined_overall,0.02393292748603015,0.9989789192053665,0.9999139185100394
combined_overall,0.02393292748603015,0.9989853817420414,0.9999139185100394
combined_overall,0.023966317258850445,0.9989853817420414,0.9999139185100394
combined_overall,0.023966317258850445,0.9989918442787162,0.9999139185100394
combined_overall,0.023968471437742077,0.9989918442787162,0.9999139185100394
combined_overall,0.023970625616633708,0.9989918442787162,0.9999139185100394
combined_overall,0.02397277979552534,0.9989918442787162,0.9999139185100394
combined_overall,0.024024480088924504,0.9989918442787162,0.9999139185100394
combined_overall,0.024026634267816135,0.9989918442787162,0.9999139185100394
combined_overall,0.02406325530897388,0.9989918442787162,0.9999139185100394
combined_overall,0.024066486577311325,0.9989918442787162,0.9999139185100394
combined_overall,0.024068640756202957,0.9989918442787162,0.9999139185100394
combined_overall,0.024109570155143964,0.9989918442787162,0.9999139185100394
combined_overall,0.024109570155143964,0.9989983068153911,0.9999139185100394
combined_overall,0.02413972865962681,0.9989983068153911,0.9999139185100394
combined_overall,0.02413972865962681,0.9990047693520661,0.9999139185100394
combined_overall,0.02414295992796426,0.9990047693520661,0.9999139185100394
combined_overall,0.02414511410685589,0.9990047693520661,0.9999139185100394
combined_overall,0.024148345375193336,0.9990047693520661,0.9999139185100394
combined_overall,0.024150499554084968,0.9990047693520661,0.9999139185100394
combined_overall,0.02416665589577221,0.9990047693520661,0.9999139185100394
combined_overall,0.02416665589577221,0.999011231888741,0.9999139185100394
combined_overall,0.02417742679023037,0.999011231888741,0.9999139185100394
combined_overall,0.024180658058567815,0.999011231888741,0.9999139185100394
combined_overall,0.024195737310809238,0.999011231888741,0.9999139185100394
combined_overall,0.024195737310809238,0.9990176944254159,0.9999139185100394
combined_overall,0.024246360514762588,0.9990176944254159,0.9999139185100394
combined_overall,0.024252823051437482,0.9990176944254159,0.9999139185100394
combined_overall,0.024284058645366147,0.9990176944254159,0.9999139185100394
combined_overall,0.02428836700314941,0.9990176944254159,0.9999139185100394
combined_overall,0.024354069459344183,0.9990176944254159,0.9999139185100394
combined_overall,0.024356223638235815,0.9990176944254159,0.9999139185100394
combined_overall,0.024363763264356526,0.9990176944254159,0.9999139185100394
combined_overall,0.02436699453269397,0.9990176944254159,0.9999139185100394
combined_overall,0.024403615573851716,0.9990176944254159,0.9999139185100394
combined_overall,0.024405769752743348,0.9990176944254159,0.9999139185100394
combined_overall,0.024414386468309873,0.9990176944254159,0.9999139185100394
combined_overall,0.024414386468309873,0.9990241569620908,0.9999139185100394
combined_overall,0.024443467883346906,0.9990241569620908,0.9999139185100394
combined_overall,0.02444777624113017,0.9990241569620908,0.9999139185100394
combined_overall,0.02446070131447996,0.9990241569620908,0.9999139185100394
combined_overall,0.02446070131447996,0.9990306194987657,0.9999139185100394
combined_overall,0.02450055362397515,0.9990306194987657,0.9999139185100394
combined_overall,0.02450055362397515,0.9990370820354405,0.9999139185100394
combined_overall,0.024510247428987494,0.9990370820354405,0.9999139185100394
combined_overall,0.024512401607879125,0.9990370820354405,0.9999139185100394
combined_overall,0.024515632876216574,0.9990370820354405,0.9999139185100394
combined_overall,0.024517787055108205,0.9990370820354405,0.9999139185100394
combined_overall,0.024573795706290633,0.9990370820354405,0.9999139185100394
combined_overall,0.024575949885182264,0.9990370820354405,0.9999139185100394
combined_overall,0.024579181153519713,0.9990370820354405,0.9999139185100394
combined_overall,0.024579181153519713,0.9990435445721154,0.9999139185100394
combined_overall,0.024592106226869505,0.9990435445721154,0.9999139185100394
combined_overall,0.024596414584652768,0.9990435445721154,0.9999139185100394
combined_overall,0.024621187641906534,0.9990435445721154,0.9999139185100394
combined_overall,0.024623341820798166,0.9990435445721154,0.9999139185100394
combined_overall,0.024647037788606118,0.9990435445721154,0.9999139185100394
combined_overall,0.024647037788606118,0.9990500071087903,0.9999139185100394
combined_overall,0.02468904427699294,0.9990500071087903,0.9999139185100394
combined_overall,0.02469119845588457,0.9990500071087903,0.9999139185100394
combined_overall,0.024697660992559465,0.9990500071087903,0.9999139185100394
combined_overall,0.024699815171451096,0.9990500071087903,0.9999139185100394
combined_overall,0.024707354797571808,0.9990500071087903,0.9999139185100394
combined_overall,0.024707354797571808,0.9990564696454652,0.9999139185100394
combined_overall,0.024735359123163023,0.9990564696454652,0.9999139185100394
combined_overall,0.024737513302054655,0.9990564696454652,0.9999139185100394
combined_overall,0.024738590391500472,0.9990564696454652,0.9999139185100394
combined_overall,0.024738590391500472,0.9990693947188151,0.9999139185100394
combined_overall,0.024779519790441476,0.9990693947188151,0.9999139185100394
combined_overall,0.02478167396933311,0.9990693947188151,0.9999139185100394
combined_overall,0.02479675322157453,0.9990693947188151,0.9999139185100394
combined_overall,0.024798907400466166,0.9990693947188151,0.9999139185100394
combined_overall,0.024817217921045034,0.9990693947188151,0.9999139185100394
combined_overall,0.024819372099936666,0.9990693947188151,0.9999139185100394
combined_overall,0.024844145157190432,0.9990693947188151,0.9999139185100394
combined_overall,0.024846299336082067,0.9990693947188151,0.9999139185100394
combined_overall,0.024861378588323487,0.9990693947188151,0.9999139185100394
combined_overall,0.024863532767215122,0.9990693947188151,0.9999139185100394
combined_overall,0.024886151645577257,0.9990693947188151,0.9999139185100394
combined_overall,0.024886151645577257,0.99907585725549,0.9999139185100394
combined_overall,0.024891537092806334,0.99907585725549,0.9999139185100394
combined_overall,0.024893691271697965,0.99907585725549,0.9999139185100394
combined_overall,0.024934620670638973,0.99907585725549,0.9999139185100394
combined_overall,0.024934620670638973,0.9990823197921648,0.9999139185100394
combined_overall,0.024952931191217845,0.9990823197921648,0.9999139185100394
combined_overall,0.024955085370109476,0.9990823197921648,0.9999139185100394
combined_overall,0.024987398053483954,0.9990823197921648,0.9999139185100394
combined_overall,0.024989552232375586,0.9990823197921648,0.9999139185100394
combined_overall,0.025007862752954458,0.9990823197921648,0.9999139185100394
combined_overall,0.02501001693184609,0.9990823197921648,0.9999139185100394
combined_overall,0.025028327452424958,0.9990823197921648,0.9999139185100394
combined_overall,0.02503048163131659,0.9990823197921648,0.9999139185100394
combined_overall,0.025045560883558013,0.9990823197921648,0.9999139185100394
combined_overall,0.025047715062449648,0.9990823197921648,0.9999139185100394
combined_overall,0.025048792151895462,0.9990823197921648,0.9999139185100394
combined_overall,0.025050946330787093,0.9990823197921648,0.9999139185100394
combined_overall,0.025134959307560736,0.9990823197921648,0.9999139185100394
combined_overall,0.025134959307560736,0.9990887823288397,0.9999139185100394
combined_overall,0.025153269828139608,0.9990887823288397,0.9999139185100394
combined_overall,0.025156501096477057,0.9990887823288397,0.9999139185100394
combined_overall,0.025175888706501743,0.9990887823288397,0.9999139185100394
combined_overall,0.025178042885393374,0.9990887823288397,0.9999139185100394
combined_overall,0.025185582511514086,0.9990887823288397,0.9999139185100394
combined_overall,0.025187736690405717,0.9990887823288397,0.9999139185100394
combined_overall,0.025244822431033962,0.9990887823288397,0.9999139185100394
combined_overall,0.025244822431033962,0.9991017074021895,0.9999139185100394
combined_overall,0.025294368545541495,0.9991017074021895,0.9999139185100394
combined_overall,0.025297599813878944,0.9991017074021895,0.9999139185100394
combined_overall,0.02532237287113271,0.9991017074021895,0.9999139185100394
combined_overall,0.02532237287113271,0.9991081699388644,0.9999139185100394
combined_overall,0.02536545644896535,0.9991081699388644,0.9999139185100394
combined_overall,0.025374073164531875,0.9991081699388644,0.9999139185100394
combined_overall,0.025376227343423506,0.9991081699388644,0.9999139185100394
combined_overall,0.025468857035763678,0.9991081699388644,0.9999139185100394
combined_overall,0.02547101121465531,0.9991081699388644,0.9999139185100394
combined_overall,0.025475319572438572,0.9991081699388644,0.9999139185100394
combined_overall,0.025477473751330207,0.9991081699388644,0.9999139185100394
combined_overall,0.025514094792487948,0.9991081699388644,0.9999139185100394
combined_overall,0.02551624897137958,0.9991081699388644,0.9999139185100394
combined_overall,0.025531328223621003,0.9991081699388644,0.9999139185100394
combined_overall,0.025531328223621003,0.9991146324755393,0.9999139185100394
combined_overall,0.025536713670850083,0.9991146324755393,0.9999139185100394
combined_overall,0.025538867849741714,0.9991146324755393,0.9999139185100394
combined_overall,0.02554533038641661,0.9991146324755393,0.9999139185100394
combined_overall,0.025548561654754057,0.9991146324755393,0.9999139185100394
combined_overall,0.02556364090699548,0.9991146324755393,0.9999139185100394
combined_overall,0.02556364090699548,0.9991210950122142,0.9999139185100394
combined_overall,0.02560672448482812,0.9991210950122142,0.9999139185100394
combined_overall,0.02560672448482812,0.999127557548889,0.9999139185100394
combined_overall,0.025689660372155945,0.999127557548889,0.9999139185100394
combined_overall,0.025691814551047576,0.999127557548889,0.9999139185100394
combined_overall,0.02572305014497624,0.999127557548889,0.9999139185100394
combined_overall,0.02572305014497624,0.999134020085564,0.9999139185100394
combined_overall,0.025730589771096952,0.999134020085564,0.9999139185100394
combined_overall,0.025732743949988583,0.999134020085564,0.9999139185100394
combined_overall,0.025733821039434397,0.999134020085564,0.9999139185100394
combined_overall,0.025735975218326032,0.999134020085564,0.9999139185100394
combined_overall,0.02574136066555511,0.999134020085564,0.9999139185100394
combined_overall,0.02574136066555511,0.9991404826222389,0.9999139185100394
combined_overall,0.02575213156001327,0.9991404826222389,0.9999139185100394
combined_overall,0.0257542857389049,0.9991404826222389,0.9999139185100394
combined_overall,0.025776904617267036,0.9991404826222389,0.9999139185100394
combined_overall,0.025779058796158667,0.9991404826222389,0.9999139185100394
combined_overall,0.025813525658424777,0.9991404826222389,0.9999139185100394
combined_overall,0.025813525658424777,0.9991469451589138,0.9999139185100394
combined_overall,0.025883536472402813,0.9991469451589138,0.9999139185100394
combined_overall,0.025883536472402813,0.9991534076955887,0.9999139185100394
combined_overall,0.025898615724644237,0.9991534076955887,0.9999139185100394
combined_overall,0.025900769903535868,0.9991534076955887,0.9999139185100394
combined_overall,0.025940622213031058,0.9991534076955887,0.9999139185100394
combined_overall,0.02594277639192269,0.9991534076955887,0.9999139185100394
combined_overall,0.025983705790863697,0.9991534076955887,0.9999139185100394
combined_overall,0.025985859969755328,0.9991534076955887,0.9999139185100394
combined_overall,0.02599555377476767,0.9991534076955887,0.9999139185100394
combined_overall,0.025997707953659303,0.9991534076955887,0.9999139185100394
combined_overall,0.026007401758671646,0.9991534076955887,0.9999139185100394
combined_overall,0.026007401758671646,0.9991598702322636,0.9999139185100394
combined_overall,0.026019249742575624,0.9991598702322636,0.9999139185100394
combined_overall,0.026021403921467255,0.9991598702322636,0.9999139185100394
combined_overall,0.02602786645814215,0.9991598702322636,0.9999139185100394
combined_overall,0.026032174815925412,0.9991598702322636,0.9999139185100394
combined_overall,0.02603648317370868,0.9991598702322636,0.9999139185100394
combined_overall,0.02603648317370868,0.9991663327689385,0.9999139185100394
combined_overall,0.026039714442046124,0.9991663327689385,0.9999139185100394
combined_overall,0.026045099889275204,0.9991663327689385,0.9999139185100394
combined_overall,0.026101108540457635,0.9991663327689385,0.9999139185100394
combined_overall,0.026103262719349266,0.9991663327689385,0.9999139185100394
combined_overall,0.026135575402723744,0.9991663327689385,0.9999139185100394
combined_overall,0.026138806671061193,0.9991663327689385,0.9999139185100394
combined_overall,0.02614203793939864,0.9991663327689385,0.9999139185100394
combined_overall,0.02614203793939864,0.9991727953056133,0.9999139185100394
combined_overall,0.026182967338339646,0.9991727953056133,0.9999139185100394
combined_overall,0.026185121517231277,0.9991727953056133,0.9999139185100394
combined_overall,0.02619481532224362,0.9991727953056133,0.9999139185100394
combined_overall,0.02619481532224362,0.9991792578422882,0.9999139185100394
combined_overall,0.026220665468943204,0.9991792578422882,0.9999139185100394
combined_overall,0.026222819647834836,0.9991792578422882,0.9999139185100394
combined_overall,0.026247592705088602,0.9991792578422882,0.9999139185100394
combined_overall,0.026247592705088602,0.9991857203789631,0.9999139185100394
combined_overall,0.026249746883980234,0.9991857203789631,0.9999139185100394
combined_overall,0.026262671957330026,0.9991857203789631,0.9999139185100394
combined_overall,0.02627236576234237,0.9991857203789631,0.9999139185100394
combined_overall,0.02628529083569216,0.9991857203789631,0.9999139185100394
combined_overall,0.02628529083569216,0.999192182915638,0.9999139185100394
combined_overall,0.026286367925137975,0.999192182915638,0.9999139185100394
combined_overall,0.026288522104029606,0.999192182915638,0.9999139185100394
combined_overall,0.02641238739029844,0.999192182915638,0.9999139185100394
combined_overall,0.026414541569190073,0.999192182915638,0.9999139185100394
combined_overall,0.026424235374202416,0.999192182915638,0.9999139185100394
combined_overall,0.026424235374202416,0.999198645452313,0.9999139185100394
combined_overall,0.02644685425256455,0.999198645452313,0.9999139185100394
combined_overall,0.02644685425256455,0.9992051079889879,0.9999139185100394
combined_overall,0.0264705502203725,0.9992051079889879,0.9999139185100394
combined_overall,0.026472704399264132,0.9992051079889879,0.9999139185100394
combined_overall,0.026493169098734635,0.9992051079889879,0.9999139185100394
combined_overall,0.026493169098734635,0.9992115705256628,0.9999139185100394
combined_overall,0.02649963163540953,0.9992115705256628,0.9999139185100394
combined_overall,0.02649963163540953,0.9992180330623376,0.9999139185100394
combined_overall,0.02650717126153024,0.9992180330623376,0.9999139185100394
combined_overall,0.02650717126153024,0.9992244955990125,0.9999139185100394
combined_overall,0.026509325440421873,0.9992244955990125,0.9999139185100394
combined_overall,0.026511479619313508,0.9992244955990125,0.9999139185100394
combined_overall,0.02652117342432585,0.9992244955990125,0.9999139185100394
combined_overall,0.026524404692663296,0.9992244955990125,0.9999139185100394
combined_overall,0.026543792302687986,0.9992244955990125,0.9999139185100394
combined_overall,0.026545946481579617,0.9992244955990125,0.9999139185100394
combined_overall,0.02657933625439991,0.9992244955990125,0.9999139185100394
combined_overall,0.02657933625439991,0.9992309581356874,0.9999139185100394
combined_overall,0.02659333841719552,0.9992309581356874,0.9999139185100394
combined_overall,0.02659549259608715,0.9992309581356874,0.9999139185100394
combined_overall,0.026612726027220205,0.9992309581356874,0.9999139185100394
combined_overall,0.026614880206111836,0.9992309581356874,0.9999139185100394
combined_overall,0.026625651100569997,0.9992309581356874,0.9999139185100394
combined_overall,0.02662995945835326,0.9992309581356874,0.9999139185100394
combined_overall,0.026641807442257234,0.9992309581356874,0.9999139185100394
combined_overall,0.026641807442257234,0.9992374206723623,0.9999139185100394
combined_overall,0.026649347068377946,0.9992374206723623,0.9999139185100394
combined_overall,0.026652578336715395,0.9992374206723623,0.9999139185100394
combined_overall,0.0266730430361859,0.9992374206723623,0.9999139185100394
combined_overall,0.0266730430361859,0.9992438832090372,0.9999139185100394
combined_overall,0.026685968109535687,0.9992438832090372,0.9999139185100394
combined_overall,0.026690276467318953,0.9992438832090372,0.9999139185100394
combined_overall,0.026716126614018534,0.9992438832090372,0.9999139185100394
combined_overall,0.026718280792910165,0.9992438832090372,0.9999139185100394
combined_overall,0.02676244146018862,0.9992438832090372,0.9999139185100394
combined_overall,0.026764595639080253,0.9992438832090372,0.9999139185100394
combined_overall,0.026766749817971884,0.9992438832090372,0.9999139185100394
combined_overall,0.026768903996863515,0.9992438832090372,0.9999139185100394
combined_overall,0.026781829070213307,0.9992438832090372,0.9999139185100394
combined_overall,0.02678398324910494,0.9992438832090372,0.9999139185100394
combined_overall,0.02678398324910494,0.9992503457457121,0.9999139185100394
combined_overall,0.026858302420866238,0.9992503457457121,0.9999139185100394
combined_overall,0.02686045659975787,0.9992503457457121,0.9999139185100394
combined_overall,0.026870150404770213,0.9992503457457121,0.9999139185100394
combined_overall,0.026870150404770213,0.999256808282387,0.9999139185100394
combined_overall,0.026880921299228373,0.999256808282387,0.9999139185100394
combined_overall,0.026883075478120005,0.999256808282387,0.9999139185100394
combined_overall,0.026925081966506826,0.999256808282387,0.9999139185100394
combined_overall,0.026927236145398457,0.999256808282387,0.9999139185100394
combined_overall,0.026928313234844275,0.999256808282387,0.9999139185100394
combined_overall,0.026928313234844275,0.9992632708190619,0.9999139185100394
combined_overall,0.02698755315436415,0.9992632708190619,0.9999139185100394
combined_overall,0.02698755315436415,0.9992697333557368,0.9999139185100394
combined_overall,0.026997246959376494,0.9992697333557368,0.9999139185100394
combined_overall,0.026999401138268125,0.9992697333557368,0.9999139185100394
combined_overall,0.02705971814723382,0.9992697333557368,0.9999139185100394
combined_overall,0.02706187232612545,0.9992697333557368,0.9999139185100394
combined_overall,0.02710172463562064,0.9992697333557368,0.9999139185100394
combined_overall,0.02710495590395809,0.9992697333557368,0.9999139185100394
combined_overall,0.02714911657123654,0.9992697333557368,0.9999139185100394
combined_overall,0.027153424929019804,0.9992697333557368,0.9999139185100394
combined_overall,0.027200816864635706,0.9992697333557368,0.9999139185100394
combined_overall,0.027200816864635706,0.9992761958924117,0.9999139185100394
combined_overall,0.027240669174130896,0.9992761958924117,0.9999139185100394
combined_overall,0.027240669174130896,0.9992826584290866,0.9999139185100394
combined_overall,0.02726436514193885,0.9992826584290866,0.9999139185100394
combined_overall,0.027270827678613743,0.9992826584290866,0.9999139185100394
combined_overall,0.027350532297604122,0.9992826584290866,0.9999139185100394
combined_overall,0.027350532297604122,0.9992891209657615,0.9999139185100394
combined_overall,0.027368842818182994,0.9992891209657615,0.9999139185100394
combined_overall,0.027370996997074626,0.9992891209657615,0.9999139185100394
combined_overall,0.027400078412111655,0.9992891209657615,0.9999139185100394
combined_overall,0.027402232591003287,0.9992891209657615,0.9999139185100394
combined_overall,0.02741946602213634,0.9992891209657615,0.9999139185100394
combined_overall,0.02742485146936542,0.9992891209657615,0.9999139185100394
combined_overall,0.02745177870551082,0.9992891209657615,0.9999139185100394
combined_overall,0.02745393288440245,0.9992891209657615,0.9999139185100394
combined_overall,0.02754010004006773,0.9992891209657615,0.9999139185100394
combined_overall,0.02754010004006773,0.9992955835024364,0.9999139185100394
combined_overall,0.027581029439008732,0.9992955835024364,0.9999139185100394
combined_overall,0.027581029439008732,0.9993020460391113,0.9999139185100394
combined_overall,0.027596108691250155,0.9993020460391113,0.9999139185100394
combined_overall,0.027598262870141787,0.9993020460391113,0.9999139185100394
combined_overall,0.02762411301684137,0.9993020460391113,0.9999139185100394
combined_overall,0.027626267195733002,0.9993020460391113,0.9999139185100394
combined_overall,0.027644577716311874,0.9993020460391113,0.9999139185100394
combined_overall,0.027646731895203506,0.9993020460391113,0.9999139185100394
combined_overall,0.027718896888073174,0.9993020460391113,0.9999139185100394
combined_overall,0.027722128156410623,0.9993020460391113,0.9999139185100394
combined_overall,0.027724282335302254,0.9993020460391113,0.9999139185100394
combined_overall,0.027724282335302254,0.9993085085757861,0.9999139185100394
combined_overall,0.02772966778253133,0.9993085085757861,0.9999139185100394
combined_overall,0.027731821961422966,0.9993085085757861,0.9999139185100394
combined_overall,0.027766288823689075,0.9993085085757861,0.9999139185100394
combined_overall,0.027768443002580707,0.9993085085757861,0.9999139185100394
combined_overall,0.02777275136036397,0.9993085085757861,0.9999139185100394
combined_overall,0.027956933655598495,0.9993085085757861,0.9999139185100394
combined_overall,0.027962319102827576,0.9993085085757861,0.9999139185100394
combined_overall,0.02806141133184264,0.9993085085757861,0.9999139185100394
combined_overall,0.028063565510734273,0.9993085085757861,0.9999139185100394
combined_overall,0.02808295312075896,0.9993085085757861,0.9999139185100394
combined_overall,0.02808510729965059,0.9993085085757861,0.9999139185100394
combined_overall,0.028107726178012726,0.9993085085757861,0.9999139185100394
combined_overall,0.028109880356904357,0.9993085085757861,0.9999139185100394
combined_overall,0.028147578487507915,0.9993085085757861,0.9999139185100394
combined_overall,0.028149732666399547,0.9993085085757861,0.9999139185100394
combined_overall,0.02818096826032821,0.9993085085757861,0.9999139185100394
combined_overall,0.02818635370755729,0.9993085085757861,0.9999139185100394
combined_overall,0.028221897659269215,0.9993085085757861,0.9999139185100394
combined_overall,0.02822620601705248,0.9993085085757861,0.9999139185100394
combined_overall,0.028241285269293905,0.9993085085757861,0.9999139185100394
combined_overall,0.028243439448185536,0.9993085085757861,0.9999139185100394
combined_overall,0.02825205616375206,0.9993085085757861,0.9999139185100394
combined_overall,0.028256364521535328,0.9993085085757861,0.9999139185100394
combined_overall,0.028330683693296627,0.9993085085757861,0.9999139185100394
combined_overall,0.02833283787218826,0.9993085085757861,0.9999139185100394
combined_overall,0.02837807562891253,0.9993085085757861,0.9999139185100394
combined_overall,0.02838022980780416,0.9993085085757861,0.9999139185100394
combined_overall,0.028389923612816503,0.9993085085757861,0.9999139185100394
combined_overall,0.02843300719064914,0.9993085085757861,0.9999139185100394
combined_overall,0.028435161369540773,0.9993085085757861,0.9999139185100394
combined_overall,0.028442700995661485,0.9993085085757861,0.9999139185100394
combined_overall,0.028444855174553117,0.9993085085757861,0.9999139185100394
combined_overall,0.028466396963469434,0.9993085085757861,0.9999139185100394
combined_overall,0.028468551142361066,0.9993085085757861,0.9999139185100394
combined_overall,0.028481476215710858,0.9993085085757861,0.9999139185100394
combined_overall,0.02848363039460249,0.9993085085757861,0.9999139185100394
combined_overall,0.028513788899085336,0.9993085085757861,0.9999139185100394
combined_overall,0.028515943077976967,0.9993085085757861,0.9999139185100394
combined_overall,0.028566566281930317,0.9993085085757861,0.9999139185100394
combined_overall,0.028566566281930317,0.999314971112461,0.9999139185100394
combined_overall,0.02856872046082195,0.999314971112461,0.9999139185100394
combined_overall,0.02856872046082195,0.999321433649136,0.9999139185100394
combined_overall,0.028620420754221113,0.999321433649136,0.9999139185100394
combined_overall,0.028622574933112745,0.999321433649136,0.9999139185100394
combined_overall,0.028657041795378854,0.999321433649136,0.9999139185100394
combined_overall,0.028662427242607934,0.999321433649136,0.9999139185100394
combined_overall,0.028696894104874044,0.999321433649136,0.9999139185100394
combined_overall,0.028699048283765675,0.999321433649136,0.9999139185100394
combined_overall,0.02870120246265731,0.999321433649136,0.9999139185100394
combined_overall,0.028704433730994756,0.999321433649136,0.9999139185100394
combined_overall,0.028711973357115467,0.999321433649136,0.9999139185100394
combined_overall,0.0287141275360071,0.999321433649136,0.9999139185100394
combined_overall,0.02874320895104413,0.999321433649136,0.9999139185100394
combined_overall,0.028745363129935763,0.999321433649136,0.9999139185100394
combined_overall,0.02875613402439392,0.999321433649136,0.9999139185100394
combined_overall,0.028758288203285555,0.999321433649136,0.9999139185100394
combined_overall,0.028910157815145603,0.999321433649136,0.9999139185100394
combined_overall,0.028912311994037234,0.999321433649136,0.9999139185100394
combined_overall,0.028916620351820497,0.999321433649136,0.9999139185100394
combined_overall,0.028916620351820497,0.9993278961858109,0.9999139185100394
combined_overall,0.0289640122874364,0.9993278961858109,0.9999139185100394
combined_overall,0.02896616646632803,0.9993278961858109,0.9999139185100394
combined_overall,0.028993093702473428,0.9993278961858109,0.9999139185100394
combined_overall,0.02899524788136506,0.9993278961858109,0.9999139185100394
combined_overall,0.028996324970810877,0.9993278961858109,0.9999139185100394
combined_overall,0.028998479149702508,0.9993278961858109,0.9999139185100394
combined_overall,0.02901678967028138,0.9993278961858109,0.9999139185100394
combined_overall,0.02901894384917301,0.9993278961858109,0.9999139185100394
combined_overall,0.029021098028064643,0.9993278961858109,0.9999139185100394
combined_overall,0.029023252206956274,0.9993278961858109,0.9999139185100394
combined_overall,0.029024329296402092,0.9993278961858109,0.9999139185100394
combined_overall,0.029028637654185355,0.9993278961858109,0.9999139185100394
combined_overall,0.02904587108531841,0.9993278961858109,0.9999139185100394
combined_overall,0.02904587108531841,0.9993343587224858,0.9999139185100394
combined_overall,0.02913850077765858,0.9993343587224858,0.9999139185100394
combined_overall,0.02913850077765858,0.9993408212591607,0.9999139185100394
combined_overall,0.02916758219269561,0.9993408212591607,0.9999139185100394
combined_overall,0.029171890550478873,0.9993408212591607,0.9999139185100394
combined_overall,0.029192355249949377,0.9993408212591607,0.9999139185100394
combined_overall,0.02920420323385335,0.9993408212591607,0.9999139185100394
combined_overall,0.02928929330007281,0.9993408212591607,0.9999139185100394
combined_overall,0.02928929330007281,0.9993472837958356,0.9999139185100394
combined_overall,0.029319451804555658,0.9993472837958356,0.9999139185100394
combined_overall,0.02932160598344729,0.9993472837958356,0.9999139185100394
combined_overall,0.029359304114050848,0.9993472837958356,0.9999139185100394
combined_overall,0.029362535382388297,0.9993472837958356,0.9999139185100394
combined_overall,0.029388385529087877,0.9993472837958356,0.9999139185100394
combined_overall,0.02939053970797951,0.9993472837958356,0.9999139185100394
combined_overall,0.029394848065762775,0.9993472837958356,0.9999139185100394
combined_overall,0.029394848065762775,0.9993537463325104,0.9999139185100394
combined_overall,0.02943254619636633,0.9993537463325104,0.9999139185100394
combined_overall,0.02943470037525796,0.9993537463325104,0.9999139185100394
combined_overall,0.029499325742006918,0.9993537463325104,0.9999139185100394
combined_overall,0.029501479920898552,0.9993537463325104,0.9999139185100394
combined_overall,0.029502557010344366,0.9993537463325104,0.9999139185100394
combined_overall,0.029505788278681815,0.9993537463325104,0.9999139185100394
combined_overall,0.02951979044147742,0.9993537463325104,0.9999139185100394
combined_overall,0.02951979044147742,0.9993602088691853,0.9999139185100394
combined_overall,0.029581184539888932,0.9993602088691853,0.9999139185100394
combined_overall,0.029581184539888932,0.9993666714058602,0.9999139185100394
combined_overall,0.029612420133817593,0.9993666714058602,0.9999139185100394
combined_overall,0.0296264222966132,0.9993666714058602,0.9999139185100394
combined_overall,0.029629653564950648,0.9993666714058602,0.9999139185100394
combined_overall,0.029629653564950648,0.9993731339425351,0.9999139185100394
combined_overall,0.029636116101625542,0.9993731339425351,0.9999139185100394
combined_overall,0.029638270280517177,0.9993731339425351,0.9999139185100394
combined_overall,0.02965011826442115,0.9993731339425351,0.9999139185100394
combined_overall,0.029652272443312783,0.9993731339425351,0.9999139185100394
combined_overall,0.0296533495327586,0.9993731339425351,0.9999139185100394
combined_overall,0.0296533495327586,0.99937959647921,0.9999139185100394
combined_overall,0.02966088915887931,0.99937959647921,0.9999139185100394
combined_overall,0.02966088915887931,0.999386059015885,0.9999139185100394
combined_overall,0.02967166005333747,0.999386059015885,0.9999139185100394
combined_overall,0.02967166005333747,0.9993925215525599,0.9999139185100394
combined_overall,0.02967596841112073,0.9993925215525599,0.9999139185100394
combined_overall,0.02967596841112073,0.9993989840892347,0.9999139185100394
combined_overall,0.029707204005049396,0.9993989840892347,0.9999139185100394
combined_overall,0.029707204005049396,0.9994054466259096,0.9999139185100394
combined_overall,0.029710435273386845,0.9994054466259096,0.9999139185100394
combined_overall,0.029710435273386845,0.9994119091625845,0.9999139185100394
combined_overall,0.029714743631170108,0.9994119091625845,0.9999139185100394
combined_overall,0.02971689781006174,0.9994119091625845,0.9999139185100394
combined_overall,0.029717974899507556,0.9994119091625845,0.9999139185100394
combined_overall,0.029717974899507556,0.9994183716992594,0.9999139185100394
combined_overall,0.029731977062303162,0.9994183716992594,0.9999139185100394
combined_overall,0.029740593777869688,0.9994183716992594,0.9999139185100394
combined_overall,0.029742747956761323,0.9994183716992594,0.9999139185100394
combined_overall,0.029763212656231823,0.9994183716992594,0.9999139185100394
combined_overall,0.029765366835123454,0.9994183716992594,0.9999139185100394
combined_overall,0.029770752282352535,0.9994183716992594,0.9999139185100394
combined_overall,0.029773983550689984,0.9994183716992594,0.9999139185100394
combined_overall,0.029779368997919064,0.9994183716992594,0.9999139185100394
combined_overall,0.029779368997919064,0.9994248342359343,0.9999139185100394
combined_overall,0.029783677355702327,0.9994248342359343,0.9999139185100394
combined_overall,0.029783677355702327,0.9994312967726092,0.9999139185100394
combined_overall,0.029826760933534965,0.9994312967726092,0.9999139185100394
combined_overall,0.02982999220187241,0.9994312967726092,0.9999139185100394
combined_overall,0.02990754264197116,0.9994312967726092,0.9999139185100394
combined_overall,0.02990969682086279,0.9994312967726092,0.9999139185100394
combined_overall,0.030017405765444385,0.9994312967726092,0.9999139185100394
combined_overall,0.030019559944336017,0.9994312967726092,0.9999139185100394
combined_overall,0.030065874790506104,0.9994312967726092,0.9999139185100394
combined_overall,0.030072337327181,0.9994312967726092,0.9999139185100394
combined_overall,0.030093879116097316,0.9994312967726092,0.9999139185100394
combined_overall,0.030096033294988948,0.9994312967726092,0.9999139185100394
combined_overall,0.03015635030395464,0.9994312967726092,0.9999139185100394
combined_overall,0.030158504482846273,0.9994312967726092,0.9999139185100394
combined_overall,0.030172506645641882,0.9994312967726092,0.9999139185100394
combined_overall,0.030174660824533513,0.9994312967726092,0.9999139185100394
combined_overall,0.03018327754010004,0.9994312967726092,0.9999139185100394
combined_overall,0.030186508808437488,0.9994312967726092,0.9999139185100394
combined_overall,0.03019943388178728,0.9994312967726092,0.9999139185100394
combined_overall,0.03020158806067891,0.9994312967726092,0.9999139185100394
combined_overall,0.03020266515012473,0.9994312967726092,0.9999139185100394
combined_overall,0.03020481932901636,0.9994312967726092,0.9999139185100394
combined_overall,0.030269444695765316,0.9994312967726092,0.9999139185100394
combined_overall,0.03027375305354858,0.9994312967726092,0.9999139185100394
combined_overall,0.030334070062514273,0.9994312967726092,0.9999139185100394
combined_overall,0.03033945550974335,0.9994312967726092,0.9999139185100394
combined_overall,0.030381461998130174,0.9994312967726092,0.9999139185100394
combined_overall,0.030383616177021806,0.9994312967726092,0.9999139185100394
combined_overall,0.030422391397071178,0.9994312967726092,0.9999139185100394
combined_overall,0.03042454557596281,0.9994312967726092,0.9999139185100394
combined_overall,0.03048270840603687,0.9994312967726092,0.9999139185100394
combined_overall,0.030487016763820134,0.9994312967726092,0.9999139185100394
combined_overall,0.030512866910519718,0.9994312967726092,0.9999139185100394
combined_overall,0.030523637804977875,0.9994312967726092,0.9999139185100394
combined_overall,0.030605496602859886,0.9994312967726092,0.9999139185100394
combined_overall,0.03060765078175152,0.9994312967726092,0.9999139185100394
combined_overall,0.030615190407872233,0.9994312967726092,0.9999139185100394
combined_overall,0.030617344586763864,0.9994312967726092,0.9999139185100394
combined_overall,0.030624884212884576,0.9994312967726092,0.9999139185100394
combined_overall,0.030624884212884576,0.9994377593092841,0.9999139185100394
combined_overall,0.030643194733463445,0.9994377593092841,0.9999139185100394
combined_overall,0.030645348912355076,0.9994377593092841,0.9999139185100394
combined_overall,0.030666890701271397,0.9994377593092841,0.9999139185100394
combined_overall,0.030675507416837923,0.9994377593092841,0.9999139185100394
combined_overall,0.030689509579633532,0.9994377593092841,0.9999139185100394
combined_overall,0.030692740847970978,0.9994377593092841,0.9999139185100394
combined_overall,0.030749826588599222,0.9994377593092841,0.9999139185100394
combined_overall,0.030751980767490854,0.9994377593092841,0.9999139185100394
combined_overall,0.030764905840840646,0.9994377593092841,0.9999139185100394
combined_overall,0.030769214198623912,0.9994377593092841,0.9999139185100394
combined_overall,0.0309038503793509,0.9994377593092841,0.9999139185100394
combined_overall,0.030906004558242536,0.9994377593092841,0.9999139185100394
combined_overall,0.030926469257713037,0.9994377593092841,0.9999139185100394
combined_overall,0.030930777615496303,0.9994377593092841,0.9999139185100394
combined_overall,0.030940471420508646,0.9994377593092841,0.9999139185100394
combined_overall,0.03094370268884609,0.9994377593092841,0.9999139185100394
combined_overall,0.03098355499834128,0.9994377593092841,0.9999139185100394
combined_overall,0.030985709177232913,0.9994377593092841,0.9999139185100394
combined_overall,0.03098894044557036,0.9994377593092841,0.9999139185100394
combined_overall,0.030991094624461993,0.9994377593092841,0.9999139185100394
combined_overall,0.031030946933957183,0.9994377593092841,0.9999139185100394
combined_overall,0.03103417820229463,0.9994377593092841,0.9999139185100394
combined_overall,0.031040640738969526,0.9994377593092841,0.9999139185100394
combined_overall,0.031044949096752792,0.9994377593092841,0.9999139185100394
combined_overall,0.03107726178012727,0.9994377593092841,0.9999139185100394
combined_overall,0.0310794159590189,0.9994377593092841,0.9999139185100394
combined_overall,0.031081570137910533,0.9994377593092841,0.9999139185100394
combined_overall,0.031084801406247982,0.9994377593092841,0.9999139185100394
combined_overall,0.03111172864239338,0.9994377593092841,0.9999139185100394
combined_overall,0.03111388282128501,0.9994377593092841,0.9999139185100394
combined_overall,0.031120345357959905,0.9994377593092841,0.9999139185100394
combined_overall,0.031122499536851537,0.9994377593092841,0.9999139185100394
combined_overall,0.031138655878538778,0.9994377593092841,0.9999139185100394
combined_overall,0.03114081005743041,0.9994377593092841,0.9999139185100394
combined_overall,0.0311537351307802,0.9994377593092841,0.9999139185100394
combined_overall,0.031155889309671832,0.9994377593092841,0.9999139185100394
combined_overall,0.031178508188033967,0.9994377593092841,0.9999139185100394
combined_overall,0.0311806623669256,0.9994377593092841,0.9999139185100394
combined_overall,0.031226977213095683,0.9994377593092841,0.9999139185100394
combined_overall,0.031235593928662212,0.9994377593092841,0.9999139185100394
combined_overall,0.031244210644228738,0.9994377593092841,0.9999139185100394
combined_overall,0.031246364823120373,0.9994377593092841,0.9999139185100394
combined_overall,0.03125282735979527,0.9994377593092841,0.9999139185100394
combined_overall,0.0312549815386869,0.9994377593092841,0.9999139185100394
combined_overall,0.03128837131150719,0.9994377593092841,0.9999139185100394
combined_overall,0.031290525490398825,0.9994377593092841,0.9999139185100394
combined_overall,0.03131314436876096,0.9994377593092841,0.9999139185100394
combined_overall,0.03131637563709841,0.9994377593092841,0.9999139185100394
combined_overall,0.03133791742601472,0.9994377593092841,0.9999139185100394
combined_overall,0.03133791742601472,0.9994442218459589,0.9999139185100394
combined_overall,0.03136915301994339,0.9994442218459589,0.9999139185100394
combined_overall,0.0313766926460641,0.9994442218459589,0.9999139185100394
combined_overall,0.0314510118178254,0.9994442218459589,0.9999139185100394
combined_overall,0.031453165996717034,0.9994442218459589,0.9999139185100394
combined_overall,0.03148978703787477,0.9994442218459589,0.9999139185100394
combined_overall,0.031491941216766406,0.9994442218459589,0.9999139185100394
combined_overall,0.03152209972124925,0.9994442218459589,0.9999139185100394
combined_overall,0.031529639347369964,0.9994442218459589,0.9999139185100394
combined_overall,0.031602881429685446,0.9994442218459589,0.9999139185100394
combined_overall,0.031609343966360344,0.9994442218459589,0.9999139185100394
combined_overall,0.03165027336530135,0.9994442218459589,0.9999139185100394
combined_overall,0.03165242754419298,0.9994442218459589,0.9999139185100394
combined_overall,0.03165673590197624,0.9994442218459589,0.9999139185100394
combined_overall,0.031662121349205326,0.9994442218459589,0.9999139185100394
combined_overall,0.03169874239036306,0.9994442218459589,0.9999139185100394
combined_overall,0.03169874239036306,0.9994506843826338,0.9999139185100394
combined_overall,0.03177090738323273,0.9994506843826338,0.9999139185100394
combined_overall,0.031773061562124366,0.9994506843826338,0.9999139185100394
combined_overall,0.03180645133494466,0.9994506843826338,0.9999139185100394
combined_overall,0.03180860551383629,0.9994506843826338,0.9999139185100394
combined_overall,0.031827993123860976,0.9994506843826338,0.9999139185100394
combined_overall,0.03183014730275261,0.9994506843826338,0.9999139185100394
combined_overall,0.031855997449452195,0.9994506843826338,0.9999139185100394
combined_overall,0.03185815162834382,0.9994506843826338,0.9999139185100394
combined_overall,0.03186030580723546,0.9994506843826338,0.9999139185100394
combined_overall,0.031862459986127085,0.9994506843826338,0.9999139185100394
combined_overall,0.03186892252280198,0.9994506843826338,0.9999139185100394
combined_overall,0.03187107670169362,0.9994506843826338,0.9999139185100394
combined_overall,0.031890464311718304,0.9994506843826338,0.9999139185100394
combined_overall,0.03189477266950157,0.9994506843826338,0.9999139185100394
combined_overall,0.03189908102728483,0.9994506843826338,0.9999139185100394
combined_overall,0.03189908102728483,0.9994571469193088,0.9999139185100394
combined_overall,0.031980939825166844,0.9994571469193088,0.9999139185100394
combined_overall,0.03198309400405847,0.9994571469193088,0.9999139185100394
combined_overall,0.032018637955770396,0.9994571469193088,0.9999139185100394
combined_overall,0.032025100492445294,0.9994571469193088,0.9999139185100394
combined_overall,0.032035871386903454,0.9994571469193088,0.9999139185100394
combined_overall,0.03203802556579509,0.9994571469193088,0.9999139185100394
combined_overall,0.03206172153360304,0.9994571469193088,0.9999139185100394
combined_overall,0.032063875712494666,0.9994571469193088,0.9999139185100394
combined_overall,0.032067106980832115,0.9994571469193088,0.9999139185100394
combined_overall,0.03206926115972375,0.9994571469193088,0.9999139185100394
combined_overall,0.03207141533861538,0.9994571469193088,0.9999139185100394
combined_overall,0.03207356951750701,0.9994571469193088,0.9999139185100394
combined_overall,0.03219312644599258,0.9994571469193088,0.9999139185100394
combined_overall,0.03219635771433003,0.9994571469193088,0.9999139185100394
combined_overall,0.032206051519342374,0.9994571469193088,0.9999139185100394
combined_overall,0.03220928278767982,0.9994571469193088,0.9999139185100394
combined_overall,0.032234055844933586,0.9994571469193088,0.9999139185100394
combined_overall,0.03223621002382522,0.9994571469193088,0.9999139185100394
combined_overall,0.03224698091828338,0.9994571469193088,0.9999139185100394
combined_overall,0.032251289276066644,0.9994571469193088,0.9999139185100394
combined_overall,0.03225344345495827,0.9994571469193088,0.9999139185100394
combined_overall,0.03236869202566058,0.9994571469193088,0.9999139185100394
combined_overall,0.03237084620455221,0.9994571469193088,0.9999139185100394
combined_overall,0.03241608396127648,0.9994571469193088,0.9999139185100394
combined_overall,0.03241608396127648,0.9994636094559837,0.9999139185100394
combined_overall,0.032494711490821046,0.9994636094559837,0.9999139185100394
combined_overall,0.032496865669712674,0.9994636094559837,0.9999139185100394
combined_overall,0.032504405295833386,0.9994636094559837,0.9999139185100394
combined_overall,0.03250655947472502,0.9994636094559837,0.9999139185100394
combined_overall,0.0325862640937154,0.9994636094559837,0.9999139185100394
combined_overall,0.03258841827260703,0.9994636094559837,0.9999139185100394
combined_overall,0.03261103715096916,0.9994636094559837,0.9999139185100394
combined_overall,0.032615345508752426,0.9994636094559837,0.9999139185100394
combined_overall,0.0326336560293313,0.9994636094559837,0.9999139185100394
combined_overall,0.03263904147656038,0.9994636094559837,0.9999139185100394
combined_overall,0.03264765819212691,0.9994636094559837,0.9999139185100394
combined_overall,0.032650889460464357,0.9994636094559837,0.9999139185100394
combined_overall,0.03278767982008298,0.9994636094559837,0.9999139185100394
combined_overall,0.032791988177866244,0.9994636094559837,0.9999139185100394
combined_overall,0.03280491325121603,0.9994636094559837,0.9999139185100394
combined_overall,0.03280706743010767,0.9994636094559837,0.9999139185100394
combined_overall,0.03282214668234909,0.9994636094559837,0.9999139185100394
combined_overall,0.03284584265015704,0.9994636094559837,0.9999139185100394
combined_overall,0.032968630846980054,0.9994636094559837,0.9999139185100394
combined_overall,0.03297078502587169,0.9994636094559837,0.9999139185100394
combined_overall,0.03298801845700474,0.9994636094559837,0.9999139185100394
combined_overall,0.032990172635896375,0.9994636094559837,0.9999139185100394
combined_overall,0.03305695218153697,0.9994636094559837,0.9999139185100394
combined_overall,0.03306233762876604,0.9994636094559837,0.9999139185100394
combined_overall,0.03307633979156165,0.9994636094559837,0.9999139185100394
combined_overall,0.0330795710598991,0.9994636094559837,0.9999139185100394
combined_overall,0.03319266545170977,0.9994636094559837,0.9999139185100394
combined_overall,0.03319697380949303,0.9994636094559837,0.9999139185100394
combined_overall,0.03322066977730099,0.9994636094559837,0.9999139185100394
combined_overall,0.03322282395619262,0.9994636094559837,0.9999139185100394
combined_overall,0.03328314096515831,0.9994636094559837,0.9999139185100394
combined_overall,0.033285295144049945,0.9994636094559837,0.9999139185100394
combined_overall,0.03330683693296626,0.9994636094559837,0.9999139185100394
combined_overall,0.033308991111857894,0.9994636094559837,0.9999139185100394
combined_overall,0.03334561215301563,0.9994636094559837,0.9999139185100394
combined_overall,0.033347766331907266,0.9994636094559837,0.9999139185100394
combined_overall,0.03342854804034346,0.9994636094559837,0.9999139185100394
combined_overall,0.033430702219235095,0.9994636094559837,0.9999139185100394
combined_overall,0.03348455669152589,0.9994636094559837,0.9999139185100394
combined_overall,0.03348994213875497,0.9994636094559837,0.9999139185100394
combined_overall,0.033496404675429865,0.9994636094559837,0.9999139185100394
combined_overall,0.033499635943767314,0.9994636094559837,0.9999139185100394
combined_overall,0.033524409001021084,0.9994636094559837,0.9999139185100394
combined_overall,0.033527640269358526,0.9994636094559837,0.9999139185100394
combined_overall,0.03363319503504849,0.9994636094559837,0.9999139185100394
combined_overall,0.03363750339283175,0.9994636094559837,0.9999139185100394
combined_overall,0.033669816076206234,0.9994636094559837,0.9999139185100394
combined_overall,0.03367304734454368,0.9994636094559837,0.9999139185100394
combined_overall,0.03371613092237632,0.9994636094559837,0.9999139185100394
combined_overall,0.03371828510126795,0.9994636094559837,0.9999139185100394
combined_overall,0.033724747637942844,0.9994636094559837,0.9999139185100394
combined_overall,0.03372690181683448,0.9994636094559837,0.9999139185100394
combined_overall,0.03373121017461774,0.9994636094559837,0.9999139185100394
combined_overall,0.03373336435350937,0.9994636094559837,0.9999139185100394
combined_overall,0.033746289426859165,0.9994636094559837,0.9999139185100394
combined_overall,0.03375059778464243,0.9994636094559837,0.9999139185100394
combined_overall,0.03383461076141607,0.9994636094559837,0.9999139185100394
combined_overall,0.033836764940307705,0.9994636094559837,0.9999139185100394
combined_overall,0.033905698664839924,0.9994636094559837,0.9999139185100394
combined_overall,0.03390785284373155,0.9994636094559837,0.9999139185100394
combined_overall,0.03391862373818971,0.9994636094559837,0.9999139185100394
combined_overall,0.03392077791708135,0.9994636094559837,0.9999139185100394
combined_overall,0.03398324910493867,0.9994636094559837,0.9999139185100394
combined_overall,0.033985403283830304,0.9994636094559837,0.9999139185100394
combined_overall,0.0340123305199757,0.9994636094559837,0.9999139185100394
combined_overall,0.03401448469886733,0.9994636094559837,0.9999139185100394
combined_overall,0.034024178503879676,0.9994636094559837,0.9999139185100394
combined_overall,0.034038180666675286,0.9994636094559837,0.9999139185100394
combined_overall,0.034041411935012734,0.9994636094559837,0.9999139185100394
combined_overall,0.034044643203350176,0.9994636094559837,0.9999139185100394
combined_overall,0.034089880960074447,0.9994636094559837,0.9999139185100394
combined_overall,0.03409203513896608,0.9994636094559837,0.9999139185100394
combined_overall,0.0341814335629688,0.9994636094559837,0.9999139185100394
combined_overall,0.03418466483130625,0.9994636094559837,0.9999139185100394
combined_overall,0.034186819010197884,0.9994636094559837,0.9999139185100394
combined_overall,0.03421266915689747,0.9994636094559837,0.9999139185100394
combined_overall,0.03421590042523491,0.9994636094559837,0.9999139185100394
combined_overall,0.034218054604126545,0.9994636094559837,0.9999139185100394
combined_overall,0.03428806541810458,0.9994636094559837,0.9999139185100394
combined_overall,0.03429021959699621,0.9994636094559837,0.9999139185100394
combined_overall,0.03431283847535835,0.9994636094559837,0.9999139185100394
combined_overall,0.034314992654249976,0.9994636094559837,0.9999139185100394
combined_overall,0.034328994817045586,0.9994636094559837,0.9999139185100394
combined_overall,0.03433114899593722,0.9994636094559837,0.9999139185100394
combined_overall,0.03435915332152843,0.9994636094559837,0.9999139185100394
combined_overall,0.03436130750042007,0.9994636094559837,0.9999139185100394
combined_overall,0.034401159809915254,0.9994636094559837,0.9999139185100394
combined_overall,0.03441300779381923,0.9994636094559837,0.9999139185100394
combined_overall,0.03441731615160249,0.9994636094559837,0.9999139185100394
combined_overall,0.034419470330494126,0.9994636094559837,0.9999139185100394
combined_overall,0.03442808704606065,0.9994636094559837,0.9999139185100394
combined_overall,0.034430241224952286,0.9994636094559837,0.9999139185100394
combined_overall,0.03444855174553116,0.9994636094559837,0.9999139185100394
combined_overall,0.034450705924422786,0.9994636094559837,0.9999139185100394
combined_overall,0.03463165695131987,0.9994636094559837,0.9999139185100394
combined_overall,0.034633811130211495,0.9994636094559837,0.9999139185100394
combined_overall,0.034637042398548944,0.9994636094559837,0.9999139185100394
combined_overall,0.03464565911411547,0.9994636094559837,0.9999139185100394
combined_overall,0.03464889038245292,0.9994636094559837,0.9999139185100394
combined_overall,0.03465104456134455,0.9994636094559837,0.9999139185100394
combined_overall,0.034817993425446024,0.9994636094559837,0.9999139185100394
combined_overall,0.03482014760433765,0.9994636094559837,0.9999139185100394
combined_overall,0.03483199558824163,0.9994636094559837,0.9999139185100394
combined_overall,0.03483414976713326,0.9994636094559837,0.9999139185100394
combined_overall,0.03483738103547071,0.9994636094559837,0.9999139185100394
combined_overall,0.03484276648269979,0.9994636094559837,0.9999139185100394
combined_overall,0.03484492066159142,0.9994636094559837,0.9999139185100394
combined_overall,0.03493755035393159,0.9994636094559837,0.9999139185100394
combined_overall,0.034939704532823225,0.9994636094559837,0.9999139185100394
combined_overall,0.03495478378506465,0.9994636094559837,0.9999139185100394
combined_overall,0.034956937963956276,0.9994636094559837,0.9999139185100394
combined_overall,0.03497740266342678,0.9994636094559837,0.9999139185100394
combined_overall,0.034981711021210046,0.9994636094559837,0.9999139185100394
combined_overall,0.03504849056685063,0.9994636094559837,0.9999139185100394
combined_overall,0.03505172183518808,0.9994636094559837,0.9999139185100394
combined_overall,0.035154045332540594,0.9994636094559837,0.9999139185100394
combined_overall,0.03515619951143223,0.9994636094559837,0.9999139185100394
combined_overall,0.035168047495336204,0.9994636094559837,0.9999139185100394
combined_overall,0.03517020167422783,0.9994636094559837,0.9999139185100394
combined_overall,0.03520574562593976,0.9994636094559837,0.9999139185100394
combined_overall,0.03520789980483139,0.9994636094559837,0.9999139185100394
combined_overall,0.035213285252060474,0.9994636094559837,0.9999139185100394
combined_overall,0.03521867069928955,0.9994636094559837,0.9999139185100394
combined_overall,0.03525744591933892,0.9994636094559837,0.9999139185100394
combined_overall,0.03526175427712219,0.9994636094559837,0.9999139185100394
combined_overall,0.03526390845601382,0.9994636094559837,0.9999139185100394
combined_overall,0.03528329606603851,0.9994636094559837,0.9999139185100394
combined_overall,0.03528760442382177,0.9994636094559837,0.9999139185100394
combined_overall,0.035369463221703784,0.9994636094559837,0.9999139185100394
combined_overall,0.03537161740059541,0.9994636094559837,0.9999139185100394
combined_overall,0.03537807993727031,0.9994636094559837,0.9999139185100394
combined_overall,0.035380234116161945,0.9994636094559837,0.9999139185100394
combined_overall,0.03538885083172847,0.9994636094559837,0.9999139185100394
combined_overall,0.035391005010620105,0.9994636094559837,0.9999139185100394
combined_overall,0.03539531336840337,0.9994636094559837,0.9999139185100394
combined_overall,0.03542008642565713,0.9994636094559837,0.9999139185100394
combined_overall,0.03542331769399458,0.9994636094559837,0.9999139185100394
combined_overall,0.03542654896233203,0.9994636094559837,0.9999139185100394
combined_overall,0.03542870314122366,0.9994636094559837,0.9999139185100394
combined_overall,0.03545024493013998,0.9994636094559837,0.9999139185100394
combined_overall,0.03545239910903161,0.9994636094559837,0.9999139185100394
combined_overall,0.0354987139552017,0.9994636094559837,0.9999139185100394
combined_overall,0.035500868134093325,0.9994636094559837,0.9999139185100394
combined_overall,0.03551379320744312,0.9994636094559837,0.9999139185100394
combined_overall,0.03551702447578057,0.9994636094559837,0.9999139185100394
combined_overall,0.03555149133804668,0.9994636094559837,0.9999139185100394
combined_overall,0.035553645516938306,0.9994636094559837,0.9999139185100394
combined_overall,0.035578418574192076,0.9994636094559837,0.9999139185100394
combined_overall,0.03558272693197534,0.9994636094559837,0.9999139185100394
combined_overall,0.03558595820031279,0.9994636094559837,0.9999139185100394
combined_overall,0.03559026655809605,0.9994636094559837,0.9999139185100394
combined_overall,0.03562150215202471,0.9994636094559837,0.9999139185100394
combined_overall,0.035623656330916346,0.9994636094559837,0.9999139185100394
combined_overall,0.03564304394094103,0.9994636094559837,0.9999139185100394
combined_overall,0.03564519811983266,0.9994636094559837,0.9999139185100394
combined_overall,0.03567966498209877,0.9994636094559837,0.9999139185100394
combined_overall,0.03568612751877367,0.9994636094559837,0.9999139185100394
combined_overall,0.035764755048318234,0.9994636094559837,0.9999139185100394
combined_overall,0.03576798631665568,0.9994636094559837,0.9999139185100394
combined_overall,0.03577444885333057,0.9994636094559837,0.9999139185100394
combined_overall,0.03577660303222221,0.9994636094559837,0.9999139185100394
combined_overall,0.0358369200411879,0.9994636094559837,0.9999139185100394
combined_overall,0.03583907422007953,0.9994636094559837,0.9999139185100394
combined_overall,0.03586707854567075,0.9994636094559837,0.9999139185100394
combined_overall,0.035869232724562376,0.9994636094559837,0.9999139185100394
combined_overall,0.0360124856208559,0.9994636094559837,0.9999139185100394
combined_overall,0.03601463979974753,0.9994636094559837,0.9999139185100394
combined_overall,0.03607280262982159,0.9994636094559837,0.9999139185100394
combined_overall,0.03607495680871322,0.9994636094559837,0.9999139185100394
combined_overall,0.03629791432399712,0.9994636094559837,0.9999139185100394
combined_overall,0.03630114559233457,0.9994636094559837,0.9999139185100394
combined_overall,0.03630868521845528,0.9994636094559837,0.9999139185100394
combined_overall,0.03631083939734691,0.9994636094559837,0.9999139185100394
combined_overall,0.036316224844575994,0.9994636094559837,0.9999139185100394
combined_overall,0.036316224844575994,0.9994700719926586,0.9999139185100394
combined_overall,0.036333458275709045,0.9994700719926586,0.9999139185100394
combined_overall,0.03633561245460068,0.9994700719926586,0.9999139185100394
combined_overall,0.036459477740869516,0.9994700719926586,0.9999139185100394
combined_overall,0.036461631919761144,0.9994700719926586,0.9999139185100394
combined_overall,0.03647024863532767,0.9994700719926586,0.9999139185100394
combined_overall,0.036472402814219304,0.9994700719926586,0.9999139185100394
combined_overall,0.03647347990366512,0.9994700719926586,0.9999139185100394
combined_overall,0.03648101952978583,0.9994700719926586,0.9999139185100394
combined_overall,0.03648963624535236,0.9994700719926586,0.9999139185100394
combined_overall,0.036492867513689804,0.9994700719926586,0.9999139185100394
combined_overall,0.03652948855484755,0.9994700719926586,0.9999139185100394
combined_overall,0.036531642733739184,0.9994700719926586,0.9999139185100394
combined_overall,0.03654456780708897,0.9994700719926586,0.9999139185100394
combined_overall,0.03654779907542642,0.9994700719926586,0.9999139185100394
combined_overall,0.036562878327667844,0.9994700719926586,0.9999139185100394
combined_overall,0.03656503250655947,0.9994700719926586,0.9999139185100394
combined_overall,0.03657472631157182,0.9994700719926586,0.9999139185100394
combined_overall,0.03657688049046345,0.9994700719926586,0.9999139185100394
combined_overall,0.03658226593769253,0.9994700719926586,0.9999139185100394
combined_overall,0.03667920398781596,0.9994700719926586,0.9999139185100394
combined_overall,0.036681358166707596,0.9994700719926586,0.9999139185100394
combined_overall,0.03668674361393667,0.9994700719926586,0.9999139185100394
combined_overall,0.03668889779282831,0.9994700719926586,0.9999139185100394
combined_overall,0.03670613122396136,0.9994700719926586,0.9999139185100394
combined_overall,0.036708285402852994,0.9994700719926586,0.9999139185100394
combined_overall,0.03672444174454023,0.9994700719926586,0.9999139185100394
combined_overall,0.036726595923431866,0.9994700719926586,0.9999139185100394
combined_overall,0.0367826045746143,0.9994700719926586,0.9999139185100394
combined_overall,0.03678691293239756,0.9994700719926586,0.9999139185100394
combined_overall,0.03679337546907245,0.9994700719926586,0.9999139185100394
combined_overall,0.036795529647964086,0.9994700719926586,0.9999139185100394
combined_overall,0.036854769567483965,0.9994700719926586,0.9999139185100394
combined_overall,0.03685692374637559,0.9994700719926586,0.9999139185100394
combined_overall,0.03690108441365405,0.9994700719926586,0.9999139185100394
combined_overall,0.03690323859254568,0.9994700719926586,0.9999139185100394
combined_overall,0.03694847634926995,0.9994700719926586,0.9999139185100394
combined_overall,0.03695063052816158,0.9994700719926586,0.9999139185100394
combined_overall,0.037003407911006564,0.9994700719926586,0.9999139185100394
combined_overall,0.03700663917934401,0.9994700719926586,0.9999139185100394
combined_overall,0.03712619610782958,0.9994700719926586,0.9999139185100394
combined_overall,0.037128350286721214,0.9994700719926586,0.9999139185100394
combined_overall,0.03714342953896264,0.9994700719926586,0.9999139185100394
combined_overall,0.03714666080730008,0.9994700719926586,0.9999139185100394
combined_overall,0.0371617400595415,0.9994700719926586,0.9999139185100394
combined_overall,0.03716389423843314,0.9994700719926586,0.9999139185100394
combined_overall,0.03718435893790364,0.9994700719926586,0.9999139185100394
combined_overall,0.03718651311679527,0.9994700719926586,0.9999139185100394
combined_overall,0.03721344035294067,0.9994700719926586,0.9999139185100394
combined_overall,0.0372155945318323,0.9994700719926586,0.9999139185100394
combined_overall,0.03721667162127812,0.9994700719926586,0.9999139185100394
combined_overall,0.03721882580016975,0.9994700719926586,0.9999139185100394
combined_overall,0.0372629864674482,0.9994700719926586,0.9999139185100394
combined_overall,0.037267294825231466,0.9994700719926586,0.9999139185100394
combined_overall,0.0372834511669187,0.9994700719926586,0.9999139185100394
combined_overall,0.03728560534581034,0.9994700719926586,0.9999139185100394
combined_overall,0.03730930131361829,0.9994700719926586,0.9999139185100394
combined_overall,0.03731145549250992,0.9994700719926586,0.9999139185100394
combined_overall,0.03731360967140155,0.9994700719926586,0.9999139185100394
combined_overall,0.03731360967140155,0.9994765345293335,0.9999139185100394
combined_overall,0.03736638705424653,0.9994765345293335,0.9999139185100394
combined_overall,0.03736638705424653,0.9994829970660084,0.9999139185100394
combined_overall,0.03740731645318754,0.9994829970660084,0.9999139185100394
combined_overall,0.03740731645318754,0.9994894596026832,0.9999139185100394
combined_overall,0.03740947063207917,0.9994894596026832,0.9999139185100394
combined_overall,0.03741054772152499,0.9994894596026832,0.9999139185100394
combined_overall,0.037412701900416616,0.9994894596026832,0.9999139185100394
combined_overall,0.037412701900416616,0.9994959221393581,0.9999139185100394
combined_overall,0.03741485607930825,0.9994959221393581,0.9999139185100394
combined_overall,0.03741701025819988,0.9994959221393581,0.9999139185100394
combined_overall,0.03742131861598315,0.9994959221393581,0.9999139185100394
combined_overall,0.03742131861598315,0.999502384676033,0.9999139185100394
combined_overall,0.03743101242099549,0.999502384676033,0.9999139185100394
combined_overall,0.03743639786822457,0.999502384676033,0.9999139185100394
combined_overall,0.037448245852128546,0.999502384676033,0.9999139185100394
combined_overall,0.037450400031020174,0.999502384676033,0.9999139185100394
combined_overall,0.03746332510436997,0.999502384676033,0.9999139185100394
combined_overall,0.03746332510436997,0.9995088472127079,0.9999139185100394
combined_overall,0.0374654792832616,0.9995088472127079,0.9999139185100394
combined_overall,0.0374654792832616,0.9995153097493829,0.9999139185100394
combined_overall,0.037482712714394656,0.9995153097493829,0.9999139185100394
combined_overall,0.037482712714394656,0.9995217722860578,0.9999139185100394
combined_overall,0.03748378980384047,0.9995217722860578,0.9999139185100394
combined_overall,0.03749456069829863,0.9995217722860578,0.9999139185100394
combined_overall,0.037530104650010554,0.9995217722860578,0.9999139185100394
combined_overall,0.03753225882890219,0.9995217722860578,0.9999139185100394
combined_overall,0.03754626099169779,0.9995217722860578,0.9999139185100394
combined_overall,0.037548415170589426,0.9995217722860578,0.9999139185100394
combined_overall,0.03757965076451809,0.9995217722860578,0.9999139185100394
combined_overall,0.03757965076451809,0.9995282348227326,0.9999139185100394
combined_overall,0.03758072785396391,0.9995282348227326,0.9999139185100394
combined_overall,0.037582882032855536,0.9995282348227326,0.9999139185100394
combined_overall,0.037606578000663485,0.9995282348227326,0.9999139185100394
combined_overall,0.03760873217955512,0.9995282348227326,0.9999139185100394
combined_overall,0.03766904918852081,0.9995282348227326,0.9999139185100394
combined_overall,0.03767120336741244,0.9995282348227326,0.9999139185100394
combined_overall,0.03767874299353315,0.9995282348227326,0.9999139185100394
combined_overall,0.03767874299353315,0.9995346973594075,0.9999139185100394
combined_overall,0.037686282619653864,0.9995346973594075,0.9999139185100394
combined_overall,0.0376884367985455,0.9995346973594075,0.9999139185100394
combined_overall,0.03773259746582395,0.9995346973594075,0.9999139185100394
combined_overall,0.03773475164471558,0.9995346973594075,0.9999139185100394
combined_overall,0.03786184819932186,0.9995346973594075,0.9999139185100394
combined_overall,0.037864002378213496,0.9995346973594075,0.9999139185100394
combined_overall,0.03790600886660032,0.9995346973594075,0.9999139185100394
combined_overall,0.037909240134937766,0.9995346973594075,0.9999139185100394
combined_overall,0.03791677976105848,0.9995346973594075,0.9999139185100394
combined_overall,0.03792108811884174,0.9995346973594075,0.9999139185100394
combined_overall,0.03795340080221622,0.9995346973594075,0.9999139185100394
combined_overall,0.03795340080221622,0.9995411598960824,0.9999139185100394
combined_overall,0.037988944753928146,0.9995411598960824,0.9999139185100394
combined_overall,0.037991098932819774,0.9995411598960824,0.9999139185100394
combined_overall,0.038057878478460365,0.9995411598960824,0.9999139185100394
combined_overall,0.038061109746797814,0.9995411598960824,0.9999139185100394
combined_overall,0.03806541810458108,0.9995411598960824,0.9999139185100394
combined_overall,0.03806972646236434,0.9995411598960824,0.9999139185100394
combined_overall,0.03814296854467982,0.9995411598960824,0.9999139185100394
combined_overall,0.03814619981301727,0.9995411598960824,0.9999139185100394
combined_overall,0.0381548165285838,0.9995411598960824,0.9999139185100394
combined_overall,0.038158047796921245,0.9995411598960824,0.9999139185100394
combined_overall,0.038158047796921245,0.9995476224327573,0.9999139185100394
combined_overall,0.0382022084641997,0.9995476224327573,0.9999139185100394
combined_overall,0.038204362643091336,0.9995476224327573,0.9999139185100394
combined_overall,0.038272219278177734,0.9995476224327573,0.9999139185100394
combined_overall,0.038272219278177734,0.9995540849694322,0.9999139185100394
combined_overall,0.03827437345706937,0.9995540849694322,0.9999139185100394
combined_overall,0.03827868181485263,0.9995540849694322,0.9999139185100394
combined_overall,0.038314225766564555,0.9995540849694322,0.9999139185100394
combined_overall,0.038317457034902004,0.9995540849694322,0.9999139185100394
combined_overall,0.0383239195715769,0.9995540849694322,0.9999139185100394
combined_overall,0.0383239195715769,0.9995605475061071,0.9999139185100394
combined_overall,0.038342230092155774,0.9995605475061071,0.9999139185100394
combined_overall,0.038342230092155774,0.999567010042782,0.9999139185100394
combined_overall,0.038370234417746986,0.999567010042782,0.9999139185100394
combined_overall,0.038370234417746986,0.9995734725794568,0.9999139185100394
combined_overall,0.03838315949109678,0.9995734725794568,0.9999139185100394
combined_overall,0.03838531366998841,0.9995734725794568,0.9999139185100394
combined_overall,0.03840362419056728,0.9995734725794568,0.9999139185100394
combined_overall,0.038405778369458916,0.9995734725794568,0.9999139185100394
combined_overall,0.0384251659794836,0.9995734725794568,0.9999139185100394
combined_overall,0.0384251659794836,0.9995799351161317,0.9999139185100394
combined_overall,0.03848009754122021,0.9995799351161317,0.9999139185100394
combined_overall,0.03848009754122021,0.9995863976528067,0.9999139185100394
combined_overall,0.038515641492932136,0.9995863976528067,0.9999139185100394
combined_overall,0.03851779567182377,0.9995863976528067,0.9999139185100394
combined_overall,0.038522104029607034,0.9995863976528067,0.9999139185100394
combined_overall,0.03852318111905285,0.9995863976528067,0.9999139185100394
combined_overall,0.03852318111905285,0.9995928601894816,0.9999139185100394
combined_overall,0.038532874924065194,0.9995928601894816,0.9999139185100394
combined_overall,0.038532874924065194,0.9995993227261565,0.9999139185100394
combined_overall,0.03853933746074009,0.9995993227261565,0.9999139185100394
combined_overall,0.038543645818523355,0.9995993227261565,0.9999139185100394
combined_overall,0.038599654469705785,0.9995993227261565,0.9999139185100394
combined_overall,0.038599654469705785,0.9996057852628314,0.9999139185100394
combined_overall,0.03861150245360976,0.9996057852628314,0.9999139185100394
combined_overall,0.03861365663250139,0.9996057852628314,0.9999139185100394
combined_overall,0.03863950677920097,0.9996057852628314,0.9999139185100394
combined_overall,0.03864273804753842,0.9996057852628314,0.9999139185100394
combined_overall,0.03868366744647943,0.9996057852628314,0.9999139185100394
combined_overall,0.038685821625371056,0.9996057852628314,0.9999139185100394
combined_overall,0.038737521918770224,0.9996057852628314,0.9999139185100394
combined_overall,0.03873967609766185,0.9996057852628314,0.9999139185100394
combined_overall,0.03895401689737923,0.9996057852628314,0.9999139185100394
combined_overall,0.038956171076270855,0.9996057852628314,0.9999139185100394
combined_overall,0.03895832525516249,0.9996057852628314,0.9999139185100394
combined_overall,0.03897448159684973,0.9996057852628314,0.9999139185100394
combined_overall,0.03897663577574136,0.9996057852628314,0.9999139185100394
combined_overall,0.03897878995463299,0.9996057852628314,0.9999139185100394
combined_overall,0.03908649889921459,0.9996057852628314,0.9999139185100394
combined_overall,0.03908865307810622,0.9996057852628314,0.9999139185100394
combined_overall,0.039116657403697436,0.9996057852628314,0.9999139185100394
combined_overall,0.039118811582589064,0.9996057852628314,0.9999139185100394
combined_overall,0.039206055827700155,0.9996057852628314,0.9999139185100394
combined_overall,0.03921036418548342,0.9996057852628314,0.9999139185100394
combined_overall,0.039229751795508104,0.9996057852628314,0.9999139185100394
combined_overall,0.03923190597439974,0.9996057852628314,0.9999139185100394
combined_overall,0.039299762609486144,0.9996057852628314,0.9999139185100394
combined_overall,0.039310533503944305,0.9996057852628314,0.9999139185100394
combined_overall,0.03932992111396899,0.9996057852628314,0.9999139185100394
combined_overall,0.03933207529286062,0.9996057852628314,0.9999139185100394
combined_overall,0.03933530656119807,0.9996057852628314,0.9999139185100394
combined_overall,0.0393374607400897,0.9996057852628314,0.9999139185100394
combined_overall,0.03934607745565623,0.9996057852628314,0.9999139185100394
combined_overall,0.039348231634547856,0.9996057852628314,0.9999139185100394
combined_overall,0.03934930872399368,0.9996057852628314,0.9999139185100394
combined_overall,0.03935577126066857,0.9996057852628314,0.9999139185100394
combined_overall,0.039410702822405184,0.9996057852628314,0.9999139185100394
combined_overall,0.03941501118018845,0.9996057852628314,0.9999139185100394
combined_overall,0.03942901334298406,0.9996057852628314,0.9999139185100394
combined_overall,0.03942901334298406,0.9996122477995063,0.9999139185100394
combined_overall,0.03943655296910477,0.9996122477995063,0.9999139185100394
combined_overall,0.03943655296910477,0.9996187103361811,0.9999139185100394
combined_overall,0.039438707147996396,0.9996187103361811,0.9999139185100394
combined_overall,0.039438707147996396,0.999625172872856,0.9999139185100394
combined_overall,0.03945486348968364,0.999625172872856,0.9999139185100394
combined_overall,0.03945486348968364,0.9996316354095309,0.9999139185100394
combined_overall,0.03945701766857527,0.9996316354095309,0.9999139185100394
combined_overall,0.03945701766857527,0.9996380979462058,0.9999139185100394
combined_overall,0.03947209692081669,0.9996380979462058,0.9999139185100394
combined_overall,0.03947209692081669,0.9996445604828808,0.9999139185100394
combined_overall,0.03947532818915414,0.9996445604828808,0.9999139185100394
combined_overall,0.03947748236804577,0.9996445604828808,0.9999139185100394
combined_overall,0.0394860990836123,0.9996445604828808,0.9999139185100394
combined_overall,0.03948825326250393,0.9996445604828808,0.9999139185100394
combined_overall,0.03949148453084138,0.9996445604828808,0.9999139185100394
combined_overall,0.03949148453084138,0.9996510230195557,0.9999139185100394
combined_overall,0.03950225542529954,0.9996510230195557,0.9999139185100394
combined_overall,0.03950225542529954,0.9996574855562306,0.9999139185100394
combined_overall,0.03959380802819389,0.9996574855562306,0.9999139185100394
combined_overall,0.03959380802819389,0.9996639480929054,0.9999139185100394
combined_overall,0.039612118548772765,0.9996639480929054,0.9999139185100394
combined_overall,0.039612118548772765,0.9996704106295803,0.9999139185100394
combined_overall,0.039621812353785105,0.9996704106295803,0.9999139185100394
combined_overall,0.039621812353785105,0.9996768731662552,0.9999139185100394
combined_overall,0.03962396653267674,0.9996768731662552,0.9999139185100394
combined_overall,0.039626120711568374,0.9996768731662552,0.9999139185100394
combined_overall,0.039629351979905816,0.9996768731662552,0.9999139185100394
combined_overall,0.039632583248243265,0.9996768731662552,0.9999139185100394
combined_overall,0.039635814516580714,0.9996768731662552,0.9999139185100394
combined_overall,0.03965843339494285,0.9996768731662552,0.9999139185100394
combined_overall,0.039660587573834484,0.9996768731662552,0.9999139185100394
combined_overall,0.03966489593161775,0.9996768731662552,0.9999139185100394
combined_overall,0.03966489593161775,0.9996833357029301,0.9999139185100394
combined_overall,0.039668127199955196,0.9996833357029301,0.9999139185100394
combined_overall,0.039668127199955196,0.999689798239605,0.9999139185100394
combined_overall,0.03968643772053406,0.999689798239605,0.9999139185100394
combined_overall,0.03968643772053406,0.9996962607762799,0.9999139185100394
combined_overall,0.03971444204612528,0.9996962607762799,0.9999139185100394
combined_overall,0.03971659622501691,0.9996962607762799,0.9999139185100394
combined_overall,0.0397295212983667,0.9996962607762799,0.9999139185100394
combined_overall,0.0397295212983667,0.9997027233129548,0.9999139185100394
combined_overall,0.03973921510337904,0.9997027233129548,0.9999139185100394
combined_overall,0.03973921510337904,0.9997091858496296,0.9999139185100394
combined_overall,0.039740292192824864,0.9997091858496296,0.9999139185100394
combined_overall,0.039740292192824864,0.9997156483863046,0.9999139185100394
combined_overall,0.03976506525007863,0.9997156483863046,0.9999139185100394
combined_overall,0.03976721942897026,0.9997156483863046,0.9999139185100394
combined_overall,0.03977475905509097,0.9997156483863046,0.9999139185100394
combined_overall,0.0397769132339826,0.9997156483863046,0.9999139185100394
combined_overall,0.03978445286010331,0.9997156483863046,0.9999139185100394
combined_overall,0.03978660703899495,0.9997156483863046,0.9999139185100394
combined_overall,0.039805994649019634,0.9997156483863046,0.9999139185100394
combined_overall,0.039805994649019634,0.9997221109229795,0.9999139185100394
combined_overall,0.03982538225904432,0.9997221109229795,0.9999139185100394
combined_overall,0.03982538225904432,0.9997285734596544,0.9999139185100394
combined_overall,0.039840461511285744,0.9997285734596544,0.9999139185100394
combined_overall,0.03986523456853951,0.9997285734596544,0.9999139185100394
combined_overall,0.03987492837355185,0.9997285734596544,0.9999139185100394
combined_overall,0.03988354508911838,0.9997285734596544,0.9999139185100394
combined_overall,0.039896470162468174,0.9997285734596544,0.9999139185100394
combined_overall,0.039896470162468174,0.9997350359963293,0.9999139185100394
combined_overall,0.03989970143080562,0.9997350359963293,0.9999139185100394
combined_overall,0.03990185560969725,0.9997350359963293,0.9999139185100394
combined_overall,0.03992016613027612,0.9997350359963293,0.9999139185100394
combined_overall,0.03992662866695102,0.9997350359963293,0.9999139185100394
combined_overall,0.03995571008198805,0.9997350359963293,0.9999139185100394
combined_overall,0.039962172618662944,0.9997350359963293,0.9999139185100394
combined_overall,0.03996540388700039,0.9997350359963293,0.9999139185100394
combined_overall,0.03996755806589202,0.9997350359963293,0.9999139185100394
combined_overall,0.039982637318133445,0.9997350359963293,0.9999139185100394
combined_overall,0.03998479149702508,0.9997350359963293,0.9999139185100394
combined_overall,0.04000310201760395,0.9997350359963293,0.9999139185100394
combined_overall,0.04000525619649558,0.9997350359963293,0.9999139185100394
combined_overall,0.040018181269845375,0.9997350359963293,0.9999139185100394
combined_overall,0.040020335448737,0.9997350359963293,0.9999139185100394
combined_overall,0.040035414700978426,0.9997350359963293,0.9999139185100394
combined_overall,0.04003972305876169,0.9997350359963293,0.9999139185100394
combined_overall,0.04007849827881107,0.9997350359963293,0.9999139185100394
combined_overall,0.04007849827881107,0.9997414985330042,0.9999139185100394
combined_overall,0.04008280663659433,0.9997414985330042,0.9999139185100394
combined_overall,0.04008603790493178,0.9997414985330042,0.9999139185100394
combined_overall,0.04009573170994412,0.9997414985330042,0.9999139185100394
combined_overall,0.04009573170994412,0.9997479610696791,0.9999139185100394
combined_overall,0.04014096946666839,0.9997479610696791,0.9999139185100394
combined_overall,0.040143123645560025,0.9997479610696791,0.9999139185100394
combined_overall,0.040154971629464,0.9997479610696791,0.9999139185100394
combined_overall,0.04015712580835563,0.9997479610696791,0.9999139185100394
combined_overall,0.04015927998724726,0.9997479610696791,0.9999139185100394
combined_overall,0.04016143416613889,0.9997479610696791,0.9999139185100394
combined_overall,0.04016574252392216,0.9997479610696791,0.9999139185100394
combined_overall,0.04016574252392216,0.9997544236063539,0.9999139185100394
combined_overall,0.04017005088170542,0.9997544236063539,0.9999139185100394
combined_overall,0.04017328215004287,0.9997544236063539,0.9999139185100394
combined_overall,0.040174359239488686,0.9997544236063539,0.9999139185100394
combined_overall,0.040177590507826134,0.9997544236063539,0.9999139185100394
combined_overall,0.040194823938959186,0.9997544236063539,0.9999139185100394
combined_overall,0.040194823938959186,0.9997608861430288,0.9999139185100394
combined_overall,0.040226059532887846,0.9997608861430288,0.9999139185100394
combined_overall,0.040226059532887846,0.9997738112163786,0.9999139185100394
combined_overall,0.04023144498011693,0.9997738112163786,0.9999139185100394
combined_overall,0.04023467624845438,0.9997738112163786,0.9999139185100394
combined_overall,0.04028099109462446,0.9997738112163786,0.9999139185100394
combined_overall,0.040285299452407726,0.9997738112163786,0.9999139185100394
combined_overall,0.04029283907852844,0.9997738112163786,0.9999139185100394
combined_overall,0.040296070346865887,0.9997738112163786,0.9999139185100394
combined_overall,0.04031545795689057,0.9997738112163786,0.9999139185100394
combined_overall,0.04031545795689057,0.9997802737530536,0.9999139185100394
combined_overall,0.04032730594079455,0.9997802737530536,0.9999139185100394
combined_overall,0.04032730594079455,0.9997867362897285,0.9999139185100394
combined_overall,0.04034669355081923,0.9997867362897285,0.9999139185100394
combined_overall,0.04034669355081923,0.9997931988264034,0.9999139185100394
combined_overall,0.04037685205530208,0.9997931988264034,0.9999139185100394
combined_overall,0.04037685205530208,0.9997996613630782,0.9999139185100394
combined_overall,0.04040377929144748,0.9997996613630782,0.9999139185100394
combined_overall,0.04040593347033911,0.9997996613630782,0.9999139185100394
combined_overall,0.04044363160094267,0.9997996613630782,0.9999139185100394
combined_overall,0.04044686286928011,0.9997996613630782,0.9999139185100394
combined_overall,0.040496408983787646,0.9997996613630782,0.9999139185100394
combined_overall,0.04049856316267928,0.9997996613630782,0.9999139185100394
combined_overall,0.04050179443101673,0.9997996613630782,0.9999139185100394
combined_overall,0.04050394860990836,0.9997996613630782,0.9999139185100394
combined_overall,0.04052333621993305,0.9997996613630782,0.9999139185100394
combined_overall,0.04052549039882468,0.9997996613630782,0.9999139185100394
combined_overall,0.040544878008849365,0.9997996613630782,0.9999139185100394
combined_overall,0.040547032187741,0.9997996613630782,0.9999139185100394
combined_overall,0.04065797240066004,0.9997996613630782,0.9999139185100394
combined_overall,0.040660126579551675,0.9997996613630782,0.9999139185100394
combined_overall,0.040735522840758785,0.9997996613630782,0.9999139185100394
combined_overall,0.04073767701965042,0.9997996613630782,0.9999139185100394
combined_overall,0.04085615685869017,0.9997996613630782,0.9999139185100394
combined_overall,0.04085831103758181,0.9997996613630782,0.9999139185100394
combined_overall,0.04102633699112909,0.9997996613630782,0.9999139185100394
combined_overall,0.041030645348912355,0.9997996613630782,0.9999139185100394
combined_overall,0.04104895586949123,0.9997996613630782,0.9999139185100394
combined_overall,0.041052187137828676,0.9997996613630782,0.9999139185100394
combined_overall,0.04112542922014416,0.9997996613630782,0.9999139185100394
combined_overall,0.04112758339903579,0.9997996613630782,0.9999139185100394
combined_overall,0.04114050847238558,0.9997996613630782,0.9999139185100394
combined_overall,0.04114266265127721,0.9997996613630782,0.9999139185100394
combined_overall,0.04114697100906048,0.9997996613630782,0.9999139185100394
combined_overall,0.04115020227739792,0.9997996613630782,0.9999139185100394
combined_overall,0.041208365107471986,0.9997996613630782,0.9999139185100394
combined_overall,0.041210519286363614,0.9997996613630782,0.9999139185100394
combined_overall,0.04125467995364207,0.9997996613630782,0.9999139185100394
combined_overall,0.04125791122197952,0.9997996613630782,0.9999139185100394
combined_overall,0.04137639106101927,0.9997996613630782,0.9999139185100394
combined_overall,0.041378545239910906,0.9997996613630782,0.9999139185100394
combined_overall,0.04146148112723873,0.9997996613630782,0.9999139185100394
combined_overall,0.04146578948502199,0.9997996613630782,0.9999139185100394
combined_overall,0.041506718883963,0.9997996613630782,0.9999139185100394
combined_overall,0.04150887306285463,0.9997996613630782,0.9999139185100394
combined_overall,0.04153256903066258,0.9997996613630782,0.9999139185100394
combined_overall,0.04153472320955422,0.9997996613630782,0.9999139185100394
combined_overall,0.04153903156733748,0.9997996613630782,0.9999139185100394
combined_overall,0.04154118574622911,0.9997996613630782,0.9999139185100394
combined_overall,0.041544417014566556,0.9997996613630782,0.9999139185100394
combined_overall,0.04154657119345819,0.9997996613630782,0.9999139185100394
combined_overall,0.04155303373013308,0.9997996613630782,0.9999139185100394
combined_overall,0.04155518790902472,0.9997996613630782,0.9999139185100394
combined_overall,0.04173937020425924,0.9997996613630782,0.9999139185100394
combined_overall,0.04174260147259669,0.9997996613630782,0.9999139185100394
combined_overall,0.04174798691982577,0.9997996613630782,0.9999139185100394
combined_overall,0.0417501410987174,0.9997996613630782,0.9999139185100394
combined_overall,0.041786762139875144,0.9997996613630782,0.9999139185100394
combined_overall,0.04179537885544167,0.9997996613630782,0.9999139185100394
combined_overall,0.041803995571008196,0.9997996613630782,0.9999139185100394
combined_overall,0.04180614974989983,0.9997996613630782,0.9999139185100394
combined_overall,0.041831999896599414,0.9997996613630782,0.9999139185100394
combined_overall,0.04183523116493686,0.9997996613630782,0.9999139185100394
combined_overall,0.04188262310055276,0.9997996613630782,0.9999139185100394
combined_overall,0.04188585436889021,0.9997996613630782,0.9999139185100394
combined_overall,0.041888008547781845,0.9997996613630782,0.9999139185100394
combined_overall,0.04189016272667347,0.9997996613630782,0.9999139185100394
combined_overall,0.04189231690556511,0.9997996613630782,0.9999139185100394
combined_overall,0.041894471084456736,0.9997996613630782,0.9999139185100394
combined_overall,0.041911704515589794,0.9997996613630782,0.9999139185100394
combined_overall,0.04191385869448142,0.9997996613630782,0.9999139185100394
combined_overall,0.04195155682508498,0.9997996613630782,0.9999139185100394
combined_overall,0.041953711003976615,0.9997996613630782,0.9999139185100394
combined_overall,0.04195478809342243,0.9997996613630782,0.9999139185100394
combined_overall,0.041956942272314064,0.9997996613630782,0.9999139185100394
combined_overall,0.04198279241901364,0.9997996613630782,0.9999139185100394
combined_overall,0.041984946597905276,0.9997996613630782,0.9999139185100394
combined_overall,0.04203880107019607,0.9997996613630782,0.9999139185100394
combined_overall,0.04204095524908771,0.9997996613630782,0.9999139185100394
combined_overall,0.042074345021908,0.9997996613630782,0.9999139185100394
combined_overall,0.042078653379691265,0.9997996613630782,0.9999139185100394
combined_overall,0.0420948097213785,0.9997996613630782,0.9999139185100394
combined_overall,0.04210019516860758,0.9997996613630782,0.9999139185100394
combined_overall,0.04213789329921114,0.9997996613630782,0.9999139185100394
combined_overall,0.04214112456754859,0.9997996613630782,0.9999139185100394
combined_overall,0.04218636232427286,0.9997996613630782,0.9999139185100394
combined_overall,0.04219067068205612,0.9997996613630782,0.9999139185100394
combined_overall,0.04219174777150193,0.9997996613630782,0.9999139185100394
combined_overall,0.04219390195039357,0.9997996613630782,0.9999139185100394
combined_overall,0.04226283567492579,0.9997996613630782,0.9999139185100394
combined_overall,0.04226498985381742,0.9997996613630782,0.9999139185100394
combined_overall,0.042314535968324955,0.9997996613630782,0.9999139185100394
combined_overall,0.04231669014721658,0.9997996613630782,0.9999139185100394
combined_overall,0.04232315268389148,0.9997996613630782,0.9999139185100394
combined_overall,0.042325306862783116,0.9997996613630782,0.9999139185100394
combined_overall,0.04232961522056638,0.9997996613630782,0.9999139185100394
combined_overall,0.04233176939945801,0.9997996613630782,0.9999139185100394
combined_overall,0.04237916133507391,0.9997996613630782,0.9999139185100394
combined_overall,0.04238131551396554,0.9997996613630782,0.9999139185100394
combined_overall,0.0423920864084237,0.9997996613630782,0.9999139185100394
combined_overall,0.042394240587315335,0.9997996613630782,0.9999139185100394
combined_overall,0.04243193871791889,0.9997996613630782,0.9999139185100394
combined_overall,0.042438401254593784,0.9997996613630782,0.9999139185100394
combined_overall,0.04244809505960613,0.9997996613630782,0.9999139185100394
combined_overall,0.04245024923849776,0.9997996613630782,0.9999139185100394
combined_overall,0.04246532849073918,0.9997996613630782,0.9999139185100394
combined_overall,0.04246748266963082,0.9997996613630782,0.9999139185100394
combined_overall,0.042484716100763875,0.9997996613630782,0.9999139185100394
combined_overall,0.0424868702796555,0.9997996613630782,0.9999139185100394
combined_overall,0.04249871826355948,0.9997996613630782,0.9999139185100394
combined_overall,0.04250410371078856,0.9997996613630782,0.9999139185100394
combined_overall,0.042515951694692536,0.9997996613630782,0.9999139185100394
combined_overall,0.042518105873584164,0.9997996613630782,0.9999139185100394
combined_overall,0.04253749348360885,0.9997996613630782,0.9999139185100394
combined_overall,0.042539647662500485,0.9997996613630782,0.9999139185100394
combined_overall,0.04256657489864588,0.9997996613630782,0.9999139185100394
combined_overall,0.04258273124033312,0.9997996613630782,0.9999139185100394
combined_overall,0.042602118850357806,0.9997996613630782,0.9999139185100394
combined_overall,0.04260427302924944,0.9997996613630782,0.9999139185100394
combined_overall,0.042619352281490865,0.9997996613630782,0.9999139185100394
combined_overall,0.0426215064603825,0.9997996613630782,0.9999139185100394
combined_overall,0.04262473772871994,0.9997996613630782,0.9999139185100394
combined_overall,0.04263120026539484,0.9997996613630782,0.9999139185100394
combined_overall,0.04270767361604777,0.9997996613630782,0.9999139185100394
combined_overall,0.042709827794939405,0.9997996613630782,0.9999139185100394
combined_overall,0.04284661815455803,0.9997996613630782,0.9999139185100394
combined_overall,0.04284984942289548,0.9997996613630782,0.9999139185100394
combined_overall,0.04285415778067874,0.9997996613630782,0.9999139185100394
combined_overall,0.04285631195957037,0.9997996613630782,0.9999139185100394
combined_overall,0.04291662896853606,0.9997996613630782,0.9999139185100394
combined_overall,0.0429187831474277,0.9997996613630782,0.9999139185100394
combined_overall,0.042924168594656774,0.9997996613630782,0.9999139185100394
combined_overall,0.04292739986299422,0.9997996613630782,0.9999139185100394
combined_overall,0.0429327853102233,0.9997996613630782,0.9999139185100394
combined_overall,0.042934939489114934,0.9997996613630782,0.9999139185100394
combined_overall,0.042948941651910544,0.9997996613630782,0.9999139185100394
combined_overall,0.04295109583080217,0.9997996613630782,0.9999139185100394
combined_overall,0.043067421490950296,0.9997996613630782,0.9999139185100394
combined_overall,0.043067421490950296,0.9998061238997531,0.9999139185100394
combined_overall,0.043094348727095694,0.9998061238997531,0.9999139185100394
combined_overall,0.04310404253210803,0.9998061238997531,0.9999139185100394
combined_overall,0.04310619671099967,0.9998061238997531,0.9999139185100394
combined_overall,0.04310619671099967,0.999812586436428,0.9999139185100394
combined_overall,0.04311696760545783,0.999812586436428,0.9999139185100394
combined_overall,0.04311696760545783,0.9998190489731029,0.9999139185100394
combined_overall,0.04311804469490364,0.9998190489731029,0.9999139185100394
combined_overall,0.04312127596324109,0.9998190489731029,0.9999139185100394
combined_overall,0.04313096976825344,0.9998190489731029,0.9999139185100394
combined_overall,0.043133123947145066,0.9998190489731029,0.9999139185100394
combined_overall,0.04314389484160323,0.9998190489731029,0.9999139185100394
combined_overall,0.04314389484160323,0.9998255115097778,0.9999139185100394
combined_overall,0.04315897409384465,0.9998255115097778,0.9999139185100394
combined_overall,0.04315897409384465,0.9998319740464527,0.9999139185100394
combined_overall,0.04316328245162791,0.9998319740464527,0.9999139185100394
combined_overall,0.04316543663051955,0.9998319740464527,0.9999139185100394
combined_overall,0.04316974498830281,0.9998319740464527,0.9999139185100394
combined_overall,0.04316974498830281,0.9998384365831277,0.9999139185100394
combined_overall,0.04319020968777331,0.9998384365831277,0.9999139185100394
combined_overall,0.043192363866664946,0.9998384365831277,0.9999139185100394
combined_overall,0.04319344095611076,0.9998384365831277,0.9999139185100394
combined_overall,0.043195595135002395,0.9998384365831277,0.9999139185100394
combined_overall,0.043219291102810344,0.9998384365831277,0.9999139185100394
combined_overall,0.043219291102810344,0.9998448991198025,0.9999139185100394
combined_overall,0.04324083289172666,0.9998448991198025,0.9999139185100394
combined_overall,0.04324083289172666,0.9998513616564774,0.9999139185100394
combined_overall,0.04324298707061829,0.9998513616564774,0.9999139185100394
combined_overall,0.04324298707061829,0.9998642867298272,0.9999139185100394
combined_overall,0.04324621833895574,0.9998642867298272,0.9999139185100394
combined_overall,0.04324621833895574,0.9998707492665021,0.9999139185100394
combined_overall,0.04324944960729319,0.9998707492665021,0.9999139185100394
combined_overall,0.04325160378618482,0.9998707492665021,0.9999139185100394
combined_overall,0.04325375796507645,0.9998707492665021,0.9999139185100394
combined_overall,0.04325591214396808,0.9998707492665021,0.9999139185100394
combined_overall,0.04328283938011348,0.9998707492665021,0.9999139185100394
combined_overall,0.04328283938011348,0.999877211803177,0.9999139185100394
combined_overall,0.04328714773789675,0.999877211803177,0.9999139185100394
combined_overall,0.04328714773789675,0.9998836743398519,0.9999139185100394
combined_overall,0.04329899572180072,0.9998836743398519,0.9999139185100394
combined_overall,0.04329899572180072,0.9998901368765267,0.9999139185100394
combined_overall,0.0433108437057047,0.9998901368765267,0.9999139185100394
combined_overall,0.043312997884596326,0.9998901368765267,0.9999139185100394
combined_overall,0.04331515206348796,0.9998901368765267,0.9999139185100394
combined_overall,0.04331515206348796,0.9998965994132016,0.9999139185100394
combined_overall,0.04332807713683775,0.9998965994132016,0.9999139185100394
combined_overall,0.04332807713683775,0.9999030619498765,0.9999139185100394
combined_overall,0.04332915422628357,0.9999030619498765,0.9999139185100394
combined_overall,0.04332915422628357,0.9999095244865515,0.9999139185100394
combined_overall,0.04333884803129591,0.9999095244865515,0.9999139185100394
combined_overall,0.04334207929963336,0.9999095244865515,0.9999139185100394
combined_overall,0.04334315638907917,0.9999095244865515,0.9999139185100394
combined_overall,0.04334531056797081,0.9999095244865515,0.9999139185100394
combined_overall,0.043351773104645705,0.9999095244865515,0.9999139185100394
combined_overall,0.043351773104645705,0.9999159870232264,0.9999139185100394
combined_overall,0.04337439198300784,0.9999159870232264,0.9999139185100394
combined_overall,0.04337439198300784,0.9999224495599013,0.9999139185100394
combined_overall,0.04337762325134528,0.9999224495599013,0.9999139185100394
combined_overall,0.04337762325134528,0.9999289120965762,0.9999139185100394
combined_overall,0.04338731705635763,0.9999289120965762,0.9999139185100394
combined_overall,0.04338947123524926,0.9999289120965762,0.9999139185100394
combined_overall,0.04341101302416558,0.9999289120965762,0.9999139185100394
combined_overall,0.04341101302416558,0.999935374633251,0.9999139185100394
combined_overall,0.0434196297397321,0.999935374633251,0.9999139185100394
combined_overall,0.0434196297397321,0.9999418371699259,0.9999139185100394
combined_overall,0.043420706829177924,0.9999418371699259,0.9999139185100394
combined_overall,0.043420706829177924,0.9999482997066008,0.9999139185100394
combined_overall,0.043428246455298636,0.9999482997066008,0.9999139185100394
combined_overall,0.04343363190252771,0.9999482997066008,0.9999139185100394
combined_overall,0.04343686317086516,0.9999482997066008,0.9999139185100394
combined_overall,0.043439017349756796,0.9999482997066008,0.9999139185100394
combined_overall,0.04346379040701056,0.9999482997066008,0.9999139185100394
combined_overall,0.043465944585902194,0.9999482997066008,0.9999139185100394
combined_overall,0.043465944585902194,0.9999547622432757,0.9999139185100394
combined_overall,0.04349071764315596,0.9999547622432757,0.9999139185100394
combined_overall,0.04349071764315596,0.9999612247799506,0.9999139185100394
combined_overall,0.04350256562705993,0.9999612247799506,0.9999139185100394
combined_overall,0.04350256562705993,0.9999676873166256,0.9999139185100394
combined_overall,0.04355103465212165,0.9999676873166256,0.9999139185100394
combined_overall,0.04355103465212165,0.9999741498533005,0.9999139185100394
combined_overall,0.043555343009904914,0.9999741498533005,0.9999139185100394
combined_overall,0.04355749718879655,0.9999741498533005,0.9999139185100394
combined_overall,0.04356395972547144,0.9999741498533005,0.9999139185100394
combined_overall,0.04356395972547144,0.9999806123899753,0.9999139185100394
combined_overall,0.04356503681491726,0.9999806123899753,0.9999139185100394
combined_overall,0.04356719099380889,0.9999806123899753,0.9999139185100394
combined_overall,0.04363827889723274,0.9999806123899753,0.9999139185100394
combined_overall,0.04363827889723274,0.9999870749266502,0.9999139185100394
combined_overall,0.043663051954486505,0.9999870749266502,0.9999139185100394
combined_overall,0.043663051954486505,0.9999935374633251,0.9999139185100394
combined_overall,0.04366520613337814,0.9999935374633251,0.9999139185100394
combined_overall,0.04366520613337814,1.0,0.9999139185100394
combined_overall,0.043677054117282114,1.0,0.9999139185100394
combined_overall,0.04367920829617375,1.0,0.9999139185100394
combined_overall,0.04376860672017647,1.0,0.9999139185100394
combined_overall,0.043770760899068104,1.0,0.9999139185100394
combined_overall,0.04381707574523819,1.0,0.9999139185100394
combined_overall,0.04381922992412982,1.0,0.9999139185100394
combined_overall,0.04395602028374845,1.0,0.9999139185100394
combined_overall,0.04395925155208589,1.0,0.9999139185100394
combined_overall,0.044028185276618115,1.0,0.9999139185100394
combined_overall,0.04403357072384719,1.0,0.9999139185100394
combined_overall,0.044048649976088615,1.0,0.9999139185100394
combined_overall,0.04405080415498024,1.0,0.9999139185100394
combined_overall,0.0440745001227882,1.0,0.9999139185100394
combined_overall,0.04407665430167983,1.0,0.9999139185100394
combined_overall,0.0440949648222587,1.0,0.9999139185100394
combined_overall,0.044097119001150334,1.0,0.9999139185100394
combined_overall,0.04411004407450012,1.0,0.9999139185100394
combined_overall,0.044114352432283385,1.0,0.9999139185100394
combined_overall,0.044152050562886944,1.0,0.9999139185100394
combined_overall,0.04415528183122439,1.0,0.9999139185100394
combined_overall,0.04420698212462356,1.0,0.9999139185100394
combined_overall,0.04420913630351519,1.0,0.9999139185100394
combined_overall,0.0442436031657813,1.0,0.9999139185100394
combined_overall,0.044253296970793644,1.0,0.9999139185100394
combined_overall,0.04426191368636017,1.0,0.9999139185100394
combined_overall,0.044264067865251805,1.0,0.9999139185100394
combined_overall,0.04428022420693904,1.0,0.9999139185100394
combined_overall,0.04428237838583067,1.0,0.9999139185100394
combined_overall,0.04432761614255494,1.0,0.9999139185100394
combined_overall,0.044343772484242185,1.0,0.9999139185100394
combined_overall,0.044367468452050134,1.0,0.9999139185100394
combined_overall,0.04436962263094176,1.0,0.9999139185100394
combined_overall,0.0443922415093039,1.0,0.9999139185100394
combined_overall,0.04439439568819553,1.0,0.9999139185100394
combined_overall,0.044409474940436955,1.0,0.9999139185100394
combined_overall,0.04441486038766603,1.0,0.9999139185100394
combined_overall,0.044451481428823776,1.0,0.9999139185100394
combined_overall,0.044453635607715404,1.0,0.9999139185100394
combined_overall,0.0444870253805357,1.0,0.9999139185100394
combined_overall,0.044489179559427335,1.0,0.9999139185100394
combined_overall,0.04450318172222294,1.0,0.9999139185100394
combined_overall,0.044509644258897835,1.0,0.9999139185100394
combined_overall,0.044551650747284656,1.0,0.9999139185100394
combined_overall,0.04455595910506792,1.0,0.9999139185100394
combined_overall,0.04468090148078257,1.0,0.9999139185100394
combined_overall,0.04468628692801165,1.0,0.9999139185100394
combined_overall,0.044690595285794915,1.0,0.9999139185100394
combined_overall,0.04469274946468654,1.0,0.9999139185100394
combined_overall,0.04476491445755621,1.0,0.9999139185100394
combined_overall,0.044773531173122744,1.0,0.9999139185100394
combined_overall,0.0448790859388127,1.0,0.9999139185100394
combined_overall,0.044881240117704335,1.0,0.9999139185100394
combined_overall,0.04492540078498279,1.0,0.9999139185100394
combined_overall,0.04492755496387442,1.0,0.9999139185100394
combined_overall,0.04497710107838195,1.0,0.9999139185100394
combined_overall,0.04497925525727359,1.0,0.9999139185100394
combined_overall,0.04501049085120225,1.0,0.9999139185100394
combined_overall,0.0450137221195397,1.0,0.9999139185100394
combined_overall,0.04504495771346836,1.0,0.9999139185100394
combined_overall,0.04504711189235999,1.0,0.9999139185100394
combined_overall,0.045082655844071916,1.0,0.9999139185100394
combined_overall,0.045084810022963544,1.0,0.9999139185100394
combined_overall,0.045106351811879865,1.0,0.9999139185100394
combined_overall,0.0451085059907715,1.0,0.9999139185100394
combined_overall,0.045117122706338025,1.0,0.9999139185100394
combined_overall,0.04511927688522966,1.0,0.9999139185100394
combined_overall,0.04513327904802526,1.0,0.9999139185100394
combined_overall,0.0451354332269169,1.0,0.9999139185100394
combined_overall,0.04514620412137506,1.0,0.9999139185100394
combined_overall,0.045148358300266686,1.0,0.9999139185100394
combined_overall,0.04521298366701564,1.0,0.9999139185100394
combined_overall,0.045217292024798905,1.0,0.9999139185100394
combined_overall,0.04528945701766857,1.0,0.9999139185100394
combined_overall,0.04529161119656021,1.0,0.9999139185100394
combined_overall,0.04536054492109243,1.0,0.9999139185100394
combined_overall,0.04536269909998406,1.0,0.9999139185100394
combined_overall,0.04537454708388804,1.0,0.9999139185100394
combined_overall,0.045376701262779665,1.0,0.9999139185100394
combined_overall,0.04542409319839557,1.0,0.9999139185100394
combined_overall,0.0454262473772872,1.0,0.9999139185100394
combined_overall,0.045432709913962095,1.0,0.9999139185100394
combined_overall,0.04543486409285373,1.0,0.9999139185100394
combined_overall,0.04543809536119117,1.0,0.9999139185100394
combined_overall,0.04544024954008281,1.0,0.9999139185100394
combined_overall,0.04547687058124055,1.0,0.9999139185100394
combined_overall,0.04547902476013218,1.0,0.9999139185100394
combined_overall,0.045499489459602686,1.0,0.9999139185100394
combined_overall,0.04550379781738595,1.0,0.9999139185100394
combined_overall,0.04556303773690582,1.0,0.9999139185100394
combined_overall,0.04556519191579746,1.0,0.9999139185100394
combined_overall,0.045571654452472354,1.0,0.9999139185100394
combined_overall,0.04557380863136398,1.0,0.9999139185100394
combined_overall,0.045579194078593066,1.0,0.9999139185100394
combined_overall,0.045581348257484694,1.0,0.9999139185100394
combined_overall,0.045588887883605406,1.0,0.9999139185100394
combined_overall,0.04559104206249704,1.0,0.9999139185100394
combined_overall,0.04561150676196754,1.0,0.9999139185100394
combined_overall,0.045615815119750804,1.0,0.9999139185100394
combined_overall,0.045637356908667125,1.0,0.9999139185100394
combined_overall,0.04563951108755875,1.0,0.9999139185100394
combined_overall,0.0457504513004778,1.0,0.9999139185100394
combined_overall,0.04575260547936943,1.0,0.9999139185100394
combined_overall,0.04584738935060123,1.0,0.9999139185100394
combined_overall,0.04585600606616776,1.0,0.9999139185100394
combined_overall,0.04585816024505939,1.0,0.9999139185100394
combined_overall,0.0458990896440004,1.0,0.9999139185100394
combined_overall,0.04590124382289203,1.0,0.9999139185100394
combined_overall,0.045918477254025085,1.0,0.9999139185100394
combined_overall,0.04592063143291671,1.0,0.9999139185100394
combined_overall,0.04594540449017048,1.0,0.9999139185100394
combined_overall,0.04594755866906211,1.0,0.9999139185100394
combined_overall,0.04594863575850793,1.0,0.9999139185100394
combined_overall,0.04595078993739956,1.0,0.9999139185100394
combined_overall,0.0461155846226094,1.0,0.9999139185100394
combined_overall,0.04611773880150103,1.0,0.9999139185100394
combined_overall,0.04635039012179727,1.0,0.9999139185100394
combined_overall,0.046355775569026356,1.0,0.9999139185100394
combined_overall,0.04637408608960523,1.0,0.9999139185100394
combined_overall,0.046376240268496856,1.0,0.9999139185100394
combined_overall,0.04649148883919916,1.0,0.9999139185100394
combined_overall,0.046493643018090794,1.0,0.9999139185100394
combined_overall,0.046570116368743725,1.0,0.9999139185100394
combined_overall,0.046573347637081174,1.0,0.9999139185100394
combined_overall,0.046591658157660046,1.0,0.9999139185100394
combined_overall,0.046593812336551674,1.0,0.9999139185100394
combined_overall,0.046602429052118206,1.0,0.9999139185100394
combined_overall,0.046604583231009834,1.0,0.9999139185100394
combined_overall,0.046612122857130546,1.0,0.9999139185100394
combined_overall,0.04661427703602218,1.0,0.9999139185100394
combined_overall,0.046622893751588707,1.0,0.9999139185100394
combined_overall,0.046626125019926155,1.0,0.9999139185100394
combined_overall,0.04663151046715523,1.0,0.9999139185100394
combined_overall,0.04663474173549268,1.0,0.9999139185100394
combined_overall,0.046647666808842476,1.0,0.9999139185100394
combined_overall,0.04665197516662574,1.0,0.9999139185100394
combined_overall,0.046663823150529714,1.0,0.9999139185100394
combined_overall,0.04666597732942134,1.0,0.9999139185100394
combined_overall,0.046695058744458375,1.0,0.9999139185100394
combined_overall,0.04669721292335001,1.0,0.9999139185100394
combined_overall,0.046709060907253984,1.0,0.9999139185100394
combined_overall,0.04671121508614561,1.0,0.9999139185100394
combined_overall,0.046743527769520093,1.0,0.9999139185100394
combined_overall,0.04674568194841172,1.0,0.9999139185100394
combined_overall,0.04677691754234039,1.0,0.9999139185100394
combined_overall,0.04678014881067783,1.0,0.9999139185100394
combined_overall,0.04686847014523474,1.0,0.9999139185100394
combined_overall,0.04687062432412637,1.0,0.9999139185100394
combined_overall,0.04687170141357219,1.0,0.9999139185100394
combined_overall,0.046874932681909634,1.0,0.9999139185100394
combined_overall,0.04693740386976696,1.0,0.9999139185100394
combined_overall,0.04693955804865859,1.0,0.9999139185100394
combined_overall,0.04698156453704541,1.0,0.9999139185100394
combined_overall,0.046983718715937046,1.0,0.9999139185100394
combined_overall,0.046990181252611944,1.0,0.9999139185100394
combined_overall,0.04699341252094939,1.0,0.9999139185100394
combined_overall,0.047031110651552945,1.0,0.9999139185100394
combined_overall,0.04703326483044458,1.0,0.9999139185100394
combined_overall,0.047038650277673656,1.0,0.9999139185100394
combined_overall,0.04704080445656529,1.0,0.9999139185100394
combined_overall,0.047052652440469266,1.0,0.9999139185100394
combined_overall,0.0470548066193609,1.0,0.9999139185100394
combined_overall,0.04715066758003852,1.0,0.9999139185100394
combined_overall,0.047152821758930145,1.0,0.9999139185100394
combined_overall,0.04718621153175044,1.0,0.9999139185100394
combined_overall,0.047190519889533704,1.0,0.9999139185100394
combined_overall,0.04720021369454605,1.0,0.9999139185100394
combined_overall,0.04720236787343768,1.0,0.9999139185100394
combined_overall,0.04728638085021133,1.0,0.9999139185100394
combined_overall,0.047288535029102956,1.0,0.9999139185100394
combined_overall,0.04740701486814271,1.0,0.9999139185100394
combined_overall,0.04741132322592597,1.0,0.9999139185100394
combined_overall,0.04753626560164062,1.0,0.9999139185100394
combined_overall,0.047538419780532255,1.0,0.9999139185100394
combined_overall,0.04755673030111113,1.0,0.9999139185100394
combined_overall,0.047558884480002755,1.0,0.9999139185100394
combined_overall,0.04757180955335255,1.0,0.9999139185100394
combined_overall,0.047576117911135814,1.0,0.9999139185100394
combined_overall,0.047583657537256525,1.0,0.9999139185100394
combined_overall,0.04758581171614815,1.0,0.9999139185100394
combined_overall,0.04760089096838958,1.0,0.9999139185100394
combined_overall,0.04760304514728121,1.0,0.9999139185100394
combined_overall,0.04761166186284774,1.0,0.9999139185100394
combined_overall,0.047615970220631,1.0,0.9999139185100394
combined_overall,0.047638589098993135,1.0,0.9999139185100394
combined_overall,0.04764074327788477,1.0,0.9999139185100394
combined_overall,0.04765151417234293,1.0,0.9999139185100394
combined_overall,0.04765366835123456,1.0,0.9999139185100394
combined_overall,0.047666593424584354,1.0,0.9999139185100394
combined_overall,0.04767090178236762,1.0,0.9999139185100394
combined_overall,0.047674133050705066,1.0,0.9999139185100394
combined_overall,0.047676287229596694,1.0,0.9999139185100394
combined_overall,0.04768490394516322,1.0,0.9999139185100394
combined_overall,0.047687058124054854,1.0,0.9999139185100394
combined_overall,0.04788201131374754,1.0,0.9999139185100394
combined_overall,0.04788416549263917,1.0,0.9999139185100394
combined_overall,0.047910015639338756,1.0,0.9999139185100394
combined_overall,0.047912169818230384,1.0,0.9999139185100394
combined_overall,0.04791540108656783,1.0,0.9999139185100394
combined_overall,0.04791755526545947,1.0,0.9999139185100394
combined_overall,0.04793478869659252,1.0,0.9999139185100394
combined_overall,0.047936942875484154,1.0,0.9999139185100394
combined_overall,0.047943405412159044,1.0,0.9999139185100394
combined_overall,0.04794555959105068,1.0,0.9999139185100394
combined_overall,0.04797140973775026,1.0,0.9999139185100394
combined_overall,0.04797464100608771,1.0,0.9999139185100394
combined_overall,0.04817821091134692,1.0,0.9999139185100394
combined_overall,0.048183596358576004,1.0,0.9999139185100394
combined_overall,0.04822021739973374,1.0,0.9999139185100394
combined_overall,0.04822237157862538,1.0,0.9999139185100394
combined_overall,0.04829884492927831,1.0,0.9999139185100394
combined_overall,0.048304230376507384,1.0,0.9999139185100394
combined_overall,0.048315001270965545,1.0,0.9999139185100394
combined_overall,0.04832146380764044,1.0,0.9999139185100394
combined_overall,0.048357007759352366,1.0,0.9999139185100394
combined_overall,0.048359161938244,1.0,0.9999139185100394
combined_overall,0.048429172752222034,1.0,0.9999139185100394
combined_overall,0.04843132693111367,1.0,0.9999139185100394
combined_overall,0.04845502289892162,1.0,0.9999139185100394
combined_overall,0.04845825416725907,1.0,0.9999139185100394
combined_overall,0.048499183566200074,1.0,0.9999139185100394
combined_overall,0.048506723192320786,1.0,0.9999139185100394
combined_overall,0.04859719870576932,1.0,0.9999139185100394
combined_overall,0.048599352884660954,1.0,0.9999139185100394
combined_overall,0.048654284446397564,1.0,0.9999139185100394
combined_overall,0.04865751571473501,1.0,0.9999139185100394
combined_overall,0.048679057503651334,1.0,0.9999139185100394
combined_overall,0.04868121168254296,1.0,0.9999139185100394
combined_overall,0.04871460145536326,1.0,0.9999139185100394
combined_overall,0.04871675563425489,1.0,0.9999139185100394
combined_overall,0.04872214108148397,1.0,0.9999139185100394
combined_overall,0.0487307577970505,1.0,0.9999139185100394
combined_overall,0.04882338748939067,1.0,0.9999139185100394
combined_overall,0.0488255416682823,1.0,0.9999139185100394
combined_overall,0.04891709427117666,1.0,0.9999139185100394
combined_overall,0.04891924845006829,1.0,0.9999139185100394
combined_overall,0.04893001934452645,1.0,0.9999139185100394
combined_overall,0.04893217352341808,1.0,0.9999139185100394
combined_overall,0.048942944417876236,1.0,0.9999139185100394
combined_overall,0.04894940695455113,1.0,0.9999139185100394
combined_overall,0.04895156113344277,1.0,0.9999139185100394
combined_overall,0.048953715312334396,1.0,0.9999139185100394
combined_overall,0.04898602799570888,1.0,0.9999139185100394
combined_overall,0.048988182174600506,1.0,0.9999139185100394
combined_overall,0.04907004097248252,1.0,0.9999139185100394
combined_overall,0.04907219515137415,1.0,0.9999139185100394
combined_overall,0.04918744372207646,1.0,0.9999139185100394
combined_overall,0.04919175207985972,1.0,0.9999139185100394
combined_overall,0.04922514185268002,1.0,0.9999139185100394
combined_overall,0.04922837312101746,1.0,0.9999139185100394
combined_overall,0.04926714834106684,1.0,0.9999139185100394
combined_overall,0.049272533788295915,1.0,0.9999139185100394
combined_overall,0.04927468796718755,1.0,0.9999139185100394
combined_overall,0.04928007341441663,1.0,0.9999139185100394
combined_overall,0.04928869012998315,1.0,0.9999139185100394
combined_overall,0.04929084430887479,1.0,0.9999139185100394
combined_overall,0.049307000650562025,1.0,0.9999139185100394
combined_overall,0.04931130900834529,1.0,0.9999139185100394
combined_overall,0.04932961952892416,1.0,0.9999139185100394
combined_overall,0.049331773707815794,1.0,0.9999139185100394
combined_overall,0.049352238407286295,1.0,0.9999139185100394
combined_overall,0.04935439258617793,1.0,0.9999139185100394
combined_overall,0.04939855325345638,1.0,0.9999139185100394
combined_overall,0.049400707432348014,1.0,0.9999139185100394
combined_overall,0.04942440340015596,1.0,0.9999139185100394
combined_overall,0.04943840556295157,1.0,0.9999139185100394
combined_overall,0.049477180783000944,1.0,0.9999139185100394
combined_overall,0.04947933496189257,1.0,0.9999139185100394
combined_overall,0.04951272473471287,1.0,0.9999139185100394
combined_overall,0.0495148789136045,1.0,0.9999139185100394
combined_overall,0.04955257704420806,1.0,0.9999139185100394
combined_overall,0.04955473122309969,1.0,0.9999139185100394
combined_overall,0.0495687333858953,1.0,0.9999139185100394
combined_overall,0.04957304174367856,1.0,0.9999139185100394
combined_overall,0.049575195922570196,1.0,0.9999139185100394
combined_overall,0.04962905039486099,1.0,0.9999139185100394
combined_overall,0.04963120457375262,1.0,0.9999139185100394
combined_overall,0.049709832103297186,1.0,0.9999139185100394
combined_overall,0.04971198628218882,1.0,0.9999139185100394
combined_overall,0.04972598844498442,1.0,0.9999139185100394
combined_overall,0.04973137389221351,1.0,0.9999139185100394
combined_overall,0.04975722403891309,1.0,0.9999139185100394
combined_overall,0.04975937821780472,1.0,0.9999139185100394
combined_overall,0.049869241341277945,1.0,0.9999139185100394
combined_overall,0.04987139552016958,1.0,0.9999139185100394
combined_overall,0.04989186021964008,1.0,0.9999139185100394
combined_overall,0.049894014398531715,1.0,0.9999139185100394
combined_overall,0.04999526080643841,1.0,0.9999139185100394
combined_overall,0.049997414985330044,1.0,0.9999139185100394
combined_overall,0.05001034005867983,1.0,0.9999139185100394
combined_overall,0.05001249423757147,1.0,0.9999139185100394
combined_overall,0.05002111095313799,1.0,0.9999139185100394
combined_overall,0.05002326513202963,1.0,0.9999139185100394
combined_overall,0.05007281124653716,1.0,0.9999139185100394
combined_overall,0.05007496542542879,1.0,0.9999139185100394
combined_overall,0.05014605332885264,1.0,0.9999139185100394
combined_overall,0.05014820750774427,1.0,0.9999139185100394
combined_overall,0.05028284368847127,1.0,0.9999139185100394
combined_overall,0.05028715204625453,1.0,0.9999139185100394
combined_overall,0.0503388523396537,1.0,0.9999139185100394
combined_overall,0.05034316069743696,1.0,0.9999139185100394
combined_overall,0.05036039412857001,1.0,0.9999139185100394
combined_overall,0.050362548307461646,1.0,0.9999139185100394
combined_overall,0.05039055263305286,1.0,0.9999139185100394
combined_overall,0.05041424860086081,1.0,0.9999139185100394
combined_overall,0.050417479869198256,1.0,0.9999139185100394
combined_overall,0.05042286531642734,1.0,0.9999139185100394
combined_overall,0.05047348852038069,1.0,0.9999139185100394
combined_overall,0.05047564269927232,1.0,0.9999139185100394
combined_overall,0.050478873967609764,1.0,0.9999139185100394
combined_overall,0.05048318232539303,1.0,0.9999139185100394
combined_overall,0.05048533650428466,1.0,0.9999139185100394
combined_overall,0.05053811388712964,1.0,0.9999139185100394
combined_overall,0.05054026806602128,1.0,0.9999139185100394
combined_overall,0.0505758120177332,1.0,0.9999139185100394
combined_overall,0.05057796619662483,1.0,0.9999139185100394
combined_overall,0.05058442873329973,1.0,0.9999139185100394
combined_overall,0.05058658291219136,1.0,0.9999139185100394
combined_overall,0.050587660001637176,1.0,0.9999139185100394
combined_overall,0.05058981418052881,1.0,0.9999139185100394
combined_overall,0.05064797701060287,1.0,0.9999139185100394
combined_overall,0.05065120827894032,1.0,0.9999139185100394
combined_overall,0.050701831482893665,1.0,0.9999139185100394
combined_overall,0.0507039856617853,1.0,0.9999139185100394
combined_overall,0.05071691073513509,1.0,0.9999139185100394
combined_overall,0.05072014200347254,1.0,0.9999139185100394
combined_overall,0.05073737543460559,1.0,0.9999139185100394
combined_overall,0.05074168379238885,1.0,0.9999139185100394
combined_overall,0.05077938192299241,1.0,0.9999139185100394
combined_overall,0.050781536101884045,1.0,0.9999139185100394
combined_overall,0.05079338408578802,1.0,0.9999139185100394
combined_overall,0.050795538264679654,1.0,0.9999139185100394
combined_overall,0.0507987695330171,1.0,0.9999139185100394
combined_overall,0.050802000801354545,1.0,0.9999139185100394
combined_overall,0.050858009452536976,1.0,0.9999139185100394
combined_overall,0.05086016363142861,1.0,0.9999139185100394
combined_overall,0.05105403973167548,1.0,0.9999139185100394
combined_overall,0.05105619391056711,1.0,0.9999139185100394
combined_overall,0.05106481062613363,1.0,0.9999139185100394
combined_overall,0.05106696480502527,1.0,0.9999139185100394
combined_overall,0.05107019607336272,1.0,0.9999139185100394
combined_overall,0.051072350252254345,1.0,0.9999139185100394
combined_overall,0.05108204405726669,1.0,0.9999139185100394
combined_overall,0.05108850659394159,1.0,0.9999139185100394
combined_overall,0.05110250875673719,1.0,0.9999139185100394
combined_overall,0.051104662935628827,1.0,0.9999139185100394
combined_overall,0.051159594497365436,1.0,0.9999139185100394
combined_overall,0.051162825765702885,1.0,0.9999139185100394
combined_overall,0.051190830091294104,1.0,0.9999139185100394
combined_overall,0.051194061359631546,1.0,0.9999139185100394
combined_overall,0.05122529695356021,1.0,0.9999139185100394
combined_overall,0.05123714493746419,1.0,0.9999139185100394
combined_overall,0.051242530384693265,1.0,0.9999139185100394
combined_overall,0.0512446845635849,1.0,0.9999139185100394
combined_overall,0.051256532547488874,1.0,0.9999139185100394
combined_overall,0.0512586867263805,1.0,0.9999139185100394
combined_overall,0.05125976381582632,1.0,0.9999139185100394
combined_overall,0.05126191799471795,1.0,0.9999139185100394
combined_overall,0.051287768141417535,1.0,0.9999139185100394
combined_overall,0.05128992232030917,1.0,0.9999139185100394
combined_overall,0.051333005898141805,1.0,0.9999139185100394
combined_overall,0.05133516007703344,1.0,0.9999139185100394
combined_overall,0.05147302752609788,1.0,0.9999139185100394
combined_overall,0.051478412973326955,1.0,0.9999139185100394
combined_overall,0.05161304915405395,1.0,0.9999139185100394
combined_overall,0.05161520333294558,1.0,0.9999139185100394
combined_overall,0.0516636723580073,1.0,0.9999139185100394
combined_overall,0.05166690362634475,1.0,0.9999139185100394
combined_overall,0.051669057805236375,1.0,0.9999139185100394
combined_overall,0.05167121198412801,1.0,0.9999139185100394
combined_overall,0.05180692525430082,1.0,0.9999139185100394
combined_overall,0.05180907943319245,1.0,0.9999139185100394
combined_overall,0.05184354629545856,1.0,0.9999139185100394
combined_overall,0.05184570047435019,1.0,0.9999139185100394
combined_overall,0.05185216301102509,1.0,0.9999139185100394
combined_overall,0.05185431718991672,1.0,0.9999139185100394
combined_overall,0.05193617598779873,1.0,0.9999139185100394
combined_overall,0.05194479270336526,1.0,0.9999139185100394
combined_overall,0.05197279702895647,1.0,0.9999139185100394
combined_overall,0.051974951207848105,1.0,0.9999139185100394
combined_overall,0.05200295553343932,1.0,0.9999139185100394
combined_overall,0.05200510971233095,1.0,0.9999139185100394
combined_overall,0.05201911187512656,1.0,0.9999139185100394
combined_overall,0.052022343143464,1.0,0.9999139185100394
combined_overall,0.0520492703796094,1.0,0.9999139185100394
combined_overall,0.052051424558501036,1.0,0.9999139185100394
combined_overall,0.05206111836351338,1.0,0.9999139185100394
combined_overall,0.052064349631850824,1.0,0.9999139185100394
combined_overall,0.05212789790915397,1.0,0.9999139185100394
combined_overall,0.0521300520880456,1.0,0.9999139185100394
combined_overall,0.05213651462472049,1.0,0.9999139185100394
combined_overall,0.05213866880361213,1.0,0.9999139185100394
combined_overall,0.05216775021864916,1.0,0.9999139185100394
combined_overall,0.05216990439754079,1.0,0.9999139185100394
combined_overall,0.052182829470890583,1.0,0.9999139185100394
combined_overall,0.05218821491811966,1.0,0.9999139185100394
combined_overall,0.05221514215426506,1.0,0.9999139185100394
combined_overall,0.05221729633315669,1.0,0.9999139185100394
combined_overall,0.05225822573209769,1.0,0.9999139185100394
combined_overall,0.05226037991098933,1.0,0.9999139185100394
combined_overall,0.052268996626555854,1.0,0.9999139185100394
combined_overall,0.05227115080544749,1.0,0.9999139185100394
combined_overall,0.05233685326164226,1.0,0.9999139185100394
combined_overall,0.052339007440533894,1.0,0.9999139185100394
combined_overall,0.05240794116506611,1.0,0.9999139185100394
combined_overall,0.05241117243340356,1.0,0.9999139185100394
combined_overall,0.052435945490657325,1.0,0.9999139185100394
combined_overall,0.05243809966954896,1.0,0.9999139185100394
combined_overall,0.05245317892179038,1.0,0.9999139185100394
combined_overall,0.05245533310068201,1.0,0.9999139185100394
combined_overall,0.052568427492492686,1.0,0.9999139185100394
combined_overall,0.05257058167138432,1.0,0.9999139185100394
combined_overall,0.052593200549746456,1.0,0.9999139185100394
combined_overall,0.052595354728638084,1.0,0.9999139185100394
combined_overall,0.05264166957480817,1.0,0.9999139185100394
combined_overall,0.0526438237536998,1.0,0.9999139185100394
combined_overall,0.05265998009538704,1.0,0.9999139185100394
combined_overall,0.05266321136372449,1.0,0.9999139185100394
combined_overall,0.052762303592739555,1.0,0.9999139185100394
combined_overall,0.05276445777163119,1.0,0.9999139185100394
combined_overall,0.05279461627611404,1.0,0.9999139185100394
combined_overall,0.052796770455005665,1.0,0.9999139185100394
combined_overall,0.05280215590223475,1.0,0.9999139185100394
combined_overall,0.05280431008112638,1.0,0.9999139185100394
combined_overall,0.052818312243921986,1.0,0.9999139185100394
combined_overall,0.052820466422813614,1.0,0.9999139185100394
combined_overall,0.05284847074840483,1.0,0.9999139185100394
combined_overall,0.05285062492729646,1.0,0.9999139185100394
combined_overall,0.052932483725178475,1.0,0.9999139185100394
combined_overall,0.052935714993515924,1.0,0.9999139185100394
combined_overall,0.05302726759641028,1.0,0.9999139185100394
combined_overall,0.05303049886474773,1.0,0.9999139185100394
combined_overall,0.0530692740847971,1.0,0.9999139185100394
combined_overall,0.05307142826368873,1.0,0.9999139185100394
combined_overall,0.05311128057318392,1.0,0.9999139185100394
combined_overall,0.05311343475207555,1.0,0.9999139185100394
combined_overall,0.05313174527265442,1.0,0.9999139185100394
combined_overall,0.053133899451546056,1.0,0.9999139185100394
combined_overall,0.05314897870378748,1.0,0.9999139185100394
combined_overall,0.05315113288267911,1.0,0.9999139185100394
combined_overall,0.053165135045474717,1.0,0.9999139185100394
combined_overall,0.05316728922436635,1.0,0.9999139185100394
combined_overall,0.05318667683439104,1.0,0.9999139185100394
combined_overall,0.053188831013282666,1.0,0.9999139185100394
combined_overall,0.053192062281620114,1.0,0.9999139185100394
combined_overall,0.05319637063940338,1.0,0.9999139185100394
combined_overall,0.053234068770006936,1.0,0.9999139185100394
combined_overall,0.05323622294889857,1.0,0.9999139185100394
combined_overall,0.05329761704731008,1.0,0.9999139185100394
combined_overall,0.053299771226201706,1.0,0.9999139185100394
combined_overall,0.05330192540509334,1.0,0.9999139185100394
combined_overall,0.05330838794176824,1.0,0.9999139185100394
combined_overall,0.05332562137290129,1.0,0.9999139185100394
combined_overall,0.053327775551792925,1.0,0.9999139185100394
combined_overall,0.05334393189348016,1.0,0.9999139185100394
combined_overall,0.0533460860723718,1.0,0.9999139185100394
combined_overall,0.05335039443015506,1.0,0.9999139185100394
combined_overall,0.05335362569849251,1.0,0.9999139185100394
combined_overall,0.05340101763410841,1.0,0.9999139185100394
combined_overall,0.05340317181300004,1.0,0.9999139185100394
combined_overall,0.05342255942302473,1.0,0.9999139185100394
combined_overall,0.05342579069136218,1.0,0.9999139185100394
combined_overall,0.05346348882196573,1.0,0.9999139185100394
combined_overall,0.05346564300085736,1.0,0.9999139185100394
combined_overall,0.053467797179749,1.0,0.9999139185100394
combined_overall,0.05347210553753226,1.0,0.9999139185100394
combined_overall,0.05348610770032786,1.0,0.9999139185100394
combined_overall,0.05348933896866531,1.0,0.9999139185100394
combined_overall,0.05356796649820988,1.0,0.9999139185100394
combined_overall,0.05357012067710151,1.0,0.9999139185100394
combined_overall,0.05358627701878875,1.0,0.9999139185100394
combined_overall,0.05358843119768038,1.0,0.9999139185100394
combined_overall,0.05361105007604251,1.0,0.9999139185100394
combined_overall,0.05361320425493415,1.0,0.9999139185100394
combined_overall,0.05363797731218791,1.0,0.9999139185100394
combined_overall,0.053640131491079546,1.0,0.9999139185100394
combined_overall,0.05367675253223729,1.0,0.9999139185100394
combined_overall,0.05368106089002055,1.0,0.9999139185100394
combined_overall,0.053698294321153604,1.0,0.9999139185100394
combined_overall,0.053723067378407374,1.0,0.9999139185100394
combined_overall,0.05380384908684357,1.0,0.9999139185100394
combined_overall,0.05380708035518102,1.0,0.9999139185100394
combined_overall,0.05383508468077223,1.0,0.9999139185100394
combined_overall,0.05383723885966386,1.0,0.9999139185100394
combined_overall,0.053844778485784575,1.0,0.9999139185100394
combined_overall,0.05384908684356784,1.0,0.9999139185100394
combined_overall,0.053859857738026,1.0,0.9999139185100394
combined_overall,0.05386416609580926,1.0,0.9999139185100394
combined_overall,0.05387493699026742,1.0,0.9999139185100394
combined_overall,0.05387709116915905,1.0,0.9999139185100394
combined_overall,0.05388463079527976,1.0,0.9999139185100394
combined_overall,0.053886784974171396,1.0,0.9999139185100394
combined_overall,0.053893247510846294,1.0,0.9999139185100394
combined_overall,0.05389540168973792,1.0,0.9999139185100394
combined_overall,0.05389755586862956,1.0,0.9999139185100394
combined_overall,0.053899710047521185,1.0,0.9999139185100394
combined_overall,0.053900787136967,1.0,0.9999139185100394
combined_overall,0.053902941315858634,1.0,0.9999139185100394
combined_overall,0.05391586638920842,1.0,0.9999139185100394
combined_overall,0.05391802056810006,1.0,0.9999139185100394
combined_overall,0.054013881528777674,1.0,0.9999139185100394
combined_overall,0.05401603570766931,1.0,0.9999139185100394
combined_overall,0.05403111495991073,1.0,0.9999139185100394
combined_overall,0.05403326913880236,1.0,0.9999139185100394
combined_overall,0.054104357042226214,1.0,0.9999139185100394
combined_overall,0.05410651122111785,1.0,0.9999139185100394
combined_overall,0.054157134425071196,1.0,0.9999139185100394
combined_overall,0.054159288603962824,1.0,0.9999139185100394
combined_overall,0.05418621584010823,1.0,0.9999139185100394
combined_overall,0.05419375546622894,1.0,0.9999139185100394
combined_overall,0.05421098889736199,1.0,0.9999139185100394
combined_overall,0.05421314307625363,1.0,0.9999139185100394
combined_overall,0.054226068149603415,1.0,0.9999139185100394
combined_overall,0.05423360777572413,1.0,0.9999139185100394
combined_overall,0.054284230979677474,1.0,0.9999139185100394
combined_overall,0.05428638515856911,1.0,0.9999139185100394
combined_overall,0.05429069351635237,1.0,0.9999139185100394
combined_overall,0.054337008362522456,1.0,0.9999139185100394
combined_overall,0.05434131672030572,1.0,0.9999139185100394
combined_overall,0.05435316470420969,1.0,0.9999139185100394
combined_overall,0.05435531888310133,1.0,0.9999139185100394
combined_overall,0.0543736294036802,1.0,0.9999139185100394
combined_overall,0.05437578358257183,1.0,0.9999139185100394
combined_overall,0.05437793776146346,1.0,0.9999139185100394
combined_overall,0.0543800919403551,1.0,0.9999139185100394
combined_overall,0.05447702999047853,1.0,0.9999139185100394
combined_overall,0.054479184169370164,1.0,0.9999139185100394
combined_overall,0.0545158052105279,1.0,0.9999139185100394
combined_overall,0.054517959389419536,1.0,0.9999139185100394
combined_overall,0.05452334483664861,1.0,0.9999139185100394
combined_overall,0.0545287302838777,1.0,0.9999139185100394
combined_overall,0.05454057826778167,1.0,0.9999139185100394
combined_overall,0.05454704080445656,1.0,0.9999139185100394
combined_overall,0.054572890951156146,1.0,0.9999139185100394
combined_overall,0.05457827639838523,1.0,0.9999139185100394
combined_overall,0.05458904729284339,1.0,0.9999139185100394
combined_overall,0.05459335565062665,1.0,0.9999139185100394
combined_overall,0.054599818187301544,1.0,0.9999139185100394
combined_overall,0.05460197236619318,1.0,0.9999139185100394
combined_overall,0.05465151848070071,1.0,0.9999139185100394
combined_overall,0.054653672659592346,1.0,0.9999139185100394
combined_overall,0.05469567914797917,1.0,0.9999139185100394
combined_overall,0.054697833326870796,1.0,0.9999139185100394
combined_overall,0.05471291257911222,1.0,0.9999139185100394
combined_overall,0.05473660854692017,1.0,0.9999139185100394
combined_overall,0.05475276488860741,1.0,0.9999139185100394
combined_overall,0.05475491906749904,1.0,0.9999139185100394
combined_overall,0.054801233913669124,1.0,0.9999139185100394
combined_overall,0.05480338809256076,1.0,0.9999139185100394
combined_overall,0.054822775702585445,1.0,0.9999139185100394
combined_overall,0.05482708406036871,1.0,0.9999139185100394
combined_overall,0.05484108622316432,1.0,0.9999139185100394
combined_overall,0.054843240402055946,1.0,0.9999139185100394
combined_overall,0.05493802427328775,1.0,0.9999139185100394
combined_overall,0.05494017845217938,1.0,0.9999139185100394
combined_overall,0.05498003076167457,1.0,0.9999139185100394
combined_overall,0.054982184940566205,1.0,0.9999139185100394
combined_overall,0.05504034777064026,1.0,0.9999139185100394
combined_overall,0.0550425019495319,1.0,0.9999139185100394
combined_overall,0.05506619791733985,1.0,0.9999139185100394
combined_overall,0.05507696881179801,1.0,0.9999139185100394
combined_overall,0.05512220656852228,1.0,0.9999139185100394
combined_overall,0.05512543783685973,1.0,0.9999139185100394
combined_overall,0.05515021089411349,1.0,0.9999139185100394
combined_overall,0.055152365073005125,1.0,0.9999139185100394
combined_overall,0.05515559634134257,1.0,0.9999139185100394
combined_overall,0.055158827609680015,1.0,0.9999139185100394
combined_overall,0.055162058878017464,1.0,0.9999139185100394
combined_overall,0.055163135967463285,1.0,0.9999139185100394
combined_overall,0.05516636723580073,1.0,0.9999139185100394
combined_overall,0.05517498395136726,1.0,0.9999139185100394
combined_overall,0.05517821521970471,1.0,0.9999139185100394
combined_overall,0.05518575484582542,1.0,0.9999139185100394
combined_overall,0.05518790902471705,1.0,0.9999139185100394
combined_overall,0.055263305285924165,1.0,0.9999139185100394
combined_overall,0.05526545946481579,1.0,0.9999139185100394
combined_overall,0.05527838453816559,1.0,0.9999139185100394
combined_overall,0.055280538717057216,1.0,0.9999139185100394
combined_overall,0.05529023252206956,1.0,0.9999139185100394
combined_overall,0.055294540879852826,1.0,0.9999139185100394
combined_overall,0.05532685356322731,1.0,0.9999139185100394
combined_overall,0.055329007742118935,1.0,0.9999139185100394
combined_overall,0.055332239010456384,1.0,0.9999139185100394
combined_overall,0.05533547027879383,1.0,0.9999139185100394
combined_overall,0.055377476767180654,1.0,0.9999139185100394
combined_overall,0.05537963094607229,1.0,0.9999139185100394
combined_overall,0.0554410250444838,1.0,0.9999139185100394
combined_overall,0.055443179223375424,1.0,0.9999139185100394
combined_overall,0.05544856467060451,1.0,0.9999139185100394
combined_overall,0.055450718849496136,1.0,0.9999139185100394
combined_overall,0.05547226063841246,1.0,0.9999139185100394
combined_overall,0.055475491906749906,1.0,0.9999139185100394
combined_overall,0.055485185711762246,1.0,0.9999139185100394
combined_overall,0.05548949406954551,1.0,0.9999139185100394
combined_overall,0.05551534421624509,1.0,0.9999139185100394
combined_overall,0.05551749839513673,1.0,0.9999139185100394
combined_overall,0.05560581972969363,1.0,0.9999139185100394
combined_overall,0.05560797390858527,1.0,0.9999139185100394
combined_overall,0.05569414106425054,1.0,0.9999139185100394
combined_overall,0.05569629524314217,1.0,0.9999139185100394
combined_overall,0.05570168069037125,1.0,0.9999139185100394
combined_overall,0.05570706613760033,1.0,0.9999139185100394
combined_overall,0.05576092060989113,1.0,0.9999139185100394
combined_overall,0.05576307478878276,1.0,0.9999139185100394
combined_overall,0.0558330856027608,1.0,0.9999139185100394
combined_overall,0.05584170231832732,1.0,0.9999139185100394
combined_overall,0.055869706643918535,1.0,0.9999139185100394
combined_overall,0.055874015001701804,1.0,0.9999139185100394
combined_overall,0.05592356111620934,1.0,0.9999139185100394
combined_overall,0.055925715295100965,1.0,0.9999139185100394
combined_overall,0.055988186482958294,1.0,0.9999139185100394
combined_overall,0.055992494840741557,1.0,0.9999139185100394
combined_overall,0.05605496602859888,1.0,0.9999139185100394
combined_overall,0.05605712020749051,1.0,0.9999139185100394
combined_overall,0.056092664159202436,1.0,0.9999139185100394
combined_overall,0.05609481833809407,1.0,0.9999139185100394
combined_overall,0.056133593558143444,1.0,0.9999139185100394
combined_overall,0.05613897900537252,1.0,0.9999139185100394
combined_overall,0.05617452295708445,1.0,0.9999139185100394
combined_overall,0.05617667713597608,1.0,0.9999139185100394
combined_overall,0.05620791272990474,1.0,0.9999139185100394
combined_overall,0.056210066908796374,1.0,0.9999139185100394
combined_overall,0.05621329817713382,1.0,0.9999139185100394
combined_overall,0.05621545235602545,1.0,0.9999139185100394
combined_overall,0.0562186836243629,1.0,0.9999139185100394
combined_overall,0.056220837803254535,1.0,0.9999139185100394
combined_overall,0.056244533771062484,1.0,0.9999139185100394
combined_overall,0.05624668794995412,1.0,0.9999139185100394
combined_overall,0.05624884212884575,1.0,0.9999139185100394
combined_overall,0.05625099630773738,1.0,0.9999139185100394
combined_overall,0.056310236227257254,1.0,0.9999139185100394
combined_overall,0.05631454458504052,1.0,0.9999139185100394
combined_overall,0.05635008853675245,1.0,0.9999139185100394
combined_overall,0.05635870525231897,1.0,0.9999139185100394
combined_overall,0.0564481036763217,1.0,0.9999139185100394
combined_overall,0.05645025785521333,1.0,0.9999139185100394
combined_overall,0.056514883221962284,1.0,0.9999139185100394
combined_overall,0.05653103956364952,1.0,0.9999139185100394
combined_overall,0.05663874850823112,1.0,0.9999139185100394
combined_overall,0.05664090268712275,1.0,0.9999139185100394
combined_overall,0.05664197977656857,1.0,0.9999139185100394
combined_overall,0.056644133955460196,1.0,0.9999139185100394
combined_overall,0.05665705902880999,1.0,0.9999139185100394
combined_overall,0.05666675283382233,1.0,0.9999139185100394
combined_overall,0.05669044880163028,1.0,0.9999139185100394
combined_overall,0.056692602980521915,1.0,0.9999139185100394
combined_overall,0.05670014260664263,1.0,0.9999139185100394
combined_overall,0.056702296785534255,1.0,0.9999139185100394
combined_overall,0.056713067679992415,1.0,0.9999139185100394
combined_overall,0.056716298948329864,1.0,0.9999139185100394
combined_overall,0.056796003567320244,1.0,0.9999139185100394
combined_overall,0.05680031192510351,1.0,0.9999139185100394
combined_overall,0.05681862244568238,1.0,0.9999139185100394
combined_overall,0.05682185371401983,1.0,0.9999139185100394
combined_overall,0.05684339550293615,1.0,0.9999139185100394
combined_overall,0.05684554968182778,1.0,0.9999139185100394
combined_overall,0.05684770386071941,1.0,0.9999139185100394
combined_overall,0.05684985803961104,1.0,0.9999139185100394
combined_overall,0.056904789601347656,1.0,0.9999139185100394
combined_overall,0.056906943780239284,1.0,0.9999139185100394
combined_overall,0.05695864407363845,1.0,0.9999139185100394
combined_overall,0.0569618753419759,1.0,0.9999139185100394
combined_overall,0.056983417130892215,1.0,0.9999139185100394
combined_overall,0.056987725488675485,1.0,0.9999139185100394
combined_overall,0.05700172765147109,1.0,0.9999139185100394
combined_overall,0.057004958919808536,1.0,0.9999139185100394
combined_overall,0.05707066137600331,1.0,0.9999139185100394
combined_overall,0.05707927809156984,1.0,0.9999139185100394
combined_overall,0.05708681771769055,1.0,0.9999139185100394
combined_overall,0.05708897189658218,1.0,0.9999139185100394
combined_overall,0.05714067218998135,1.0,0.9999139185100394
combined_overall,0.057142826368872975,1.0,0.9999139185100394
combined_overall,0.05714821181610206,1.0,0.9999139185100394
combined_overall,0.05716867651557256,1.0,0.9999139185100394
combined_overall,0.05717083069446419,1.0,0.9999139185100394
combined_overall,0.05717944741003072,1.0,0.9999139185100394
combined_overall,0.057181601588922354,1.0,0.9999139185100394
combined_overall,0.05718698703615143,1.0,0.9999139185100394
combined_overall,0.05718914121504306,1.0,0.9999139185100394
combined_overall,0.057240841508442226,1.0,0.9999139185100394
combined_overall,0.05724514986622549,1.0,0.9999139185100394
combined_overall,0.05731516068020353,1.0,0.9999139185100394
combined_overall,0.05731731485909516,1.0,0.9999139185100394
combined_overall,0.05736255261581943,1.0,0.9999139185100394
combined_overall,0.05736470679471106,1.0,0.9999139185100394
combined_overall,0.05737547768916922,1.0,0.9999139185100394
combined_overall,0.05737763186806085,1.0,0.9999139185100394
combined_overall,0.05747456991818429,1.0,0.9999139185100394
combined_overall,0.05747672409707592,1.0,0.9999139185100394
combined_overall,0.057482109544305,1.0,0.9999139185100394
combined_overall,0.057492880438763154,1.0,0.9999139185100394
combined_overall,0.05751011386989621,1.0,0.9999139185100394
combined_overall,0.05751226804878784,1.0,0.9999139185100394
combined_overall,0.057514422227679475,1.0,0.9999139185100394
combined_overall,0.0575499661793914,1.0,0.9999139185100394
combined_overall,0.05755319744772885,1.0,0.9999139185100394
combined_overall,0.057559659984403745,1.0,0.9999139185100394
combined_overall,0.05756181416329538,1.0,0.9999139185100394
combined_overall,0.057597358115007304,1.0,0.9999139185100394
combined_overall,0.05759951229389893,1.0,0.9999139185100394
combined_overall,0.057614591546140355,1.0,0.9999139185100394
combined_overall,0.05762320826170689,1.0,0.9999139185100394
combined_overall,0.0576512125872981,1.0,0.9999139185100394
combined_overall,0.057653366766189734,1.0,0.9999139185100394
combined_overall,0.057657675123973,1.0,0.9999139185100394
combined_overall,0.057659829302864625,1.0,0.9999139185100394
combined_overall,0.05767490855510605,1.0,0.9999139185100394
combined_overall,0.0576781398234435,1.0,0.9999139185100394
combined_overall,0.05768352527067258,1.0,0.9999139185100394
combined_overall,0.05771152959626379,1.0,0.9999139185100394
combined_overall,0.05771368377515542,1.0,0.9999139185100394
combined_overall,0.05773091720628848,1.0,0.9999139185100394
combined_overall,0.057733071385180114,1.0,0.9999139185100394
combined_overall,0.057798773841374884,1.0,0.9999139185100394
combined_overall,0.05780092802026651,1.0,0.9999139185100394
combined_overall,0.057816007272507935,1.0,0.9999139185100394
combined_overall,0.05781816145139957,1.0,0.9999139185100394
combined_overall,0.0578472428664366,1.0,0.9999139185100394
combined_overall,0.05784939704532823,1.0,0.9999139185100394
combined_overall,0.0578881722653776,1.0,0.9999139185100394
combined_overall,0.05789140353371505,1.0,0.9999139185100394
combined_overall,0.05792910166431861,1.0,0.9999139185100394
combined_overall,0.057931255843210246,1.0,0.9999139185100394
combined_overall,0.05796787688436798,1.0,0.9999139185100394
combined_overall,0.05797003106325962,1.0,0.9999139185100394
combined_overall,0.05798080195771778,1.0,0.9999139185100394
combined_overall,0.057982956136609407,1.0,0.9999139185100394
combined_overall,0.058044350235020914,1.0,0.9999139185100394
combined_overall,0.05804650441391255,1.0,0.9999139185100394
combined_overall,0.05805727530837071,1.0,0.9999139185100394
combined_overall,0.05805942948726234,1.0,0.9999139185100394
combined_overall,0.058079894186732844,1.0,0.9999139185100394
combined_overall,0.05808204836562447,1.0,0.9999139185100394
combined_overall,0.05808851090229937,1.0,0.9999139185100394
combined_overall,0.05809281926008263,1.0,0.9999139185100394
combined_overall,0.05809605052842008,1.0,0.9999139185100394
combined_overall,0.05809820470731172,1.0,0.9999139185100394
combined_overall,0.05812944030124038,1.0,0.9999139185100394
combined_overall,0.058131594480132005,1.0,0.9999139185100394
combined_overall,0.05817467805796465,1.0,0.9999139185100394
combined_overall,0.058176832236856275,1.0,0.9999139185100394
combined_overall,0.05818329477353117,1.0,0.9999139185100394
combined_overall,0.05818975731020607,1.0,0.9999139185100394
combined_overall,0.058201605294110045,1.0,0.9999139185100394
combined_overall,0.05820375947300167,1.0,0.9999139185100394
combined_overall,0.058212376188568206,1.0,0.9999139185100394
combined_overall,0.058214530367459834,1.0,0.9999139185100394
combined_overall,0.058294234986450214,1.0,0.9999139185100394
combined_overall,0.05829638916534185,1.0,0.9999139185100394
combined_overall,0.05831469968592072,1.0,0.9999139185100394
combined_overall,0.05831685386481235,1.0,0.9999139185100394
combined_overall,0.05832223931204143,1.0,0.9999139185100394
combined_overall,0.058326547669824695,1.0,0.9999139185100394
combined_overall,0.05836639997931988,1.0,0.9999139185100394
combined_overall,0.058368554158211516,1.0,0.9999139185100394
combined_overall,0.058384710499898754,1.0,0.9999139185100394
combined_overall,0.05838686467879039,1.0,0.9999139185100394
combined_overall,0.05839117303657365,1.0,0.9999139185100394
combined_overall,0.05839332721546528,1.0,0.9999139185100394
combined_overall,0.05840086684158599,1.0,0.9999139185100394
combined_overall,0.058403021020477626,1.0,0.9999139185100394
combined_overall,0.05840409810992344,1.0,0.9999139185100394
combined_overall,0.05840732937826089,1.0,0.9999139185100394
combined_overall,0.05844287332997281,1.0,0.9999139185100394
combined_overall,0.05844502750886445,1.0,0.9999139185100394
combined_overall,0.058451490045539345,1.0,0.9999139185100394
combined_overall,0.05845364422443097,1.0,0.9999139185100394
combined_overall,0.05845687549276842,1.0,0.9999139185100394
combined_overall,0.058461183850551685,1.0,0.9999139185100394
combined_overall,0.05846333802944332,1.0,0.9999139185100394
combined_overall,0.05846549220833495,1.0,0.9999139185100394
combined_overall,0.058506421607275955,1.0,0.9999139185100394
combined_overall,0.05850857578616759,1.0,0.9999139185100394
combined_overall,0.058530117575083904,1.0,0.9999139185100394
combined_overall,0.05853227175397554,1.0,0.9999139185100394
combined_overall,0.05859905129961612,1.0,0.9999139185100394
combined_overall,0.05860120547850776,1.0,0.9999139185100394
combined_overall,0.05861628473074918,1.0,0.9999139185100394
combined_overall,0.05861843890964081,1.0,0.9999139185100394
combined_overall,0.0586787559186065,1.0,0.9999139185100394
combined_overall,0.05868198718694395,1.0,0.9999139185100394
combined_overall,0.05873584165923475,1.0,0.9999139185100394
combined_overall,0.05874122710646383,1.0,0.9999139185100394
combined_overall,0.058804775383766966,1.0,0.9999139185100394
combined_overall,0.0588069295626586,1.0,0.9999139185100394
combined_overall,0.05881016083099605,1.0,0.9999139185100394
combined_overall,0.058853244408828685,1.0,0.9999139185100394
combined_overall,0.05885539858772032,1.0,0.9999139185100394
combined_overall,0.05886293821384103,1.0,0.9999139185100394
combined_overall,0.05886509239273266,1.0,0.9999139185100394
combined_overall,0.05888663418164898,1.0,0.9999139185100394
combined_overall,0.058888788360540616,1.0,0.9999139185100394
combined_overall,0.058936180296156514,1.0,0.9999139185100394
combined_overall,0.05893833447504815,1.0,0.9999139185100394
combined_overall,0.05894156574338559,1.0,0.9999139185100394
combined_overall,0.058943719922277225,1.0,0.9999139185100394
combined_overall,0.05898788058955568,1.0,0.9999139185100394
combined_overall,0.05899003476844731,1.0,0.9999139185100394
combined_overall,0.05899649730512221,1.0,0.9999139185100394
combined_overall,0.058998651484013835,1.0,0.9999139185100394
combined_overall,0.05901049946791782,1.0,0.9999139185100394
combined_overall,0.059012653646809445,1.0,0.9999139185100394
combined_overall,0.059020193272930156,1.0,0.9999139185100394
combined_overall,0.05902234745182179,1.0,0.9999139185100394
combined_overall,0.05902557872015924,1.0,0.9999139185100394
combined_overall,0.05902773289905087,1.0,0.9999139185100394
combined_overall,0.05905142886685882,1.0,0.9999139185100394
combined_overall,0.05905358304575045,1.0,0.9999139185100394
combined_overall,0.05906758520854606,1.0,0.9999139185100394
combined_overall,0.05907297065577514,1.0,0.9999139185100394
combined_overall,0.0590772790135584,1.0,0.9999139185100394
combined_overall,0.059081587371341664,1.0,0.9999139185100394
combined_overall,0.05911282296527033,1.0,0.9999139185100394
combined_overall,0.059117131323053594,1.0,0.9999139185100394
combined_overall,0.05912143968083686,1.0,0.9999139185100394
combined_overall,0.059123593859728485,1.0,0.9999139185100394
combined_overall,0.0591311334858492,1.0,0.9999139185100394
combined_overall,0.059148366916982255,1.0,0.9999139185100394
combined_overall,0.05921299228373121,1.0,0.9999139185100394
combined_overall,0.05921514646262284,1.0,0.9999139185100394
combined_overall,0.05926684675602201,1.0,0.9999139185100394
combined_overall,0.05927115511380527,1.0,0.9999139185100394
combined_overall,0.059301313618288116,1.0,0.9999139185100394
combined_overall,0.05930562197607138,1.0,0.9999139185100394
combined_overall,0.05932931794387933,1.0,0.9999139185100394
combined_overall,0.05933147212277096,1.0,0.9999139185100394
combined_overall,0.05934008883833749,1.0,0.9999139185100394
combined_overall,0.059342243017229124,1.0,0.9999139185100394
combined_overall,0.05934547428556657,1.0,0.9999139185100394
combined_overall,0.0593476284644582,1.0,0.9999139185100394
combined_overall,0.05935839935891636,1.0,0.9999139185100394
combined_overall,0.05936701607448289,1.0,0.9999139185100394
combined_overall,0.05941440801009879,1.0,0.9999139185100394
combined_overall,0.05941656218899042,1.0,0.9999139185100394
combined_overall,0.059440258156798376,1.0,0.9999139185100394
combined_overall,0.059442412335690004,1.0,0.9999139185100394
combined_overall,0.05952534822301783,1.0,0.9999139185100394
combined_overall,0.05952750240190947,1.0,0.9999139185100394
combined_overall,0.05955873799583813,1.0,0.9999139185100394
combined_overall,0.05956735471140465,1.0,0.9999139185100394
combined_overall,0.0595705859797421,1.0,0.9999139185100394
combined_overall,0.05961905500480382,1.0,0.9999139185100394
combined_overall,0.059623363362587084,1.0,0.9999139185100394
combined_overall,0.059657830224853194,1.0,0.9999139185100394
combined_overall,0.05965998440374482,1.0,0.9999139185100394
combined_overall,0.05968044910321533,1.0,0.9999139185100394
combined_overall,0.05968260328210696,1.0,0.9999139185100394
combined_overall,0.05968475746099859,1.0,0.9999139185100394
combined_overall,0.059686911639890226,1.0,0.9999139185100394
combined_overall,0.05974292029107265,1.0,0.9999139185100394
combined_overall,0.059745074469964285,1.0,0.9999139185100394
combined_overall,0.05977523297444713,1.0,0.9999139185100394
combined_overall,0.05977738715333876,1.0,0.9999139185100394
combined_overall,0.05980539147892998,1.0,0.9999139185100394
combined_overall,0.059807545657821606,1.0,0.9999139185100394
combined_overall,0.059832318715075376,1.0,0.9999139185100394
combined_overall,0.059835549983412825,1.0,0.9999139185100394
combined_overall,0.05984308960953354,1.0,0.9999139185100394
combined_overall,0.059845243788425165,1.0,0.9999139185100394
combined_overall,0.059866785577341486,1.0,0.9999139185100394
combined_overall,0.059868939756233114,1.0,0.9999139185100394
combined_overall,0.05989155863459525,1.0,0.9999139185100394
combined_overall,0.059893712813486884,1.0,0.9999139185100394
combined_overall,0.059904483707945044,1.0,0.9999139185100394
combined_overall,0.059921717139078096,1.0,0.9999139185100394
combined_overall,0.05994756728577768,1.0,0.9999139185100394
combined_overall,0.05995402982245258,1.0,0.9999139185100394
combined_overall,0.05997557161136889,1.0,0.9999139185100394
combined_overall,0.059977725790260526,1.0,0.9999139185100394
combined_overall,0.06000680720529756,1.0,0.9999139185100394
combined_overall,0.06001757809975572,1.0,0.9999139185100394
combined_overall,0.060105899434312625,1.0,0.9999139185100394
combined_overall,0.06010805361320425,1.0,0.9999139185100394
combined_overall,0.06013498084934965,1.0,0.9999139185100394
combined_overall,0.060137135028241286,1.0,0.9999139185100394
combined_overall,0.06014359756491618,1.0,0.9999139185100394
combined_overall,0.06014575174380781,1.0,0.9999139185100394
combined_overall,0.06015436845937434,1.0,0.9999139185100394
combined_overall,0.06015652263826597,1.0,0.9999139185100394
combined_overall,0.06015975390660342,1.0,0.9999139185100394
combined_overall,0.060164062264386683,1.0,0.9999139185100394
combined_overall,0.06020822293166514,1.0,0.9999139185100394
combined_overall,0.06021468546834003,1.0,0.9999139185100394
combined_overall,0.060229764720581454,1.0,0.9999139185100394
combined_overall,0.06023191889947309,1.0,0.9999139185100394
combined_overall,0.060327779860150706,1.0,0.9999139185100394
combined_overall,0.06033208821793397,1.0,0.9999139185100394
combined_overall,0.06035039873851284,1.0,0.9999139185100394
combined_overall,0.060352552917404476,1.0,0.9999139185100394
combined_overall,0.06035578418574192,1.0,0.9999139185100394
combined_overall,0.06035793836463355,1.0,0.9999139185100394
combined_overall,0.06039132813745385,1.0,0.9999139185100394
combined_overall,0.060393482316345476,1.0,0.9999139185100394
combined_overall,0.06039886776357456,1.0,0.9999139185100394
combined_overall,0.06040102194246619,1.0,0.9999139185100394
combined_overall,0.060407484479141085,1.0,0.9999139185100394
combined_overall,0.06040963865803272,1.0,0.9999139185100394
combined_overall,0.0604150241052618,1.0,0.9999139185100394
combined_overall,0.06041717828415343,1.0,0.9999139185100394
combined_overall,0.06048180365090239,1.0,0.9999139185100394
combined_overall,0.060483957829794016,1.0,0.9999139185100394
combined_overall,0.060487189098131465,1.0,0.9999139185100394
combined_overall,0.0604893432770231,1.0,0.9999139185100394
combined_overall,0.06056150826989277,1.0,0.9999139185100394
combined_overall,0.060563662448784396,1.0,0.9999139185100394
combined_overall,0.06056904789601348,1.0,0.9999139185100394
combined_overall,0.06057120207490511,1.0,0.9999139185100394
combined_overall,0.06059597513215888,1.0,0.9999139185100394
combined_overall,0.06060028348994214,1.0,0.9999139185100394
combined_overall,0.06060351475827959,1.0,0.9999139185100394
combined_overall,0.06060782311606285,1.0,0.9999139185100394
combined_overall,0.06061428565273774,1.0,0.9999139185100394
combined_overall,0.06061751692107519,1.0,0.9999139185100394
combined_overall,0.06062074818941264,1.0,0.9999139185100394
combined_overall,0.060622902368304275,1.0,0.9999139185100394
combined_overall,0.06063044199442499,1.0,0.9999139185100394
combined_overall,0.060632596173316615,1.0,0.9999139185100394
combined_overall,0.0606379816205457,1.0,0.9999139185100394
combined_overall,0.06064013579943733,1.0,0.9999139185100394
combined_overall,0.060646598336112224,1.0,0.9999139185100394
combined_overall,0.06065090669389549,1.0,0.9999139185100394
combined_overall,0.060657369230570385,1.0,0.9999139185100394
combined_overall,0.060660600498907834,1.0,0.9999139185100394
combined_overall,0.06066598594613691,1.0,0.9999139185100394
combined_overall,0.060668140125028545,1.0,0.9999139185100394
combined_overall,0.060726302955102604,1.0,0.9999139185100394
combined_overall,0.06072845713399423,1.0,0.9999139185100394
combined_overall,0.06077692615905595,1.0,0.9999139185100394
combined_overall,0.060779080337947586,1.0,0.9999139185100394
combined_overall,0.060871710030287754,1.0,0.9999139185100394
combined_overall,0.06087386420917939,1.0,0.9999139185100394
combined_overall,0.06088463510363755,1.0,0.9999139185100394
combined_overall,0.06088678928252918,1.0,0.9999139185100394
combined_overall,0.061018194194918725,1.0,0.9999139185100394
combined_overall,0.06102034837381035,1.0,0.9999139185100394
combined_overall,0.06104404434161831,1.0,0.9999139185100394
combined_overall,0.06104619852050994,1.0,0.9999139185100394
combined_overall,0.06108497374055931,1.0,0.9999139185100394
combined_overall,0.061087127919450944,1.0,0.9999139185100394
combined_overall,0.061108669708367265,1.0,0.9999139185100394
combined_overall,0.06111082388725889,1.0,0.9999139185100394
combined_overall,0.061185143059020196,1.0,0.9999139185100394
combined_overall,0.061187297237911824,1.0,0.9999139185100394
combined_overall,0.06120453066904488,1.0,0.9999139185100394
combined_overall,0.06120668484793651,1.0,0.9999139185100394
combined_overall,0.061232534994636094,1.0,0.9999139185100394
combined_overall,0.06123468917352773,1.0,0.9999139185100394
combined_overall,0.06124438297854007,1.0,0.9999139185100394
combined_overall,0.0612465371574317,1.0,0.9999139185100394
combined_overall,0.061252999694106594,1.0,0.9999139185100394
combined_overall,0.06125515387299823,1.0,0.9999139185100394
combined_overall,0.06126161640967313,1.0,0.9999139185100394
combined_overall,0.061263770588564755,1.0,0.9999139185100394
combined_overall,0.06131008543473484,1.0,0.9999139185100394
combined_overall,0.061312239613626474,1.0,0.9999139185100394
combined_overall,0.061330550134205346,1.0,0.9999139185100394
combined_overall,0.061332704313096974,1.0,0.9999139185100394
combined_overall,0.061337012670880244,1.0,0.9999139185100394
combined_overall,0.061399483858737565,1.0,0.9999139185100394
combined_overall,0.0614016380376292,1.0,0.9999139185100394
combined_overall,0.06141887146876225,1.0,0.9999139185100394
combined_overall,0.061421025647653886,1.0,0.9999139185100394
combined_overall,0.06146303213604071,1.0,0.9999139185100394
combined_overall,0.06146734049382397,1.0,0.9999139185100394
combined_overall,0.06148241974606539,1.0,0.9999139185100394
combined_overall,0.06148457392495702,1.0,0.9999139185100394
combined_overall,0.061499653177198445,1.0,0.9999139185100394
combined_overall,0.06150180735609008,1.0,0.9999139185100394
combined_overall,0.06155997018616414,1.0,0.9999139185100394
combined_overall,0.06156212436505577,1.0,0.9999139185100394
combined_overall,0.06158474324341791,1.0,0.9999139185100394
combined_overall,0.061586897422309536,1.0,0.9999139185100394
combined_overall,0.06158797451175536,1.0,0.9999139185100394
combined_overall,0.061590128690646985,1.0,0.9999139185100394
combined_overall,0.06163321226847962,1.0,0.9999139185100394
combined_overall,0.06164290607349197,1.0,0.9999139185100394
combined_overall,0.0616655249518541,1.0,0.9999139185100394
combined_overall,0.06166767913074574,1.0,0.9999139185100394
combined_overall,0.06167629584631226,1.0,0.9999139185100394
combined_overall,0.06167845002520389,1.0,0.9999139185100394
combined_overall,0.061701068903566025,1.0,0.9999139185100394
combined_overall,0.06170753144024092,1.0,0.9999139185100394
combined_overall,0.06173338158694051,1.0,0.9999139185100394
combined_overall,0.061735535765832135,1.0,0.9999139185100394
combined_overall,0.061746306660290295,1.0,0.9999139185100394
combined_overall,0.06175061501807356,1.0,0.9999139185100394
combined_overall,0.06176138591253172,1.0,0.9999139185100394
combined_overall,0.061763540091423354,1.0,0.9999139185100394
combined_overall,0.061815240384822515,1.0,0.9999139185100394
combined_overall,0.06181739456371415,1.0,0.9999139185100394
combined_overall,0.061829242547618124,1.0,0.9999139185100394
combined_overall,0.06183139672650976,1.0,0.9999139185100394
combined_overall,0.06185186142598026,1.0,0.9999139185100394
combined_overall,0.06185616978376352,1.0,0.9999139185100394
combined_overall,0.06187555739378821,1.0,0.9999139185100394
combined_overall,0.06187771157267984,1.0,0.9999139185100394
combined_overall,0.06188094284101729,1.0,0.9999139185100394
combined_overall,0.06188417410935474,1.0,0.9999139185100394
combined_overall,0.06191002425605432,1.0,0.9999139185100394
combined_overall,0.06191217843494595,1.0,0.9999139185100394
combined_overall,0.06196603290723675,1.0,0.9999139185100394
combined_overall,0.06196818708612838,1.0,0.9999139185100394
combined_overall,0.06197034126502001,1.0,0.9999139185100394
combined_overall,0.061972495443911646,1.0,0.9999139185100394
combined_overall,0.06197357253335746,1.0,0.9999139185100394
combined_overall,0.061975726712249095,1.0,0.9999139185100394
combined_overall,0.06198003507003236,1.0,0.9999139185100394
combined_overall,0.061982189248923986,1.0,0.9999139185100394
combined_overall,0.062019887379527544,1.0,0.9999139185100394
combined_overall,0.06202204155841918,1.0,0.9999139185100394
combined_overall,0.06203173536343152,1.0,0.9999139185100394
combined_overall,0.06206081677846855,1.0,0.9999139185100394
combined_overall,0.062062970957360186,1.0,0.9999139185100394
combined_overall,0.06207374185181834,1.0,0.9999139185100394
combined_overall,0.06207805020960161,1.0,0.9999139185100394
combined_overall,0.06208020438849324,1.0,0.9999139185100394
combined_overall,0.06208235856738487,1.0,0.9999139185100394
combined_overall,0.06209205237239721,1.0,0.9999139185100394
combined_overall,0.06209420655128885,1.0,0.9999139185100394
combined_overall,0.0621114399824219,1.0,0.9999139185100394
combined_overall,0.06211467125075935,1.0,0.9999139185100394
combined_overall,0.062176065349170855,1.0,0.9999139185100394
combined_overall,0.06217821952806249,1.0,0.9999139185100394
combined_overall,0.06221376347977441,1.0,0.9999139185100394
combined_overall,0.06221591765866605,1.0,0.9999139185100394
combined_overall,0.062224534374232573,1.0,0.9999139185100394
combined_overall,0.062228842732015836,1.0,0.9999139185100394
combined_overall,0.06224392198425726,1.0,0.9999139185100394
combined_overall,0.06224823034204052,1.0,0.9999139185100394
combined_overall,0.062315009887681114,1.0,0.9999139185100394
combined_overall,0.06231716406657274,1.0,0.9999139185100394
combined_overall,0.06233008913992254,1.0,0.9999139185100394
combined_overall,0.062332243318814165,1.0,0.9999139185100394
combined_overall,0.06233978294493488,1.0,0.9999139185100394
combined_overall,0.06234193712382651,1.0,0.9999139185100394
combined_overall,0.062391483238334045,1.0,0.9999139185100394
combined_overall,0.06239363741722568,1.0,0.9999139185100394
combined_overall,0.062444260621179026,1.0,0.9999139185100394
combined_overall,0.06244856897896229,1.0,0.9999139185100394
combined_overall,0.06251211725626543,1.0,0.9999139185100394
combined_overall,0.06251427143515706,1.0,0.9999139185100394
combined_overall,0.06254873829742318,1.0,0.9999139185100394
combined_overall,0.0625508924763148,1.0,0.9999139185100394
combined_overall,0.06257243426523112,1.0,0.9999139185100394
combined_overall,0.06257458844412275,1.0,0.9999139185100394
combined_overall,0.06259289896470162,1.0,0.9999139185100394
combined_overall,0.06259613023303907,1.0,0.9999139185100394
combined_overall,0.0625982844119307,1.0,0.9999139185100394
combined_overall,0.06260259276971397,1.0,0.9999139185100394
combined_overall,0.0626047469486056,1.0,0.9999139185100394
combined_overall,0.06260582403805141,1.0,0.9999139185100394
combined_overall,0.06260797821694304,1.0,0.9999139185100394
combined_overall,0.06260905530638887,1.0,0.9999139185100394
combined_overall,0.0626112094852805,1.0,0.9999139185100394
combined_overall,0.06261444075361794,1.0,0.9999139185100394
combined_overall,0.06261659493250958,1.0,0.9999139185100394
combined_overall,0.06263382836364263,1.0,0.9999139185100394
combined_overall,0.06263598254253426,1.0,0.9999139185100394
combined_overall,0.06263813672142589,1.0,0.9999139185100394
combined_overall,0.06264029090031753,1.0,0.9999139185100394
combined_overall,0.06271245589318719,1.0,0.9999139185100394
combined_overall,0.06271461007207882,1.0,0.9999139185100394
combined_overall,0.06272107260875372,1.0,0.9999139185100394
combined_overall,0.06272538096653699,1.0,0.9999139185100394
combined_overall,0.06276415618658636,1.0,0.9999139185100394
combined_overall,0.06276631036547799,1.0,0.9999139185100394
combined_overall,0.0627673874549238,1.0,0.9999139185100394
combined_overall,0.06276954163381544,1.0,0.9999139185100394
combined_overall,0.06278569797550268,1.0,0.9999139185100394
combined_overall,0.06278785215439431,1.0,0.9999139185100394
combined_overall,0.06280508558552736,1.0,0.9999139185100394
combined_overall,0.06280939394331063,1.0,0.9999139185100394
combined_overall,0.06283416700056439,1.0,0.9999139185100394
combined_overall,0.06285140043169744,1.0,0.9999139185100394
combined_overall,0.06290633199343407,1.0,0.9999139185100394
combined_overall,0.06291494870900059,1.0,0.9999139185100394
combined_overall,0.06293002796124202,1.0,0.9999139185100394
combined_overall,0.06293218214013364,1.0,0.9999139185100394
combined_overall,0.06293756758736273,1.0,0.9999139185100394
combined_overall,0.06293972176625436,1.0,0.9999139185100394
combined_overall,0.06295695519738741,1.0,0.9999139185100394
combined_overall,0.06295910937627905,1.0,0.9999139185100394
combined_overall,0.0629892678807619,1.0,0.9999139185100394
combined_overall,0.06299142205965352,1.0,0.9999139185100394
combined_overall,0.06303450563748617,1.0,0.9999139185100394
combined_overall,0.0630366598163778,1.0,0.9999139185100394
combined_overall,0.06305604742640247,1.0,0.9999139185100394
combined_overall,0.06305820160529411,1.0,0.9999139185100394
combined_overall,0.0630775892153188,1.0,0.9999139185100394
combined_overall,0.06307974339421044,1.0,0.9999139185100394
combined_overall,0.06311851861425981,1.0,0.9999139185100394
combined_overall,0.06312067279315144,1.0,0.9999139185100394
combined_overall,0.06313036659816378,1.0,0.9999139185100394
combined_overall,0.0631325207770554,1.0,0.9999139185100394
combined_overall,0.06313359786650123,1.0,0.9999139185100394
combined_overall,0.06313575204539286,1.0,0.9999139185100394
combined_overall,0.06314436876095939,1.0,0.9999139185100394
combined_overall,0.06314652293985101,1.0,0.9999139185100394
combined_overall,0.0631659105498757,1.0,0.9999139185100394
combined_overall,0.0631723730865506,1.0,0.9999139185100394
combined_overall,0.06318637524934621,1.0,0.9999139185100394
combined_overall,0.06318852942823784,1.0,0.9999139185100394
combined_overall,0.06319822323325018,1.0,0.9999139185100394
combined_overall,0.06320037741214181,1.0,0.9999139185100394
combined_overall,0.0632197650221665,1.0,0.9999139185100394
combined_overall,0.06322191920105813,1.0,0.9999139185100394
combined_overall,0.06326284859999914,1.0,0.9999139185100394
combined_overall,0.06326500277889077,1.0,0.9999139185100394
combined_overall,0.06333285941397718,1.0,0.9999139185100394
combined_overall,0.0633350135928688,1.0,0.9999139185100394
combined_overall,0.06337917426014726,1.0,0.9999139185100394
combined_overall,0.06338455970737635,1.0,0.9999139185100394
combined_overall,0.06343087455354643,1.0,0.9999139185100394
combined_overall,0.06343302873243806,1.0,0.9999139185100394
combined_overall,0.06343518291132969,1.0,0.9999139185100394
combined_overall,0.06343733709022133,1.0,0.9999139185100394
combined_overall,0.06344703089523367,1.0,0.9999139185100394
combined_overall,0.0634491850741253,1.0,0.9999139185100394
combined_overall,0.06345780178969182,1.0,0.9999139185100394
combined_overall,0.06345995596858346,1.0,0.9999139185100394
combined_overall,0.06346211014747509,1.0,0.9999139185100394
combined_overall,0.06346426432636672,1.0,0.9999139185100394
combined_overall,0.06349119156251212,1.0,0.9999139185100394
combined_overall,0.06349334574140375,1.0,0.9999139185100394
combined_overall,0.0635299667825615,1.0,0.9999139185100394
combined_overall,0.06353427514034475,1.0,0.9999139185100394
combined_overall,0.06355904819759853,1.0,0.9999139185100394
combined_overall,0.06356120237649016,1.0,0.9999139185100394
combined_overall,0.06360105468598534,1.0,0.9999139185100394
combined_overall,0.06360320886487697,1.0,0.9999139185100394
combined_overall,0.06361936520656421,1.0,0.9999139185100394
combined_overall,0.06362259647490166,1.0,0.9999139185100394
combined_overall,0.06364736953215543,1.0,0.9999139185100394
combined_overall,0.06364952371104705,1.0,0.9999139185100394
combined_overall,0.06370876363056693,1.0,0.9999139185100394
combined_overall,0.06371630325668765,1.0,0.9999139185100394
combined_overall,0.0637540013872912,1.0,0.9999139185100394
combined_overall,0.06375615556618283,1.0,0.9999139185100394
combined_overall,0.0638283205590525,1.0,0.9999139185100394
combined_overall,0.06383047473794413,1.0,0.9999139185100394
combined_overall,0.06385847906353535,1.0,0.9999139185100394
combined_overall,0.06386278742131861,1.0,0.9999139185100394
combined_overall,0.06391987316194686,1.0,0.9999139185100394
combined_overall,0.06392202734083849,1.0,0.9999139185100394
combined_overall,0.06392741278806757,1.0,0.9999139185100394
combined_overall,0.0639295669669592,1.0,0.9999139185100394
combined_overall,0.06394680039809227,1.0,0.9999139185100394
combined_overall,0.0639489545769839,1.0,0.9999139185100394
combined_overall,0.06400927158594959,1.0,0.9999139185100394
combined_overall,0.06401142576484121,1.0,0.9999139185100394
combined_overall,0.0640168112120703,1.0,0.9999139185100394
combined_overall,0.06401896539096193,1.0,0.9999139185100394
combined_overall,0.06408574493660252,1.0,0.9999139185100394
combined_overall,0.06408789911549415,1.0,0.9999139185100394
combined_overall,0.06410190127828976,1.0,0.9999139185100394
combined_overall,0.06410405545718138,1.0,0.9999139185100394
combined_overall,0.06412128888831443,1.0,0.9999139185100394
combined_overall,0.06412344306720608,1.0,0.9999139185100394
combined_overall,0.06415683284002636,1.0,0.9999139185100394
combined_overall,0.06415898701891799,1.0,0.9999139185100394
combined_overall,0.06416544955559289,1.0,0.9999139185100394
combined_overall,0.06416868082393035,1.0,0.9999139185100394
combined_overall,0.06417729753949687,1.0,0.9999139185100394
combined_overall,0.0641794517183885,1.0,0.9999139185100394
combined_overall,0.06418376007617177,1.0,0.9999139185100394
combined_overall,0.06418806843395503,1.0,0.9999139185100394
combined_overall,0.06421930402788369,1.0,0.9999139185100394
combined_overall,0.06422145820677533,1.0,0.9999139185100394
combined_overall,0.06426561887405377,1.0,0.9999139185100394
combined_overall,0.06426777305294541,1.0,0.9999139185100394
combined_overall,0.06428500648407846,1.0,0.9999139185100394
combined_overall,0.06428716066297009,1.0,0.9999139185100394
combined_overall,0.06431301080966968,1.0,0.9999139185100394
combined_overall,0.06431516498856131,1.0,0.9999139185100394
combined_overall,0.06435394020861068,1.0,0.9999139185100394
combined_overall,0.06435609438750231,1.0,0.9999139185100394
combined_overall,0.06440456341256404,1.0,0.9999139185100394
combined_overall,0.06440887177034729,1.0,0.9999139185100394
combined_overall,0.06441318012813056,1.0,0.9999139185100394
combined_overall,0.064416411396468,1.0,0.9999139185100394
combined_overall,0.06446703460042136,1.0,0.9999139185100394
combined_overall,0.06446918877931299,1.0,0.9999139185100394
combined_overall,0.06449073056822931,1.0,0.9999139185100394
combined_overall,0.06449288474712093,1.0,0.9999139185100394
combined_overall,0.06451981198326634,1.0,0.9999139185100394
combined_overall,0.06452196616215797,1.0,0.9999139185100394
combined_overall,0.06452519743049542,1.0,0.9999139185100394
combined_overall,0.06452950578827868,1.0,0.9999139185100394
combined_overall,0.06453165996717031,1.0,0.9999139185100394
combined_overall,0.06453381414606195,1.0,0.9999139185100394
combined_overall,0.06459628533391927,1.0,0.9999139185100394
combined_overall,0.0645984395128109,1.0,0.9999139185100394
combined_overall,0.06461244167560651,1.0,0.9999139185100394
combined_overall,0.06461459585449814,1.0,0.9999139185100394
combined_overall,0.06461782712283559,1.0,0.9999139185100394
combined_overall,0.06461998130172722,1.0,0.9999139185100394
combined_overall,0.06463398346452283,1.0,0.9999139185100394
combined_overall,0.06463721473286027,1.0,0.9999139185100394
combined_overall,0.06465660234288496,1.0,0.9999139185100394
combined_overall,0.06465875652177659,1.0,0.9999139185100394
combined_overall,0.0646727586845722,1.0,0.9999139185100394
combined_overall,0.06467706704235547,1.0,0.9999139185100394
combined_overall,0.06471045681517576,1.0,0.9999139185100394
combined_overall,0.06471261099406739,1.0,0.9999139185100394
combined_overall,0.06472876733575463,1.0,0.9999139185100394
combined_overall,0.06473092151464627,1.0,0.9999139185100394
combined_overall,0.06473415278298371,1.0,0.9999139185100394
combined_overall,0.06473630696187534,1.0,0.9999139185100394
combined_overall,0.0647535403930084,1.0,0.9999139185100394
combined_overall,0.06475569457190003,1.0,0.9999139185100394
combined_overall,0.06477831345026216,1.0,0.9999139185100394
combined_overall,0.06478477598693706,1.0,0.9999139185100394
combined_overall,0.06483863045922786,1.0,0.9999139185100394
combined_overall,0.06484293881701111,1.0,0.9999139185100394
combined_overall,0.06485586389036091,1.0,0.9999139185100394
combined_overall,0.06485801806925254,1.0,0.9999139185100394
combined_overall,0.06485909515869837,1.0,0.9999139185100394
combined_overall,0.06486124933759,1.0,0.9999139185100394
combined_overall,0.0648892536631812,1.0,0.9999139185100394
combined_overall,0.06490002455763937,1.0,0.9999139185100394
combined_overall,0.06490110164708518,1.0,0.9999139185100394
combined_overall,0.06490325582597681,1.0,0.9999139185100394
combined_overall,0.06491402672043498,1.0,0.9999139185100394
combined_overall,0.0649161808993266,1.0,0.9999139185100394
combined_overall,0.06504220036448707,1.0,0.9999139185100394
combined_overall,0.0650443545433787,1.0,0.9999139185100394
combined_overall,0.06507559013730736,1.0,0.9999139185100394
combined_overall,0.06507989849509063,1.0,0.9999139185100394
combined_overall,0.06509605483677787,1.0,0.9999139185100394
combined_overall,0.0650982090156695,1.0,0.9999139185100394
combined_overall,0.06511221117846511,1.0,0.9999139185100394
combined_overall,0.06511436535735673,1.0,0.9999139185100394
combined_overall,0.06511651953624836,1.0,0.9999139185100394
combined_overall,0.0651251362518149,1.0,0.9999139185100394
combined_overall,0.06516821982964753,1.0,0.9999139185100394
combined_overall,0.06517037400853916,1.0,0.9999139185100394
combined_overall,0.06517575945576824,1.0,0.9999139185100394
combined_overall,0.06517791363465987,1.0,0.9999139185100394
combined_overall,0.06518222199244314,1.0,0.9999139185100394
combined_overall,0.06518437617133477,1.0,0.9999139185100394
combined_overall,0.06518653035022641,1.0,0.9999139185100394
combined_overall,0.06518976161856385,1.0,0.9999139185100394
combined_overall,0.06519083870800967,1.0,0.9999139185100394
combined_overall,0.0651929928869013,1.0,0.9999139185100394
combined_overall,0.06519945542357619,1.0,0.9999139185100394
combined_overall,0.06520160960246783,1.0,0.9999139185100394
combined_overall,0.06520376378135946,1.0,0.9999139185100394
combined_overall,0.06520591796025109,1.0,0.9999139185100394
combined_overall,0.06523607646473394,1.0,0.9999139185100394
combined_overall,0.06523823064362556,1.0,0.9999139185100394
combined_overall,0.06527485168478331,1.0,0.9999139185100394
combined_overall,0.06528562257924148,1.0,0.9999139185100394
combined_overall,0.06528669966868729,1.0,0.9999139185100394
combined_overall,0.06528885384757892,1.0,0.9999139185100394
combined_overall,0.06529962474203707,1.0,0.9999139185100394
combined_overall,0.06530824145760361,1.0,0.9999139185100394
combined_overall,0.06531039563649524,1.0,0.9999139185100394
combined_overall,0.06531254981538687,1.0,0.9999139185100394
combined_overall,0.06535886466155695,1.0,0.9999139185100394
combined_overall,0.06536101884044859,1.0,0.9999139185100394
combined_overall,0.06538579189770236,1.0,0.9999139185100394
combined_overall,0.06538794607659398,1.0,0.9999139185100394
combined_overall,0.06539871697105215,1.0,0.9999139185100394
combined_overall,0.0654030253288354,1.0,0.9999139185100394
combined_overall,0.06555597203014127,1.0,0.9999139185100394
combined_overall,0.0655581262090329,1.0,0.9999139185100394
combined_overall,0.06567337477973521,1.0,0.9999139185100394
combined_overall,0.06567552895862684,1.0,0.9999139185100394
combined_overall,0.06567660604807266,1.0,0.9999139185100394
combined_overall,0.06568091440585593,1.0,0.9999139185100394
combined_overall,0.06571753544701366,1.0,0.9999139185100394
combined_overall,0.0657196896259053,1.0,0.9999139185100394
combined_overall,0.06573692305703835,1.0,0.9999139185100394
combined_overall,0.06574015432537579,1.0,0.9999139185100394
combined_overall,0.06577246700875028,1.0,0.9999139185100394
combined_overall,0.06577462118764191,1.0,0.9999139185100394
combined_overall,0.0658080109604622,1.0,0.9999139185100394
combined_overall,0.06581016513935384,1.0,0.9999139185100394
combined_overall,0.06583816946494504,1.0,0.9999139185100394
combined_overall,0.0658414007332825,1.0,0.9999139185100394
combined_overall,0.06586186543275299,1.0,0.9999139185100394
combined_overall,0.06586401961164463,1.0,0.9999139185100394
combined_overall,0.06586509670109045,1.0,0.9999139185100394
combined_overall,0.06586832796942789,1.0,0.9999139185100394
combined_overall,0.06587479050610279,1.0,0.9999139185100394
combined_overall,0.06587694468499442,1.0,0.9999139185100394
combined_overall,0.06589094684779002,1.0,0.9999139185100394
combined_overall,0.06589310102668167,1.0,0.9999139185100394
combined_overall,0.0658952552055733,1.0,0.9999139185100394
combined_overall,0.06589740938446492,1.0,0.9999139185100394
combined_overall,0.06592649079950196,1.0,0.9999139185100394
combined_overall,0.06592864497839358,1.0,0.9999139185100394
combined_overall,0.06593187624673104,1.0,0.9999139185100394
combined_overall,0.06593403042562267,1.0,0.9999139185100394
combined_overall,0.06596849728788877,1.0,0.9999139185100394
combined_overall,0.06597065146678041,1.0,0.9999139185100394
combined_overall,0.06597711400345531,1.0,0.9999139185100394
combined_overall,0.06598573071902183,1.0,0.9999139185100394
combined_overall,0.06598788489791346,1.0,0.9999139185100394
combined_overall,0.06601265795516723,1.0,0.9999139185100394
combined_overall,0.06601481213405887,1.0,0.9999139185100394
combined_overall,0.06603850810186682,1.0,0.9999139185100394
combined_overall,0.06604066228075844,1.0,0.9999139185100394
combined_overall,0.06604712481743334,1.0,0.9999139185100394
combined_overall,0.06604927899632497,1.0,0.9999139185100394
combined_overall,0.06609667093194087,1.0,0.9999139185100394
combined_overall,0.06609882511083251,1.0,0.9999139185100394
combined_overall,0.06610205637916995,1.0,0.9999139185100394
combined_overall,0.06611067309473648,1.0,0.9999139185100394
combined_overall,0.06611605854196556,1.0,0.9999139185100394
combined_overall,0.06611821272085719,1.0,0.9999139185100394
combined_overall,0.06612790652586953,1.0,0.9999139185100394
combined_overall,0.06613006070476117,1.0,0.9999139185100394
combined_overall,0.0661322148836528,1.0,0.9999139185100394
combined_overall,0.06613652324143607,1.0,0.9999139185100394
combined_overall,0.06614729413589422,1.0,0.9999139185100394
combined_overall,0.06614944831478585,1.0,0.9999139185100394
combined_overall,0.06615375667256912,1.0,0.9999139185100394
combined_overall,0.06615591085146075,1.0,0.9999139185100394
combined_overall,0.06620761114485992,1.0,0.9999139185100394
combined_overall,0.06620976532375154,1.0,0.9999139185100394
combined_overall,0.06622053621820971,1.0,0.9999139185100394
combined_overall,0.06630670337387498,1.0,0.9999139185100394
combined_overall,0.06631101173165824,1.0,0.9999139185100394
combined_overall,0.06635409530949088,1.0,0.9999139185100394
combined_overall,0.06635732657782833,1.0,0.9999139185100394
combined_overall,0.06635948075671996,1.0,0.9999139185100394
combined_overall,0.06638425381397373,1.0,0.9999139185100394
combined_overall,0.06638640799286535,1.0,0.9999139185100394
combined_overall,0.06640902687122749,1.0,0.9999139185100394
combined_overall,0.06641118105011913,1.0,0.9999139185100394
combined_overall,0.06643379992848127,1.0,0.9999139185100394
combined_overall,0.0664359541073729,1.0,0.9999139185100394
combined_overall,0.06643810828626452,1.0,0.9999139185100394
combined_overall,0.06644133955460198,1.0,0.9999139185100394
combined_overall,0.06645103335961432,1.0,0.9999139185100394
combined_overall,0.06645318753850595,1.0,0.9999139185100394
combined_overall,0.06647580641686808,1.0,0.9999139185100394
combined_overall,0.06647796059575971,1.0,0.9999139185100394
combined_overall,0.06648011477465135,1.0,0.9999139185100394
combined_overall,0.0664844231324346,1.0,0.9999139185100394
combined_overall,0.06648980857966369,1.0,0.9999139185100394
combined_overall,0.06649411693744696,1.0,0.9999139185100394
combined_overall,0.06656735901976243,1.0,0.9999139185100394
combined_overall,0.06657597573532896,1.0,0.9999139185100394
combined_overall,0.06659428625590784,1.0,0.9999139185100394
combined_overall,0.0666190593131616,1.0,0.9999139185100394
combined_overall,0.06663090729706558,1.0,0.9999139185100394
combined_overall,0.06663521565484884,1.0,0.9999139185100394
combined_overall,0.0666793763221273,1.0,0.9999139185100394
combined_overall,0.06668153050101892,1.0,0.9999139185100394
combined_overall,0.06669876393215197,1.0,0.9999139185100394
combined_overall,0.06670091811104362,1.0,0.9999139185100394
combined_overall,0.06670522646882687,1.0,0.9999139185100394
combined_overall,0.06670738064771851,1.0,0.9999139185100394
combined_overall,0.06671276609494758,1.0,0.9999139185100394
combined_overall,0.06671492027383923,1.0,0.9999139185100394
combined_overall,0.0667267682577432,1.0,0.9999139185100394
combined_overall,0.06672892243663482,1.0,0.9999139185100394
combined_overall,0.06673215370497228,1.0,0.9999139185100394
combined_overall,0.0667343078838639,1.0,0.9999139185100394
combined_overall,0.06674184750998462,1.0,0.9999139185100394
combined_overall,0.06674400168887624,1.0,0.9999139185100394
combined_overall,0.0667472329572137,1.0,0.9999139185100394
combined_overall,0.06674938713610533,1.0,0.9999139185100394
combined_overall,0.0667536954938886,1.0,0.9999139185100394
combined_overall,0.06675800385167185,1.0,0.9999139185100394
combined_overall,0.06676554347779257,1.0,0.9999139185100394
combined_overall,0.06676985183557584,1.0,0.9999139185100394
combined_overall,0.06677846855114236,1.0,0.9999139185100394
combined_overall,0.06678385399837145,1.0,0.9999139185100394
combined_overall,0.06679677907172123,1.0,0.9999139185100394
combined_overall,0.06679893325061287,1.0,0.9999139185100394
combined_overall,0.06680001034005868,1.0,0.9999139185100394
combined_overall,0.06680216451895031,1.0,0.9999139185100394
combined_overall,0.06680324160839612,1.0,0.9999139185100394
combined_overall,0.06680539578728777,1.0,0.9999139185100394
combined_overall,0.06683016884454153,1.0,0.9999139185100394
combined_overall,0.06683232302343316,1.0,0.9999139185100394
combined_overall,0.06684309391789131,1.0,0.9999139185100394
combined_overall,0.06684524809678295,1.0,0.9999139185100394
combined_overall,0.0668484793651204,1.0,0.9999139185100394
combined_overall,0.06685063354401202,1.0,0.9999139185100394
combined_overall,0.06685278772290366,1.0,0.9999139185100394
combined_overall,0.06685494190179529,1.0,0.9999139185100394
combined_overall,0.06687002115403672,1.0,0.9999139185100394
combined_overall,0.06687217533292834,1.0,0.9999139185100394
combined_overall,0.06689910256907375,1.0,0.9999139185100394
combined_overall,0.06690125674796538,1.0,0.9999139185100394
combined_overall,0.06690233383741119,1.0,0.9999139185100394
combined_overall,0.06690664219519446,1.0,0.9999139185100394
combined_overall,0.06693033816300241,1.0,0.9999139185100394
combined_overall,0.0669368006996773,1.0,0.9999139185100394
combined_overall,0.06694757159413546,1.0,0.9999139185100394
combined_overall,0.06695187995191873,1.0,0.9999139185100394
combined_overall,0.06695511122025617,1.0,0.9999139185100394
combined_overall,0.06695941957803944,1.0,0.9999139185100394
combined_overall,0.06696480502526851,1.0,0.9999139185100394
combined_overall,0.06696803629360597,1.0,0.9999139185100394
combined_overall,0.06697880718806412,1.0,0.9999139185100394
combined_overall,0.0669841926352932,1.0,0.9999139185100394
combined_overall,0.06698634681418483,1.0,0.9999139185100394
combined_overall,0.06698957808252229,1.0,0.9999139185100394
combined_overall,0.06700573442420953,1.0,0.9999139185100394
combined_overall,0.06700788860310115,1.0,0.9999139185100394
combined_overall,0.06705635762816288,1.0,0.9999139185100394
combined_overall,0.06705851180705451,1.0,0.9999139185100394
combined_overall,0.06707574523818756,1.0,0.9999139185100394
combined_overall,0.0670854390431999,1.0,0.9999139185100394
combined_overall,0.06708974740098317,1.0,0.9999139185100394
combined_overall,0.0670919015798748,1.0,0.9999139185100394
combined_overall,0.06709513284821225,1.0,0.9999139185100394
combined_overall,0.06709728702710388,1.0,0.9999139185100394
combined_overall,0.0671123662793453,1.0,0.9999139185100394
combined_overall,0.06711452045823693,1.0,0.9999139185100394
combined_overall,0.06717052910941937,1.0,0.9999139185100394
combined_overall,0.067172683288311,1.0,0.9999139185100394
combined_overall,0.0671931479877815,1.0,0.9999139185100394
combined_overall,0.06719530216667313,1.0,0.9999139185100394
combined_overall,0.0672610046228679,1.0,0.9999139185100394
combined_overall,0.06726531298065117,1.0,0.9999139185100394
combined_overall,0.06726962133843443,1.0,0.9999139185100394
combined_overall,0.06727285260677188,1.0,0.9999139185100394
combined_overall,0.06728685476956749,1.0,0.9999139185100394
combined_overall,0.06728900894845911,1.0,0.9999139185100394
combined_overall,0.06730408820070054,1.0,0.9999139185100394
combined_overall,0.06730624237959217,1.0,0.9999139185100394
combined_overall,0.06731916745294196,1.0,0.9999139185100394
combined_overall,0.06732132163183359,1.0,0.9999139185100394
combined_overall,0.06732455290017104,1.0,0.9999139185100394
combined_overall,0.06735255722576225,1.0,0.9999139185100394
combined_overall,0.06735471140465389,1.0,0.9999139185100394
combined_overall,0.06739025535636581,1.0,0.9999139185100394
combined_overall,0.06739240953525745,1.0,0.9999139185100394
combined_overall,0.06739994916137816,1.0,0.9999139185100394
combined_overall,0.06740210334026979,1.0,0.9999139185100394
combined_overall,0.06743333893419845,1.0,0.9999139185100394
combined_overall,0.06743549311309008,1.0,0.9999139185100394
combined_overall,0.06744734109699406,1.0,0.9999139185100394
combined_overall,0.0674505723653315,1.0,0.9999139185100394
combined_overall,0.06749688721150159,1.0,0.9999139185100394
combined_overall,0.06749904139039323,1.0,0.9999139185100394
combined_overall,0.06750981228485138,1.0,0.9999139185100394
combined_overall,0.06751196646374301,1.0,0.9999139185100394
combined_overall,0.0675248915370928,1.0,0.9999139185100394
combined_overall,0.06752812280543026,1.0,0.9999139185100394
combined_overall,0.06754535623656331,1.0,0.9999139185100394
combined_overall,0.06754858750490075,1.0,0.9999139185100394
combined_overall,0.06755181877323821,1.0,0.9999139185100394
combined_overall,0.06755505004157565,1.0,0.9999139185100394
combined_overall,0.06755720422046728,1.0,0.9999139185100394
combined_overall,0.06757982309882941,1.0,0.9999139185100394
combined_overall,0.06758197727772106,1.0,0.9999139185100394
combined_overall,0.06759490235107084,1.0,0.9999139185100394
combined_overall,0.06759705652996248,1.0,0.9999139185100394
combined_overall,0.06760244197719155,1.0,0.9999139185100394
combined_overall,0.06760459615608319,1.0,0.9999139185100394
combined_overall,0.06760998160331226,1.0,0.9999139185100394
combined_overall,0.0676121357822039,1.0,0.9999139185100394
combined_overall,0.06762936921333695,1.0,0.9999139185100394
combined_overall,0.06763152339222858,1.0,0.9999139185100394
combined_overall,0.06764660264447,1.0,0.9999139185100394
combined_overall,0.06764875682336163,1.0,0.9999139185100394
combined_overall,0.06765091100225328,1.0,0.9999139185100394
combined_overall,0.06765414227059072,1.0,0.9999139185100394
combined_overall,0.06765845062837399,1.0,0.9999139185100394
combined_overall,0.0676659902544947,1.0,0.9999139185100394
combined_overall,0.06766814443338633,1.0,0.9999139185100394
combined_overall,0.06772092181623131,1.0,0.9999139185100394
combined_overall,0.06772523017401456,1.0,0.9999139185100394
combined_overall,0.06773276980013528,1.0,0.9999139185100394
combined_overall,0.06773492397902692,1.0,0.9999139185100394
combined_overall,0.06774246360514763,1.0,0.9999139185100394
combined_overall,0.06774461778403926,1.0,0.9999139185100394
combined_overall,0.0677478490523767,1.0,0.9999139185100394
combined_overall,0.06775215741015997,1.0,0.9999139185100394
combined_overall,0.06777585337796792,1.0,0.9999139185100394
combined_overall,0.06777800755685955,1.0,0.9999139185100394
combined_overall,0.06778016173575119,1.0,0.9999139185100394
combined_overall,0.06779093263020934,1.0,0.9999139185100394
combined_overall,0.06779308680910097,1.0,0.9999139185100394
combined_overall,0.06781032024023403,1.0,0.9999139185100394
combined_overall,0.06781247441912566,1.0,0.9999139185100394
combined_overall,0.0678157056874631,1.0,0.9999139185100394
combined_overall,0.06781785986635475,1.0,0.9999139185100394
combined_overall,0.06782539949247546,1.0,0.9999139185100394
combined_overall,0.06783293911859617,1.0,0.9999139185100394
combined_overall,0.06784047874471688,1.0,0.9999139185100394
combined_overall,0.06784263292360851,1.0,0.9999139185100394
combined_overall,0.06786309762307902,1.0,0.9999139185100394
combined_overall,0.06786525180197064,1.0,0.9999139185100394
combined_overall,0.06787817687532044,1.0,0.9999139185100394
combined_overall,0.06788033105421207,1.0,0.9999139185100394
combined_overall,0.0678824852331037,1.0,0.9999139185100394
combined_overall,0.06788463941199532,1.0,0.9999139185100394
combined_overall,0.06789002485922441,1.0,0.9999139185100394
combined_overall,0.06790187284312839,1.0,0.9999139185100394
combined_overall,0.06790402702202002,1.0,0.9999139185100394
combined_overall,0.06791156664814073,1.0,0.9999139185100394
combined_overall,0.06791372082703236,1.0,0.9999139185100394
combined_overall,0.06792233754259888,1.0,0.9999139185100394
combined_overall,0.06792664590038215,1.0,0.9999139185100394
combined_overall,0.06795465022597337,1.0,0.9999139185100394
combined_overall,0.06796111276264827,1.0,0.9999139185100394
combined_overall,0.067997733803806,1.0,0.9999139185100394
combined_overall,0.06799988798269764,1.0,0.9999139185100394
combined_overall,0.06800096507214345,1.0,0.9999139185100394
combined_overall,0.06800311925103508,1.0,0.9999139185100394
combined_overall,0.06801604432438488,1.0,0.9999139185100394
combined_overall,0.0680181985032765,1.0,0.9999139185100394
combined_overall,0.06803543193440956,1.0,0.9999139185100394
combined_overall,0.0680375861133012,1.0,0.9999139185100394
combined_overall,0.06807636133335057,1.0,0.9999139185100394
combined_overall,0.06808066969113383,1.0,0.9999139185100394
combined_overall,0.06808282387002547,1.0,0.9999139185100394
combined_overall,0.06809467185392944,1.0,0.9999139185100394
combined_overall,0.0680989802117127,1.0,0.9999139185100394
combined_overall,0.06811729073229157,1.0,0.9999139185100394
combined_overall,0.0681194449111832,1.0,0.9999139185100394
combined_overall,0.06812159909007484,1.0,0.9999139185100394
combined_overall,0.06812375326896647,1.0,0.9999139185100394
combined_overall,0.06813667834231626,1.0,0.9999139185100394
combined_overall,0.06813883252120789,1.0,0.9999139185100394
combined_overall,0.06814744923677442,1.0,0.9999139185100394
combined_overall,0.06815175759455769,1.0,0.9999139185100394
combined_overall,0.06816037431012421,1.0,0.9999139185100394
combined_overall,0.06816252848901584,1.0,0.9999139185100394
combined_overall,0.06816360557846166,1.0,0.9999139185100394
combined_overall,0.06816575975735328,1.0,0.9999139185100394
combined_overall,0.06819807244072777,1.0,0.9999139185100394
combined_overall,0.0682002266196194,1.0,0.9999139185100394
combined_overall,0.06820776624574011,1.0,0.9999139185100394
combined_overall,0.06821207460352338,1.0,0.9999139185100394
combined_overall,0.06823253930299387,1.0,0.9999139185100394
combined_overall,0.06823577057133133,1.0,0.9999139185100394
combined_overall,0.06823900183966877,1.0,0.9999139185100394
combined_overall,0.0682411560185604,1.0,0.9999139185100394
combined_overall,0.06825623527080182,1.0,0.9999139185100394
combined_overall,0.06825838944969347,1.0,0.9999139185100394
combined_overall,0.06827239161248906,1.0,0.9999139185100394
combined_overall,0.06827669997027233,1.0,0.9999139185100394
combined_overall,0.0683219377269966,1.0,0.9999139185100394
combined_overall,0.06832409190588823,1.0,0.9999139185100394
combined_overall,0.06836825257316669,1.0,0.9999139185100394
combined_overall,0.06837256093094995,1.0,0.9999139185100394
combined_overall,0.0683822547359623,1.0,0.9999139185100394
combined_overall,0.06838440891485392,1.0,0.9999139185100394
combined_overall,0.06840056525654116,1.0,0.9999139185100394
combined_overall,0.0684027194354328,1.0,0.9999139185100394
combined_overall,0.06842210704545748,1.0,0.9999139185100394
combined_overall,0.06842426122434911,1.0,0.9999139185100394
combined_overall,0.06844149465548217,1.0,0.9999139185100394
combined_overall,0.0684436488343738,1.0,0.9999139185100394
combined_overall,0.06844795719215707,1.0,0.9999139185100394
combined_overall,0.06847165315996502,1.0,0.9999139185100394
combined_overall,0.06847380733885665,1.0,0.9999139185100394
combined_overall,0.0684975033066646,1.0,0.9999139185100394
combined_overall,0.06849965748555623,1.0,0.9999139185100394
combined_overall,0.06850504293278531,1.0,0.9999139185100394
combined_overall,0.06850719711167694,1.0,0.9999139185100394
combined_overall,0.06852443054281,1.0,0.9999139185100394
combined_overall,0.06852658472170163,1.0,0.9999139185100394
combined_overall,0.06855351195784702,1.0,0.9999139185100394
combined_overall,0.06855566613673866,1.0,0.9999139185100394
combined_overall,0.06856859121008844,1.0,0.9999139185100394
combined_overall,0.06857074538898009,1.0,0.9999139185100394
combined_overall,0.0685847475517757,1.0,0.9999139185100394
combined_overall,0.06858690173066732,1.0,0.9999139185100394
combined_overall,0.06859982680401712,1.0,0.9999139185100394
combined_overall,0.06860198098290875,1.0,0.9999139185100394
combined_overall,0.06861706023515017,1.0,0.9999139185100394
combined_overall,0.0686192144140418,1.0,0.9999139185100394
combined_overall,0.06862244568237924,1.0,0.9999139185100394
combined_overall,0.0686256769507167,1.0,0.9999139185100394
combined_overall,0.0686730688863326,1.0,0.9999139185100394
combined_overall,0.06867522306522422,1.0,0.9999139185100394
combined_overall,0.06872369209028595,1.0,0.9999139185100394
combined_overall,0.06872584626917758,1.0,0.9999139185100394
combined_overall,0.06872907753751503,1.0,0.9999139185100394
combined_overall,0.06873123171640666,1.0,0.9999139185100394
combined_overall,0.06875169641587715,1.0,0.9999139185100394
combined_overall,0.0687538505947688,1.0,0.9999139185100394
combined_overall,0.06877754656257674,1.0,0.9999139185100394
combined_overall,0.06878400909925164,1.0,0.9999139185100394
combined_overall,0.06879262581481817,1.0,0.9999139185100394
combined_overall,0.06881955305096356,1.0,0.9999139185100394
combined_overall,0.06882386140874683,1.0,0.9999139185100394
combined_overall,0.06882493849819264,1.0,0.9999139185100394
combined_overall,0.06882709267708427,1.0,0.9999139185100394
combined_overall,0.06883032394542173,1.0,0.9999139185100394
combined_overall,0.06883247812431335,1.0,0.9999139185100394
combined_overall,0.06883463230320498,1.0,0.9999139185100394
combined_overall,0.06883678648209662,1.0,0.9999139185100394
combined_overall,0.06885078864489223,1.0,0.9999139185100394
combined_overall,0.06886048244990457,1.0,0.9999139185100394
combined_overall,0.06891541401164118,1.0,0.9999139185100394
combined_overall,0.06891756819053281,1.0,0.9999139185100394
combined_overall,0.0689369558005575,1.0,0.9999139185100394
combined_overall,0.06894126415834076,1.0,0.9999139185100394
combined_overall,0.06894449542667822,1.0,0.9999139185100394
combined_overall,0.06894664960556984,1.0,0.9999139185100394
combined_overall,0.06896496012614872,1.0,0.9999139185100394
combined_overall,0.06896711430504035,1.0,0.9999139185100394
combined_overall,0.06897249975226943,1.0,0.9999139185100394
combined_overall,0.06897465393116106,1.0,0.9999139185100394
combined_overall,0.0689972728095232,1.0,0.9999139185100394
combined_overall,0.06899942698841482,1.0,0.9999139185100394
combined_overall,0.06901773750899369,1.0,0.9999139185100394
combined_overall,0.06901989168788533,1.0,0.9999139185100394
combined_overall,0.06902420004566859,1.0,0.9999139185100394
combined_overall,0.06902635422456023,1.0,0.9999139185100394
combined_overall,0.06906728362350123,1.0,0.9999139185100394
combined_overall,0.06906943780239286,1.0,0.9999139185100394
combined_overall,0.06911359846967131,1.0,0.9999139185100394
combined_overall,0.06911790682745458,1.0,0.9999139185100394
combined_overall,0.06912006100634621,1.0,0.9999139185100394
combined_overall,0.06912221518523784,1.0,0.9999139185100394
combined_overall,0.06913083190080437,1.0,0.9999139185100394
combined_overall,0.06913298607969601,1.0,0.9999139185100394
combined_overall,0.06913621734803345,1.0,0.9999139185100394
combined_overall,0.06913837152692508,1.0,0.9999139185100394
combined_overall,0.06913944861637089,1.0,0.9999139185100394
combined_overall,0.06914160279526253,1.0,0.9999139185100394
combined_overall,0.0691534507791665,1.0,0.9999139185100394
combined_overall,0.06915668204750396,1.0,0.9999139185100394
combined_overall,0.06915883622639558,1.0,0.9999139185100394
combined_overall,0.06916099040528721,1.0,0.9999139185100394
combined_overall,0.06916853003140792,1.0,0.9999139185100394
combined_overall,0.06917714674697445,1.0,0.9999139185100394
combined_overall,0.06920191980422823,1.0,0.9999139185100394
combined_overall,0.06920407398311985,1.0,0.9999139185100394
combined_overall,0.0692471575609525,1.0,0.9999139185100394
combined_overall,0.06925792845541065,1.0,0.9999139185100394
combined_overall,0.06926331390263973,1.0,0.9999139185100394
combined_overall,0.06932578509049706,1.0,0.9999139185100394
combined_overall,0.06932793926938868,1.0,0.9999139185100394
combined_overall,0.06936779157888388,1.0,0.9999139185100394
combined_overall,0.06936994575777551,1.0,0.9999139185100394
combined_overall,0.06939148754669183,1.0,0.9999139185100394
combined_overall,0.06939364172558346,1.0,0.9999139185100394
combined_overall,0.06940764388837907,1.0,0.9999139185100394
combined_overall,0.0694097980672707,1.0,0.9999139185100394
combined_overall,0.06943780239286192,1.0,0.9999139185100394
combined_overall,0.06943995657175354,1.0,0.9999139185100394
combined_overall,0.06944103366119936,1.0,0.9999139185100394
combined_overall,0.06944749619787426,1.0,0.9999139185100394
combined_overall,0.0694711921656822,1.0,0.9999139185100394
combined_overall,0.06947334634457383,1.0,0.9999139185100394
combined_overall,0.0694776547023571,1.0,0.9999139185100394
combined_overall,0.06947980888124873,1.0,0.9999139185100394
combined_overall,0.06951104447517739,1.0,0.9999139185100394
combined_overall,0.06951319865406903,1.0,0.9999139185100394
combined_overall,0.06956382185802237,1.0,0.9999139185100394
combined_overall,0.06956597603691402,1.0,0.9999139185100394
combined_overall,0.06957674693137217,1.0,0.9999139185100394
combined_overall,0.06958105528915544,1.0,0.9999139185100394
combined_overall,0.06958751782583032,1.0,0.9999139185100394
combined_overall,0.06958967200472196,1.0,0.9999139185100394
combined_overall,0.0696122908830841,1.0,0.9999139185100394
combined_overall,0.06961444506197573,1.0,0.9999139185100394
combined_overall,0.06962629304587971,1.0,0.9999139185100394
combined_overall,0.06962844722477134,1.0,0.9999139185100394
combined_overall,0.06967907042872468,1.0,0.9999139185100394
combined_overall,0.06968230169706213,1.0,0.9999139185100394
combined_overall,0.06970599766487008,1.0,0.9999139185100394
combined_overall,0.06970922893320752,1.0,0.9999139185100394
combined_overall,0.06972323109600313,1.0,0.9999139185100394
combined_overall,0.06972538527489477,1.0,0.9999139185100394
combined_overall,0.06975338960048598,1.0,0.9999139185100394
combined_overall,0.06981370660945167,1.0,0.9999139185100394
combined_overall,0.06981801496723494,1.0,0.9999139185100394
combined_overall,0.06982016914612657,1.0,0.9999139185100394
combined_overall,0.06986756108174247,1.0,0.9999139185100394
combined_overall,0.06986971526063411,1.0,0.9999139185100394
combined_overall,0.06987725488675482,1.0,0.9999139185100394
combined_overall,0.06988156324453808,1.0,0.9999139185100394
combined_overall,0.06989125704955042,1.0,0.9999139185100394
combined_overall,0.06989341122844206,1.0,0.9999139185100394
combined_overall,0.06990095085456277,1.0,0.9999139185100394
combined_overall,0.0699031050334544,1.0,0.9999139185100394
combined_overall,0.06991818428569582,1.0,0.9999139185100394
combined_overall,0.06992033846458745,1.0,0.9999139185100394
combined_overall,0.06993218644849143,1.0,0.9999139185100394
combined_overall,0.06993434062738306,1.0,0.9999139185100394
combined_overall,0.06993972607461214,1.0,0.9999139185100394
combined_overall,0.06994188025350377,1.0,0.9999139185100394
combined_overall,0.06995157405851611,1.0,0.9999139185100394
combined_overall,0.06995372823740775,1.0,0.9999139185100394
combined_overall,0.06998711801022804,1.0,0.9999139185100394
combined_overall,0.07000327435191528,1.0,0.9999139185100394
combined_overall,0.07000758270969855,1.0,0.9999139185100394
combined_overall,0.0700118910674818,1.0,0.9999139185100394
combined_overall,0.07001404524637345,1.0,0.9999139185100394
combined_overall,0.07001619942526507,1.0,0.9999139185100394
combined_overall,0.07005820591365189,1.0,0.9999139185100394
combined_overall,0.07006036009254353,1.0,0.9999139185100394
combined_overall,0.07010990620705106,1.0,0.9999139185100394
combined_overall,0.07011206038594268,1.0,0.9999139185100394
combined_overall,0.0701465272482088,1.0,0.9999139185100394
combined_overall,0.07015083560599207,1.0,0.9999139185100394
combined_overall,0.07016052941100441,1.0,0.9999139185100394
combined_overall,0.07016268358989604,1.0,0.9999139185100394
combined_overall,0.07018422537881236,1.0,0.9999139185100394
combined_overall,0.0701874566471498,1.0,0.9999139185100394
combined_overall,0.07019284209437888,1.0,0.9999139185100394
combined_overall,0.07019715045216215,1.0,0.9999139185100394
combined_overall,0.07020792134662031,1.0,0.9999139185100394
combined_overall,0.07021115261495775,1.0,0.9999139185100394
combined_overall,0.07021330679384939,1.0,0.9999139185100394
combined_overall,0.07021546097274102,1.0,0.9999139185100394
combined_overall,0.07021653806218683,1.0,0.9999139185100394
combined_overall,0.07021869224107846,1.0,0.9999139185100394
combined_overall,0.070227308956645,1.0,0.9999139185100394
combined_overall,0.07022946313553663,1.0,0.9999139185100394
combined_overall,0.07023161731442826,1.0,0.9999139185100394
combined_overall,0.07023377149331989,1.0,0.9999139185100394
combined_overall,0.0702477736561155,1.0,0.9999139185100394
combined_overall,0.07024992783500714,1.0,0.9999139185100394
combined_overall,0.07028008633948998,1.0,0.9999139185100394
combined_overall,0.07028439469727324,1.0,0.9999139185100394
combined_overall,0.07030485939674375,1.0,0.9999139185100394
combined_overall,0.07030701357563537,1.0,0.9999139185100394
combined_overall,0.07030809066508119,1.0,0.9999139185100394
combined_overall,0.07031024484397282,1.0,0.9999139185100394
combined_overall,0.07032424700676843,1.0,0.9999139185100394
combined_overall,0.07033394081178078,1.0,0.9999139185100394
combined_overall,0.07033609499067241,1.0,0.9999139185100394
combined_overall,0.07033824916956403,1.0,0.9999139185100394
combined_overall,0.07035655969014291,1.0,0.9999139185100394
combined_overall,0.07035871386903454,1.0,0.9999139185100394
combined_overall,0.07036517640570944,1.0,0.9999139185100394
combined_overall,0.07036733058460107,1.0,0.9999139185100394
combined_overall,0.0703834869262883,1.0,0.9999139185100394
combined_overall,0.07038564110517993,1.0,0.9999139185100394
combined_overall,0.0703899494629632,1.0,0.9999139185100394
combined_overall,0.07039210364185483,1.0,0.9999139185100394
combined_overall,0.07044488102469981,1.0,0.9999139185100394
combined_overall,0.07045565191915798,1.0,0.9999139185100394
combined_overall,0.07045888318749542,1.0,0.9999139185100394
combined_overall,0.07046534572417032,1.0,0.9999139185100394
combined_overall,0.07046749990306195,1.0,0.9999139185100394
combined_overall,0.07047180826084522,1.0,0.9999139185100394
combined_overall,0.07047396243973685,1.0,0.9999139185100394
combined_overall,0.07048365624474918,1.0,0.9999139185100394
combined_overall,0.0704911958708699,1.0,0.9999139185100394
combined_overall,0.07050842930200296,1.0,0.9999139185100394
combined_overall,0.07051058348089459,1.0,0.9999139185100394
combined_overall,0.07051704601756949,1.0,0.9999139185100394
combined_overall,0.07052350855424439,1.0,0.9999139185100394
combined_overall,0.07055151287983559,1.0,0.9999139185100394
combined_overall,0.07055582123761886,1.0,0.9999139185100394
combined_overall,0.07055689832706467,1.0,0.9999139185100394
combined_overall,0.07056012959540212,1.0,0.9999139185100394
combined_overall,0.07057520884764354,1.0,0.9999139185100394
combined_overall,0.07057951720542681,1.0,0.9999139185100394
combined_overall,0.07059351936822242,1.0,0.9999139185100394
combined_overall,0.07059567354711405,1.0,0.9999139185100394
combined_overall,0.07061829242547618,1.0,0.9999139185100394
combined_overall,0.07062044660436781,1.0,0.9999139185100394
combined_overall,0.07062260078325945,1.0,0.9999139185100394
combined_overall,0.07062583205159689,1.0,0.9999139185100394
combined_overall,0.0706269091410427,1.0,0.9999139185100394
combined_overall,0.07062906331993433,1.0,0.9999139185100394
combined_overall,0.0706462967510674,1.0,0.9999139185100394
combined_overall,0.07064845092995903,1.0,0.9999139185100394
combined_overall,0.07065491346663393,1.0,0.9999139185100394
combined_overall,0.07065706764552555,1.0,0.9999139185100394
combined_overall,0.07066460727164627,1.0,0.9999139185100394
combined_overall,0.07066891562942954,1.0,0.9999139185100394
combined_overall,0.07067106980832116,1.0,0.9999139185100394
combined_overall,0.07067322398721279,1.0,0.9999139185100394
combined_overall,0.07069261159723748,1.0,0.9999139185100394
combined_overall,0.07069476577612911,1.0,0.9999139185100394
combined_overall,0.07069691995502074,1.0,0.9999139185100394
combined_overall,0.0707066137600331,1.0,0.9999139185100394
combined_overall,0.07070876793892472,1.0,0.9999139185100394
combined_overall,0.07071092211781635,1.0,0.9999139185100394
combined_overall,0.07071307629670798,1.0,0.9999139185100394
combined_overall,0.07071738465449125,1.0,0.9999139185100394
combined_overall,0.07072384719116614,1.0,0.9999139185100394
combined_overall,0.07072600137005777,1.0,0.9999139185100394
combined_overall,0.07073138681728686,1.0,0.9999139185100394
combined_overall,0.07073354099617848,1.0,0.9999139185100394
combined_overall,0.0707346180856243,1.0,0.9999139185100394
combined_overall,0.07073677226451594,1.0,0.9999139185100394
combined_overall,0.07074969733786572,1.0,0.9999139185100394
combined_overall,0.07075185151675736,1.0,0.9999139185100394
combined_overall,0.07077016203733623,1.0,0.9999139185100394
combined_overall,0.0707744703951195,1.0,0.9999139185100394
combined_overall,0.07078201002124021,1.0,0.9999139185100394
combined_overall,0.07078416420013184,1.0,0.9999139185100394
combined_overall,0.07079708927348163,1.0,0.9999139185100394
combined_overall,0.07084017285131426,1.0,0.9999139185100394
combined_overall,0.07084124994076008,1.0,0.9999139185100394
combined_overall,0.07084340411965172,1.0,0.9999139185100394
combined_overall,0.07086710008745967,1.0,0.9999139185100394
combined_overall,0.0708692542663513,1.0,0.9999139185100394
combined_overall,0.07089510441305087,1.0,0.9999139185100394
combined_overall,0.07089941277083414,1.0,0.9999139185100394
combined_overall,0.07090156694972577,1.0,0.9999139185100394
combined_overall,0.07090372112861741,1.0,0.9999139185100394
combined_overall,0.07090910657584648,1.0,0.9999139185100394
combined_overall,0.07091341493362975,1.0,0.9999139185100394
combined_overall,0.07092526291753372,1.0,0.9999139185100394
combined_overall,0.07092849418587117,1.0,0.9999139185100394
combined_overall,0.07093818799088351,1.0,0.9999139185100394
combined_overall,0.07094141925922096,1.0,0.9999139185100394
combined_overall,0.07094895888534167,1.0,0.9999139185100394
combined_overall,0.07095111306423331,1.0,0.9999139185100394
combined_overall,0.07095219015367912,1.0,0.9999139185100394
combined_overall,0.07095434433257075,1.0,0.9999139185100394
combined_overall,0.07096188395869146,1.0,0.9999139185100394
combined_overall,0.07096619231647473,1.0,0.9999139185100394
combined_overall,0.07100281335763248,1.0,0.9999139185100394
combined_overall,0.0710049675365241,1.0,0.9999139185100394
combined_overall,0.07100927589430736,1.0,0.9999139185100394
combined_overall,0.07101681552042807,1.0,0.9999139185100394
combined_overall,0.07101896969931971,1.0,0.9999139185100394
combined_overall,0.07102004678876553,1.0,0.9999139185100394
combined_overall,0.07102220096765716,1.0,0.9999139185100394
combined_overall,0.07102327805710297,1.0,0.9999139185100394
combined_overall,0.07102758641488624,1.0,0.9999139185100394
combined_overall,0.07103081768322368,1.0,0.9999139185100394
combined_overall,0.07103404895156114,1.0,0.9999139185100394
combined_overall,0.07106743872438143,1.0,0.9999139185100394
combined_overall,0.07106959290327305,1.0,0.9999139185100394
combined_overall,0.071093288871081,1.0,0.9999139185100394
combined_overall,0.07109544304997265,1.0,0.9999139185100394
combined_overall,0.07111159939165988,1.0,0.9999139185100394
combined_overall,0.07111590774944314,1.0,0.9999139185100394
combined_overall,0.07114498916448017,1.0,0.9999139185100394
combined_overall,0.07114714334337181,1.0,0.9999139185100394
combined_overall,0.07115252879060088,1.0,0.9999139185100394
combined_overall,0.07116114550616741,1.0,0.9999139185100394
combined_overall,0.07116437677450486,1.0,0.9999139185100394
combined_overall,0.07117083931117976,1.0,0.9999139185100394
combined_overall,0.07117299349007139,1.0,0.9999139185100394
combined_overall,0.07120961453122913,1.0,0.9999139185100394
combined_overall,0.07121176871012076,1.0,0.9999139185100394
combined_overall,0.07122253960457892,1.0,0.9999139185100394
combined_overall,0.07122469378347056,1.0,0.9999139185100394
combined_overall,0.07123546467792871,1.0,0.9999139185100394
combined_overall,0.07123977303571198,1.0,0.9999139185100394
combined_overall,0.07124946684072432,1.0,0.9999139185100394
combined_overall,0.07125162101961595,1.0,0.9999139185100394
combined_overall,0.07128285661354461,1.0,0.9999139185100394
combined_overall,0.07128501079243625,1.0,0.9999139185100394
combined_overall,0.07129147332911115,1.0,0.9999139185100394
combined_overall,0.07129362750800278,1.0,0.9999139185100394
combined_overall,0.07129901295523186,1.0,0.9999139185100394
combined_overall,0.07130116713412349,1.0,0.9999139185100394
combined_overall,0.0713431736225103,1.0,0.9999139185100394
combined_overall,0.0713496361591852,1.0,0.9999139185100394
combined_overall,0.0713765633953306,1.0,0.9999139185100394
combined_overall,0.07137871757422223,1.0,0.9999139185100394
combined_overall,0.07141856988371742,1.0,0.9999139185100394
combined_overall,0.07142287824150069,1.0,0.9999139185100394
combined_overall,0.0714304178676214,1.0,0.9999139185100394
combined_overall,0.07143257204651303,1.0,0.9999139185100394
combined_overall,0.07143472622540466,1.0,0.9999139185100394
combined_overall,0.0714368804042963,1.0,0.9999139185100394
combined_overall,0.07149396614492454,1.0,0.9999139185100394
combined_overall,0.0714982745027078,1.0,0.9999139185100394
combined_overall,0.07150581412882852,1.0,0.9999139185100394
combined_overall,0.07150796830772015,1.0,0.9999139185100394
combined_overall,0.07151443084439504,1.0,0.9999139185100394
combined_overall,0.07151658502328667,1.0,0.9999139185100394
combined_overall,0.0715187392021783,1.0,0.9999139185100394
combined_overall,0.07152089338106994,1.0,0.9999139185100394
combined_overall,0.07153489554386555,1.0,0.9999139185100394
combined_overall,0.07153704972275718,1.0,0.9999139185100394
combined_overall,0.07153812681220299,1.0,0.9999139185100394
combined_overall,0.07154028099109462,1.0,0.9999139185100394
combined_overall,0.0715585915116735,1.0,0.9999139185100394
combined_overall,0.07156720822724003,1.0,0.9999139185100394
combined_overall,0.07156828531668584,1.0,0.9999139185100394
combined_overall,0.07157043949557747,1.0,0.9999139185100394
combined_overall,0.07161783143119337,1.0,0.9999139185100394
combined_overall,0.07161998561008501,1.0,0.9999139185100394
combined_overall,0.07162752523620572,1.0,0.9999139185100394
combined_overall,0.07162967941509735,1.0,0.9999139185100394
combined_overall,0.07163506486232643,1.0,0.9999139185100394
combined_overall,0.07163721904121806,1.0,0.9999139185100394
combined_overall,0.07164798993567621,1.0,0.9999139185100394
combined_overall,0.07165014411456785,1.0,0.9999139185100394
combined_overall,0.07166630045625509,1.0,0.9999139185100394
combined_overall,0.07166845463514672,1.0,0.9999139185100394
combined_overall,0.07168891933461723,1.0,0.9999139185100394
combined_overall,0.07169107351350885,1.0,0.9999139185100394
combined_overall,0.07169215060295467,1.0,0.9999139185100394
combined_overall,0.07169645896073794,1.0,0.9999139185100394
combined_overall,0.07170615276575028,1.0,0.9999139185100394
combined_overall,0.0717083069446419,1.0,0.9999139185100394
combined_overall,0.07171261530242518,1.0,0.9999139185100394
combined_overall,0.0717147694813168,1.0,0.9999139185100394
combined_overall,0.07172877164411241,1.0,0.9999139185100394
combined_overall,0.07173092582300404,1.0,0.9999139185100394
combined_overall,0.07175569888025782,1.0,0.9999139185100394
combined_overall,0.07175785305914945,1.0,0.9999139185100394
combined_overall,0.07176108432748689,1.0,0.9999139185100394
combined_overall,0.07176323850637853,1.0,0.9999139185100394
combined_overall,0.07180093663698209,1.0,0.9999139185100394
combined_overall,0.07180416790531953,1.0,0.9999139185100394
combined_overall,0.07180524499476534,1.0,0.9999139185100394
combined_overall,0.07180739917365697,1.0,0.9999139185100394
combined_overall,0.07184832857259799,1.0,0.9999139185100394
combined_overall,0.07190864558156368,1.0,0.9999139185100394
combined_overall,0.07193880408604653,1.0,0.9999139185100394
combined_overall,0.07194095826493815,1.0,0.9999139185100394
combined_overall,0.07194957498050468,1.0,0.9999139185100394
combined_overall,0.07195280624884214,1.0,0.9999139185100394
combined_overall,0.07195388333828795,1.0,0.9999139185100394
combined_overall,0.07195603751717958,1.0,0.9999139185100394
combined_overall,0.0719775793060959,1.0,0.9999139185100394
combined_overall,0.07198188766387915,1.0,0.9999139185100394
combined_overall,0.07199373564778314,1.0,0.9999139185100394
combined_overall,0.07200019818445803,1.0,0.9999139185100394
combined_overall,0.07200773781057875,1.0,0.9999139185100394
combined_overall,0.072012046168362,1.0,0.9999139185100394
combined_overall,0.07201420034725364,1.0,0.9999139185100394
combined_overall,0.07203574213616995,1.0,0.9999139185100394
combined_overall,0.07203789631506159,1.0,0.9999139185100394
combined_overall,0.07205943810397791,1.0,0.9999139185100394
combined_overall,0.07206266937231535,1.0,0.9999139185100394
combined_overall,0.07206482355120698,1.0,0.9999139185100394
combined_overall,0.07206697773009862,1.0,0.9999139185100394
combined_overall,0.07207344026677351,1.0,0.9999139185100394
combined_overall,0.07207774862455678,1.0,0.9999139185100394
combined_overall,0.0720799028034484,1.0,0.9999139185100394
combined_overall,0.07213052600740176,1.0,0.9999139185100394
combined_overall,0.07213268018629339,1.0,0.9999139185100394
combined_overall,0.07215853033299298,1.0,0.9999139185100394
combined_overall,0.0721606845118846,1.0,0.9999139185100394
combined_overall,0.07218007212190929,1.0,0.9999139185100394
combined_overall,0.07218330339024674,1.0,0.9999139185100394
combined_overall,0.07220592226860888,1.0,0.9999139185100394
combined_overall,0.0722080764475005,1.0,0.9999139185100394
combined_overall,0.07222423278918774,1.0,0.9999139185100394
combined_overall,0.07222854114697101,1.0,0.9999139185100394
combined_overall,0.07223392659420008,1.0,0.9999139185100394
combined_overall,0.07223608077309172,1.0,0.9999139185100394
combined_overall,0.07225977674089967,1.0,0.9999139185100394
combined_overall,0.07226623927757457,1.0,0.9999139185100394
combined_overall,0.07228454979815344,1.0,0.9999139185100394
combined_overall,0.07228670397704506,1.0,0.9999139185100394
combined_overall,0.07230178322928649,1.0,0.9999139185100394
combined_overall,0.07230393740817813,1.0,0.9999139185100394
combined_overall,0.07235671479102311,1.0,0.9999139185100394
combined_overall,0.07236210023825218,1.0,0.9999139185100394
combined_overall,0.07236533150658964,1.0,0.9999139185100394
combined_overall,0.07237825657993942,1.0,0.9999139185100394
combined_overall,0.07238256493772269,1.0,0.9999139185100394
combined_overall,0.07240518381608482,1.0,0.9999139185100394
combined_overall,0.07241272344220553,1.0,0.9999139185100394
combined_overall,0.0724310339627844,1.0,0.9999139185100394
combined_overall,0.0724374964994593,1.0,0.9999139185100394
combined_overall,0.07244288194668838,1.0,0.9999139185100394
combined_overall,0.07244503612558001,1.0,0.9999139185100394
combined_overall,0.07244611321502582,1.0,0.9999139185100394
combined_overall,0.07245042157280909,1.0,0.9999139185100394
combined_overall,0.07246873209338796,1.0,0.9999139185100394
combined_overall,0.0724708862722796,1.0,0.9999139185100394
combined_overall,0.07251396985011223,1.0,0.9999139185100394
combined_overall,0.07251612402900387,1.0,0.9999139185100394
combined_overall,0.0725182782078955,1.0,0.9999139185100394
combined_overall,0.07252689492346202,1.0,0.9999139185100394
combined_overall,0.07253443454958274,1.0,0.9999139185100394
combined_overall,0.07254089708625763,1.0,0.9999139185100394
combined_overall,0.07254305126514926,1.0,0.9999139185100394
combined_overall,0.07254520544404089,1.0,0.9999139185100394
combined_overall,0.07256136178572814,1.0,0.9999139185100394
combined_overall,0.07256351596461977,1.0,0.9999139185100394
combined_overall,0.07260013700577751,1.0,0.9999139185100394
combined_overall,0.07260229118466914,1.0,0.9999139185100394
combined_overall,0.07264752894139341,1.0,0.9999139185100394
combined_overall,0.07265183729917667,1.0,0.9999139185100394
combined_overall,0.07265399147806831,1.0,0.9999139185100394
combined_overall,0.07265829983585156,1.0,0.9999139185100394
combined_overall,0.07267984162476789,1.0,0.9999139185100394
combined_overall,0.07268199580365951,1.0,0.9999139185100394
combined_overall,0.07271107721869655,1.0,0.9999139185100394
combined_overall,0.07271323139758819,1.0,0.9999139185100394
combined_overall,0.07273154191816705,1.0,0.9999139185100394
combined_overall,0.07273369609705868,1.0,0.9999139185100394
combined_overall,0.07275631497542082,1.0,0.9999139185100394
combined_overall,0.07275846915431244,1.0,0.9999139185100394
combined_overall,0.07276062333320409,1.0,0.9999139185100394
combined_overall,0.07276277751209571,1.0,0.9999139185100394
combined_overall,0.07277031713821643,1.0,0.9999139185100394
combined_overall,0.07277247131710805,1.0,0.9999139185100394
combined_overall,0.07283063414718212,1.0,0.9999139185100394
combined_overall,0.07283278832607375,1.0,0.9999139185100394
combined_overall,0.07283817377330283,1.0,0.9999139185100394
combined_overall,0.07284032795219446,1.0,0.9999139185100394
combined_overall,0.07286402392000241,1.0,0.9999139185100394
combined_overall,0.07287264063556895,1.0,0.9999139185100394
combined_overall,0.07287802608279802,1.0,0.9999139185100394
combined_overall,0.07288018026168964,1.0,0.9999139185100394
combined_overall,0.07288664279836454,1.0,0.9999139185100394
combined_overall,0.07289202824559363,1.0,0.9999139185100394
combined_overall,0.07289418242448525,1.0,0.9999139185100394
combined_overall,0.0728963366033769,1.0,0.9999139185100394
combined_overall,0.07290064496116015,1.0,0.9999139185100394
combined_overall,0.07290495331894342,1.0,0.9999139185100394
combined_overall,0.07292003257118485,1.0,0.9999139185100394
combined_overall,0.07292218675007647,1.0,0.9999139185100394
combined_overall,0.07293188055508881,1.0,0.9999139185100394
combined_overall,0.07293618891287208,1.0,0.9999139185100394
combined_overall,0.0729577307017884,1.0,0.9999139185100394
combined_overall,0.0729641932384633,1.0,0.9999139185100394
combined_overall,0.07297496413292145,1.0,0.9999139185100394
combined_overall,0.07297711831181308,1.0,0.9999139185100394
combined_overall,0.07298142666959635,1.0,0.9999139185100394
combined_overall,0.07298358084848798,1.0,0.9999139185100394
combined_overall,0.07298788920627125,1.0,0.9999139185100394
combined_overall,0.07299004338516288,1.0,0.9999139185100394
combined_overall,0.07299112047460869,1.0,0.9999139185100394
combined_overall,0.07299542883239196,1.0,0.9999139185100394
combined_overall,0.0729986601007294,1.0,0.9999139185100394
combined_overall,0.07300619972685012,1.0,0.9999139185100394
combined_overall,0.07307190218304489,1.0,0.9999139185100394
combined_overall,0.07307513345138233,1.0,0.9999139185100394
combined_overall,0.07309021270362376,1.0,0.9999139185100394
combined_overall,0.07309236688251539,1.0,0.9999139185100394
combined_overall,0.07310852322420264,1.0,0.9999139185100394
combined_overall,0.07311067740309427,1.0,0.9999139185100394
combined_overall,0.07311606285032335,1.0,0.9999139185100394
combined_overall,0.07311821702921498,1.0,0.9999139185100394
combined_overall,0.07314083590757711,1.0,0.9999139185100394
combined_overall,0.07314514426536037,1.0,0.9999139185100394
combined_overall,0.07315268389148108,1.0,0.9999139185100394
combined_overall,0.07315483807037272,1.0,0.9999139185100394
combined_overall,0.07317637985928903,1.0,0.9999139185100394
combined_overall,0.07317853403818067,1.0,0.9999139185100394
combined_overall,0.07318930493263882,1.0,0.9999139185100394
combined_overall,0.0732011529165428,1.0,0.9999139185100394
combined_overall,0.07321515507933841,1.0,0.9999139185100394
combined_overall,0.07321730925823004,1.0,0.9999139185100394
combined_overall,0.0732754720883041,1.0,0.9999139185100394
combined_overall,0.07327762626719574,1.0,0.9999139185100394
combined_overall,0.07329916805611206,1.0,0.9999139185100394
combined_overall,0.07330132223500369,1.0,0.9999139185100394
combined_overall,0.07330563059278694,1.0,0.9999139185100394
combined_overall,0.07330778477167858,1.0,0.9999139185100394
combined_overall,0.07339072065900641,1.0,0.9999139185100394
combined_overall,0.07339287483789804,1.0,0.9999139185100394
combined_overall,0.07339502901678967,1.0,0.9999139185100394
combined_overall,0.0733971831956813,1.0,0.9999139185100394
combined_overall,0.07340687700069365,1.0,0.9999139185100394
combined_overall,0.07341010826903109,1.0,0.9999139185100394
combined_overall,0.0734370355051765,1.0,0.9999139185100394
combined_overall,0.07343918968406812,1.0,0.9999139185100394
combined_overall,0.07346611692021353,1.0,0.9999139185100394
combined_overall,0.07346827109910516,1.0,0.9999139185100394
combined_overall,0.07350920049804616,1.0,0.9999139185100394
combined_overall,0.0735113546769378,1.0,0.9999139185100394
combined_overall,0.07352427975028758,1.0,0.9999139185100394
combined_overall,0.07354043609197482,1.0,0.9999139185100394
combined_overall,0.07354259027086646,1.0,0.9999139185100394
combined_overall,0.07354689862864972,1.0,0.9999139185100394
combined_overall,0.0735727487753493,1.0,0.9999139185100394
combined_overall,0.07357490295424093,1.0,0.9999139185100394
combined_overall,0.07358351966980746,1.0,0.9999139185100394
combined_overall,0.07358567384869909,1.0,0.9999139185100394
combined_overall,0.07359213638537399,1.0,0.9999139185100394
combined_overall,0.07359536765371144,1.0,0.9999139185100394
combined_overall,0.07359859892204888,1.0,0.9999139185100394
combined_overall,0.07361260108484449,1.0,0.9999139185100394
combined_overall,0.0736201407109652,1.0,0.9999139185100394
combined_overall,0.07362229488985683,1.0,0.9999139185100394
combined_overall,0.073633065784315,1.0,0.9999139185100394
combined_overall,0.07363521996320663,1.0,0.9999139185100394
combined_overall,0.07363737414209826,1.0,0.9999139185100394
combined_overall,0.07364599085766478,1.0,0.9999139185100394
combined_overall,0.07366860973602692,1.0,0.9999139185100394
combined_overall,0.07367076391491854,1.0,0.9999139185100394
combined_overall,0.073673995183256,1.0,0.9999139185100394
combined_overall,0.07367614936214763,1.0,0.9999139185100394
combined_overall,0.0736804577199309,1.0,0.9999139185100394
combined_overall,0.07368261189882253,1.0,0.9999139185100394
combined_overall,0.07371169331385956,1.0,0.9999139185100394
combined_overall,0.07371384749275119,1.0,0.9999139185100394
combined_overall,0.07372461838720935,1.0,0.9999139185100394
combined_overall,0.07372677256610098,1.0,0.9999139185100394
combined_overall,0.0737278496555468,1.0,0.9999139185100394
combined_overall,0.07373000383443842,1.0,0.9999139185100394
combined_overall,0.07381617099010371,1.0,0.9999139185100394
combined_overall,0.07381832516899534,1.0,0.9999139185100394
combined_overall,0.0738301731528993,1.0,0.9999139185100394
combined_overall,0.07383232733179095,1.0,0.9999139185100394
combined_overall,0.07383771277902001,1.0,0.9999139185100394
combined_overall,0.07384202113680328,1.0,0.9999139185100394
combined_overall,0.07384417531569491,1.0,0.9999139185100394
combined_overall,0.07384632949458655,1.0,0.9999139185100394
combined_overall,0.07386679419405705,1.0,0.9999139185100394
combined_overall,0.07387110255184032,1.0,0.9999139185100394
combined_overall,0.07387325673073195,1.0,0.9999139185100394
combined_overall,0.07387541090962357,1.0,0.9999139185100394
combined_overall,0.07389802978798571,1.0,0.9999139185100394
combined_overall,0.07390018396687735,1.0,0.9999139185100394
combined_overall,0.07391849448745622,1.0,0.9999139185100394
combined_overall,0.07392064866634784,1.0,0.9999139185100394
combined_overall,0.07392280284523949,1.0,0.9999139185100394
combined_overall,0.07392495702413111,1.0,0.9999139185100394
combined_overall,0.07392818829246856,1.0,0.9999139185100394
combined_overall,0.0739303424713602,1.0,0.9999139185100394
combined_overall,0.07396050097584304,1.0,0.9999139185100394
combined_overall,0.07396265515473467,1.0,0.9999139185100394
combined_overall,0.07397988858586772,1.0,0.9999139185100394
combined_overall,0.07398204276475935,1.0,0.9999139185100394
combined_overall,0.07398419694365099,1.0,0.9999139185100394
combined_overall,0.07398850530143425,1.0,0.9999139185100394
combined_overall,0.07400143037478404,1.0,0.9999139185100394
combined_overall,0.07400358455367567,1.0,0.9999139185100394
combined_overall,0.07400897000090476,1.0,0.9999139185100394
combined_overall,0.0740122012692422,1.0,0.9999139185100394
combined_overall,0.07405097648929157,1.0,0.9999139185100394
combined_overall,0.07405313066818321,1.0,0.9999139185100394
combined_overall,0.07408867461989513,1.0,0.9999139185100394
combined_overall,0.07409082879878677,1.0,0.9999139185100394
combined_overall,0.0741199102138238,1.0,0.9999139185100394
combined_overall,0.07412637275049869,1.0,0.9999139185100394
combined_overall,0.07412852692939033,1.0,0.9999139185100394
combined_overall,0.07415222289719828,1.0,0.9999139185100394
combined_overall,0.07415976252331899,1.0,0.9999139185100394
combined_overall,0.07417161050722296,1.0,0.9999139185100394
combined_overall,0.0741737646861146,1.0,0.9999139185100394
combined_overall,0.07417915013334367,1.0,0.9999139185100394
combined_overall,0.07418345849112694,1.0,0.9999139185100394
combined_overall,0.07418453558057275,1.0,0.9999139185100394
combined_overall,0.07418992102780184,1.0,0.9999139185100394
combined_overall,0.07420715445893489,1.0,0.9999139185100394
combined_overall,0.07420930863782652,1.0,0.9999139185100394
combined_overall,0.07421684826394723,1.0,0.9999139185100394
combined_overall,0.07421900244283887,1.0,0.9999139185100394
combined_overall,0.07424808385787589,1.0,0.9999139185100394
combined_overall,0.07425023803676753,1.0,0.9999139185100394
combined_overall,0.0742620860206715,1.0,0.9999139185100394
combined_overall,0.07426639437845477,1.0,0.9999139185100394
combined_overall,0.07427285691512966,1.0,0.9999139185100394
combined_overall,0.07427501109402129,1.0,0.9999139185100394
combined_overall,0.074282550720142,1.0,0.9999139185100394
combined_overall,0.07428470489903363,1.0,0.9999139185100394
combined_overall,0.07428578198847945,1.0,0.9999139185100394
combined_overall,0.0742890132568169,1.0,0.9999139185100394
combined_overall,0.07429439870404597,1.0,0.9999139185100394
combined_overall,0.07429655288293761,1.0,0.9999139185100394
combined_overall,0.07430516959850414,1.0,0.9999139185100394
combined_overall,0.07431378631407067,1.0,0.9999139185100394
combined_overall,0.07433209683464953,1.0,0.9999139185100394
combined_overall,0.0743364051924328,1.0,0.9999139185100394
combined_overall,0.0743557928024575,1.0,0.9999139185100394
combined_overall,0.07435794698134912,1.0,0.9999139185100394
combined_overall,0.07436548660746983,1.0,0.9999139185100394
combined_overall,0.07436979496525309,1.0,0.9999139185100394
combined_overall,0.0743837971280487,1.0,0.9999139185100394
combined_overall,0.07438810548583197,1.0,0.9999139185100394
combined_overall,0.07442364943754388,1.0,0.9999139185100394
combined_overall,0.07442580361643553,1.0,0.9999139185100394
combined_overall,0.07443226615311042,1.0,0.9999139185100394
combined_overall,0.07443549742144787,1.0,0.9999139185100394
combined_overall,0.07445380794202673,1.0,0.9999139185100394
combined_overall,0.07445596212091837,1.0,0.9999139185100394
combined_overall,0.0744710413731598,1.0,0.9999139185100394
combined_overall,0.07447534973094305,1.0,0.9999139185100394
combined_overall,0.07451735621932988,1.0,0.9999139185100394
combined_overall,0.07451951039822151,1.0,0.9999139185100394
combined_overall,0.07452489584545059,1.0,0.9999139185100394
combined_overall,0.0745324354715713,1.0,0.9999139185100394
combined_overall,0.07453458965046293,1.0,0.9999139185100394
combined_overall,0.07456259397605415,1.0,0.9999139185100394
combined_overall,0.07462291098501984,1.0,0.9999139185100394
combined_overall,0.07462506516391147,1.0,0.9999139185100394
combined_overall,0.07463045061114056,1.0,0.9999139185100394
combined_overall,0.07463260479003218,1.0,0.9999139185100394
combined_overall,0.0746606091156234,1.0,0.9999139185100394
combined_overall,0.07466276329451503,1.0,0.9999139185100394
combined_overall,0.07467891963620227,1.0,0.9999139185100394
combined_overall,0.07468215090453971,1.0,0.9999139185100394
combined_overall,0.07468861344121461,1.0,0.9999139185100394
combined_overall,0.07469076762010625,1.0,0.9999139185100394
combined_overall,0.07470476978290184,1.0,0.9999139185100394
combined_overall,0.07470692396179349,1.0,0.9999139185100394
combined_overall,0.07471123231957674,1.0,0.9999139185100394
combined_overall,0.0747144635879142,1.0,0.9999139185100394
combined_overall,0.07472523448237235,1.0,0.9999139185100394
combined_overall,0.07472738866126398,1.0,0.9999139185100394
combined_overall,0.07475431589740938,1.0,0.9999139185100394
combined_overall,0.07475647007630101,1.0,0.9999139185100394
combined_overall,0.07477801186521733,1.0,0.9999139185100394
combined_overall,0.07478016604410896,1.0,0.9999139185100394
combined_overall,0.07478662858078386,1.0,0.9999139185100394
combined_overall,0.0747887827596755,1.0,0.9999139185100394
combined_overall,0.07480063074357947,1.0,0.9999139185100394
combined_overall,0.0748027849224711,1.0,0.9999139185100394
combined_overall,0.07481247872748345,1.0,0.9999139185100394
combined_overall,0.0748167870852667,1.0,0.9999139185100394
combined_overall,0.07483402051639976,1.0,0.9999139185100394
combined_overall,0.07483832887418303,1.0,0.9999139185100394
combined_overall,0.07485340812642445,1.0,0.9999139185100394
combined_overall,0.07485771648420772,1.0,0.9999139185100394
combined_overall,0.07485879357365353,1.0,0.9999139185100394
combined_overall,0.07486094775254516,1.0,0.9999139185100394
combined_overall,0.0748706415575575,1.0,0.9999139185100394
combined_overall,0.07487279573644914,1.0,0.9999139185100394
combined_overall,0.07487387282589496,1.0,0.9999139185100394
combined_overall,0.07487602700478659,1.0,0.9999139185100394
combined_overall,0.07491157095649852,1.0,0.9999139185100394
combined_overall,0.07491372513539014,1.0,0.9999139185100394
combined_overall,0.07491480222483596,1.0,0.9999139185100394
combined_overall,0.07491911058261923,1.0,0.9999139185100394
combined_overall,0.07493634401375228,1.0,0.9999139185100394
combined_overall,0.07494172946098136,1.0,0.9999139185100394
combined_overall,0.07494388363987299,1.0,0.9999139185100394
combined_overall,0.07496650251823513,1.0,0.9999139185100394
combined_overall,0.07497081087601838,1.0,0.9999139185100394
combined_overall,0.07499558393327216,1.0,0.9999139185100394
combined_overall,0.07499773811216379,1.0,0.9999139185100394
combined_overall,0.07501712572218848,1.0,0.9999139185100394
combined_overall,0.07501927990108011,1.0,0.9999139185100394
combined_overall,0.07503651333221316,1.0,0.9999139185100394
combined_overall,0.07503866751110479,1.0,0.9999139185100394
combined_overall,0.07505590094223785,1.0,0.9999139185100394
combined_overall,0.07505805512112948,1.0,0.9999139185100394
combined_overall,0.07506020930002111,1.0,0.9999139185100394
combined_overall,0.07506451765780438,1.0,0.9999139185100394
combined_overall,0.0750731343733709,1.0,0.9999139185100394
combined_overall,0.07507528855226253,1.0,0.9999139185100394
combined_overall,0.07508929071505814,1.0,0.9999139185100394
combined_overall,0.07509144489394977,1.0,0.9999139185100394
combined_overall,0.07510975541452865,1.0,0.9999139185100394
combined_overall,0.07511190959342028,1.0,0.9999139185100394
combined_overall,0.07512806593510751,1.0,0.9999139185100394
combined_overall,0.07513022011399914,1.0,0.9999139185100394
combined_overall,0.07513237429289078,1.0,0.9999139185100394
combined_overall,0.07513668265067404,1.0,0.9999139185100394
combined_overall,0.07513883682956568,1.0,0.9999139185100394
combined_overall,0.07514099100845731,1.0,0.9999139185100394
combined_overall,0.07514314518734894,1.0,0.9999139185100394
combined_overall,0.07514960772402383,1.0,0.9999139185100394
combined_overall,0.07515176190291546,1.0,0.9999139185100394
combined_overall,0.0751539160818071,1.0,0.9999139185100394
combined_overall,0.07515607026069873,1.0,0.9999139185100394
combined_overall,0.07517222660238597,1.0,0.9999139185100394
combined_overall,0.07520023092797719,1.0,0.9999139185100394
combined_overall,0.07520238510686882,1.0,0.9999139185100394
combined_overall,0.07520884764354371,1.0,0.9999139185100394
combined_overall,0.07521100182243534,1.0,0.9999139185100394
combined_overall,0.07523792905858075,1.0,0.9999139185100394
combined_overall,0.075242237416364,1.0,0.9999139185100394
combined_overall,0.07528855226253409,1.0,0.9999139185100394
combined_overall,0.07529070644142573,1.0,0.9999139185100394
combined_overall,0.07530040024643807,1.0,0.9999139185100394
combined_overall,0.0753025544253297,1.0,0.9999139185100394
combined_overall,0.07530578569366715,1.0,0.9999139185100394
combined_overall,0.07530793987255878,1.0,0.9999139185100394
combined_overall,0.07532517330369183,1.0,0.9999139185100394
combined_overall,0.0754113404593571,1.0,0.9999139185100394
combined_overall,0.075417802996032,1.0,0.9999139185100394
combined_overall,0.07546088657386464,1.0,0.9999139185100394
combined_overall,0.07546411784220208,1.0,0.9999139185100394
combined_overall,0.07552443485116778,1.0,0.9999139185100394
combined_overall,0.07556751842900042,1.0,0.9999139185100394
combined_overall,0.07557182678678369,1.0,0.9999139185100394
combined_overall,0.07557721223401276,1.0,0.9999139185100394
combined_overall,0.07559444566514581,1.0,0.9999139185100394
combined_overall,0.07560952491738723,1.0,0.9999139185100394
combined_overall,0.07561275618572469,1.0,0.9999139185100394
combined_overall,0.0756202958118454,1.0,0.9999139185100394
combined_overall,0.07562244999073703,1.0,0.9999139185100394
combined_overall,0.07562352708018284,1.0,0.9999139185100394
combined_overall,0.07562568125907448,1.0,0.9999139185100394
combined_overall,0.07566230230023221,1.0,0.9999139185100394
combined_overall,0.07566445647912386,1.0,0.9999139185100394
combined_overall,0.07566876483690711,1.0,0.9999139185100394
combined_overall,0.07568492117859435,1.0,0.9999139185100394
combined_overall,0.07568707535748599,1.0,0.9999139185100394
combined_overall,0.07570215460972742,1.0,0.9999139185100394
combined_overall,0.07570430878861904,1.0,0.9999139185100394
combined_overall,0.07573015893531862,1.0,0.9999139185100394
combined_overall,0.07573231311421026,1.0,0.9999139185100394
combined_overall,0.07575062363478913,1.0,0.9999139185100394
combined_overall,0.07575277781368076,1.0,0.9999139185100394
combined_overall,0.07577755087093453,1.0,0.9999139185100394
combined_overall,0.07577970504982616,1.0,0.9999139185100394
combined_overall,0.07579155303373013,1.0,0.9999139185100394
combined_overall,0.07579370721262177,1.0,0.9999139185100394
combined_overall,0.07579693848095921,1.0,0.9999139185100394
combined_overall,0.07579909265985084,1.0,0.9999139185100394
combined_overall,0.07582386571710462,1.0,0.9999139185100394
combined_overall,0.07582601989599624,1.0,0.9999139185100394
combined_overall,0.07584863877435838,1.0,0.9999139185100394
combined_overall,0.07585079295325,1.0,0.9999139185100394
combined_overall,0.07585617840047909,1.0,0.9999139185100394
combined_overall,0.07585833257937072,1.0,0.9999139185100394
combined_overall,0.07586048675826235,1.0,0.9999139185100394
combined_overall,0.07586479511604562,1.0,0.9999139185100394
combined_overall,0.07586587220549143,1.0,0.9999139185100394
combined_overall,0.07586802638438306,1.0,0.9999139185100394
combined_overall,0.07588418272607031,1.0,0.9999139185100394
combined_overall,0.07589495362052846,1.0,0.9999139185100394
combined_overall,0.0759046474255408,1.0,0.9999139185100394
combined_overall,0.07590680160443244,1.0,0.9999139185100394
combined_overall,0.07591541831999897,1.0,0.9999139185100394
combined_overall,0.0759175724988906,1.0,0.9999139185100394
combined_overall,0.07593157466168621,1.0,0.9999139185100394
combined_overall,0.07593480593002365,1.0,0.9999139185100394
combined_overall,0.07593588301946946,1.0,0.9999139185100394
combined_overall,0.07594019137725273,1.0,0.9999139185100394
combined_overall,0.07594234555614436,1.0,0.9999139185100394
combined_overall,0.07594665391392763,1.0,0.9999139185100394
combined_overall,0.07596711861339812,1.0,0.9999139185100394
combined_overall,0.07596927279228977,1.0,0.9999139185100394
combined_overall,0.07598112077619373,1.0,0.9999139185100394
combined_overall,0.07598327495508538,1.0,0.9999139185100394
combined_overall,0.07600373965455587,1.0,0.9999139185100394
combined_overall,0.07600589383344751,1.0,0.9999139185100394
combined_overall,0.0760198959962431,1.0,0.9999139185100394
combined_overall,0.07602205017513475,1.0,0.9999139185100394
combined_overall,0.07604251487460524,1.0,0.9999139185100394
combined_overall,0.07604466905349688,1.0,0.9999139185100394
combined_overall,0.07605543994795504,1.0,0.9999139185100394
combined_overall,0.07605759412684666,1.0,0.9999139185100394
combined_overall,0.0760597483057383,1.0,0.9999139185100394
combined_overall,0.07606190248462993,1.0,0.9999139185100394
combined_overall,0.07607698173687136,1.0,0.9999139185100394
combined_overall,0.07608129009465463,1.0,0.9999139185100394
combined_overall,0.07609636934689604,1.0,0.9999139185100394
combined_overall,0.07609852352578768,1.0,0.9999139185100394
combined_overall,0.07613299038805378,1.0,0.9999139185100394
combined_overall,0.07613514456694542,1.0,0.9999139185100394
combined_overall,0.07613729874583705,1.0,0.9999139185100394
combined_overall,0.07613945292472868,1.0,0.9999139185100394
combined_overall,0.07614483837195776,1.0,0.9999139185100394
combined_overall,0.07614699255084939,1.0,0.9999139185100394
combined_overall,0.0761545321769701,1.0,0.9999139185100394
combined_overall,0.07615668635586173,1.0,0.9999139185100394
combined_overall,0.07617284269754898,1.0,0.9999139185100394
combined_overall,0.07617499687644061,1.0,0.9999139185100394
combined_overall,0.07619007612868203,1.0,0.9999139185100394
combined_overall,0.07619438448646529,1.0,0.9999139185100394
combined_overall,0.07619869284424856,1.0,0.9999139185100394
combined_overall,0.07620300120203183,1.0,0.9999139185100394
combined_overall,0.07620623247036927,1.0,0.9999139185100394
combined_overall,0.07620946373870671,1.0,0.9999139185100394
combined_overall,0.07621161791759835,1.0,0.9999139185100394
combined_overall,0.07622238881205651,1.0,0.9999139185100394
combined_overall,0.07622669716983978,1.0,0.9999139185100394
combined_overall,0.0762353138854063,1.0,0.9999139185100394
combined_overall,0.07623746806429793,1.0,0.9999139185100394
combined_overall,0.07627301201600986,1.0,0.9999139185100394
combined_overall,0.07627516619490149,1.0,0.9999139185100394
combined_overall,0.07627732037379312,1.0,0.9999139185100394
combined_overall,0.07627947455268476,1.0,0.9999139185100394
combined_overall,0.07628809126825128,1.0,0.9999139185100394
combined_overall,0.07629239962603454,1.0,0.9999139185100394
combined_overall,0.07630532469938434,1.0,0.9999139185100394
combined_overall,0.07630747887827596,1.0,0.9999139185100394
combined_overall,0.07630855596772178,1.0,0.9999139185100394
combined_overall,0.07631071014661342,1.0,0.9999139185100394
combined_overall,0.07631609559384249,1.0,0.9999139185100394
combined_overall,0.07631824977273413,1.0,0.9999139185100394
combined_overall,0.07633332902497555,1.0,0.9999139185100394
combined_overall,0.07633548320386718,1.0,0.9999139185100394
combined_overall,0.07634840827721698,1.0,0.9999139185100394
combined_overall,0.07635271663500023,1.0,0.9999139185100394
combined_overall,0.07635594790333769,1.0,0.9999139185100394
combined_overall,0.07636025626112095,1.0,0.9999139185100394
combined_overall,0.07636779588724166,1.0,0.9999139185100394
combined_overall,0.07636995006613329,1.0,0.9999139185100394
combined_overall,0.07639041476560379,1.0,0.9999139185100394
combined_overall,0.07639256894449542,1.0,0.9999139185100394
combined_overall,0.07640333983895359,1.0,0.9999139185100394
combined_overall,0.07640764819673684,1.0,0.9999139185100394
combined_overall,0.07641626491230338,1.0,0.9999139185100394
combined_overall,0.07642488162786991,1.0,0.9999139185100394
combined_overall,0.07642918998565316,1.0,0.9999139185100394
combined_overall,0.07644965468512367,1.0,0.9999139185100394
combined_overall,0.0764518088640153,1.0,0.9999139185100394
combined_overall,0.07646796520570254,1.0,0.9999139185100394
combined_overall,0.07647011938459418,1.0,0.9999139185100394
combined_overall,0.07647335065293162,1.0,0.9999139185100394
combined_overall,0.07647550483182325,1.0,0.9999139185100394
combined_overall,0.07650350915741447,1.0,0.9999139185100394
combined_overall,0.0765056633363061,1.0,0.9999139185100394
combined_overall,0.07652074258854752,1.0,0.9999139185100394
combined_overall,0.07652289676743916,1.0,0.9999139185100394
combined_overall,0.07652935930411404,1.0,0.9999139185100394
combined_overall,0.07653151348300569,1.0,0.9999139185100394
combined_overall,0.07654013019857221,1.0,0.9999139185100394
combined_overall,0.07654228437746384,1.0,0.9999139185100394
combined_overall,0.0765455156458013,1.0,0.9999139185100394
combined_overall,0.07654766982469292,1.0,0.9999139185100394
combined_overall,0.0765670574347176,1.0,0.9999139185100394
combined_overall,0.07656921161360924,1.0,0.9999139185100394
combined_overall,0.07658213668695903,1.0,0.9999139185100394
combined_overall,0.07658429086585067,1.0,0.9999139185100394
combined_overall,0.07658967631307974,1.0,0.9999139185100394
combined_overall,0.07659183049197138,1.0,0.9999139185100394
combined_overall,0.07661660354922514,1.0,0.9999139185100394
combined_overall,0.07661875772811677,1.0,0.9999139185100394
combined_overall,0.0766607642165036,1.0,0.9999139185100394
combined_overall,0.07666291839539523,1.0,0.9999139185100394
combined_overall,0.07667799764763665,1.0,0.9999139185100394
combined_overall,0.07668984563154063,1.0,0.9999139185100394
combined_overall,0.07671031033101113,1.0,0.9999139185100394
combined_overall,0.07672108122546929,1.0,0.9999139185100394
combined_overall,0.07673292920937326,1.0,0.9999139185100394
combined_overall,0.07673723756715653,1.0,0.9999139185100394
combined_overall,0.07674046883549397,1.0,0.9999139185100394
combined_overall,0.07681263382836365,1.0,0.9999139185100394
combined_overall,0.07681478800725527,1.0,0.9999139185100394
combined_overall,0.07683848397506322,1.0,0.9999139185100394
combined_overall,0.07684063815395485,1.0,0.9999139185100394
combined_overall,0.07685894867453373,1.0,0.9999139185100394
combined_overall,0.07686325703231699,1.0,0.9999139185100394
combined_overall,0.0768707966584377,1.0,0.9999139185100394
combined_overall,0.07687295083732934,1.0,0.9999139185100394
combined_overall,0.07688049046345005,1.0,0.9999139185100394
combined_overall,0.07688264464234168,1.0,0.9999139185100394
combined_overall,0.07691495732571615,1.0,0.9999139185100394
combined_overall,0.07692034277294524,1.0,0.9999139185100394
combined_overall,0.07692249695183687,1.0,0.9999139185100394
combined_overall,0.07692572822017432,1.0,0.9999139185100394
combined_overall,0.07693434493574085,1.0,0.9999139185100394
combined_overall,0.07693542202518666,1.0,0.9999139185100394
combined_overall,0.07693973038296992,1.0,0.9999139185100394
combined_overall,0.07694188456186156,1.0,0.9999139185100394
combined_overall,0.07694727000909063,1.0,0.9999139185100394
combined_overall,0.07695696381410298,1.0,0.9999139185100394
combined_overall,0.07695911799299461,1.0,0.9999139185100394
combined_overall,0.07696019508244042,1.0,0.9999139185100394
combined_overall,0.07696234926133205,1.0,0.9999139185100394
combined_overall,0.07698927649747746,1.0,0.9999139185100394
combined_overall,0.07699143067636909,1.0,0.9999139185100394
combined_overall,0.07699466194470654,1.0,0.9999139185100394
combined_overall,0.07699789321304398,1.0,0.9999139185100394
combined_overall,0.07700112448138142,1.0,0.9999139185100394
combined_overall,0.07700327866027307,1.0,0.9999139185100394
combined_overall,0.07700650992861051,1.0,0.9999139185100394
combined_overall,0.07702805171752683,1.0,0.9999139185100394
combined_overall,0.07703020589641846,1.0,0.9999139185100394
combined_overall,0.07704205388032244,1.0,0.9999139185100394
combined_overall,0.07704420805921407,1.0,0.9999139185100394
combined_overall,0.0770463622381057,1.0,0.9999139185100394
combined_overall,0.07704851641699734,1.0,0.9999139185100394
combined_overall,0.07705174768533478,1.0,0.9999139185100394
combined_overall,0.07705928731145549,1.0,0.9999139185100394
combined_overall,0.07706359566923876,1.0,0.9999139185100394
combined_overall,0.07706574984813039,1.0,0.9999139185100394
combined_overall,0.07707005820591366,1.0,0.9999139185100394
combined_overall,0.07708406036870925,1.0,0.9999139185100394
combined_overall,0.07708729163704671,1.0,0.9999139185100394
combined_overall,0.07712283558875864,1.0,0.9999139185100394
combined_overall,0.07712498976765027,1.0,0.9999139185100394
combined_overall,0.07713252939377098,1.0,0.9999139185100394
combined_overall,0.07713468357266261,1.0,0.9999139185100394
combined_overall,0.07713791484100005,1.0,0.9999139185100394
combined_overall,0.07714006901989169,1.0,0.9999139185100394
combined_overall,0.07714330028822913,1.0,0.9999139185100394
combined_overall,0.0771476086460124,1.0,0.9999139185100394
combined_overall,0.07714976282490403,1.0,0.9999139185100394
combined_overall,0.07716376498769964,1.0,0.9999139185100394
combined_overall,0.07716591916659127,1.0,0.9999139185100394
combined_overall,0.0771680733454829,1.0,0.9999139185100394
combined_overall,0.07717022752437454,1.0,0.9999139185100394
combined_overall,0.07717561297160361,1.0,0.9999139185100394
combined_overall,0.07718422968717015,1.0,0.9999139185100394
combined_overall,0.07719069222384503,1.0,0.9999139185100394
combined_overall,0.07719284640273667,1.0,0.9999139185100394
combined_overall,0.07719715476051993,1.0,0.9999139185100394
combined_overall,0.0772014631183032,1.0,0.9999139185100394
combined_overall,0.07721223401276135,1.0,0.9999139185100394
combined_overall,0.077214388191653,1.0,0.9999139185100394
combined_overall,0.0772359299805693,1.0,0.9999139185100394
combined_overall,0.0772423925172442,1.0,0.9999139185100394
combined_overall,0.07728224482673939,1.0,0.9999139185100394
combined_overall,0.07728439900563103,1.0,0.9999139185100394
combined_overall,0.07728870736341428,1.0,0.9999139185100394
combined_overall,0.07729840116842664,1.0,0.9999139185100394
combined_overall,0.07730055534731826,1.0,0.9999139185100394
combined_overall,0.07731132624177642,1.0,0.9999139185100394
combined_overall,0.07731348042066806,1.0,0.9999139185100394
combined_overall,0.07733502220958437,1.0,0.9999139185100394
combined_overall,0.07733717638847601,1.0,0.9999139185100394
combined_overall,0.07734148474625926,1.0,0.9999139185100394
combined_overall,0.0773436389251509,1.0,0.9999139185100394
combined_overall,0.07734794728293416,1.0,0.9999139185100394
combined_overall,0.07735225564071743,1.0,0.9999139185100394
combined_overall,0.07738241414520028,1.0,0.9999139185100394
combined_overall,0.0773845683240919,1.0,0.9999139185100394
combined_overall,0.07739641630799587,1.0,0.9999139185100394
combined_overall,0.07740072466577914,1.0,0.9999139185100394
combined_overall,0.07742872899137036,1.0,0.9999139185100394
combined_overall,0.07743088317026199,1.0,0.9999139185100394
combined_overall,0.07743519152804526,1.0,0.9999139185100394
combined_overall,0.07743949988582852,1.0,0.9999139185100394
combined_overall,0.07745673331696157,1.0,0.9999139185100394
combined_overall,0.07745888749585321,1.0,0.9999139185100394
combined_overall,0.07747827510587789,1.0,0.9999139185100394
combined_overall,0.07748042928476953,1.0,0.9999139185100394
combined_overall,0.07749120017922768,1.0,0.9999139185100394
combined_overall,0.07749335435811931,1.0,0.9999139185100394
combined_overall,0.07749550853701095,1.0,0.9999139185100394
combined_overall,0.07749766271590258,1.0,0.9999139185100394
combined_overall,0.07754290047262685,1.0,0.9999139185100394
combined_overall,0.07754505465151848,1.0,0.9999139185100394
combined_overall,0.07755474845653082,1.0,0.9999139185100394
combined_overall,0.07755690263542246,1.0,0.9999139185100394
combined_overall,0.07756551935098899,1.0,0.9999139185100394
combined_overall,0.07756767352988062,1.0,0.9999139185100394
combined_overall,0.07758490696101367,1.0,0.9999139185100394
combined_overall,0.07758706113990531,1.0,0.9999139185100394
combined_overall,0.07765384068554589,1.0,0.9999139185100394
combined_overall,0.07765599486443753,1.0,0.9999139185100394
combined_overall,0.07769907844227016,1.0,0.9999139185100394
combined_overall,0.0777012326211618,1.0,0.9999139185100394
combined_overall,0.07770877224728251,1.0,0.9999139185100394
combined_overall,0.07771092642617414,1.0,0.9999139185100394
combined_overall,0.07772062023118648,1.0,0.9999139185100394
combined_overall,0.0777227744100781,1.0,0.9999139185100394
combined_overall,0.07773893075176536,1.0,0.9999139185100394
combined_overall,0.07774108493065698,1.0,0.9999139185100394
combined_overall,0.07774647037788607,1.0,0.9999139185100394
combined_overall,0.0777486245567777,1.0,0.9999139185100394
combined_overall,0.07775185582511514,1.0,0.9999139185100394
combined_overall,0.07775401000400678,1.0,0.9999139185100394
combined_overall,0.07775939545123585,1.0,0.9999139185100394
combined_overall,0.07776154963012749,1.0,0.9999139185100394
combined_overall,0.07776478089846493,1.0,0.9999139185100394
combined_overall,0.07779278522405615,1.0,0.9999139185100394
combined_overall,0.0777960164923936,1.0,0.9999139185100394
combined_overall,0.07779924776073104,1.0,0.9999139185100394
combined_overall,0.07780140193962268,1.0,0.9999139185100394
combined_overall,0.07781540410241829,1.0,0.9999139185100394
combined_overall,0.07781755828130991,1.0,0.9999139185100394
combined_overall,0.07786818148526327,1.0,0.9999139185100394
combined_overall,0.0778703356641549,1.0,0.9999139185100394
combined_overall,0.0778843378269505,1.0,0.9999139185100394
combined_overall,0.07788649200584213,1.0,0.9999139185100394
combined_overall,0.07789403163196285,1.0,0.9999139185100394
combined_overall,0.07789726290030029,1.0,0.9999139185100394
combined_overall,0.07790587961586681,1.0,0.9999139185100394
combined_overall,0.07790803379475846,1.0,0.9999139185100394
combined_overall,0.07791665051032498,1.0,0.9999139185100394
combined_overall,0.07791880468921661,1.0,0.9999139185100394
combined_overall,0.07792095886810824,1.0,0.9999139185100394
combined_overall,0.07792311304699988,1.0,0.9999139185100394
combined_overall,0.0779317297625664,1.0,0.9999139185100394
combined_overall,0.07793388394145803,1.0,0.9999139185100394
combined_overall,0.07796296535649506,1.0,0.9999139185100394
combined_overall,0.07797050498261578,1.0,0.9999139185100394
combined_overall,0.07798235296651976,1.0,0.9999139185100394
combined_overall,0.07798450714541139,1.0,0.9999139185100394
combined_overall,0.07798666132430301,1.0,0.9999139185100394
combined_overall,0.07798881550319464,1.0,0.9999139185100394
combined_overall,0.07800066348709862,1.0,0.9999139185100394
combined_overall,0.07800281766599025,1.0,0.9999139185100394
combined_overall,0.07800928020266515,1.0,0.9999139185100394
combined_overall,0.07803082199158147,1.0,0.9999139185100394
combined_overall,0.0780329761704731,1.0,0.9999139185100394
combined_overall,0.078039438707148,1.0,0.9999139185100394
combined_overall,0.07804159288603962,1.0,0.9999139185100394
combined_overall,0.0780599034066185,1.0,0.9999139185100394
combined_overall,0.07806313467495594,1.0,0.9999139185100394
combined_overall,0.07807067430107666,1.0,0.9999139185100394
combined_overall,0.07807282847996828,1.0,0.9999139185100394
combined_overall,0.07808790773220971,1.0,0.9999139185100394
combined_overall,0.07809006191110135,1.0,0.9999139185100394
combined_overall,0.0780943702688846,1.0,0.9999139185100394
combined_overall,0.07809544735833042,1.0,0.9999139185100394
combined_overall,0.07809867862666788,1.0,0.9999139185100394
combined_overall,0.07810514116334277,1.0,0.9999139185100394
combined_overall,0.0781072953422344,1.0,0.9999139185100394
combined_overall,0.07810944952112603,1.0,0.9999139185100394
combined_overall,0.07811160370001767,1.0,0.9999139185100394
combined_overall,0.0781266829522591,1.0,0.9999139185100394
combined_overall,0.07813745384671725,1.0,0.9999139185100394
combined_overall,0.07815145600951286,1.0,0.9999139185100394
combined_overall,0.07815361018840448,1.0,0.9999139185100394
combined_overall,0.0781816145139957,1.0,0.9999139185100394
combined_overall,0.07818376869288733,1.0,0.9999139185100394
combined_overall,0.0781880770506706,1.0,0.9999139185100394
combined_overall,0.07819023122956223,1.0,0.9999139185100394
combined_overall,0.07819238540845386,1.0,0.9999139185100394
combined_overall,0.07819453958734549,1.0,0.9999139185100394
combined_overall,0.07819561667679131,1.0,0.9999139185100394
combined_overall,0.07819884794512875,1.0,0.9999139185100394
combined_overall,0.0782020792134662,1.0,0.9999139185100394
combined_overall,0.07820531048180365,1.0,0.9999139185100394
combined_overall,0.07820961883958691,1.0,0.9999139185100394
combined_overall,0.07821177301847855,1.0,0.9999139185100394
combined_overall,0.07821392719737018,1.0,0.9999139185100394
combined_overall,0.0782160813762618,1.0,0.9999139185100394
combined_overall,0.07824947114908211,1.0,0.9999139185100394
combined_overall,0.0783097881580478,1.0,0.9999139185100394
combined_overall,0.07831194233693943,1.0,0.9999139185100394
combined_overall,0.07831625069472269,1.0,0.9999139185100394
combined_overall,0.07831840487361433,1.0,0.9999139185100394
combined_overall,0.07832809867862667,1.0,0.9999139185100394
combined_overall,0.0783302528575183,1.0,0.9999139185100394
combined_overall,0.07834210084142228,1.0,0.9999139185100394
combined_overall,0.0783442550203139,1.0,0.9999139185100394
combined_overall,0.07835502591477207,1.0,0.9999139185100394
combined_overall,0.0783571800936637,1.0,0.9999139185100394
combined_overall,0.07836902807756767,1.0,0.9999139185100394
combined_overall,0.07837118225645931,1.0,0.9999139185100394
combined_overall,0.0783981094926047,1.0,0.9999139185100394
combined_overall,0.07840026367149634,1.0,0.9999139185100394
combined_overall,0.07840349493983378,1.0,0.9999139185100394
combined_overall,0.07840780329761705,1.0,0.9999139185100394
combined_overall,0.07841426583429194,1.0,0.9999139185100394
combined_overall,0.07841642001318358,1.0,0.9999139185100394
combined_overall,0.07842180546041265,1.0,0.9999139185100394
combined_overall,0.07842395963930429,1.0,0.9999139185100394
combined_overall,0.07844011598099153,1.0,0.9999139185100394
combined_overall,0.07844227015988316,1.0,0.9999139185100394
combined_overall,0.07844657851766643,1.0,0.9999139185100394
combined_overall,0.07844873269655805,1.0,0.9999139185100394
combined_overall,0.07845088687544968,1.0,0.9999139185100394
combined_overall,0.07845519523323295,1.0,0.9999139185100394
combined_overall,0.07845734941212458,1.0,0.9999139185100394
combined_overall,0.0784788912010409,1.0,0.9999139185100394
combined_overall,0.07848319955882416,1.0,0.9999139185100394
combined_overall,0.07849504754272814,1.0,0.9999139185100394
combined_overall,0.07849935590051141,1.0,0.9999139185100394
combined_overall,0.07851443515275283,1.0,0.9999139185100394
combined_overall,0.07851658933164446,1.0,0.9999139185100394
combined_overall,0.07852197477887354,1.0,0.9999139185100394
combined_overall,0.07852412895776517,1.0,0.9999139185100394
combined_overall,0.07852520604721099,1.0,0.9999139185100394
combined_overall,0.07852736022610261,1.0,0.9999139185100394
combined_overall,0.07852951440499426,1.0,0.9999139185100394
combined_overall,0.07853382276277751,1.0,0.9999139185100394
combined_overall,0.0785392082100066,1.0,0.9999139185100394
combined_overall,0.07854351656778985,1.0,0.9999139185100394
combined_overall,0.07857475216171851,1.0,0.9999139185100394
combined_overall,0.07857690634061015,1.0,0.9999139185100394
combined_overall,0.07858229178783922,1.0,0.9999139185100394
combined_overall,0.07858444596673086,1.0,0.9999139185100394
combined_overall,0.0785941397717432,1.0,0.9999139185100394
combined_overall,0.07859629395063483,1.0,0.9999139185100394
combined_overall,0.0786006023084181,1.0,0.9999139185100394
combined_overall,0.07860275648730973,1.0,0.9999139185100394
combined_overall,0.07864368588625074,1.0,0.9999139185100394
combined_overall,0.07864584006514237,1.0,0.9999139185100394
combined_overall,0.07864691715458819,1.0,0.9999139185100394
combined_overall,0.07865122551237146,1.0,0.9999139185100394
combined_overall,0.07866845894350451,1.0,0.9999139185100394
combined_overall,0.07867276730128776,1.0,0.9999139185100394
combined_overall,0.07869969453743317,1.0,0.9999139185100394
combined_overall,0.07870400289521642,1.0,0.9999139185100394
combined_overall,0.07870938834244551,1.0,0.9999139185100394
combined_overall,0.07871154252133714,1.0,0.9999139185100394
combined_overall,0.07872662177357856,1.0,0.9999139185100394
combined_overall,0.07872985304191601,1.0,0.9999139185100394
combined_overall,0.07873308431025346,1.0,0.9999139185100394
combined_overall,0.0787352384891451,1.0,0.9999139185100394
combined_overall,0.07873954684692835,1.0,0.9999139185100394
combined_overall,0.07874170102581998,1.0,0.9999139185100394
combined_overall,0.07874708647304907,1.0,0.9999139185100394
combined_overall,0.07875570318861559,1.0,0.9999139185100394
combined_overall,0.07877293661974866,1.0,0.9999139185100394
combined_overall,0.07879340131921915,1.0,0.9999139185100394
combined_overall,0.07879555549811079,1.0,0.9999139185100394
combined_overall,0.0788300223603769,1.0,0.9999139185100394
combined_overall,0.07883648489705179,1.0,0.9999139185100394
combined_overall,0.07885156414929322,1.0,0.9999139185100394
combined_overall,0.07885371832818484,1.0,0.9999139185100394
combined_overall,0.07886879758042627,1.0,0.9999139185100394
combined_overall,0.0788709517593179,1.0,0.9999139185100394
combined_overall,0.07887202884876372,1.0,0.9999139185100394
combined_overall,0.07887526011710116,1.0,0.9999139185100394
combined_overall,0.07888064556433025,1.0,0.9999139185100394
combined_overall,0.07888279974322188,1.0,0.9999139185100394
combined_overall,0.07889033936934259,1.0,0.9999139185100394
combined_overall,0.07889249354823422,1.0,0.9999139185100394
combined_overall,0.07890111026380074,1.0,0.9999139185100394
combined_overall,0.07890326444269238,1.0,0.9999139185100394
combined_overall,0.07891403533715054,1.0,0.9999139185100394
combined_overall,0.07891618951604217,1.0,0.9999139185100394
combined_overall,0.07892372914216288,1.0,0.9999139185100394
combined_overall,0.07892588332105452,1.0,0.9999139185100394
combined_overall,0.07894096257329594,1.0,0.9999139185100394
combined_overall,0.07894311675218757,1.0,0.9999139185100394
combined_overall,0.07896465854110389,1.0,0.9999139185100394
combined_overall,0.07896681271999552,1.0,0.9999139185100394
combined_overall,0.0789721981672246,1.0,0.9999139185100394
combined_overall,0.07897435234611623,1.0,0.9999139185100394
combined_overall,0.07897542943556204,1.0,0.9999139185100394
combined_overall,0.07897758361445367,1.0,0.9999139185100394
combined_overall,0.07899589413503255,1.0,0.9999139185100394
combined_overall,0.07899912540337,1.0,0.9999139185100394
combined_overall,0.07901743592394887,1.0,0.9999139185100394
combined_overall,0.07902282137117794,1.0,0.9999139185100394
combined_overall,0.07902497555006958,1.0,0.9999139185100394
combined_overall,0.0790389777128652,1.0,0.9999139185100394
combined_overall,0.07904113189175682,1.0,0.9999139185100394
combined_overall,0.07904974860732335,1.0,0.9999139185100394
combined_overall,0.07905621114399825,1.0,0.9999139185100394
combined_overall,0.07907129039623967,1.0,0.9999139185100394
combined_overall,0.07907452166457711,1.0,0.9999139185100394
combined_overall,0.07908313838014364,1.0,0.9999139185100394
combined_overall,0.07908529255903528,1.0,0.9999139185100394
combined_overall,0.07908636964848109,1.0,0.9999139185100394
combined_overall,0.07908852382737272,1.0,0.9999139185100394
combined_overall,0.07911868233185557,1.0,0.9999139185100394
combined_overall,0.0791208365107472,1.0,0.9999139185100394
combined_overall,0.07912299068963884,1.0,0.9999139185100394
combined_overall,0.07912514486853046,1.0,0.9999139185100394
combined_overall,0.07913268449465118,1.0,0.9999139185100394
combined_overall,0.0791348386735428,1.0,0.9999139185100394
combined_overall,0.07914560956800097,1.0,0.9999139185100394
combined_overall,0.07915314919412168,1.0,0.9999139185100394
combined_overall,0.07915853464135075,1.0,0.9999139185100394
combined_overall,0.0791606888202424,1.0,0.9999139185100394
combined_overall,0.07919730986140013,1.0,0.9999139185100394
combined_overall,0.07919946404029177,1.0,0.9999139185100394
combined_overall,0.07920377239807502,1.0,0.9999139185100394
combined_overall,0.07925439560202838,1.0,0.9999139185100394
combined_overall,0.07925654978092,1.0,0.9999139185100394
combined_overall,0.07925978104925746,1.0,0.9999139185100394
combined_overall,0.07926193522814909,1.0,0.9999139185100394
combined_overall,0.07927378321205306,1.0,0.9999139185100394
combined_overall,0.0792759373909447,1.0,0.9999139185100394
combined_overall,0.07928670828540285,1.0,0.9999139185100394
combined_overall,0.07928886246429448,1.0,0.9999139185100394
combined_overall,0.07929317082207775,1.0,0.9999139185100394
combined_overall,0.07929532500096938,1.0,0.9999139185100394
combined_overall,0.07929640209041519,1.0,0.9999139185100394
combined_overall,0.07930501880598173,1.0,0.9999139185100394
combined_overall,0.07930932716376499,1.0,0.9999139185100394
combined_overall,0.07931148134265661,1.0,0.9999139185100394
combined_overall,0.0793168667898857,1.0,0.9999139185100394
combined_overall,0.07931902096877733,1.0,0.9999139185100394
combined_overall,0.07932009805822314,1.0,0.9999139185100394
combined_overall,0.07932548350545222,1.0,0.9999139185100394
combined_overall,0.07932871477378968,1.0,0.9999139185100394
combined_overall,0.07933194604212712,1.0,0.9999139185100394
combined_overall,0.07933302313157294,1.0,0.9999139185100394
combined_overall,0.07933517731046456,1.0,0.9999139185100394
combined_overall,0.07936102745716415,1.0,0.9999139185100394
combined_overall,0.07936533581494741,1.0,0.9999139185100394
combined_overall,0.07940303394555097,1.0,0.9999139185100394
combined_overall,0.07940518812444261,1.0,0.9999139185100394
combined_overall,0.07940841939278005,1.0,0.9999139185100394
combined_overall,0.07941057357167168,1.0,0.9999139185100394
combined_overall,0.079432115360588,1.0,0.9999139185100394
combined_overall,0.07943426953947964,1.0,0.9999139185100394
combined_overall,0.0794655051334083,1.0,0.9999139185100394
combined_overall,0.07946873640174575,1.0,0.9999139185100394
combined_overall,0.07947412184897483,1.0,0.9999139185100394
combined_overall,0.07947627602786646,1.0,0.9999139185100394
combined_overall,0.07948058438564973,1.0,0.9999139185100394
combined_overall,0.07948273856454136,1.0,0.9999139185100394
combined_overall,0.07949674072733696,1.0,0.9999139185100394
combined_overall,0.07949889490622859,1.0,0.9999139185100394
combined_overall,0.07950320326401186,1.0,0.9999139185100394
combined_overall,0.07950535744290349,1.0,0.9999139185100394
combined_overall,0.07952689923181981,1.0,0.9999139185100394
combined_overall,0.07952905341071144,1.0,0.9999139185100394
combined_overall,0.07953013050015725,1.0,0.9999139185100394
combined_overall,0.07953228467904888,1.0,0.9999139185100394
combined_overall,0.07953443885794052,1.0,0.9999139185100394
combined_overall,0.07953659303683215,1.0,0.9999139185100394
combined_overall,0.07953767012627797,1.0,0.9999139185100394
combined_overall,0.07954628684184449,1.0,0.9999139185100394
combined_overall,0.07958290788300224,1.0,0.9999139185100394
combined_overall,0.07958506206189386,1.0,0.9999139185100394
combined_overall,0.07958613915133968,1.0,0.9999139185100394
combined_overall,0.07958829333023132,1.0,0.9999139185100394
combined_overall,0.079607680940256,1.0,0.9999139185100394
combined_overall,0.07960983511914764,1.0,0.9999139185100394
combined_overall,0.07961306638748508,1.0,0.9999139185100394
combined_overall,0.07961522056637671,1.0,0.9999139185100394
combined_overall,0.0796281456397265,1.0,0.9999139185100394
combined_overall,0.07963245399750978,1.0,0.9999139185100394
combined_overall,0.0796346081764014,1.0,0.9999139185100394
combined_overall,0.07963999362363049,1.0,0.9999139185100394
combined_overall,0.07964214780252211,1.0,0.9999139185100394
combined_overall,0.07965722705476354,1.0,0.9999139185100394
combined_overall,0.07965938123365517,1.0,0.9999139185100394
combined_overall,0.07968307720146312,1.0,0.9999139185100394
combined_overall,0.07969169391702964,1.0,0.9999139185100394
combined_overall,0.0796949251853671,1.0,0.9999139185100394
combined_overall,0.07969707936425872,1.0,0.9999139185100394
combined_overall,0.07971538988483759,1.0,0.9999139185100394
combined_overall,0.07971754406372923,1.0,0.9999139185100394
combined_overall,0.07973262331597065,1.0,0.9999139185100394
combined_overall,0.07973477749486228,1.0,0.9999139185100394
combined_overall,0.0797358545843081,1.0,0.9999139185100394
combined_overall,0.07973800876319972,1.0,0.9999139185100394
combined_overall,0.07973908585264555,1.0,0.9999139185100394
combined_overall,0.07974124003153718,1.0,0.9999139185100394
combined_overall,0.07975739637322442,1.0,0.9999139185100394
combined_overall,0.07975955055211605,1.0,0.9999139185100394
combined_overall,0.07978001525158655,1.0,0.9999139185100394
combined_overall,0.07978216943047818,1.0,0.9999139185100394
combined_overall,0.07979186323549053,1.0,0.9999139185100394
combined_overall,0.07979401741438216,1.0,0.9999139185100394
combined_overall,0.07981340502440684,1.0,0.9999139185100394
combined_overall,0.07981771338219011,1.0,0.9999139185100394
combined_overall,0.07983386972387735,1.0,0.9999139185100394
combined_overall,0.07984033226055225,1.0,0.9999139185100394
combined_overall,0.07985325733390204,1.0,0.9999139185100394
combined_overall,0.0798575656916853,1.0,0.9999139185100394
combined_overall,0.07985971987057693,1.0,0.9999139185100394
combined_overall,0.07987479912281835,1.0,0.9999139185100394
combined_overall,0.07987695330170999,1.0,0.9999139185100394
combined_overall,0.0798780303911558,1.0,0.9999139185100394
combined_overall,0.07988018457004743,1.0,0.9999139185100394
combined_overall,0.07988233874893906,1.0,0.9999139185100394
combined_overall,0.0798909554645056,1.0,0.9999139185100394
combined_overall,0.07989526382228886,1.0,0.9999139185100394
combined_overall,0.07989741800118048,1.0,0.9999139185100394
combined_overall,0.07991034307453028,1.0,0.9999139185100394
combined_overall,0.07991249725342191,1.0,0.9999139185100394
combined_overall,0.07991572852175936,1.0,0.9999139185100394
combined_overall,0.07991788270065099,1.0,0.9999139185100394
combined_overall,0.0799189597900968,1.0,0.9999139185100394
combined_overall,0.07992111396898845,1.0,0.9999139185100394
combined_overall,0.07992973068455497,1.0,0.9999139185100394
combined_overall,0.07993296195289241,1.0,0.9999139185100394
combined_overall,0.07994157866845894,1.0,0.9999139185100394
combined_overall,0.07994373284735058,1.0,0.9999139185100394
combined_overall,0.07997604553072506,1.0,0.9999139185100394
combined_overall,0.07998466224629158,1.0,0.9999139185100394
combined_overall,0.07999866440908719,1.0,0.9999139185100394
combined_overall,0.08000081858797882,1.0,0.9999139185100394
combined_overall,0.08000512694576209,1.0,0.9999139185100394
combined_overall,0.08000728112465372,1.0,0.9999139185100394
combined_overall,0.08000943530354535,1.0,0.9999139185100394
combined_overall,0.08001158948243697,1.0,0.9999139185100394
combined_overall,0.08002020619800351,1.0,0.9999139185100394
combined_overall,0.08002236037689514,1.0,0.9999139185100394
combined_overall,0.08003097709246167,1.0,0.9999139185100394
combined_overall,0.0800331312713533,1.0,0.9999139185100394
combined_overall,0.08007190649140267,1.0,0.9999139185100394
combined_overall,0.08007406067029431,1.0,0.9999139185100394
combined_overall,0.08008698574364409,1.0,0.9999139185100394
combined_overall,0.08008913992253573,1.0,0.9999139185100394
combined_overall,0.08011068171145204,1.0,0.9999139185100394
combined_overall,0.08011822133757275,1.0,0.9999139185100394
combined_overall,0.08013976312648907,1.0,0.9999139185100394
combined_overall,0.08014191730538071,1.0,0.9999139185100394
combined_overall,0.08015699655762214,1.0,0.9999139185100394
combined_overall,0.08015915073651377,1.0,0.9999139185100394
combined_overall,0.08016561327318866,1.0,0.9999139185100394
combined_overall,0.08016776745208029,1.0,0.9999139185100394
combined_overall,0.08019038633044243,1.0,0.9999139185100394
combined_overall,0.08019254050933405,1.0,0.9999139185100394
combined_overall,0.08019684886711732,1.0,0.9999139185100394
combined_overall,0.08019900304600895,1.0,0.9999139185100394
combined_overall,0.08020115722490058,1.0,0.9999139185100394
combined_overall,0.08020331140379222,1.0,0.9999139185100394
combined_overall,0.08021515938769619,1.0,0.9999139185100394
combined_overall,0.08021731356658783,1.0,0.9999139185100394
combined_overall,0.08023454699772088,1.0,0.9999139185100394
combined_overall,0.08023670117661251,1.0,0.9999139185100394
combined_overall,0.08024639498162485,1.0,0.9999139185100394
combined_overall,0.08024854916051649,1.0,0.9999139185100394
combined_overall,0.0802496262499623,1.0,0.9999139185100394
combined_overall,0.08025178042885393,1.0,0.9999139185100394
combined_overall,0.08027870766499934,1.0,0.9999139185100394
combined_overall,0.08028193893333678,1.0,0.9999139185100394
combined_overall,0.08028517020167422,1.0,0.9999139185100394
combined_overall,0.08028732438056586,1.0,0.9999139185100394
combined_overall,0.08029594109613239,1.0,0.9999139185100394
combined_overall,0.08030024945391565,1.0,0.9999139185100394
combined_overall,0.08031425161671125,1.0,0.9999139185100394
combined_overall,0.0803164057956029,1.0,0.9999139185100394
combined_overall,0.08033363922673595,1.0,0.9999139185100394
combined_overall,0.08033579340562758,1.0,0.9999139185100394
combined_overall,0.08033902467396503,1.0,0.9999139185100394
combined_overall,0.08034117885285666,1.0,0.9999139185100394
combined_overall,0.08035410392620644,1.0,0.9999139185100394
combined_overall,0.0803573351945439,1.0,0.9999139185100394
combined_overall,0.0803777998940144,1.0,0.9999139185100394
combined_overall,0.08038103116235185,1.0,0.9999139185100394
combined_overall,0.08038318534124347,1.0,0.9999139185100394
combined_overall,0.0804047271301598,1.0,0.9999139185100394
combined_overall,0.08040688130905142,1.0,0.9999139185100394
combined_overall,0.08041549802461796,1.0,0.9999139185100394
combined_overall,0.08041765220350959,1.0,0.9999139185100394
combined_overall,0.08042842309796774,1.0,0.9999139185100394
combined_overall,0.08043380854519683,1.0,0.9999139185100394
combined_overall,0.08043596272408846,1.0,0.9999139185100394
combined_overall,0.08044134817131754,1.0,0.9999139185100394
combined_overall,0.08046504413912549,1.0,0.9999139185100394
combined_overall,0.08046719831801712,1.0,0.9999139185100394
combined_overall,0.08048766301748762,1.0,0.9999139185100394
combined_overall,0.0804919713752709,1.0,0.9999139185100394
combined_overall,0.08049304846471671,1.0,0.9999139185100394
combined_overall,0.08049520264360834,1.0,0.9999139185100394
combined_overall,0.0804995110013916,1.0,0.9999139185100394
combined_overall,0.08050166518028323,1.0,0.9999139185100394
combined_overall,0.08050274226972905,1.0,0.9999139185100394
combined_overall,0.08050705062751232,1.0,0.9999139185100394
combined_overall,0.08051674443252466,1.0,0.9999139185100394
combined_overall,0.08052105279030791,1.0,0.9999139185100394
combined_overall,0.080526438237537,1.0,0.9999139185100394
combined_overall,0.08052859241642862,1.0,0.9999139185100394
combined_overall,0.0805469029370075,1.0,0.9999139185100394
combined_overall,0.08054905711589913,1.0,0.9999139185100394
combined_overall,0.08055659674201984,1.0,0.9999139185100394
combined_overall,0.08055875092091147,1.0,0.9999139185100394
combined_overall,0.08056198218924893,1.0,0.9999139185100394
combined_overall,0.08056952181536964,1.0,0.9999139185100394
combined_overall,0.08057275308370708,1.0,0.9999139185100394
combined_overall,0.08058352397816525,1.0,0.9999139185100394
combined_overall,0.08058567815705688,1.0,0.9999139185100394
combined_overall,0.08059106360428596,1.0,0.9999139185100394
combined_overall,0.08059537196206921,1.0,0.9999139185100394
combined_overall,0.08062229919821462,1.0,0.9999139185100394
combined_overall,0.08062660755599788,1.0,0.9999139185100394
combined_overall,0.08062876173488952,1.0,0.9999139185100394
combined_overall,0.08063199300322696,1.0,0.9999139185100394
combined_overall,0.08063737845045604,1.0,0.9999139185100394
combined_overall,0.08063953262934767,1.0,0.9999139185100394
combined_overall,0.08065138061325165,1.0,0.9999139185100394
combined_overall,0.08065353479214328,1.0,0.9999139185100394
combined_overall,0.08065999732881818,1.0,0.9999139185100394
combined_overall,0.08066645986549308,1.0,0.9999139185100394
combined_overall,0.08067076822327633,1.0,0.9999139185100394
combined_overall,0.0806750765810596,1.0,0.9999139185100394
combined_overall,0.08068800165440938,1.0,0.9999139185100394
combined_overall,0.08069015583330102,1.0,0.9999139185100394
combined_overall,0.08069661836997592,1.0,0.9999139185100394
combined_overall,0.08069984963831336,1.0,0.9999139185100394
combined_overall,0.08070092672775918,1.0,0.9999139185100394
combined_overall,0.0807030809066508,1.0,0.9999139185100394
combined_overall,0.08070846635387989,1.0,0.9999139185100394
combined_overall,0.08071169762221735,1.0,0.9999139185100394
combined_overall,0.08071708306944642,1.0,0.9999139185100394
combined_overall,0.08072139142722969,1.0,0.9999139185100394
combined_overall,0.0807353935900253,1.0,0.9999139185100394
combined_overall,0.08073754776891692,1.0,0.9999139185100394
combined_overall,0.08076016664727906,1.0,0.9999139185100394
combined_overall,0.08076232082617069,1.0,0.9999139185100394
combined_overall,0.08076662918395396,1.0,0.9999139185100394
combined_overall,0.08076878336284558,1.0,0.9999139185100394
combined_overall,0.0807827855256412,1.0,0.9999139185100394
combined_overall,0.08078493970453282,1.0,0.9999139185100394
combined_overall,0.08080540440400333,1.0,0.9999139185100394
combined_overall,0.08080755858289496,1.0,0.9999139185100394
combined_overall,0.08081186694067823,1.0,0.9999139185100394
combined_overall,0.08081402111956985,1.0,0.9999139185100394
combined_overall,0.08082263783513638,1.0,0.9999139185100394
combined_overall,0.08082586910347384,1.0,0.9999139185100394
combined_overall,0.0808312545507029,1.0,0.9999139185100394
combined_overall,0.08083556290848617,1.0,0.9999139185100394
combined_overall,0.08083663999793199,1.0,0.9999139185100394
combined_overall,0.08083987126626943,1.0,0.9999139185100394
combined_overall,0.08085818178684831,1.0,0.9999139185100394
combined_overall,0.08086033596573994,1.0,0.9999139185100394
combined_overall,0.08087002977075228,1.0,0.9999139185100394
combined_overall,0.08087218394964392,1.0,0.9999139185100394
combined_overall,0.08087326103908973,1.0,0.9999139185100394
combined_overall,0.08087756939687299,1.0,0.9999139185100394
combined_overall,0.08088080066521044,1.0,0.9999139185100394
combined_overall,0.08090665081191002,1.0,0.9999139185100394
combined_overall,0.08090880499080165,1.0,0.9999139185100394
combined_overall,0.080918498795814,1.0,0.9999139185100394
combined_overall,0.08092280715359726,1.0,0.9999139185100394
combined_overall,0.08093573222694705,1.0,0.9999139185100394
combined_overall,0.08093788640583868,1.0,0.9999139185100394
combined_overall,0.08097019908921317,1.0,0.9999139185100394
combined_overall,0.08097450744699643,1.0,0.9999139185100394
combined_overall,0.08101005139870836,1.0,0.9999139185100394
combined_overall,0.0810132826670458,1.0,0.9999139185100394
combined_overall,0.08103697863485375,1.0,0.9999139185100394
combined_overall,0.08103913281374539,1.0,0.9999139185100394
combined_overall,0.0810606746026617,1.0,0.9999139185100394
combined_overall,0.08106390587099915,1.0,0.9999139185100394
combined_overall,0.0810671371393366,1.0,0.9999139185100394
combined_overall,0.08106929131822824,1.0,0.9999139185100394
combined_overall,0.08108006221268639,1.0,0.9999139185100394
combined_overall,0.08108221639157802,1.0,0.9999139185100394
combined_overall,0.08109191019659037,1.0,0.9999139185100394
combined_overall,0.081094064375482,1.0,0.9999139185100394
combined_overall,0.08110375818049434,1.0,0.9999139185100394
combined_overall,0.08110591235938597,1.0,0.9999139185100394
combined_overall,0.08111991452218158,1.0,0.9999139185100394
combined_overall,0.08112422287996485,1.0,0.9999139185100394
combined_overall,0.081134993774423,1.0,0.9999139185100394
combined_overall,0.08113714795331463,1.0,0.9999139185100394
combined_overall,0.08114253340054371,1.0,0.9999139185100394
combined_overall,0.08115330429500188,1.0,0.9999139185100394
combined_overall,0.08116084392112259,1.0,0.9999139185100394
combined_overall,0.08116299810001422,1.0,0.9999139185100394
combined_overall,0.08116622936835166,1.0,0.9999139185100394
combined_overall,0.0811683835472433,1.0,0.9999139185100394
combined_overall,0.08116946063668912,1.0,0.9999139185100394
combined_overall,0.08117269190502656,1.0,0.9999139185100394
combined_overall,0.08118130862059308,1.0,0.9999139185100394
combined_overall,0.08118561697837635,1.0,0.9999139185100394
combined_overall,0.0811953107833887,1.0,0.9999139185100394
combined_overall,0.08119746496228032,1.0,0.9999139185100394
combined_overall,0.08119961914117196,1.0,0.9999139185100394
combined_overall,0.08120392749895522,1.0,0.9999139185100394
combined_overall,0.08121685257230501,1.0,0.9999139185100394
combined_overall,0.08121900675119664,1.0,0.9999139185100394
combined_overall,0.08122439219842573,1.0,0.9999139185100394
combined_overall,0.08122977764565481,1.0,0.9999139185100394
combined_overall,0.08125347361346276,1.0,0.9999139185100394
combined_overall,0.08125778197124602,1.0,0.9999139185100394
combined_overall,0.08127070704459581,1.0,0.9999139185100394
combined_overall,0.08127286122348744,1.0,0.9999139185100394
combined_overall,0.08129224883351213,1.0,0.9999139185100394
combined_overall,0.08129440301240376,1.0,0.9999139185100394
combined_overall,0.08130086554907866,1.0,0.9999139185100394
combined_overall,0.08130301972797029,1.0,0.9999139185100394
combined_overall,0.0813170218907659,1.0,0.9999139185100394
combined_overall,0.08131917606965752,1.0,0.9999139185100394
combined_overall,0.08133317823245313,1.0,0.9999139185100394
combined_overall,0.08133533241134477,1.0,0.9999139185100394
combined_overall,0.08134179494801966,1.0,0.9999139185100394
combined_overall,0.0813439491269113,1.0,0.9999139185100394
combined_overall,0.08135687420026108,1.0,0.9999139185100394
combined_overall,0.08135902837915272,1.0,0.9999139185100394
combined_overall,0.08136872218416506,1.0,0.9999139185100394
combined_overall,0.08137087636305669,1.0,0.9999139185100394
combined_overall,0.08139564942031045,1.0,0.9999139185100394
combined_overall,0.08139995777809372,1.0,0.9999139185100394
combined_overall,0.08141934538811842,1.0,0.9999139185100394
combined_overall,0.08142149956701004,1.0,0.9999139185100394
combined_overall,0.08142257665645586,1.0,0.9999139185100394
combined_overall,0.08142473083534749,1.0,0.9999139185100394
combined_overall,0.0814258079247933,1.0,0.9999139185100394
combined_overall,0.08142796210368494,1.0,0.9999139185100394
combined_overall,0.08146027478705942,1.0,0.9999139185100394
combined_overall,0.08146242896595104,1.0,0.9999139185100394
combined_overall,0.08152166888547092,1.0,0.9999139185100394
combined_overall,0.08152813142214582,1.0,0.9999139185100394
combined_overall,0.08153028560103745,1.0,0.9999139185100394
combined_overall,0.0815604441055203,1.0,0.9999139185100394
combined_overall,0.08156259828441192,1.0,0.9999139185100394
combined_overall,0.08156906082108682,1.0,0.9999139185100394
combined_overall,0.08157121499997846,1.0,0.9999139185100394
combined_overall,0.08159491096778641,1.0,0.9999139185100394
combined_overall,0.08159706514667804,1.0,0.9999139185100394
combined_overall,0.0816218382039318,1.0,0.9999139185100394
combined_overall,0.08162399238282345,1.0,0.9999139185100394
combined_overall,0.08162614656171507,1.0,0.9999139185100394
combined_overall,0.0816283007406067,1.0,0.9999139185100394
combined_overall,0.08163368618783579,1.0,0.9999139185100394
combined_overall,0.08163584036672741,1.0,0.9999139185100394
combined_overall,0.08165091961896884,1.0,0.9999139185100394
combined_overall,0.08165307379786046,1.0,0.9999139185100394
combined_overall,0.08166169051342699,1.0,0.9999139185100394
combined_overall,0.08166707596065607,1.0,0.9999139185100394
combined_overall,0.08168000103400587,1.0,0.9999139185100394
combined_overall,0.08168430939178913,1.0,0.9999139185100394
combined_overall,0.08168646357068077,1.0,0.9999139185100394
combined_overall,0.0816886177495724,1.0,0.9999139185100394
combined_overall,0.08169938864403055,1.0,0.9999139185100394
combined_overall,0.08170477409125963,1.0,0.9999139185100394
combined_overall,0.08171231371738034,1.0,0.9999139185100394
combined_overall,0.08171446789627197,1.0,0.9999139185100394
combined_overall,0.0817360096851883,1.0,0.9999139185100394
combined_overall,0.08173924095352575,1.0,0.9999139185100394
combined_overall,0.08175755147410461,1.0,0.9999139185100394
combined_overall,0.08175970565299624,1.0,0.9999139185100394
combined_overall,0.08180278923082888,1.0,0.9999139185100394
combined_overall,0.08181248303584122,1.0,0.9999139185100394
combined_overall,0.08181894557251612,1.0,0.9999139185100394
combined_overall,0.08182109975140775,1.0,0.9999139185100394
combined_overall,0.08184371862976988,1.0,0.9999139185100394
combined_overall,0.08188680220760253,1.0,0.9999139185100394
combined_overall,0.08189434183372324,1.0,0.9999139185100394
combined_overall,0.08189649601261487,1.0,0.9999139185100394
combined_overall,0.08191049817541048,1.0,0.9999139185100394
combined_overall,0.0819126523543021,1.0,0.9999139185100394
combined_overall,0.08193742541155588,1.0,0.9999139185100394
combined_overall,0.08193957959044751,1.0,0.9999139185100394
combined_overall,0.08194065667989332,1.0,0.9999139185100394
combined_overall,0.08194388794823078,1.0,0.9999139185100394
combined_overall,0.0819525046637973,1.0,0.9999139185100394
combined_overall,0.08196004428991802,1.0,0.9999139185100394
combined_overall,0.08196542973714709,1.0,0.9999139185100394
combined_overall,0.08196973809493036,1.0,0.9999139185100394
combined_overall,0.08199451115218412,1.0,0.9999139185100394
combined_overall,0.08199666533107576,1.0,0.9999139185100394
combined_overall,0.08200205077830483,1.0,0.9999139185100394
combined_overall,0.08200420495719647,1.0,0.9999139185100394
combined_overall,0.0820063591360881,1.0,0.9999139185100394
combined_overall,0.08200851331497973,1.0,0.9999139185100394
combined_overall,0.08201605294110044,1.0,0.9999139185100394
combined_overall,0.08202359256722115,1.0,0.9999139185100394
combined_overall,0.08202574674611278,1.0,0.9999139185100394
combined_overall,0.08203759473001676,1.0,0.9999139185100394
combined_overall,0.08203974890890839,1.0,0.9999139185100394
combined_overall,0.08204621144558329,1.0,0.9999139185100394
combined_overall,0.08204836562447491,1.0,0.9999139185100394
combined_overall,0.08205698234004144,1.0,0.9999139185100394
combined_overall,0.08205913651893308,1.0,0.9999139185100394
combined_overall,0.08206559905560798,1.0,0.9999139185100394
combined_overall,0.08206775323449961,1.0,0.9999139185100394
combined_overall,0.08207744703951195,1.0,0.9999139185100394
combined_overall,0.0820806783078494,1.0,0.9999139185100394
combined_overall,0.08211837643845296,1.0,0.9999139185100394
combined_overall,0.08212053061734459,1.0,0.9999139185100394
combined_overall,0.08212268479623622,1.0,0.9999139185100394
combined_overall,0.08212483897512785,1.0,0.9999139185100394
combined_overall,0.08213776404847764,1.0,0.9999139185100394
combined_overall,0.08213991822736927,1.0,0.9999139185100394
combined_overall,0.0821409953168151,1.0,0.9999139185100394
combined_overall,0.08214314949570672,1.0,0.9999139185100394
combined_overall,0.08218515598409354,1.0,0.9999139185100394
combined_overall,0.08218731016298518,1.0,0.9999139185100394
combined_overall,0.08219700396799752,1.0,0.9999139185100394
combined_overall,0.08219915814688915,1.0,0.9999139185100394
combined_overall,0.08221854575691384,1.0,0.9999139185100394
combined_overall,0.08222069993580547,1.0,0.9999139185100394
combined_overall,0.08222500829358874,1.0,0.9999139185100394
combined_overall,0.08222716247248037,1.0,0.9999139185100394
combined_overall,0.08222823956192618,1.0,0.9999139185100394
combined_overall,0.08223039374081781,1.0,0.9999139185100394
combined_overall,0.0822368562774927,1.0,0.9999139185100394
combined_overall,0.08223901045638433,1.0,0.9999139185100394
combined_overall,0.08224547299305923,1.0,0.9999139185100394
combined_overall,0.08225085844028832,1.0,0.9999139185100394
combined_overall,0.08225301261917994,1.0,0.9999139185100394
combined_overall,0.08225732097696321,1.0,0.9999139185100394
combined_overall,0.08225947515585484,1.0,0.9999139185100394
combined_overall,0.08226378351363811,1.0,0.9999139185100394
combined_overall,0.08226593769252974,1.0,0.9999139185100394
combined_overall,0.08231656089648309,1.0,0.9999139185100394
combined_overall,0.08232194634371216,1.0,0.9999139185100394
combined_overall,0.08232302343315798,1.0,0.9999139185100394
combined_overall,0.08232840888038706,1.0,0.9999139185100394
combined_overall,0.08233487141706196,1.0,0.9999139185100394
combined_overall,0.08233702559595359,1.0,0.9999139185100394
combined_overall,0.08233917977484523,1.0,0.9999139185100394
combined_overall,0.08234133395373686,1.0,0.9999139185100394
combined_overall,0.0823445652220743,1.0,0.9999139185100394
combined_overall,0.08234671940096594,1.0,0.9999139185100394
combined_overall,0.08234779649041175,1.0,0.9999139185100394
combined_overall,0.08235210484819501,1.0,0.9999139185100394
combined_overall,0.08236826118988225,1.0,0.9999139185100394
combined_overall,0.08237041536877389,1.0,0.9999139185100394
combined_overall,0.08239088006824438,1.0,0.9999139185100394
combined_overall,0.08239734260491928,1.0,0.9999139185100394
combined_overall,0.08241134476771489,1.0,0.9999139185100394
combined_overall,0.08241349894660652,1.0,0.9999139185100394
combined_overall,0.0824318094671854,1.0,0.9999139185100394
combined_overall,0.08244150327219774,1.0,0.9999139185100394
combined_overall,0.082445811629981,1.0,0.9999139185100394
combined_overall,0.08244904289831845,1.0,0.9999139185100394
combined_overall,0.08245119707721008,1.0,0.9999139185100394
combined_overall,0.08245335125610172,1.0,0.9999139185100394
combined_overall,0.08245873670333079,1.0,0.9999139185100394
combined_overall,0.08246304506111406,1.0,0.9999139185100394
combined_overall,0.08247166177668058,1.0,0.9999139185100394
combined_overall,0.08247489304501802,1.0,0.9999139185100394
combined_overall,0.08248135558169292,1.0,0.9999139185100394
combined_overall,0.08248566393947619,1.0,0.9999139185100394
combined_overall,0.08249751192338016,1.0,0.9999139185100394
combined_overall,0.0824996661022718,1.0,0.9999139185100394
combined_overall,0.08250289737060924,1.0,0.9999139185100394
combined_overall,0.08250505154950087,1.0,0.9999139185100394
combined_overall,0.08251151408617577,1.0,0.9999139185100394
combined_overall,0.08251366826506741,1.0,0.9999139185100394
combined_overall,0.08252551624897138,1.0,0.9999139185100394
combined_overall,0.082527670427863,1.0,0.9999139185100394
combined_overall,0.0825470580378877,1.0,0.9999139185100394
combined_overall,0.08254921221677933,1.0,0.9999139185100394
combined_overall,0.08255028930622514,1.0,0.9999139185100394
combined_overall,0.08255244348511678,1.0,0.9999139185100394
combined_overall,0.08255567475345423,1.0,0.9999139185100394
combined_overall,0.08257506236347892,1.0,0.9999139185100394
combined_overall,0.08257721654237055,1.0,0.9999139185100394
combined_overall,0.08257829363181636,1.0,0.9999139185100394
combined_overall,0.08258044781070799,1.0,0.9999139185100394
combined_overall,0.08258906452627451,1.0,0.9999139185100394
combined_overall,0.08259229579461197,1.0,0.9999139185100394
combined_overall,0.08259552706294941,1.0,0.9999139185100394
combined_overall,0.08259768124184105,1.0,0.9999139185100394
combined_overall,0.082621377209649,1.0,0.9999139185100394
combined_overall,0.08262460847798644,1.0,0.9999139185100394
combined_overall,0.08263861064078205,1.0,0.9999139185100394
combined_overall,0.08264076481967368,1.0,0.9999139185100394
combined_overall,0.0826418419091195,1.0,0.9999139185100394
combined_overall,0.08264507317745695,1.0,0.9999139185100394
combined_overall,0.08267307750304816,1.0,0.9999139185100394
combined_overall,0.08267630877138561,1.0,0.9999139185100394
combined_overall,0.08268600257639795,1.0,0.9999139185100394
combined_overall,0.08269569638141029,1.0,0.9999139185100394
combined_overall,0.08270431309697683,1.0,0.9999139185100394
combined_overall,0.08271077563365171,1.0,0.9999139185100394
combined_overall,0.08272046943866407,1.0,0.9999139185100394
combined_overall,0.0827226236175557,1.0,0.9999139185100394
combined_overall,0.0827290861542306,1.0,0.9999139185100394
combined_overall,0.08273124033312222,1.0,0.9999139185100394
combined_overall,0.08274631958536365,1.0,0.9999139185100394
combined_overall,0.08274847376425527,1.0,0.9999139185100394
combined_overall,0.08275493630093017,1.0,0.9999139185100394
combined_overall,0.08275709047982181,1.0,0.9999139185100394
combined_overall,0.08275816756926763,1.0,0.9999139185100394
combined_overall,0.08276032174815925,1.0,0.9999139185100394
combined_overall,0.0827775551792923,1.0,0.9999139185100394
combined_overall,0.08277970935818395,1.0,0.9999139185100394
combined_overall,0.082796942789317,1.0,0.9999139185100394
combined_overall,0.08279909696820863,1.0,0.9999139185100394
combined_overall,0.08281202204155842,1.0,0.9999139185100394
combined_overall,0.08281633039934168,1.0,0.9999139185100394
combined_overall,0.08282817838324566,1.0,0.9999139185100394
combined_overall,0.08283033256213729,1.0,0.9999139185100394
combined_overall,0.08284648890382453,1.0,0.9999139185100394
combined_overall,0.08284864308271617,1.0,0.9999139185100394
combined_overall,0.08286587651384922,1.0,0.9999139185100394
combined_overall,0.08287018487163247,1.0,0.9999139185100394
combined_overall,0.08290034337611532,1.0,0.9999139185100394
combined_overall,0.08290357464445278,1.0,0.9999139185100394
combined_overall,0.08292188516503164,1.0,0.9999139185100394
combined_overall,0.08292619352281491,1.0,0.9999139185100394
combined_overall,0.08294881240117705,1.0,0.9999139185100394
combined_overall,0.08295096658006867,1.0,0.9999139185100394
combined_overall,0.08295419784840612,1.0,0.9999139185100394
combined_overall,0.08295635202729776,1.0,0.9999139185100394
combined_overall,0.08300912941014274,1.0,0.9999139185100394
combined_overall,0.08301128358903437,1.0,0.9999139185100394
combined_overall,0.08301236067848018,1.0,0.9999139185100394
combined_overall,0.08301774612570927,1.0,0.9999139185100394
combined_overall,0.08301882321515508,1.0,0.9999139185100394
combined_overall,0.08302097739404671,1.0,0.9999139185100394
combined_overall,0.08302851702016742,1.0,0.9999139185100394
combined_overall,0.08303067119905906,1.0,0.9999139185100394
combined_overall,0.08303174828850488,1.0,0.9999139185100394
combined_overall,0.0830339024673965,1.0,0.9999139185100394
combined_overall,0.08303605664628813,1.0,0.9999139185100394
combined_overall,0.0830403650040714,1.0,0.9999139185100394
combined_overall,0.08304790463019211,1.0,0.9999139185100394
combined_overall,0.08305005880908374,1.0,0.9999139185100394
combined_overall,0.08307160059800006,1.0,0.9999139185100394
combined_overall,0.08307375477689169,1.0,0.9999139185100394
combined_overall,0.08307590895578332,1.0,0.9999139185100394
combined_overall,0.08307806313467496,1.0,0.9999139185100394
combined_overall,0.0831082216391578,1.0,0.9999139185100394
combined_overall,0.08312545507029086,1.0,0.9999139185100394
combined_overall,0.0831286863386283,1.0,0.9999139185100394
combined_overall,0.08315345939588208,1.0,0.9999139185100394
combined_overall,0.0831556135747737,1.0,0.9999139185100394
combined_overall,0.08316315320089442,1.0,0.9999139185100394
combined_overall,0.08316530737978604,1.0,0.9999139185100394
combined_overall,0.0831750011847984,1.0,0.9999139185100394
combined_overall,0.08317930954258165,1.0,0.9999139185100394
combined_overall,0.08319977424205216,1.0,0.9999139185100394
combined_overall,0.0832030055103896,1.0,0.9999139185100394
combined_overall,0.08321269931540194,1.0,0.9999139185100394
combined_overall,0.08321485349429358,1.0,0.9999139185100394
combined_overall,0.0832223931204143,1.0,0.9999139185100394
combined_overall,0.08322454729930592,1.0,0.9999139185100394
combined_overall,0.08322777856764337,1.0,0.9999139185100394
combined_overall,0.08322993274653501,1.0,0.9999139185100394
combined_overall,0.08323531819376408,1.0,0.9999139185100394
combined_overall,0.08323962655154735,1.0,0.9999139185100394
combined_overall,0.08324178073043897,1.0,0.9999139185100394
combined_overall,0.08324285781988479,1.0,0.9999139185100394
combined_overall,0.08324501199877643,1.0,0.9999139185100394
combined_overall,0.08324932035655969,1.0,0.9999139185100394
combined_overall,0.08325255162489714,1.0,0.9999139185100394
combined_overall,0.08325578289323458,1.0,0.9999139185100394
combined_overall,0.08325793707212621,1.0,0.9999139185100394
combined_overall,0.0832697850560302,1.0,0.9999139185100394
combined_overall,0.08327193923492182,1.0,0.9999139185100394
combined_overall,0.08327301632436764,1.0,0.9999139185100394
combined_overall,0.08327517050325928,1.0,0.9999139185100394
combined_overall,0.08328163303993417,1.0,0.9999139185100394
combined_overall,0.08328594139771743,1.0,0.9999139185100394
combined_overall,0.08328917266605489,1.0,0.9999139185100394
combined_overall,0.08329132684494651,1.0,0.9999139185100394
combined_overall,0.08330532900774212,1.0,0.9999139185100394
combined_overall,0.08330856027607957,1.0,0.9999139185100394
combined_overall,0.08331609990220028,1.0,0.9999139185100394
combined_overall,0.08331933117053772,1.0,0.9999139185100394
combined_overall,0.08332363952832099,1.0,0.9999139185100394
combined_overall,0.08332579370721262,1.0,0.9999139185100394
combined_overall,0.08333333333333333,1.0,0.9999139185100394
combined_overall,0.08333548751222497,1.0,0.9999139185100394
combined_overall,0.08335164385391221,1.0,0.9999139185100394
combined_overall,0.08335379803280384,1.0,0.9999139185100394
combined_overall,0.08336133765892455,1.0,0.9999139185100394
combined_overall,0.08336456892726199,1.0,0.9999139185100394
combined_overall,0.08337749400061178,1.0,0.9999139185100394
combined_overall,0.08338180235839505,1.0,0.9999139185100394
combined_overall,0.0833914961634074,1.0,0.9999139185100394
combined_overall,0.08339365034229902,1.0,0.9999139185100394
combined_overall,0.08339795870008229,1.0,0.9999139185100394
combined_overall,0.08340118996841973,1.0,0.9999139185100394
combined_overall,0.08340334414731138,1.0,0.9999139185100394
combined_overall,0.08340765250509463,1.0,0.9999139185100394
combined_overall,0.08341626922066116,1.0,0.9999139185100394
combined_overall,0.0834184233995528,1.0,0.9999139185100394
combined_overall,0.08344965899348146,1.0,0.9999139185100394
combined_overall,0.08345181317237309,1.0,0.9999139185100394
combined_overall,0.08345612153015634,1.0,0.9999139185100394
combined_overall,0.08345827570904799,1.0,0.9999139185100394
combined_overall,0.08351643853912204,1.0,0.9999139185100394
combined_overall,0.08351966980745949,1.0,0.9999139185100394
combined_overall,0.08352182398635112,1.0,0.9999139185100394
combined_overall,0.08352613234413439,1.0,0.9999139185100394
combined_overall,0.08353044070191765,1.0,0.9999139185100394
combined_overall,0.08353259488080929,1.0,0.9999139185100394
combined_overall,0.08354659704360488,1.0,0.9999139185100394
combined_overall,0.08354875122249653,1.0,0.9999139185100394
combined_overall,0.083581063905871,1.0,0.9999139185100394
combined_overall,0.08359937442644987,1.0,0.9999139185100394
combined_overall,0.0836155307681371,1.0,0.9999139185100394
combined_overall,0.08361768494702874,1.0,0.9999139185100394
combined_overall,0.08361876203647456,1.0,0.9999139185100394
combined_overall,0.08362414748370364,1.0,0.9999139185100394
combined_overall,0.08364245800428251,1.0,0.9999139185100394
combined_overall,0.08364568927261995,1.0,0.9999139185100394
combined_overall,0.0836553830776323,1.0,0.9999139185100394
combined_overall,0.08365753725652393,1.0,0.9999139185100394
combined_overall,0.0836618456143072,1.0,0.9999139185100394
combined_overall,0.08366399979319883,1.0,0.9999139185100394
combined_overall,0.08366507688264464,1.0,0.9999139185100394
combined_overall,0.08367800195599444,1.0,0.9999139185100394
combined_overall,0.08371246881826054,1.0,0.9999139185100394
combined_overall,0.08371462299715217,1.0,0.9999139185100394
combined_overall,0.08374047314385176,1.0,0.9999139185100394
combined_overall,0.08374478150163502,1.0,0.9999139185100394
combined_overall,0.0837630920222139,1.0,0.9999139185100394
combined_overall,0.08376524620110552,1.0,0.9999139185100394
combined_overall,0.08376632329055134,1.0,0.9999139185100394
combined_overall,0.08377278582722623,1.0,0.9999139185100394
combined_overall,0.08377494000611786,1.0,0.9999139185100394
combined_overall,0.08380079015281745,1.0,0.9999139185100394
combined_overall,0.08380294433170908,1.0,0.9999139185100394
combined_overall,0.08381694649450469,1.0,0.9999139185100394
combined_overall,0.08381910067339632,1.0,0.9999139185100394
combined_overall,0.08383202574674611,1.0,0.9999139185100394
combined_overall,0.08383417992563774,1.0,0.9999139185100394
combined_overall,0.08384818208843335,1.0,0.9999139185100394
combined_overall,0.08385033626732498,1.0,0.9999139185100394
combined_overall,0.08386326134067477,1.0,0.9999139185100394
combined_overall,0.0838654155195664,1.0,0.9999139185100394
combined_overall,0.08388157186125364,1.0,0.9999139185100394
combined_overall,0.08388372604014528,1.0,0.9999139185100394
combined_overall,0.08389772820294089,1.0,0.9999139185100394
combined_overall,0.08390634491850742,1.0,0.9999139185100394
combined_overall,0.08390849909739904,1.0,0.9999139185100394
combined_overall,0.08391065327629067,1.0,0.9999139185100394
combined_overall,0.0839192699918572,1.0,0.9999139185100394
combined_overall,0.08392357834964047,1.0,0.9999139185100394
combined_overall,0.08393434924409862,1.0,0.9999139185100394
combined_overall,0.08393650342299026,1.0,0.9999139185100394
combined_overall,0.08393865760188189,1.0,0.9999139185100394
combined_overall,0.08394081178077352,1.0,0.9999139185100394
combined_overall,0.08394835140689423,1.0,0.9999139185100394
combined_overall,0.08395158267523169,1.0,0.9999139185100394
combined_overall,0.08395373685412331,1.0,0.9999139185100394
combined_overall,0.08399789752140177,1.0,0.9999139185100394
combined_overall,0.08400220587918503,1.0,0.9999139185100394
combined_overall,0.08403021020477625,1.0,0.9999139185100394
combined_overall,0.08403236438366787,1.0,0.9999139185100394
combined_overall,0.08403344147311369,1.0,0.9999139185100394
combined_overall,0.08403559565200533,1.0,0.9999139185100394
combined_overall,0.08403667274145114,1.0,0.9999139185100394
combined_overall,0.08403990400978859,1.0,0.9999139185100394
combined_overall,0.08408514176651286,1.0,0.9999139185100394
combined_overall,0.08408729594540448,1.0,0.9999139185100394
combined_overall,0.08413145661268294,1.0,0.9999139185100394
combined_overall,0.08413576497046621,1.0,0.9999139185100394
combined_overall,0.08416376929605743,1.0,0.9999139185100394
combined_overall,0.08416592347494906,1.0,0.9999139185100394
combined_overall,0.08419285071109445,1.0,0.9999139185100394
combined_overall,0.08419500488998609,1.0,0.9999139185100394
combined_overall,0.08423916555726453,1.0,0.9999139185100394
combined_overall,0.08424131973615617,1.0,0.9999139185100394
combined_overall,0.0842434739150478,1.0,0.9999139185100394
combined_overall,0.08424562809393943,1.0,0.9999139185100394
combined_overall,0.0842499364517227,1.0,0.9999139185100394
combined_overall,0.08425209063061433,1.0,0.9999139185100394
combined_overall,0.08426070734618085,1.0,0.9999139185100394
combined_overall,0.0842628615250725,1.0,0.9999139185100394
combined_overall,0.08427363241953065,1.0,0.9999139185100394
combined_overall,0.08427578659842228,1.0,0.9999139185100394
combined_overall,0.08428117204565136,1.0,0.9999139185100394
combined_overall,0.0842844033139888,1.0,0.9999139185100394
combined_overall,0.08428655749288044,1.0,0.9999139185100394
combined_overall,0.08430486801345931,1.0,0.9999139185100394
combined_overall,0.08430702219235094,1.0,0.9999139185100394
combined_overall,0.08431456181847165,1.0,0.9999139185100394
combined_overall,0.08431671599736329,1.0,0.9999139185100394
combined_overall,0.084324255623484,1.0,0.9999139185100394
combined_overall,0.08432640980237563,1.0,0.9999139185100394
combined_overall,0.08432856398126726,1.0,0.9999139185100394
combined_overall,0.08433502651794215,1.0,0.9999139185100394
combined_overall,0.08434579741240031,1.0,0.9999139185100394
combined_overall,0.08435010577018358,1.0,0.9999139185100394
combined_overall,0.08435441412796685,1.0,0.9999139185100394
combined_overall,0.0843587224857501,1.0,0.9999139185100394
combined_overall,0.08436087666464173,1.0,0.9999139185100394
combined_overall,0.08436949338020827,1.0,0.9999139185100394
combined_overall,0.08437918718522061,1.0,0.9999139185100394
combined_overall,0.08438134136411224,1.0,0.9999139185100394
combined_overall,0.08441042277914927,1.0,0.9999139185100394
combined_overall,0.0844125769580409,1.0,0.9999139185100394
combined_overall,0.08442765621028232,1.0,0.9999139185100394
combined_overall,0.08443088747861978,1.0,0.9999139185100394
combined_overall,0.08443519583640303,1.0,0.9999139185100394
combined_overall,0.08444812090975283,1.0,0.9999139185100394
combined_overall,0.08445350635698191,1.0,0.9999139185100394
combined_overall,0.08445566053587354,1.0,0.9999139185100394
combined_overall,0.08446858560922334,1.0,0.9999139185100394
combined_overall,0.08447612523534405,1.0,0.9999139185100394
combined_overall,0.08447720232478986,1.0,0.9999139185100394
combined_overall,0.08447935650368149,1.0,0.9999139185100394
combined_overall,0.08448258777201893,1.0,0.9999139185100394
combined_overall,0.08448474195091057,1.0,0.9999139185100394
combined_overall,0.08449012739813964,1.0,0.9999139185100394
combined_overall,0.08449228157703129,1.0,0.9999139185100394
combined_overall,0.08449551284536873,1.0,0.9999139185100394
combined_overall,0.08449766702426036,1.0,0.9999139185100394
combined_overall,0.084499821203152,1.0,0.9999139185100394
combined_overall,0.08450197538204363,1.0,0.9999139185100394
combined_overall,0.08452459426040576,1.0,0.9999139185100394
combined_overall,0.0845278255287432,1.0,0.9999139185100394
combined_overall,0.0845342880654181,1.0,0.9999139185100394
combined_overall,0.08453644224430974,1.0,0.9999139185100394
combined_overall,0.08453859642320137,1.0,0.9999139185100394
combined_overall,0.084540750602093,1.0,0.9999139185100394
combined_overall,0.08455475276488861,1.0,0.9999139185100394
combined_overall,0.08455690694378024,1.0,0.9999139185100394
combined_overall,0.0845676778382384,1.0,0.9999139185100394
combined_overall,0.08456983201713003,1.0,0.9999139185100394
combined_overall,0.08457306328546747,1.0,0.9999139185100394
combined_overall,0.08457737164325074,1.0,0.9999139185100394
combined_overall,0.08459352798493798,1.0,0.9999139185100394
combined_overall,0.08459568216382961,1.0,0.9999139185100394
combined_overall,0.08460645305828778,1.0,0.9999139185100394
combined_overall,0.08460968432662522,1.0,0.9999139185100394
combined_overall,0.08461830104219174,1.0,0.9999139185100394
combined_overall,0.08462045522108338,1.0,0.9999139185100394
combined_overall,0.08463122611554154,1.0,0.9999139185100394
combined_overall,0.08463338029443317,1.0,0.9999139185100394
combined_overall,0.08464738245722878,1.0,0.9999139185100394
combined_overall,0.08465492208334949,1.0,0.9999139185100394
combined_overall,0.08466461588836183,1.0,0.9999139185100394
combined_overall,0.08467107842503672,1.0,0.9999139185100394
combined_overall,0.08467646387226581,1.0,0.9999139185100394
combined_overall,0.08467861805115744,1.0,0.9999139185100394
combined_overall,0.0846893889456156,1.0,0.9999139185100394
combined_overall,0.08469800566118213,1.0,0.9999139185100394
combined_overall,0.08469908275062794,1.0,0.9999139185100394
combined_overall,0.08470123692951957,1.0,0.9999139185100394
combined_overall,0.0847238558078817,1.0,0.9999139185100394
combined_overall,0.08472600998677335,1.0,0.9999139185100394
combined_overall,0.08473247252344823,1.0,0.9999139185100394
combined_overall,0.08473462670233987,1.0,0.9999139185100394
combined_overall,0.08475186013347293,1.0,0.9999139185100394
combined_overall,0.08475616849125618,1.0,0.9999139185100394
combined_overall,0.08476047684903945,1.0,0.9999139185100394
combined_overall,0.08476370811737689,1.0,0.9999139185100394
combined_overall,0.0847777102801725,1.0,0.9999139185100394
combined_overall,0.08478201863795577,1.0,0.9999139185100394
combined_overall,0.0848035604268721,1.0,0.9999139185100394
combined_overall,0.08480571460576372,1.0,0.9999139185100394
combined_overall,0.08481971676855933,1.0,0.9999139185100394
combined_overall,0.08482187094745096,1.0,0.9999139185100394
combined_overall,0.08485741489916289,1.0,0.9999139185100394
combined_overall,0.08485956907805452,1.0,0.9999139185100394
combined_overall,0.08486926288306686,1.0,0.9999139185100394
combined_overall,0.0848714170619585,1.0,0.9999139185100394
combined_overall,0.0849188089975744,1.0,0.9999139185100394
combined_overall,0.08492204026591184,1.0,0.9999139185100394
combined_overall,0.08492742571314092,1.0,0.9999139185100394
combined_overall,0.08493173407092419,1.0,0.9999139185100394
combined_overall,0.08493604242870745,1.0,0.9999139185100394
combined_overall,0.08496081548596121,1.0,0.9999139185100394
combined_overall,0.08496296966485285,1.0,0.9999139185100394
combined_overall,0.08496727802263611,1.0,0.9999139185100394
combined_overall,0.08497158638041938,1.0,0.9999139185100394
combined_overall,0.08497804891709428,1.0,0.9999139185100394
combined_overall,0.0849802030959859,1.0,0.9999139185100394
combined_overall,0.08498989690099824,1.0,0.9999139185100394
combined_overall,0.0849931281693357,1.0,0.9999139185100394
combined_overall,0.08502436376326436,1.0,0.9999139185100394
combined_overall,0.08502651794215599,1.0,0.9999139185100394
combined_overall,0.08502974921049343,1.0,0.9999139185100394
combined_overall,0.08503190338938507,1.0,0.9999139185100394
combined_overall,0.08504805973107231,1.0,0.9999139185100394
combined_overall,0.08505775353608465,1.0,0.9999139185100394
combined_overall,0.08506744734109699,1.0,0.9999139185100394
combined_overall,0.08507067860943444,1.0,0.9999139185100394
combined_overall,0.08511807054505034,1.0,0.9999139185100394
combined_overall,0.08512022472394197,1.0,0.9999139185100394
combined_overall,0.08512237890283361,1.0,0.9999139185100394
combined_overall,0.08512453308172524,1.0,0.9999139185100394
combined_overall,0.08512668726061687,1.0,0.9999139185100394
combined_overall,0.0851288414395085,1.0,0.9999139185100394
combined_overall,0.08514607487064156,1.0,0.9999139185100394
combined_overall,0.08515038322842482,1.0,0.9999139185100394
combined_overall,0.08516653957011205,1.0,0.9999139185100394
combined_overall,0.0851686937490037,1.0,0.9999139185100394
combined_overall,0.08517623337512441,1.0,0.9999139185100394
combined_overall,0.08517838755401604,1.0,0.9999139185100394
combined_overall,0.08519454389570327,1.0,0.9999139185100394
combined_overall,0.0851966980745949,1.0,0.9999139185100394
combined_overall,0.08523116493686102,1.0,0.9999139185100394
combined_overall,0.08523331911575265,1.0,0.9999139185100394
combined_overall,0.08523978165242754,1.0,0.9999139185100394
combined_overall,0.08524409001021081,1.0,0.9999139185100394
combined_overall,0.08526670888857295,1.0,0.9999139185100394
combined_overall,0.08526886306746458,1.0,0.9999139185100394
combined_overall,0.08530009866139324,1.0,0.9999139185100394
combined_overall,0.08530763828751395,1.0,0.9999139185100394
combined_overall,0.08531302373474303,1.0,0.9999139185100394
combined_overall,0.08531517791363466,1.0,0.9999139185100394
combined_overall,0.0853184091819721,1.0,0.9999139185100394
combined_overall,0.08532056336086374,1.0,0.9999139185100394
combined_overall,0.08532164045030956,1.0,0.9999139185100394
combined_overall,0.08532594880809281,1.0,0.9999139185100394
combined_overall,0.08535503022312985,1.0,0.9999139185100394
combined_overall,0.08535718440202149,1.0,0.9999139185100394
combined_overall,0.08535933858091312,1.0,0.9999139185100394
combined_overall,0.08536149275980474,1.0,0.9999139185100394
combined_overall,0.08536687820703383,1.0,0.9999139185100394
combined_overall,0.08537010947537127,1.0,0.9999139185100394
combined_overall,0.08539057417484178,1.0,0.9999139185100394
combined_overall,0.0853927283537334,1.0,0.9999139185100394
combined_overall,0.08539488253262503,1.0,0.9999139185100394
combined_overall,0.08539703671151667,1.0,0.9999139185100394
combined_overall,0.08542073267932462,1.0,0.9999139185100394
combined_overall,0.08542288685821625,1.0,0.9999139185100394
combined_overall,0.08543581193156605,1.0,0.9999139185100394
combined_overall,0.08543796611045767,1.0,0.9999139185100394
combined_overall,0.08544227446824094,1.0,0.9999139185100394
combined_overall,0.08544442864713257,1.0,0.9999139185100394
combined_overall,0.08545412245214491,1.0,0.9999139185100394
combined_overall,0.08545627663103655,1.0,0.9999139185100394
combined_overall,0.08546273916771144,1.0,0.9999139185100394
combined_overall,0.08546489334660308,1.0,0.9999139185100394
combined_overall,0.08548535804607357,1.0,0.9999139185100394
combined_overall,0.08548751222496521,1.0,0.9999139185100394
combined_overall,0.08551013110332735,1.0,0.9999139185100394
combined_overall,0.08551228528221898,1.0,0.9999139185100394
combined_overall,0.08551767072944806,1.0,0.9999139185100394
combined_overall,0.08551982490833969,1.0,0.9999139185100394
combined_overall,0.08557152520173886,1.0,0.9999139185100394
combined_overall,0.08557367938063049,1.0,0.9999139185100394
combined_overall,0.08557583355952211,1.0,0.9999139185100394
combined_overall,0.08557906482785957,1.0,0.9999139185100394
combined_overall,0.08559198990120935,1.0,0.9999139185100394
combined_overall,0.08559414408010099,1.0,0.9999139185100394
combined_overall,0.08560599206400496,1.0,0.9999139185100394
combined_overall,0.0856081462428966,1.0,0.9999139185100394
combined_overall,0.08561676295846313,1.0,0.9999139185100394
combined_overall,0.08561999422680057,1.0,0.9999139185100394
combined_overall,0.08563076512125874,1.0,0.9999139185100394
combined_overall,0.08564153601571689,1.0,0.9999139185100394
combined_overall,0.0856835425041037,1.0,0.9999139185100394
combined_overall,0.08568569668299535,1.0,0.9999139185100394
combined_overall,0.08570400720357421,1.0,0.9999139185100394
combined_overall,0.08571262391914074,1.0,0.9999139185100394
combined_overall,0.08572447190304472,1.0,0.9999139185100394
combined_overall,0.08572770317138216,1.0,0.9999139185100394
combined_overall,0.0857298573502738,1.0,0.9999139185100394
combined_overall,0.08573524279750287,1.0,0.9999139185100394
combined_overall,0.08573739697639451,1.0,0.9999139185100394
combined_overall,0.08574062824473196,1.0,0.9999139185100394
combined_overall,0.08575139913919011,1.0,0.9999139185100394
combined_overall,0.08575570749697338,1.0,0.9999139185100394
combined_overall,0.0857643242125399,1.0,0.9999139185100394
combined_overall,0.08580740779037255,1.0,0.9999139185100394
combined_overall,0.08586449353100079,1.0,0.9999139185100394
combined_overall,0.08586772479933824,1.0,0.9999139185100394
combined_overall,0.08588495823047129,1.0,0.9999139185100394
combined_overall,0.08588926658825455,1.0,0.9999139185100394
combined_overall,0.08589034367770038,1.0,0.9999139185100394
combined_overall,0.085892497856592,1.0,0.9999139185100394
combined_overall,0.08590757710883343,1.0,0.9999139185100394
combined_overall,0.08590973128772506,1.0,0.9999139185100394
combined_overall,0.08591834800329158,1.0,0.9999139185100394
combined_overall,0.08592050218218322,1.0,0.9999139185100394
combined_overall,0.08592804180830393,1.0,0.9999139185100394
combined_overall,0.08593019598719556,1.0,0.9999139185100394
combined_overall,0.08597112538613656,1.0,0.9999139185100394
combined_overall,0.0859732795650282,1.0,0.9999139185100394
combined_overall,0.08599912971172778,1.0,0.9999139185100394
combined_overall,0.08600343806951105,1.0,0.9999139185100394
combined_overall,0.0860206715006441,1.0,0.9999139185100394
combined_overall,0.08602282567953573,1.0,0.9999139185100394
combined_overall,0.08603251948454807,1.0,0.9999139185100394
combined_overall,0.08603467366343971,1.0,0.9999139185100394
combined_overall,0.08605944672069347,1.0,0.9999139185100394
combined_overall,0.08606483216792256,1.0,0.9999139185100394
combined_overall,0.08606590925736837,1.0,0.9999139185100394
combined_overall,0.08607021761515163,1.0,0.9999139185100394
combined_overall,0.08611222410353846,1.0,0.9999139185100394
combined_overall,0.08611437828243008,1.0,0.9999139185100394
combined_overall,0.08613484298190059,1.0,0.9999139185100394
combined_overall,0.08613807425023803,1.0,0.9999139185100394
combined_overall,0.08614022842912968,1.0,0.9999139185100394
combined_overall,0.08615961603915435,1.0,0.9999139185100394
combined_overall,0.08616177021804598,1.0,0.9999139185100394
combined_overall,0.08618438909640812,1.0,0.9999139185100394
combined_overall,0.08618869745419139,1.0,0.9999139185100394
combined_overall,0.0861897745436372,1.0,0.9999139185100394
combined_overall,0.08619192872252883,1.0,0.9999139185100394
combined_overall,0.08619300581197464,1.0,0.9999139185100394
combined_overall,0.0861962370803121,1.0,0.9999139185100394
combined_overall,0.08619731416975791,1.0,0.9999139185100394
combined_overall,0.08620162252754118,1.0,0.9999139185100394
combined_overall,0.08620593088532444,1.0,0.9999139185100394
combined_overall,0.08620808506421607,1.0,0.9999139185100394
combined_overall,0.08622854976368657,1.0,0.9999139185100394
combined_overall,0.0862307039425782,1.0,0.9999139185100394
combined_overall,0.08623608938980729,1.0,0.9999139185100394
combined_overall,0.08629640639877298,1.0,0.9999139185100394
combined_overall,0.08631579400879767,1.0,0.9999139185100394
combined_overall,0.0863179481876893,1.0,0.9999139185100394
combined_overall,0.0863244107243642,1.0,0.9999139185100394
combined_overall,0.08632656490325583,1.0,0.9999139185100394
combined_overall,0.08633410452937654,1.0,0.9999139185100394
combined_overall,0.08633625870826817,1.0,0.9999139185100394
combined_overall,0.08633733579771398,1.0,0.9999139185100394
combined_overall,0.08633948997660562,1.0,0.9999139185100394
combined_overall,0.08638149646499244,1.0,0.9999139185100394
combined_overall,0.08638365064388408,1.0,0.9999139185100394
combined_overall,0.08640519243280038,1.0,0.9999139185100394
combined_overall,0.08640842370113784,1.0,0.9999139185100394
combined_overall,0.08641596332725855,1.0,0.9999139185100394
combined_overall,0.08641811750615018,1.0,0.9999139185100394
combined_overall,0.08643535093728323,1.0,0.9999139185100394
combined_overall,0.08643750511617487,1.0,0.9999139185100394
combined_overall,0.08644827601063303,1.0,0.9999139185100394
combined_overall,0.08645043018952465,1.0,0.9999139185100394
combined_overall,0.08650213048292382,1.0,0.9999139185100394
combined_overall,0.08650428466181545,1.0,0.9999139185100394
combined_overall,0.08653767443463575,1.0,0.9999139185100394
combined_overall,0.08653982861352738,1.0,0.9999139185100394
combined_overall,0.08654736823964809,1.0,0.9999139185100394
combined_overall,0.08654952241853972,1.0,0.9999139185100394
combined_overall,0.08657214129690186,1.0,0.9999139185100394
combined_overall,0.0865742954757935,1.0,0.9999139185100394
combined_overall,0.08658398928080584,1.0,0.9999139185100394
combined_overall,0.08658614345969746,1.0,0.9999139185100394
combined_overall,0.08659906853304726,1.0,0.9999139185100394
combined_overall,0.08660122271193889,1.0,0.9999139185100394
combined_overall,0.0866022998013847,1.0,0.9999139185100394
combined_overall,0.08660445398027634,1.0,0.9999139185100394
combined_overall,0.08661630196418031,1.0,0.9999139185100394
combined_overall,0.08661953323251777,1.0,0.9999139185100394
combined_overall,0.0866216874114094,1.0,0.9999139185100394
combined_overall,0.08664646046866316,1.0,0.9999139185100394
combined_overall,0.08664861464755479,1.0,0.9999139185100394
combined_overall,0.08665292300533806,1.0,0.9999139185100394
combined_overall,0.08665507718422968,1.0,0.9999139185100394
combined_overall,0.08667877315203763,1.0,0.9999139185100394
combined_overall,0.0866830815098209,1.0,0.9999139185100394
combined_overall,0.08669169822538743,1.0,0.9999139185100394
combined_overall,0.08669385240427906,1.0,0.9999139185100394
combined_overall,0.08670139203039977,1.0,0.9999139185100394
combined_overall,0.08670354620929141,1.0,0.9999139185100394
combined_overall,0.08671216292485794,1.0,0.9999139185100394
combined_overall,0.08671431710374956,1.0,0.9999139185100394
combined_overall,0.08671970255097865,1.0,0.9999139185100394
combined_overall,0.08672293381931609,1.0,0.9999139185100394
combined_overall,0.08676063194991965,1.0,0.9999139185100394
combined_overall,0.08676278612881128,1.0,0.9999139185100394
combined_overall,0.08678648209661924,1.0,0.9999139185100394
combined_overall,0.08678863627551087,1.0,0.9999139185100394
combined_overall,0.08679509881218576,1.0,0.9999139185100394
combined_overall,0.08679725299107739,1.0,0.9999139185100394
combined_overall,0.0867983300805232,1.0,0.9999139185100394
combined_overall,0.08680048425941483,1.0,0.9999139185100394
combined_overall,0.08680694679608973,1.0,0.9999139185100394
combined_overall,0.08680910097498136,1.0,0.9999139185100394
combined_overall,0.0868177176905479,1.0,0.9999139185100394
combined_overall,0.08681987186943953,1.0,0.9999139185100394
combined_overall,0.08686187835782634,1.0,0.9999139185100394
combined_overall,0.08686941798394705,1.0,0.9999139185100394
combined_overall,0.0868715721628387,1.0,0.9999139185100394
combined_overall,0.08687372634173032,1.0,0.9999139185100394
combined_overall,0.08688234305729685,1.0,0.9999139185100394
combined_overall,0.08688449723618848,1.0,0.9999139185100394
combined_overall,0.08691034738288807,1.0,0.9999139185100394
combined_overall,0.08691465574067132,1.0,0.9999139185100394
combined_overall,0.08691573283011715,1.0,0.9999139185100394
combined_overall,0.08691788700900878,1.0,0.9999139185100394
combined_overall,0.08692219536679203,1.0,0.9999139185100394
combined_overall,0.08692434954568368,1.0,0.9999139185100394
combined_overall,0.08692865790346693,1.0,0.9999139185100394
combined_overall,0.08693188917180439,1.0,0.9999139185100394
combined_overall,0.08693404335069602,1.0,0.9999139185100394
combined_overall,0.08696312476573305,1.0,0.9999139185100394
combined_overall,0.08696527894462468,1.0,0.9999139185100394
combined_overall,0.08699112909132425,1.0,0.9999139185100394
combined_overall,0.08699436035966171,1.0,0.9999139185100394
combined_overall,0.08702344177469874,1.0,0.9999139185100394
combined_overall,0.08702559595359037,1.0,0.9999139185100394
combined_overall,0.08704498356361506,1.0,0.9999139185100394
combined_overall,0.08704713774250669,1.0,0.9999139185100394
combined_overall,0.08705036901084413,1.0,0.9999139185100394
combined_overall,0.08705252318973576,1.0,0.9999139185100394
combined_overall,0.08705898572641066,1.0,0.9999139185100394
combined_overall,0.08706329408419393,1.0,0.9999139185100394
combined_overall,0.08708375878366444,1.0,0.9999139185100394
combined_overall,0.08708591296255606,1.0,0.9999139185100394
combined_overall,0.08710099221479749,1.0,0.9999139185100394
combined_overall,0.08710745475147239,1.0,0.9999139185100394
combined_overall,0.08710960893036401,1.0,0.9999139185100394
combined_overall,0.08711822564593054,1.0,0.9999139185100394
combined_overall,0.08712037982482217,1.0,0.9999139185100394
combined_overall,0.08713545907706359,1.0,0.9999139185100394
combined_overall,0.08713976743484686,1.0,0.9999139185100394
combined_overall,0.08717208011822133,1.0,0.9999139185100394
combined_overall,0.0871763884760046,1.0,0.9999139185100394
combined_overall,0.08717854265489623,1.0,0.9999139185100394
combined_overall,0.08718500519157113,1.0,0.9999139185100394
combined_overall,0.08718931354935439,1.0,0.9999139185100394
combined_overall,0.08719146772824603,1.0,0.9999139185100394
combined_overall,0.08719793026492093,1.0,0.9999139185100394
combined_overall,0.08720008444381255,1.0,0.9999139185100394
combined_overall,0.08724639928998264,1.0,0.9999139185100394
combined_overall,0.08724855346887427,1.0,0.9999139185100394
combined_overall,0.08726147854222406,1.0,0.9999139185100394
combined_overall,0.08726363272111569,1.0,0.9999139185100394
combined_overall,0.08729702249393599,1.0,0.9999139185100394
combined_overall,0.0873045621200567,1.0,0.9999139185100394
combined_overall,0.0873185642828523,1.0,0.9999139185100394
combined_overall,0.08732071846174394,1.0,0.9999139185100394
combined_overall,0.08734764569788933,1.0,0.9999139185100394
combined_overall,0.08734979987678097,1.0,0.9999139185100394
combined_overall,0.08737241875514311,1.0,0.9999139185100394
combined_overall,0.08737672711292636,1.0,0.9999139185100394
combined_overall,0.08741550233297574,1.0,0.9999139185100394
combined_overall,0.08741765651186738,1.0,0.9999139185100394
combined_overall,0.08742842740632553,1.0,0.9999139185100394
combined_overall,0.08743058158521716,1.0,0.9999139185100394
combined_overall,0.0874467379269044,1.0,0.9999139185100394
combined_overall,0.08746397135803746,1.0,0.9999139185100394
combined_overall,0.08747797352083306,1.0,0.9999139185100394
combined_overall,0.0874801276997247,1.0,0.9999139185100394
combined_overall,0.0874865902363996,1.0,0.9999139185100394
combined_overall,0.08748982150473704,1.0,0.9999139185100394
combined_overall,0.08750059239919519,1.0,0.9999139185100394
combined_overall,0.08750274657808683,1.0,0.9999139185100394
combined_overall,0.08751674874088244,1.0,0.9999139185100394
combined_overall,0.0875210570986657,1.0,0.9999139185100394
combined_overall,0.08752213418811151,1.0,0.9999139185100394
combined_overall,0.08752644254589478,1.0,0.9999139185100394
combined_overall,0.08753505926146131,1.0,0.9999139185100394
combined_overall,0.08753936761924458,1.0,0.9999139185100394
combined_overall,0.08754690724536529,1.0,0.9999139185100394
combined_overall,0.08755121560314855,1.0,0.9999139185100394
combined_overall,0.08756737194483578,1.0,0.9999139185100394
combined_overall,0.08757060321317324,1.0,0.9999139185100394
combined_overall,0.0875889137337521,1.0,0.9999139185100394
combined_overall,0.08759322209153537,1.0,0.9999139185100394
combined_overall,0.08760291589654771,1.0,0.9999139185100394
combined_overall,0.08760507007543934,1.0,0.9999139185100394
combined_overall,0.08760722425433097,1.0,0.9999139185100394
combined_overall,0.08760937843322261,1.0,0.9999139185100394
combined_overall,0.08764492238493453,1.0,0.9999139185100394
combined_overall,0.08764707656382617,1.0,0.9999139185100394
combined_overall,0.08764815365327198,1.0,0.9999139185100394
combined_overall,0.08765030783216361,1.0,0.9999139185100394
combined_overall,0.08768046633664646,1.0,0.9999139185100394
combined_overall,0.08768262051553809,1.0,0.9999139185100394
combined_overall,0.08768800596276717,1.0,0.9999139185100394
combined_overall,0.0876901601416588,1.0,0.9999139185100394
combined_overall,0.08772462700392492,1.0,0.9999139185100394
combined_overall,0.08772678118281654,1.0,0.9999139185100394
combined_overall,0.08772893536170817,1.0,0.9999139185100394
combined_overall,0.08773108954059981,1.0,0.9999139185100394
combined_overall,0.08773647498782888,1.0,0.9999139185100394
combined_overall,0.08773862916672052,1.0,0.9999139185100394
combined_overall,0.08774509170339542,1.0,0.9999139185100394
combined_overall,0.08774724588228705,1.0,0.9999139185100394
combined_overall,0.08775047715062449,1.0,0.9999139185100394
combined_overall,0.08775478550840776,1.0,0.9999139185100394
combined_overall,0.08779894617568622,1.0,0.9999139185100394
combined_overall,0.08780110035457785,1.0,0.9999139185100394
combined_overall,0.08781617960681927,1.0,0.9999139185100394
combined_overall,0.0878183337857109,1.0,0.9999139185100394
combined_overall,0.08783556721684395,1.0,0.9999139185100394
combined_overall,0.08783987557462722,1.0,0.9999139185100394
combined_overall,0.08787541952633915,1.0,0.9999139185100394
combined_overall,0.08787757370523078,1.0,0.9999139185100394
combined_overall,0.08790019258359291,1.0,0.9999139185100394
combined_overall,0.08790234676248454,1.0,0.9999139185100394
combined_overall,0.08793142817752157,1.0,0.9999139185100394
combined_overall,0.08793465944585903,1.0,0.9999139185100394
combined_overall,0.08794112198253391,1.0,0.9999139185100394
combined_overall,0.08794543034031718,1.0,0.9999139185100394
combined_overall,0.08795512414532952,1.0,0.9999139185100394
combined_overall,0.08795835541366698,1.0,0.9999139185100394
combined_overall,0.0879938993653789,1.0,0.9999139185100394
combined_overall,0.08799605354427054,1.0,0.9999139185100394
combined_overall,0.08800251608094542,1.0,0.9999139185100394
combined_overall,0.08800467025983706,1.0,0.9999139185100394
combined_overall,0.08801220988595777,1.0,0.9999139185100394
combined_overall,0.0880143640648494,1.0,0.9999139185100394
combined_overall,0.08801974951207849,1.0,0.9999139185100394
combined_overall,0.08802836622764501,1.0,0.9999139185100394
combined_overall,0.08803590585376572,1.0,0.9999139185100394
combined_overall,0.08803806003265735,1.0,0.9999139185100394
combined_overall,0.08804452256933225,1.0,0.9999139185100394
combined_overall,0.08805421637434459,1.0,0.9999139185100394
combined_overall,0.08805637055323623,1.0,0.9999139185100394
combined_overall,0.08807898943159836,1.0,0.9999139185100394
combined_overall,0.08808329778938162,1.0,0.9999139185100394
combined_overall,0.08808976032605652,1.0,0.9999139185100394
combined_overall,0.08809299159439396,1.0,0.9999139185100394
combined_overall,0.08810699375718957,1.0,0.9999139185100394
combined_overall,0.0881091479360812,1.0,0.9999139185100394
combined_overall,0.08813715226167242,1.0,0.9999139185100394
combined_overall,0.08813930644056404,1.0,0.9999139185100394
combined_overall,0.08814146061945569,1.0,0.9999139185100394
combined_overall,0.08814361479834731,1.0,0.9999139185100394
combined_overall,0.08820608598620464,1.0,0.9999139185100394
combined_overall,0.0882103943439879,1.0,0.9999139185100394
combined_overall,0.08822116523844606,1.0,0.9999139185100394
combined_overall,0.08822762777512096,1.0,0.9999139185100394
combined_overall,0.08825240083237472,1.0,0.9999139185100394
combined_overall,0.08825455501126636,1.0,0.9999139185100394
combined_overall,0.0882577862796038,1.0,0.9999139185100394
combined_overall,0.08825994045849543,1.0,0.9999139185100394
combined_overall,0.08826855717406196,1.0,0.9999139185100394
combined_overall,0.0882707113529536,1.0,0.9999139185100394
combined_overall,0.08827394262129104,1.0,0.9999139185100394
combined_overall,0.08827609680018267,1.0,0.9999139185100394
combined_overall,0.08827932806852012,1.0,0.9999139185100394
combined_overall,0.08828255933685757,1.0,0.9999139185100394
combined_overall,0.08830194694688226,1.0,0.9999139185100394
combined_overall,0.08830410112577389,1.0,0.9999139185100394
combined_overall,0.08831702619912368,1.0,0.9999139185100394
combined_overall,0.08831918037801531,1.0,0.9999139185100394
combined_overall,0.08832348873579858,1.0,0.9999139185100394
combined_overall,0.08832779709358184,1.0,0.9999139185100394
combined_overall,0.0883321054513651,1.0,0.9999139185100394
combined_overall,0.08833425963025673,1.0,0.9999139185100394
combined_overall,0.08835041597194397,1.0,0.9999139185100394
combined_overall,0.08835580141917306,1.0,0.9999139185100394
combined_overall,0.08836764940307702,1.0,0.9999139185100394
combined_overall,0.08836980358196866,1.0,0.9999139185100394
combined_overall,0.08838057447642682,1.0,0.9999139185100394
combined_overall,0.08838272865531845,1.0,0.9999139185100394
combined_overall,0.08838703701310172,1.0,0.9999139185100394
combined_overall,0.08838919119199334,1.0,0.9999139185100394
combined_overall,0.08841934969647619,1.0,0.9999139185100394
combined_overall,0.08842150387536783,1.0,0.9999139185100394
combined_overall,0.08843012059093436,1.0,0.9999139185100394
combined_overall,0.08843227476982599,1.0,0.9999139185100394
combined_overall,0.08845166237985068,1.0,0.9999139185100394
combined_overall,0.08845381655874231,1.0,0.9999139185100394
combined_overall,0.08846674163209209,1.0,0.9999139185100394
combined_overall,0.08847104998987536,1.0,0.9999139185100394
combined_overall,0.08850659394158729,1.0,0.9999139185100394
combined_overall,0.08850874812047892,1.0,0.9999139185100394
combined_overall,0.08852382737272034,1.0,0.9999139185100394
combined_overall,0.08852598155161197,1.0,0.9999139185100394
combined_overall,0.08853136699884105,1.0,0.9999139185100394
combined_overall,0.08853782953551595,1.0,0.9999139185100394
combined_overall,0.08854106080385339,1.0,0.9999139185100394
combined_overall,0.0885486004299741,1.0,0.9999139185100394
combined_overall,0.08854967751941992,1.0,0.9999139185100394
combined_overall,0.08855398587720319,1.0,0.9999139185100394
combined_overall,0.08856260259276971,1.0,0.9999139185100394
combined_overall,0.08857014221889042,1.0,0.9999139185100394
combined_overall,0.08858414438168603,1.0,0.9999139185100394
combined_overall,0.08858629856057766,1.0,0.9999139185100394
combined_overall,0.08858952982891512,1.0,0.9999139185100394
combined_overall,0.08859383818669837,1.0,0.9999139185100394
combined_overall,0.0886229196017354,1.0,0.9999139185100394
combined_overall,0.08862507378062703,1.0,0.9999139185100394
combined_overall,0.08865415519566407,1.0,0.9999139185100394
combined_overall,0.0886563093745557,1.0,0.9999139185100394
combined_overall,0.08868646787903854,1.0,0.9999139185100394
combined_overall,0.08868862205793018,1.0,0.9999139185100394
combined_overall,0.08869831586294252,1.0,0.9999139185100394
combined_overall,0.08870262422072579,1.0,0.9999139185100394
combined_overall,0.08871985765185884,1.0,0.9999139185100394
combined_overall,0.08872847436742537,1.0,0.9999139185100394
combined_overall,0.08873493690410027,1.0,0.9999139185100394
combined_overall,0.0887780204819329,1.0,0.9999139185100394
combined_overall,0.08878340592916198,1.0,0.9999139185100394
combined_overall,0.0887844830186078,1.0,0.9999139185100394
combined_overall,0.08878663719749944,1.0,0.9999139185100394
combined_overall,0.08882648950699462,1.0,0.9999139185100394
combined_overall,0.08882864368588625,1.0,0.9999139185100394
combined_overall,0.08883833749089859,1.0,0.9999139185100394
combined_overall,0.08884049166979023,1.0,0.9999139185100394
combined_overall,0.08884156875923604,1.0,0.9999139185100394
combined_overall,0.08885772510092328,1.0,0.9999139185100394
combined_overall,0.08886311054815237,1.0,0.9999139185100394
combined_overall,0.088865264727044,1.0,0.9999139185100394
combined_overall,0.08886957308482725,1.0,0.9999139185100394
combined_overall,0.08887172726371889,1.0,0.9999139185100394
combined_overall,0.08887603562150215,1.0,0.9999139185100394
combined_overall,0.08887818980039379,1.0,0.9999139185100394
combined_overall,0.08889650032097265,1.0,0.9999139185100394
combined_overall,0.08889865449986428,1.0,0.9999139185100394
combined_overall,0.08891696502044316,1.0,0.9999139185100394
combined_overall,0.08891911919933479,1.0,0.9999139185100394
combined_overall,0.08892127337822642,1.0,0.9999139185100394
combined_overall,0.08892342755711806,1.0,0.9999139185100394
combined_overall,0.0889331213621304,1.0,0.9999139185100394
combined_overall,0.08893527554102203,1.0,0.9999139185100394
combined_overall,0.08894712352492601,1.0,0.9999139185100394
combined_overall,0.08894927770381764,1.0,0.9999139185100394
combined_overall,0.08895250897215508,1.0,0.9999139185100394
combined_overall,0.08895466315104672,1.0,0.9999139185100394
combined_overall,0.08897297367162559,1.0,0.9999139185100394
combined_overall,0.08897835911885467,1.0,0.9999139185100394
combined_overall,0.08900420926555425,1.0,0.9999139185100394
combined_overall,0.08900636344444587,1.0,0.9999139185100394
combined_overall,0.08906237209562831,1.0,0.9999139185100394
combined_overall,0.08906452627451994,1.0,0.9999139185100394
combined_overall,0.08910007022623187,1.0,0.9999139185100394
combined_overall,0.08910330149456931,1.0,0.9999139185100394
combined_overall,0.08910437858401513,1.0,0.9999139185100394
combined_overall,0.08910653276290677,1.0,0.9999139185100394
combined_overall,0.0891560788774143,1.0,0.9999139185100394
combined_overall,0.08916038723519756,1.0,0.9999139185100394
combined_overall,0.08917331230854735,1.0,0.9999139185100394
combined_overall,0.08917546648743899,1.0,0.9999139185100394
combined_overall,0.0891765435768848,1.0,0.9999139185100394
combined_overall,0.08918085193466806,1.0,0.9999139185100394
combined_overall,0.08918623738189714,1.0,0.9999139185100394
combined_overall,0.08919485409746367,1.0,0.9999139185100394
combined_overall,0.08919916245524694,1.0,0.9999139185100394
combined_overall,0.08920131663413856,1.0,0.9999139185100394
combined_overall,0.08920347081303019,1.0,0.9999139185100394
combined_overall,0.08927240453756241,1.0,0.9999139185100394
combined_overall,0.08927455871645405,1.0,0.9999139185100394
combined_overall,0.08929502341592455,1.0,0.9999139185100394
combined_overall,0.08929717759481619,1.0,0.9999139185100394
combined_overall,0.08930148595259944,1.0,0.9999139185100394
combined_overall,0.08930364013149109,1.0,0.9999139185100394
combined_overall,0.0893047172209369,1.0,0.9999139185100394
combined_overall,0.08930687139982853,1.0,0.9999139185100394
combined_overall,0.0893111797576118,1.0,0.9999139185100394
combined_overall,0.08931333393650343,1.0,0.9999139185100394
combined_overall,0.08932841318874485,1.0,0.9999139185100394
combined_overall,0.08933056736763648,1.0,0.9999139185100394
combined_overall,0.08933810699375719,1.0,0.9999139185100394
combined_overall,0.08934241535154046,1.0,0.9999139185100394
combined_overall,0.08934995497766117,1.0,0.9999139185100394
combined_overall,0.0893521091565528,1.0,0.9999139185100394
combined_overall,0.08937688221380656,1.0,0.9999139185100394
combined_overall,0.08937903639269819,1.0,0.9999139185100394
combined_overall,0.08938765310826473,1.0,0.9999139185100394
combined_overall,0.08938980728715636,1.0,0.9999139185100394
combined_overall,0.08940273236050615,1.0,0.9999139185100394
combined_overall,0.08940488653939778,1.0,0.9999139185100394
combined_overall,0.08942104288108502,1.0,0.9999139185100394
combined_overall,0.08942319705997664,1.0,0.9999139185100394
combined_overall,0.08943612213332644,1.0,0.9999139185100394
combined_overall,0.08943827631221807,1.0,0.9999139185100394
combined_overall,0.0894544326539053,1.0,0.9999139185100394
combined_overall,0.08945658683279695,1.0,0.9999139185100394
combined_overall,0.08946843481670091,1.0,0.9999139185100394
combined_overall,0.08947058899559256,1.0,0.9999139185100394
combined_overall,0.08947489735337581,1.0,0.9999139185100394
combined_overall,0.08947705153226744,1.0,0.9999139185100394
combined_overall,0.08948566824783398,1.0,0.9999139185100394
combined_overall,0.08948782242672561,1.0,0.9999139185100394
combined_overall,0.08949105369506305,1.0,0.9999139185100394
combined_overall,0.08949320787395469,1.0,0.9999139185100394
combined_overall,0.08950397876841285,1.0,0.9999139185100394
combined_overall,0.08950613294730447,1.0,0.9999139185100394
combined_overall,0.0895082871261961,1.0,0.9999139185100394
combined_overall,0.08951044130508774,1.0,0.9999139185100394
combined_overall,0.08951905802065427,1.0,0.9999139185100394
combined_overall,0.08952336637843752,1.0,0.9999139185100394
combined_overall,0.08952982891511242,1.0,0.9999139185100394
combined_overall,0.08953198309400406,1.0,0.9999139185100394
combined_overall,0.08954490816735385,1.0,0.9999139185100394
combined_overall,0.08954706234624549,1.0,0.9999139185100394
combined_overall,0.08956429577737854,1.0,0.9999139185100394
combined_overall,0.08956644995627017,1.0,0.9999139185100394
combined_overall,0.08958583756629486,1.0,0.9999139185100394
combined_overall,0.0895890688346323,1.0,0.9999139185100394
combined_overall,0.08961168771299444,1.0,0.9999139185100394
combined_overall,0.0896224586074526,1.0,0.9999139185100394
combined_overall,0.08968600688475574,1.0,0.9999139185100394
combined_overall,0.08968923815309318,1.0,0.9999139185100394
combined_overall,0.08973555299926327,1.0,0.9999139185100394
combined_overall,0.08974093844649235,1.0,0.9999139185100394
combined_overall,0.0897850991137708,1.0,0.9999139185100394
combined_overall,0.08978833038210825,1.0,0.9999139185100394
combined_overall,0.08979048456099989,1.0,0.9999139185100394
combined_overall,0.08979371582933733,1.0,0.9999139185100394
combined_overall,0.08980879508157875,1.0,0.9999139185100394
combined_overall,0.08981094926047038,1.0,0.9999139185100394
combined_overall,0.08981418052880784,1.0,0.9999139185100394
combined_overall,0.08981633470769947,1.0,0.9999139185100394
combined_overall,0.08981956597603691,1.0,0.9999139185100394
combined_overall,0.08982172015492855,1.0,0.9999139185100394
combined_overall,0.08985080156996558,1.0,0.9999139185100394
combined_overall,0.08985295574885721,1.0,0.9999139185100394
combined_overall,0.08986480373276118,1.0,0.9999139185100394
combined_overall,0.08987018917999026,1.0,0.9999139185100394
combined_overall,0.08987772880611097,1.0,0.9999139185100394
combined_overall,0.0898798829850026,1.0,0.9999139185100394
combined_overall,0.08990250186336474,1.0,0.9999139185100394
combined_overall,0.08991111857893126,1.0,0.9999139185100394
combined_overall,0.0899132727578229,1.0,0.9999139185100394
combined_overall,0.08991542693671453,1.0,0.9999139185100394
combined_overall,0.0899606646934388,1.0,0.9999139185100394
combined_overall,0.08996389596177624,1.0,0.9999139185100394
combined_overall,0.08997789812457185,1.0,0.9999139185100394
combined_overall,0.0899800523034635,1.0,0.9999139185100394
combined_overall,0.08998651484013838,1.0,0.9999139185100394
combined_overall,0.08998866901903002,1.0,0.9999139185100394
combined_overall,0.09001667334462123,1.0,0.9999139185100394
combined_overall,0.09001882752351287,1.0,0.9999139185100394
combined_overall,0.0900274442390794,1.0,0.9999139185100394
combined_overall,0.09002959841797102,1.0,0.9999139185100394
combined_overall,0.09005867983300805,1.0,0.9999139185100394
combined_overall,0.09006083401189968,1.0,0.9999139185100394
combined_overall,0.09006298819079131,1.0,0.9999139185100394
combined_overall,0.09006729654857458,1.0,0.9999139185100394
combined_overall,0.0900953008741658,1.0,0.9999139185100394
combined_overall,0.09009745505305743,1.0,0.9999139185100394
combined_overall,0.09009960923194905,1.0,0.9999139185100394
combined_overall,0.0901017634108407,1.0,0.9999139185100394
combined_overall,0.0901297677364319,1.0,0.9999139185100394
combined_overall,0.09013407609421517,1.0,0.9999139185100394
combined_overall,0.0901362302731068,1.0,0.9999139185100394
combined_overall,0.09014807825701078,1.0,0.9999139185100394
combined_overall,0.09015023243590241,1.0,0.9999139185100394
combined_overall,0.09015238661479404,1.0,0.9999139185100394
combined_overall,0.0901566949725773,1.0,0.9999139185100394
combined_overall,0.0901631575092522,1.0,0.9999139185100394
combined_overall,0.09016531168814383,1.0,0.9999139185100394
combined_overall,0.09022024324988044,1.0,0.9999139185100394
combined_overall,0.09022239742877207,1.0,0.9999139185100394
combined_overall,0.09023101414433861,1.0,0.9999139185100394
combined_overall,0.09023316832323024,1.0,0.9999139185100394
combined_overall,0.09024070794935095,1.0,0.9999139185100394
combined_overall,0.09024286212824258,1.0,0.9999139185100394
combined_overall,0.09025040175436329,1.0,0.9999139185100394
combined_overall,0.09025471011214656,1.0,0.9999139185100394
combined_overall,0.09027732899050869,1.0,0.9999139185100394
combined_overall,0.09028379152718358,1.0,0.9999139185100394
combined_overall,0.09029456242164174,1.0,0.9999139185100394
combined_overall,0.09029671660053337,1.0,0.9999139185100394
combined_overall,0.09031933547889551,1.0,0.9999139185100394
combined_overall,0.09032148965778714,1.0,0.9999139185100394
combined_overall,0.09034733980448673,1.0,0.9999139185100394
combined_overall,0.09034949398337835,1.0,0.9999139185100394
combined_overall,0.09038934629287354,1.0,0.9999139185100394
combined_overall,0.09039150047176518,1.0,0.9999139185100394
combined_overall,0.09040011718733171,1.0,0.9999139185100394
combined_overall,0.09040227136622334,1.0,0.9999139185100394
combined_overall,0.09043135278126037,1.0,0.9999139185100394
combined_overall,0.090433506960152,1.0,0.9999139185100394
combined_overall,0.09043566113904362,1.0,0.9999139185100394
combined_overall,0.09043781531793527,1.0,0.9999139185100394
combined_overall,0.09043889240738108,1.0,0.9999139185100394
combined_overall,0.09044320076516434,1.0,0.9999139185100394
combined_overall,0.09045612583851413,1.0,0.9999139185100394
combined_overall,0.0904604341962974,1.0,0.9999139185100394
combined_overall,0.09047228218020137,1.0,0.9999139185100394
combined_overall,0.09047659053798464,1.0,0.9999139185100394
combined_overall,0.09049274687967188,1.0,0.9999139185100394
combined_overall,0.09049597814800932,1.0,0.9999139185100394
combined_overall,0.09052182829470891,1.0,0.9999139185100394
combined_overall,0.09052398247360054,1.0,0.9999139185100394
combined_overall,0.09053906172584196,1.0,0.9999139185100394
combined_overall,0.09054552426251686,1.0,0.9999139185100394
combined_overall,0.09055737224642083,1.0,0.9999139185100394
combined_overall,0.09055952642531247,1.0,0.9999139185100394
combined_overall,0.09056383478309572,1.0,0.9999139185100394
combined_overall,0.09056598896198736,1.0,0.9999139185100394
combined_overall,0.09058322239312042,1.0,0.9999139185100394
combined_overall,0.09058537657201204,1.0,0.9999139185100394
combined_overall,0.09059830164536184,1.0,0.9999139185100394
combined_overall,0.09060368709259092,1.0,0.9999139185100394
combined_overall,0.09061984343427816,1.0,0.9999139185100394
combined_overall,0.09062415179206142,1.0,0.9999139185100394
combined_overall,0.09063384559707377,1.0,0.9999139185100394
combined_overall,0.09063707686541121,1.0,0.9999139185100394
combined_overall,0.09063923104430284,1.0,0.9999139185100394
combined_overall,0.0906424623126403,1.0,0.9999139185100394
combined_overall,0.09065215611765264,1.0,0.9999139185100394
combined_overall,0.09065431029654426,1.0,0.9999139185100394
combined_overall,0.09072647528941394,1.0,0.9999139185100394
combined_overall,0.09072862946830557,1.0,0.9999139185100394
combined_overall,0.09072970655775138,1.0,0.9999139185100394
combined_overall,0.09073186073664301,1.0,0.9999139185100394
combined_overall,0.09074047745220955,1.0,0.9999139185100394
combined_overall,0.09074263163110118,1.0,0.9999139185100394
combined_overall,0.09074909416777607,1.0,0.9999139185100394
combined_overall,0.0907512483466677,1.0,0.9999139185100394
combined_overall,0.09075555670445097,1.0,0.9999139185100394
combined_overall,0.0907577108833426,1.0,0.9999139185100394
combined_overall,0.0907641734200175,1.0,0.9999139185100394
combined_overall,0.09076632759890912,1.0,0.9999139185100394
combined_overall,0.0907781755828131,1.0,0.9999139185100394
combined_overall,0.09078032976170473,1.0,0.9999139185100394
combined_overall,0.09079110065616289,1.0,0.9999139185100394
combined_overall,0.09079325483505452,1.0,0.9999139185100394
combined_overall,0.09080294864006687,1.0,0.9999139185100394
combined_overall,0.09080725699785012,1.0,0.9999139185100394
combined_overall,0.09083418423399553,1.0,0.9999139185100394
combined_overall,0.09083633841288716,1.0,0.9999139185100394
combined_overall,0.09086541982792419,1.0,0.9999139185100394
combined_overall,0.09086757400681582,1.0,0.9999139185100394
combined_overall,0.0908923470640696,1.0,0.9999139185100394
combined_overall,0.09089450124296122,1.0,0.9999139185100394
combined_overall,0.09090311795852775,1.0,0.9999139185100394
combined_overall,0.09090527213741938,1.0,0.9999139185100394
combined_overall,0.09091819721076917,1.0,0.9999139185100394
combined_overall,0.09092250556855243,1.0,0.9999139185100394
combined_overall,0.09094081608913131,1.0,0.9999139185100394
combined_overall,0.09094297026802294,1.0,0.9999139185100394
combined_overall,0.0909472786258062,1.0,0.9999139185100394
combined_overall,0.09096666623583088,1.0,0.9999139185100394
combined_overall,0.09096882041472253,1.0,0.9999139185100394
combined_overall,0.09097636004084324,1.0,0.9999139185100394
combined_overall,0.09097851421973487,1.0,0.9999139185100394
combined_overall,0.0909806683986265,1.0,0.9999139185100394
combined_overall,0.09098497675640976,1.0,0.9999139185100394
combined_overall,0.09100544145588026,1.0,0.9999139185100394
combined_overall,0.0910075956347719,1.0,0.9999139185100394
combined_overall,0.09101190399255515,1.0,0.9999139185100394
combined_overall,0.0910140581714468,1.0,0.9999139185100394
combined_overall,0.09101836652923005,1.0,0.9999139185100394
combined_overall,0.09102267488701332,1.0,0.9999139185100394
combined_overall,0.09102482906590495,1.0,0.9999139185100394
combined_overall,0.09102698324479658,1.0,0.9999139185100394
combined_overall,0.09103129160257985,1.0,0.9999139185100394
combined_overall,0.09103344578147148,1.0,0.9999139185100394
combined_overall,0.09104637085482127,1.0,0.9999139185100394
combined_overall,0.09106468137540014,1.0,0.9999139185100394
combined_overall,0.09107006682262922,1.0,0.9999139185100394
combined_overall,0.09107222100152085,1.0,0.9999139185100394
combined_overall,0.09107652935930412,1.0,0.9999139185100394
combined_overall,0.09107868353819575,1.0,0.9999139185100394
combined_overall,0.09108514607487064,1.0,0.9999139185100394
combined_overall,0.0910894544326539,1.0,0.9999139185100394
combined_overall,0.09113253801048654,1.0,0.9999139185100394
combined_overall,0.09114007763660725,1.0,0.9999139185100394
combined_overall,0.09114223181549888,1.0,0.9999139185100394
combined_overall,0.09114761726272796,1.0,0.9999139185100394
combined_overall,0.0911702361410901,1.0,0.9999139185100394
combined_overall,0.09117239031998173,1.0,0.9999139185100394
combined_overall,0.09117885285665663,1.0,0.9999139185100394
combined_overall,0.09118100703554825,1.0,0.9999139185100394
combined_overall,0.0911907008405606,1.0,0.9999139185100394
combined_overall,0.09119285501945223,1.0,0.9999139185100394
combined_overall,0.09121547389781437,1.0,0.9999139185100394
combined_overall,0.09121978225559764,1.0,0.9999139185100394
combined_overall,0.0912574803862012,1.0,0.9999139185100394
combined_overall,0.09125963456509283,1.0,0.9999139185100394
combined_overall,0.09126825128065935,1.0,0.9999139185100394
combined_overall,0.09127040545955098,1.0,0.9999139185100394
combined_overall,0.09132210575295015,1.0,0.9999139185100394
combined_overall,0.09132425993184178,1.0,0.9999139185100394
combined_overall,0.09132749120017923,1.0,0.9999139185100394
combined_overall,0.09132964537907086,1.0,0.9999139185100394
combined_overall,0.09133179955796249,1.0,0.9999139185100394
combined_overall,0.09133395373685413,1.0,0.9999139185100394
combined_overall,0.09134903298909555,1.0,0.9999139185100394
combined_overall,0.09135118716798718,1.0,0.9999139185100394
combined_overall,0.09136195806244533,1.0,0.9999139185100394
combined_overall,0.09136411224133698,1.0,0.9999139185100394
combined_overall,0.09137488313579513,1.0,0.9999139185100394
combined_overall,0.09137703731468676,1.0,0.9999139185100394
combined_overall,0.09138780820914492,1.0,0.9999139185100394
combined_overall,0.09138996238803655,1.0,0.9999139185100394
combined_overall,0.09140181037194053,1.0,0.9999139185100394
combined_overall,0.09140504164027798,1.0,0.9999139185100394
combined_overall,0.09141258126639869,1.0,0.9999139185100394
combined_overall,0.09141473544529032,1.0,0.9999139185100394
combined_overall,0.09144704812866479,1.0,0.9999139185100394
combined_overall,0.09145781902312296,1.0,0.9999139185100394
combined_overall,0.0914610502914604,1.0,0.9999139185100394
combined_overall,0.09146428155979786,1.0,0.9999139185100394
combined_overall,0.09148259208037672,1.0,0.9999139185100394
combined_overall,0.09148474625926835,1.0,0.9999139185100394
combined_overall,0.09149982551150977,1.0,0.9999139185100394
combined_overall,0.09150197969040141,1.0,0.9999139185100394
combined_overall,0.09152459856876355,1.0,0.9999139185100394
combined_overall,0.09152675274765518,1.0,0.9999139185100394
combined_overall,0.0915418319998966,1.0,0.9999139185100394
combined_overall,0.09154398617878823,1.0,0.9999139185100394
combined_overall,0.09154614035767987,1.0,0.9999139185100394
combined_overall,0.0915482945365715,1.0,0.9999139185100394
combined_overall,0.09156445087825874,1.0,0.9999139185100394
combined_overall,0.09156660505715036,1.0,0.9999139185100394
combined_overall,0.09157737595160853,1.0,0.9999139185100394
combined_overall,0.09157953013050016,1.0,0.9999139185100394
combined_overall,0.09158060721994597,1.0,0.9999139185100394
combined_overall,0.0915827613988376,1.0,0.9999139185100394
combined_overall,0.09158383848828341,1.0,0.9999139185100394
combined_overall,0.09158814684606668,1.0,0.9999139185100394
combined_overall,0.09159245520384995,1.0,0.9999139185100394
combined_overall,0.09159460938274158,1.0,0.9999139185100394
combined_overall,0.09160753445609138,1.0,0.9999139185100394
combined_overall,0.091609688634983,1.0,0.9999139185100394
combined_overall,0.09161507408221209,1.0,0.9999139185100394
combined_overall,0.09161722826110372,1.0,0.9999139185100394
combined_overall,0.09162476788722443,1.0,0.9999139185100394
combined_overall,0.09163015333445351,1.0,0.9999139185100394
combined_overall,0.09164200131835748,1.0,0.9999139185100394
combined_overall,0.09164415549724911,1.0,0.9999139185100394
combined_overall,0.0916700056439487,1.0,0.9999139185100394
combined_overall,0.09167539109117778,1.0,0.9999139185100394
combined_overall,0.0917044725062148,1.0,0.9999139185100394
combined_overall,0.09170662668510644,1.0,0.9999139185100394
combined_overall,0.0917378622790351,1.0,0.9999139185100394
combined_overall,0.09174001645792673,1.0,0.9999139185100394
combined_overall,0.09174755608404744,1.0,0.9999139185100394
combined_overall,0.09174971026293907,1.0,0.9999139185100394
combined_overall,0.09176263533628887,1.0,0.9999139185100394
combined_overall,0.0917647895151805,1.0,0.9999139185100394
combined_overall,0.09176909787296376,1.0,0.9999139185100394
combined_overall,0.09177125205185539,1.0,0.9999139185100394
combined_overall,0.09177556040963866,1.0,0.9999139185100394
combined_overall,0.09177771458853029,1.0,0.9999139185100394
combined_overall,0.09182295234525456,1.0,0.9999139185100394
combined_overall,0.09182510652414619,1.0,0.9999139185100394
combined_overall,0.09184341704472507,1.0,0.9999139185100394
combined_overall,0.0918455712236167,1.0,0.9999139185100394
combined_overall,0.09185095667084578,1.0,0.9999139185100394
combined_overall,0.09185526502862904,1.0,0.9999139185100394
combined_overall,0.09187572972809954,1.0,0.9999139185100394
combined_overall,0.09187788390699117,1.0,0.9999139185100394
combined_overall,0.09189188606978678,1.0,0.9999139185100394
combined_overall,0.09189404024867841,1.0,0.9999139185100394
combined_overall,0.09189942569590749,1.0,0.9999139185100394
combined_overall,0.09190157987479912,1.0,0.9999139185100394
combined_overall,0.09195004889986085,1.0,0.9999139185100394
combined_overall,0.09195220307875247,1.0,0.9999139185100394
combined_overall,0.091960819794319,1.0,0.9999139185100394
combined_overall,0.09196297397321063,1.0,0.9999139185100394
combined_overall,0.09198236158323532,1.0,0.9999139185100394
combined_overall,0.09198666994101858,1.0,0.9999139185100394
combined_overall,0.09198882411991022,1.0,0.9999139185100394
combined_overall,0.09199097829880185,1.0,0.9999139185100394
combined_overall,0.09199205538824766,1.0,0.9999139185100394
combined_overall,0.09201790553494725,1.0,0.9999139185100394
combined_overall,0.09205129530776754,1.0,0.9999139185100394
combined_overall,0.09205452657610498,1.0,0.9999139185100394
combined_overall,0.09207391418612967,1.0,0.9999139185100394
combined_overall,0.0920760683650213,1.0,0.9999139185100394
combined_overall,0.09208037672280457,1.0,0.9999139185100394
combined_overall,0.0920825309016962,1.0,0.9999139185100394
combined_overall,0.09209437888560018,1.0,0.9999139185100394
combined_overall,0.0921029956011667,1.0,0.9999139185100394
combined_overall,0.09210730395894996,1.0,0.9999139185100394
combined_overall,0.0921094581378416,1.0,0.9999139185100394
combined_overall,0.09212130612174557,1.0,0.9999139185100394
combined_overall,0.0921234603006372,1.0,0.9999139185100394
combined_overall,0.09212561447952884,1.0,0.9999139185100394
combined_overall,0.09213207701620374,1.0,0.9999139185100394
combined_overall,0.09213961664232445,1.0,0.9999139185100394
combined_overall,0.09214177082121608,1.0,0.9999139185100394
combined_overall,0.09216223552068659,1.0,0.9999139185100394
combined_overall,0.09216438969957821,1.0,0.9999139185100394
combined_overall,0.09218162313071127,1.0,0.9999139185100394
combined_overall,0.0921837773096029,1.0,0.9999139185100394
combined_overall,0.09219347111461525,1.0,0.9999139185100394
combined_overall,0.09219670238295269,1.0,0.9999139185100394
combined_overall,0.09220208783018177,1.0,0.9999139185100394
combined_overall,0.0922042420090734,1.0,0.9999139185100394
combined_overall,0.09227425282305143,1.0,0.9999139185100394
combined_overall,0.09227640700194308,1.0,0.9999139185100394
combined_overall,0.09231841349032989,1.0,0.9999139185100394
combined_overall,0.09232056766922152,1.0,0.9999139185100394
combined_overall,0.09232703020589642,1.0,0.9999139185100394
combined_overall,0.09238734721486211,1.0,0.9999139185100394
combined_overall,0.09239811810932028,1.0,0.9999139185100394
combined_overall,0.0924002722882119,1.0,0.9999139185100394
combined_overall,0.0924067348248868,1.0,0.9999139185100394
combined_overall,0.09240888900377843,1.0,0.9999139185100394
combined_overall,0.09241427445100751,1.0,0.9999139185100394
combined_overall,0.09241642862989914,1.0,0.9999139185100394
combined_overall,0.09241750571934496,1.0,0.9999139185100394
combined_overall,0.09241965989823658,1.0,0.9999139185100394
combined_overall,0.0924271995243573,1.0,0.9999139185100394
combined_overall,0.09242935370324894,1.0,0.9999139185100394
combined_overall,0.09243797041881546,1.0,0.9999139185100394
combined_overall,0.09244012459770709,1.0,0.9999139185100394
combined_overall,0.09244981840271943,1.0,0.9999139185100394
combined_overall,0.09245197258161107,1.0,0.9999139185100394
combined_overall,0.09247028310218994,1.0,0.9999139185100394
combined_overall,0.09247243728108157,1.0,0.9999139185100394
combined_overall,0.09248751653332299,1.0,0.9999139185100394
combined_overall,0.09249182489110626,1.0,0.9999139185100394
combined_overall,0.0925015186961186,1.0,0.9999139185100394
combined_overall,0.09250367287501023,1.0,0.9999139185100394
combined_overall,0.0925079812327935,1.0,0.9999139185100394
combined_overall,0.09251013541168512,1.0,0.9999139185100394
combined_overall,0.09251875212725165,1.0,0.9999139185100394
combined_overall,0.09252090630614329,1.0,0.9999139185100394
combined_overall,0.09253060011115563,1.0,0.9999139185100394
combined_overall,0.0925349084689389,1.0,0.9999139185100394
combined_overall,0.09253706264783053,1.0,0.9999139185100394
combined_overall,0.09255321898951777,1.0,0.9999139185100394
combined_overall,0.0925553731684094,1.0,0.9999139185100394
combined_overall,0.0925758378678799,1.0,0.9999139185100394
combined_overall,0.09259307129901295,1.0,0.9999139185100394
combined_overall,0.09260599637236275,1.0,0.9999139185100394
combined_overall,0.09260815055125438,1.0,0.9999139185100394
combined_overall,0.09264692577130375,1.0,0.9999139185100394
combined_overall,0.09264907995019539,1.0,0.9999139185100394
combined_overall,0.09266846756022007,1.0,0.9999139185100394
combined_overall,0.0926706217391117,1.0,0.9999139185100394
combined_overall,0.09267385300744915,1.0,0.9999139185100394
combined_overall,0.09267600718634078,1.0,0.9999139185100394
combined_overall,0.09270508860137781,1.0,0.9999139185100394
combined_overall,0.09270939695916108,1.0,0.9999139185100394
combined_overall,0.09271909076417342,1.0,0.9999139185100394
combined_overall,0.09272124494306505,1.0,0.9999139185100394
combined_overall,0.09274924926865627,1.0,0.9999139185100394
combined_overall,0.09275355762643953,1.0,0.9999139185100394
combined_overall,0.09276863687868095,1.0,0.9999139185100394
combined_overall,0.09277294523646422,1.0,0.9999139185100394
combined_overall,0.09277509941535585,1.0,0.9999139185100394
combined_overall,0.09277725359424747,1.0,0.9999139185100394
combined_overall,0.0927923328464889,1.0,0.9999139185100394
combined_overall,0.09279448702538054,1.0,0.9999139185100394
combined_overall,0.09280418083039288,1.0,0.9999139185100394
combined_overall,0.09280741209873032,1.0,0.9999139185100394
combined_overall,0.09283003097709246,1.0,0.9999139185100394
combined_overall,0.0928321851559841,1.0,0.9999139185100394
combined_overall,0.09283326224542991,1.0,0.9999139185100394
combined_overall,0.092838647692659,1.0,0.9999139185100394
combined_overall,0.0928601894815753,1.0,0.9999139185100394
combined_overall,0.09286234366046694,1.0,0.9999139185100394
combined_overall,0.09288065418104581,1.0,0.9999139185100394
combined_overall,0.09288711671772071,1.0,0.9999139185100394
combined_overall,0.0928935792543956,1.0,0.9999139185100394
combined_overall,0.09289573343328723,1.0,0.9999139185100394
combined_overall,0.09290435014885376,1.0,0.9999139185100394
combined_overall,0.09290650432774539,1.0,0.9999139185100394
combined_overall,0.09291512104331193,1.0,0.9999139185100394
combined_overall,0.09291727522220355,1.0,0.9999139185100394
combined_overall,0.09297866932061506,1.0,0.9999139185100394
combined_overall,0.09298297767839832,1.0,0.9999139185100394
combined_overall,0.09298620894673577,1.0,0.9999139185100394
combined_overall,0.0929883631256274,1.0,0.9999139185100394
combined_overall,0.09301205909343535,1.0,0.9999139185100394
combined_overall,0.09301421327232699,1.0,0.9999139185100394
combined_overall,0.09303252379290586,1.0,0.9999139185100394
combined_overall,0.09303467797179749,1.0,0.9999139185100394
combined_overall,0.09304652595570147,1.0,0.9999139185100394
combined_overall,0.09305083431348472,1.0,0.9999139185100394
combined_overall,0.09306160520794289,1.0,0.9999139185100394
combined_overall,0.09306375938683452,1.0,0.9999139185100394
combined_overall,0.09308422408630503,1.0,0.9999139185100394
combined_overall,0.09309284080187155,1.0,0.9999139185100394
combined_overall,0.09309391789131737,1.0,0.9999139185100394
combined_overall,0.093096072070209,1.0,0.9999139185100394
combined_overall,0.09312192221690858,1.0,0.9999139185100394
combined_overall,0.09312623057469184,1.0,0.9999139185100394
combined_overall,0.0931359243797042,1.0,0.9999139185100394
combined_overall,0.09313807855859582,1.0,0.9999139185100394
combined_overall,0.09315854325806633,1.0,0.9999139185100394
combined_overall,0.09316069743695796,1.0,0.9999139185100394
combined_overall,0.0931639287052954,1.0,0.9999139185100394
combined_overall,0.09316823706307867,1.0,0.9999139185100394
combined_overall,0.09316931415252448,1.0,0.9999139185100394
combined_overall,0.09317146833141611,1.0,0.9999139185100394
combined_overall,0.09317577668919938,1.0,0.9999139185100394
combined_overall,0.09317793086809101,1.0,0.9999139185100394
combined_overall,0.09318116213642846,1.0,0.9999139185100394
combined_overall,0.09318547049421172,1.0,0.9999139185100394
combined_overall,0.09320701228312804,1.0,0.9999139185100394
combined_overall,0.09321132064091131,1.0,0.9999139185100394
combined_overall,0.0932177831775862,1.0,0.9999139185100394
combined_overall,0.09322209153536946,1.0,0.9999139185100394
combined_overall,0.09322316862481528,1.0,0.9999139185100394
combined_overall,0.0932253228037069,1.0,0.9999139185100394
combined_overall,0.09323393951927345,1.0,0.9999139185100394
combined_overall,0.09323609369816507,1.0,0.9999139185100394
combined_overall,0.09325225003985231,1.0,0.9999139185100394
combined_overall,0.09325655839763557,1.0,0.9999139185100394
combined_overall,0.09326194384486465,1.0,0.9999139185100394
combined_overall,0.09326409802375628,1.0,0.9999139185100394
combined_overall,0.0932651751132021,1.0,0.9999139185100394
combined_overall,0.09326948347098536,1.0,0.9999139185100394
combined_overall,0.0932856398126726,1.0,0.9999139185100394
combined_overall,0.09329533361768495,1.0,0.9999139185100394
combined_overall,0.09330071906491402,1.0,0.9999139185100394
combined_overall,0.09331041286992638,1.0,0.9999139185100394
combined_overall,0.093312567048818,1.0,0.9999139185100394
combined_overall,0.09331579831715545,1.0,0.9999139185100394
combined_overall,0.09333195465884268,1.0,0.9999139185100394
combined_overall,0.09333410883773433,1.0,0.9999139185100394
combined_overall,0.09336426734221717,1.0,0.9999139185100394
combined_overall,0.09336749861055461,1.0,0.9999139185100394
combined_overall,0.09337396114722951,1.0,0.9999139185100394
combined_overall,0.09337611532612114,1.0,0.9999139185100394
combined_overall,0.09339658002559165,1.0,0.9999139185100394
combined_overall,0.0934008883833749,1.0,0.9999139185100394
combined_overall,0.09340304256226654,1.0,0.9999139185100394
combined_overall,0.09340519674115817,1.0,0.9999139185100394
combined_overall,0.09341704472506215,1.0,0.9999139185100394
combined_overall,0.09342243017229122,1.0,0.9999139185100394
combined_overall,0.09345151158732826,1.0,0.9999139185100394
combined_overall,0.09345366576621988,1.0,0.9999139185100394
combined_overall,0.09351398277518558,1.0,0.9999139185100394
combined_overall,0.09351721404352303,1.0,0.9999139185100394
combined_overall,0.09352044531186048,1.0,0.9999139185100394
combined_overall,0.0935225994907521,1.0,0.9999139185100394
combined_overall,0.09356352888969312,1.0,0.9999139185100394
combined_overall,0.0935689143369222,1.0,0.9999139185100394
combined_overall,0.09358830194694688,1.0,0.9999139185100394
combined_overall,0.09359045612583851,1.0,0.9999139185100394
combined_overall,0.09361953754087554,1.0,0.9999139185100394
combined_overall,0.09362384589865881,1.0,0.9999139185100394
combined_overall,0.093663698208154,1.0,0.9999139185100394
combined_overall,0.09366585238704563,1.0,0.9999139185100394
combined_overall,0.09368739417596195,1.0,0.9999139185100394
combined_overall,0.09368954835485357,1.0,0.9999139185100394
combined_overall,0.09369601089152847,1.0,0.9999139185100394
combined_overall,0.09372940066434877,1.0,0.9999139185100394
combined_overall,0.09373370902213203,1.0,0.9999139185100394
combined_overall,0.09374124864825274,1.0,0.9999139185100394
combined_overall,0.09374555700603601,1.0,0.9999139185100394
combined_overall,0.09376279043716906,1.0,0.9999139185100394
combined_overall,0.09376494461606069,1.0,0.9999139185100394
combined_overall,0.0937724842421814,1.0,0.9999139185100394
combined_overall,0.09377463842107304,1.0,0.9999139185100394
combined_overall,0.09381341364112242,1.0,0.9999139185100394
combined_overall,0.09381556782001405,1.0,0.9999139185100394
combined_overall,0.09382203035668894,1.0,0.9999139185100394
combined_overall,0.0938263387144722,1.0,0.9999139185100394
combined_overall,0.09383603251948455,1.0,0.9999139185100394
combined_overall,0.09383818669837618,1.0,0.9999139185100394
combined_overall,0.093839263787822,1.0,0.9999139185100394
combined_overall,0.09384141796671362,1.0,0.9999139185100394
combined_overall,0.09386834520285903,1.0,0.9999139185100394
combined_overall,0.0938726535606423,1.0,0.9999139185100394
combined_overall,0.09387588482897974,1.0,0.9999139185100394
combined_overall,0.09387803900787137,1.0,0.9999139185100394
combined_overall,0.09387911609731718,1.0,0.9999139185100394
combined_overall,0.09388127027620882,1.0,0.9999139185100394
combined_overall,0.0938941953495586,1.0,0.9999139185100394
combined_overall,0.09389634952845025,1.0,0.9999139185100394
combined_overall,0.09390496624401677,1.0,0.9999139185100394
combined_overall,0.09390927460180003,1.0,0.9999139185100394
combined_overall,0.09391250587013748,1.0,0.9999139185100394
combined_overall,0.09395020400074104,1.0,0.9999139185100394
combined_overall,0.09395235817963267,1.0,0.9999139185100394
combined_overall,0.0939545123585243,1.0,0.9999139185100394
combined_overall,0.09395666653741594,1.0,0.9999139185100394
combined_overall,0.0939609748951992,1.0,0.9999139185100394
combined_overall,0.09396312907409082,1.0,0.9999139185100394
combined_overall,0.09396636034242828,1.0,0.9999139185100394
combined_overall,0.09397282287910318,1.0,0.9999139185100394
combined_overall,0.0939879021313446,1.0,0.9999139185100394
combined_overall,0.09399221048912786,1.0,0.9999139185100394
combined_overall,0.09400298138358602,1.0,0.9999139185100394
combined_overall,0.09400513556247765,1.0,0.9999139185100394
combined_overall,0.09402560026194816,1.0,0.9999139185100394
combined_overall,0.09402775444083979,1.0,0.9999139185100394
combined_overall,0.0940352940669605,1.0,0.9999139185100394
combined_overall,0.09403744824585213,1.0,0.9999139185100394
combined_overall,0.09405791294532263,1.0,0.9999139185100394
combined_overall,0.09406545257144334,1.0,0.9999139185100394
combined_overall,0.09409130271814292,1.0,0.9999139185100394
combined_overall,0.09409561107592619,1.0,0.9999139185100394
combined_overall,0.09411284450705924,1.0,0.9999139185100394
combined_overall,0.09411499868595087,1.0,0.9999139185100394
combined_overall,0.09411715286484251,1.0,0.9999139185100394
combined_overall,0.09411930704373414,1.0,0.9999139185100394
combined_overall,0.09412038413317995,1.0,0.9999139185100394
combined_overall,0.09412469249096322,1.0,0.9999139185100394
combined_overall,0.09415592808489189,1.0,0.9999139185100394
combined_overall,0.09416131353212095,1.0,0.9999139185100394
combined_overall,0.09416885315824167,1.0,0.9999139185100394
combined_overall,0.09417100733713331,1.0,0.9999139185100394
combined_overall,0.09417531569491656,1.0,0.9999139185100394
combined_overall,0.09417854696325402,1.0,0.9999139185100394
combined_overall,0.09419578039438707,1.0,0.9999139185100394
combined_overall,0.0941979345732787,1.0,0.9999139185100394
combined_overall,0.09421301382552012,1.0,0.9999139185100394
combined_overall,0.09421516800441176,1.0,0.9999139185100394
combined_overall,0.09422163054108665,1.0,0.9999139185100394
combined_overall,0.09422378471997829,1.0,0.9999139185100394
combined_overall,0.094231324346099,1.0,0.9999139185100394
combined_overall,0.09423347852499063,1.0,0.9999139185100394
combined_overall,0.09424209524055716,1.0,0.9999139185100394
combined_overall,0.09424424941944878,1.0,0.9999139185100394
combined_overall,0.09424963486667787,1.0,0.9999139185100394
combined_overall,0.09425394322446114,1.0,0.9999139185100394
combined_overall,0.09425825158224439,1.0,0.9999139185100394
combined_overall,0.09426040576113603,1.0,0.9999139185100394
combined_overall,0.09426255994002766,1.0,0.9999139185100394
combined_overall,0.09426471411891929,1.0,0.9999139185100394
combined_overall,0.0942787162817149,1.0,0.9999139185100394
combined_overall,0.09428087046060653,1.0,0.9999139185100394
combined_overall,0.09428410172894398,1.0,0.9999139185100394
combined_overall,0.09428625590783561,1.0,0.9999139185100394
combined_overall,0.09428841008672724,1.0,0.9999139185100394
combined_overall,0.09429056426561887,1.0,0.9999139185100394
combined_overall,0.09430995187564356,1.0,0.9999139185100394
combined_overall,0.09431210605453519,1.0,0.9999139185100394
combined_overall,0.09432072277010171,1.0,0.9999139185100394
combined_overall,0.09432395403843917,1.0,0.9999139185100394
combined_overall,0.0943261082173308,1.0,0.9999139185100394
combined_overall,0.09437134597405507,1.0,0.9999139185100394
combined_overall,0.0943735001529467,1.0,0.9999139185100394
combined_overall,0.09437457724239252,1.0,0.9999139185100394
combined_overall,0.09437673142128415,1.0,0.9999139185100394
combined_overall,0.09439504194186302,1.0,0.9999139185100394
combined_overall,0.09439719612075465,1.0,0.9999139185100394
combined_overall,0.09439827321020047,1.0,0.9999139185100394
combined_overall,0.0944004273890921,1.0,0.9999139185100394
combined_overall,0.09440258156798373,1.0,0.9999139185100394
combined_overall,0.09441873790967097,1.0,0.9999139185100394
combined_overall,0.09442412335690005,1.0,0.9999139185100394
combined_overall,0.09442735462523749,1.0,0.9999139185100394
combined_overall,0.09444351096692474,1.0,0.9999139185100394
combined_overall,0.09444566514581637,1.0,0.9999139185100394
combined_overall,0.09447797782919085,1.0,0.9999139185100394
combined_overall,0.09448013200808247,1.0,0.9999139185100394
combined_overall,0.09448336327641993,1.0,0.9999139185100394
combined_overall,0.09448551745531156,1.0,0.9999139185100394
combined_overall,0.09451459887034859,1.0,0.9999139185100394
combined_overall,0.09451675304924022,1.0,0.9999139185100394
combined_overall,0.09456199080596449,1.0,0.9999139185100394
combined_overall,0.09456414498485612,1.0,0.9999139185100394
combined_overall,0.09458030132654337,1.0,0.9999139185100394
combined_overall,0.094582455505435,1.0,0.9999139185100394
combined_overall,0.09458460968432662,1.0,0.9999139185100394
combined_overall,0.09458676386321825,1.0,0.9999139185100394
combined_overall,0.09459107222100152,1.0,0.9999139185100394
combined_overall,0.09461369109936366,1.0,0.9999139185100394
combined_overall,0.09461584527825528,1.0,0.9999139185100394
combined_overall,0.09462877035160508,1.0,0.9999139185100394
combined_overall,0.09463092453049671,1.0,0.9999139185100394
combined_overall,0.09463630997772579,1.0,0.9999139185100394
combined_overall,0.09463846415661742,1.0,0.9999139185100394
combined_overall,0.09465892885608793,1.0,0.9999139185100394
combined_overall,0.09466108303497955,1.0,0.9999139185100394
combined_overall,0.09466539139276282,1.0,0.9999139185100394
combined_overall,0.09467185392943772,1.0,0.9999139185100394
combined_overall,0.09470201243392057,1.0,0.9999139185100394
combined_overall,0.0947041666128122,1.0,0.9999139185100394
combined_overall,0.09471386041782454,1.0,0.9999139185100394
combined_overall,0.09471601459671616,1.0,0.9999139185100394
combined_overall,0.09473217093840341,1.0,0.9999139185100394
combined_overall,0.09473540220674086,1.0,0.9999139185100394
combined_overall,0.09473971056452413,1.0,0.9999139185100394
combined_overall,0.09474186474341575,1.0,0.9999139185100394
combined_overall,0.09477956287401931,1.0,0.9999139185100394
combined_overall,0.09478171705291094,1.0,0.9999139185100394
combined_overall,0.09479571921570655,1.0,0.9999139185100394
combined_overall,0.09479787339459818,1.0,0.9999139185100394
combined_overall,0.09481187555739379,1.0,0.9999139185100394
combined_overall,0.09481402973628542,1.0,0.9999139185100394
combined_overall,0.09484849659855153,1.0,0.9999139185100394
combined_overall,0.09485065077744316,1.0,0.9999139185100394
combined_overall,0.09485603622467224,1.0,0.9999139185100394
combined_overall,0.09486142167190133,1.0,0.9999139185100394
combined_overall,0.09486249876134714,1.0,0.9999139185100394
combined_overall,0.09486465294023877,1.0,0.9999139185100394
combined_overall,0.094880809281926,1.0,0.9999139185100394
combined_overall,0.09488619472915509,1.0,0.9999139185100394
combined_overall,0.0948937343552758,1.0,0.9999139185100394
combined_overall,0.09489588853416743,1.0,0.9999139185100394
combined_overall,0.09490450524973396,1.0,0.9999139185100394
combined_overall,0.0949066594286256,1.0,0.9999139185100394
combined_overall,0.0949411262908917,1.0,0.9999139185100394
combined_overall,0.09494543464867497,1.0,0.9999139185100394
combined_overall,0.09495728263257894,1.0,0.9999139185100394
combined_overall,0.09495943681147057,1.0,0.9999139185100394
combined_overall,0.09496697643759128,1.0,0.9999139185100394
combined_overall,0.09497343897426617,1.0,0.9999139185100394
combined_overall,0.09505422068270238,1.0,0.9999139185100394
combined_overall,0.09505745195103982,1.0,0.9999139185100394
combined_overall,0.09509084172386012,1.0,0.9999139185100394
combined_overall,0.09509299590275175,1.0,0.9999139185100394
combined_overall,0.09509407299219756,1.0,0.9999139185100394
combined_overall,0.09509622717108919,1.0,0.9999139185100394
combined_overall,0.0951166918705597,1.0,0.9999139185100394
combined_overall,0.09511884604945132,1.0,0.9999139185100394
combined_overall,0.09512100022834297,1.0,0.9999139185100394
combined_overall,0.0951231544072346,1.0,0.9999139185100394
combined_overall,0.09513931074892183,1.0,0.9999139185100394
combined_overall,0.0951436191067051,1.0,0.9999139185100394
combined_overall,0.09515762126950071,1.0,0.9999139185100394
combined_overall,0.09515977544839234,1.0,0.9999139185100394
combined_overall,0.0951640838061756,1.0,0.9999139185100394
combined_overall,0.09517700887952539,1.0,0.9999139185100394
combined_overall,0.09518239432675447,1.0,0.9999139185100394
combined_overall,0.0951845485056461,1.0,0.9999139185100394
combined_overall,0.09519424231065844,1.0,0.9999139185100394
combined_overall,0.09519639648955008,1.0,0.9999139185100394
combined_overall,0.0951974735789959,1.0,0.9999139185100394
combined_overall,0.09519962775788753,1.0,0.9999139185100394
combined_overall,0.09520070484733334,1.0,0.9999139185100394
combined_overall,0.0952039361156708,1.0,0.9999139185100394
combined_overall,0.09521255283123732,1.0,0.9999139185100394
combined_overall,0.09521793827846639,1.0,0.9999139185100394
combined_overall,0.09525563640906995,1.0,0.9999139185100394
combined_overall,0.09525779058796159,1.0,0.9999139185100394
combined_overall,0.09530302834468586,1.0,0.9999139185100394
combined_overall,0.09530518252357749,1.0,0.9999139185100394
combined_overall,0.09530733670246912,1.0,0.9999139185100394
combined_overall,0.09530949088136074,1.0,0.9999139185100394
combined_overall,0.09532780140193962,1.0,0.9999139185100394
combined_overall,0.09532995558083125,1.0,0.9999139185100394
combined_overall,0.09533210975972288,1.0,0.9999139185100394
combined_overall,0.09533426393861452,1.0,0.9999139185100394
combined_overall,0.09533641811750615,1.0,0.9999139185100394
combined_overall,0.09534180356473523,1.0,0.9999139185100394
combined_overall,0.0953536515486392,1.0,0.9999139185100394
combined_overall,0.09535795990642247,1.0,0.9999139185100394
combined_overall,0.09536226826420573,1.0,0.9999139185100394
combined_overall,0.09536442244309737,1.0,0.9999139185100394
combined_overall,0.095366576621989,1.0,0.9999139185100394
combined_overall,0.09536873080088062,1.0,0.9999139185100394
combined_overall,0.09537088497977227,1.0,0.9999139185100394
combined_overall,0.09537627042700134,1.0,0.9999139185100394
combined_overall,0.09537842460589298,1.0,0.9999139185100394
combined_overall,0.0953935038581344,1.0,0.9999139185100394
combined_overall,0.09539781221591766,1.0,0.9999139185100394
combined_overall,0.09540858311037582,1.0,0.9999139185100394
combined_overall,0.09541073728926745,1.0,0.9999139185100394
combined_overall,0.09541181437871327,1.0,0.9999139185100394
combined_overall,0.0954139685576049,1.0,0.9999139185100394
combined_overall,0.09542043109427979,1.0,0.9999139185100394
combined_overall,0.09542258527317142,1.0,0.9999139185100394
combined_overall,0.09543120198873795,1.0,0.9999139185100394
combined_overall,0.09543335616762959,1.0,0.9999139185100394
combined_overall,0.09543766452541284,1.0,0.9999139185100394
combined_overall,0.09544520415153356,1.0,0.9999139185100394
combined_overall,0.09547105429823315,1.0,0.9999139185100394
combined_overall,0.09547320847712477,1.0,0.9999139185100394
combined_overall,0.09549905862382435,1.0,0.9999139185100394
combined_overall,0.09550336698160762,1.0,0.9999139185100394
combined_overall,0.09551736914440323,1.0,0.9999139185100394
combined_overall,0.09551952332329486,1.0,0.9999139185100394
combined_overall,0.09552383168107813,1.0,0.9999139185100394
combined_overall,0.09552598585996976,1.0,0.9999139185100394
combined_overall,0.0955292171283072,1.0,0.9999139185100394
combined_overall,0.09553137130719884,1.0,0.9999139185100394
combined_overall,0.09553352548609047,1.0,0.9999139185100394
combined_overall,0.0955356796649821,1.0,0.9999139185100394
combined_overall,0.09555937563279004,1.0,0.9999139185100394
combined_overall,0.09556152981168169,1.0,0.9999139185100394
combined_overall,0.0955690694378024,1.0,0.9999139185100394
combined_overall,0.09557122361669403,1.0,0.9999139185100394
combined_overall,0.09559599667394779,1.0,0.9999139185100394
combined_overall,0.09559815085283942,1.0,0.9999139185100394
combined_overall,0.0956035363000685,1.0,0.9999139185100394
combined_overall,0.09560784465785177,1.0,0.9999139185100394
combined_overall,0.0956099988367434,1.0,0.9999139185100394
combined_overall,0.09561430719452667,1.0,0.9999139185100394
combined_overall,0.0956164613734183,1.0,0.9999139185100394
combined_overall,0.09562184682064738,1.0,0.9999139185100394
combined_overall,0.09562400099953901,1.0,0.9999139185100394
combined_overall,0.09563477189399716,1.0,0.9999139185100394
combined_overall,0.09563908025178043,1.0,0.9999139185100394
combined_overall,0.09564769696734696,1.0,0.9999139185100394
combined_overall,0.09566277621958838,1.0,0.9999139185100394
combined_overall,0.09571770778132499,1.0,0.9999139185100394
combined_overall,0.09572417031799989,1.0,0.9999139185100394
combined_overall,0.09573709539134968,1.0,0.9999139185100394
combined_overall,0.09574355792802458,1.0,0.9999139185100394
combined_overall,0.09574894337525365,1.0,0.9999139185100394
combined_overall,0.09575109755414529,1.0,0.9999139185100394
combined_overall,0.09575325173303692,1.0,0.9999139185100394
combined_overall,0.09575540591192855,1.0,0.9999139185100394
combined_overall,0.09576294553804926,1.0,0.9999139185100394
combined_overall,0.09576509971694089,1.0,0.9999139185100394
combined_overall,0.09577048516416997,1.0,0.9999139185100394
combined_overall,0.09578017896918231,1.0,0.9999139185100394
combined_overall,0.09578771859530302,1.0,0.9999139185100394
combined_overall,0.09579094986364048,1.0,0.9999139185100394
combined_overall,0.0957931040425321,1.0,0.9999139185100394
combined_overall,0.09581680001034006,1.0,0.9999139185100394
combined_overall,0.09581895418923168,1.0,0.9999139185100394
combined_overall,0.09584265015703965,1.0,0.9999139185100394
combined_overall,0.09584480433593127,1.0,0.9999139185100394
combined_overall,0.09586850030373922,1.0,0.9999139185100394
combined_overall,0.09587496284041412,1.0,0.9999139185100394
combined_overall,0.09588788791376392,1.0,0.9999139185100394
combined_overall,0.09589004209265554,1.0,0.9999139185100394
combined_overall,0.09590296716600534,1.0,0.9999139185100394
combined_overall,0.09590512134489697,1.0,0.9999139185100394
combined_overall,0.09591912350769258,1.0,0.9999139185100394
combined_overall,0.0959212776865842,1.0,0.9999139185100394
combined_overall,0.09594174238605471,1.0,0.9999139185100394
combined_overall,0.09595035910162124,1.0,0.9999139185100394
combined_overall,0.09595682163829614,1.0,0.9999139185100394
combined_overall,0.09596112999607939,1.0,0.9999139185100394
combined_overall,0.09596974671164592,1.0,0.9999139185100394
combined_overall,0.09597190089053756,1.0,0.9999139185100394
combined_overall,0.09597297797998337,1.0,0.9999139185100394
combined_overall,0.095975132158875,1.0,0.9999139185100394
combined_overall,0.0959815946955499,1.0,0.9999139185100394
combined_overall,0.09598374887444153,1.0,0.9999139185100394
combined_overall,0.09598482596388734,1.0,0.9999139185100394
combined_overall,0.09598698014277898,1.0,0.9999139185100394
combined_overall,0.09604622006229885,1.0,0.9999139185100394
combined_overall,0.09605268259897375,1.0,0.9999139185100394
combined_overall,0.09606129931454027,1.0,0.9999139185100394
combined_overall,0.09612161632350597,1.0,0.9999139185100394
combined_overall,0.09616793116967605,1.0,0.9999139185100394
combined_overall,0.09617008534856769,1.0,0.9999139185100394
combined_overall,0.09617870206413422,1.0,0.9999139185100394
combined_overall,0.09618085624302584,1.0,0.9999139185100394
combined_overall,0.09618839586914656,1.0,0.9999139185100394
combined_overall,0.09619055004803818,1.0,0.9999139185100394
combined_overall,0.09619270422692983,1.0,0.9999139185100394
combined_overall,0.09619485840582145,1.0,0.9999139185100394
combined_overall,0.0962045522108338,1.0,0.9999139185100394
combined_overall,0.09620670638972542,1.0,0.9999139185100394
combined_overall,0.09621101474750869,1.0,0.9999139185100394
combined_overall,0.09621316892640032,1.0,0.9999139185100394
combined_overall,0.09622178564196684,1.0,0.9999139185100394
combined_overall,0.09622393982085849,1.0,0.9999139185100394
combined_overall,0.09626486921979949,1.0,0.9999139185100394
combined_overall,0.09626702339869112,1.0,0.9999139185100394
combined_overall,0.0962724088459202,1.0,0.9999139185100394
combined_overall,0.09627456302481183,1.0,0.9999139185100394
combined_overall,0.0962928735453907,1.0,0.9999139185100394
combined_overall,0.09629502772428233,1.0,0.9999139185100394
combined_overall,0.09629825899261979,1.0,0.9999139185100394
combined_overall,0.09630041317151142,1.0,0.9999139185100394
combined_overall,0.09630256735040305,1.0,0.9999139185100394
combined_overall,0.09631118406596957,1.0,0.9999139185100394
combined_overall,0.09631226115541539,1.0,0.9999139185100394
combined_overall,0.09631441533430703,1.0,0.9999139185100394
combined_overall,0.09632303204987355,1.0,0.9999139185100394
combined_overall,0.09632841749710262,1.0,0.9999139185100394
combined_overall,0.0963596530910313,1.0,0.9999139185100394
combined_overall,0.09636180726992293,1.0,0.9999139185100394
combined_overall,0.09636288435936874,1.0,0.9999139185100394
combined_overall,0.09636503853826037,1.0,0.9999139185100394
combined_overall,0.09637904070105598,1.0,0.9999139185100394
combined_overall,0.0963811948799476,1.0,0.9999139185100394
combined_overall,0.09639088868495996,1.0,0.9999139185100394
combined_overall,0.0963941199532974,1.0,0.9999139185100394
combined_overall,0.09640273666886393,1.0,0.9999139185100394
combined_overall,0.09640596793720138,1.0,0.9999139185100394
combined_overall,0.0964210471894428,1.0,0.9999139185100394
combined_overall,0.09642320136833443,1.0,0.9999139185100394
combined_overall,0.09642427845778025,1.0,0.9999139185100394
combined_overall,0.09642858681556352,1.0,0.9999139185100394
combined_overall,0.0964544369622631,1.0,0.9999139185100394
combined_overall,0.09645659114115472,1.0,0.9999139185100394
combined_overall,0.09646951621450452,1.0,0.9999139185100394
combined_overall,0.09647167039339614,1.0,0.9999139185100394
combined_overall,0.09647813293007104,1.0,0.9999139185100394
combined_overall,0.09648028710896267,1.0,0.9999139185100394
combined_overall,0.0964953663612041,1.0,0.9999139185100394
combined_overall,0.09649752054009574,1.0,0.9999139185100394
combined_overall,0.09650721434510807,1.0,0.9999139185100394
combined_overall,0.0965093685239997,1.0,0.9999139185100394
combined_overall,0.09651259979233716,1.0,0.9999139185100394
combined_overall,0.09652337068679531,1.0,0.9999139185100394
combined_overall,0.09652552486568694,1.0,0.9999139185100394
combined_overall,0.09652767904457858,1.0,0.9999139185100394
combined_overall,0.09655245210183235,1.0,0.9999139185100394
combined_overall,0.09655676045961561,1.0,0.9999139185100394
combined_overall,0.09659338150077335,1.0,0.9999139185100394
combined_overall,0.09659768985855662,1.0,0.9999139185100394
combined_overall,0.09660415239523151,1.0,0.9999139185100394
combined_overall,0.09660630657412314,1.0,0.9999139185100394
combined_overall,0.09662138582636456,1.0,0.9999139185100394
combined_overall,0.096624617094702,1.0,0.9999139185100394
combined_overall,0.0966375421680518,1.0,0.9999139185100394
combined_overall,0.09664077343638926,1.0,0.9999139185100394
combined_overall,0.09664185052583507,1.0,0.9999139185100394
combined_overall,0.0966440047047267,1.0,0.9999139185100394
combined_overall,0.09666123813585975,1.0,0.9999139185100394
combined_overall,0.09666554649364302,1.0,0.9999139185100394
combined_overall,0.09666770067253465,1.0,0.9999139185100394
combined_overall,0.09666877776198046,1.0,0.9999139185100394
combined_overall,0.0966709319408721,1.0,0.9999139185100394
combined_overall,0.09667308611976373,1.0,0.9999139185100394
combined_overall,0.09667524029865536,1.0,0.9999139185100394
combined_overall,0.09668277992477607,1.0,0.9999139185100394
combined_overall,0.09668601119311353,1.0,0.9999139185100394
combined_overall,0.09669678208757168,1.0,0.9999139185100394
combined_overall,0.09669893626646331,1.0,0.9999139185100394
combined_overall,0.09671940096593382,1.0,0.9999139185100394
combined_overall,0.09672155514482544,1.0,0.9999139185100394
combined_overall,0.09674417402318758,1.0,0.9999139185100394
combined_overall,0.09674632820207921,1.0,0.9999139185100394
combined_overall,0.09680018267437002,1.0,0.9999139185100394
combined_overall,0.09680772230049073,1.0,0.9999139185100394
combined_overall,0.09682172446328632,1.0,0.9999139185100394
combined_overall,0.09682387864217797,1.0,0.9999139185100394
combined_overall,0.0968260328210696,1.0,0.9999139185100394
combined_overall,0.09682818699996122,1.0,0.9999139185100394
combined_overall,0.09683249535774449,1.0,0.9999139185100394
combined_overall,0.09683572662608193,1.0,0.9999139185100394
combined_overall,0.09684326625220264,1.0,0.9999139185100394
combined_overall,0.09684757460998591,1.0,0.9999139185100394
combined_overall,0.09685942259388988,1.0,0.9999139185100394
combined_overall,0.09686157677278152,1.0,0.9999139185100394
combined_overall,0.09686373095167315,1.0,0.9999139185100394
combined_overall,0.09686588513056478,1.0,0.9999139185100394
combined_overall,0.09688204147225202,1.0,0.9999139185100394
combined_overall,0.09688419565114366,1.0,0.9999139185100394
combined_overall,0.09688958109837273,1.0,0.9999139185100394
combined_overall,0.09689173527726437,1.0,0.9999139185100394
combined_overall,0.096893889456156,1.0,0.9999139185100394
combined_overall,0.09691758542396395,1.0,0.9999139185100394
combined_overall,0.09693051049731374,1.0,0.9999139185100394
combined_overall,0.09700590675852086,1.0,0.9999139185100394
combined_overall,0.0970091380268583,1.0,0.9999139185100394
combined_overall,0.09703821944189533,1.0,0.9999139185100394
combined_overall,0.09704252779967859,1.0,0.9999139185100394
combined_overall,0.09705114451524513,1.0,0.9999139185100394
combined_overall,0.09706083832025747,1.0,0.9999139185100394
combined_overall,0.09706191540970328,1.0,0.9999139185100394
combined_overall,0.09706514667804073,1.0,0.9999139185100394
combined_overall,0.09706622376748655,1.0,0.9999139185100394
combined_overall,0.09706837794637818,1.0,0.9999139185100394
combined_overall,0.09708130301972798,1.0,0.9999139185100394
combined_overall,0.09708561137751123,1.0,0.9999139185100394
combined_overall,0.09709207391418613,1.0,0.9999139185100394
combined_overall,0.09709422809307776,1.0,0.9999139185100394
combined_overall,0.0970963822719694,1.0,0.9999139185100394
combined_overall,0.09709853645086103,1.0,0.9999139185100394
combined_overall,0.09710715316642755,1.0,0.9999139185100394
combined_overall,0.09710930734531918,1.0,0.9999139185100394
combined_overall,0.09711361570310245,1.0,0.9999139185100394
combined_overall,0.09711576988199408,1.0,0.9999139185100394
combined_overall,0.09718685778541793,1.0,0.9999139185100394
combined_overall,0.09718901196430957,1.0,0.9999139185100394
combined_overall,0.09722563300546731,1.0,0.9999139185100394
combined_overall,0.09722778718435894,1.0,0.9999139185100394
combined_overall,0.09725471442050433,1.0,0.9999139185100394
combined_overall,0.0972590227782876,1.0,0.9999139185100394
combined_overall,0.09726656240440831,1.0,0.9999139185100394
combined_overall,0.09726871658329994,1.0,0.9999139185100394
combined_overall,0.09728056456720392,1.0,0.9999139185100394
combined_overall,0.09728271874609555,1.0,0.9999139185100394
combined_overall,0.09728595001443299,1.0,0.9999139185100394
combined_overall,0.09728810419332463,1.0,0.9999139185100394
combined_overall,0.09729241255110789,1.0,0.9999139185100394
combined_overall,0.09729456672999953,1.0,0.9999139185100394
combined_overall,0.09729779799833697,1.0,0.9999139185100394
combined_overall,0.0972999521772286,1.0,0.9999139185100394
combined_overall,0.09734411284450706,1.0,0.9999139185100394
combined_overall,0.09734626702339869,1.0,0.9999139185100394
combined_overall,0.09734949829173614,1.0,0.9999139185100394
combined_overall,0.09735165247062777,1.0,0.9999139185100394
combined_overall,0.0973602691861943,1.0,0.9999139185100394
combined_overall,0.09736242336508592,1.0,0.9999139185100394
combined_overall,0.09737104008065246,1.0,0.9999139185100394
combined_overall,0.09737965679621899,1.0,0.9999139185100394
combined_overall,0.09741412365848509,1.0,0.9999139185100394
combined_overall,0.09741627783737673,1.0,0.9999139185100394
combined_overall,0.09742274037405162,1.0,0.9999139185100394
combined_overall,0.09742597164238907,1.0,0.9999139185100394
combined_overall,0.0974410508946305,1.0,0.9999139185100394
combined_overall,0.09744535925241375,1.0,0.9999139185100394
combined_overall,0.09746690104133007,1.0,0.9999139185100394
combined_overall,0.09746905522022171,1.0,0.9999139185100394
combined_overall,0.09747444066745078,1.0,0.9999139185100394
combined_overall,0.09747659484634243,1.0,0.9999139185100394
combined_overall,0.09747874902523405,1.0,0.9999139185100394
combined_overall,0.09748090320412568,1.0,0.9999139185100394
combined_overall,0.09748521156190895,1.0,0.9999139185100394
combined_overall,0.09748736574080058,1.0,0.9999139185100394
combined_overall,0.09749490536692129,1.0,0.9999139185100394
combined_overall,0.09749705954581292,1.0,0.9999139185100394
combined_overall,0.09749813663525873,1.0,0.9999139185100394
combined_overall,0.09750029081415038,1.0,0.9999139185100394
combined_overall,0.09750567626137945,1.0,0.9999139185100394
combined_overall,0.09750783044027109,1.0,0.9999139185100394
combined_overall,0.0975089075297169,1.0,0.9999139185100394
combined_overall,0.09751106170860853,1.0,0.9999139185100394
combined_overall,0.09751860133472924,1.0,0.9999139185100394
combined_overall,0.09752075551362087,1.0,0.9999139185100394
combined_overall,0.09754445148142882,1.0,0.9999139185100394
combined_overall,0.09755306819699536,1.0,0.9999139185100394
combined_overall,0.09758107252258656,1.0,0.9999139185100394
combined_overall,0.0975832267014782,1.0,0.9999139185100394
combined_overall,0.09758968923815309,1.0,0.9999139185100394
combined_overall,0.09759507468538217,1.0,0.9999139185100394
combined_overall,0.0975972288642738,1.0,0.9999139185100394
combined_overall,0.09760261431150288,1.0,0.9999139185100394
combined_overall,0.09760907684817778,1.0,0.9999139185100394
combined_overall,0.09761123102706941,1.0,0.9999139185100394
combined_overall,0.09761877065319012,1.0,0.9999139185100394
combined_overall,0.09762092483208175,1.0,0.9999139185100394
combined_overall,0.09762954154764829,1.0,0.9999139185100394
combined_overall,0.09763169572653992,1.0,0.9999139185100394
combined_overall,0.09763277281598573,1.0,0.9999139185100394
combined_overall,0.09763815826321481,1.0,0.9999139185100394
combined_overall,0.09765646878379368,1.0,0.9999139185100394
combined_overall,0.09766077714157695,1.0,0.9999139185100394
combined_overall,0.09767477930437256,1.0,0.9999139185100394
combined_overall,0.09767693348326419,1.0,0.9999139185100394
combined_overall,0.09767908766215581,1.0,0.9999139185100394
combined_overall,0.09768124184104744,1.0,0.9999139185100394
combined_overall,0.09769847527218051,1.0,0.9999139185100394
combined_overall,0.09770278362996376,1.0,0.9999139185100394
combined_overall,0.0977587922811462,1.0,0.9999139185100394
combined_overall,0.09776310063892946,1.0,0.9999139185100394
combined_overall,0.09777171735449598,1.0,0.9999139185100394
combined_overall,0.09777387153338762,1.0,0.9999139185100394
combined_overall,0.09783634272124495,1.0,0.9999139185100394
combined_overall,0.09783849690013657,1.0,0.9999139185100394
combined_overall,0.09787296376240269,1.0,0.9999139185100394
combined_overall,0.09787511794129432,1.0,0.9999139185100394
combined_overall,0.09788481174630666,1.0,0.9999139185100394
combined_overall,0.09788696592519829,1.0,0.9999139185100394
combined_overall,0.09790635353522298,1.0,0.9999139185100394
combined_overall,0.09791066189300625,1.0,0.9999139185100394
combined_overall,0.09791604734023532,1.0,0.9999139185100394
combined_overall,0.09791927860857277,1.0,0.9999139185100394
combined_overall,0.0979214327874644,1.0,0.9999139185100394
combined_overall,0.09793112659247674,1.0,0.9999139185100394
combined_overall,0.09793328077136838,1.0,0.9999139185100394
combined_overall,0.09795374547083888,1.0,0.9999139185100394
combined_overall,0.09795589964973052,1.0,0.9999139185100394
combined_overall,0.09795913091806796,1.0,0.9999139185100394
combined_overall,0.09796128509695959,1.0,0.9999139185100394
combined_overall,0.0979752872597552,1.0,0.9999139185100394
combined_overall,0.09797851852809265,1.0,0.9999139185100394
combined_overall,0.0979817497964301,1.0,0.9999139185100394
combined_overall,0.09799036651199662,1.0,0.9999139185100394
combined_overall,0.09801083121146713,1.0,0.9999139185100394
combined_overall,0.09801298539035876,1.0,0.9999139185100394
combined_overall,0.09802698755315437,1.0,0.9999139185100394
combined_overall,0.098029141732046,1.0,0.9999139185100394
combined_overall,0.09805499187874558,1.0,0.9999139185100394
combined_overall,0.09805714605763721,1.0,0.9999139185100394
combined_overall,0.09805930023652884,1.0,0.9999139185100394
combined_overall,0.09806145441542047,1.0,0.9999139185100394
combined_overall,0.09806683986264955,1.0,0.9999139185100394
combined_overall,0.09807653366766189,1.0,0.9999139185100394
combined_overall,0.0980840732937826,1.0,0.9999139185100394
combined_overall,0.09808622747267425,1.0,0.9999139185100394
combined_overall,0.09808730456212006,1.0,0.9999139185100394
combined_overall,0.0980905358304575,1.0,0.9999139185100394
combined_overall,0.09809915254602403,1.0,0.9999139185100394
combined_overall,0.09811530888771128,1.0,0.9999139185100394
combined_overall,0.0981303881399527,1.0,0.9999139185100394
combined_overall,0.09813685067662758,1.0,0.9999139185100394
combined_overall,0.09814115903441085,1.0,0.9999139185100394
combined_overall,0.0981443903027483,1.0,0.9999139185100394
combined_overall,0.09815623828665228,1.0,0.9999139185100394
combined_overall,0.0981583924655439,1.0,0.9999139185100394
combined_overall,0.09820039895393073,1.0,0.9999139185100394
combined_overall,0.09820255313282236,1.0,0.9999139185100394
combined_overall,0.09822732619007613,1.0,0.9999139185100394
combined_overall,0.09822948036896777,1.0,0.9999139185100394
combined_overall,0.09823594290564265,1.0,0.9999139185100394
combined_overall,0.09823809708453429,1.0,0.9999139185100394
combined_overall,0.0982391741739801,1.0,0.9999139185100394
combined_overall,0.09824132835287173,1.0,0.9999139185100394
combined_overall,0.098245636710655,1.0,0.9999139185100394
combined_overall,0.09824994506843826,1.0,0.9999139185100394
combined_overall,0.09825856178400479,1.0,0.9999139185100394
combined_overall,0.09826287014178806,1.0,0.9999139185100394
combined_overall,0.09826502432067968,1.0,0.9999139185100394
combined_overall,0.09826717849957131,1.0,0.9999139185100394
combined_overall,0.09827794939402948,1.0,0.9999139185100394
combined_overall,0.09828010357292111,1.0,0.9999139185100394
combined_overall,0.09828333484125856,1.0,0.9999139185100394
combined_overall,0.09828548902015019,1.0,0.9999139185100394
combined_overall,0.0983598081919115,1.0,0.9999139185100394
combined_overall,0.09836411654969475,1.0,0.9999139185100394
combined_overall,0.09839104378584015,1.0,0.9999139185100394
combined_overall,0.09839319796473178,1.0,0.9999139185100394
combined_overall,0.09841797102198555,1.0,0.9999139185100394
combined_overall,0.09843089609533534,1.0,0.9999139185100394
combined_overall,0.09843197318478115,1.0,0.9999139185100394
combined_overall,0.09843412736367278,1.0,0.9999139185100394
combined_overall,0.0984685942259389,1.0,0.9999139185100394
combined_overall,0.09847074840483053,1.0,0.9999139185100394
combined_overall,0.09847397967316798,1.0,0.9999139185100394
combined_overall,0.09847721094150542,1.0,0.9999139185100394
combined_overall,0.09850736944598827,1.0,0.9999139185100394
combined_overall,0.0985095236248799,1.0,0.9999139185100394
combined_overall,0.0985299883243504,1.0,0.9999139185100394
combined_overall,0.09853214250324203,1.0,0.9999139185100394
combined_overall,0.09853429668213368,1.0,0.9999139185100394
combined_overall,0.0985364508610253,1.0,0.9999139185100394
combined_overall,0.09853968212936275,1.0,0.9999139185100394
combined_overall,0.09854183630825439,1.0,0.9999139185100394
combined_overall,0.09854829884492927,1.0,0.9999139185100394
combined_overall,0.09855045302382091,1.0,0.9999139185100394
combined_overall,0.09856984063384559,1.0,0.9999139185100394
combined_overall,0.09857199481273723,1.0,0.9999139185100394
combined_overall,0.098596767869991,1.0,0.9999139185100394
combined_overall,0.09859892204888263,1.0,0.9999139185100394
combined_overall,0.09862046383779895,1.0,0.9999139185100394
combined_overall,0.09862369510613639,1.0,0.9999139185100394
combined_overall,0.09863015764281129,1.0,0.9999139185100394
combined_overall,0.09863446600059456,1.0,0.9999139185100394
combined_overall,0.09866139323673995,1.0,0.9999139185100394
combined_overall,0.09866354741563159,1.0,0.9999139185100394
combined_overall,0.0986646245050774,1.0,0.9999139185100394
combined_overall,0.09866893286286066,1.0,0.9999139185100394
combined_overall,0.09867216413119811,1.0,0.9999139185100394
combined_overall,0.09867862666787301,1.0,0.9999139185100394
combined_overall,0.09868078084676464,1.0,0.9999139185100394
combined_overall,0.09872171024570564,1.0,0.9999139185100394
combined_overall,0.0987389436768387,1.0,0.9999139185100394
combined_overall,0.09877341053910481,1.0,0.9999139185100394
combined_overall,0.09877556471799644,1.0,0.9999139185100394
combined_overall,0.09878310434411715,1.0,0.9999139185100394
combined_overall,0.09878525852300879,1.0,0.9999139185100394
combined_overall,0.09881218575915418,1.0,0.9999139185100394
combined_overall,0.09881433993804581,1.0,0.9999139185100394
combined_overall,0.09881649411693745,1.0,0.9999139185100394
combined_overall,0.09881864829582908,1.0,0.9999139185100394
combined_overall,0.09882187956416652,1.0,0.9999139185100394
combined_overall,0.09883157336917887,1.0,0.9999139185100394
combined_overall,0.09883803590585377,1.0,0.9999139185100394
combined_overall,0.0988401900847454,1.0,0.9999139185100394
combined_overall,0.09884234426363703,1.0,0.9999139185100394
combined_overall,0.09884557553197448,1.0,0.9999139185100394
combined_overall,0.09884772971086611,1.0,0.9999139185100394
combined_overall,0.09886604023144498,1.0,0.9999139185100394
combined_overall,0.09886819441033662,1.0,0.9999139185100394
combined_overall,0.09887681112590314,1.0,0.9999139185100394
combined_overall,0.09887896530479477,1.0,0.9999139185100394
combined_overall,0.09890050709371109,1.0,0.9999139185100394
combined_overall,0.0989080467198318,1.0,0.9999139185100394
combined_overall,0.09891020089872343,1.0,0.9999139185100394
combined_overall,0.0989145092565067,1.0,0.9999139185100394
combined_overall,0.09891666343539833,1.0,0.9999139185100394
combined_overall,0.09892204888262741,1.0,0.9999139185100394
combined_overall,0.09892420306151904,1.0,0.9999139185100394
combined_overall,0.09892635724041067,1.0,0.9999139185100394
combined_overall,0.0989285114193023,1.0,0.9999139185100394
combined_overall,0.09893281977708557,1.0,0.9999139185100394
combined_overall,0.09893605104542301,1.0,0.9999139185100394
combined_overall,0.0989489761187728,1.0,0.9999139185100394
combined_overall,0.09895436156600189,1.0,0.9999139185100394
combined_overall,0.09897051790768913,1.0,0.9999139185100394
combined_overall,0.09897267208658075,1.0,0.9999139185100394
combined_overall,0.09898990551771382,1.0,0.9999139185100394
combined_overall,0.09899421387549708,1.0,0.9999139185100394
combined_overall,0.09899744514383453,1.0,0.9999139185100394
combined_overall,0.09902437237997992,1.0,0.9999139185100394
combined_overall,0.09903083491665482,1.0,0.9999139185100394
combined_overall,0.09903298909554645,1.0,0.9999139185100394
combined_overall,0.09904806834778787,1.0,0.9999139185100394
combined_overall,0.0990502225266795,1.0,0.9999139185100394
combined_overall,0.09908468938894562,1.0,0.9999139185100394
combined_overall,0.09908684356783724,1.0,0.9999139185100394
combined_overall,0.09910623117786194,1.0,0.9999139185100394
combined_overall,0.09910838535675356,1.0,0.9999139185100394
combined_overall,0.09911053953564519,1.0,0.9999139185100394
combined_overall,0.09911269371453683,1.0,0.9999139185100394
combined_overall,0.09912885005622407,1.0,0.9999139185100394
combined_overall,0.0991310042351157,1.0,0.9999139185100394
combined_overall,0.09914716057680294,1.0,0.9999139185100394
combined_overall,0.09914931475569458,1.0,0.9999139185100394
combined_overall,0.09915900856070692,1.0,0.9999139185100394
combined_overall,0.09916116273959855,1.0,0.9999139185100394
combined_overall,0.09916870236571926,1.0,0.9999139185100394
combined_overall,0.0991719336340567,1.0,0.9999139185100394
combined_overall,0.09918055034962324,1.0,0.9999139185100394
combined_overall,0.09918270452851487,1.0,0.9999139185100394
combined_overall,0.09918701288629812,1.0,0.9999139185100394
combined_overall,0.09919024415463558,1.0,0.9999139185100394
combined_overall,0.09922471101690168,1.0,0.9999139185100394
combined_overall,0.09922686519579332,1.0,0.9999139185100394
combined_overall,0.09923871317969729,1.0,0.9999139185100394
combined_overall,0.09924086735858893,1.0,0.9999139185100394
combined_overall,0.09924948407415546,1.0,0.9999139185100394
combined_overall,0.09925594661083036,1.0,0.9999139185100394
combined_overall,0.09927533422085504,1.0,0.9999139185100394
combined_overall,0.09927748839974666,1.0,0.9999139185100394
combined_overall,0.09929472183087973,1.0,0.9999139185100394
combined_overall,0.09929903018866298,1.0,0.9999139185100394
combined_overall,0.09930764690422951,1.0,0.9999139185100394
combined_overall,0.09930980108312115,1.0,0.9999139185100394
combined_overall,0.09931518653035022,1.0,0.9999139185100394
combined_overall,0.09932380324591675,1.0,0.9999139185100394
combined_overall,0.0993270345142542,1.0,0.9999139185100394
combined_overall,0.09934965339261634,1.0,0.9999139185100394
combined_overall,0.09935180757150797,1.0,0.9999139185100394
combined_overall,0.0993539617503996,1.0,0.9999139185100394
combined_overall,0.09935611592929124,1.0,0.9999139185100394
combined_overall,0.09936042428707449,1.0,0.9999139185100394
combined_overall,0.09936365555541195,1.0,0.9999139185100394
combined_overall,0.09936904100264102,1.0,0.9999139185100394
combined_overall,0.09937119518153266,1.0,0.9999139185100394
combined_overall,0.09938412025488244,1.0,0.9999139185100394
combined_overall,0.09938627443377408,1.0,0.9999139185100394
combined_overall,0.099421818385486,1.0,0.9999139185100394
combined_overall,0.09942397256437764,1.0,0.9999139185100394
combined_overall,0.09943043510105253,1.0,0.9999139185100394
combined_overall,0.09943258927994417,1.0,0.9999139185100394
combined_overall,0.09943905181661906,1.0,0.9999139185100394
combined_overall,0.09944120599551069,1.0,0.9999139185100394
combined_overall,0.09945305397941466,1.0,0.9999139185100394
combined_overall,0.09945628524775212,1.0,0.9999139185100394
combined_overall,0.09945843942664374,1.0,0.9999139185100394
combined_overall,0.09946059360553537,1.0,0.9999139185100394
combined_overall,0.09947459576833098,1.0,0.9999139185100394
combined_overall,0.09947890412611425,1.0,0.9999139185100394
combined_overall,0.09949398337835567,1.0,0.9999139185100394
combined_overall,0.0994961375572473,1.0,0.9999139185100394
combined_overall,0.09949721464669312,1.0,0.9999139185100394
combined_overall,0.09950152300447639,1.0,0.9999139185100394
combined_overall,0.09950475427281383,1.0,0.9999139185100394
combined_overall,0.0995090626305971,1.0,0.9999139185100394
combined_overall,0.09951121680948873,1.0,0.9999139185100394
combined_overall,0.09951337098838035,1.0,0.9999139185100394
combined_overall,0.09953060441951342,1.0,0.9999139185100394
combined_overall,0.09953275859840505,1.0,0.9999139185100394
combined_overall,0.09954245240341739,1.0,0.9999139185100394
combined_overall,0.09954676076120066,1.0,0.9999139185100394
combined_overall,0.099556454566213,1.0,0.9999139185100394
combined_overall,0.09955968583455044,1.0,0.9999139185100394
combined_overall,0.09956076292399627,1.0,0.9999139185100394
combined_overall,0.0995629171028879,1.0,0.9999139185100394
combined_overall,0.09956937963956279,1.0,0.9999139185100394
combined_overall,0.09957153381845442,1.0,0.9999139185100394
combined_overall,0.09957476508679186,1.0,0.9999139185100394
combined_overall,0.09960061523349145,1.0,0.9999139185100394
combined_overall,0.09960276941238308,1.0,0.9999139185100394
combined_overall,0.09964693007966154,1.0,0.9999139185100394
combined_overall,0.09964908425855316,1.0,0.9999139185100394
combined_overall,0.09965231552689062,1.0,0.9999139185100394
combined_overall,0.09965662388467388,1.0,0.9999139185100394
combined_overall,0.09967385731580694,1.0,0.9999139185100394
combined_overall,0.09967601149469857,1.0,0.9999139185100394
combined_overall,0.0996781656735902,1.0,0.9999139185100394
combined_overall,0.09968031985248182,1.0,0.9999139185100394
combined_overall,0.09969109074693999,1.0,0.9999139185100394
combined_overall,0.09969324492583162,1.0,0.9999139185100394
combined_overall,0.09969647619416906,1.0,0.9999139185100394
combined_overall,0.0996986303730607,1.0,0.9999139185100394
combined_overall,0.09971370962530213,1.0,0.9999139185100394
combined_overall,0.09971586380419376,1.0,0.9999139185100394
combined_overall,0.09971801798308538,1.0,0.9999139185100394
combined_overall,0.09973417432477262,1.0,0.9999139185100394
combined_overall,0.09978264334983435,1.0,0.9999139185100394
combined_overall,0.09978802879706343,1.0,0.9999139185100394
combined_overall,0.09980957058597974,1.0,0.9999139185100394
combined_overall,0.09981172476487138,1.0,0.9999139185100394
combined_overall,0.09983757491157096,1.0,0.9999139185100394
combined_overall,0.09984296035880004,1.0,0.9999139185100394
combined_overall,0.09984942289547494,1.0,0.9999139185100394
combined_overall,0.09985157707436657,1.0,0.9999139185100394
combined_overall,0.09986342505827053,1.0,0.9999139185100394
combined_overall,0.09988173557884941,1.0,0.9999139185100394
combined_overall,0.09988388975774104,1.0,0.9999139185100394
combined_overall,0.09989681483109084,1.0,0.9999139185100394
combined_overall,0.0999086628149948,1.0,0.9999139185100394
combined_overall,0.09991189408333226,1.0,0.9999139185100394
combined_overall,0.09992374206723623,1.0,0.9999139185100394
combined_overall,0.0999280504250195,1.0,0.9999139185100394
combined_overall,0.09999159870232263,1.0,0.9999139185100394
combined_overall,0.09999375288121427,1.0,0.9999139185100394
combined_overall,0.0999959070601059,1.0,0.9999139185100394
combined_overall,0.10000021541788916,1.0,0.9999139185100394
combined_overall,0.10000452377567243,1.0,0.9999139185100394
combined_overall,0.10000667795456405,1.0,0.9999139185100394
combined_overall,0.10001421758068477,1.0,0.9999139185100394
combined_overall,0.10001637175957641,1.0,0.9999139185100394
combined_overall,0.10004653026405926,1.0,0.9999139185100394
combined_overall,0.10004868444295088,1.0,0.9999139185100394
combined_overall,0.10005945533740904,1.0,0.9999139185100394
combined_overall,0.10006160951630068,1.0,0.9999139185100394
combined_overall,0.10006914914242138,1.0,0.9999139185100394
combined_overall,0.10007130332131302,1.0,0.9999139185100394
combined_overall,0.10007561167909627,1.0,0.9999139185100394
combined_overall,0.10007776585798792,1.0,0.9999139185100394
combined_overall,0.10010253891524168,1.0,0.9999139185100394
combined_overall,0.10011869525692892,1.0,0.9999139185100394
combined_overall,0.10012838906194126,1.0,0.9999139185100394
combined_overall,0.10013162033027871,1.0,0.9999139185100394
combined_overall,0.1001445454036285,1.0,0.9999139185100394
combined_overall,0.10014669958252014,1.0,0.9999139185100394
combined_overall,0.10015316211919503,1.0,0.9999139185100394
combined_overall,0.10015531629808666,1.0,0.9999139185100394
combined_overall,0.10019086024979859,1.0,0.9999139185100394
combined_overall,0.10019301442869022,1.0,0.9999139185100394
combined_overall,0.1002124020387149,1.0,0.9999139185100394
combined_overall,0.10021671039649817,1.0,0.9999139185100394
combined_overall,0.10025117725876427,1.0,0.9999139185100394
combined_overall,0.10025333143765591,1.0,0.9999139185100394
combined_overall,0.10027487322657223,1.0,0.9999139185100394
combined_overall,0.10027702740546386,1.0,0.9999139185100394
combined_overall,0.10029210665770528,1.0,0.9999139185100394
combined_overall,0.10029426083659691,1.0,0.9999139185100394
combined_overall,0.100299646283826,1.0,0.9999139185100394
combined_overall,0.10030395464160925,1.0,0.9999139185100394
combined_overall,0.10032118807274232,1.0,0.9999139185100394
combined_overall,0.1003276506094172,1.0,0.9999139185100394
combined_overall,0.10032872769886303,1.0,0.9999139185100394
combined_overall,0.10033088187775466,1.0,0.9999139185100394
combined_overall,0.10033734441442956,1.0,0.9999139185100394
combined_overall,0.10033949859332118,1.0,0.9999139185100394
combined_overall,0.10035780911390005,1.0,0.9999139185100394
combined_overall,0.1003610403822375,1.0,0.9999139185100394
combined_overall,0.10036534874002076,1.0,0.9999139185100394
combined_overall,0.1003675029189124,1.0,0.9999139185100394
combined_overall,0.10037073418724984,1.0,0.9999139185100394
combined_overall,0.1003739654555873,1.0,0.9999139185100394
combined_overall,0.10039012179727454,1.0,0.9999139185100394
combined_overall,0.10039766142339525,1.0,0.9999139185100394
combined_overall,0.10040520104951596,1.0,0.9999139185100394
combined_overall,0.10040735522840759,1.0,0.9999139185100394
combined_overall,0.1004956765629645,1.0,0.9999139185100394
combined_overall,0.10049783074185613,1.0,0.9999139185100394
combined_overall,0.100516141262435,1.0,0.9999139185100394
combined_overall,0.10052044962021826,1.0,0.9999139185100394
combined_overall,0.1005430684985804,1.0,0.9999139185100394
combined_overall,0.10054522267747203,1.0,0.9999139185100394
combined_overall,0.10056245610860508,1.0,0.9999139185100394
combined_overall,0.10056461028749672,1.0,0.9999139185100394
combined_overall,0.10056676446638835,1.0,0.9999139185100394
combined_overall,0.10056891864527998,1.0,0.9999139185100394
combined_overall,0.1006109251336668,1.0,0.9999139185100394
combined_overall,0.10061307931255843,1.0,0.9999139185100394
combined_overall,0.10065616289039107,1.0,0.9999139185100394
combined_overall,0.1006583170692827,1.0,0.9999139185100394
combined_overall,0.10067231923207831,1.0,0.9999139185100394
combined_overall,0.10067447341096994,1.0,0.9999139185100394
combined_overall,0.10067985885819902,1.0,0.9999139185100394
combined_overall,0.10068201303709065,1.0,0.9999139185100394
combined_overall,0.10069062975265718,1.0,0.9999139185100394
combined_overall,0.10069278393154882,1.0,0.9999139185100394
combined_overall,0.10069601519988626,1.0,0.9999139185100394
combined_overall,0.10069816937877789,1.0,0.9999139185100394
combined_overall,0.10070786318379024,1.0,0.9999139185100394
combined_overall,0.10071001736268187,1.0,0.9999139185100394
combined_overall,0.10071971116769421,1.0,0.9999139185100394
combined_overall,0.10072294243603165,1.0,0.9999139185100394
combined_overall,0.10073371333048982,1.0,0.9999139185100394
combined_overall,0.10073802168827307,1.0,0.9999139185100394
combined_overall,0.10076387183497267,1.0,0.9999139185100394
combined_overall,0.10076710310331011,1.0,0.9999139185100394
combined_overall,0.10080803250225112,1.0,0.9999139185100394
combined_overall,0.10081018668114275,1.0,0.9999139185100394
combined_overall,0.10081126377058856,1.0,0.9999139185100394
combined_overall,0.10081341794948019,1.0,0.9999139185100394
combined_overall,0.10084465354340885,1.0,0.9999139185100394
combined_overall,0.1008468077223005,1.0,0.9999139185100394
combined_overall,0.10085219316952956,1.0,0.9999139185100394
combined_overall,0.1008543473484212,1.0,0.9999139185100394
combined_overall,0.10087373495844588,1.0,0.9999139185100394
combined_overall,0.10087588913733753,1.0,0.9999139185100394
combined_overall,0.10088450585290405,1.0,0.9999139185100394
combined_overall,0.10088881421068731,1.0,0.9999139185100394
combined_overall,0.10091251017849526,1.0,0.9999139185100394
combined_overall,0.1009146643573869,1.0,0.9999139185100394
combined_overall,0.10092328107295342,1.0,0.9999139185100394
combined_overall,0.10092543525184505,1.0,0.9999139185100394
combined_overall,0.10093082069907414,1.0,0.9999139185100394
combined_overall,0.10093297487796576,1.0,0.9999139185100394
combined_overall,0.100949131219653,1.0,0.9999139185100394
combined_overall,0.10095128539854464,1.0,0.9999139185100394
combined_overall,0.10097498136635259,1.0,0.9999139185100394
combined_overall,0.10097713554524422,1.0,0.9999139185100394
combined_overall,0.10098467517136493,1.0,0.9999139185100394
combined_overall,0.10098790643970237,1.0,0.9999139185100394
combined_overall,0.10100406278138961,1.0,0.9999139185100394
combined_overall,0.10100729404972707,1.0,0.9999139185100394
combined_overall,0.10101591076529359,1.0,0.9999139185100394
combined_overall,0.10101806494418522,1.0,0.9999139185100394
combined_overall,0.10102452748086012,1.0,0.9999139185100394
combined_overall,0.10102668165975175,1.0,0.9999139185100394
combined_overall,0.10103529837531829,1.0,0.9999139185100394
combined_overall,0.10103852964365573,1.0,0.9999139185100394
combined_overall,0.10104606926977644,1.0,0.9999139185100394
combined_overall,0.10105037762755971,1.0,0.9999139185100394
combined_overall,0.10105145471700552,1.0,0.9999139185100394
combined_overall,0.10105360889589715,1.0,0.9999139185100394
combined_overall,0.10106222561146368,1.0,0.9999139185100394
combined_overall,0.1010643797903553,1.0,0.9999139185100394
combined_overall,0.10110100083151305,1.0,0.9999139185100394
combined_overall,0.10110315501040468,1.0,0.9999139185100394
combined_overall,0.10111069463652539,1.0,0.9999139185100394
combined_overall,0.10111284881541703,1.0,0.9999139185100394
combined_overall,0.10111500299430866,1.0,0.9999139185100394
combined_overall,0.10112361970987518,1.0,0.9999139185100394
combined_overall,0.10113869896211661,1.0,0.9999139185100394
combined_overall,0.10114085314100824,1.0,0.9999139185100394
combined_overall,0.1011451614987915,1.0,0.9999139185100394
combined_overall,0.10114731567768313,1.0,0.9999139185100394
combined_overall,0.10117101164549108,1.0,0.9999139185100394
combined_overall,0.10117424291382854,1.0,0.9999139185100394
combined_overall,0.10118501380828669,1.0,0.9999139185100394
combined_overall,0.10118824507662415,1.0,0.9999139185100394
combined_overall,0.1011990159710823,1.0,0.9999139185100394
combined_overall,0.10120763268664883,1.0,0.9999139185100394
combined_overall,0.10121086395498628,1.0,0.9999139185100394
combined_overall,0.10121517231276954,1.0,0.9999139185100394
combined_overall,0.10122163484944444,1.0,0.9999139185100394
combined_overall,0.1012259432072277,1.0,0.9999139185100394
combined_overall,0.1012464079066982,1.0,0.9999139185100394
combined_overall,0.10124856208558984,1.0,0.9999139185100394
combined_overall,0.10125394753281891,1.0,0.9999139185100394
combined_overall,0.10125825589060218,1.0,0.9999139185100394
combined_overall,0.10127764350062686,1.0,0.9999139185100394
combined_overall,0.1012797976795185,1.0,0.9999139185100394
combined_overall,0.10129164566342247,1.0,0.9999139185100394
combined_overall,0.10129810820009737,1.0,0.9999139185100394
combined_overall,0.10130241655788064,1.0,0.9999139185100394
combined_overall,0.10130457073677226,1.0,0.9999139185100394
combined_overall,0.10131318745233879,1.0,0.9999139185100394
combined_overall,0.10131534163123042,1.0,0.9999139185100394
combined_overall,0.10131964998901369,1.0,0.9999139185100394
combined_overall,0.10132180416790532,1.0,0.9999139185100394
combined_overall,0.10133257506236348,1.0,0.9999139185100394
combined_overall,0.10133472924125511,1.0,0.9999139185100394
combined_overall,0.1013476543146049,1.0,0.9999139185100394
combined_overall,0.10135303976183398,1.0,0.9999139185100394
combined_overall,0.10136488774573796,1.0,0.9999139185100394
combined_overall,0.10136704192462959,1.0,0.9999139185100394
combined_overall,0.10136919610352121,1.0,0.9999139185100394
combined_overall,0.10137135028241286,1.0,0.9999139185100394
combined_overall,0.10137673572964193,1.0,0.9999139185100394
combined_overall,0.10137888990853357,1.0,0.9999139185100394
combined_overall,0.10138427535576264,1.0,0.9999139185100394
combined_overall,0.1013875066241001,1.0,0.9999139185100394
combined_overall,0.1013950462502208,1.0,0.9999139185100394
combined_overall,0.10139935460800406,1.0,0.9999139185100394
combined_overall,0.1014079713235706,1.0,0.9999139185100394
combined_overall,0.10141012550246223,1.0,0.9999139185100394
combined_overall,0.10141443386024548,1.0,0.9999139185100394
combined_overall,0.10141658803913713,1.0,0.9999139185100394
combined_overall,0.1014219734863662,1.0,0.9999139185100394
combined_overall,0.10142628184414947,1.0,0.9999139185100394
combined_overall,0.10142951311248691,1.0,0.9999139185100394
combined_overall,0.10143166729137855,1.0,0.9999139185100394
combined_overall,0.10143382147027018,1.0,0.9999139185100394
combined_overall,0.10144136109639089,1.0,0.9999139185100394
combined_overall,0.10144351527528252,1.0,0.9999139185100394
combined_overall,0.10145751743807813,1.0,0.9999139185100394
combined_overall,0.10145967161696975,1.0,0.9999139185100394
combined_overall,0.10146397997475302,1.0,0.9999139185100394
combined_overall,0.10146936542198211,1.0,0.9999139185100394
combined_overall,0.10147151960087374,1.0,0.9999139185100394
combined_overall,0.10148013631644026,1.0,0.9999139185100394
combined_overall,0.1014833675847777,1.0,0.9999139185100394
combined_overall,0.10148444467422353,1.0,0.9999139185100394
combined_overall,0.10148659885311516,1.0,0.9999139185100394
combined_overall,0.10151568026815219,1.0,0.9999139185100394
combined_overall,0.10151783444704382,1.0,0.9999139185100394
combined_overall,0.10152860534150197,1.0,0.9999139185100394
combined_overall,0.10153075952039362,1.0,0.9999139185100394
combined_overall,0.10153183660983943,1.0,0.9999139185100394
combined_overall,0.10153399078873106,1.0,0.9999139185100394
combined_overall,0.10154583877263504,1.0,0.9999139185100394
combined_overall,0.10154691586208085,1.0,0.9999139185100394
combined_overall,0.10154907004097248,1.0,0.9999139185100394
combined_overall,0.10156199511432228,1.0,0.9999139185100394
combined_overall,0.1015641492932139,1.0,0.9999139185100394
combined_overall,0.10157922854545533,1.0,0.9999139185100394
combined_overall,0.10158138272434696,1.0,0.9999139185100394
combined_overall,0.10159646197658838,1.0,0.9999139185100394
combined_overall,0.10159861615548002,1.0,0.9999139185100394
combined_overall,0.10160292451326328,1.0,0.9999139185100394
combined_overall,0.10160507869215492,1.0,0.9999139185100394
combined_overall,0.10160830996049236,1.0,0.9999139185100394
combined_overall,0.10161046413938399,1.0,0.9999139185100394
combined_overall,0.10161692667605889,1.0,0.9999139185100394
combined_overall,0.10161908085495051,1.0,0.9999139185100394
combined_overall,0.10164169973331265,1.0,0.9999139185100394
combined_overall,0.10164600809109592,1.0,0.9999139185100394
combined_overall,0.10165893316444571,1.0,0.9999139185100394
combined_overall,0.10166324152222897,1.0,0.9999139185100394
combined_overall,0.10168801457948273,1.0,0.9999139185100394
combined_overall,0.10170093965283253,1.0,0.9999139185100394
combined_overall,0.10173002106786956,1.0,0.9999139185100394
combined_overall,0.101733252336207,1.0,0.9999139185100394
combined_overall,0.10176341084068985,1.0,0.9999139185100394
combined_overall,0.10176556501958149,1.0,0.9999139185100394
combined_overall,0.10177741300348546,1.0,0.9999139185100394
combined_overall,0.10177956718237709,1.0,0.9999139185100394
combined_overall,0.10183019038633044,1.0,0.9999139185100394
combined_overall,0.10183234456522207,1.0,0.9999139185100394
combined_overall,0.10185280926469258,1.0,0.9999139185100394
combined_overall,0.10185604053303003,1.0,0.9999139185100394
combined_overall,0.1018614259802591,1.0,0.9999139185100394
combined_overall,0.10186358015915074,1.0,0.9999139185100394
combined_overall,0.10191204918421246,1.0,0.9999139185100394
combined_overall,0.10191420336310408,1.0,0.9999139185100394
combined_overall,0.10193251388368296,1.0,0.9999139185100394
combined_overall,0.10193466806257459,1.0,0.9999139185100394
combined_overall,0.10193789933091203,1.0,0.9999139185100394
combined_overall,0.10194005350980367,1.0,0.9999139185100394
combined_overall,0.10194759313592439,1.0,0.9999139185100394
combined_overall,0.10194974731481601,1.0,0.9999139185100394
combined_overall,0.10196698074594907,1.0,0.9999139185100394
combined_overall,0.1019691349248407,1.0,0.9999139185100394
combined_overall,0.10197236619317815,1.0,0.9999139185100394
combined_overall,0.1019766745509614,1.0,0.9999139185100394
combined_overall,0.1019831370876363,1.0,0.9999139185100394
combined_overall,0.10198529126652794,1.0,0.9999139185100394
combined_overall,0.10201760394990242,1.0,0.9999139185100394
combined_overall,0.10201975812879405,1.0,0.9999139185100394
combined_overall,0.10204560827549362,1.0,0.9999139185100394
combined_overall,0.10204883954383108,1.0,0.9999139185100394
combined_overall,0.10206176461718088,1.0,0.9999139185100394
combined_overall,0.10206607297496413,1.0,0.9999139185100394
combined_overall,0.10206715006440994,1.0,0.9999139185100394
combined_overall,0.10206930424330159,1.0,0.9999139185100394
combined_overall,0.1020768438694223,1.0,0.9999139185100394
combined_overall,0.10207899804831393,1.0,0.9999139185100394
combined_overall,0.10208330640609718,1.0,0.9999139185100394
combined_overall,0.10208546058498882,1.0,0.9999139185100394
combined_overall,0.10208976894277208,1.0,0.9999139185100394
combined_overall,0.10209300021110954,1.0,0.9999139185100394
combined_overall,0.10209946274778443,1.0,0.9999139185100394
combined_overall,0.10210161692667606,1.0,0.9999139185100394
combined_overall,0.10210269401612188,1.0,0.9999139185100394
combined_overall,0.1021048481950135,1.0,0.9999139185100394
combined_overall,0.10210915655279677,1.0,0.9999139185100394
combined_overall,0.1021113107316884,1.0,0.9999139185100394
combined_overall,0.1021242358050382,1.0,0.9999139185100394
combined_overall,0.10212638998392982,1.0,0.9999139185100394
combined_overall,0.10213931505727962,1.0,0.9999139185100394
combined_overall,0.10214146923617125,1.0,0.9999139185100394
combined_overall,0.10215547139896686,1.0,0.9999139185100394
combined_overall,0.10215762557785849,1.0,0.9999139185100394
combined_overall,0.10215977975675011,1.0,0.9999139185100394
combined_overall,0.10216193393564175,1.0,0.9999139185100394
combined_overall,0.1021856299034497,1.0,0.9999139185100394
combined_overall,0.10218778408234133,1.0,0.9999139185100394
combined_overall,0.1021920924401246,1.0,0.9999139185100394
combined_overall,0.10219424661901623,1.0,0.9999139185100394
combined_overall,0.10221794258682418,1.0,0.9999139185100394
combined_overall,0.10222225094460745,1.0,0.9999139185100394
combined_overall,0.10222332803405326,1.0,0.9999139185100394
combined_overall,0.10222548221294489,1.0,0.9999139185100394
combined_overall,0.10223625310740306,1.0,0.9999139185100394
combined_overall,0.10224163855463213,1.0,0.9999139185100394
combined_overall,0.10224271564407794,1.0,0.9999139185100394
combined_overall,0.10224486982296958,1.0,0.9999139185100394
combined_overall,0.102259949075211,1.0,0.9999139185100394
combined_overall,0.10226318034354845,1.0,0.9999139185100394
combined_overall,0.10226748870133172,1.0,0.9999139185100394
combined_overall,0.10227071996966916,1.0,0.9999139185100394
combined_overall,0.1022804137746815,1.0,0.9999139185100394
combined_overall,0.10228256795357314,1.0,0.9999139185100394
combined_overall,0.10229657011636874,1.0,0.9999139185100394
combined_overall,0.10229872429526038,1.0,0.9999139185100394
combined_overall,0.10230626392138109,1.0,0.9999139185100394
combined_overall,0.10230841810027272,1.0,0.9999139185100394
combined_overall,0.10231057227916435,1.0,0.9999139185100394
combined_overall,0.10231272645805599,1.0,0.9999139185100394
combined_overall,0.10231595772639343,1.0,0.9999139185100394
combined_overall,0.10231918899473087,1.0,0.9999139185100394
combined_overall,0.10233749951530975,1.0,0.9999139185100394
combined_overall,0.10233965369420138,1.0,0.9999139185100394
combined_overall,0.10234180787309301,1.0,0.9999139185100394
combined_overall,0.10234396205198465,1.0,0.9999139185100394
combined_overall,0.10235150167810536,1.0,0.9999139185100394
combined_overall,0.1023547329464428,1.0,0.9999139185100394
combined_overall,0.10236227257256351,1.0,0.9999139185100394
combined_overall,0.10236442675145514,1.0,0.9999139185100394
combined_overall,0.10240320197150451,1.0,0.9999139185100394
combined_overall,0.10240535615039616,1.0,0.9999139185100394
combined_overall,0.10240643323984197,1.0,0.9999139185100394
combined_overall,0.10240966450817941,1.0,0.9999139185100394
combined_overall,0.102435514654879,1.0,0.9999139185100394
combined_overall,0.10243766883377063,1.0,0.9999139185100394
combined_overall,0.10245274808601205,1.0,0.9999139185100394
combined_overall,0.10245705644379532,1.0,0.9999139185100394
combined_overall,0.10247428987492838,1.0,0.9999139185100394
combined_overall,0.10248182950104909,1.0,0.9999139185100394
combined_overall,0.10254537777835222,1.0,0.9999139185100394
combined_overall,0.10254753195724385,1.0,0.9999139185100394
combined_overall,0.10255830285170202,1.0,0.9999139185100394
combined_overall,0.10256045703059365,1.0,0.9999139185100394
combined_overall,0.10257122792505181,1.0,0.9999139185100394
combined_overall,0.10257338210394344,1.0,0.9999139185100394
combined_overall,0.1025981551611972,1.0,0.9999139185100394
combined_overall,0.10260030934008883,1.0,0.9999139185100394
combined_overall,0.10261646568177608,1.0,0.9999139185100394
combined_overall,0.10261861986066771,1.0,0.9999139185100394
combined_overall,0.10263585329180076,1.0,0.9999139185100394
combined_overall,0.10263800747069239,1.0,0.9999139185100394
combined_overall,0.1026455470968131,1.0,0.9999139185100394
combined_overall,0.10264770127570474,1.0,0.9999139185100394
combined_overall,0.10266170343850034,1.0,0.9999139185100394
combined_overall,0.10266385761739198,1.0,0.9999139185100394
combined_overall,0.10266601179628361,1.0,0.9999139185100394
combined_overall,0.10266816597517524,1.0,0.9999139185100394
combined_overall,0.10268109104852503,1.0,0.9999139185100394
combined_overall,0.10268324522741666,1.0,0.9999139185100394
combined_overall,0.10268863067464575,1.0,0.9999139185100394
combined_overall,0.10269078485353737,1.0,0.9999139185100394
combined_overall,0.10271448082134532,1.0,0.9999139185100394
combined_overall,0.10271663500023696,1.0,0.9999139185100394
combined_overall,0.10274679350471981,1.0,0.9999139185100394
combined_overall,0.10274894768361144,1.0,0.9999139185100394
combined_overall,0.10275325604139471,1.0,0.9999139185100394
combined_overall,0.10275756439917796,1.0,0.9999139185100394
combined_overall,0.10276187275696123,1.0,0.9999139185100394
combined_overall,0.10276510402529868,1.0,0.9999139185100394
combined_overall,0.10278341454587754,1.0,0.9999139185100394
combined_overall,0.10279633961922734,1.0,0.9999139185100394
combined_overall,0.10280818760313132,1.0,0.9999139185100394
combined_overall,0.10281034178202295,1.0,0.9999139185100394
combined_overall,0.10282218976592693,1.0,0.9999139185100394
combined_overall,0.10282972939204764,1.0,0.9999139185100394
combined_overall,0.10283080648149345,1.0,0.9999139185100394
combined_overall,0.10283296066038508,1.0,0.9999139185100394
combined_overall,0.10283619192872252,1.0,0.9999139185100394
combined_overall,0.10284050028650579,1.0,0.9999139185100394
combined_overall,0.1028480399126265,1.0,0.9999139185100394
combined_overall,0.10285234827040977,1.0,0.9999139185100394
combined_overall,0.10286204207542211,1.0,0.9999139185100394
combined_overall,0.10286419625431374,1.0,0.9999139185100394
combined_overall,0.1028674275226512,1.0,0.9999139185100394
combined_overall,0.10287173588043445,1.0,0.9999139185100394
combined_overall,0.10288466095378425,1.0,0.9999139185100394
combined_overall,0.10288789222212169,1.0,0.9999139185100394
combined_overall,0.10290620274270057,1.0,0.9999139185100394
combined_overall,0.1029083569215922,1.0,0.9999139185100394
combined_overall,0.10293097579995433,1.0,0.9999139185100394
combined_overall,0.10293312997884596,1.0,0.9999139185100394
combined_overall,0.1029428237838583,1.0,0.9999139185100394
combined_overall,0.10294605505219576,1.0,0.9999139185100394
combined_overall,0.10295144049942484,1.0,0.9999139185100394
combined_overall,0.1029557488572081,1.0,0.9999139185100394
combined_overall,0.10296759684111208,1.0,0.9999139185100394
combined_overall,0.1029697510200037,1.0,0.9999139185100394
combined_overall,0.10300206370337818,1.0,0.9999139185100394
combined_overall,0.10300852624005308,1.0,0.9999139185100394
combined_overall,0.10301929713451125,1.0,0.9999139185100394
combined_overall,0.10302145131340287,1.0,0.9999139185100394
combined_overall,0.10302791385007777,1.0,0.9999139185100394
combined_overall,0.10302899093952358,1.0,0.9999139185100394
combined_overall,0.10303222220786103,1.0,0.9999139185100394
combined_overall,0.10303868474453592,1.0,0.9999139185100394
combined_overall,0.10304083892342755,1.0,0.9999139185100394
combined_overall,0.1030645348912355,1.0,0.9999139185100394
combined_overall,0.10306776615957296,1.0,0.9999139185100394
combined_overall,0.1030914621273809,1.0,0.9999139185100394
combined_overall,0.10309469339571835,1.0,0.9999139185100394
combined_overall,0.10309577048516418,1.0,0.9999139185100394
combined_overall,0.1030979246640558,1.0,0.9999139185100394
combined_overall,0.10312916025798446,1.0,0.9999139185100394
combined_overall,0.10313131443687609,1.0,0.9999139185100394
combined_overall,0.10314854786800916,1.0,0.9999139185100394
combined_overall,0.10315070204690079,1.0,0.9999139185100394
combined_overall,0.10315285622579241,1.0,0.9999139185100394
combined_overall,0.10315501040468404,1.0,0.9999139185100394
combined_overall,0.10319055435639597,1.0,0.9999139185100394
combined_overall,0.10319486271417924,1.0,0.9999139185100394
combined_overall,0.10320455651919158,1.0,0.9999139185100394
combined_overall,0.10320671069808321,1.0,0.9999139185100394
combined_overall,0.10321317323475811,1.0,0.9999139185100394
combined_overall,0.10321532741364974,1.0,0.9999139185100394
combined_overall,0.10321748159254138,1.0,0.9999139185100394
combined_overall,0.103219635771433,1.0,0.9999139185100394
combined_overall,0.10322286703977045,1.0,0.9999139185100394
combined_overall,0.10322502121866209,1.0,0.9999139185100394
combined_overall,0.1032260983081079,1.0,0.9999139185100394
combined_overall,0.10322932957644534,1.0,0.9999139185100394
combined_overall,0.10324548591813258,1.0,0.9999139185100394
combined_overall,0.10324764009702422,1.0,0.9999139185100394
combined_overall,0.10325625681259075,1.0,0.9999139185100394
combined_overall,0.10325948808092819,1.0,0.9999139185100394
combined_overall,0.10327887569095288,1.0,0.9999139185100394
combined_overall,0.10328210695929033,1.0,0.9999139185100394
combined_overall,0.10329718621153175,1.0,0.9999139185100394
combined_overall,0.10329934039042338,1.0,0.9999139185100394
combined_overall,0.10330364874820665,1.0,0.9999139185100394
combined_overall,0.10330580292709828,1.0,0.9999139185100394
combined_overall,0.1033144196426648,1.0,0.9999139185100394
combined_overall,0.10331765091100226,1.0,0.9999139185100394
combined_overall,0.10333057598435204,1.0,0.9999139185100394
combined_overall,0.10333596143158112,1.0,0.9999139185100394
combined_overall,0.10334350105770183,1.0,0.9999139185100394
combined_overall,0.10334565523659346,1.0,0.9999139185100394
combined_overall,0.10337150538329305,1.0,0.9999139185100394
combined_overall,0.1033747366516305,1.0,0.9999139185100394
combined_overall,0.103395201351101,1.0,0.9999139185100394
combined_overall,0.10340381806666753,1.0,0.9999139185100394
combined_overall,0.10342859112392129,1.0,0.9999139185100394
combined_overall,0.10343074530281293,1.0,0.9999139185100394
combined_overall,0.10345659544951251,1.0,0.9999139185100394
combined_overall,0.10345874962840414,1.0,0.9999139185100394
combined_overall,0.10348675395399536,1.0,0.9999139185100394
combined_overall,0.10348890813288698,1.0,0.9999139185100394
combined_overall,0.10349429358011607,1.0,0.9999139185100394
combined_overall,0.1034964477590077,1.0,0.9999139185100394
combined_overall,0.10353306880016544,1.0,0.9999139185100394
combined_overall,0.1035363000685029,1.0,0.9999139185100394
combined_overall,0.10354599387351524,1.0,0.9999139185100394
combined_overall,0.10354814805240686,1.0,0.9999139185100394
combined_overall,0.10355030223129849,1.0,0.9999139185100394
combined_overall,0.10355245641019013,1.0,0.9999139185100394
combined_overall,0.10355353349963595,1.0,0.9999139185100394
combined_overall,0.10355568767852757,1.0,0.9999139185100394
combined_overall,0.10356538148353991,1.0,0.9999139185100394
combined_overall,0.10356753566243156,1.0,0.9999139185100394
combined_overall,0.10357615237799808,1.0,0.9999139185100394
combined_overall,0.10357830655688971,1.0,0.9999139185100394
combined_overall,0.1035836920041188,1.0,0.9999139185100394
combined_overall,0.10358584618301042,1.0,0.9999139185100394
combined_overall,0.10359446289857695,1.0,0.9999139185100394
combined_overall,0.10359877125636022,1.0,0.9999139185100394
combined_overall,0.10359984834580603,1.0,0.9999139185100394
combined_overall,0.10360200252469766,1.0,0.9999139185100394
combined_overall,0.10363646938696378,1.0,0.9999139185100394
combined_overall,0.1036386235658554,1.0,0.9999139185100394
combined_overall,0.10363970065530122,1.0,0.9999139185100394
combined_overall,0.10364293192363867,1.0,0.9999139185100394
combined_overall,0.1036515486392052,1.0,0.9999139185100394
combined_overall,0.10365477990754264,1.0,0.9999139185100394
combined_overall,0.1036730904281215,1.0,0.9999139185100394
combined_overall,0.1036795529647964,1.0,0.9999139185100394
combined_overall,0.10368170714368805,1.0,0.9999139185100394
combined_overall,0.10368493841202549,1.0,0.9999139185100394
combined_overall,0.10370324893260435,1.0,0.9999139185100394
combined_overall,0.10370648020094181,1.0,0.9999139185100394
combined_overall,0.10370755729038762,1.0,0.9999139185100394
combined_overall,0.10370971146927925,1.0,0.9999139185100394
combined_overall,0.10375494922600352,1.0,0.9999139185100394
combined_overall,0.10375710340489516,1.0,0.9999139185100394
combined_overall,0.10376572012046169,1.0,0.9999139185100394
combined_overall,0.10377002847824494,1.0,0.9999139185100394
combined_overall,0.10377110556769076,1.0,0.9999139185100394
combined_overall,0.1037732597465824,1.0,0.9999139185100394
combined_overall,0.10379803280383616,1.0,0.9999139185100394
combined_overall,0.1038012640721736,1.0,0.9999139185100394
combined_overall,0.10382603712942738,1.0,0.9999139185100394
combined_overall,0.10383034548721064,1.0,0.9999139185100394
combined_overall,0.10385942690224767,1.0,0.9999139185100394
combined_overall,0.1038615810811393,1.0,0.9999139185100394
combined_overall,0.10389389376451379,1.0,0.9999139185100394
combined_overall,0.10389604794340541,1.0,0.9999139185100394
combined_overall,0.10389927921174286,1.0,0.9999139185100394
combined_overall,0.1039014333906345,1.0,0.9999139185100394
combined_overall,0.10392405226899663,1.0,0.9999139185100394
combined_overall,0.10392620644788826,1.0,0.9999139185100394
combined_overall,0.10394343987902131,1.0,0.9999139185100394
combined_overall,0.10394774823680458,1.0,0.9999139185100394
combined_overall,0.10397359838350416,1.0,0.9999139185100394
combined_overall,0.10397575256239579,1.0,0.9999139185100394
combined_overall,0.10398006092017906,1.0,0.9999139185100394
combined_overall,0.10398221509907069,1.0,0.9999139185100394
combined_overall,0.10398436927796231,1.0,0.9999139185100394
combined_overall,0.10398760054629977,1.0,0.9999139185100394
combined_overall,0.10400698815632445,1.0,0.9999139185100394
combined_overall,0.1040102194246619,1.0,0.9999139185100394
combined_overall,0.10401452778244516,1.0,0.9999139185100394
combined_overall,0.1040166819613368,1.0,0.9999139185100394
combined_overall,0.1040511488236029,1.0,0.9999139185100394
combined_overall,0.10405330300249455,1.0,0.9999139185100394
combined_overall,0.10414808687372634,1.0,0.9999139185100394
combined_overall,0.10415239523150961,1.0,0.9999139185100394
combined_overall,0.10415347232095543,1.0,0.9999139185100394
combined_overall,0.10415562649984705,1.0,0.9999139185100394
combined_overall,0.10415993485763032,1.0,0.9999139185100394
combined_overall,0.10416424321541358,1.0,0.9999139185100394
combined_overall,0.10416639739430521,1.0,0.9999139185100394
combined_overall,0.1041728599309801,1.0,0.9999139185100394
combined_overall,0.10417609119931756,1.0,0.9999139185100394
combined_overall,0.10419332463045061,1.0,0.9999139185100394
combined_overall,0.10419655589878805,1.0,0.9999139185100394
combined_overall,0.104220251866596,1.0,0.9999139185100394
combined_overall,0.10422240604548764,1.0,0.9999139185100394
combined_overall,0.10423748529772907,1.0,0.9999139185100394
combined_overall,0.10424179365551232,1.0,0.9999139185100394
combined_overall,0.10425041037107885,1.0,0.9999139185100394
combined_overall,0.10425256454997049,1.0,0.9999139185100394
combined_overall,0.1042601041760912,1.0,0.9999139185100394
combined_overall,0.10426225835498283,1.0,0.9999139185100394
combined_overall,0.10427733760722425,1.0,0.9999139185100394
combined_overall,0.1042805688755617,1.0,0.9999139185100394
combined_overall,0.10428380014389915,1.0,0.9999139185100394
combined_overall,0.10429349394891149,1.0,0.9999139185100394
combined_overall,0.10429672521724895,1.0,0.9999139185100394
combined_overall,0.10429887939614058,1.0,0.9999139185100394
combined_overall,0.10432903790062342,1.0,0.9999139185100394
combined_overall,0.10433119207951505,1.0,0.9999139185100394
combined_overall,0.10433226916896086,1.0,0.9999139185100394
combined_overall,0.10433442334785249,1.0,0.9999139185100394
combined_overall,0.10433550043729832,1.0,0.9999139185100394
combined_overall,0.10433765461618995,1.0,0.9999139185100394
combined_overall,0.10433980879508158,1.0,0.9999139185100394
combined_overall,0.1043419629739732,1.0,0.9999139185100394
combined_overall,0.10434411715286485,1.0,0.9999139185100394
combined_overall,0.10434627133175647,1.0,0.9999139185100394
combined_overall,0.10435165677898556,1.0,0.9999139185100394
combined_overall,0.10435596513676881,1.0,0.9999139185100394
combined_overall,0.10439258617792656,1.0,0.9999139185100394
combined_overall,0.10439474035681819,1.0,0.9999139185100394
combined_overall,0.10440551125127635,1.0,0.9999139185100394
combined_overall,0.10440766543016798,1.0,0.9999139185100394
combined_overall,0.10444859482910898,1.0,0.9999139185100394
combined_overall,0.10445290318689225,1.0,0.9999139185100394
combined_overall,0.10445828863412134,1.0,0.9999139185100394
combined_overall,0.10446044281301296,1.0,0.9999139185100394
combined_overall,0.10446475117079623,1.0,0.9999139185100394
combined_overall,0.10446690534968786,1.0,0.9999139185100394
combined_overall,0.10447336788636276,1.0,0.9999139185100394
combined_overall,0.10447552206525439,1.0,0.9999139185100394
combined_overall,0.10447875333359183,1.0,0.9999139185100394
combined_overall,0.10447983042303766,1.0,0.9999139185100394
combined_overall,0.1044830616913751,1.0,0.9999139185100394
combined_overall,0.10449275549638744,1.0,0.9999139185100394
combined_overall,0.10449490967527908,1.0,0.9999139185100394
combined_overall,0.10450460348029142,1.0,0.9999139185100394
combined_overall,0.10450675765918305,1.0,0.9999139185100394
combined_overall,0.10451645146419539,1.0,0.9999139185100394
combined_overall,0.10451860564308703,1.0,0.9999139185100394
combined_overall,0.10452614526920774,1.0,0.9999139185100394
combined_overall,0.10452829944809937,1.0,0.9999139185100394
combined_overall,0.10454014743200335,1.0,0.9999139185100394
combined_overall,0.10454553287923242,1.0,0.9999139185100394
combined_overall,0.10454984123701569,1.0,0.9999139185100394
combined_overall,0.10455199541590732,1.0,0.9999139185100394
combined_overall,0.10457353720482364,1.0,0.9999139185100394
combined_overall,0.10457676847316108,1.0,0.9999139185100394
combined_overall,0.10460369570930649,1.0,0.9999139185100394
combined_overall,0.10460584988819811,1.0,0.9999139185100394
combined_overall,0.10462416040877699,1.0,0.9999139185100394
combined_overall,0.10462631458766862,1.0,0.9999139185100394
combined_overall,0.1046661668971638,1.0,0.9999139185100394
combined_overall,0.10466832107605543,1.0,0.9999139185100394
combined_overall,0.10467370652328452,1.0,0.9999139185100394
combined_overall,0.10467586070217615,1.0,0.9999139185100394
combined_overall,0.1047135588327797,1.0,0.9999139185100394
combined_overall,0.10471571301167135,1.0,0.9999139185100394
combined_overall,0.10479864889899917,1.0,0.9999139185100394
combined_overall,0.1048008030778908,1.0,0.9999139185100394
combined_overall,0.10480188016733662,1.0,0.9999139185100394
combined_overall,0.10480403434622824,1.0,0.9999139185100394
combined_overall,0.10480511143567406,1.0,0.9999139185100394
combined_overall,0.10480941979345733,1.0,0.9999139185100394
combined_overall,0.10481265106179477,1.0,0.9999139185100394
combined_overall,0.10481480524068641,1.0,0.9999139185100394
combined_overall,0.10482126777736131,1.0,0.9999139185100394
combined_overall,0.10482557613514457,1.0,0.9999139185100394
combined_overall,0.10491174329080984,1.0,0.9999139185100394
combined_overall,0.10491389746970148,1.0,0.9999139185100394
combined_overall,0.10492789963249709,1.0,0.9999139185100394
combined_overall,0.10493759343750943,1.0,0.9999139185100394
combined_overall,0.10494082470584687,1.0,0.9999139185100394
combined_overall,0.10494405597418432,1.0,0.9999139185100394
combined_overall,0.1049569810475341,1.0,0.9999139185100394
combined_overall,0.10495913522642575,1.0,0.9999139185100394
combined_overall,0.10498606246257114,1.0,0.9999139185100394
combined_overall,0.10498821664146277,1.0,0.9999139185100394
combined_overall,0.10501298969871654,1.0,0.9999139185100394
combined_overall,0.10501514387760817,1.0,0.9999139185100394
combined_overall,0.10503130021929541,1.0,0.9999139185100394
combined_overall,0.10503668566652449,1.0,0.9999139185100394
combined_overall,0.10506361290266988,1.0,0.9999139185100394
combined_overall,0.10506576708156153,1.0,0.9999139185100394
combined_overall,0.1050711525287906,1.0,0.9999139185100394
combined_overall,0.10507330670768224,1.0,0.9999139185100394
combined_overall,0.10507438379712805,1.0,0.9999139185100394
combined_overall,0.10507869215491131,1.0,0.9999139185100394
combined_overall,0.10508084633380295,1.0,0.9999139185100394
combined_overall,0.10508192342324876,1.0,0.9999139185100394
combined_overall,0.10508407760214039,1.0,0.9999139185100394
combined_overall,0.1050851546915862,1.0,0.9999139185100394
combined_overall,0.10508730887047785,1.0,0.9999139185100394
combined_overall,0.10510131103327344,1.0,0.9999139185100394
combined_overall,0.10510346521216508,1.0,0.9999139185100394
combined_overall,0.10515301132667261,1.0,0.9999139185100394
combined_overall,0.10515516550556424,1.0,0.9999139185100394
combined_overall,0.10517563020503475,1.0,0.9999139185100394
combined_overall,0.10518101565226383,1.0,0.9999139185100394
combined_overall,0.1051928636361678,1.0,0.9999139185100394
combined_overall,0.10519717199395107,1.0,0.9999139185100394
combined_overall,0.10520471162007178,1.0,0.9999139185100394
combined_overall,0.1052068657989634,1.0,0.9999139185100394
combined_overall,0.10522302214065064,1.0,0.9999139185100394
combined_overall,0.10522517631954229,1.0,0.9999139185100394
combined_overall,0.10524240975067534,1.0,0.9999139185100394
combined_overall,0.10525210355568768,1.0,0.9999139185100394
combined_overall,0.10528657041795379,1.0,0.9999139185100394
combined_overall,0.10528872459684542,1.0,0.9999139185100394
combined_overall,0.105314574743545,1.0,0.9999139185100394
combined_overall,0.10531888310132827,1.0,0.9999139185100394
combined_overall,0.10533180817467806,1.0,0.9999139185100394
combined_overall,0.10533396235356969,1.0,0.9999139185100394
combined_overall,0.10533827071135296,1.0,0.9999139185100394
combined_overall,0.10534042489024459,1.0,0.9999139185100394
combined_overall,0.10536627503694417,1.0,0.9999139185100394
combined_overall,0.1053684292158358,1.0,0.9999139185100394
combined_overall,0.10538027719973977,1.0,0.9999139185100394
combined_overall,0.1053824313786314,1.0,0.9999139185100394
combined_overall,0.10538458555752304,1.0,0.9999139185100394
combined_overall,0.10539212518364376,1.0,0.9999139185100394
combined_overall,0.10541797533034333,1.0,0.9999139185100394
combined_overall,0.1054222836881266,1.0,0.9999139185100394
combined_overall,0.10542443786701823,1.0,0.9999139185100394
combined_overall,0.10542874622480149,1.0,0.9999139185100394
combined_overall,0.10543520876147638,1.0,0.9999139185100394
combined_overall,0.10544382547704291,1.0,0.9999139185100394
combined_overall,0.10544490256648874,1.0,0.9999139185100394
combined_overall,0.10544705674538037,1.0,0.9999139185100394
combined_overall,0.10545244219260945,1.0,0.9999139185100394
combined_overall,0.10545459637150108,1.0,0.9999139185100394
combined_overall,0.10546213599762179,1.0,0.9999139185100394
combined_overall,0.10546429017651342,1.0,0.9999139185100394
combined_overall,0.10547182980263413,1.0,0.9999139185100394
combined_overall,0.10547398398152576,1.0,0.9999139185100394
combined_overall,0.1054976799493337,1.0,0.9999139185100394
combined_overall,0.10550091121767116,1.0,0.9999139185100394
combined_overall,0.10550737375434606,1.0,0.9999139185100394
combined_overall,0.10552137591714167,1.0,0.9999139185100394
combined_overall,0.1055299926327082,1.0,0.9999139185100394
combined_overall,0.10553214681159982,1.0,0.9999139185100394
combined_overall,0.10553860934827472,1.0,0.9999139185100394
combined_overall,0.10553968643772053,1.0,0.9999139185100394
combined_overall,0.10554184061661216,1.0,0.9999139185100394
combined_overall,0.10555045733217869,1.0,0.9999139185100394
combined_overall,0.10555476568996196,1.0,0.9999139185100394
combined_overall,0.10556122822663686,1.0,0.9999139185100394
combined_overall,0.10558707837333643,1.0,0.9999139185100394
combined_overall,0.10562477650393999,1.0,0.9999139185100394
combined_overall,0.10563554739839816,1.0,0.9999139185100394
combined_overall,0.10564631829285631,1.0,0.9999139185100394
combined_overall,0.10565062665063958,1.0,0.9999139185100394
combined_overall,0.10565493500842284,1.0,0.9999139185100394
combined_overall,0.10565708918731447,1.0,0.9999139185100394
combined_overall,0.10567432261844753,1.0,0.9999139185100394
combined_overall,0.10567863097623079,1.0,0.9999139185100394
combined_overall,0.10568724769179731,1.0,0.9999139185100394
combined_overall,0.10568940187068895,1.0,0.9999139185100394
combined_overall,0.10569047896013477,1.0,0.9999139185100394
combined_overall,0.10569478731791802,1.0,0.9999139185100394
combined_overall,0.10570878948071363,1.0,0.9999139185100394
combined_overall,0.10571094365960527,1.0,0.9999139185100394
combined_overall,0.10572817709073833,1.0,0.9999139185100394
combined_overall,0.10573033126962995,1.0,0.9999139185100394
combined_overall,0.10574110216408811,1.0,0.9999139185100394
combined_overall,0.10574325634297975,1.0,0.9999139185100394
combined_overall,0.10578957118914983,1.0,0.9999139185100394
combined_overall,0.10579172536804146,1.0,0.9999139185100394
combined_overall,0.1058477340192239,1.0,0.9999139185100394
combined_overall,0.10584988819811553,1.0,0.9999139185100394
combined_overall,0.10586496745035695,1.0,0.9999139185100394
combined_overall,0.10586712162924858,1.0,0.9999139185100394
combined_overall,0.10588435506038163,1.0,0.9999139185100394
combined_overall,0.10588650923927327,1.0,0.9999139185100394
combined_overall,0.10588758632871909,1.0,0.9999139185100394
combined_overall,0.10589297177594816,1.0,0.9999139185100394
combined_overall,0.10589404886539398,1.0,0.9999139185100394
combined_overall,0.10589943431262305,1.0,0.9999139185100394
combined_overall,0.10590266558096051,1.0,0.9999139185100394
combined_overall,0.10590589684929795,1.0,0.9999139185100394
combined_overall,0.10593066990655171,1.0,0.9999139185100394
combined_overall,0.10593390117488917,1.0,0.9999139185100394
combined_overall,0.10594898042713059,1.0,0.9999139185100394
combined_overall,0.10595328878491385,1.0,0.9999139185100394
combined_overall,0.10595544296380549,1.0,0.9999139185100394
combined_overall,0.10595867423214293,1.0,0.9999139185100394
combined_overall,0.10596405967937202,1.0,0.9999139185100394
combined_overall,0.10596729094770946,1.0,0.9999139185100394
combined_overall,0.1059694451266011,1.0,0.9999139185100394
combined_overall,0.10597375348438436,1.0,0.9999139185100394
combined_overall,0.10598129311050507,1.0,0.9999139185100394
combined_overall,0.10598667855773415,1.0,0.9999139185100394
combined_overall,0.10600929743609629,1.0,0.9999139185100394
combined_overall,0.10601360579387954,1.0,0.9999139185100394
combined_overall,0.10602868504612097,1.0,0.9999139185100394
combined_overall,0.10603083922501261,1.0,0.9999139185100394
combined_overall,0.10603730176168749,1.0,0.9999139185100394
combined_overall,0.10603945594057913,1.0,0.9999139185100394
combined_overall,0.106057766461158,1.0,0.9999139185100394
combined_overall,0.10605992064004963,1.0,0.9999139185100394
combined_overall,0.10606099772949545,1.0,0.9999139185100394
combined_overall,0.10606315190838708,1.0,0.9999139185100394
combined_overall,0.10606746026617034,1.0,0.9999139185100394
combined_overall,0.10606961444506198,1.0,0.9999139185100394
combined_overall,0.10607392280284524,1.0,0.9999139185100394
combined_overall,0.10608038533952013,1.0,0.9999139185100394
combined_overall,0.10608253951841176,1.0,0.9999139185100394
combined_overall,0.10608684787619503,1.0,0.9999139185100394
combined_overall,0.10609331041286993,1.0,0.9999139185100394
combined_overall,0.10610300421788227,1.0,0.9999139185100394
combined_overall,0.1061116209334488,1.0,0.9999139185100394
combined_overall,0.10611377511234044,1.0,0.9999139185100394
combined_overall,0.10613100854347349,1.0,0.9999139185100394
combined_overall,0.10613316272236512,1.0,0.9999139185100394
combined_overall,0.10613639399070256,1.0,0.9999139185100394
combined_overall,0.1061385481695942,1.0,0.9999139185100394
combined_overall,0.10614177943793164,1.0,0.9999139185100394
combined_overall,0.10614393361682327,1.0,0.9999139185100394
combined_overall,0.10619132555243918,1.0,0.9999139185100394
combined_overall,0.10619347973133081,1.0,0.9999139185100394
combined_overall,0.10620425062578896,1.0,0.9999139185100394
combined_overall,0.10620748189412642,1.0,0.9999139185100394
combined_overall,0.10621502152024713,1.0,0.9999139185100394
combined_overall,0.10622256114636784,1.0,0.9999139185100394
combined_overall,0.1062473342036216,1.0,0.9999139185100394
combined_overall,0.10624948838251323,1.0,0.9999139185100394
combined_overall,0.10625918218752559,1.0,0.9999139185100394
combined_overall,0.10626133636641721,1.0,0.9999139185100394
combined_overall,0.10626241345586303,1.0,0.9999139185100394
combined_overall,0.1062667218136463,1.0,0.9999139185100394
combined_overall,0.10627210726087537,1.0,0.9999139185100394
combined_overall,0.10627641561865864,1.0,0.9999139185100394
combined_overall,0.10629257196034587,1.0,0.9999139185100394
combined_overall,0.10629795740757496,1.0,0.9999139185100394
combined_overall,0.1063205762859371,1.0,0.9999139185100394
combined_overall,0.10632380755427454,1.0,0.9999139185100394
combined_overall,0.10633134718039525,1.0,0.9999139185100394
combined_overall,0.1063485806115283,1.0,0.9999139185100394
combined_overall,0.10635073479041994,1.0,0.9999139185100394
combined_overall,0.10637981620545696,1.0,0.9999139185100394
combined_overall,0.1063819703843486,1.0,0.9999139185100394
combined_overall,0.1063884329210235,1.0,0.9999139185100394
combined_overall,0.10639058709991513,1.0,0.9999139185100394
combined_overall,0.10639489545769838,1.0,0.9999139185100394
combined_overall,0.10640028090492747,1.0,0.9999139185100394
combined_overall,0.10641105179938563,1.0,0.9999139185100394
combined_overall,0.10641428306772308,1.0,0.9999139185100394
combined_overall,0.1064164372466147,1.0,0.9999139185100394
combined_overall,0.10641751433606052,1.0,0.9999139185100394
combined_overall,0.10641966851495216,1.0,0.9999139185100394
combined_overall,0.1064358248566394,1.0,0.9999139185100394
combined_overall,0.10643905612497684,1.0,0.9999139185100394
combined_overall,0.10644659575109755,1.0,0.9999139185100394
combined_overall,0.10644874992998919,1.0,0.9999139185100394
combined_overall,0.10645090410888082,1.0,0.9999139185100394
combined_overall,0.10645305828777245,1.0,0.9999139185100394
combined_overall,0.10648213970280948,1.0,0.9999139185100394
combined_overall,0.10648429388170111,1.0,0.9999139185100394
combined_overall,0.10648967932893019,1.0,0.9999139185100394
combined_overall,0.10649183350782182,1.0,0.9999139185100394
combined_overall,0.10649398768671346,1.0,0.9999139185100394
combined_overall,0.10649614186560509,1.0,0.9999139185100394
combined_overall,0.10651445238618396,1.0,0.9999139185100394
combined_overall,0.10652091492285885,1.0,0.9999139185100394
combined_overall,0.10652306910175048,1.0,0.9999139185100394
combined_overall,0.10653491708565446,1.0,0.9999139185100394
combined_overall,0.10653707126454609,1.0,0.9999139185100394
combined_overall,0.10654137962232936,1.0,0.9999139185100394
combined_overall,0.10655322760623333,1.0,0.9999139185100394
combined_overall,0.1065575359640166,1.0,0.9999139185100394
combined_overall,0.10656076723235404,1.0,0.9999139185100394
combined_overall,0.10658661737905363,1.0,0.9999139185100394
combined_overall,0.10658877155794526,1.0,0.9999139185100394
combined_overall,0.10658984864739107,1.0,0.9999139185100394
combined_overall,0.1065920028262827,1.0,0.9999139185100394
combined_overall,0.10667063035582727,1.0,0.9999139185100394
combined_overall,0.1066727845347189,1.0,0.9999139185100394
combined_overall,0.10668140125028543,1.0,0.9999139185100394
combined_overall,0.10670509721809338,1.0,0.9999139185100394
combined_overall,0.10670725139698502,1.0,0.9999139185100394
combined_overall,0.10671155975476827,1.0,0.9999139185100394
combined_overall,0.1067137139336599,1.0,0.9999139185100394
combined_overall,0.10671909938088898,1.0,0.9999139185100394
combined_overall,0.10672125355978061,1.0,0.9999139185100394
combined_overall,0.10673525572257622,1.0,0.9999139185100394
combined_overall,0.10673956408035949,1.0,0.9999139185100394
combined_overall,0.10674387243814275,1.0,0.9999139185100394
combined_overall,0.10674602661703439,1.0,0.9999139185100394
combined_overall,0.10679018728431283,1.0,0.9999139185100394
combined_overall,0.10679234146320447,1.0,0.9999139185100394
combined_overall,0.10681603743101242,1.0,0.9999139185100394
combined_overall,0.10681926869934986,1.0,0.9999139185100394
combined_overall,0.10683650213048293,1.0,0.9999139185100394
combined_overall,0.10683973339882037,1.0,0.9999139185100394
combined_overall,0.10684727302494108,1.0,0.9999139185100394
combined_overall,0.10684942720383271,1.0,0.9999139185100394
combined_overall,0.10685373556161598,1.0,0.9999139185100394
combined_overall,0.10689681913944861,1.0,0.9999139185100394
combined_overall,0.10689897331834025,1.0,0.9999139185100394
combined_overall,0.10691082130224422,1.0,0.9999139185100394
combined_overall,0.10691297548113586,1.0,0.9999139185100394
combined_overall,0.10694528816451034,1.0,0.9999139185100394
combined_overall,0.10694744234340196,1.0,0.9999139185100394
combined_overall,0.10695498196952268,1.0,0.9999139185100394
combined_overall,0.1069571361484143,1.0,0.9999139185100394
combined_overall,0.10698083211622227,1.0,0.9999139185100394
combined_overall,0.1069829862951139,1.0,0.9999139185100394
combined_overall,0.10698944883178879,1.0,0.9999139185100394
combined_overall,0.10699375718957205,1.0,0.9999139185100394
combined_overall,0.10701206771015093,1.0,0.9999139185100394
combined_overall,0.10701422188904255,1.0,0.9999139185100394
combined_overall,0.10703037823072979,1.0,0.9999139185100394
combined_overall,0.10703253240962142,1.0,0.9999139185100394
combined_overall,0.1070573054668752,1.0,0.9999139185100394
combined_overall,0.10705945964576682,1.0,0.9999139185100394
combined_overall,0.10706161382465845,1.0,0.9999139185100394
combined_overall,0.10706376800355008,1.0,0.9999139185100394
combined_overall,0.10707023054022498,1.0,0.9999139185100394
combined_overall,0.10707238471911662,1.0,0.9999139185100394
combined_overall,0.10707346180856243,1.0,0.9999139185100394
combined_overall,0.10707777016634569,1.0,0.9999139185100394
combined_overall,0.10708100143468315,1.0,0.9999139185100394
combined_overall,0.10708423270302059,1.0,0.9999139185100394
combined_overall,0.10708854106080386,1.0,0.9999139185100394
combined_overall,0.1070917723291413,1.0,0.9999139185100394
combined_overall,0.1071046974024911,1.0,0.9999139185100394
combined_overall,0.10710685158138272,1.0,0.9999139185100394
combined_overall,0.10711654538639506,1.0,0.9999139185100394
combined_overall,0.10711977665473252,1.0,0.9999139185100394
combined_overall,0.10712839337029904,1.0,0.9999139185100394
combined_overall,0.10713054754919067,1.0,0.9999139185100394
combined_overall,0.10715532060644443,1.0,0.9999139185100394
combined_overall,0.10716178314311933,1.0,0.9999139185100394
combined_overall,0.10718871037926474,1.0,0.9999139185100394
combined_overall,0.10719086455815637,1.0,0.9999139185100394
combined_overall,0.10720809798928942,1.0,0.9999139185100394
combined_overall,0.10721240634707269,1.0,0.9999139185100394
combined_overall,0.10721456052596431,1.0,0.9999139185100394
combined_overall,0.10721671470485596,1.0,0.9999139185100394
combined_overall,0.10723502522543482,1.0,0.9999139185100394
combined_overall,0.10724256485155553,1.0,0.9999139185100394
combined_overall,0.1072738004454842,1.0,0.9999139185100394
combined_overall,0.10727595462437582,1.0,0.9999139185100394
combined_overall,0.10729318805550889,1.0,0.9999139185100394
combined_overall,0.10729641932384633,1.0,0.9999139185100394
combined_overall,0.10730719021830448,1.0,0.9999139185100394
combined_overall,0.10730934439719612,1.0,0.9999139185100394
combined_overall,0.10733304036500407,1.0,0.9999139185100394
combined_overall,0.10733627163334152,1.0,0.9999139185100394
combined_overall,0.10735889051170365,1.0,0.9999139185100394
combined_overall,0.10736319886948692,1.0,0.9999139185100394
combined_overall,0.10736535304837855,1.0,0.9999139185100394
combined_overall,0.10736750722727018,1.0,0.9999139185100394
combined_overall,0.10738581774784905,1.0,0.9999139185100394
combined_overall,0.10738797192674068,1.0,0.9999139185100394
combined_overall,0.10739228028452395,1.0,0.9999139185100394
combined_overall,0.10739658864230721,1.0,0.9999139185100394
combined_overall,0.10740843662621119,1.0,0.9999139185100394
combined_overall,0.10741059080510282,1.0,0.9999139185100394
combined_overall,0.10742028461011516,1.0,0.9999139185100394
combined_overall,0.1074224387890068,1.0,0.9999139185100394
combined_overall,0.10743213259401914,1.0,0.9999139185100394
combined_overall,0.10744828893570638,1.0,0.9999139185100394
combined_overall,0.10750537467633463,1.0,0.9999139185100394
combined_overall,0.10750752885522626,1.0,0.9999139185100394
combined_overall,0.10752045392857605,1.0,0.9999139185100394
combined_overall,0.10752260810746768,1.0,0.9999139185100394
combined_overall,0.10753014773358839,1.0,0.9999139185100394
combined_overall,0.10754307280693817,1.0,0.9999139185100394
combined_overall,0.10757107713252939,1.0,0.9999139185100394
combined_overall,0.10757323131142102,1.0,0.9999139185100394
combined_overall,0.10757646257975848,1.0,0.9999139185100394
combined_overall,0.1075786167586501,1.0,0.9999139185100394
combined_overall,0.10762277742592856,1.0,0.9999139185100394
combined_overall,0.10762493160482019,1.0,0.9999139185100394
combined_overall,0.10762816287315764,1.0,0.9999139185100394
combined_overall,0.10763354832038671,1.0,0.9999139185100394
combined_overall,0.10766047555653212,1.0,0.9999139185100394
combined_overall,0.10766478391431539,1.0,0.9999139185100394
combined_overall,0.10767878607711098,1.0,0.9999139185100394
combined_overall,0.10768094025600262,1.0,0.9999139185100394
combined_overall,0.10768955697156915,1.0,0.9999139185100394
combined_overall,0.1076938653293524,1.0,0.9999139185100394
combined_overall,0.10770463622381057,1.0,0.9999139185100394
combined_overall,0.1077067904027022,1.0,0.9999139185100394
combined_overall,0.1077261780127269,1.0,0.9999139185100394
combined_overall,0.10772833219161852,1.0,0.9999139185100394
combined_overall,0.10775741360665556,1.0,0.9999139185100394
combined_overall,0.10775956778554718,1.0,0.9999139185100394
combined_overall,0.10781019098950054,1.0,0.9999139185100394
combined_overall,0.10781880770506706,1.0,0.9999139185100394
combined_overall,0.10785973710400806,1.0,0.9999139185100394
combined_overall,0.10786189128289969,1.0,0.9999139185100394
combined_overall,0.10787481635624949,1.0,0.9999139185100394
combined_overall,0.10787912471403276,1.0,0.9999139185100394
combined_overall,0.10790066650294908,1.0,0.9999139185100394
combined_overall,0.1079028206818407,1.0,0.9999139185100394
combined_overall,0.10792220829186538,1.0,0.9999139185100394
combined_overall,0.10792436247075703,1.0,0.9999139185100394
combined_overall,0.10793405627576937,1.0,0.9999139185100394
combined_overall,0.10795236679634823,1.0,0.9999139185100394
combined_overall,0.10795452097523987,1.0,0.9999139185100394
combined_overall,0.10795882933302313,1.0,0.9999139185100394
combined_overall,0.10796098351191476,1.0,0.9999139185100394
combined_overall,0.10797067731692711,1.0,0.9999139185100394
combined_overall,0.10797283149581874,1.0,0.9999139185100394
combined_overall,0.10798037112193945,1.0,0.9999139185100394
combined_overall,0.10798252530083108,1.0,0.9999139185100394
combined_overall,0.10799329619528925,1.0,0.9999139185100394
combined_overall,0.10799545037418087,1.0,0.9999139185100394
combined_overall,0.10799975873196414,1.0,0.9999139185100394
combined_overall,0.1080040670897474,1.0,0.9999139185100394
combined_overall,0.10801591507365138,1.0,0.9999139185100394
combined_overall,0.10801806925254301,1.0,0.9999139185100394
combined_overall,0.10803207141533862,1.0,0.9999139185100394
combined_overall,0.1080374568625677,1.0,0.9999139185100394
combined_overall,0.10809992805042502,1.0,0.9999139185100394
combined_overall,0.10810208222931665,1.0,0.9999139185100394
combined_overall,0.10812685528657041,1.0,0.9999139185100394
combined_overall,0.10813331782324531,1.0,0.9999139185100394
combined_overall,0.10813654909158277,1.0,0.9999139185100394
combined_overall,0.1081387032704744,1.0,0.9999139185100394
combined_overall,0.10816024505939072,1.0,0.9999139185100394
combined_overall,0.10816455341717397,1.0,0.9999139185100394
combined_overall,0.10818070975886121,1.0,0.9999139185100394
combined_overall,0.10818286393775285,1.0,0.9999139185100394
combined_overall,0.10818717229553611,1.0,0.9999139185100394
combined_overall,0.10818932647442774,1.0,0.9999139185100394
combined_overall,0.10820332863722334,1.0,0.9999139185100394
combined_overall,0.10820763699500661,1.0,0.9999139185100394
combined_overall,0.10820871408445243,1.0,0.9999139185100394
combined_overall,0.10821086826334406,1.0,0.9999139185100394
combined_overall,0.10821840788946477,1.0,0.9999139185100394
combined_overall,0.10822056206835641,1.0,0.9999139185100394
combined_overall,0.10824533512561017,1.0,0.9999139185100394
combined_overall,0.10825179766228507,1.0,0.9999139185100394
combined_overall,0.1082539518411767,1.0,0.9999139185100394
combined_overall,0.10825610602006833,1.0,0.9999139185100394
combined_overall,0.1082808790773221,1.0,0.9999139185100394
combined_overall,0.10828303325621373,1.0,0.9999139185100394
combined_overall,0.10828949579288863,1.0,0.9999139185100394
combined_overall,0.10829164997178026,1.0,0.9999139185100394
combined_overall,0.1083078063134675,1.0,0.9999139185100394
combined_overall,0.10831319176069658,1.0,0.9999139185100394
combined_overall,0.10832503974460055,1.0,0.9999139185100394
combined_overall,0.10832719392349219,1.0,0.9999139185100394
combined_overall,0.10833257937072126,1.0,0.9999139185100394
combined_overall,0.1083347335496129,1.0,0.9999139185100394
combined_overall,0.10837458585910809,1.0,0.9999139185100394
combined_overall,0.10837997130633717,1.0,0.9999139185100394
combined_overall,0.10845859883588173,1.0,0.9999139185100394
combined_overall,0.10846936973033988,1.0,0.9999139185100394
combined_overall,0.10847906353535224,1.0,0.9999139185100394
combined_overall,0.10848121771424386,1.0,0.9999139185100394
combined_overall,0.10848552607202712,1.0,0.9999139185100394
combined_overall,0.10848768025091876,1.0,0.9999139185100394
combined_overall,0.10850275950316018,1.0,0.9999139185100394
combined_overall,0.10850491368205181,1.0,0.9999139185100394
combined_overall,0.10850814495038925,1.0,0.9999139185100394
combined_overall,0.1085102991292809,1.0,0.9999139185100394
combined_overall,0.10851245330817252,1.0,0.9999139185100394
combined_overall,0.10851460748706415,1.0,0.9999139185100394
combined_overall,0.10851783875540161,1.0,0.9999139185100394
combined_overall,0.10851999293429324,1.0,0.9999139185100394
combined_overall,0.10853291800764303,1.0,0.9999139185100394
combined_overall,0.10853507218653466,1.0,0.9999139185100394
combined_overall,0.1085512285282219,1.0,0.9999139185100394
combined_overall,0.10855338270711352,1.0,0.9999139185100394
combined_overall,0.10859108083771708,1.0,0.9999139185100394
combined_overall,0.10859323501660872,1.0,0.9999139185100394
combined_overall,0.10861477680552503,1.0,0.9999139185100394
combined_overall,0.10861693098441667,1.0,0.9999139185100394
combined_overall,0.10862123934219993,1.0,0.9999139185100394
combined_overall,0.10862339352109157,1.0,0.9999139185100394
combined_overall,0.10864708948889952,1.0,0.9999139185100394
combined_overall,0.10865355202557442,1.0,0.9999139185100394
combined_overall,0.10867186254615328,1.0,0.9999139185100394
combined_overall,0.10867724799338237,1.0,0.9999139185100394
combined_overall,0.10867832508282818,1.0,0.9999139185100394
combined_overall,0.10868155635116562,1.0,0.9999139185100394
combined_overall,0.10868909597728633,1.0,0.9999139185100394
combined_overall,0.10869771269285286,1.0,0.9999139185100394
combined_overall,0.10871602321343174,1.0,0.9999139185100394
combined_overall,0.10872248575010664,1.0,0.9999139185100394
combined_overall,0.1087267941078899,1.0,0.9999139185100394
combined_overall,0.10873217955511898,1.0,0.9999139185100394
combined_overall,0.10873325664456479,1.0,0.9999139185100394
combined_overall,0.10873756500234806,1.0,0.9999139185100394
combined_overall,0.10875049007569784,1.0,0.9999139185100394
combined_overall,0.10875264425458948,1.0,0.9999139185100394
combined_overall,0.10876341514904764,1.0,0.9999139185100394
combined_overall,0.10876772350683091,1.0,0.9999139185100394
combined_overall,0.1087817256696265,1.0,0.9999139185100394
combined_overall,0.10878711111685559,1.0,0.9999139185100394
combined_overall,0.10880865290577191,1.0,0.9999139185100394
combined_overall,0.1088151154424468,1.0,0.9999139185100394
combined_overall,0.10881834671078425,1.0,0.9999139185100394
combined_overall,0.10882050088967589,1.0,0.9999139185100394
combined_overall,0.10884742812582128,1.0,0.9999139185100394
combined_overall,0.10884958230471291,1.0,0.9999139185100394
combined_overall,0.10885496775194199,1.0,0.9999139185100394
combined_overall,0.10886035319917108,1.0,0.9999139185100394
combined_overall,0.10886358446750852,1.0,0.9999139185100394
combined_overall,0.10886573864640015,1.0,0.9999139185100394
combined_overall,0.10886681573584597,1.0,0.9999139185100394
combined_overall,0.10887004700418342,1.0,0.9999139185100394
combined_overall,0.10895190580206543,1.0,0.9999139185100394
combined_overall,0.10895621415984869,1.0,0.9999139185100394
combined_overall,0.10897237050153592,1.0,0.9999139185100394
combined_overall,0.10897344759098175,1.0,0.9999139185100394
combined_overall,0.10897560176987338,1.0,0.9999139185100394
combined_overall,0.10897883303821082,1.0,0.9999139185100394
combined_overall,0.10898098721710246,1.0,0.9999139185100394
combined_overall,0.10898852684322317,1.0,0.9999139185100394
combined_overall,0.10899929773768133,1.0,0.9999139185100394
combined_overall,0.10902622497382673,1.0,0.9999139185100394
combined_overall,0.10902837915271836,1.0,0.9999139185100394
combined_overall,0.10903268751050162,1.0,0.9999139185100394
combined_overall,0.109071462730551,1.0,0.9999139185100394
combined_overall,0.10907361690944263,1.0,0.9999139185100394
combined_overall,0.10908438780390078,1.0,0.9999139185100394
combined_overall,0.10908869616168405,1.0,0.9999139185100394
combined_overall,0.10910377541392548,1.0,0.9999139185100394
combined_overall,0.1091059295928171,1.0,0.9999139185100394
combined_overall,0.10915009026009556,1.0,0.9999139185100394
combined_overall,0.10915224443898719,1.0,0.9999139185100394
combined_overall,0.10915655279677046,1.0,0.9999139185100394
combined_overall,0.10916301533344536,1.0,0.9999139185100394
combined_overall,0.10916732369122861,1.0,0.9999139185100394
combined_overall,0.10919532801681983,1.0,0.9999139185100394
combined_overall,0.10919748219571146,1.0,0.9999139185100394
combined_overall,0.10919963637460309,1.0,0.9999139185100394
combined_overall,0.10920179055349473,1.0,0.9999139185100394
combined_overall,0.1092276407001943,1.0,0.9999139185100394
combined_overall,0.10923194905797758,1.0,0.9999139185100394
combined_overall,0.10926964718858113,1.0,0.9999139185100394
combined_overall,0.10927610972525602,1.0,0.9999139185100394
combined_overall,0.10928795770916,1.0,0.9999139185100394
combined_overall,0.10929011188805163,1.0,0.9999139185100394
combined_overall,0.10929118897749744,1.0,0.9999139185100394
combined_overall,0.10929334315638908,1.0,0.9999139185100394
combined_overall,0.10934073509200498,1.0,0.9999139185100394
combined_overall,0.10934288927089661,1.0,0.9999139185100394
combined_overall,0.10935473725480059,1.0,0.9999139185100394
combined_overall,0.10935904561258385,1.0,0.9999139185100394
combined_overall,0.10936981650704201,1.0,0.9999139185100394
combined_overall,0.10937412486482527,1.0,0.9999139185100394
combined_overall,0.10937520195427108,1.0,0.9999139185100394
combined_overall,0.10937735613316273,1.0,0.9999139185100394
combined_overall,0.10941074590598301,1.0,0.9999139185100394
combined_overall,0.10941397717432047,1.0,0.9999139185100394
combined_overall,0.10944198149991168,1.0,0.9999139185100394
combined_overall,0.10944413567880332,1.0,0.9999139185100394
combined_overall,0.10944736694714076,1.0,0.9999139185100394
combined_overall,0.10946136910993637,1.0,0.9999139185100394
combined_overall,0.109463523288828,1.0,0.9999139185100394
combined_overall,0.10948937343552757,1.0,0.9999139185100394
combined_overall,0.10949260470386503,1.0,0.9999139185100394
combined_overall,0.10949799015109411,1.0,0.9999139185100394
combined_overall,0.10950014432998574,1.0,0.9999139185100394
combined_overall,0.1095313799239144,1.0,0.9999139185100394
combined_overall,0.10953353410280603,1.0,0.9999139185100394
combined_overall,0.10954645917615582,1.0,0.9999139185100394
combined_overall,0.10955184462338491,1.0,0.9999139185100394
combined_overall,0.1095583071600598,1.0,0.9999139185100394
combined_overall,0.10956046133895143,1.0,0.9999139185100394
combined_overall,0.10961108454290477,1.0,0.9999139185100394
combined_overall,0.10961323872179642,1.0,0.9999139185100394
combined_overall,0.1096466284946167,1.0,0.9999139185100394
combined_overall,0.10964985976295416,1.0,0.9999139185100394
combined_overall,0.10969078916189516,1.0,0.9999139185100394
combined_overall,0.10969294334078679,1.0,0.9999139185100394
combined_overall,0.1096940204302326,1.0,0.9999139185100394
combined_overall,0.10969617460912424,1.0,0.9999139185100394
combined_overall,0.10970371423524496,1.0,0.9999139185100394
combined_overall,0.1097069455035824,1.0,0.9999139185100394
combined_overall,0.10977264795977718,1.0,0.9999139185100394
combined_overall,0.1097748021386688,1.0,0.9999139185100394
combined_overall,0.10979203556980185,1.0,0.9999139185100394
combined_overall,0.1097941897486935,1.0,0.9999139185100394
combined_overall,0.10979849810647675,1.0,0.9999139185100394
combined_overall,0.10980065228536838,1.0,0.9999139185100394
combined_overall,0.10980711482204328,1.0,0.9999139185100394
combined_overall,0.10981465444816399,1.0,0.9999139185100394
combined_overall,0.10981788571650145,1.0,0.9999139185100394
combined_overall,0.10983296496874287,1.0,0.9999139185100394
combined_overall,0.1098351191476345,1.0,0.9999139185100394
combined_overall,0.10986096929433407,1.0,0.9999139185100394
combined_overall,0.10986312347322572,1.0,0.9999139185100394
combined_overall,0.10986635474156316,1.0,0.9999139185100394
combined_overall,0.10986743183100897,1.0,0.9999139185100394
combined_overall,0.1098695860099006,1.0,0.9999139185100394
combined_overall,0.109896513246046,1.0,0.9999139185100394
combined_overall,0.10989866742493763,1.0,0.9999139185100394
combined_overall,0.10990620705105834,1.0,0.9999139185100394
combined_overall,0.10990836122994999,1.0,0.9999139185100394
combined_overall,0.10992236339274558,1.0,0.9999139185100394
combined_overall,0.10992451757163722,1.0,0.9999139185100394
combined_overall,0.10993205719775793,1.0,0.9999139185100394
combined_overall,0.10993421137664956,1.0,0.9999139185100394
combined_overall,0.10994175100277027,1.0,0.9999139185100394
combined_overall,0.1099439051816619,1.0,0.9999139185100394
combined_overall,0.10995359898667426,1.0,0.9999139185100394
combined_overall,0.10995575316556588,1.0,0.9999139185100394
combined_overall,0.10996544697057822,1.0,0.9999139185100394
combined_overall,0.10996760114946985,1.0,0.9999139185100394
combined_overall,0.11002253271120647,1.0,0.9999139185100394
combined_overall,0.1100246868900981,1.0,0.9999139185100394
combined_overall,0.11003976614233953,1.0,0.9999139185100394
combined_overall,0.11004299741067697,1.0,0.9999139185100394
combined_overall,0.11004945994735187,1.0,0.9999139185100394
combined_overall,0.11006453919959329,1.0,0.9999139185100394
combined_overall,0.11007746427294308,1.0,0.9999139185100394
combined_overall,0.11007961845183471,1.0,0.9999139185100394
combined_overall,0.11011300822465502,1.0,0.9999139185100394
combined_overall,0.11011516240354664,1.0,0.9999139185100394
combined_overall,0.11014101255024622,1.0,0.9999139185100394
combined_overall,0.11014316672913785,1.0,0.9999139185100394
combined_overall,0.11014855217636693,1.0,0.9999139185100394
combined_overall,0.11015393762359602,1.0,0.9999139185100394
combined_overall,0.11016578560749998,1.0,0.9999139185100394
combined_overall,0.11017440232306652,1.0,0.9999139185100394
combined_overall,0.11018625030697049,1.0,0.9999139185100394
combined_overall,0.11018840448586212,1.0,0.9999139185100394
combined_overall,0.1102271797059115,1.0,0.9999139185100394
combined_overall,0.11022933388480313,1.0,0.9999139185100394
combined_overall,0.110247644405382,1.0,0.9999139185100394
combined_overall,0.11025087567371945,1.0,0.9999139185100394
combined_overall,0.11025518403150271,1.0,0.9999139185100394
combined_overall,0.11025733821039434,1.0,0.9999139185100394
combined_overall,0.11027672582041903,1.0,0.9999139185100394
combined_overall,0.11027887999931066,1.0,0.9999139185100394
combined_overall,0.11031442395102259,1.0,0.9999139185100394
combined_overall,0.11031657812991422,1.0,0.9999139185100394
combined_overall,0.11031765521936003,1.0,0.9999139185100394
combined_overall,0.11031980939825167,1.0,0.9999139185100394
combined_overall,0.11033811991883054,1.0,0.9999139185100394
combined_overall,0.11034458245550544,1.0,0.9999139185100394
combined_overall,0.11038335767555481,1.0,0.9999139185100394
combined_overall,0.11038874312278389,1.0,0.9999139185100394
combined_overall,0.11045336848953284,1.0,0.9999139185100394
combined_overall,0.11045552266842448,1.0,0.9999139185100394
combined_overall,0.11049429788847386,1.0,0.9999139185100394
combined_overall,0.11049645206736548,1.0,0.9999139185100394
combined_overall,0.11052014803517343,1.0,0.9999139185100394
combined_overall,0.11052230221406506,1.0,0.9999139185100394
combined_overall,0.11053199601907741,1.0,0.9999139185100394
combined_overall,0.11053415019796904,1.0,0.9999139185100394
combined_overall,0.11059662138582636,1.0,0.9999139185100394
combined_overall,0.11059877556471799,1.0,0.9999139185100394
combined_overall,0.11060200683305545,1.0,0.9999139185100394
combined_overall,0.11061170063806779,1.0,0.9999139185100394
combined_overall,0.11061600899585106,1.0,0.9999139185100394
combined_overall,0.11062462571141758,1.0,0.9999139185100394
combined_overall,0.11062893406920084,1.0,0.9999139185100394
combined_overall,0.11063108824809248,1.0,0.9999139185100394
combined_overall,0.11064185914255063,1.0,0.9999139185100394
combined_overall,0.11064401332144226,1.0,0.9999139185100394
combined_overall,0.11068171145204582,1.0,0.9999139185100394
combined_overall,0.11068386563093746,1.0,0.9999139185100394
combined_overall,0.11069463652539561,1.0,0.9999139185100394
combined_overall,0.11069679070428724,1.0,0.9999139185100394
combined_overall,0.1107000219726247,1.0,0.9999139185100394
combined_overall,0.11070217615151633,1.0,0.9999139185100394
combined_overall,0.11070756159874541,1.0,0.9999139185100394
combined_overall,0.11071186995652867,1.0,0.9999139185100394
combined_overall,0.11071617831431194,1.0,0.9999139185100394
combined_overall,0.11071833249320356,1.0,0.9999139185100394
combined_overall,0.11075172226602387,1.0,0.9999139185100394
combined_overall,0.11075818480269875,1.0,0.9999139185100394
combined_overall,0.110815270543327,1.0,0.9999139185100394
combined_overall,0.11081742472221863,1.0,0.9999139185100394
combined_overall,0.11083250397446005,1.0,0.9999139185100394
combined_overall,0.11083681233224332,1.0,0.9999139185100394
combined_overall,0.11085296867393056,1.0,0.9999139185100394
combined_overall,0.11087989591007595,1.0,0.9999139185100394
combined_overall,0.11093913582959583,1.0,0.9999139185100394
combined_overall,0.11094129000848746,1.0,0.9999139185100394
combined_overall,0.11098006522853684,1.0,0.9999139185100394
combined_overall,0.11098221940742847,1.0,0.9999139185100394
combined_overall,0.11098545067576591,1.0,0.9999139185100394
combined_overall,0.11098760485465756,1.0,0.9999139185100394
combined_overall,0.110990836122995,1.0,0.9999139185100394
combined_overall,0.11099299030188663,1.0,0.9999139185100394
combined_overall,0.11100268410689898,1.0,0.9999139185100394
combined_overall,0.11100483828579061,1.0,0.9999139185100394
combined_overall,0.11100806955412805,1.0,0.9999139185100394
combined_overall,0.11101022373301969,1.0,0.9999139185100394
combined_overall,0.11101560918024876,1.0,0.9999139185100394
combined_overall,0.1110177633591404,1.0,0.9999139185100394
combined_overall,0.11103930514805671,1.0,0.9999139185100394
combined_overall,0.11104145932694835,1.0,0.9999139185100394
combined_overall,0.11107377201032283,1.0,0.9999139185100394
combined_overall,0.11107592618921446,1.0,0.9999139185100394
combined_overall,0.11107700327866027,1.0,0.9999139185100394
combined_overall,0.11107915745755191,1.0,0.9999139185100394
combined_overall,0.11108238872588935,1.0,0.9999139185100394
combined_overall,0.11108454290478098,1.0,0.9999139185100394
combined_overall,0.11113732028762596,1.0,0.9999139185100394
combined_overall,0.1111394744665176,1.0,0.9999139185100394
combined_overall,0.1111534766293132,1.0,0.9999139185100394
combined_overall,0.11115778498709647,1.0,0.9999139185100394
combined_overall,0.11118471222324186,1.0,0.9999139185100394
combined_overall,0.11118794349157932,1.0,0.9999139185100394
combined_overall,0.11119440602825421,1.0,0.9999139185100394
combined_overall,0.11119656020714584,1.0,0.9999139185100394
combined_overall,0.11123102706941196,1.0,0.9999139185100394
combined_overall,0.11123318124830359,1.0,0.9999139185100394
combined_overall,0.11123856669553267,1.0,0.9999139185100394
combined_overall,0.1112407208744243,1.0,0.9999139185100394
combined_overall,0.11125149176888245,1.0,0.9999139185100394
combined_overall,0.11125472303721991,1.0,0.9999139185100394
combined_overall,0.11126764811056969,1.0,0.9999139185100394
combined_overall,0.11127195646835296,1.0,0.9999139185100394
combined_overall,0.1112751877366904,1.0,0.9999139185100394
combined_overall,0.1112945753467151,1.0,0.9999139185100394
combined_overall,0.11129672952560672,1.0,0.9999139185100394
combined_overall,0.11131934840396886,1.0,0.9999139185100394
combined_overall,0.11132150258286048,1.0,0.9999139185100394
combined_overall,0.1113290422089812,1.0,0.9999139185100394
combined_overall,0.11133335056676447,1.0,0.9999139185100394
combined_overall,0.11139474466517597,1.0,0.9999139185100394
combined_overall,0.1113968988440676,1.0,0.9999139185100394
combined_overall,0.1114367511535628,1.0,0.9999139185100394
combined_overall,0.11143998242190024,1.0,0.9999139185100394
combined_overall,0.11144213660079187,1.0,0.9999139185100394
combined_overall,0.1114572158530333,1.0,0.9999139185100394
combined_overall,0.111464755479154,1.0,0.9999139185100394
combined_overall,0.11148629726807033,1.0,0.9999139185100394
combined_overall,0.11149383689419104,1.0,0.9999139185100394
combined_overall,0.11150137652031175,1.0,0.9999139185100394
combined_overall,0.11150353069920338,1.0,0.9999139185100394
combined_overall,0.11152614957756551,1.0,0.9999139185100394
combined_overall,0.11152938084590297,1.0,0.9999139185100394
combined_overall,0.11159400621265192,1.0,0.9999139185100394
combined_overall,0.111599391659881,1.0,0.9999139185100394
combined_overall,0.11162524180658058,1.0,0.9999139185100394
combined_overall,0.11162739598547222,1.0,0.9999139185100394
combined_overall,0.11163601270103875,1.0,0.9999139185100394
combined_overall,0.11163816687993038,1.0,0.9999139185100394
combined_overall,0.11165863157940088,1.0,0.9999139185100394
combined_overall,0.11166078575829251,1.0,0.9999139185100394
combined_overall,0.11168125045776302,1.0,0.9999139185100394
combined_overall,0.11168340463665465,1.0,0.9999139185100394
combined_overall,0.11168555881554627,1.0,0.9999139185100394
combined_overall,0.11168771299443792,1.0,0.9999139185100394
combined_overall,0.1116941755311128,1.0,0.9999139185100394
combined_overall,0.11169740679945026,1.0,0.9999139185100394
combined_overall,0.1117006380677877,1.0,0.9999139185100394
combined_overall,0.11170279224667934,1.0,0.9999139185100394
combined_overall,0.11173510493005381,1.0,0.9999139185100394
combined_overall,0.11174156746672871,1.0,0.9999139185100394
combined_overall,0.11174910709284942,1.0,0.9999139185100394
combined_overall,0.11175126127174105,1.0,0.9999139185100394
combined_overall,0.11177064888176574,1.0,0.9999139185100394
combined_overall,0.11177280306065737,1.0,0.9999139185100394
combined_overall,0.11178034268677808,1.0,0.9999139185100394
combined_overall,0.11178249686566971,1.0,0.9999139185100394
combined_overall,0.1118492764113103,1.0,0.9999139185100394
combined_overall,0.11185143059020193,1.0,0.9999139185100394
combined_overall,0.11185789312687683,1.0,0.9999139185100394
combined_overall,0.11186004730576846,1.0,0.9999139185100394
combined_overall,0.11187297237911825,1.0,0.9999139185100394
combined_overall,0.11187512655800988,1.0,0.9999139185100394
combined_overall,0.11189235998914294,1.0,0.9999139185100394
combined_overall,0.11189451416803457,1.0,0.9999139185100394
combined_overall,0.1118966683469262,1.0,0.9999139185100394
combined_overall,0.11189882252581783,1.0,0.9999139185100394
combined_overall,0.11191390177805925,1.0,0.9999139185100394
combined_overall,0.1119160559569509,1.0,0.9999139185100394
combined_overall,0.11198283550259147,1.0,0.9999139185100394
combined_overall,0.11198498968148311,1.0,0.9999139185100394
combined_overall,0.11199360639704964,1.0,0.9999139185100394
combined_overall,0.11199683766538708,1.0,0.9999139185100394
combined_overall,0.11202053363319503,1.0,0.9999139185100394
combined_overall,0.11202268781208667,1.0,0.9999139185100394
combined_overall,0.11203561288543645,1.0,0.9999139185100394
combined_overall,0.1120377670643281,1.0,0.9999139185100394
combined_overall,0.11208731317883562,1.0,0.9999139185100394
combined_overall,0.11209162153661889,1.0,0.9999139185100394
combined_overall,0.11211747168331847,1.0,0.9999139185100394
combined_overall,0.11212070295165592,1.0,0.9999139185100394
combined_overall,0.11213039675666826,1.0,0.9999139185100394
combined_overall,0.11213255093555989,1.0,0.9999139185100394
combined_overall,0.1121530156350304,1.0,0.9999139185100394
combined_overall,0.11215516981392203,1.0,0.9999139185100394
combined_overall,0.11216055526115111,1.0,0.9999139185100394
combined_overall,0.11216270944004274,1.0,0.9999139185100394
combined_overall,0.11216917197671764,1.0,0.9999139185100394
combined_overall,0.11217132615560926,1.0,0.9999139185100394
combined_overall,0.11219825339175467,1.0,0.9999139185100394
combined_overall,0.11220256174953792,1.0,0.9999139185100394
combined_overall,0.11223487443291241,1.0,0.9999139185100394
combined_overall,0.11223702861180404,1.0,0.9999139185100394
combined_overall,0.11224672241681638,1.0,0.9999139185100394
combined_overall,0.11224887659570801,1.0,0.9999139185100394
combined_overall,0.11225857040072036,1.0,0.9999139185100394
combined_overall,0.1122618016690578,1.0,0.9999139185100394
combined_overall,0.11227257256351597,1.0,0.9999139185100394
combined_overall,0.1122747267424076,1.0,0.9999139185100394
combined_overall,0.11228872890520321,1.0,0.9999139185100394
combined_overall,0.11229088308409484,1.0,0.9999139185100394
combined_overall,0.11230165397855299,1.0,0.9999139185100394
combined_overall,0.11231781032024023,1.0,0.9999139185100394
combined_overall,0.11232104158857768,1.0,0.9999139185100394
combined_overall,0.11232319576746931,1.0,0.9999139185100394
combined_overall,0.11232965830414421,1.0,0.9999139185100394
combined_overall,0.11233288957248165,1.0,0.9999139185100394
combined_overall,0.11235873971918124,1.0,0.9999139185100394
combined_overall,0.11236089389807287,1.0,0.9999139185100394
combined_overall,0.1123695106136394,1.0,0.9999139185100394
combined_overall,0.11237166479253104,1.0,0.9999139185100394
combined_overall,0.11239859202867643,1.0,0.9999139185100394
combined_overall,0.11241259419147204,1.0,0.9999139185100394
combined_overall,0.11241690254925531,1.0,0.9999139185100394
combined_overall,0.11241797963870112,1.0,0.9999139185100394
combined_overall,0.11242013381759275,1.0,0.9999139185100394
combined_overall,0.11242659635426765,1.0,0.9999139185100394
combined_overall,0.11242875053315927,1.0,0.9999139185100394
combined_overall,0.11245244650096722,1.0,0.9999139185100394
combined_overall,0.11245460067985885,1.0,0.9999139185100394
combined_overall,0.11245890903764212,1.0,0.9999139185100394
combined_overall,0.11246106321653375,1.0,0.9999139185100394
combined_overall,0.11249983843658312,1.0,0.9999139185100394
combined_overall,0.11250199261547476,1.0,0.9999139185100394
combined_overall,0.1125052238838122,1.0,0.9999139185100394
combined_overall,0.11250845515214966,1.0,0.9999139185100394
combined_overall,0.11252353440439108,1.0,0.9999139185100394
combined_overall,0.11252568858328271,1.0,0.9999139185100394
combined_overall,0.11255369290887393,1.0,0.9999139185100394
combined_overall,0.11256015544554882,1.0,0.9999139185100394
combined_overall,0.1125720034294528,1.0,0.9999139185100394
combined_overall,0.11257415760834442,1.0,0.9999139185100394
combined_overall,0.11258169723446514,1.0,0.9999139185100394
combined_overall,0.11259462230781493,1.0,0.9999139185100394
combined_overall,0.11259785357615237,1.0,0.9999139185100394
combined_overall,0.11260000775504402,1.0,0.9999139185100394
combined_overall,0.11268832908960091,1.0,0.9999139185100394
combined_overall,0.11269048326849256,1.0,0.9999139185100394
combined_overall,0.11270556252073397,1.0,0.9999139185100394
combined_overall,0.1127077166996256,1.0,0.9999139185100394
combined_overall,0.11271202505740886,1.0,0.9999139185100394
combined_overall,0.1127141792363005,1.0,0.9999139185100394
combined_overall,0.11272925848854193,1.0,0.9999139185100394
combined_overall,0.11273141266743356,1.0,0.9999139185100394
combined_overall,0.112734643935771,1.0,0.9999139185100394
combined_overall,0.11273787520410845,1.0,0.9999139185100394
combined_overall,0.11276911079803711,1.0,0.9999139185100394
combined_overall,0.11277341915582037,1.0,0.9999139185100394
combined_overall,0.1127744962452662,1.0,0.9999139185100394
combined_overall,0.11277665042415783,1.0,0.9999139185100394
combined_overall,0.1127884984080618,1.0,0.9999139185100394
combined_overall,0.11279388385529088,1.0,0.9999139185100394
combined_overall,0.11281865691254464,1.0,0.9999139185100394
combined_overall,0.11282081109143628,1.0,0.9999139185100394
combined_overall,0.11286712593760637,1.0,0.9999139185100394
combined_overall,0.112869280116498,1.0,0.9999139185100394
combined_overall,0.1128768197426187,1.0,0.9999139185100394
combined_overall,0.11287897392151033,1.0,0.9999139185100394
combined_overall,0.1128832822792936,1.0,0.9999139185100394
combined_overall,0.11290051571042665,1.0,0.9999139185100394
combined_overall,0.11290266988931828,1.0,0.9999139185100394
combined_overall,0.1129177491415597,1.0,0.9999139185100394
combined_overall,0.1129306742149095,1.0,0.9999139185100394
combined_overall,0.11294790764604255,1.0,0.9999139185100394
combined_overall,0.1129500618249342,1.0,0.9999139185100394
combined_overall,0.11297268070329633,1.0,0.9999139185100394
combined_overall,0.11297591197163377,1.0,0.9999139185100394
combined_overall,0.11300714756556243,1.0,0.9999139185100394
combined_overall,0.11300930174445406,1.0,0.9999139185100394
combined_overall,0.11304699987505762,1.0,0.9999139185100394
combined_overall,0.11304915405394926,1.0,0.9999139185100394
combined_overall,0.11308146673732374,1.0,0.9999139185100394
combined_overall,0.11308362091621536,1.0,0.9999139185100394
combined_overall,0.11312131904681892,1.0,0.9999139185100394
combined_overall,0.11312455031515638,1.0,0.9999139185100394
combined_overall,0.11315901717742248,1.0,0.9999139185100394
combined_overall,0.11316332553520575,1.0,0.9999139185100394
combined_overall,0.113167633892989,1.0,0.9999139185100394
combined_overall,0.11316978807188065,1.0,0.9999139185100394
combined_overall,0.11317086516132646,1.0,0.9999139185100394
combined_overall,0.11317732769800136,1.0,0.9999139185100394
combined_overall,0.11321071747082165,1.0,0.9999139185100394
combined_overall,0.11321394873915909,1.0,0.9999139185100394
combined_overall,0.11324303015419612,1.0,0.9999139185100394
combined_overall,0.11325056978031683,1.0,0.9999139185100394
combined_overall,0.11325810940643755,1.0,0.9999139185100394
combined_overall,0.11326026358532917,1.0,0.9999139185100394
combined_overall,0.11326672612200407,1.0,0.9999139185100394
combined_overall,0.11326995739034153,1.0,0.9999139185100394
combined_overall,0.11328395955313714,1.0,0.9999139185100394
combined_overall,0.11328611373202876,1.0,0.9999139185100394
combined_overall,0.11330550134205344,1.0,0.9999139185100394
combined_overall,0.11331088678928253,1.0,0.9999139185100394
combined_overall,0.11331734932595743,1.0,0.9999139185100394
combined_overall,0.11332058059429487,1.0,0.9999139185100394
combined_overall,0.11332273477318651,1.0,0.9999139185100394
combined_overall,0.11333673693598212,1.0,0.9999139185100394
combined_overall,0.11333889111487375,1.0,0.9999139185100394
combined_overall,0.11336150999323588,1.0,0.9999139185100394
combined_overall,0.11336366417212751,1.0,0.9999139185100394
combined_overall,0.11337874342436893,1.0,0.9999139185100394
combined_overall,0.11338089760326056,1.0,0.9999139185100394
combined_overall,0.11338736013993546,1.0,0.9999139185100394
combined_overall,0.11338951431882709,1.0,0.9999139185100394
combined_overall,0.11339274558716454,1.0,0.9999139185100394
combined_overall,0.11340136230273107,1.0,0.9999139185100394
combined_overall,0.1134035164816227,1.0,0.9999139185100394
combined_overall,0.11340567066051434,1.0,0.9999139185100394
combined_overall,0.1134099790182976,1.0,0.9999139185100394
combined_overall,0.11341321028663505,1.0,0.9999139185100394
combined_overall,0.11341536446552668,1.0,0.9999139185100394
combined_overall,0.11349183781617961,1.0,0.9999139185100394
combined_overall,0.11349937744230032,1.0,0.9999139185100394
combined_overall,0.11350153162119195,1.0,0.9999139185100394
combined_overall,0.11350368580008358,1.0,0.9999139185100394
combined_overall,0.11351553378398756,1.0,0.9999139185100394
combined_overall,0.11351768796287919,1.0,0.9999139185100394
combined_overall,0.113518765052325,1.0,0.9999139185100394
combined_overall,0.11352091923121664,1.0,0.9999139185100394
combined_overall,0.11352630467844571,1.0,0.9999139185100394
combined_overall,0.1135392297517955,1.0,0.9999139185100394
combined_overall,0.11358123624018233,1.0,0.9999139185100394
combined_overall,0.11358339041907396,1.0,0.9999139185100394
combined_overall,0.11359200713464049,1.0,0.9999139185100394
combined_overall,0.11359416131353212,1.0,0.9999139185100394
combined_overall,0.11363939907025639,1.0,0.9999139185100394
combined_overall,0.11364155324914803,1.0,0.9999139185100394
combined_overall,0.11364586160693128,1.0,0.9999139185100394
combined_overall,0.11364801578582291,1.0,0.9999139185100394
combined_overall,0.11365447832249781,1.0,0.9999139185100394
combined_overall,0.11365878668028108,1.0,0.9999139185100394
combined_overall,0.11366094085917271,1.0,0.9999139185100394
combined_overall,0.11366524921695598,1.0,0.9999139185100394
combined_overall,0.1136803284691974,1.0,0.9999139185100394
combined_overall,0.11368248264808903,1.0,0.9999139185100394
combined_overall,0.11368463682698066,1.0,0.9999139185100394
combined_overall,0.11368894518476393,1.0,0.9999139185100394
combined_overall,0.11369433063199301,1.0,0.9999139185100394
combined_overall,0.11371048697368025,1.0,0.9999139185100394
combined_overall,0.11371371824201769,1.0,0.9999139185100394
combined_overall,0.11371802659980096,1.0,0.9999139185100394
combined_overall,0.1137212578681384,1.0,0.9999139185100394
combined_overall,0.11372987458370493,1.0,0.9999139185100394
combined_overall,0.1137341829414882,1.0,0.9999139185100394
combined_overall,0.11374710801483798,1.0,0.9999139185100394
combined_overall,0.11374926219372962,1.0,0.9999139185100394
combined_overall,0.11377618942987501,1.0,0.9999139185100394
combined_overall,0.11377834360876665,1.0,0.9999139185100394
combined_overall,0.11379449995045389,1.0,0.9999139185100394
combined_overall,0.11379665412934552,1.0,0.9999139185100394
combined_overall,0.11381388756047857,1.0,0.9999139185100394
combined_overall,0.11381927300770765,1.0,0.9999139185100394
combined_overall,0.11382358136549092,1.0,0.9999139185100394
combined_overall,0.11382573554438255,1.0,0.9999139185100394
combined_overall,0.11383112099161163,1.0,0.9999139185100394
combined_overall,0.11383327517050326,1.0,0.9999139185100394
combined_overall,0.11385697113831121,1.0,0.9999139185100394
combined_overall,0.11386558785387774,1.0,0.9999139185100394
combined_overall,0.11387528165889008,1.0,0.9999139185100394
combined_overall,0.11387851292722753,1.0,0.9999139185100394
combined_overall,0.11397221970901351,1.0,0.9999139185100394
combined_overall,0.11397545097735097,1.0,0.9999139185100394
combined_overall,0.1139840676929175,1.0,0.9999139185100394
combined_overall,0.11398837605070075,1.0,0.9999139185100394
combined_overall,0.11406484940135368,1.0,0.9999139185100394
combined_overall,0.11406700358024532,1.0,0.9999139185100394
combined_overall,0.11406808066969114,1.0,0.9999139185100394
combined_overall,0.11407023484858277,1.0,0.9999139185100394
combined_overall,0.11408208283248675,1.0,0.9999139185100394
combined_overall,0.11408531410082419,1.0,0.9999139185100394
combined_overall,0.11410254753195724,1.0,0.9999139185100394
combined_overall,0.11410470171084888,1.0,0.9999139185100394
combined_overall,0.11412193514198193,1.0,0.9999139185100394
combined_overall,0.11412408932087356,1.0,0.9999139185100394
combined_overall,0.11414239984145243,1.0,0.9999139185100394
combined_overall,0.11414455402034407,1.0,0.9999139185100394
combined_overall,0.11415101655701897,1.0,0.9999139185100394
combined_overall,0.1141531707359106,1.0,0.9999139185100394
combined_overall,0.11417794379316436,1.0,0.9999139185100394
combined_overall,0.11418009797205599,1.0,0.9999139185100394
combined_overall,0.11419086886651415,1.0,0.9999139185100394
combined_overall,0.11419302304540578,1.0,0.9999139185100394
combined_overall,0.1141941001348516,1.0,0.9999139185100394
combined_overall,0.11419625431374324,1.0,0.9999139185100394
combined_overall,0.11420487102930976,1.0,0.9999139185100394
combined_overall,0.11422533572878026,1.0,0.9999139185100394
combined_overall,0.1142274899076719,1.0,0.9999139185100394
combined_overall,0.11424472333880495,1.0,0.9999139185100394
combined_overall,0.11424687751769658,1.0,0.9999139185100394
combined_overall,0.11425118587547985,1.0,0.9999139185100394
combined_overall,0.1142554942332631,1.0,0.9999139185100394
combined_overall,0.11426303385938381,1.0,0.9999139185100394
combined_overall,0.11426734221716708,1.0,0.9999139185100394
combined_overall,0.11428457564830014,1.0,0.9999139185100394
combined_overall,0.11428780691663759,1.0,0.9999139185100394
combined_overall,0.11429965490054156,1.0,0.9999139185100394
combined_overall,0.11430180907943319,1.0,0.9999139185100394
combined_overall,0.11430396325832483,1.0,0.9999139185100394
combined_overall,0.11430611743721646,1.0,0.9999139185100394
combined_overall,0.11434166138892839,1.0,0.9999139185100394
combined_overall,0.11434812392560328,1.0,0.9999139185100394
combined_overall,0.11437397407230286,1.0,0.9999139185100394
combined_overall,0.11437612825119449,1.0,0.9999139185100394
combined_overall,0.11438474496676101,1.0,0.9999139185100394
combined_overall,0.11438689914565266,1.0,0.9999139185100394
combined_overall,0.11439120750343591,1.0,0.9999139185100394
combined_overall,0.11439336168232754,1.0,0.9999139185100394
combined_overall,0.11439443877177337,1.0,0.9999139185100394
combined_overall,0.114396592950665,1.0,0.9999139185100394
combined_overall,0.11440628675567734,1.0,0.9999139185100394
combined_overall,0.1144105951134606,1.0,0.9999139185100394
combined_overall,0.11443321399182274,1.0,0.9999139185100394
combined_overall,0.11443967652849764,1.0,0.9999139185100394
combined_overall,0.11444290779683508,1.0,0.9999139185100394
combined_overall,0.11449245391134262,1.0,0.9999139185100394
combined_overall,0.11449460809023425,1.0,0.9999139185100394
combined_overall,0.11453661457862106,1.0,0.9999139185100394
combined_overall,0.1145387687575127,1.0,0.9999139185100394
combined_overall,0.11455061674141667,1.0,0.9999139185100394
combined_overall,0.11456677308310391,1.0,0.9999139185100394
combined_overall,0.11456892726199555,1.0,0.9999139185100394
combined_overall,0.114572158530333,1.0,0.9999139185100394
combined_overall,0.11457431270922462,1.0,0.9999139185100394
combined_overall,0.11459477740869513,1.0,0.9999139185100394
combined_overall,0.11459800867703257,1.0,0.9999139185100394
combined_overall,0.11460554830315328,1.0,0.9999139185100394
combined_overall,0.11460770248204492,1.0,0.9999139185100394
combined_overall,0.11461416501871982,1.0,0.9999139185100394
combined_overall,0.11461631919761145,1.0,0.9999139185100394
combined_overall,0.11461739628705726,1.0,0.9999139185100394
combined_overall,0.1146206275553947,1.0,0.9999139185100394
combined_overall,0.11462924427096123,1.0,0.9999139185100394
combined_overall,0.1146335526287445,1.0,0.9999139185100394
combined_overall,0.11467125075934806,1.0,0.9999139185100394
combined_overall,0.1146744820276855,1.0,0.9999139185100394
combined_overall,0.11469817799549346,1.0,0.9999139185100394
combined_overall,0.11470033217438509,1.0,0.9999139185100394
combined_overall,0.11470248635327672,1.0,0.9999139185100394
combined_overall,0.11470571762161418,1.0,0.9999139185100394
combined_overall,0.11471325724773489,1.0,0.9999139185100394
combined_overall,0.11471648851607233,1.0,0.9999139185100394
combined_overall,0.11472618232108467,1.0,0.9999139185100394
combined_overall,0.11473049067886794,1.0,0.9999139185100394
combined_overall,0.1147821909722671,1.0,0.9999139185100394
combined_overall,0.11478865350894199,1.0,0.9999139185100394
combined_overall,0.11479296186672526,1.0,0.9999139185100394
combined_overall,0.11479511604561689,1.0,0.9999139185100394
combined_overall,0.1148155807450874,1.0,0.9999139185100394
combined_overall,0.11481773492397902,1.0,0.9999139185100394
combined_overall,0.11481881201342484,1.0,0.9999139185100394
combined_overall,0.1148231203712081,1.0,0.9999139185100394
combined_overall,0.11488559155906543,1.0,0.9999139185100394
combined_overall,0.11488882282740288,1.0,0.9999139185100394
combined_overall,0.11489851663241522,1.0,0.9999139185100394
combined_overall,0.11490174790075267,1.0,0.9999139185100394
combined_overall,0.11493513767357297,1.0,0.9999139185100394
combined_overall,0.1149372918524646,1.0,0.9999139185100394
combined_overall,0.11496637326750163,1.0,0.9999139185100394
combined_overall,0.11496852744639326,1.0,0.9999139185100394
combined_overall,0.11497498998306815,1.0,0.9999139185100394
combined_overall,0.11497714416195978,1.0,0.9999139185100394
combined_overall,0.11498145251974305,1.0,0.9999139185100394
combined_overall,0.11498360669863468,1.0,0.9999139185100394
combined_overall,0.11500191721921356,1.0,0.9999139185100394
combined_overall,0.11500407139810519,1.0,0.9999139185100394
combined_overall,0.11501268811367171,1.0,0.9999139185100394
combined_overall,0.11501591938200915,1.0,0.9999139185100394
combined_overall,0.11501699647145497,1.0,0.9999139185100394
combined_overall,0.11501915065034661,1.0,0.9999139185100394
combined_overall,0.11502345900812987,1.0,0.9999139185100394
combined_overall,0.11502561318702151,1.0,0.9999139185100394
combined_overall,0.11502884445535895,1.0,0.9999139185100394
combined_overall,0.11503207572369639,1.0,0.9999139185100394
combined_overall,0.11505792587039598,1.0,0.9999139185100394
combined_overall,0.11506008004928761,1.0,0.9999139185100394
combined_overall,0.11507731348042066,1.0,0.9999139185100394
combined_overall,0.1150794676593123,1.0,0.9999139185100394
combined_overall,0.11509670109044536,1.0,0.9999139185100394
combined_overall,0.11509885526933698,1.0,0.9999139185100394
combined_overall,0.1151613264571943,1.0,0.9999139185100394
combined_overall,0.11516348063608595,1.0,0.9999139185100394
combined_overall,0.11516671190442339,1.0,0.9999139185100394
combined_overall,0.11516886608331502,1.0,0.9999139185100394
combined_overall,0.11519794749835205,1.0,0.9999139185100394
combined_overall,0.11520333294558113,1.0,0.9999139185100394
combined_overall,0.11520441003502695,1.0,0.9999139185100394
combined_overall,0.11520656421391857,1.0,0.9999139185100394
combined_overall,0.11523133727117235,1.0,0.9999139185100394
combined_overall,0.11523349145006398,1.0,0.9999139185100394
combined_overall,0.11523779980784725,1.0,0.9999139185100394
combined_overall,0.11523995398673888,1.0,0.9999139185100394
combined_overall,0.11525287906008867,1.0,0.9999139185100394
combined_overall,0.11525611032842611,1.0,0.9999139185100394
combined_overall,0.11531858151628344,1.0,0.9999139185100394
combined_overall,0.11532073569517506,1.0,0.9999139185100394
combined_overall,0.11533689203686232,1.0,0.9999139185100394
combined_overall,0.11534227748409139,1.0,0.9999139185100394
combined_overall,0.1153433545735372,1.0,0.9999139185100394
combined_overall,0.11534550875242884,1.0,0.9999139185100394
combined_overall,0.11535951091522445,1.0,0.9999139185100394
combined_overall,0.11536166509411608,1.0,0.9999139185100394
combined_overall,0.11536812763079098,1.0,0.9999139185100394
combined_overall,0.1153702818096826,1.0,0.9999139185100394
combined_overall,0.11542198210308177,1.0,0.9999139185100394
combined_overall,0.1154241362819734,1.0,0.9999139185100394
combined_overall,0.11544567807088972,1.0,0.9999139185100394
combined_overall,0.11544783224978135,1.0,0.9999139185100394
combined_overall,0.11545752605479369,1.0,0.9999139185100394
combined_overall,0.11545968023368533,1.0,0.9999139185100394
combined_overall,0.11548876164872236,1.0,0.9999139185100394
combined_overall,0.11549091582761399,1.0,0.9999139185100394
combined_overall,0.11550814925874704,1.0,0.9999139185100394
combined_overall,0.11551245761653031,1.0,0.9999139185100394
combined_overall,0.11553076813710918,1.0,0.9999139185100394
combined_overall,0.1155329223160008,1.0,0.9999139185100394
combined_overall,0.11556738917826692,1.0,0.9999139185100394
combined_overall,0.11557169753605018,1.0,0.9999139185100394
combined_overall,0.11558785387773743,1.0,0.9999139185100394
combined_overall,0.11559000805662906,1.0,0.9999139185100394
combined_overall,0.11560293312997885,1.0,0.9999139185100394
combined_overall,0.11560508730887048,1.0,0.9999139185100394
combined_overall,0.11564817088670312,1.0,0.9999139185100394
combined_overall,0.11565032506559475,1.0,0.9999139185100394
combined_overall,0.115654633423378,1.0,0.9999139185100394
combined_overall,0.11565678760226965,1.0,0.9999139185100394
combined_overall,0.11573433804236839,1.0,0.9999139185100394
combined_overall,0.11573649222126002,1.0,0.9999139185100394
combined_overall,0.11574080057904329,1.0,0.9999139185100394
combined_overall,0.11574295475793492,1.0,0.9999139185100394
combined_overall,0.11576018818906797,1.0,0.9999139185100394
combined_overall,0.11576234236795961,1.0,0.9999139185100394
combined_overall,0.11576988199408032,1.0,0.9999139185100394
combined_overall,0.11577203617297195,1.0,0.9999139185100394
combined_overall,0.1157763445307552,1.0,0.9999139185100394
combined_overall,0.11577849870964685,1.0,0.9999139185100394
combined_overall,0.11579034669355082,1.0,0.9999139185100394
combined_overall,0.11579357796188827,1.0,0.9999139185100394
combined_overall,0.1157957321407799,1.0,0.9999139185100394
combined_overall,0.11581511975080458,1.0,0.9999139185100394
combined_overall,0.11581727392969622,1.0,0.9999139185100394
combined_overall,0.11583989280805836,1.0,0.9999139185100394
combined_overall,0.1158431240763958,1.0,0.9999139185100394
combined_overall,0.11584527825528743,1.0,0.9999139185100394
combined_overall,0.11586574295475793,1.0,0.9999139185100394
combined_overall,0.11586897422309539,1.0,0.9999139185100394
combined_overall,0.11587543675977027,1.0,0.9999139185100394
combined_overall,0.11587974511755354,1.0,0.9999139185100394
combined_overall,0.11594652466319413,1.0,0.9999139185100394
combined_overall,0.11595083302097739,1.0,0.9999139185100394
combined_overall,0.11598960824102676,1.0,0.9999139185100394
combined_overall,0.11599283950936422,1.0,0.9999139185100394
combined_overall,0.11604130853442593,1.0,0.9999139185100394
combined_overall,0.11605100233943827,1.0,0.9999139185100394
combined_overall,0.11607685248613786,1.0,0.9999139185100394
combined_overall,0.11608116084392112,1.0,0.9999139185100394
combined_overall,0.11612209024286213,1.0,0.9999139185100394
combined_overall,0.11612424442175376,1.0,0.9999139185100394
combined_overall,0.11613932367399518,1.0,0.9999139185100394
combined_overall,0.11614147785288681,1.0,0.9999139185100394
combined_overall,0.11614255494233264,1.0,0.9999139185100394
combined_overall,0.11614794038956171,1.0,0.9999139185100394
combined_overall,0.11614901747900752,1.0,0.9999139185100394
combined_overall,0.11615332583679079,1.0,0.9999139185100394
combined_overall,0.11615548001568242,1.0,0.9999139185100394
combined_overall,0.11620287195129832,1.0,0.9999139185100394
combined_overall,0.1162082573985274,1.0,0.9999139185100394
combined_overall,0.11621902829298557,1.0,0.9999139185100394
combined_overall,0.1162211824718772,1.0,0.9999139185100394
combined_overall,0.11624380135023933,1.0,0.9999139185100394
combined_overall,0.11624595552913096,1.0,0.9999139185100394
combined_overall,0.11625995769192657,1.0,0.9999139185100394
combined_overall,0.1162621118708182,1.0,0.9999139185100394
combined_overall,0.11626642022860147,1.0,0.9999139185100394
combined_overall,0.11626749731804728,1.0,0.9999139185100394
combined_overall,0.11627180567583055,1.0,0.9999139185100394
combined_overall,0.11631812052200063,1.0,0.9999139185100394
combined_overall,0.11632135179033808,1.0,0.9999139185100394
combined_overall,0.11633319977424206,1.0,0.9999139185100394
combined_overall,0.1163364310425795,1.0,0.9999139185100394
combined_overall,0.11634397066870021,1.0,0.9999139185100394
combined_overall,0.11634612484759184,1.0,0.9999139185100394
combined_overall,0.11635043320537511,1.0,0.9999139185100394
combined_overall,0.11637305208373724,1.0,0.9999139185100394
combined_overall,0.1163773604415205,1.0,0.9999139185100394
combined_overall,0.11637843753096633,1.0,0.9999139185100394
combined_overall,0.11638274588874958,1.0,0.9999139185100394
combined_overall,0.1163902855148703,1.0,0.9999139185100394
combined_overall,0.11639459387265357,1.0,0.9999139185100394
combined_overall,0.1164042876776659,1.0,0.9999139185100394
combined_overall,0.11640644185655753,1.0,0.9999139185100394
combined_overall,0.1164107502143408,1.0,0.9999139185100394
combined_overall,0.11641290439323243,1.0,0.9999139185100394
combined_overall,0.11642582946658223,1.0,0.9999139185100394
combined_overall,0.11642798364547385,1.0,0.9999139185100394
combined_overall,0.11643875453993201,1.0,0.9999139185100394
combined_overall,0.11644090871882365,1.0,0.9999139185100394
combined_overall,0.11646352759718578,1.0,0.9999139185100394
combined_overall,0.11646568177607741,1.0,0.9999139185100394
combined_overall,0.1165259987850431,1.0,0.9999139185100394
combined_overall,0.11652815296393473,1.0,0.9999139185100394
combined_overall,0.11654861766340524,1.0,0.9999139185100394
combined_overall,0.11655184893174268,1.0,0.9999139185100394
combined_overall,0.11656154273675504,1.0,0.9999139185100394
combined_overall,0.11656369691564666,1.0,0.9999139185100394
combined_overall,0.11658200743622553,1.0,0.9999139185100394
combined_overall,0.11659062415179205,1.0,0.9999139185100394
combined_overall,0.1166810996652406,1.0,0.9999139185100394
combined_overall,0.11668325384413224,1.0,0.9999139185100394
combined_overall,0.11668648511246968,1.0,0.9999139185100394
combined_overall,0.1166886392913613,1.0,0.9999139185100394
combined_overall,0.11670371854360273,1.0,0.9999139185100394
combined_overall,0.11670587272249437,1.0,0.9999139185100394
combined_overall,0.11670694981194019,1.0,0.9999139185100394
combined_overall,0.11670910399083181,1.0,0.9999139185100394
combined_overall,0.11672418324307324,1.0,0.9999139185100394
combined_overall,0.11673064577974814,1.0,0.9999139185100394
combined_overall,0.11676942099979751,1.0,0.9999139185100394
combined_overall,0.11677480644702659,1.0,0.9999139185100394
combined_overall,0.11677803771536403,1.0,0.9999139185100394
combined_overall,0.11678019189425566,1.0,0.9999139185100394
combined_overall,0.11678665443093056,1.0,0.9999139185100394
combined_overall,0.11678988569926801,1.0,0.9999139185100394
combined_overall,0.11682542965097993,1.0,0.9999139185100394
combined_overall,0.1168297380087632,1.0,0.9999139185100394
combined_overall,0.11688036121271655,1.0,0.9999139185100394
combined_overall,0.11688251539160818,1.0,0.9999139185100394
combined_overall,0.11688574665994562,1.0,0.9999139185100394
combined_overall,0.11698376179951488,1.0,0.9999139185100394
combined_overall,0.11698914724674396,1.0,0.9999139185100394
combined_overall,0.11700853485676864,1.0,0.9999139185100394
combined_overall,0.11701068903566028,1.0,0.9999139185100394
combined_overall,0.11706346641850526,1.0,0.9999139185100394
combined_overall,0.1170666976868427,1.0,0.9999139185100394
combined_overall,0.1170796227601925,1.0,0.9999139185100394
combined_overall,0.1170860852968674,1.0,0.9999139185100394
combined_overall,0.11709039365465065,1.0,0.9999139185100394
combined_overall,0.11709254783354228,1.0,0.9999139185100394
combined_overall,0.11709362492298811,1.0,0.9999139185100394
combined_overall,0.11709793328077137,1.0,0.9999139185100394
combined_overall,0.11711301253301279,1.0,0.9999139185100394
combined_overall,0.11711516671190442,1.0,0.9999139185100394
combined_overall,0.11714640230583309,1.0,0.9999139185100394
combined_overall,0.11714855648472472,1.0,0.9999139185100394
combined_overall,0.11715286484250798,1.0,0.9999139185100394
combined_overall,0.11715501902139962,1.0,0.9999139185100394
combined_overall,0.11717979207865338,1.0,0.9999139185100394
combined_overall,0.11718194625754501,1.0,0.9999139185100394
combined_overall,0.11719702550978643,1.0,0.9999139185100394
combined_overall,0.11722072147759438,1.0,0.9999139185100394
combined_overall,0.11722287565648602,1.0,0.9999139185100394
combined_overall,0.11722395274593184,1.0,0.9999139185100394
combined_overall,0.11722610692482346,1.0,0.9999139185100394
combined_overall,0.11723795490872745,1.0,0.9999139185100394
combined_overall,0.11724010908761907,1.0,0.9999139185100394
combined_overall,0.1172422632665107,1.0,0.9999139185100394
combined_overall,0.11724441744540233,1.0,0.9999139185100394
combined_overall,0.11724980289263141,1.0,0.9999139185100394
combined_overall,0.11725195707152304,1.0,0.9999139185100394
combined_overall,0.11726488214487284,1.0,0.9999139185100394
combined_overall,0.11726703632376446,1.0,0.9999139185100394
combined_overall,0.1172691905026561,1.0,0.9999139185100394
combined_overall,0.11727457594988518,1.0,0.9999139185100394
combined_overall,0.11729827191769314,1.0,0.9999139185100394
combined_overall,0.11730150318603058,1.0,0.9999139185100394
combined_overall,0.1173230449749469,1.0,0.9999139185100394
combined_overall,0.11732519915383853,1.0,0.9999139185100394
combined_overall,0.11733920131663414,1.0,0.9999139185100394
combined_overall,0.11734781803220067,1.0,0.9999139185100394
combined_overall,0.11735535765832138,1.0,0.9999139185100394
combined_overall,0.117357511837213,1.0,0.9999139185100394
combined_overall,0.11736612855277953,1.0,0.9999139185100394
combined_overall,0.11737259108945443,1.0,0.9999139185100394
combined_overall,0.11739844123615402,1.0,0.9999139185100394
combined_overall,0.11740059541504565,1.0,0.9999139185100394
combined_overall,0.11743721645620339,1.0,0.9999139185100394
combined_overall,0.11743937063509502,1.0,0.9999139185100394
combined_overall,0.117451218618999,1.0,0.9999139185100394
combined_overall,0.11745660406622807,1.0,0.9999139185100394
combined_overall,0.11747706876569858,1.0,0.9999139185100394
combined_overall,0.1174792229445902,1.0,0.9999139185100394
combined_overall,0.11749107092849419,1.0,0.9999139185100394
combined_overall,0.11749322510738582,1.0,0.9999139185100394
combined_overall,0.117533077416881,1.0,0.9999139185100394
combined_overall,0.11753523159577264,1.0,0.9999139185100394
combined_overall,0.11753630868521846,1.0,0.9999139185100394
combined_overall,0.11753846286411009,1.0,0.9999139185100394
combined_overall,0.11754923375856825,1.0,0.9999139185100394
combined_overall,0.11755461920579732,1.0,0.9999139185100394
combined_overall,0.11757616099471364,1.0,0.9999139185100394
combined_overall,0.11758585479972598,1.0,0.9999139185100394
combined_overall,0.11758693188917181,1.0,0.9999139185100394
combined_overall,0.11759016315750925,1.0,0.9999139185100394
combined_overall,0.11761924457254629,1.0,0.9999139185100394
combined_overall,0.11762355293032954,1.0,0.9999139185100394
combined_overall,0.11766663650816218,1.0,0.9999139185100394
combined_overall,0.11767094486594545,1.0,0.9999139185100394
combined_overall,0.11768279284984942,1.0,0.9999139185100394
combined_overall,0.11768602411818688,1.0,0.9999139185100394
combined_overall,0.11772803060657369,1.0,0.9999139185100394
combined_overall,0.11773126187491113,1.0,0.9999139185100394
combined_overall,0.11774095567992349,1.0,0.9999139185100394
combined_overall,0.11774418694826093,1.0,0.9999139185100394
combined_overall,0.1177894247049852,1.0,0.9999139185100394
combined_overall,0.11779804142055172,1.0,0.9999139185100394
combined_overall,0.11780342686778081,1.0,0.9999139185100394
combined_overall,0.11780558104667244,1.0,0.9999139185100394
combined_overall,0.11780881231500989,1.0,0.9999139185100394
combined_overall,0.11781096649390152,1.0,0.9999139185100394
combined_overall,0.11781419776223896,1.0,0.9999139185100394
combined_overall,0.1178163519411306,1.0,0.9999139185100394
combined_overall,0.11781850612002223,1.0,0.9999139185100394
combined_overall,0.11782066029891386,1.0,0.9999139185100394
combined_overall,0.11783358537226366,1.0,0.9999139185100394
combined_overall,0.11783573955115528,1.0,0.9999139185100394
combined_overall,0.11783897081949274,1.0,0.9999139185100394
combined_overall,0.117843279177276,1.0,0.9999139185100394
combined_overall,0.11784543335616764,1.0,0.9999139185100394
combined_overall,0.11784758753505926,1.0,0.9999139185100394
combined_overall,0.11787343768175884,1.0,0.9999139185100394
combined_overall,0.11787559186065047,1.0,0.9999139185100394
combined_overall,0.11789174820233772,1.0,0.9999139185100394
combined_overall,0.11789390238122935,1.0,0.9999139185100394
combined_overall,0.11792729215404964,1.0,0.9999139185100394
combined_overall,0.11792944633294128,1.0,0.9999139185100394
combined_overall,0.11799514878913604,1.0,0.9999139185100394
combined_overall,0.11799945714691931,1.0,0.9999139185100394
combined_overall,0.11807054505034316,1.0,0.9999139185100394
combined_overall,0.11807916176590968,1.0,0.9999139185100394
combined_overall,0.11808347012369295,1.0,0.9999139185100394
combined_overall,0.11808562430258458,1.0,0.9999139185100394
combined_overall,0.118100703554826,1.0,0.9999139185100394
combined_overall,0.11810285773371763,1.0,0.9999139185100394
combined_overall,0.11811470571762162,1.0,0.9999139185100394
combined_overall,0.11811685989651324,1.0,0.9999139185100394
combined_overall,0.11818579362104546,1.0,0.9999139185100394
combined_overall,0.11819225615772036,1.0,0.9999139185100394
combined_overall,0.11820518123107016,1.0,0.9999139185100394
combined_overall,0.11820733540996178,1.0,0.9999139185100394
combined_overall,0.11826442115059004,1.0,0.9999139185100394
combined_overall,0.11826657532948166,1.0,0.9999139185100394
combined_overall,0.11832581524900154,1.0,0.9999139185100394
combined_overall,0.1183301236067848,1.0,0.9999139185100394
combined_overall,0.11835812793237602,1.0,0.9999139185100394
combined_overall,0.11836243629015929,1.0,0.9999139185100394
combined_overall,0.11838720934741305,1.0,0.9999139185100394
combined_overall,0.1183915177051963,1.0,0.9999139185100394
combined_overall,0.11840121151020866,1.0,0.9999139185100394
combined_overall,0.11840336568910029,1.0,0.9999139185100394
combined_overall,0.11840767404688354,1.0,0.9999139185100394
combined_overall,0.11841305949411263,1.0,0.9999139185100394
combined_overall,0.1184647597875118,1.0,0.9999139185100394
combined_overall,0.11846691396640342,1.0,0.9999139185100394
combined_overall,0.11851861425980259,1.0,0.9999139185100394
combined_overall,0.11852076843869422,1.0,0.9999139185100394
combined_overall,0.11857570000043084,1.0,0.9999139185100394
combined_overall,0.118586470894889,1.0,0.9999139185100394
combined_overall,0.11864894208274632,1.0,0.9999139185100394
combined_overall,0.11865540461942121,1.0,0.9999139185100394
combined_overall,0.11868233185556662,1.0,0.9999139185100394
combined_overall,0.11869310275002477,1.0,0.9999139185100394
combined_overall,0.1187286467017367,1.0,0.9999139185100394
combined_overall,0.11873080088062833,1.0,0.9999139185100394
combined_overall,0.11873941759619486,1.0,0.9999139185100394
combined_overall,0.11874695722231557,1.0,0.9999139185100394
combined_overall,0.11874803431176138,1.0,0.9999139185100394
combined_overall,0.11875018849065301,1.0,0.9999139185100394
combined_overall,0.11879434915793147,1.0,0.9999139185100394
combined_overall,0.11879865751571474,1.0,0.9999139185100394
combined_overall,0.11880188878405218,1.0,0.9999139185100394
combined_overall,0.11880619714183545,1.0,0.9999139185100394
combined_overall,0.11882666184130596,1.0,0.9999139185100394
combined_overall,0.11882881602019758,1.0,0.9999139185100394
combined_overall,0.1188568203457888,1.0,0.9999139185100394
combined_overall,0.11889236429750072,1.0,0.9999139185100394
combined_overall,0.11889667265528399,1.0,0.9999139185100394
combined_overall,0.11890959772863377,1.0,0.9999139185100394
combined_overall,0.11898391690039507,1.0,0.9999139185100394
combined_overall,0.11898607107928671,1.0,0.9999139185100394
combined_overall,0.11899791906319068,1.0,0.9999139185100394
combined_overall,0.11900007324208231,1.0,0.9999139185100394
combined_overall,0.11901730667321538,1.0,0.9999139185100394
combined_overall,0.119019460852107,1.0,0.9999139185100394
combined_overall,0.11902053794155282,1.0,0.9999139185100394
combined_overall,0.11902269212044445,1.0,0.9999139185100394
combined_overall,0.11903130883601097,1.0,0.9999139185100394
combined_overall,0.11903561719379424,1.0,0.9999139185100394
combined_overall,0.11904100264102332,1.0,0.9999139185100394
combined_overall,0.1190463880882524,1.0,0.9999139185100394
combined_overall,0.11905069644603566,1.0,0.9999139185100394
combined_overall,0.11905285062492729,1.0,0.9999139185100394
combined_overall,0.11907008405606036,1.0,0.9999139185100394
combined_overall,0.11907223823495199,1.0,0.9999139185100394
combined_overall,0.1190937800238683,1.0,0.9999139185100394
combined_overall,0.11909593420275993,1.0,0.9999139185100394
combined_overall,0.11910993636555554,1.0,0.9999139185100394
combined_overall,0.11911209054444717,1.0,0.9999139185100394
combined_overall,0.1191142447233388,1.0,0.9999139185100394
combined_overall,0.11911639890223044,1.0,0.9999139185100394
combined_overall,0.11912393852835115,1.0,0.9999139185100394
combined_overall,0.11912609270724278,1.0,0.9999139185100394
combined_overall,0.11913040106502605,1.0,0.9999139185100394
combined_overall,0.11913578651225512,1.0,0.9999139185100394
combined_overall,0.11913794069114675,1.0,0.9999139185100394
combined_overall,0.11913901778059258,1.0,0.9999139185100394
combined_overall,0.1191411719594842,1.0,0.9999139185100394
combined_overall,0.11915194285394236,1.0,0.9999139185100394
combined_overall,0.119154097032834,1.0,0.9999139185100394
combined_overall,0.11919394934232919,1.0,0.9999139185100394
combined_overall,0.11919610352122081,1.0,0.9999139185100394
combined_overall,0.11925318926184907,1.0,0.9999139185100394
combined_overall,0.11925749761963232,1.0,0.9999139185100394
combined_overall,0.11926072888796978,1.0,0.9999139185100394
combined_overall,0.11926396015630722,1.0,0.9999139185100394
combined_overall,0.11929950410801915,1.0,0.9999139185100394
combined_overall,0.11930165828691078,1.0,0.9999139185100394
combined_overall,0.11932212298638128,1.0,0.9999139185100394
combined_overall,0.11932427716527291,1.0,0.9999139185100394
combined_overall,0.11936843783255137,1.0,0.9999139185100394
combined_overall,0.119370592011443,1.0,0.9999139185100394
combined_overall,0.1193770545481179,1.0,0.9999139185100394
combined_overall,0.11937920872700952,1.0,0.9999139185100394
combined_overall,0.11940290469481747,1.0,0.9999139185100394
combined_overall,0.11940613596315493,1.0,0.9999139185100394
combined_overall,0.11940829014204656,1.0,0.9999139185100394
combined_overall,0.11941044432093818,1.0,0.9999139185100394
combined_overall,0.11944060282542103,1.0,0.9999139185100394
combined_overall,0.11944275700431267,1.0,0.9999139185100394
combined_overall,0.11945891334599991,1.0,0.9999139185100394
combined_overall,0.11946106752489154,1.0,0.9999139185100394
combined_overall,0.11947722386657877,1.0,0.9999139185100394
combined_overall,0.1194793780454704,1.0,0.9999139185100394
combined_overall,0.11954077214388191,1.0,0.9999139185100394
combined_overall,0.11954292632277355,1.0,0.9999139185100394
combined_overall,0.11955585139612333,1.0,0.9999139185100394
combined_overall,0.11955800557501498,1.0,0.9999139185100394
combined_overall,0.1195795473639313,1.0,0.9999139185100394
combined_overall,0.11958170154282292,1.0,0.9999139185100394
combined_overall,0.11958493281116037,1.0,0.9999139185100394
combined_overall,0.11958708699005201,1.0,0.9999139185100394
combined_overall,0.11959785788451016,1.0,0.9999139185100394
combined_overall,0.1196010891528476,1.0,0.9999139185100394
combined_overall,0.11961939967342648,1.0,0.9999139185100394
combined_overall,0.11962155385231811,1.0,0.9999139185100394
combined_overall,0.11962801638899301,1.0,0.9999139185100394
combined_overall,0.11963017056788464,1.0,0.9999139185100394
combined_overall,0.11965709780403004,1.0,0.9999139185100394
combined_overall,0.11965925198292167,1.0,0.9999139185100394
combined_overall,0.11970018138186267,1.0,0.9999139185100394
combined_overall,0.11970233556075431,1.0,0.9999139185100394
combined_overall,0.11979173398475702,1.0,0.9999139185100394
combined_overall,0.11979388816364867,1.0,0.9999139185100394
combined_overall,0.11980250487921519,1.0,0.9999139185100394
combined_overall,0.11980465905810682,1.0,0.9999139185100394
combined_overall,0.11984558845704783,1.0,0.9999139185100394
combined_overall,0.11984774263593946,1.0,0.9999139185100394
combined_overall,0.11986066770928926,1.0,0.9999139185100394
combined_overall,0.11986282188818088,1.0,0.9999139185100394
combined_overall,0.11986605315651833,1.0,0.9999139185100394
combined_overall,0.11986820733540997,1.0,0.9999139185100394
combined_overall,0.11987897822986812,1.0,0.9999139185100394
combined_overall,0.11988113240875975,1.0,0.9999139185100394
combined_overall,0.11988220949820556,1.0,0.9999139185100394
combined_overall,0.1198843636770972,1.0,0.9999139185100394
combined_overall,0.11989836583989281,1.0,0.9999139185100394
combined_overall,0.11990052001878444,1.0,0.9999139185100394
combined_overall,0.11992637016548402,1.0,0.9999139185100394
combined_overall,0.11992852434437565,1.0,0.9999139185100394
combined_overall,0.11992960143382148,1.0,0.9999139185100394
combined_overall,0.1199317556127131,1.0,0.9999139185100394
combined_overall,0.11993714105994219,1.0,0.9999139185100394
combined_overall,0.11993929523883382,1.0,0.9999139185100394
combined_overall,0.11998776426389553,1.0,0.9999139185100394
combined_overall,0.11998991844278717,1.0,0.9999139185100394
combined_overall,0.11999961224779951,1.0,0.9999139185100394
combined_overall,0.12000176642669114,1.0,0.9999139185100394
combined_overall,0.12001038314225766,1.0,0.9999139185100394
combined_overall,0.1200125373211493,1.0,0.9999139185100394
combined_overall,0.12001576858948675,1.0,0.9999139185100394
combined_overall,0.12002223112616164,1.0,0.9999139185100394
combined_overall,0.12002438530505327,1.0,0.9999139185100394
combined_overall,0.12003515619951144,1.0,0.9999139185100394
combined_overall,0.12003731037840307,1.0,0.9999139185100394
combined_overall,0.12004377291507796,1.0,0.9999139185100394
combined_overall,0.12004592709396959,1.0,0.9999139185100394
combined_overall,0.12005023545175285,1.0,0.9999139185100394
combined_overall,0.1200534667200903,1.0,0.9999139185100394
combined_overall,0.12005669798842775,1.0,0.9999139185100394
combined_overall,0.12005885216731939,1.0,0.9999139185100394
combined_overall,0.1200599292567652,1.0,0.9999139185100394
combined_overall,0.12006423761454846,1.0,0.9999139185100394
combined_overall,0.12008470231401897,1.0,0.9999139185100394
combined_overall,0.12008685649291059,1.0,0.9999139185100394
combined_overall,0.12009978156626039,1.0,0.9999139185100394
combined_overall,0.12010193574515202,1.0,0.9999139185100394
combined_overall,0.12011809208683925,1.0,0.9999139185100394
combined_overall,0.1201202462657309,1.0,0.9999139185100394
combined_overall,0.12013209424963486,1.0,0.9999139185100394
combined_overall,0.1201342484285265,1.0,0.9999139185100394
combined_overall,0.12013747969686395,1.0,0.9999139185100394
combined_overall,0.12014932768076793,1.0,0.9999139185100394
combined_overall,0.12015148185965956,1.0,0.9999139185100394
combined_overall,0.120154713127997,1.0,0.9999139185100394
combined_overall,0.12016009857522608,1.0,0.9999139185100394
combined_overall,0.12016225275411771,1.0,0.9999139185100394
combined_overall,0.12016548402245517,1.0,0.9999139185100394
combined_overall,0.1201676382013468,1.0,0.9999139185100394
combined_overall,0.1201751778274675,1.0,0.9999139185100394
combined_overall,0.12017733200635913,1.0,0.9999139185100394
combined_overall,0.12019025707970893,1.0,0.9999139185100394
combined_overall,0.12019241125860056,1.0,0.9999139185100394
combined_overall,0.12019348834804637,1.0,0.9999139185100394
combined_overall,0.12019564252693801,1.0,0.9999139185100394
combined_overall,0.12020318215305872,1.0,0.9999139185100394
combined_overall,0.12020533633195035,1.0,0.9999139185100394
combined_overall,0.12020641342139617,1.0,0.9999139185100394
combined_overall,0.1202085676002878,1.0,0.9999139185100394
combined_overall,0.12021503013696269,1.0,0.9999139185100394
combined_overall,0.12021718431585432,1.0,0.9999139185100394
combined_overall,0.12022364685252922,1.0,0.9999139185100394
combined_overall,0.1202290322997583,1.0,0.9999139185100394
combined_overall,0.12023226356809574,1.0,0.9999139185100394
combined_overall,0.12023980319421645,1.0,0.9999139185100394
combined_overall,0.12024303446255391,1.0,0.9999139185100394
combined_overall,0.12026242207257859,1.0,0.9999139185100394
combined_overall,0.12026673043036186,1.0,0.9999139185100394
combined_overall,0.12030658273985705,1.0,0.9999139185100394
combined_overall,0.12030873691874867,1.0,0.9999139185100394
combined_overall,0.12031627654486939,1.0,0.9999139185100394
combined_overall,0.12031843072376103,1.0,0.9999139185100394
combined_overall,0.12032812452877337,1.0,0.9999139185100394
combined_overall,0.120330278707665,1.0,0.9999139185100394
combined_overall,0.12033350997600245,1.0,0.9999139185100394
combined_overall,0.12033566415489408,1.0,0.9999139185100394
combined_overall,0.12033889542323152,1.0,0.9999139185100394
combined_overall,0.12034104960212316,1.0,0.9999139185100394
combined_overall,0.12034858922824387,1.0,0.9999139185100394
combined_overall,0.12035182049658132,1.0,0.9999139185100394
combined_overall,0.12035289758602713,1.0,0.9999139185100394
combined_overall,0.12035505176491877,1.0,0.9999139185100394
combined_overall,0.12035936012270203,1.0,0.9999139185100394
combined_overall,0.12038736444829325,1.0,0.9999139185100394
combined_overall,0.12038951862718487,1.0,0.9999139185100394
combined_overall,0.12039382698496814,1.0,0.9999139185100394
combined_overall,0.12039705825330559,1.0,0.9999139185100394
combined_overall,0.12039921243219721,1.0,0.9999139185100394
combined_overall,0.12040028952164304,1.0,0.9999139185100394
combined_overall,0.12040244370053467,1.0,0.9999139185100394
combined_overall,0.12040567496887211,1.0,0.9999139185100394
combined_overall,0.12041213750554701,1.0,0.9999139185100394
combined_overall,0.12041429168443864,1.0,0.9999139185100394
combined_overall,0.12042290840000518,1.0,0.9999139185100394
combined_overall,0.1204250625788968,1.0,0.9999139185100394
combined_overall,0.12042613966834262,1.0,0.9999139185100394
combined_overall,0.12042829384723425,1.0,0.9999139185100394
combined_overall,0.1204315251155717,1.0,0.9999139185100394
combined_overall,0.12044445018892148,1.0,0.9999139185100394
combined_overall,0.12044660436781313,1.0,0.9999139185100394
combined_overall,0.12044983563615057,1.0,0.9999139185100394
combined_overall,0.1204519898150422,1.0,0.9999139185100394
combined_overall,0.12045306690448801,1.0,0.9999139185100394
combined_overall,0.12045522108337965,1.0,0.9999139185100394
combined_overall,0.12045737526227128,1.0,0.9999139185100394
combined_overall,0.12045952944116291,1.0,0.9999139185100394
combined_overall,0.12046168362005455,1.0,0.9999139185100394
combined_overall,0.1204659919778378,1.0,0.9999139185100394
combined_overall,0.12047137742506689,1.0,0.9999139185100394
combined_overall,0.12047353160395852,1.0,0.9999139185100394
combined_overall,0.12047568578285014,1.0,0.9999139185100394
combined_overall,0.12047783996174179,1.0,0.9999139185100394
combined_overall,0.12048968794564575,1.0,0.9999139185100394
combined_overall,0.1204918421245374,1.0,0.9999139185100394
combined_overall,0.12049722757176647,1.0,0.9999139185100394
combined_overall,0.12049938175065811,1.0,0.9999139185100394
combined_overall,0.12050153592954974,1.0,0.9999139185100394
combined_overall,0.12050369010844136,1.0,0.9999139185100394
combined_overall,0.12050476719788718,1.0,0.9999139185100394
combined_overall,0.12050907555567045,1.0,0.9999139185100394
combined_overall,0.1205263089868035,1.0,0.9999139185100394
combined_overall,0.12052846316569513,1.0,0.9999139185100394
combined_overall,0.12052954025514095,1.0,0.9999139185100394
combined_overall,0.12053169443403258,1.0,0.9999139185100394
combined_overall,0.12054461950738238,1.0,0.9999139185100394
combined_overall,0.120546773686274,1.0,0.9999139185100394
combined_overall,0.12055108204405726,1.0,0.9999139185100394
combined_overall,0.1205532362229489,1.0,0.9999139185100394
combined_overall,0.12055431331239472,1.0,0.9999139185100394
combined_overall,0.12055646749128635,1.0,0.9999139185100394
combined_overall,0.12056185293851543,1.0,0.9999139185100394
combined_overall,0.12056400711740706,1.0,0.9999139185100394
combined_overall,0.12057046965408195,1.0,0.9999139185100394
combined_overall,0.1205737009224194,1.0,0.9999139185100394
combined_overall,0.1205801634590943,1.0,0.9999139185100394
combined_overall,0.12058339472743175,1.0,0.9999139185100394
combined_overall,0.12058447181687756,1.0,0.9999139185100394
combined_overall,0.12058662599576919,1.0,0.9999139185100394
combined_overall,0.12059201144299828,1.0,0.9999139185100394
combined_overall,0.1205941656218899,1.0,0.9999139185100394
combined_overall,0.12059524271133572,1.0,0.9999139185100394
combined_overall,0.12059739689022735,1.0,0.9999139185100394
combined_overall,0.12059955106911899,1.0,0.9999139185100394
combined_overall,0.12060278233745643,1.0,0.9999139185100394
combined_overall,0.12060385942690224,1.0,0.9999139185100394
combined_overall,0.12061032196357714,1.0,0.9999139185100394
combined_overall,0.12061247614246877,1.0,0.9999139185100394
combined_overall,0.12061463032136041,1.0,0.9999139185100394
combined_overall,0.12062001576858948,1.0,0.9999139185100394
combined_overall,0.12062216994748112,1.0,0.9999139185100394
combined_overall,0.12062432412637275,1.0,0.9999139185100394
combined_overall,0.12062647830526438,1.0,0.9999139185100394
combined_overall,0.12063832628916836,1.0,0.9999139185100394
combined_overall,0.12064048046805999,1.0,0.9999139185100394
combined_overall,0.12065017427307233,1.0,0.9999139185100394
combined_overall,0.1206544826308556,1.0,0.9999139185100394
combined_overall,0.12066633061475958,1.0,0.9999139185100394
combined_overall,0.1206684847936512,1.0,0.9999139185100394
combined_overall,0.12066956188309702,1.0,0.9999139185100394
combined_overall,0.12067279315143446,1.0,0.9999139185100394
combined_overall,0.12067387024088029,1.0,0.9999139185100394
combined_overall,0.12067602441977192,1.0,0.9999139185100394
combined_overall,0.12067925568810936,1.0,0.9999139185100394
combined_overall,0.120681409867001,1.0,0.9999139185100394
combined_overall,0.12069002658256753,1.0,0.9999139185100394
combined_overall,0.12069218076145916,1.0,0.9999139185100394
combined_overall,0.12069325785090497,1.0,0.9999139185100394
combined_overall,0.1206954120297966,1.0,0.9999139185100394
combined_overall,0.12069648911924241,1.0,0.9999139185100394
combined_overall,0.12069864329813405,1.0,0.9999139185100394
combined_overall,0.1207018745664715,1.0,0.9999139185100394
combined_overall,0.1207083371031464,1.0,0.9999139185100394
combined_overall,0.12070941419259221,1.0,0.9999139185100394
combined_overall,0.12071264546092966,1.0,0.9999139185100394
combined_overall,0.12071479963982129,1.0,0.9999139185100394
combined_overall,0.12071695381871292,1.0,0.9999139185100394
combined_overall,0.12071910799760455,1.0,0.9999139185100394
combined_overall,0.120722339265942,1.0,0.9999139185100394
combined_overall,0.12072449344483363,1.0,0.9999139185100394
combined_overall,0.12072664762372526,1.0,0.9999139185100394
combined_overall,0.1207288018026169,1.0,0.9999139185100394
combined_overall,0.12073418724984597,1.0,0.9999139185100394
combined_overall,0.12073634142873761,1.0,0.9999139185100394
combined_overall,0.12073957269707505,1.0,0.9999139185100394
combined_overall,0.12074280396541251,1.0,0.9999139185100394
combined_overall,0.12075465194931648,1.0,0.9999139185100394
combined_overall,0.12075788321765393,1.0,0.9999139185100394
combined_overall,0.12076219157543719,1.0,0.9999139185100394
combined_overall,0.12076434575432882,1.0,0.9999139185100394
combined_overall,0.12076542284377464,1.0,0.9999139185100394
combined_overall,0.12076757702266627,1.0,0.9999139185100394
combined_overall,0.1207697312015579,1.0,0.9999139185100394
combined_overall,0.1207761937382328,1.0,0.9999139185100394
combined_overall,0.12077727082767861,1.0,0.9999139185100394
combined_overall,0.12077942500657024,1.0,0.9999139185100394
combined_overall,0.12078373336435351,1.0,0.9999139185100394
combined_overall,0.12078588754324514,1.0,0.9999139185100394
combined_overall,0.12078696463269095,1.0,0.9999139185100394
combined_overall,0.1207891188115826,1.0,0.9999139185100394
combined_overall,0.12079235007992004,1.0,0.9999139185100394
combined_overall,0.12079450425881166,1.0,0.9999139185100394
combined_overall,0.12079881261659493,1.0,0.9999139185100394
combined_overall,0.12080096679548656,1.0,0.9999139185100394
combined_overall,0.12080204388493238,1.0,0.9999139185100394
combined_overall,0.12080419806382402,1.0,0.9999139185100394
combined_overall,0.12080850642160727,1.0,0.9999139185100394
combined_overall,0.12081173768994473,1.0,0.9999139185100394
combined_overall,0.12081496895828217,1.0,0.9999139185100394
combined_overall,0.12082681694218615,1.0,0.9999139185100394
combined_overall,0.12083112529996941,1.0,0.9999139185100394
combined_overall,0.12084081910498175,1.0,0.9999139185100394
combined_overall,0.12084297328387339,1.0,0.9999139185100394
combined_overall,0.12084620455221083,1.0,0.9999139185100394
combined_overall,0.12084835873110246,1.0,0.9999139185100394
combined_overall,0.12085266708888573,1.0,0.9999139185100394
combined_overall,0.12085374417833154,1.0,0.9999139185100394
combined_overall,0.12085805253611481,1.0,0.9999139185100394
combined_overall,0.12085912962556063,1.0,0.9999139185100394
combined_overall,0.12086559216223552,1.0,0.9999139185100394
combined_overall,0.12086666925168134,1.0,0.9999139185100394
combined_overall,0.12086882343057297,1.0,0.9999139185100394
combined_overall,0.12086990052001878,1.0,0.9999139185100394
combined_overall,0.12087205469891042,1.0,0.9999139185100394
combined_overall,0.12087313178835624,1.0,0.9999139185100394
combined_overall,0.12087528596724786,1.0,0.9999139185100394
combined_overall,0.12087744014613949,1.0,0.9999139185100394
combined_overall,0.12087959432503113,1.0,0.9999139185100394
combined_overall,0.12088282559336858,1.0,0.9999139185100394
combined_overall,0.1208849797722602,1.0,0.9999139185100394
combined_overall,0.12088605686170602,1.0,0.9999139185100394
combined_overall,0.12089467357727256,1.0,0.9999139185100394
combined_overall,0.12089682775616419,1.0,0.9999139185100394
combined_overall,0.12089898193505581,1.0,0.9999139185100394
combined_overall,0.12090113611394744,1.0,0.9999139185100394
combined_overall,0.12090329029283908,1.0,0.9999139185100394
combined_overall,0.1209043673822849,1.0,0.9999139185100394
combined_overall,0.12090867574006815,1.0,0.9999139185100394
combined_overall,0.12090975282951398,1.0,0.9999139185100394
combined_overall,0.12091298409785142,1.0,0.9999139185100394
combined_overall,0.12092052372397213,1.0,0.9999139185100394
combined_overall,0.12092375499230958,1.0,0.9999139185100394
combined_overall,0.12092806335009285,1.0,0.9999139185100394
combined_overall,0.12093129461843029,1.0,0.9999139185100394
combined_overall,0.12093560297621356,1.0,0.9999139185100394
combined_overall,0.120938834244551,1.0,0.9999139185100394
combined_overall,0.12094206551288846,1.0,0.9999139185100394
combined_overall,0.12094745096011753,1.0,0.9999139185100394
combined_overall,0.12094960513900917,1.0,0.9999139185100394
combined_overall,0.12097437819626293,1.0,0.9999139185100394
combined_overall,0.12097653237515456,1.0,0.9999139185100394
combined_overall,0.12098514909072108,1.0,0.9999139185100394
combined_overall,0.12098838035905854,1.0,0.9999139185100394
combined_overall,0.12098945744850435,1.0,0.9999139185100394
combined_overall,0.12099161162739598,1.0,0.9999139185100394
combined_overall,0.12099376580628762,1.0,0.9999139185100394
combined_overall,0.12099591998517925,1.0,0.9999139185100394
combined_overall,0.12099915125351669,1.0,0.9999139185100394
combined_overall,0.12100345961129996,1.0,0.9999139185100394
combined_overall,0.12100453670074578,1.0,0.9999139185100394
combined_overall,0.12100776796908322,1.0,0.9999139185100394
combined_overall,0.12100992214797486,1.0,0.9999139185100394
combined_overall,0.12101099923742067,1.0,0.9999139185100394
combined_overall,0.12101423050575812,1.0,0.9999139185100394
combined_overall,0.12101530759520393,1.0,0.9999139185100394
combined_overall,0.1210196159529872,1.0,0.9999139185100394
combined_overall,0.12102284722132464,1.0,0.9999139185100394
combined_overall,0.12102500140021628,1.0,0.9999139185100394
combined_overall,0.12103038684744535,1.0,0.9999139185100394
combined_overall,0.12103146393689118,1.0,0.9999139185100394
combined_overall,0.12104008065245771,1.0,0.9999139185100394
combined_overall,0.12104438901024096,1.0,0.9999139185100394
combined_overall,0.12104762027857842,1.0,0.9999139185100394
combined_overall,0.12104977445747005,1.0,0.9999139185100394
combined_overall,0.12105085154691586,1.0,0.9999139185100394
combined_overall,0.12105515990469913,1.0,0.9999139185100394
combined_overall,0.12105839117303657,1.0,0.9999139185100394
combined_overall,0.1210605453519282,1.0,0.9999139185100394
combined_overall,0.12106377662026566,1.0,0.9999139185100394
combined_overall,0.12106593079915728,1.0,0.9999139185100394
combined_overall,0.12107131624638637,1.0,0.9999139185100394
combined_overall,0.121073470425278,1.0,0.9999139185100394
combined_overall,0.12108316423029034,1.0,0.9999139185100394
combined_overall,0.12108639549862779,1.0,0.9999139185100394
combined_overall,0.12108854967751942,1.0,0.9999139185100394
combined_overall,0.12109285803530269,1.0,0.9999139185100394
combined_overall,0.12109716639308594,1.0,0.9999139185100394
combined_overall,0.12109824348253176,1.0,0.9999139185100394
combined_overall,0.12110147475086921,1.0,0.9999139185100394
combined_overall,0.12110362892976084,1.0,0.9999139185100394
combined_overall,0.12110793728754411,1.0,0.9999139185100394
combined_overall,0.12111547691366482,1.0,0.9999139185100394
combined_overall,0.12111763109255645,1.0,0.9999139185100394
combined_overall,0.12112409362923135,1.0,0.9999139185100394
combined_overall,0.12112947907646042,1.0,0.9999139185100394
combined_overall,0.12113055616590625,1.0,0.9999139185100394
combined_overall,0.12113271034479788,1.0,0.9999139185100394
combined_overall,0.12113701870258113,1.0,0.9999139185100394
combined_overall,0.12113917288147277,1.0,0.9999139185100394
combined_overall,0.12114024997091859,1.0,0.9999139185100394
combined_overall,0.12114348123925603,1.0,0.9999139185100394
combined_overall,0.12115209795482255,1.0,0.9999139185100394
combined_overall,0.12115532922316001,1.0,0.9999139185100394
combined_overall,0.12115748340205164,1.0,0.9999139185100394
combined_overall,0.1211607146703891,1.0,0.9999139185100394
combined_overall,0.12116179175983491,1.0,0.9999139185100394
combined_overall,0.12116610011761816,1.0,0.9999139185100394
combined_overall,0.12116717720706398,1.0,0.9999139185100394
combined_overall,0.12117040847540143,1.0,0.9999139185100394
combined_overall,0.12117256265429306,1.0,0.9999139185100394
combined_overall,0.12117471683318469,1.0,0.9999139185100394
combined_overall,0.12118333354875123,1.0,0.9999139185100394
combined_overall,0.12119302735376357,1.0,0.9999139185100394
combined_overall,0.1211951815326552,1.0,0.9999139185100394
combined_overall,0.1212016440693301,1.0,0.9999139185100394
combined_overall,0.12120272115877591,1.0,0.9999139185100394
combined_overall,0.12120595242711335,1.0,0.9999139185100394
combined_overall,0.12120810660600499,1.0,0.9999139185100394
combined_overall,0.12121241496378825,1.0,0.9999139185100394
combined_overall,0.12121887750046315,1.0,0.9999139185100394
combined_overall,0.12121995458990896,1.0,0.9999139185100394
combined_overall,0.1212221087688006,1.0,0.9999139185100394
combined_overall,0.12122534003713804,1.0,0.9999139185100394
combined_overall,0.12122749421602967,1.0,0.9999139185100394
combined_overall,0.12123287966325876,1.0,0.9999139185100394
combined_overall,0.12123395675270457,1.0,0.9999139185100394
combined_overall,0.12123718802104202,1.0,0.9999139185100394
combined_overall,0.12123934219993365,1.0,0.9999139185100394
combined_overall,0.12124041928937947,1.0,0.9999139185100394
combined_overall,0.12124580473660855,1.0,0.9999139185100394
combined_overall,0.12124795891550018,1.0,0.9999139185100394
combined_overall,0.12125442145217508,1.0,0.9999139185100394
combined_overall,0.1212565756310667,1.0,0.9999139185100394
combined_overall,0.12125980689940416,1.0,0.9999139185100394
combined_overall,0.12126411525718742,1.0,0.9999139185100394
combined_overall,0.12126519234663323,1.0,0.9999139185100394
combined_overall,0.1212695007044165,1.0,0.9999139185100394
combined_overall,0.12127273197275394,1.0,0.9999139185100394
combined_overall,0.12127380906219976,1.0,0.9999139185100394
combined_overall,0.1212759632410914,1.0,0.9999139185100394
combined_overall,0.12127919450942884,1.0,0.9999139185100394
combined_overall,0.12128565704610374,1.0,0.9999139185100394
combined_overall,0.121289965403887,1.0,0.9999139185100394
combined_overall,0.12129211958277863,1.0,0.9999139185100394
combined_overall,0.12129535085111608,1.0,0.9999139185100394
combined_overall,0.12129642794056189,1.0,0.9999139185100394
combined_overall,0.12129858211945353,1.0,0.9999139185100394
combined_overall,0.12130073629834516,1.0,0.9999139185100394
combined_overall,0.12130289047723679,1.0,0.9999139185100394
combined_overall,0.12130612174557424,1.0,0.9999139185100394
combined_overall,0.12130827592446587,1.0,0.9999139185100394
combined_overall,0.12130935301391169,1.0,0.9999139185100394
combined_overall,0.12131581555058658,1.0,0.9999139185100394
combined_overall,0.1213168926400324,1.0,0.9999139185100394
combined_overall,0.12132012390836985,1.0,0.9999139185100394
combined_overall,0.12132227808726148,1.0,0.9999139185100394
combined_overall,0.1213233551767073,1.0,0.9999139185100394
combined_overall,0.12132658644504474,1.0,0.9999139185100394
combined_overall,0.12132766353449055,1.0,0.9999139185100394
combined_overall,0.1213298177133822,1.0,0.9999139185100394
combined_overall,0.12133089480282801,1.0,0.9999139185100394
combined_overall,0.12133412607116545,1.0,0.9999139185100394
combined_overall,0.12133628025005709,1.0,0.9999139185100394
combined_overall,0.12135028241285269,1.0,0.9999139185100394
combined_overall,0.12135135950229851,1.0,0.9999139185100394
combined_overall,0.12135351368119014,1.0,0.9999139185100394
combined_overall,0.1213578220389734,1.0,0.9999139185100394
combined_overall,0.12135997621786504,1.0,0.9999139185100394
combined_overall,0.12136320748620248,1.0,0.9999139185100394
combined_overall,0.12136751584398575,1.0,0.9999139185100394
combined_overall,0.12136859293343157,1.0,0.9999139185100394
combined_overall,0.12137182420176901,1.0,0.9999139185100394
combined_overall,0.12138044091733553,1.0,0.9999139185100394
combined_overall,0.12138690345401043,1.0,0.9999139185100394
combined_overall,0.12139228890123951,1.0,0.9999139185100394
combined_overall,0.12139336599068533,1.0,0.9999139185100394
combined_overall,0.12139552016957696,1.0,0.9999139185100394
combined_overall,0.12139875143791441,1.0,0.9999139185100394
combined_overall,0.12140305979569767,1.0,0.9999139185100394
combined_overall,0.12140952233237257,1.0,0.9999139185100394
combined_overall,0.12141059942181838,1.0,0.9999139185100394
combined_overall,0.12141383069015584,1.0,0.9999139185100394
combined_overall,0.12142244740572236,1.0,0.9999139185100394
combined_overall,0.12142460158461399,1.0,0.9999139185100394
combined_overall,0.1214256786740598,1.0,0.9999139185100394
combined_overall,0.12142998703184307,1.0,0.9999139185100394
combined_overall,0.1214321412107347,1.0,0.9999139185100394
combined_overall,0.12143321830018051,1.0,0.9999139185100394
combined_overall,0.12143537247907216,1.0,0.9999139185100394
combined_overall,0.12143644956851797,1.0,0.9999139185100394
combined_overall,0.1214386037474096,1.0,0.9999139185100394
combined_overall,0.12143968083685541,1.0,0.9999139185100394
combined_overall,0.12144183501574705,1.0,0.9999139185100394
combined_overall,0.12144829755242194,1.0,0.9999139185100394
combined_overall,0.12145368299965102,1.0,0.9999139185100394
combined_overall,0.12146337680466336,1.0,0.9999139185100394
combined_overall,0.121465530983555,1.0,0.9999139185100394
combined_overall,0.12146876225189245,1.0,0.9999139185100394
combined_overall,0.12147307060967572,1.0,0.9999139185100394
combined_overall,0.12147845605690478,1.0,0.9999139185100394
combined_overall,0.1214795331463506,1.0,0.9999139185100394
combined_overall,0.12148384150413387,1.0,0.9999139185100394
combined_overall,0.1214859956830255,1.0,0.9999139185100394
combined_overall,0.12149030404080877,1.0,0.9999139185100394
combined_overall,0.12149676657748366,1.0,0.9999139185100394
combined_overall,0.12150215202471273,1.0,0.9999139185100394
combined_overall,0.121506460382496,1.0,0.9999139185100394
combined_overall,0.12150753747194182,1.0,0.9999139185100394
combined_overall,0.12151184582972509,1.0,0.9999139185100394
combined_overall,0.12151615418750834,1.0,0.9999139185100394
combined_overall,0.12151830836639999,1.0,0.9999139185100394
combined_overall,0.12152261672418324,1.0,0.9999139185100394
combined_overall,0.1215258479925207,1.0,0.9999139185100394
combined_overall,0.12153015635030395,1.0,0.9999139185100394
combined_overall,0.12153123343974977,1.0,0.9999139185100394
combined_overall,0.12153338761864141,1.0,0.9999139185100394
combined_overall,0.12153877306587048,1.0,0.9999139185100394
combined_overall,0.12154523560254538,1.0,0.9999139185100394
combined_overall,0.12154846687088283,1.0,0.9999139185100394
combined_overall,0.12155492940755772,1.0,0.9999139185100394
combined_overall,0.12155600649700354,1.0,0.9999139185100394
combined_overall,0.12155923776534099,1.0,0.9999139185100394
combined_overall,0.1215603148547868,1.0,0.9999139185100394
combined_overall,0.12156246903367843,1.0,0.9999139185100394
combined_overall,0.1215667773914617,1.0,0.9999139185100394
combined_overall,0.12156893157035333,1.0,0.9999139185100394
combined_overall,0.12157000865979914,1.0,0.9999139185100394
combined_overall,0.12157647119647404,1.0,0.9999139185100394
combined_overall,0.1215807795542573,1.0,0.9999139185100394
combined_overall,0.12158293373314893,1.0,0.9999139185100394
combined_overall,0.12158616500148638,1.0,0.9999139185100394
combined_overall,0.12159155044871546,1.0,0.9999139185100394
combined_overall,0.12159370462760709,1.0,0.9999139185100394
combined_overall,0.12159801298539036,1.0,0.9999139185100394
combined_overall,0.12160339843261944,1.0,0.9999139185100394
combined_overall,0.12160662970095688,1.0,0.9999139185100394
combined_overall,0.12160878387984851,1.0,0.9999139185100394
combined_overall,0.1216141693270776,1.0,0.9999139185100394
combined_overall,0.12161847768486087,1.0,0.9999139185100394
combined_overall,0.12163571111599392,1.0,0.9999139185100394
combined_overall,0.12164001947377719,1.0,0.9999139185100394
combined_overall,0.12164325074211463,1.0,0.9999139185100394
combined_overall,0.12164540492100626,1.0,0.9999139185100394
combined_overall,0.12165079036823534,1.0,0.9999139185100394
combined_overall,0.12165725290491024,1.0,0.9999139185100394
combined_overall,0.12165832999435605,1.0,0.9999139185100394
combined_overall,0.12166263835213932,1.0,0.9999139185100394
combined_overall,0.12166371544158514,1.0,0.9999139185100394
combined_overall,0.12166802379936839,1.0,0.9999139185100394
combined_overall,0.12167340924659747,1.0,0.9999139185100394
combined_overall,0.1216755634254891,1.0,0.9999139185100394
combined_overall,0.12167987178327237,1.0,0.9999139185100394
combined_overall,0.12168310305160981,1.0,0.9999139185100394
combined_overall,0.12168418014105563,1.0,0.9999139185100394
combined_overall,0.1216884884988389,1.0,0.9999139185100394
combined_overall,0.12169171976717634,1.0,0.9999139185100394
combined_overall,0.12170033648274288,1.0,0.9999139185100394
combined_overall,0.12171003028775522,1.0,0.9999139185100394
combined_overall,0.12171649282443012,1.0,0.9999139185100394
combined_overall,0.12172403245055083,1.0,0.9999139185100394
combined_overall,0.12172834080833408,1.0,0.9999139185100394
combined_overall,0.12173372625556317,1.0,0.9999139185100394
combined_overall,0.12174018879223807,1.0,0.9999139185100394
combined_overall,0.12174880550780459,1.0,0.9999139185100394
combined_overall,0.12175095968669622,1.0,0.9999139185100394
combined_overall,0.1217563451339253,1.0,0.9999139185100394
combined_overall,0.12175957640226275,1.0,0.9999139185100394
combined_overall,0.12176711602838346,1.0,0.9999139185100394
combined_overall,0.12176819311782927,1.0,0.9999139185100394
combined_overall,0.12177034729672091,1.0,0.9999139185100394
combined_overall,0.1217832723700707,1.0,0.9999139185100394
combined_overall,0.1217908119961914,1.0,0.9999139185100394
combined_overall,0.12179512035397468,1.0,0.9999139185100394
combined_overall,0.1218037370695412,1.0,0.9999139185100394
combined_overall,0.12180696833787866,1.0,0.9999139185100394
combined_overall,0.12181558505344518,1.0,0.9999139185100394
combined_overall,0.12182635594790334,1.0,0.9999139185100394
combined_overall,0.12183604975291568,1.0,0.9999139185100394
combined_overall,0.12184358937903639,1.0,0.9999139185100394
combined_overall,0.12185436027349456,1.0,0.9999139185100394
combined_overall,0.12186297698906108,1.0,0.9999139185100394
combined_overall,0.12186943952573598,1.0,0.9999139185100394
combined_overall,0.12187267079407342,1.0,0.9999139185100394
combined_overall,0.1218780562413025,1.0,0.9999139185100394
combined_overall,0.12189313549354393,1.0,0.9999139185100394
combined_overall,0.12189744385132718,1.0,0.9999139185100394
combined_overall,0.12190390638800208,1.0,0.9999139185100394
combined_overall,0.12191144601412279,1.0,0.9999139185100394
combined_overall,0.12191683146135188,1.0,0.9999139185100394
combined_overall,0.12192437108747259,1.0,0.9999139185100394
combined_overall,0.12193406489248493,1.0,0.9999139185100394
combined_overall,0.12193945033971401,1.0,0.9999139185100394
combined_overall,0.12194052742915983,1.0,0.9999139185100394
combined_overall,0.1219448357869431,1.0,0.9999139185100394
combined_overall,0.12195237541306381,1.0,0.9999139185100394
combined_overall,0.12196099212863033,1.0,0.9999139185100394
combined_overall,0.12196637757585942,1.0,0.9999139185100394
combined_overall,0.12197068593364267,1.0,0.9999139185100394
combined_overall,0.12197714847031757,1.0,0.9999139185100394
combined_overall,0.12198899645422154,1.0,0.9999139185100394
combined_overall,0.1219997673486797,1.0,0.9999139185100394
combined_overall,0.12200515279590879,1.0,0.9999139185100394
combined_overall,0.1220126924220295,1.0,0.9999139185100394
combined_overall,0.12202561749537928,1.0,0.9999139185100394
combined_overall,0.12203531130039164,1.0,0.9999139185100394
combined_overall,0.12206331562598284,1.0,0.9999139185100394
combined_overall,0.12207085525210355,1.0,0.9999139185100394
combined_overall,0.12209239704101987,1.0,0.9999139185100394
combined_overall,0.12211717009827364,1.0,0.9999139185100394
combined_overall,0.12212470972439435,1.0,0.9999139185100394
combined_overall,0.12213117226106925,1.0,0.9999139185100394
combined_overall,0.12214086606608159,1.0,0.9999139185100394
combined_overall,0.12214625151331067,1.0,0.9999139185100394
combined_overall,0.12215702240776884,1.0,0.9999139185100394
combined_overall,0.12218287255446841,1.0,0.9999139185100394
combined_overall,0.12219041218058913,1.0,0.9999139185100394
combined_overall,0.12219579762781821,1.0,0.9999139185100394
combined_overall,0.12220979979061382,1.0,0.9999139185100394
combined_overall,0.1222162623272887,1.0,0.9999139185100394
combined_overall,0.12222703322174687,1.0,0.9999139185100394
combined_overall,0.12223457284786758,1.0,0.9999139185100394
combined_overall,0.12225072918955482,1.0,0.9999139185100394
combined_overall,0.12225826881567553,1.0,0.9999139185100394
combined_overall,0.12227550224680858,1.0,0.9999139185100394
combined_overall,0.12229165858849582,1.0,0.9999139185100394
combined_overall,0.1223035065723998,1.0,0.9999139185100394
combined_overall,0.12232074000353285,1.0,0.9999139185100394
combined_overall,0.12233043380854519,1.0,0.9999139185100394
combined_overall,0.12234335888189499,1.0,0.9999139185100394
combined_overall,0.1223573610446906,1.0,0.9999139185100394
combined_overall,0.12238751954917344,1.0,0.9999139185100394
combined_overall,0.12240044462252324,1.0,0.9999139185100394
combined_overall,0.12242844894811444,1.0,0.9999139185100394
combined_overall,0.12244245111091005,1.0,0.9999139185100394
combined_overall,0.1224596845420431,1.0,0.9999139185100394
combined_overall,0.12247476379428453,1.0,0.9999139185100394
combined_overall,0.12249630558320085,1.0,0.9999139185100394
combined_overall,0.12252107864045461,1.0,0.9999139185100394
combined_overall,0.1225404662504793,1.0,0.9999139185100394
combined_overall,0.12255662259216654,1.0,0.9999139185100394
combined_overall,0.12258031855997449,1.0,0.9999139185100394
combined_overall,0.1226072457961199,1.0,0.9999139185100394
combined_overall,0.12262555631669876,1.0,0.9999139185100394
combined_overall,0.12265140646339835,1.0,0.9999139185100394
combined_overall,0.12267079407342303,1.0,0.9999139185100394
combined_overall,0.12268371914677283,1.0,0.9999139185100394
combined_overall,0.12271387765125567,1.0,0.9999139185100394
combined_overall,0.12273865070850944,1.0,0.9999139185100394
combined_overall,0.12276557794465484,1.0,0.9999139185100394
combined_overall,0.12278711973357115,1.0,0.9999139185100394
combined_overall,0.12282697204306635,1.0,0.9999139185100394
combined_overall,0.12285497636865755,1.0,0.9999139185100394
combined_overall,0.12288405778369459,1.0,0.9999139185100394
combined_overall,0.12292067882485233,1.0,0.9999139185100394
combined_overall,0.12294868315044355,1.0,0.9999139185100394
combined_overall,0.122992843817722,1.0,0.9999139185100394
combined_overall,0.12302946485887974,1.0,0.9999139185100394
combined_overall,0.12307254843671238,1.0,0.9999139185100394
combined_overall,0.1231145549250992,1.0,0.9999139185100394
combined_overall,0.12317164066572744,1.0,0.9999139185100394
combined_overall,0.12321687842245171,1.0,0.9999139185100394
combined_overall,0.12328796632587556,1.0,0.9999139185100394
combined_overall,0.12335582296096197,1.0,0.9999139185100394
combined_overall,0.12342691086438583,1.0,0.9999139185100394
combined_overall,0.12350984675171366,1.0,0.9999139185100394
combined_overall,0.12363048076964503,1.0,0.9999139185100394
combined_overall,0.12373172717755174,1.0,0.9999139185100394
combined_overall,0.12388036552107433,1.0,0.9999139185100394
combined_overall,0.12406131654797141,1.0,0.9999139185100394
combined_overall,0.12428965951048439,1.0,0.9999139185100394
combined_overall,0.12467310335319487,1.0,0.9999139185100394
combined_overall,0.12557785848768024,1.0,0.9999139185100394
combined_overall,1.0,1.0,0.9999139185100394
