class,fpr,tpr,auc
combined_overall,0.0,0.0,0.9999673932257813
combined_overall,0.0,0.9729025837221627,0.9999673932257813
combined_overall,0.0,0.9735746875363518,0.9999673932257813
combined_overall,0.0,0.973936589590146,0.9999673932257813
combined_overall,0.0,0.9741886285204668,0.9999673932257813
combined_overall,0.0,0.9743243417906396,0.9999673932257813
combined_overall,0.0,0.9744794426708372,0.9999673932257813
combined_overall,0.0,0.9745763807209606,0.9999673932257813
combined_overall,0.0,0.9746603936977343,0.9999673932257813
combined_overall,0.0,0.9747056314544585,0.9999673932257813
combined_overall,0.0,0.9747831818945573,0.9999673932257813
combined_overall,0.0,0.9748671948713309,0.9999673932257813
combined_overall,0.0,0.9749447453114296,0.9999673932257813
combined_overall,0.0,0.9750158332148535,0.9999673932257813
combined_overall,0.0,0.9750804585816024,0.9999673932257813
combined_overall,0.0,0.9751256963383267,0.9999673932257813
combined_overall,0.0,0.9751580090217012,0.9999673932257813
combined_overall,0.0,0.9752097093151003,0.9999673932257813
combined_overall,0.0,0.9752484845351498,0.9999673932257813
combined_overall,0.0,0.975293722291874,0.9999673932257813
combined_overall,0.0,0.975351885121948,0.9999673932257813
combined_overall,0.0,0.975358347658623,0.9999673932257813
combined_overall,0.0,0.9754358980987217,0.9999673932257813
combined_overall,0.0,0.9754552857087464,0.9999673932257813
combined_overall,0.0,0.9754940609287958,0.9999673932257813
combined_overall,0.0,0.9755199110754954,0.9999673932257813
combined_overall,0.0,0.9755586862955448,0.9999673932257813
combined_overall,0.0,0.975603924052269,0.9999673932257813
combined_overall,0.0,0.975662086882343,0.9999673932257813
combined_overall,0.0,0.9757073246390673,0.9999673932257813
combined_overall,0.0,0.9757719500058163,0.9999673932257813
combined_overall,0.0,0.9758236502992155,0.9999673932257813
combined_overall,0.0,0.9758301128358904,0.9999673932257813
combined_overall,0.0,0.9758624255192648,0.9999673932257813
combined_overall,0.0,0.9759012007393142,0.9999673932257813
combined_overall,0.0,0.9759076632759891,0.9999673932257813
combined_overall,0.0,0.9759270508860137,0.9999673932257813
combined_overall,0.0,0.975972288642738,0.9999673932257813
combined_overall,0.0,0.9759981387894376,0.9999673932257813
combined_overall,0.0,0.976036914009487,0.9999673932257813
combined_overall,0.0,0.9760563016195117,0.9999673932257813
combined_overall,0.0,0.9761080019129108,0.9999673932257813
combined_overall,0.0,0.9761144644495857,0.9999673932257813
combined_overall,0.0,0.9761273895229355,0.9999673932257813
combined_overall,0.0,0.9761338520596105,0.9999673932257813
combined_overall,0.0,0.9761467771329603,0.9999673932257813
combined_overall,0.0,0.9761790898163347,0.9999673932257813
combined_overall,0.0,0.9761920148896845,0.9999673932257813
combined_overall,0.0,0.9762178650363841,0.9999673932257813
combined_overall,0.0,0.9762307901097339,0.9999673932257813
combined_overall,0.0,0.9762695653297833,0.9999673932257813
combined_overall,0.0,0.9762954154764828,0.9999673932257813
combined_overall,0.0,0.9763148030865075,0.9999673932257813
combined_overall,0.0,0.9763406532332071,0.9999673932257813
combined_overall,0.0,0.9763923535266062,0.9999673932257813
combined_overall,0.0,0.9763988160632812,0.9999673932257813
combined_overall,0.0,0.976411741136631,0.9999673932257813
combined_overall,0.0,0.9764182036733059,0.9999673932257813
combined_overall,0.0,0.9764311287466556,0.9999673932257813
combined_overall,0.0,0.9764505163566803,0.9999673932257813
combined_overall,0.0,0.9764634414300302,0.9999673932257813
combined_overall,0.0,0.9764828290400548,0.9999673932257813
combined_overall,0.0,0.9764957541134046,0.9999673932257813
combined_overall,0.0,0.9765733045535033,0.9999673932257813
combined_overall,0.0,0.9765862296268532,0.9999673932257813
combined_overall,0.0,0.976599154700203,0.9999673932257813
combined_overall,0.0,0.9766120797735527,0.9999673932257813
combined_overall,0.0,0.9766185423102276,0.9999673932257813
combined_overall,0.0,0.9766702426036268,0.9999673932257813
combined_overall,0.0,0.9766896302136515,0.9999673932257813
combined_overall,0.0,0.9767025552870012,0.9999673932257813
combined_overall,0.0,0.9767284054337009,0.9999673932257813
combined_overall,0.0,0.9767413305070506,0.9999673932257813
combined_overall,0.0,0.9767671806537502,0.9999673932257813
combined_overall,0.0,0.9768059558737996,0.9999673932257813
combined_overall,0.0,0.9768124184104745,0.9999673932257813
combined_overall,0.0,0.9768318060204991,0.9999673932257813
combined_overall,0.0,0.976838268557174,0.9999673932257813
combined_overall,0.0,0.9768511936305239,0.9999673932257813
combined_overall,0.0,0.9768770437772234,0.9999673932257813
combined_overall,0.0,0.9768964313872481,0.9999673932257813
combined_overall,0.0,0.9769222815339477,0.9999673932257813
combined_overall,0.0,0.9769352066072975,0.9999673932257813
combined_overall,0.0,0.9769675192906719,0.9999673932257813
combined_overall,0.0,0.9769933694373716,0.9999673932257813
combined_overall,0.0,0.9769998319740465,0.9999673932257813
combined_overall,0.0,0.9770127570473962,0.9999673932257813
combined_overall,0.0,0.9770192195840711,0.9999673932257813
combined_overall,0.0,0.9770386071940959,0.9999673932257813
combined_overall,0.0,0.9770515322674456,0.9999673932257813
combined_overall,0.0,0.9770709198774703,0.9999673932257813
combined_overall,0.0,0.9770773824141452,0.9999673932257813
combined_overall,0.0,0.9771355452442193,0.9999673932257813
combined_overall,0.0,0.977148470317569,0.9999673932257813
combined_overall,0.0,0.9771743204642687,0.9999673932257813
combined_overall,0.0,0.9771807830009436,0.9999673932257813
combined_overall,0.0,0.9771937080742933,0.9999673932257813
combined_overall,0.0,0.9772066331476431,0.9999673932257813
combined_overall,0.0,0.9772195582209929,0.9999673932257813
combined_overall,0.0,0.9772518709043674,0.9999673932257813
combined_overall,0.0,0.9772712585143921,0.9999673932257813
combined_overall,0.0,0.9772841835877418,0.9999673932257813
combined_overall,0.0,0.9773035711977666,0.9999673932257813
combined_overall,0.0,0.9773100337344415,0.9999673932257813
combined_overall,0.0,0.977335883881141,0.9999673932257813
combined_overall,0.0,0.9773423464178159,0.9999673932257813
combined_overall,0.0,0.9773681965645155,0.9999673932257813
combined_overall,0.0,0.9773746591011904,0.9999673932257813
combined_overall,0.0,0.9773940467112151,0.9999673932257813
combined_overall,0.0,0.9774069717845649,0.9999673932257813
combined_overall,0.0,0.9774198968579146,0.9999673932257813
combined_overall,0.0,0.9774392844679394,0.9999673932257813
combined_overall,0.0,0.9774522095412892,0.9999673932257813
combined_overall,0.0,0.9774780596879887,0.9999673932257813
combined_overall,0.0,0.9775039098346883,0.9999673932257813
combined_overall,0.0,0.9775168349080381,0.9999673932257813
combined_overall,0.0,0.9775297599813879,0.9999673932257813
combined_overall,0.0,0.9775426850547377,0.9999673932257813
combined_overall,0.0,0.9775556101280874,0.9999673932257813
combined_overall,0.0,0.977587922811462,0.9999673932257813
combined_overall,0.0,0.9775943853481368,0.9999673932257813
combined_overall,0.0,0.9776202354948365,0.9999673932257813
combined_overall,0.0,0.9776396231048611,0.9999673932257813
combined_overall,0.0,0.9776525481782109,0.9999673932257813
combined_overall,0.0,0.9776719357882356,0.9999673932257813
combined_overall,0.0,0.977710711008285,0.9999673932257813
combined_overall,0.0,0.9777171735449599,0.9999673932257813
combined_overall,0.0,0.9777624113016842,0.9999673932257813
combined_overall,0.0,0.9777882614483837,0.9999673932257813
combined_overall,0.0,0.9778076490584084,0.9999673932257813
combined_overall,0.0,0.9778141115950834,0.9999673932257813
combined_overall,0.0,0.9778270366684331,0.9999673932257813
combined_overall,0.0,0.9778399617417829,0.9999673932257813
combined_overall,0.0,0.9778528868151327,0.9999673932257813
combined_overall,0.0,0.9779110496452067,0.9999673932257813
combined_overall,0.0,0.9779239747185565,0.9999673932257813
combined_overall,0.0,0.9779627499386059,0.9999673932257813
combined_overall,0.0,0.9779756750119557,0.9999673932257813
combined_overall,0.0,0.9780079876953301,0.9999673932257813
combined_overall,0.0,0.97802091276868,0.9999673932257813
combined_overall,0.0,0.9780920006721038,0.9999673932257813
combined_overall,0.0,0.9781049257454536,0.9999673932257813
combined_overall,0.0,0.9781178508188034,0.9999673932257813
combined_overall,0.0,0.978137238428828,0.9999673932257813
combined_overall,0.0,0.9782794142356758,0.9999673932257813
combined_overall,0.0,0.9782923393090256,0.9999673932257813
combined_overall,0.0,0.9783440396024248,0.9999673932257813
combined_overall,0.0,0.9783634272124494,0.9999673932257813
combined_overall,0.0,0.9783698897491243,0.9999673932257813
combined_overall,0.0,0.9783828148224741,0.9999673932257813
combined_overall,0.0,0.9784215900425235,0.9999673932257813
combined_overall,0.0,0.9784345151158733,0.9999673932257813
combined_overall,0.0,0.9784603652625729,0.9999673932257813
combined_overall,0.0,0.9784732903359227,0.9999673932257813
combined_overall,0.0,0.9784991404826222,0.9999673932257813
combined_overall,0.0,0.978512065555972,0.9999673932257813
combined_overall,0.0,0.9785314531659968,0.9999673932257813
combined_overall,0.0,0.9785573033126963,0.9999673932257813
combined_overall,0.0,0.9785702283860461,0.9999673932257813
combined_overall,0.0,0.9785896159960707,0.9999673932257813
combined_overall,0.0,0.9786025410694206,0.9999673932257813
combined_overall,0.0,0.9786219286794453,0.9999673932257813
combined_overall,0.0,0.978634853752795,0.9999673932257813
combined_overall,0.0,0.9787188667295686,0.9999673932257813
combined_overall,0.0,0.9787447168762683,0.9999673932257813
combined_overall,0.0,0.9787834920963177,0.9999673932257813
combined_overall,0.0,0.9787964171696675,0.9999673932257813
combined_overall,0.0,0.9788158047796921,0.9999673932257813
combined_overall,0.0,0.9788287298530419,0.9999673932257813
combined_overall,0.0,0.9788739676097662,0.9999673932257813
combined_overall,0.0,0.9788998177564657,0.9999673932257813
combined_overall,0.0,0.9789062802931406,0.9999673932257813
combined_overall,0.0,0.9789192053664905,0.9999673932257813
combined_overall,0.0,0.9789385929765151,0.9999673932257813
combined_overall,0.0,0.9789515180498649,0.9999673932257813
combined_overall,0.0,0.9789644431232147,0.9999673932257813
combined_overall,0.0,0.9789773681965646,0.9999673932257813
combined_overall,0.0,0.9789902932699143,0.9999673932257813
combined_overall,0.0,0.9790032183432641,0.9999673932257813
combined_overall,0.0,0.9790549186366633,0.9999673932257813
combined_overall,0.0,0.9790678437100131,0.9999673932257813
combined_overall,0.0,0.9790872313200377,0.9999673932257813
combined_overall,0.0,0.9791260065400871,0.9999673932257813
combined_overall,1.0770894458159383e-06,0.9791260065400871,0.9999673932257813
combined_overall,1.0770894458159383e-06,0.9792294071268854,0.9999673932257813
combined_overall,1.0770894458159383e-06,0.9792423322002353,0.9999673932257813
combined_overall,1.0770894458159383e-06,0.9793780454704081,0.9999673932257813
combined_overall,1.0770894458159383e-06,0.9793909705437578,0.9999673932257813
combined_overall,1.0770894458159383e-06,0.9794103581537825,0.9999673932257813
combined_overall,1.0770894458159383e-06,0.9794232832271323,0.9999673932257813
combined_overall,1.0770894458159383e-06,0.9795396088872804,0.9999673932257813
combined_overall,1.0770894458159383e-06,0.9795525339606302,0.9999673932257813
combined_overall,1.0770894458159383e-06,0.9795719215706549,0.9999673932257813
combined_overall,1.0770894458159383e-06,0.9795848466440047,0.9999673932257813
combined_overall,1.0770894458159383e-06,0.9797140973775026,0.9999673932257813
combined_overall,1.0770894458159383e-06,0.9797399475242022,0.9999673932257813
combined_overall,1.0770894458159383e-06,0.9797916478176014,0.9999673932257813
combined_overall,1.0770894458159383e-06,0.9798045728909511,0.9999673932257813
combined_overall,1.0770894458159383e-06,0.979875660794375,0.9999673932257813
combined_overall,1.0770894458159383e-06,0.9798885858677248,0.9999673932257813
combined_overall,1.0770894458159383e-06,0.9799467486977989,0.9999673932257813
combined_overall,1.0770894458159383e-06,0.9799596737711487,0.9999673932257813
combined_overall,1.0770894458159383e-06,0.9799855239178482,0.9999673932257813
combined_overall,1.0770894458159383e-06,0.979998448991198,0.9999673932257813
combined_overall,1.0770894458159383e-06,0.9800372242112474,0.9999673932257813
combined_overall,1.0770894458159383e-06,0.9800566118212721,0.9999673932257813
combined_overall,1.0770894458159383e-06,0.9801341622613708,0.9999673932257813
combined_overall,1.0770894458159383e-06,0.9801470873347207,0.9999673932257813
combined_overall,1.0770894458159383e-06,0.9801987876281197,0.9999673932257813
combined_overall,1.0770894458159383e-06,0.9802117127014696,0.9999673932257813
combined_overall,1.0770894458159383e-06,0.9803021882149181,0.9999673932257813
combined_overall,1.0770894458159383e-06,0.9803151132882679,0.9999673932257813
combined_overall,1.0770894458159383e-06,0.9803668135816671,0.9999673932257813
combined_overall,1.0770894458159383e-06,0.9803797386550168,0.9999673932257813
combined_overall,1.0770894458159383e-06,0.9806640902687123,0.9999673932257813
combined_overall,2.1541788916318767e-06,0.9806640902687123,0.9999673932257813
combined_overall,2.1541788916318767e-06,0.9806770153420621,0.9999673932257813
combined_overall,2.1541788916318767e-06,0.9807222530987864,0.9999673932257813
combined_overall,3.231268337447815e-06,0.9807222530987864,0.9999673932257813
combined_overall,3.231268337447815e-06,0.9808127286122349,0.9999673932257813
combined_overall,4.308357783263753e-06,0.9808127286122349,0.9999673932257813
combined_overall,4.308357783263753e-06,0.9808191911489098,0.9999673932257813
combined_overall,4.308357783263753e-06,0.9808321162222595,0.9999673932257813
combined_overall,4.308357783263753e-06,0.9808450412956093,0.9999673932257813
combined_overall,5.385447229079692e-06,0.9808450412956093,0.9999673932257813
combined_overall,5.385447229079692e-06,0.9809161291990333,0.9999673932257813
combined_overall,5.385447229079692e-06,0.980929054272383,0.9999673932257813
combined_overall,5.385447229079692e-06,0.9810001421758069,0.9999673932257813
combined_overall,6.46253667489563e-06,0.9810001421758069,0.9999673932257813
combined_overall,6.46253667489563e-06,0.9810712300792307,0.9999673932257813
combined_overall,6.46253667489563e-06,0.9810906176892554,0.9999673932257813
combined_overall,6.46253667489563e-06,0.9813555816929261,0.9999673932257813
combined_overall,7.539626120711568e-06,0.9813555816929261,0.9999673932257813
combined_overall,7.539626120711568e-06,0.9813814318396257,0.9999673932257813
combined_overall,7.539626120711568e-06,0.9813943569129755,0.9999673932257813
combined_overall,7.539626120711568e-06,0.981420207059675,0.9999673932257813
combined_overall,7.539626120711568e-06,0.9814331321330249,0.9999673932257813
combined_overall,7.539626120711568e-06,0.9814719073530742,0.9999673932257813
combined_overall,7.539626120711568e-06,0.981484832426424,0.9999673932257813
combined_overall,7.539626120711568e-06,0.9816270082332718,0.9999673932257813
combined_overall,7.539626120711568e-06,0.9816528583799713,0.9999673932257813
combined_overall,7.539626120711568e-06,0.9816787085266709,0.9999673932257813
combined_overall,9.693805012343446e-06,0.9816787085266709,0.9999673932257813
combined_overall,9.693805012343446e-06,0.981917822383642,0.9999673932257813
combined_overall,9.693805012343446e-06,0.9819307474569918,0.9999673932257813
combined_overall,9.693805012343446e-06,0.9819695226770412,0.9999673932257813
combined_overall,1.1847983903975322e-05,0.9819695226770412,0.9999673932257813
combined_overall,1.1847983903975322e-05,0.9820018353604156,0.9999673932257813
combined_overall,1.292507334979126e-05,0.9820018353604156,0.9999673932257813
combined_overall,1.292507334979126e-05,0.982169861313963,0.9999673932257813
combined_overall,1.40021627956072e-05,0.982169861313963,0.9999673932257813
combined_overall,1.40021627956072e-05,0.9822021739973374,0.9999673932257813
combined_overall,1.40021627956072e-05,0.9822150990706873,0.9999673932257813
combined_overall,1.40021627956072e-05,0.9822538742907366,0.9999673932257813
combined_overall,1.40021627956072e-05,0.9822797244374362,0.9999673932257813
combined_overall,1.40021627956072e-05,0.9823378872675103,0.9999673932257813
combined_overall,1.40021627956072e-05,0.9823508123408601,0.9999673932257813
combined_overall,1.40021627956072e-05,0.9824542129276583,0.9999673932257813
combined_overall,1.5079252241423137e-05,0.9824542129276583,0.9999673932257813
combined_overall,1.5079252241423137e-05,0.9825576135144567,0.9999673932257813
combined_overall,1.6156341687239076e-05,0.9825576135144567,0.9999673932257813
combined_overall,1.6156341687239076e-05,0.982602851271181,0.9999673932257813
combined_overall,1.7233431133055013e-05,0.982602851271181,0.9999673932257813
combined_overall,1.7233431133055013e-05,0.9827127143946542,0.9999673932257813
combined_overall,1.938761002468689e-05,0.9827127143946542,0.9999673932257813
combined_overall,1.938761002468689e-05,0.9827385645413538,0.9999673932257813
combined_overall,2.046469947050283e-05,0.9827385645413538,0.9999673932257813
combined_overall,2.046469947050283e-05,0.9829970660083496,0.9999673932257813
combined_overall,2.1541788916318767e-05,0.9829970660083496,0.9999673932257813
combined_overall,2.1541788916318767e-05,0.983281417622045,0.9999673932257813
combined_overall,2.2618878362134704e-05,0.983281417622045,0.9999673932257813
combined_overall,2.2618878362134704e-05,0.9833848182088434,0.9999673932257813
combined_overall,2.3695967807950645e-05,0.9833848182088434,0.9999673932257813
combined_overall,2.3695967807950645e-05,0.9834300559655677,0.9999673932257813
combined_overall,2.4773057253766582e-05,0.9834300559655677,0.9999673932257813
combined_overall,2.4773057253766582e-05,0.9834623686489421,0.9999673932257813
combined_overall,2.4773057253766582e-05,0.9834752937222919,0.9999673932257813
combined_overall,2.4773057253766582e-05,0.9836691698225387,0.9999673932257813
combined_overall,2.4773057253766582e-05,0.9836820948958885,0.9999673932257813
combined_overall,2.4773057253766582e-05,0.9837208701159379,0.9999673932257813
combined_overall,2.585014669958252e-05,0.9837208701159379,0.9999673932257813
combined_overall,2.585014669958252e-05,0.983779032946012,0.9999673932257813
combined_overall,2.6927236145398457e-05,0.983779032946012,0.9999673932257813
combined_overall,2.6927236145398457e-05,0.9838695084594605,0.9999673932257813
combined_overall,2.6927236145398457e-05,0.9838824335328104,0.9999673932257813
combined_overall,2.6927236145398457e-05,0.984089234706407,0.9999673932257813
combined_overall,2.6927236145398457e-05,0.9841021597797568,0.9999673932257813
combined_overall,2.6927236145398457e-05,0.9844511367602011,0.9999673932257813
combined_overall,2.6927236145398457e-05,0.984464061833551,0.9999673932257813
combined_overall,2.6927236145398457e-05,0.9845545373469995,0.9999673932257813
combined_overall,2.6927236145398457e-05,0.9845674624203492,0.9999673932257813
combined_overall,2.6927236145398457e-05,0.9845997751037238,0.9999673932257813
combined_overall,2.80043255912144e-05,0.9845997751037238,0.9999673932257813
combined_overall,2.80043255912144e-05,0.9847548759839212,0.9999673932257813
combined_overall,2.80043255912144e-05,0.984767801057271,0.9999673932257813
combined_overall,2.80043255912144e-05,0.9850198399875919,0.9999673932257813
combined_overall,2.9081415037030336e-05,0.9850198399875919,0.9999673932257813
combined_overall,2.9081415037030336e-05,0.9850263025242668,0.9999673932257813
combined_overall,3.1235593928662214e-05,0.9850263025242668,0.9999673932257813
combined_overall,3.338977282029409e-05,0.9850263025242668,0.9999673932257813
combined_overall,3.338977282029409e-05,0.9850327650609417,0.9999673932257813
combined_overall,4.092939894100566e-05,0.9850327650609417,0.9999673932257813
combined_overall,4.092939894100566e-05,0.9851878659411392,0.9999673932257813
combined_overall,4.2006488386821596e-05,0.9851878659411392,0.9999673932257813
combined_overall,4.2006488386821596e-05,0.9853300417479869,0.9999673932257813
combined_overall,4.308357783263753e-05,0.9853300417479869,0.9999673932257813
combined_overall,4.308357783263753e-05,0.9854463674081351,0.9999673932257813
combined_overall,4.416066727845347e-05,0.9854463674081351,0.9999673932257813
combined_overall,4.416066727845347e-05,0.98545282994481,0.9999673932257813
combined_overall,4.6314846170085346e-05,0.98545282994481,0.9999673932257813
combined_overall,4.6314846170085346e-05,0.9854657550181597,0.9999673932257813
combined_overall,4.739193561590129e-05,0.9854657550181597,0.9999673932257813
combined_overall,4.739193561590129e-05,0.9854980677015343,0.9999673932257813
combined_overall,4.739193561590129e-05,0.9855239178482338,0.9999673932257813
combined_overall,4.739193561590129e-05,0.9855562305316082,0.9999673932257813
combined_overall,4.846902506171723e-05,0.9855562305316082,0.9999673932257813
combined_overall,4.846902506171723e-05,0.9856273184350322,0.9999673932257813
combined_overall,4.9546114507533165e-05,0.9856273184350322,0.9999673932257813
combined_overall,4.9546114507533165e-05,0.9856402435083819,0.9999673932257813
combined_overall,5.06232039533491e-05,0.9856402435083819,0.9999673932257813
combined_overall,5.06232039533491e-05,0.9856467060450568,0.9999673932257813
combined_overall,5.170029339916504e-05,0.9856467060450568,0.9999673932257813
combined_overall,5.170029339916504e-05,0.9857307190218304,0.9999673932257813
combined_overall,5.277738284498098e-05,0.9857307190218304,0.9999673932257813
combined_overall,5.277738284498098e-05,0.9857888818519045,0.9999673932257813
combined_overall,5.3854472290796915e-05,0.9857888818519045,0.9999673932257813
combined_overall,5.3854472290796915e-05,0.9858082694619292,0.9999673932257813
combined_overall,5.493156173661285e-05,0.9858082694619292,0.9999673932257813
combined_overall,5.493156173661285e-05,0.9859052075120527,0.9999673932257813
combined_overall,5.7085740628244734e-05,0.9859052075120527,0.9999673932257813
combined_overall,5.7085740628244734e-05,0.985943982732102,0.9999673932257813
combined_overall,5.816283007406067e-05,0.985943982732102,0.9999673932257813
combined_overall,5.816283007406067e-05,0.9859569078054518,0.9999673932257813
combined_overall,5.923991951987661e-05,0.9859569078054518,0.9999673932257813
combined_overall,5.923991951987661e-05,0.9859892204888263,0.9999673932257813
combined_overall,6.0317008965692547e-05,0.9859892204888263,0.9999673932257813
combined_overall,6.0317008965692547e-05,0.9860150706355258,0.9999673932257813
combined_overall,6.139409841150849e-05,0.9860150706355258,0.9999673932257813
combined_overall,6.139409841150849e-05,0.9860215331722008,0.9999673932257813
combined_overall,6.247118785732443e-05,0.9860215331722008,0.9999673932257813
combined_overall,6.247118785732443e-05,0.9860603083922501,0.9999673932257813
combined_overall,6.354827730314037e-05,0.9860603083922501,0.9999673932257813
combined_overall,6.354827730314037e-05,0.9860926210756246,0.9999673932257813
combined_overall,6.46253667489563e-05,0.9860926210756246,0.9999673932257813
combined_overall,6.46253667489563e-05,0.9861378588323488,0.9999673932257813
combined_overall,6.570245619477224e-05,0.9861378588323488,0.9999673932257813
combined_overall,6.570245619477224e-05,0.9861637089790485,0.9999673932257813
combined_overall,6.570245619477224e-05,0.9861766340523982,0.9999673932257813
combined_overall,6.570245619477224e-05,0.9862154092724477,0.9999673932257813
combined_overall,6.570245619477224e-05,0.9862283343457974,0.9999673932257813
combined_overall,6.570245619477224e-05,0.9863511225426205,0.9999673932257813
combined_overall,6.677954564058818e-05,0.9863511225426205,0.9999673932257813
combined_overall,6.677954564058818e-05,0.9863640476159702,0.9999673932257813
combined_overall,6.785663508640412e-05,0.9863640476159702,0.9999673932257813
combined_overall,6.785663508640412e-05,0.9864028228360195,0.9999673932257813
combined_overall,6.893372453222005e-05,0.9864028228360195,0.9999673932257813
combined_overall,6.893372453222005e-05,0.9864092853726945,0.9999673932257813
combined_overall,7.001081397803599e-05,0.9864092853726945,0.9999673932257813
combined_overall,7.001081397803599e-05,0.9864157479093694,0.9999673932257813
combined_overall,7.108790342385193e-05,0.9864157479093694,0.9999673932257813
combined_overall,7.108790342385193e-05,0.9864609856660936,0.9999673932257813
combined_overall,7.216499286966787e-05,0.9864609856660936,0.9999673932257813
combined_overall,7.216499286966787e-05,0.9864739107394435,0.9999673932257813
combined_overall,7.32420823154838e-05,0.9864739107394435,0.9999673932257813
combined_overall,7.32420823154838e-05,0.986499760886143,0.9999673932257813
combined_overall,7.431917176129974e-05,0.986499760886143,0.9999673932257813
combined_overall,7.431917176129974e-05,0.9865126859594928,0.9999673932257813
combined_overall,7.647335065293162e-05,0.9865126859594928,0.9999673932257813
combined_overall,7.647335065293162e-05,0.9865256110328426,0.9999673932257813
combined_overall,7.755044009874757e-05,0.9865256110328426,0.9999673932257813
combined_overall,7.755044009874757e-05,0.9865385361061924,0.9999673932257813
combined_overall,8.293588732782725e-05,0.9865385361061924,0.9999673932257813
combined_overall,8.293588732782725e-05,0.9865514611795422,0.9999673932257813
combined_overall,8.616715566527507e-05,0.9865514611795422,0.9999673932257813
combined_overall,8.616715566527507e-05,0.986564386252892,0.9999673932257813
combined_overall,8.7244245111091e-05,0.986564386252892,0.9999673932257813
combined_overall,8.7244245111091e-05,0.9866096240096163,0.9999673932257813
combined_overall,8.832133455690694e-05,0.9866096240096163,0.9999673932257813
combined_overall,8.832133455690694e-05,0.9866419366929907,0.9999673932257813
combined_overall,8.939842400272288e-05,0.9866419366929907,0.9999673932257813
combined_overall,8.939842400272288e-05,0.9866548617663405,0.9999673932257813
combined_overall,9.047551344853882e-05,0.9866548617663405,0.9999673932257813
combined_overall,9.047551344853882e-05,0.9866613243030155,0.9999673932257813
combined_overall,9.155260289435475e-05,0.9866613243030155,0.9999673932257813
combined_overall,9.155260289435475e-05,0.986687174449715,0.9999673932257813
combined_overall,9.262969234017069e-05,0.986687174449715,0.9999673932257813
combined_overall,9.262969234017069e-05,0.9867000995230648,0.9999673932257813
combined_overall,9.262969234017069e-05,0.9867130245964146,0.9999673932257813
combined_overall,9.478387123180258e-05,0.9867130245964146,0.9999673932257813
combined_overall,9.478387123180258e-05,0.9867711874264886,0.9999673932257813
combined_overall,9.693805012343445e-05,0.9867711874264886,0.9999673932257813
combined_overall,9.693805012343445e-05,0.9867841124998384,0.9999673932257813
combined_overall,0.0001012464079066982,0.9867841124998384,0.9999673932257813
combined_overall,0.0001012464079066982,0.9867905750365134,0.9999673932257813
combined_overall,0.00010232349735251414,0.9867905750365134,0.9999673932257813
combined_overall,0.00010232349735251414,0.9868035001098632,0.9999673932257813
combined_overall,0.00010340058679833008,0.9868035001098632,0.9999673932257813
combined_overall,0.00010340058679833008,0.986809962646538,0.9999673932257813
combined_overall,0.00010555476568996195,0.986809962646538,0.9999673932257813
combined_overall,0.00010555476568996195,0.9868164251832129,0.9999673932257813
combined_overall,0.00010878603402740977,0.9868164251832129,0.9999673932257813
combined_overall,0.00010878603402740977,0.9868293502565627,0.9999673932257813
combined_overall,0.0001098631234732257,0.9868293502565627,0.9999673932257813
combined_overall,0.0001098631234732257,0.9868358127932376,0.9999673932257813
combined_overall,0.00011094021291904164,0.9868358127932376,0.9999673932257813
combined_overall,0.00011094021291904164,0.9868616629399372,0.9999673932257813
combined_overall,0.0001120173023648576,0.9868616629399372,0.9999673932257813
combined_overall,0.0001120173023648576,0.986874588013287,0.9999673932257813
combined_overall,0.0001152485707023054,0.986874588013287,0.9999673932257813
combined_overall,0.0001152485707023054,0.9868939756233117,0.9999673932257813
combined_overall,0.00011955692848556916,0.9868939756233117,0.9999673932257813
combined_overall,0.00011955692848556916,0.9869069006966614,0.9999673932257813
combined_overall,0.00012171110737720103,0.9869069006966614,0.9999673932257813
combined_overall,0.00012171110737720103,0.9869133632333363,0.9999673932257813
combined_overall,0.00012278819682301698,0.9869133632333363,0.9999673932257813
combined_overall,0.00012278819682301698,0.9869198257700112,0.9999673932257813
combined_overall,0.0001238652862688329,0.9869198257700112,0.9999673932257813
combined_overall,0.0001238652862688329,0.986939213380036,0.9999673932257813
combined_overall,0.00012494237571464886,0.986939213380036,0.9999673932257813
combined_overall,0.00012494237571464886,0.9869844511367603,0.9999673932257813
combined_overall,0.00012601946516046478,0.9869844511367603,0.9999673932257813
combined_overall,0.00012601946516046478,0.98699737621011,0.9999673932257813
combined_overall,0.00012709655460628073,0.98699737621011,0.9999673932257813
combined_overall,0.00012709655460628073,0.9871137018702582,0.9999673932257813
combined_overall,0.00012817364405209666,0.9871137018702582,0.9999673932257813
combined_overall,0.00012817364405209666,0.9871460145536326,0.9999673932257813
combined_overall,0.0001292507334979126,0.9871460145536326,0.9999673932257813
combined_overall,0.0001292507334979126,0.9871654021636572,0.9999673932257813
combined_overall,0.00013032782294372853,0.9871654021636572,0.9999673932257813
combined_overall,0.00013032782294372853,0.9871718647003321,0.9999673932257813
combined_overall,0.00013140491238954448,0.9871718647003321,0.9999673932257813
combined_overall,0.00013140491238954448,0.987184789773682,0.9999673932257813
combined_overall,0.00013355909128117636,0.987184789773682,0.9999673932257813
combined_overall,0.00013355909128117636,0.9872171024570564,0.9999673932257813
combined_overall,0.00013355909128117636,0.9872300275304062,0.9999673932257813
combined_overall,0.00013355909128117636,0.9872558776771058,0.9999673932257813
combined_overall,0.00013355909128117636,0.9872752652871305,0.9999673932257813
combined_overall,0.00013463618072699228,0.9872752652871305,0.9999673932257813
combined_overall,0.00013463618072699228,0.9872881903604803,0.9999673932257813
combined_overall,0.0001378674490644401,0.9872881903604803,0.9999673932257813
combined_overall,0.0001378674490644401,0.9873205030438548,0.9999673932257813
combined_overall,0.00013894453851025606,0.9873205030438548,0.9999673932257813
combined_overall,0.00013894453851025606,0.9873269655805297,0.9999673932257813
combined_overall,0.00014109871740188793,0.9873269655805297,0.9999673932257813
combined_overall,0.00014109871740188793,0.9873463531905543,0.9999673932257813
combined_overall,0.00014109871740188793,0.9873592782639041,0.9999673932257813
combined_overall,0.00014109871740188793,0.987365740800579,0.9999673932257813
combined_overall,0.00014217580684770386,0.987365740800579,0.9999673932257813
combined_overall,0.00014217580684770386,0.9874174410939782,0.9999673932257813
combined_overall,0.0001432528962935198,0.9874174410939782,0.9999673932257813
combined_overall,0.0001432528962935198,0.9874691413873774,0.9999673932257813
combined_overall,0.00014540707518515168,0.9874691413873774,0.9999673932257813
combined_overall,0.00014540707518515168,0.987488528997402,0.9999673932257813
combined_overall,0.00014756125407678356,0.987488528997402,0.9999673932257813
combined_overall,0.00014756125407678356,0.9875079166074268,0.9999673932257813
combined_overall,0.00014863834352259948,0.9875079166074268,0.9999673932257813
combined_overall,0.00014863834352259948,0.9875337667541263,0.9999673932257813
combined_overall,0.00015079252241423136,0.9875337667541263,0.9999673932257813
combined_overall,0.00015079252241423136,0.987553154364151,0.9999673932257813
combined_overall,0.0001518696118600473,0.987553154364151,0.9999673932257813
combined_overall,0.0001518696118600473,0.9876113171942251,0.9999673932257813
combined_overall,0.0001518696118600473,0.9876242422675748,0.9999673932257813
combined_overall,0.00015294670130586323,0.9876242422675748,0.9999673932257813
combined_overall,0.00015294670130586323,0.9876694800242991,0.9999673932257813
combined_overall,0.00015402379075167918,0.9876694800242991,0.9999673932257813
combined_overall,0.00015402379075167918,0.987675942560974,0.9999673932257813
combined_overall,0.00015510088019749513,0.987675942560974,0.9999673932257813
combined_overall,0.00015510088019749513,0.9877017927076737,0.9999673932257813
combined_overall,0.000157255059089127,0.9877017927076737,0.9999673932257813
combined_overall,0.000157255059089127,0.9877211803176983,0.9999673932257813
combined_overall,0.00015833214853494293,0.9877211803176983,0.9999673932257813
combined_overall,0.00015833214853494293,0.9877341053910481,0.9999673932257813
combined_overall,0.00015833214853494293,0.9877534930010727,0.9999673932257813
combined_overall,0.00015940923798075888,0.9877534930010727,0.9999673932257813
combined_overall,0.00015940923798075888,0.9877858056844473,0.9999673932257813
combined_overall,0.00016156341687239076,0.9877858056844473,0.9999673932257813
combined_overall,0.00016156341687239076,0.9878439685145213,0.9999673932257813
combined_overall,0.00016264050631820668,0.9878439685145213,0.9999673932257813
combined_overall,0.00016264050631820668,0.9878504310511962,0.9999673932257813
combined_overall,0.00016479468520983856,0.9878504310511962,0.9999673932257813
combined_overall,0.00016479468520983856,0.9878762811978958,0.9999673932257813
combined_overall,0.0001658717746556545,0.9878762811978958,0.9999673932257813
combined_overall,0.0001658717746556545,0.9878892062712455,0.9999673932257813
combined_overall,0.00016802595354728638,0.9878892062712455,0.9999673932257813
combined_overall,0.00016802595354728638,0.9879085938812703,0.9999673932257813
combined_overall,0.00017018013243891826,0.9879085938812703,0.9999673932257813
combined_overall,0.00017018013243891826,0.9880119944680686,0.9999673932257813
combined_overall,0.00017233431133055013,0.9880119944680686,0.9999673932257813
combined_overall,0.00017233431133055013,0.9880636947614678,0.9999673932257813
combined_overall,0.00017341140077636608,0.9880636947614678,0.9999673932257813
combined_overall,0.00017341140077636608,0.9880960074448423,0.9999673932257813
combined_overall,0.000174488490222182,0.9880960074448423,0.9999673932257813
combined_overall,0.000174488490222182,0.9881218575915418,0.9999673932257813
combined_overall,0.00017556557966799796,0.9881218575915418,0.9999673932257813
combined_overall,0.00017556557966799796,0.9881670953482661,0.9999673932257813
combined_overall,0.00017664266911381388,0.9881670953482661,0.9999673932257813
combined_overall,0.00017664266911381388,0.9881800204216159,0.9999673932257813
combined_overall,0.00017771975855962983,0.9881800204216159,0.9999673932257813
combined_overall,0.00017771975855962983,0.9882446457883648,0.9999673932257813
combined_overall,0.0001798739374512617,0.9882446457883648,0.9999673932257813
combined_overall,0.0001798739374512617,0.9882511083250397,0.9999673932257813
combined_overall,0.00018095102689707763,0.9882511083250397,0.9999673932257813
combined_overall,0.00018095102689707763,0.9883480463751632,0.9999673932257813
combined_overall,0.00018202811634289358,0.9883480463751632,0.9999673932257813
combined_overall,0.00018202811634289358,0.988360971448513,0.9999673932257813
combined_overall,0.0001831052057887095,0.988360971448513,0.9999673932257813
combined_overall,0.0001831052057887095,0.9884062092052373,0.9999673932257813
combined_overall,0.00018418229523452546,0.9884062092052373,0.9999673932257813
combined_overall,0.00018418229523452546,0.9884191342785871,0.9999673932257813
combined_overall,0.00018525938468034138,0.9884191342785871,0.9999673932257813
combined_overall,0.00018525938468034138,0.9884255968152619,0.9999673932257813
combined_overall,0.00018741356357197326,0.9884255968152619,0.9999673932257813
combined_overall,0.00018741356357197326,0.9884643720353113,0.9999673932257813
combined_overall,0.0001884906530177892,0.9884643720353113,0.9999673932257813
combined_overall,0.0001884906530177892,0.9884708345719861,0.9999673932257813
combined_overall,0.00018956774246360516,0.9884708345719861,0.9999673932257813
combined_overall,0.00018956774246360516,0.9884902221820109,0.9999673932257813
combined_overall,0.00019064483190942108,0.9884902221820109,0.9999673932257813
combined_overall,0.00019064483190942108,0.9884966847186858,0.9999673932257813
combined_overall,0.00019172192135523703,0.9884966847186858,0.9999673932257813
combined_overall,0.00019172192135523703,0.9885160723287104,0.9999673932257813
combined_overall,0.00019279901080105296,0.9885160723287104,0.9999673932257813
combined_overall,0.00019279901080105296,0.9885289974020602,0.9999673932257813
combined_overall,0.00019279901080105296,0.9886000853054842,0.9999673932257813
combined_overall,0.0001938761002468689,0.9886000853054842,0.9999673932257813
combined_overall,0.0001938761002468689,0.9886323979888586,0.9999673932257813
combined_overall,0.00019495318969268483,0.9886323979888586,0.9999673932257813
combined_overall,0.00019495318969268483,0.9886388605255335,0.9999673932257813
combined_overall,0.00019603027913850078,0.9886388605255335,0.9999673932257813
combined_overall,0.00019603027913850078,0.9886970233556075,0.9999673932257813
combined_overall,0.0001971073685843167,0.9886970233556075,0.9999673932257813
combined_overall,0.0001971073685843167,0.9887099484289573,0.9999673932257813
combined_overall,0.00019818445803013266,0.9887099484289573,0.9999673932257813
combined_overall,0.00019818445803013266,0.9887228735023071,0.9999673932257813
combined_overall,0.00019926154747594858,0.9887228735023071,0.9999673932257813
combined_overall,0.00019926154747594858,0.9887422611123318,0.9999673932257813
combined_overall,0.00020033863692176453,0.9887422611123318,0.9999673932257813
combined_overall,0.00020033863692176453,0.9887616487223565,0.9999673932257813
combined_overall,0.00020356990525921233,0.9887616487223565,0.9999673932257813
combined_overall,0.00020356990525921233,0.9887810363323812,0.9999673932257813
combined_overall,0.00020572408415084424,0.9887810363323812,0.9999673932257813
combined_overall,0.00020572408415084424,0.988787498869056,0.9999673932257813
combined_overall,0.00020680117359666016,0.988787498869056,0.9999673932257813
combined_overall,0.00020680117359666016,0.9888068864790808,0.9999673932257813
combined_overall,0.00020895535248829203,0.9888068864790808,0.9999673932257813
combined_overall,0.00020895535248829203,0.9888198115524306,0.9999673932257813
combined_overall,0.00021003244193410799,0.9888198115524306,0.9999673932257813
combined_overall,0.00021003244193410799,0.9888262740891055,0.9999673932257813
combined_overall,0.0002111095313799239,0.9888262740891055,0.9999673932257813
combined_overall,0.0002111095313799239,0.9888327366257803,0.9999673932257813
combined_overall,0.00021218662082573986,0.9888327366257803,0.9999673932257813
combined_overall,0.00021218662082573986,0.9888456616991301,0.9999673932257813
combined_overall,0.00021218662082573986,0.9888650493091549,0.9999673932257813
combined_overall,0.00021326371027155578,0.9888650493091549,0.9999673932257813
combined_overall,0.00021326371027155578,0.9888973619925293,0.9999673932257813
combined_overall,0.0002164949786090036,0.9888973619925293,0.9999673932257813
combined_overall,0.0002164949786090036,0.9889038245292042,0.9999673932257813
combined_overall,0.00021757206805481953,0.9889038245292042,0.9999673932257813
combined_overall,0.00021757206805481953,0.9889102870658791,0.9999673932257813
combined_overall,0.00021864915750063549,0.9889102870658791,0.9999673932257813
combined_overall,0.00021864915750063549,0.9889425997492536,0.9999673932257813
combined_overall,0.0002197262469464514,0.9889425997492536,0.9999673932257813
combined_overall,0.0002197262469464514,0.9889490622859285,0.9999673932257813
combined_overall,0.00022080333639226736,0.9889490622859285,0.9999673932257813
combined_overall,0.00022080333639226736,0.988974912432628,0.9999673932257813
combined_overall,0.00022188042583808328,0.988974912432628,0.9999673932257813
combined_overall,0.00022188042583808328,0.9889878375059779,0.9999673932257813
combined_overall,0.00022295751528389924,0.9889878375059779,0.9999673932257813
combined_overall,0.00022295751528389924,0.9890266127260272,0.9999673932257813
combined_overall,0.0002240346047297152,0.9890266127260272,0.9999673932257813
combined_overall,0.0002240346047297152,0.9890524628727269,0.9999673932257813
combined_overall,0.0002251116941755311,0.9890524628727269,0.9999673932257813
combined_overall,0.0002251116941755311,0.9890718504827515,0.9999673932257813
combined_overall,0.0002304971414046108,0.9890718504827515,0.9999673932257813
combined_overall,0.0002304971414046108,0.9890783130194264,0.9999673932257813
combined_overall,0.00023157423085042674,0.9890783130194264,0.9999673932257813
combined_overall,0.00023157423085042674,0.9890977006294511,0.9999673932257813
combined_overall,0.00023480549918787456,0.9890977006294511,0.9999673932257813
combined_overall,0.00023480549918787456,0.9891041631661259,0.9999673932257813
combined_overall,0.00023588258863369049,0.9891041631661259,0.9999673932257813
combined_overall,0.00023588258863369049,0.9891106257028008,0.9999673932257813
combined_overall,0.00023695967807950644,0.9891106257028008,0.9999673932257813
combined_overall,0.00023695967807950644,0.9891235507761507,0.9999673932257813
combined_overall,0.00023803676752532236,0.9891235507761507,0.9999673932257813
combined_overall,0.00023803676752532236,0.9891429383861754,0.9999673932257813
combined_overall,0.00024019094641695426,0.9891429383861754,0.9999673932257813
combined_overall,0.00024019094641695426,0.9891558634595251,0.9999673932257813
combined_overall,0.00024126803586277019,0.9891558634595251,0.9999673932257813
combined_overall,0.00024126803586277019,0.9892140262895992,0.9999673932257813
combined_overall,0.00024342221475440206,0.9892140262895992,0.9999673932257813
combined_overall,0.00024342221475440206,0.9892204888262741,0.9999673932257813
combined_overall,0.000244499304200218,0.9892204888262741,0.9999673932257813
combined_overall,0.000244499304200218,0.9892463389729736,0.9999673932257813
combined_overall,0.00024557639364603396,0.9892463389729736,0.9999673932257813
combined_overall,0.00024557639364603396,0.989285114193023,0.9999673932257813
combined_overall,0.0002466534830918499,0.989285114193023,0.9999673932257813
combined_overall,0.0002466534830918499,0.9892915767296979,0.9999673932257813
combined_overall,0.0002477305725376658,0.9892915767296979,0.9999673932257813
combined_overall,0.0002477305725376658,0.9893045018030477,0.9999673932257813
combined_overall,0.0002498847514292977,0.9893045018030477,0.9999673932257813
combined_overall,0.0002498847514292977,0.9893174268763976,0.9999673932257813
combined_overall,0.00025096184087511364,0.9893174268763976,0.9999673932257813
combined_overall,0.00025096184087511364,0.9893238894130724,0.9999673932257813
combined_overall,0.00025203893032092956,0.9893238894130724,0.9999673932257813
combined_overall,0.00025203893032092956,0.989349739559772,0.9999673932257813
combined_overall,0.0002531160197667455,0.989349739559772,0.9999673932257813
combined_overall,0.0002531160197667455,0.9893885147798214,0.9999673932257813
combined_overall,0.0002531160197667455,0.9894014398531712,0.9999673932257813
combined_overall,0.0002531160197667455,0.9894143649265209,0.9999673932257813
combined_overall,0.00025419310921256146,0.9894143649265209,0.9999673932257813
combined_overall,0.00025419310921256146,0.9894208274631958,0.9999673932257813
combined_overall,0.0002563472881041933,0.9894208274631958,0.9999673932257813
combined_overall,0.0002563472881041933,0.9894402150732206,0.9999673932257813
combined_overall,0.0002574243775500093,0.9894402150732206,0.9999673932257813
combined_overall,0.0002574243775500093,0.9894531401465704,0.9999673932257813
combined_overall,0.0002574243775500093,0.9894596026832452,0.9999673932257813
combined_overall,0.0002585014669958252,0.9894596026832452,0.9999673932257813
combined_overall,0.0002585014669958252,0.989472527756595,0.9999673932257813
combined_overall,0.0002585014669958252,0.9894789902932699,0.9999673932257813
combined_overall,0.00025957855644164114,0.9894789902932699,0.9999673932257813
combined_overall,0.00025957855644164114,0.9895113029766444,0.9999673932257813
combined_overall,0.00026173273533327304,0.9895113029766444,0.9999673932257813
combined_overall,0.00026173273533327304,0.9895306905866691,0.9999673932257813
combined_overall,0.00026280982477908896,0.9895306905866691,0.9999673932257813
combined_overall,0.00026280982477908896,0.9895565407333686,0.9999673932257813
combined_overall,0.0002638869142249049,0.9895565407333686,0.9999673932257813
combined_overall,0.0002638869142249049,0.9895630032700435,0.9999673932257813
combined_overall,0.0002649640036707208,0.9895630032700435,0.9999673932257813
combined_overall,0.0002649640036707208,0.9895888534167432,0.9999673932257813
combined_overall,0.0002649640036707208,0.9896017784900929,0.9999673932257813
combined_overall,0.0002649640036707208,0.9896147035634427,0.9999673932257813
combined_overall,0.0002660410931165368,0.9896147035634427,0.9999673932257813
combined_overall,0.0002660410931165368,0.9896211661001176,0.9999673932257813
combined_overall,0.0002671181825623527,0.9896211661001176,0.9999673932257813
combined_overall,0.0002671181825623527,0.9896340911734675,0.9999673932257813
combined_overall,0.00026819527200816864,0.9896340911734675,0.9999673932257813
combined_overall,0.00026819527200816864,0.9896405537101423,0.9999673932257813
combined_overall,0.00026927236145398456,0.9896405537101423,0.9999673932257813
combined_overall,0.00026927236145398456,0.989659941320167,0.9999673932257813
combined_overall,0.00027142654034561646,0.989659941320167,0.9999673932257813
combined_overall,0.00027142654034561646,0.9896857914668665,0.9999673932257813
combined_overall,0.0002725036297914324,0.9896857914668665,0.9999673932257813
combined_overall,0.0002725036297914324,0.9896987165402163,0.9999673932257813
combined_overall,0.0002746578086830643,0.9896987165402163,0.9999673932257813
combined_overall,0.0002746578086830643,0.9897116416135662,0.9999673932257813
combined_overall,0.0002778890770205121,0.9897116416135662,0.9999673932257813
combined_overall,0.0002778890770205121,0.9897568793702904,0.9999673932257813
combined_overall,0.00027896616646632804,0.9897568793702904,0.9999673932257813
combined_overall,0.00027896616646632804,0.9897698044436403,0.9999673932257813
combined_overall,0.0002811203453579599,0.9897698044436403,0.9999673932257813
combined_overall,0.0002811203453579599,0.9897762669803151,0.9999673932257813
combined_overall,0.00028219743480377586,0.9897762669803151,0.9999673932257813
combined_overall,0.00028219743480377586,0.9898215047370393,0.9999673932257813
combined_overall,0.0002832745242495918,0.9898215047370393,0.9999673932257813
combined_overall,0.0002832745242495918,0.9898279672737142,0.9999673932257813
combined_overall,0.00028865997147867146,0.9898279672737142,0.9999673932257813
combined_overall,0.00028865997147867146,0.9898408923470641,0.9999673932257813
combined_overall,0.00029835377649101494,0.9898408923470641,0.9999673932257813
combined_overall,0.00029835377649101494,0.989847354883739,0.9999673932257813
combined_overall,0.00030481631316591054,0.989847354883739,0.9999673932257813
combined_overall,0.00030481631316591054,0.9898538174204139,0.9999673932257813
combined_overall,0.00030589340261172646,0.9898538174204139,0.9999673932257813
combined_overall,0.00030589340261172646,0.9898602799570888,0.9999673932257813
combined_overall,0.00031558720762406994,0.9898602799570888,0.9999673932257813
combined_overall,0.00031558720762406994,0.9898925926404633,0.9999673932257813
combined_overall,0.00031666429706988586,0.9898925926404633,0.9999673932257813
combined_overall,0.00031666429706988586,0.9899249053238377,0.9999673932257813
combined_overall,0.0003177413865157018,0.9899249053238377,0.9999673932257813
combined_overall,0.0003177413865157018,0.9899378303971875,0.9999673932257813
combined_overall,0.0003177413865157018,0.9899507554705373,0.9999673932257813
combined_overall,0.0003177413865157018,0.9899830681539118,0.9999673932257813
combined_overall,0.00031881847596151777,0.9899830681539118,0.9999673932257813
combined_overall,0.00031881847596151777,0.9900283059106361,0.9999673932257813
combined_overall,0.0003209726548531496,0.9900283059106361,0.9999673932257813
combined_overall,0.0003209726548531496,0.9900412309839859,0.9999673932257813
combined_overall,0.00032204974429896554,0.9900412309839859,0.9999673932257813
combined_overall,0.00032204974429896554,0.9900476935206607,0.9999673932257813
combined_overall,0.00032420392319059744,0.9900476935206607,0.9999673932257813
combined_overall,0.00032420392319059744,0.9900606185940105,0.9999673932257813
combined_overall,0.00032528101263641336,0.9900606185940105,0.9999673932257813
combined_overall,0.00032528101263641336,0.990092931277385,0.9999673932257813
combined_overall,0.00032743519152804527,0.990092931277385,0.9999673932257813
combined_overall,0.00032743519152804527,0.990151094107459,0.9999673932257813
combined_overall,0.0003285122809738612,0.990151094107459,0.9999673932257813
combined_overall,0.0003285122809738612,0.9901640191808089,0.9999673932257813
combined_overall,0.0003295893704196771,0.9901640191808089,0.9999673932257813
combined_overall,0.0003295893704196771,0.9901704817174838,0.9999673932257813
combined_overall,0.0003306664598654931,0.9901704817174838,0.9999673932257813
combined_overall,0.0003306664598654931,0.9901834067908335,0.9999673932257813
combined_overall,0.000331743549311309,0.9901834067908335,0.9999673932257813
combined_overall,0.000331743549311309,0.9902351070842327,0.9999673932257813
combined_overall,0.00033282063875712494,0.9902351070842327,0.9999673932257813
combined_overall,0.00033282063875712494,0.9902415696209076,0.9999673932257813
combined_overall,0.00033497481764875684,0.9902415696209076,0.9999673932257813
combined_overall,0.00033497481764875684,0.9902480321575825,0.9999673932257813
combined_overall,0.00033605190709457277,0.9902480321575825,0.9999673932257813
combined_overall,0.00033605190709457277,0.9902674197676071,0.9999673932257813
combined_overall,0.0003371289965403887,0.9902674197676071,0.9999673932257813
combined_overall,0.0003371289965403887,0.990280344840957,0.9999673932257813
combined_overall,0.0003371289965403887,0.9902932699143068,0.9999673932257813
combined_overall,0.0003403602648778365,0.9902932699143068,0.9999673932257813
combined_overall,0.0003403602648778365,0.9903191200610063,0.9999673932257813
combined_overall,0.0003425144437694684,0.9903191200610063,0.9999673932257813
combined_overall,0.0003425144437694684,0.9903320451343561,0.9999673932257813
combined_overall,0.00034359153321528434,0.9903320451343561,0.9999673932257813
combined_overall,0.00034359153321528434,0.990344970207706,0.9999673932257813
combined_overall,0.0003457457121069162,0.990344970207706,0.9999673932257813
combined_overall,0.0003457457121069162,0.9903578952810557,0.9999673932257813
combined_overall,0.00034682280155273217,0.9903578952810557,0.9999673932257813
combined_overall,0.00034682280155273217,0.9903643578177306,0.9999673932257813
combined_overall,0.00035005406989017994,0.9903643578177306,0.9999673932257813
combined_overall,0.00035005406989017994,0.9903902079644302,0.9999673932257813
combined_overall,0.0003511311593359959,0.9903902079644302,0.9999673932257813
combined_overall,0.0003511311593359959,0.9903966705011051,0.9999673932257813
combined_overall,0.00035220824878181184,0.9903966705011051,0.9999673932257813
combined_overall,0.00035220824878181184,0.9904289831844796,0.9999673932257813
combined_overall,0.0003543624276734437,0.9904289831844796,0.9999673932257813
combined_overall,0.0003543624276734437,0.9904354457211545,0.9999673932257813
combined_overall,0.00035543951711925967,0.9904354457211545,0.9999673932257813
combined_overall,0.00035543951711925967,0.9904677584045289,0.9999673932257813
combined_overall,0.0003565166065650756,0.9904677584045289,0.9999673932257813
combined_overall,0.0003565166065650756,0.9904742209412039,0.9999673932257813
combined_overall,0.00035867078545670744,0.9904742209412039,0.9999673932257813
combined_overall,0.00035867078545670744,0.9904806834778788,0.9999673932257813
combined_overall,0.00036082496434833934,0.9904806834778788,0.9999673932257813
combined_overall,0.00036082496434833934,0.9904936085512285,0.9999673932257813
combined_overall,0.00036190205379415527,0.9904936085512285,0.9999673932257813
combined_overall,0.00036190205379415527,0.9905065336245783,0.9999673932257813
combined_overall,0.0003651333221316031,0.9905065336245783,0.9999673932257813
combined_overall,0.0003651333221316031,0.9905194586979281,0.9999673932257813
combined_overall,0.000366210411577419,0.9905194586979281,0.9999673932257813
combined_overall,0.000366210411577419,0.990525921234603,0.9999673932257813
combined_overall,0.000367287501023235,0.990525921234603,0.9999673932257813
combined_overall,0.000367287501023235,0.990532383771278,0.9999673932257813
combined_overall,0.00037051876936068277,0.990532383771278,0.9999673932257813
combined_overall,0.00037051876936068277,0.9905517713813026,0.9999673932257813
combined_overall,0.0003748271271439465,0.9905517713813026,0.9999673932257813
combined_overall,0.0003748271271439465,0.9905646964546524,0.9999673932257813
combined_overall,0.0003759042165897625,0.9905646964546524,0.9999673932257813
combined_overall,0.00038021257437302624,0.9905646964546524,0.9999673932257813
combined_overall,0.00038128966381884217,0.9905646964546524,0.9999673932257813
combined_overall,0.00038128966381884217,0.9905711589913273,0.9999673932257813
combined_overall,0.0003823667532646581,0.9905711589913273,0.9999673932257813
combined_overall,0.0003823667532646581,0.9905776215280022,0.9999673932257813
combined_overall,0.00038344384271047407,0.9905776215280022,0.9999673932257813
combined_overall,0.00038344384271047407,0.9905970091380268,0.9999673932257813
combined_overall,0.00038452093215629,0.9905970091380268,0.9999673932257813
combined_overall,0.00038452093215629,0.9906163967480516,0.9999673932257813
combined_overall,0.00038667511104792184,0.9906163967480516,0.9999673932257813
combined_overall,0.00038667511104792184,0.9906228592847265,0.9999673932257813
combined_overall,0.00038882928993955374,0.9906228592847265,0.9999673932257813
combined_overall,0.00038882928993955374,0.9906422468947511,0.9999673932257813
combined_overall,0.0003952918266144494,0.9906422468947511,0.9999673932257813
combined_overall,0.0003952918266144494,0.990648709431426,0.9999673932257813
combined_overall,0.00039852309495189717,0.990648709431426,0.9999673932257813
combined_overall,0.00039852309495189717,0.9906616345047758,0.9999673932257813
combined_overall,0.000401754363289345,0.9906616345047758,0.9999673932257813
combined_overall,0.000401754363289345,0.9906680970414508,0.9999673932257813
combined_overall,0.0004028314527351609,0.9906680970414508,0.9999673932257813
combined_overall,0.0004028314527351609,0.9906874846514754,0.9999673932257813
combined_overall,0.0004049856316267928,0.9906874846514754,0.9999673932257813
combined_overall,0.0004049856316267928,0.9907004097248252,0.9999673932257813
combined_overall,0.00041144816830168847,0.9907004097248252,0.9999673932257813
combined_overall,0.00041144816830168847,0.9907068722615001,0.9999673932257813
combined_overall,0.0004157565260849522,0.9907068722615001,0.9999673932257813
combined_overall,0.0004157565260849522,0.9907197973348498,0.9999673932257813
combined_overall,0.00041683361553076815,0.9907197973348498,0.9999673932257813
combined_overall,0.00041683361553076815,0.9907262598715247,0.9999673932257813
combined_overall,0.0004189877944224,0.9907262598715247,0.9999673932257813
combined_overall,0.0004189877944224,0.9907456474815495,0.9999673932257813
combined_overall,0.00042006488386821597,0.9907456474815495,0.9999673932257813
combined_overall,0.00042006488386821597,0.9907585725548993,0.9999673932257813
combined_overall,0.0004222190627598478,0.9907585725548993,0.9999673932257813
combined_overall,0.0004222190627598478,0.990771497628249,0.9999673932257813
combined_overall,0.00042329615220566374,0.990771497628249,0.9999673932257813
combined_overall,0.00042329615220566374,0.9907779601649239,0.9999673932257813
combined_overall,0.00042652742054311157,0.9907779601649239,0.9999673932257813
combined_overall,0.00042652742054311157,0.9907844227015988,0.9999673932257813
combined_overall,0.00042760450998892755,0.9907844227015988,0.9999673932257813
combined_overall,0.00042760450998892755,0.9907908852382737,0.9999673932257813
combined_overall,0.00043622122555545505,0.9907908852382737,0.9999673932257813
combined_overall,0.00043622122555545505,0.9908555106050226,0.9999673932257813
combined_overall,0.00043729831500127097,0.9908555106050226,0.9999673932257813
combined_overall,0.00043729831500127097,0.9908619731416975,0.9999673932257813
combined_overall,0.0004405295833387188,0.9908619731416975,0.9999673932257813
combined_overall,0.0004405295833387188,0.9908684356783725,0.9999673932257813
combined_overall,0.0004416066727845347,0.9908684356783725,0.9999673932257813
combined_overall,0.0004416066727845347,0.9908748982150474,0.9999673932257813
combined_overall,0.00044483794112198255,0.9908748982150474,0.9999673932257813
combined_overall,0.00044483794112198255,0.9908878232883972,0.9999673932257813
combined_overall,0.00044591503056779847,0.9908878232883972,0.9999673932257813
combined_overall,0.00044591503056779847,0.9909007483617469,0.9999673932257813
combined_overall,0.0004491462989052463,0.9909007483617469,0.9999673932257813
combined_overall,0.0004491462989052463,0.9909072108984218,0.9999673932257813
combined_overall,0.00045130047779687814,0.9909072108984218,0.9999673932257813
combined_overall,0.00045130047779687814,0.9909330610451215,0.9999673932257813
combined_overall,0.00045453174613432597,0.9909330610451215,0.9999673932257813
combined_overall,0.00045453174613432597,0.9909782988018457,0.9999673932257813
combined_overall,0.0004556088355801419,0.9909782988018457,0.9999673932257813
combined_overall,0.0004556088355801419,0.9909847613385206,0.9999673932257813
combined_overall,0.0004566859250259579,0.9909847613385206,0.9999673932257813
combined_overall,0.0004566859250259579,0.9909912238751954,0.9999673932257813
combined_overall,0.0004588401039175897,0.9909912238751954,0.9999673932257813
combined_overall,0.0004588401039175897,0.9909976864118704,0.9999673932257813
combined_overall,0.0004609942828092216,0.9909976864118704,0.9999673932257813
combined_overall,0.0004609942828092216,0.9910106114852202,0.9999673932257813
combined_overall,0.00046422555114666945,0.9910106114852202,0.9999673932257813
combined_overall,0.00046422555114666945,0.9910170740218951,0.9999673932257813
combined_overall,0.0004663797300383013,0.9910170740218951,0.9999673932257813
combined_overall,0.0004663797300383013,0.9910299990952449,0.9999673932257813
combined_overall,0.0004685339089299332,0.9910299990952449,0.9999673932257813
combined_overall,0.0004685339089299332,0.9910429241685946,0.9999673932257813
combined_overall,0.00047284226671319695,0.9910429241685946,0.9999673932257813
combined_overall,0.00047284226671319695,0.9910558492419445,0.9999673932257813
combined_overall,0.0004749964456048288,0.9910558492419445,0.9999673932257813
combined_overall,0.0004749964456048288,0.9910623117786194,0.9999673932257813
combined_overall,0.0004760735350506447,0.9910623117786194,0.9999673932257813
combined_overall,0.0004760735350506447,0.9910687743152943,0.9999673932257813
combined_overall,0.0004771506244964607,0.9910687743152943,0.9999673932257813
combined_overall,0.0004771506244964607,0.9910752368519692,0.9999673932257813
combined_overall,0.00047930480338809255,0.9910752368519692,0.9999673932257813
combined_overall,0.00047930480338809255,0.9910881619253189,0.9999673932257813
combined_overall,0.0004803818928339085,0.9910881619253189,0.9999673932257813
combined_overall,0.0004803818928339085,0.991146324755393,0.9999673932257813
combined_overall,0.00048253607172554037,0.991146324755393,0.9999673932257813
combined_overall,0.00048253607172554037,0.9911527872920679,0.9999673932257813
combined_overall,0.0004836131611713563,0.9911527872920679,0.9999673932257813
combined_overall,0.0004836131611713563,0.9911592498287428,0.9999673932257813
combined_overall,0.0004846902506171723,0.9911592498287428,0.9999673932257813
combined_overall,0.0004846902506171723,0.9911721749020925,0.9999673932257813
combined_overall,0.00048792151895462005,0.9911721749020925,0.9999673932257813
combined_overall,0.00048792151895462005,0.9911850999754424,0.9999673932257813
combined_overall,0.000488998608400436,0.9911850999754424,0.9999673932257813
combined_overall,0.000488998608400436,0.9912044875854671,0.9999673932257813
combined_overall,0.0004943840556295157,0.9912044875854671,0.9999673932257813
combined_overall,0.0004943840556295157,0.991210950122142,0.9999673932257813
combined_overall,0.0004965382345211475,0.991210950122142,0.9999673932257813
combined_overall,0.0004965382345211475,0.9912238751954917,0.9999673932257813
combined_overall,0.0004986924134127795,0.9912238751954917,0.9999673932257813
combined_overall,0.0004986924134127795,0.9912432628055164,0.9999673932257813
combined_overall,0.0005008465923044114,0.9912432628055164,0.9999673932257813
combined_overall,0.0005008465923044114,0.9912497253421914,0.9999673932257813
combined_overall,0.000506232039533491,0.9912497253421914,0.9999673932257813
combined_overall,0.0005083862184251229,0.9912497253421914,0.9999673932257813
combined_overall,0.0005094633078709389,0.9912497253421914,0.9999673932257813
combined_overall,0.0005094633078709389,0.9912561878788662,0.9999673932257813
combined_overall,0.0005105403973167548,0.9912561878788662,0.9999673932257813
combined_overall,0.0005105403973167548,0.9912885005622407,0.9999673932257813
combined_overall,0.0005126945762083866,0.9912885005622407,0.9999673932257813
combined_overall,0.0005126945762083866,0.9912949630989156,0.9999673932257813
combined_overall,0.0005159258445458345,0.9912949630989156,0.9999673932257813
combined_overall,0.0005159258445458345,0.9913078881722653,0.9999673932257813
combined_overall,0.0005170029339916504,0.9913078881722653,0.9999673932257813
combined_overall,0.0005170029339916504,0.9913208132456152,0.9999673932257813
combined_overall,0.0005202342023290982,0.9913208132456152,0.9999673932257813
combined_overall,0.0005202342023290982,0.9913272757822901,0.9999673932257813
combined_overall,0.0005213112917749141,0.9913272757822901,0.9999673932257813
combined_overall,0.0005213112917749141,0.991333738318965,0.9999673932257813
combined_overall,0.000524542560112362,0.991333738318965,0.9999673932257813
combined_overall,0.000524542560112362,0.9913531259289896,0.9999673932257813
combined_overall,0.0005256196495581779,0.9913531259289896,0.9999673932257813
combined_overall,0.0005256196495581779,0.9913595884656645,0.9999673932257813
combined_overall,0.0005288509178956257,0.9913595884656645,0.9999673932257813
combined_overall,0.0005310050967872577,0.9913595884656645,0.9999673932257813
combined_overall,0.0005331592756788895,0.9913595884656645,0.9999673932257813
combined_overall,0.0005331592756788895,0.9913660510023394,0.9999673932257813
combined_overall,0.0005363905440163373,0.9913660510023394,0.9999673932257813
combined_overall,0.0005363905440163373,0.9913725135390143,0.9999673932257813
combined_overall,0.0005396218123537852,0.9913725135390143,0.9999673932257813
combined_overall,0.0005396218123537852,0.9913854386123642,0.9999673932257813
combined_overall,0.0005439301701370488,0.9913854386123642,0.9999673932257813
combined_overall,0.0005439301701370488,0.9913983636857139,0.9999673932257813
combined_overall,0.0005460843490286807,0.9913983636857139,0.9999673932257813
combined_overall,0.0005460843490286807,0.9914048262223888,0.9999673932257813
combined_overall,0.0005568552434868402,0.9914048262223888,0.9999673932257813
combined_overall,0.0005568552434868402,0.9914177512957386,0.9999673932257813
combined_overall,0.000559009422378472,0.9914177512957386,0.9999673932257813
combined_overall,0.000559009422378472,0.9914242138324135,0.9999673932257813
combined_overall,0.0005654719590533677,0.9914242138324135,0.9999673932257813
combined_overall,0.0005654719590533677,0.9914306763690884,0.9999673932257813
combined_overall,0.0005708574062824473,0.9914306763690884,0.9999673932257813
combined_overall,0.0005708574062824473,0.9914371389057632,0.9999673932257813
combined_overall,0.0005773199429573429,0.9914371389057632,0.9999673932257813
combined_overall,0.0005773199429573429,0.9914436014424381,0.9999673932257813
combined_overall,0.0006042471791027415,0.9914436014424381,0.9999673932257813
combined_overall,0.0006064013579943733,0.9914436014424381,0.9999673932257813
combined_overall,0.0006074784474401892,0.9914436014424381,0.9999673932257813
combined_overall,0.0006074784474401892,0.9914500639791131,0.9999673932257813
combined_overall,0.000610709715777637,0.9914500639791131,0.9999673932257813
combined_overall,0.000610709715777637,0.991456526515788,0.9999673932257813
combined_overall,0.0006139409841150849,0.991456526515788,0.9999673932257813
combined_overall,0.0006139409841150849,0.9914629890524629,0.9999673932257813
combined_overall,0.0006193264313441645,0.9914629890524629,0.9999673932257813
combined_overall,0.0006193264313441645,0.9914759141258127,0.9999673932257813
combined_overall,0.0006247118785732442,0.9914759141258127,0.9999673932257813
combined_overall,0.0006247118785732442,0.9914823766624875,0.9999673932257813
combined_overall,0.0006257889680190602,0.9914823766624875,0.9999673932257813
combined_overall,0.0006257889680190602,0.9914888391991624,0.9999673932257813
combined_overall,0.0006376369519230355,0.9914888391991624,0.9999673932257813
combined_overall,0.0006376369519230355,0.9914953017358373,0.9999673932257813
combined_overall,0.0006397911308146674,0.9914953017358373,0.9999673932257813
combined_overall,0.0006397911308146674,0.9915017642725122,0.9999673932257813
combined_overall,0.0006440994885979311,0.9915017642725122,0.9999673932257813
combined_overall,0.0006440994885979311,0.9915082268091872,0.9999673932257813
combined_overall,0.0006451765780437471,0.9915082268091872,0.9999673932257813
combined_overall,0.0006451765780437471,0.9915146893458621,0.9999673932257813
combined_overall,0.000646253667489563,0.9915146893458621,0.9999673932257813
combined_overall,0.000646253667489563,0.991521151882537,0.9999673932257813
combined_overall,0.000647330756935379,0.991521151882537,0.9999673932257813
combined_overall,0.000647330756935379,0.9915276144192118,0.9999673932257813
combined_overall,0.0006516391147186427,0.9915276144192118,0.9999673932257813
combined_overall,0.0006516391147186427,0.9915405394925616,0.9999673932257813
combined_overall,0.0006537932936102746,0.9915405394925616,0.9999673932257813
combined_overall,0.0006537932936102746,0.9915534645659114,0.9999673932257813
combined_overall,0.0006613329197309862,0.9915534645659114,0.9999673932257813
combined_overall,0.0006613329197309862,0.9915599271025863,0.9999673932257813
combined_overall,0.000663487098622618,0.9915599271025863,0.9999673932257813
combined_overall,0.000663487098622618,0.9915663896392612,0.9999673932257813
combined_overall,0.000664564188068434,0.9915663896392612,0.9999673932257813
combined_overall,0.000664564188068434,0.991572852175936,0.9999673932257813
combined_overall,0.0006656412775142499,0.991572852175936,0.9999673932257813
combined_overall,0.0006656412775142499,0.9915857772492859,0.9999673932257813
combined_overall,0.0006742579930807774,0.9915857772492859,0.9999673932257813
combined_overall,0.0006742579930807774,0.9915922397859608,0.9999673932257813
combined_overall,0.0006764121719724092,0.9915922397859608,0.9999673932257813
combined_overall,0.0006764121719724092,0.9916051648593106,0.9999673932257813
combined_overall,0.0006796434403098571,0.9916051648593106,0.9999673932257813
combined_overall,0.0006796434403098571,0.9916180899326603,0.9999673932257813
combined_overall,0.000680720529755673,0.9916180899326603,0.9999673932257813
combined_overall,0.000680720529755673,0.9916245524693352,0.9999673932257813
combined_overall,0.000681797619201489,0.9916245524693352,0.9999673932257813
combined_overall,0.000681797619201489,0.9916310150060101,0.9999673932257813
combined_overall,0.000681797619201489,0.99164394007936,0.9999673932257813
combined_overall,0.0006861059769847528,0.99164394007936,0.9999673932257813
combined_overall,0.0006861059769847528,0.9916504026160349,0.9999673932257813
combined_overall,0.0006882601558763846,0.9916504026160349,0.9999673932257813
combined_overall,0.0006904143347680165,0.9916504026160349,0.9999673932257813
combined_overall,0.0006936456031054643,0.9916504026160349,0.9999673932257813
combined_overall,0.0006936456031054643,0.9916568651527098,0.9999673932257813
combined_overall,0.0006957997819970962,0.9916568651527098,0.9999673932257813
combined_overall,0.0006957997819970962,0.9916697902260595,0.9999673932257813
combined_overall,0.000699031050334544,0.9916697902260595,0.9999673932257813
combined_overall,0.000699031050334544,0.9916827152994093,0.9999673932257813
combined_overall,0.0007022623186719918,0.9916827152994093,0.9999673932257813
combined_overall,0.0007022623186719918,0.9916891778360842,0.9999673932257813
combined_overall,0.0007044164975636237,0.9916891778360842,0.9999673932257813
combined_overall,0.0007054935870094396,0.9916891778360842,0.9999673932257813
combined_overall,0.0007054935870094396,0.9916956403727591,0.9999673932257813
combined_overall,0.0007065706764552555,0.9916956403727591,0.9999673932257813
combined_overall,0.0007065706764552555,0.9917085654461089,0.9999673932257813
combined_overall,0.0007076477659010715,0.9917085654461089,0.9999673932257813
combined_overall,0.0007076477659010715,0.9917150279827838,0.9999673932257813
combined_overall,0.0007130332131301512,0.9917150279827838,0.9999673932257813
combined_overall,0.0007130332131301512,0.9917214905194587,0.9999673932257813
combined_overall,0.0007141103025759671,0.9917214905194587,0.9999673932257813
combined_overall,0.0007141103025759671,0.9917279530561336,0.9999673932257813
combined_overall,0.0007259582864799425,0.9917279530561336,0.9999673932257813
combined_overall,0.0007259582864799425,0.9917344155928085,0.9999673932257813
combined_overall,0.0007281124653715743,0.9917344155928085,0.9999673932257813
combined_overall,0.0007281124653715743,0.9917408781294834,0.9999673932257813
combined_overall,0.0007291895548173903,0.9917408781294834,0.9999673932257813
combined_overall,0.0007291895548173903,0.9917538032028331,0.9999673932257813
combined_overall,0.0007313437337090221,0.9917538032028331,0.9999673932257813
combined_overall,0.0007313437337090221,0.991760265739508,0.9999673932257813
combined_overall,0.0007356520914922859,0.991760265739508,0.9999673932257813
combined_overall,0.0007356520914922859,0.991766728276183,0.9999673932257813
combined_overall,0.0007378062703839178,0.991766728276183,0.9999673932257813
combined_overall,0.0007378062703839178,0.9917731908128579,0.9999673932257813
combined_overall,0.0007410375387213655,0.9917731908128579,0.9999673932257813
combined_overall,0.0007410375387213655,0.9917796533495328,0.9999673932257813
combined_overall,0.0007464229859504453,0.9917796533495328,0.9999673932257813
combined_overall,0.0007464229859504453,0.9917990409595574,0.9999673932257813
combined_overall,0.000749654254287893,0.9917990409595574,0.9999673932257813
combined_overall,0.000749654254287893,0.9918119660329072,0.9999673932257813
combined_overall,0.000751808433179525,0.9918119660329072,0.9999673932257813
combined_overall,0.000751808433179525,0.9918184285695821,0.9999673932257813
combined_overall,0.0007561167909627887,0.9918184285695821,0.9999673932257813
combined_overall,0.0007561167909627887,0.991824891106257,0.9999673932257813
combined_overall,0.0007593480593002366,0.991824891106257,0.9999673932257813
combined_overall,0.0007593480593002366,0.991831353642932,0.9999673932257813
combined_overall,0.0007604251487460525,0.991831353642932,0.9999673932257813
combined_overall,0.0007604251487460525,0.9918442787162817,0.9999673932257813
combined_overall,0.0007647335065293162,0.9918442787162817,0.9999673932257813
combined_overall,0.0007647335065293162,0.9918507412529566,0.9999673932257813
combined_overall,0.0007668876854209481,0.9918507412529566,0.9999673932257813
combined_overall,0.0007668876854209481,0.9918636663263064,0.9999673932257813
combined_overall,0.0007722731326500278,0.9918636663263064,0.9999673932257813
combined_overall,0.0007722731326500278,0.9918765913996562,0.9999673932257813
combined_overall,0.0007733502220958437,0.9918765913996562,0.9999673932257813
combined_overall,0.0007733502220958437,0.9918830539363311,0.9999673932257813
combined_overall,0.0007744273115416597,0.9918830539363311,0.9999673932257813
combined_overall,0.0007744273115416597,0.9918895164730059,0.9999673932257813
combined_overall,0.0007755044009874756,0.9918895164730059,0.9999673932257813
combined_overall,0.0007755044009874756,0.9918959790096809,0.9999673932257813
combined_overall,0.0007765814904332916,0.9918959790096809,0.9999673932257813
combined_overall,0.0007765814904332916,0.9919024415463558,0.9999673932257813
combined_overall,0.0007776585798791075,0.9919024415463558,0.9999673932257813
combined_overall,0.0007776585798791075,0.9919089040830307,0.9999673932257813
combined_overall,0.0007787356693249234,0.9919089040830307,0.9999673932257813
combined_overall,0.0007787356693249234,0.9919282916930554,0.9999673932257813
combined_overall,0.0007798127587707393,0.9919282916930554,0.9999673932257813
combined_overall,0.0007798127587707393,0.9919412167664051,0.9999673932257813
combined_overall,0.0007808898482165553,0.9919412167664051,0.9999673932257813
combined_overall,0.0007808898482165553,0.99194767930308,0.9999673932257813
combined_overall,0.0007819669376623712,0.99194767930308,0.9999673932257813
combined_overall,0.0007819669376623712,0.9919541418397549,0.9999673932257813
combined_overall,0.0007830440271081872,0.9919541418397549,0.9999673932257813
combined_overall,0.0007830440271081872,0.9919799919864545,0.9999673932257813
combined_overall,0.000786275295445635,0.9919799919864545,0.9999673932257813
combined_overall,0.000786275295445635,0.9919993795964792,0.9999673932257813
combined_overall,0.0007873523848914509,0.9919993795964792,0.9999673932257813
combined_overall,0.0007873523848914509,0.9920252297431787,0.9999673932257813
combined_overall,0.0007895065637830828,0.9920252297431787,0.9999673932257813
combined_overall,0.0007895065637830828,0.9920510798898784,0.9999673932257813
combined_overall,0.0007905836532288988,0.9920510798898784,0.9999673932257813
combined_overall,0.0007905836532288988,0.9920640049632282,0.9999673932257813
combined_overall,0.0007916607426747147,0.9920640049632282,0.9999673932257813
combined_overall,0.0007916607426747147,0.9920769300365779,0.9999673932257813
combined_overall,0.0007927378321205306,0.9920769300365779,0.9999673932257813
combined_overall,0.0007927378321205306,0.9920833925732528,0.9999673932257813
combined_overall,0.0007970461899037943,0.9920833925732528,0.9999673932257813
combined_overall,0.0007970461899037943,0.9920963176466027,0.9999673932257813
combined_overall,0.0007981232793496103,0.9920963176466027,0.9999673932257813
combined_overall,0.0007981232793496103,0.9921092427199525,0.9999673932257813
combined_overall,0.0008002774582412422,0.9921092427199525,0.9999673932257813
combined_overall,0.0008002774582412422,0.9921286303299771,0.9999673932257813
combined_overall,0.0008013545476870581,0.9921286303299771,0.9999673932257813
combined_overall,0.0008013545476870581,0.9921544804766768,0.9999673932257813
combined_overall,0.0008024316371328741,0.9921544804766768,0.9999673932257813
combined_overall,0.0008024316371328741,0.9921609430133516,0.9999673932257813
combined_overall,0.00080350872657869,0.9921609430133516,0.9999673932257813
combined_overall,0.00080350872657869,0.9921932556967261,0.9999673932257813
combined_overall,0.0008045858160245059,0.9921932556967261,0.9999673932257813
combined_overall,0.0008045858160245059,0.992199718233401,0.9999673932257813
combined_overall,0.0008056629054703218,0.992199718233401,0.9999673932257813
combined_overall,0.0008056629054703218,0.9922255683801006,0.9999673932257813
combined_overall,0.0008067399949161379,0.9922255683801006,0.9999673932257813
combined_overall,0.0008067399949161379,0.9922320309167755,0.9999673932257813
combined_overall,0.0008099712632535856,0.9922320309167755,0.9999673932257813
combined_overall,0.0008099712632535856,0.9922449559901253,0.9999673932257813
combined_overall,0.0008110483526994016,0.9922449559901253,0.9999673932257813
combined_overall,0.0008110483526994016,0.992257881063475,0.9999673932257813
combined_overall,0.0008121254421452175,0.992257881063475,0.9999673932257813
combined_overall,0.0008121254421452175,0.9922708061368248,0.9999673932257813
combined_overall,0.0008132025315910334,0.9922708061368248,0.9999673932257813
combined_overall,0.0008132025315910334,0.9922837312101747,0.9999673932257813
combined_overall,0.0008164337999284813,0.9922837312101747,0.9999673932257813
combined_overall,0.0008164337999284813,0.9922901937468495,0.9999673932257813
combined_overall,0.0008218192471575609,0.9922901937468495,0.9999673932257813
combined_overall,0.0008218192471575609,0.9922966562835244,0.9999673932257813
combined_overall,0.0008239734260491929,0.9922966562835244,0.9999673932257813
combined_overall,0.0008239734260491929,0.9923095813568742,0.9999673932257813
combined_overall,0.0008250505154950088,0.9923095813568742,0.9999673932257813
combined_overall,0.0008250505154950088,0.9923160438935491,0.9999673932257813
combined_overall,0.0008261276049408247,0.9923160438935491,0.9999673932257813
combined_overall,0.0008261276049408247,0.992322506430224,0.9999673932257813
combined_overall,0.0008272046943866406,0.992322506430224,0.9999673932257813
combined_overall,0.0008272046943866406,0.9923289689668989,0.9999673932257813
combined_overall,0.0008315130521699044,0.9923289689668989,0.9999673932257813
combined_overall,0.0008315130521699044,0.9923418940402486,0.9999673932257813
combined_overall,0.0008336672310615363,0.9923418940402486,0.9999673932257813
combined_overall,0.0008336672310615363,0.9923483565769236,0.9999673932257813
combined_overall,0.0008347443205073522,0.9923483565769236,0.9999673932257813
combined_overall,0.0008347443205073522,0.9923548191135985,0.9999673932257813
combined_overall,0.0008368984993989841,0.9923548191135985,0.9999673932257813
combined_overall,0.0008368984993989841,0.9923612816502734,0.9999673932257813
combined_overall,0.0008379755888448,0.9923612816502734,0.9999673932257813
combined_overall,0.0008379755888448,0.9923677441869483,0.9999673932257813
combined_overall,0.000839052678290616,0.9923677441869483,0.9999673932257813
combined_overall,0.000839052678290616,0.9923871317969729,0.9999673932257813
combined_overall,0.0008412068571822479,0.9923871317969729,0.9999673932257813
combined_overall,0.0008412068571822479,0.9923935943336478,0.9999673932257813
combined_overall,0.0008433610360738797,0.9923935943336478,0.9999673932257813
combined_overall,0.0008433610360738797,0.9924000568703227,0.9999673932257813
combined_overall,0.0008444381255196956,0.9924000568703227,0.9999673932257813
combined_overall,0.0008444381255196956,0.9924065194069976,0.9999673932257813
combined_overall,0.0008465923044113275,0.9924065194069976,0.9999673932257813
combined_overall,0.0008465923044113275,0.9924194444803475,0.9999673932257813
combined_overall,0.0008487464833029594,0.9924194444803475,0.9999673932257813
combined_overall,0.0008487464833029594,0.9924259070170223,0.9999673932257813
combined_overall,0.0008498235727487754,0.9924259070170223,0.9999673932257813
combined_overall,0.0008498235727487754,0.9924388320903721,0.9999673932257813
combined_overall,0.0008541319305320391,0.9924388320903721,0.9999673932257813
combined_overall,0.0008541319305320391,0.992445294627047,0.9999673932257813
combined_overall,0.0008552090199778551,0.992445294627047,0.9999673932257813
combined_overall,0.0008552090199778551,0.9924517571637219,0.9999673932257813
combined_overall,0.0008584402883153029,0.9924517571637219,0.9999673932257813
combined_overall,0.0008584402883153029,0.9924582197003968,0.9999673932257813
combined_overall,0.0008616715566527506,0.9924582197003968,0.9999673932257813
combined_overall,0.0008616715566527506,0.9924646822370717,0.9999673932257813
combined_overall,0.0008638257355443826,0.9924646822370717,0.9999673932257813
combined_overall,0.0008638257355443826,0.9924711447737465,0.9999673932257813
combined_overall,0.0008659799144360144,0.9924711447737465,0.9999673932257813
combined_overall,0.0008659799144360144,0.9924840698470964,0.9999673932257813
combined_overall,0.0008681340933276463,0.9924840698470964,0.9999673932257813
combined_overall,0.0008681340933276463,0.9924969949204462,0.9999673932257813
combined_overall,0.0008681340933276463,0.9925034574571211,0.9999673932257813
combined_overall,0.0008745966300025419,0.9925034574571211,0.9999673932257813
combined_overall,0.0008745966300025419,0.992509919993796,0.9999673932257813
combined_overall,0.0008756737194483579,0.992509919993796,0.9999673932257813
combined_overall,0.0008756737194483579,0.9925163825304708,0.9999673932257813
combined_overall,0.0008778278983399897,0.9925163825304708,0.9999673932257813
combined_overall,0.0008778278983399897,0.9925228450671457,0.9999673932257813
combined_overall,0.0008832133455690694,0.9925228450671457,0.9999673932257813
combined_overall,0.0008832133455690694,0.9925293076038206,0.9999673932257813
combined_overall,0.0008853675244607013,0.9925293076038206,0.9999673932257813
combined_overall,0.0008853675244607013,0.9925422326771705,0.9999673932257813
combined_overall,0.0009004467767021244,0.9925422326771705,0.9999673932257813
combined_overall,0.0009004467767021244,0.9925486952138454,0.9999673932257813
combined_overall,0.0009112176711602838,0.9925486952138454,0.9999673932257813
combined_overall,0.0009112176711602838,0.9925616202871951,0.9999673932257813
combined_overall,0.0009284511022933389,0.9925616202871951,0.9999673932257813
combined_overall,0.0009284511022933389,0.99256808282387,0.9999673932257813
combined_overall,0.0009510699806554735,0.99256808282387,0.9999673932257813
combined_overall,0.0009532241595471055,0.99256808282387,0.9999673932257813
combined_overall,0.0009543012489929214,0.99256808282387,0.9999673932257813
combined_overall,0.0009564554278845532,0.99256808282387,0.9999673932257813
combined_overall,0.0009586096067761851,0.99256808282387,0.9999673932257813
combined_overall,0.0009586096067761851,0.9925745453605449,0.9999673932257813
combined_overall,0.0009629179645594489,0.9925745453605449,0.9999673932257813
combined_overall,0.0009629179645594489,0.9925810078972198,0.9999673932257813
combined_overall,0.0009683034117885285,0.9925810078972198,0.9999673932257813
combined_overall,0.0009683034117885285,0.9925874704338947,0.9999673932257813
combined_overall,0.0009693805012343445,0.9925874704338947,0.9999673932257813
combined_overall,0.0009693805012343445,0.9925939329705696,0.9999673932257813
combined_overall,0.0009898452007048473,0.9925939329705696,0.9999673932257813
combined_overall,0.0009898452007048473,0.9926068580439193,0.9999673932257813
combined_overall,0.000994153558488111,0.9926068580439193,0.9999673932257813
combined_overall,0.000994153558488111,0.9926197831172692,0.9999673932257813
combined_overall,0.0010016931846088227,0.9926197831172692,0.9999673932257813
combined_overall,0.0010016931846088227,0.9926262456539441,0.9999673932257813
combined_overall,0.0010189266157418777,0.9926262456539441,0.9999673932257813
combined_overall,0.0010189266157418777,0.992632708190619,0.9999673932257813
combined_overall,0.0010200037051876936,0.992632708190619,0.9999673932257813
combined_overall,0.0010200037051876936,0.9926391707272939,0.9999673932257813
combined_overall,0.0010404684046581964,0.9926391707272939,0.9999673932257813
combined_overall,0.0010404684046581964,0.9926520958006436,0.9999673932257813
combined_overall,0.001049085120224724,0.9926520958006436,0.9999673932257813
combined_overall,0.001049085120224724,0.9926585583373185,0.9999673932257813
combined_overall,0.0010695498196952268,0.9926585583373185,0.9999673932257813
combined_overall,0.0010695498196952268,0.9926650208739934,0.9999673932257813
combined_overall,0.0010738581774784905,0.9926650208739934,0.9999673932257813
combined_overall,0.0010760123563701223,0.9926650208739934,0.9999673932257813
combined_overall,0.0010770894458159382,0.9926650208739934,0.9999673932257813
combined_overall,0.0010770894458159382,0.9926714834106684,0.9999673932257813
combined_overall,0.0010803207141533862,0.9926714834106684,0.9999673932257813
combined_overall,0.0010803207141533862,0.9926779459473433,0.9999673932257813
combined_overall,0.00108462907193665,0.9926779459473433,0.9999673932257813
combined_overall,0.00108462907193665,0.9926844084840182,0.9999673932257813
combined_overall,0.0010878603402740977,0.9926844084840182,0.9999673932257813
combined_overall,0.0010878603402740977,0.9926908710206931,0.9999673932257813
combined_overall,0.0010964770558406253,0.9926908710206931,0.9999673932257813
combined_overall,0.0010964770558406253,0.9926973335573679,0.9999673932257813
combined_overall,0.001099708324178073,0.9926973335573679,0.9999673932257813
combined_overall,0.001099708324178073,0.9927037960940428,0.9999673932257813
combined_overall,0.0011126333975278644,0.9927037960940428,0.9999673932257813
combined_overall,0.0011126333975278644,0.9927102586307177,0.9999673932257813
combined_overall,0.0011212501130943918,0.9927102586307177,0.9999673932257813
combined_overall,0.0011212501130943918,0.9927167211673926,0.9999673932257813
combined_overall,0.0011277126497692875,0.9927167211673926,0.9999673932257813
combined_overall,0.0011277126497692875,0.9927231837040675,0.9999673932257813
combined_overall,0.0011330980969983672,0.9927231837040675,0.9999673932257813
combined_overall,0.0011330980969983672,0.9927296462407424,0.9999673932257813
combined_overall,0.001135252275889999,0.9927296462407424,0.9999673932257813
combined_overall,0.001135252275889999,0.9927361087774174,0.9999673932257813
combined_overall,0.0011417148125648945,0.9927361087774174,0.9999673932257813
combined_overall,0.0011417148125648945,0.9927425713140922,0.9999673932257813
combined_overall,0.0011427919020107105,0.9927425713140922,0.9999673932257813
combined_overall,0.0011427919020107105,0.9927490338507671,0.9999673932257813
combined_overall,0.0011481773492397903,0.9927490338507671,0.9999673932257813
combined_overall,0.0011481773492397903,0.992755496387442,0.9999673932257813
combined_overall,0.001152485707023054,0.992755496387442,0.9999673932257813
combined_overall,0.001152485707023054,0.9927619589241169,0.9999673932257813
combined_overall,0.00115356279646887,0.9927619589241169,0.9999673932257813
combined_overall,0.00115356279646887,0.9927684214607918,0.9999673932257813
combined_overall,0.0011589482436979495,0.9927684214607918,0.9999673932257813
combined_overall,0.0011589482436979495,0.9927748839974667,0.9999673932257813
combined_overall,0.0011804900326142685,0.9927748839974667,0.9999673932257813
combined_overall,0.0011804900326142685,0.9927813465341416,0.9999673932257813
combined_overall,0.0011891067481807959,0.9927813465341416,0.9999673932257813
combined_overall,0.0011891067481807959,0.9927878090708164,0.9999673932257813
combined_overall,0.0011901838376266118,0.9927878090708164,0.9999673932257813
combined_overall,0.0011901838376266118,0.9927942716074913,0.9999673932257813
combined_overall,0.0011912609270724277,0.9927942716074913,0.9999673932257813
combined_overall,0.0011912609270724277,0.9928007341441663,0.9999673932257813
combined_overall,0.0011998776426389553,0.9928007341441663,0.9999673932257813
combined_overall,0.0011998776426389553,0.9928071966808412,0.9999673932257813
combined_overall,0.001204186000422219,0.9928071966808412,0.9999673932257813
combined_overall,0.001204186000422219,0.9928136592175161,0.9999673932257813
combined_overall,0.001208494358205483,0.9928136592175161,0.9999673932257813
combined_overall,0.001208494358205483,0.992820121754191,0.9999673932257813
combined_overall,0.0012095714476512988,0.992820121754191,0.9999673932257813
combined_overall,0.0012095714476512988,0.9928330468275407,0.9999673932257813
combined_overall,0.0012117256265429307,0.9928330468275407,0.9999673932257813
combined_overall,0.0012117256265429307,0.9928459719008905,0.9999673932257813
combined_overall,0.0012128027159887466,0.9928459719008905,0.9999673932257813
combined_overall,0.0012128027159887466,0.9928524344375654,0.9999673932257813
combined_overall,0.0012192652526636422,0.9928524344375654,0.9999673932257813
combined_overall,0.0012192652526636422,0.9928588969742403,0.9999673932257813
combined_overall,0.001225727789338538,0.9928588969742403,0.9999673932257813
combined_overall,0.001225727789338538,0.9928718220475902,0.9999673932257813
combined_overall,0.0012321903260134335,0.9928718220475902,0.9999673932257813
combined_overall,0.0012321903260134335,0.9928847471209399,0.9999673932257813
combined_overall,0.0012332674154592494,0.9928847471209399,0.9999673932257813
combined_overall,0.0012332674154592494,0.9928912096576148,0.9999673932257813
combined_overall,0.001237575773242513,0.9928912096576148,0.9999673932257813
combined_overall,0.0012494237571464885,0.9928912096576148,0.9999673932257813
combined_overall,0.0012494237571464885,0.9929041347309646,0.9999673932257813
combined_overall,0.0012526550254839362,0.9929041347309646,0.9999673932257813
combined_overall,0.0012526550254839362,0.9929105972676395,0.9999673932257813
combined_overall,0.0012537321149297522,0.9929105972676395,0.9999673932257813
combined_overall,0.0012537321149297522,0.9929299848776642,0.9999673932257813
combined_overall,0.001254809204375568,0.9929299848776642,0.9999673932257813
combined_overall,0.001254809204375568,0.9929364474143391,0.9999673932257813
combined_overall,0.0012569633832672001,0.9929364474143391,0.9999673932257813
combined_overall,0.0012569633832672001,0.992942909951014,0.9999673932257813
combined_overall,0.001259117562158832,0.992942909951014,0.9999673932257813
combined_overall,0.001259117562158832,0.9929558350243638,0.9999673932257813
combined_overall,0.0012645030093879116,0.9929558350243638,0.9999673932257813
combined_overall,0.0012645030093879116,0.9929622975610387,0.9999673932257813
combined_overall,0.001275273903846071,0.9929622975610387,0.9999673932257813
combined_overall,0.001275273903846071,0.9929687600977135,0.9999673932257813
combined_overall,0.0012795822616293348,0.9929687600977135,0.9999673932257813
combined_overall,0.0012795822616293348,0.9930786232211868,0.9999673932257813
combined_overall,0.0012806593510751507,0.9930786232211868,0.9999673932257813
combined_overall,0.0012806593510751507,0.9930850857578617,0.9999673932257813
combined_overall,0.0012838906194125985,0.9930850857578617,0.9999673932257813
combined_overall,0.0012838906194125985,0.9930915482945366,0.9999673932257813
combined_overall,0.0012860447983042303,0.9930915482945366,0.9999673932257813
combined_overall,0.0012860447983042303,0.9930980108312115,0.9999673932257813
combined_overall,0.0012871218877500462,0.9930980108312115,0.9999673932257813
combined_overall,0.0012871218877500462,0.9931109359045612,0.9999673932257813
combined_overall,0.0012881989771958622,0.9931109359045612,0.9999673932257813
combined_overall,0.0012881989771958622,0.9931367860512609,0.9999673932257813
combined_overall,0.0012892760666416783,0.9931367860512609,0.9999673932257813
combined_overall,0.0012892760666416783,0.9931432485879358,0.9999673932257813
combined_overall,0.0012892760666416783,0.9931561736612855,0.9999673932257813
combined_overall,0.0012892760666416783,0.9931626361979604,0.9999673932257813
combined_overall,0.0012892760666416783,0.9931755612713102,0.9999673932257813
combined_overall,0.0012892760666416783,0.9931884863446601,0.9999673932257813
combined_overall,0.0012903531560874942,0.9931884863446601,0.9999673932257813
combined_overall,0.0012903531560874942,0.993246649174734,0.9999673932257813
combined_overall,0.0012914302455333101,0.993246649174734,0.9999673932257813
combined_overall,0.0012914302455333101,0.9932983494681332,0.9999673932257813
combined_overall,0.001292507334979126,0.9932983494681332,0.9999673932257813
combined_overall,0.001292507334979126,0.993311274541483,0.9999673932257813
combined_overall,0.001293584424424942,0.993311274541483,0.9999673932257813
combined_overall,0.001293584424424942,0.9933241996148328,0.9999673932257813
combined_overall,0.001294661513870758,0.9933241996148328,0.9999673932257813
combined_overall,0.001294661513870758,0.9933435872248575,0.9999673932257813
combined_overall,0.0012968156927623898,0.9933435872248575,0.9999673932257813
combined_overall,0.0012968156927623898,0.9933565122982073,0.9999673932257813
combined_overall,0.0012989698716540216,0.9933565122982073,0.9999673932257813
combined_overall,0.0012989698716540216,0.9933629748348822,0.9999673932257813
combined_overall,0.0013022011399914694,0.9933629748348822,0.9999673932257813
combined_overall,0.0013022011399914694,0.993369437371557,0.9999673932257813
combined_overall,0.0013032782294372853,0.993369437371557,0.9999673932257813
combined_overall,0.0013032782294372853,0.9934211376649562,0.9999673932257813
combined_overall,0.0013043553188831012,0.9934211376649562,0.9999673932257813
combined_overall,0.0013043553188831012,0.9934534503483308,0.9999673932257813
combined_overall,0.0013054324083289174,0.9934534503483308,0.9999673932257813
combined_overall,0.0013054324083289174,0.9934728379583554,0.9999673932257813
combined_overall,0.0013065094977747333,0.9934728379583554,0.9999673932257813
combined_overall,0.0013065094977747333,0.9934857630317052,0.9999673932257813
combined_overall,0.0013075865872205492,0.9934857630317052,0.9999673932257813
combined_overall,0.0013075865872205492,0.9935051506417298,0.9999673932257813
combined_overall,0.001309740766112181,0.9935051506417298,0.9999673932257813
combined_overall,0.001309740766112181,0.9935116131784048,0.9999673932257813
combined_overall,0.0013129720344496288,0.9935116131784048,0.9999673932257813
combined_overall,0.0013129720344496288,0.9935503883984541,0.9999673932257813
combined_overall,0.0013140491238954448,0.9935503883984541,0.9999673932257813
combined_overall,0.0013140491238954448,0.9936085512285282,0.9999673932257813
combined_overall,0.0013151262133412607,0.9936085512285282,0.9999673932257813
combined_overall,0.0013151262133412607,0.993621476301878,0.9999673932257813
combined_overall,0.0013162033027870766,0.993621476301878,0.9999673932257813
combined_overall,0.0013162033027870766,0.9936279388385529,0.9999673932257813
combined_overall,0.0013172803922328925,0.9936279388385529,0.9999673932257813
combined_overall,0.0013172803922328925,0.9936344013752278,0.9999673932257813
combined_overall,0.0013183574816787085,0.9936344013752278,0.9999673932257813
combined_overall,0.0013183574816787085,0.9936602515219274,0.9999673932257813
combined_overall,0.0013194345711245244,0.9936602515219274,0.9999673932257813
combined_overall,0.0013194345711245244,0.9936796391319521,0.9999673932257813
combined_overall,0.0013205116605703403,0.9936796391319521,0.9999673932257813
combined_overall,0.0013205116605703403,0.9936990267419767,0.9999673932257813
combined_overall,0.0013226658394619724,0.9936990267419767,0.9999673932257813
combined_overall,0.0013226658394619724,0.9937184143520015,0.9999673932257813
combined_overall,0.0013248200183536042,0.9937184143520015,0.9999673932257813
combined_overall,0.0013248200183536042,0.9937313394253512,0.9999673932257813
combined_overall,0.0013312825550284998,0.9937313394253512,0.9999673932257813
combined_overall,0.0013312825550284998,0.9937378019620261,0.9999673932257813
combined_overall,0.0013334367339201316,0.9937378019620261,0.9999673932257813
combined_overall,0.0013355909128117635,0.9937378019620261,0.9999673932257813
combined_overall,0.0013377450917033955,0.9937378019620261,0.9999673932257813
combined_overall,0.0013377450917033955,0.993744264498701,0.9999673932257813
combined_overall,0.0013388221811492114,0.993744264498701,0.9999673932257813
combined_overall,0.0013388221811492114,0.9937571895720508,0.9999673932257813
combined_overall,0.0013431305389324751,0.9937571895720508,0.9999673932257813
combined_overall,0.0013431305389324751,0.9937636521087257,0.9999673932257813
combined_overall,0.001344207628378291,0.9937636521087257,0.9999673932257813
combined_overall,0.001344207628378291,0.9937959647921002,0.9999673932257813
combined_overall,0.001345284717824107,0.9937959647921002,0.9999673932257813
combined_overall,0.001345284717824107,0.9938218149387997,0.9999673932257813
combined_overall,0.0013485159861615548,0.9938218149387997,0.9999673932257813
combined_overall,0.0013485159861615548,0.9938412025488245,0.9999673932257813
combined_overall,0.0013506701650531866,0.9938412025488245,0.9999673932257813
combined_overall,0.0013506701650531866,0.9938541276221743,0.9999673932257813
combined_overall,0.0013528243439448185,0.9938541276221743,0.9999673932257813
combined_overall,0.0013528243439448185,0.993867052695524,0.9999673932257813
combined_overall,0.0013539014333906346,0.993867052695524,0.9999673932257813
combined_overall,0.0013560556122822664,0.993867052695524,0.9999673932257813
combined_overall,0.0013571327017280824,0.993867052695524,0.9999673932257813
combined_overall,0.0013571327017280824,0.9939058279155735,0.9999673932257813
combined_overall,0.0013582097911738983,0.9939058279155735,0.9999673932257813
combined_overall,0.0013582097911738983,0.9939833783556722,0.9999673932257813
combined_overall,0.0013603639700655301,0.9939833783556722,0.9999673932257813
combined_overall,0.0013603639700655301,0.9940027659656968,0.9999673932257813
combined_overall,0.001361441059511346,0.9940027659656968,0.9999673932257813
combined_overall,0.001361441059511346,0.9940156910390466,0.9999673932257813
combined_overall,0.001362518148957162,0.9940156910390466,0.9999673932257813
combined_overall,0.001362518148957162,0.9940221535757215,0.9999673932257813
combined_overall,0.001363595238402978,0.9940221535757215,0.9999673932257813
combined_overall,0.001363595238402978,0.9940350786490714,0.9999673932257813
combined_overall,0.0013646723278487938,0.9940350786490714,0.9999673932257813
combined_overall,0.0013646723278487938,0.9940480037224211,0.9999673932257813
combined_overall,0.0013668265067404257,0.9940480037224211,0.9999673932257813
combined_overall,0.0013668265067404257,0.9940738538691207,0.9999673932257813
combined_overall,0.0013689806856320575,0.9940738538691207,0.9999673932257813
combined_overall,0.0013689806856320575,0.9940867789424706,0.9999673932257813
combined_overall,0.0013732890434153214,0.9940867789424706,0.9999673932257813
combined_overall,0.0013732890434153214,0.994119091625845,0.9999673932257813
combined_overall,0.0013775974011985851,0.994119091625845,0.9999673932257813
combined_overall,0.0013775974011985851,0.9941255541625199,0.9999673932257813
combined_overall,0.001378674490644401,0.9941255541625199,0.9999673932257813
combined_overall,0.001378674490644401,0.9941772544559191,0.9999673932257813
combined_overall,0.001380828669536033,0.9941772544559191,0.9999673932257813
combined_overall,0.001380828669536033,0.9941837169925939,0.9999673932257813
combined_overall,0.0013819057589818488,0.9941837169925939,0.9999673932257813
combined_overall,0.0013819057589818488,0.9941901795292688,0.9999673932257813
combined_overall,0.0013829828484276648,0.9941901795292688,0.9999673932257813
combined_overall,0.0013829828484276648,0.9941966420659437,0.9999673932257813
combined_overall,0.0013862141167651127,0.9941966420659437,0.9999673932257813
combined_overall,0.0013862141167651127,0.9942095671392935,0.9999673932257813
combined_overall,0.0013905224745483764,0.9942095671392935,0.9999673932257813
combined_overall,0.0013905224745483764,0.9942160296759684,0.9999673932257813
combined_overall,0.001396985011223272,0.9942160296759684,0.9999673932257813
combined_overall,0.001396985011223272,0.9942289547493182,0.9999673932257813
combined_overall,0.0014023704584523518,0.9942289547493182,0.9999673932257813
combined_overall,0.0014023704584523518,0.9942354172859931,0.9999673932257813
combined_overall,0.0014109871740188792,0.9942354172859931,0.9999673932257813
combined_overall,0.0014109871740188792,0.994241879822668,0.9999673932257813
combined_overall,0.0014163726212479588,0.994241879822668,0.9999673932257813
combined_overall,0.0014163726212479588,0.9942483423593429,0.9999673932257813
combined_overall,0.0014206809790312227,0.9942483423593429,0.9999673932257813
combined_overall,0.0014206809790312227,0.9942548048960178,0.9999673932257813
combined_overall,0.0014282206051519342,0.9942548048960178,0.9999673932257813
combined_overall,0.0014282206051519342,0.9942677299693676,0.9999673932257813
combined_overall,0.001435760231272646,0.9942677299693676,0.9999673932257813
combined_overall,0.001435760231272646,0.9942741925060424,0.9999673932257813
combined_overall,0.0014637645568638601,0.9942741925060424,0.9999673932257813
combined_overall,0.0014637645568638601,0.9942806550427173,0.9999673932257813
combined_overall,0.0014809979879969151,0.9942806550427173,0.9999673932257813
combined_overall,0.0014809979879969151,0.9942935801160672,0.9999673932257813
combined_overall,0.0014950001507925224,0.9942935801160672,0.9999673932257813
combined_overall,0.0014950001507925224,0.9943000426527421,0.9999673932257813
combined_overall,0.0014982314191299701,0.9943000426527421,0.9999673932257813
combined_overall,0.0014982314191299701,0.994306505189417,0.9999673932257813
combined_overall,0.001504693955804866,0.994306505189417,0.9999673932257813
combined_overall,0.001504693955804866,0.9943129677260919,0.9999673932257813
combined_overall,0.0015100794030339455,0.9943129677260919,0.9999673932257813
combined_overall,0.0015100794030339455,0.9943194302627667,0.9999673932257813
combined_overall,0.0015111564924797614,0.9943194302627667,0.9999673932257813
combined_overall,0.0015111564924797614,0.9943258927994416,0.9999673932257813
combined_overall,0.0015122335819255774,0.9943258927994416,0.9999673932257813
combined_overall,0.0015122335819255774,0.9943388178727914,0.9999673932257813
combined_overall,0.0015176190291546572,0.9943388178727914,0.9999673932257813
combined_overall,0.0015176190291546572,0.9943517429461413,0.9999673932257813
combined_overall,0.001521927386937921,0.9943517429461413,0.9999673932257813
combined_overall,0.001521927386937921,0.9943582054828161,0.9999673932257813
combined_overall,0.0015230044763837368,0.9943582054828161,0.9999673932257813
combined_overall,0.0015230044763837368,0.994364668019491,0.9999673932257813
combined_overall,0.0015251586552753687,0.994364668019491,0.9999673932257813
combined_overall,0.0015251586552753687,0.9943775930928408,0.9999673932257813
combined_overall,0.0015305441025044483,0.9943775930928408,0.9999673932257813
combined_overall,0.0015305441025044483,0.9943840556295157,0.9999673932257813
combined_overall,0.0015326982813960804,0.9943840556295157,0.9999673932257813
combined_overall,0.0015326982813960804,0.9943905181661906,0.9999673932257813
combined_overall,0.0015348524602877122,0.9943905181661906,0.9999673932257813
combined_overall,0.0015348524602877122,0.9943969807028655,0.9999673932257813
combined_overall,0.0015596255175414787,0.9943969807028655,0.9999673932257813
combined_overall,0.0015596255175414787,0.9944099057762152,0.9999673932257813
combined_overall,0.0015693193225538222,0.9944099057762152,0.9999673932257813
combined_overall,0.0015693193225538222,0.9944163683128902,0.9999673932257813
combined_overall,0.0015747047697829018,0.9944163683128902,0.9999673932257813
combined_overall,0.0015747047697829018,0.9944228308495651,0.9999673932257813
combined_overall,0.0015757818592287177,0.9944228308495651,0.9999673932257813
combined_overall,0.0015757818592287177,0.99442929338624,0.9999673932257813
combined_overall,0.0015768589486745337,0.99442929338624,0.9999673932257813
combined_overall,0.0015768589486745337,0.9944357559229149,0.9999673932257813
combined_overall,0.0015833214853494294,0.9944357559229149,0.9999673932257813
combined_overall,0.0015833214853494294,0.9944422184595898,0.9999673932257813
combined_overall,0.0015865527536868772,0.9944422184595898,0.9999673932257813
combined_overall,0.0015865527536868772,0.9944486809962646,0.9999673932257813
combined_overall,0.0016134799898322757,0.9944486809962646,0.9999673932257813
combined_overall,0.0016134799898322757,0.9944551435329395,0.9999673932257813
combined_overall,0.0016156341687239076,0.9944551435329395,0.9999673932257813
combined_overall,0.0016156341687239076,0.9944616060696144,0.9999673932257813
combined_overall,0.001624250884290435,0.9944616060696144,0.9999673932257813
combined_overall,0.001624250884290435,0.9944745311429642,0.9999673932257813
combined_overall,0.0016285592420736987,0.9944745311429642,0.9999673932257813
combined_overall,0.0016285592420736987,0.9944809936796392,0.9999673932257813
combined_overall,0.0016317905104111467,0.9944809936796392,0.9999673932257813
combined_overall,0.0016317905104111467,0.9944874562163141,0.9999673932257813
combined_overall,0.0016371759576402263,0.9944874562163141,0.9999673932257813
combined_overall,0.0016371759576402263,0.9944939187529889,0.9999673932257813
combined_overall,0.001640407225977674,0.9944939187529889,0.9999673932257813
combined_overall,0.001640407225977674,0.9945003812896638,0.9999673932257813
combined_overall,0.00164148431542349,0.9945003812896638,0.9999673932257813
combined_overall,0.001674874088243784,0.9945003812896638,0.9999673932257813
combined_overall,0.0016802595354728639,0.9945003812896638,0.9999673932257813
combined_overall,0.0016802595354728639,0.9945068438263387,0.9999673932257813
combined_overall,0.001692107519376839,0.9945068438263387,0.9999673932257813
combined_overall,0.001692107519376839,0.9945133063630136,0.9999673932257813
combined_overall,0.001695338787714287,0.9945133063630136,0.9999673932257813
combined_overall,0.001695338787714287,0.9945262314363634,0.9999673932257813
combined_overall,0.0017061096821724463,0.9945262314363634,0.9999673932257813
combined_overall,0.0017061096821724463,0.9945326939730383,0.9999673932257813
combined_overall,0.001709340950509894,0.9945326939730383,0.9999673932257813
combined_overall,0.001709340950509894,0.9945391565097131,0.9999673932257813
combined_overall,0.0017114951294015261,0.9945391565097131,0.9999673932257813
combined_overall,0.0017158034871847898,0.9945391565097131,0.9999673932257813
combined_overall,0.0017158034871847898,0.994545619046388,0.9999673932257813
combined_overall,0.0017190347555222376,0.994545619046388,0.9999673932257813
combined_overall,0.0017190347555222376,0.994552081583063,0.9999673932257813
combined_overall,0.0017222660238596854,0.994552081583063,0.9999673932257813
combined_overall,0.0017222660238596854,0.9945585441197379,0.9999673932257813
combined_overall,0.0017265743816429493,0.9945585441197379,0.9999673932257813
combined_overall,0.0017265743816429493,0.9945650066564128,0.9999673932257813
combined_overall,0.0017362681866552926,0.9945650066564128,0.9999673932257813
combined_overall,0.0017362681866552926,0.9945714691930877,0.9999673932257813
combined_overall,0.0017416536338843722,0.9945714691930877,0.9999673932257813
combined_overall,0.0017416536338843722,0.9945779317297626,0.9999673932257813
combined_overall,0.0017535016177883476,0.9945779317297626,0.9999673932257813
combined_overall,0.0017535016177883476,0.9945843942664374,0.9999673932257813
combined_overall,0.0017567328861257954,0.9945843942664374,0.9999673932257813
combined_overall,0.0017567328861257954,0.9945908568031123,0.9999673932257813
combined_overall,0.0017578099755716113,0.9945908568031123,0.9999673932257813
combined_overall,0.0017578099755716113,0.9945973193397872,0.9999673932257813
combined_overall,0.0017631954228006911,0.9945973193397872,0.9999673932257813
combined_overall,0.0017631954228006911,0.9946037818764621,0.9999673932257813
combined_overall,0.0017664266911381389,0.9946037818764621,0.9999673932257813
combined_overall,0.0017664266911381389,0.9946102444131371,0.9999673932257813
combined_overall,0.0017718121383672185,0.9946102444131371,0.9999673932257813
combined_overall,0.0017718121383672185,0.994616706949812,0.9999673932257813
combined_overall,0.0017771975855962983,0.994616706949812,0.9999673932257813
combined_overall,0.0017771975855962983,0.9946231694864869,0.9999673932257813
combined_overall,0.0017922768378377215,0.9946231694864869,0.9999673932257813
combined_overall,0.0017922768378377215,0.9946296320231617,0.9999673932257813
combined_overall,0.0017944310167293533,0.9946296320231617,0.9999673932257813
combined_overall,0.0017944310167293533,0.9946360945598366,0.9999673932257813
combined_overall,0.0018213582528747517,0.9946360945598366,0.9999673932257813
combined_overall,0.0018213582528747517,0.9946425570965115,0.9999673932257813
combined_overall,0.0018256666106580156,0.9946425570965115,0.9999673932257813
combined_overall,0.0018256666106580156,0.9946554821698613,0.9999673932257813
combined_overall,0.0018299749684412793,0.9946554821698613,0.9999673932257813
combined_overall,0.0018321291473329111,0.9946554821698613,0.9999673932257813
combined_overall,0.0018439771312368865,0.9946554821698613,0.9999673932257813
combined_overall,0.0018461313101285183,0.9946554821698613,0.9999673932257813
combined_overall,0.0018590563834783096,0.9946554821698613,0.9999673932257813
combined_overall,0.0018924461562986037,0.9946554821698613,0.9999673932257813
combined_overall,0.0018978316035276833,0.9946554821698613,0.9999673932257813
combined_overall,0.0018978316035276833,0.9946619447065362,0.9999673932257813
combined_overall,0.0019042941402025789,0.9946619447065362,0.9999673932257813
combined_overall,0.0019042941402025789,0.9946684072432112,0.9999673932257813
combined_overall,0.0019075254085400269,0.9946684072432112,0.9999673932257813
combined_overall,0.0019075254085400269,0.994674869779886,0.9999673932257813
combined_overall,0.0019118337663232906,0.994674869779886,0.9999673932257813
combined_overall,0.0019118337663232906,0.9946813323165609,0.9999673932257813
combined_overall,0.0019172192135523702,0.9946813323165609,0.9999673932257813
combined_overall,0.0019172192135523702,0.9946877948532358,0.9999673932257813
combined_overall,0.001919373392444002,0.9946877948532358,0.9999673932257813
combined_overall,0.001919373392444002,0.9946942573899107,0.9999673932257813
combined_overall,0.0019247588396730819,0.9946942573899107,0.9999673932257813
combined_overall,0.0019247588396730819,0.9947007199265856,0.9999673932257813
combined_overall,0.0019258359291188978,0.9947007199265856,0.9999673932257813
combined_overall,0.0019258359291188978,0.9949010585635073,0.9999673932257813
combined_overall,0.0019269130185647137,0.9949010585635073,0.9999673932257813
combined_overall,0.0019269130185647137,0.9949075211001822,0.9999673932257813
combined_overall,0.0019312213763479774,0.9949075211001822,0.9999673932257813
combined_overall,0.0019312213763479774,0.9949139836368571,0.9999673932257813
combined_overall,0.0019322984657937933,0.9949139836368571,0.9999673932257813
combined_overall,0.0019322984657937933,0.994926908710207,0.9999673932257813
combined_overall,0.001938761002468689,0.994926908710207,0.9999673932257813
combined_overall,0.001938761002468689,0.9949333712468819,0.9999673932257813
combined_overall,0.001940915181360321,0.9949333712468819,0.9999673932257813
combined_overall,0.001940915181360321,0.9949398337835568,0.9999673932257813
combined_overall,0.0019441464496977687,0.9949398337835568,0.9999673932257813
combined_overall,0.0019441464496977687,0.9949462963202316,0.9999673932257813
combined_overall,0.0019452235391435846,0.9949462963202316,0.9999673932257813
combined_overall,0.0019452235391435846,0.9949527588569065,0.9999673932257813
combined_overall,0.001955994433601744,0.9949527588569065,0.9999673932257813
combined_overall,0.001955994433601744,0.9949592213935814,0.9999673932257813
combined_overall,0.001959225701939192,0.9949592213935814,0.9999673932257813
combined_overall,0.001959225701939192,0.9949656839302563,0.9999673932257813
combined_overall,0.0019603027913850076,0.9949656839302563,0.9999673932257813
combined_overall,0.0019603027913850076,0.9949721464669312,0.9999673932257813
combined_overall,0.001972150775288983,0.9949721464669312,0.9999673932257813
combined_overall,0.001972150775288983,0.9949786090036061,0.9999673932257813
combined_overall,0.0019764591330722467,0.9949786090036061,0.9999673932257813
combined_overall,0.0019764591330722467,0.994985071540281,0.9999673932257813
combined_overall,0.00198615293808459,0.994985071540281,0.9999673932257813
combined_overall,0.00198615293808459,0.9949915340769558,0.9999673932257813
combined_overall,0.0020033863692176454,0.9949915340769558,0.9999673932257813
combined_overall,0.0020367761420379393,0.9949915340769558,0.9999673932257813
combined_overall,0.0020378532314837554,0.9949915340769558,0.9999673932257813
combined_overall,0.0020378532314837554,0.9949979966136308,0.9999673932257813
combined_overall,0.00205508666261681,0.9949979966136308,0.9999673932257813
combined_overall,0.002057240841508442,0.9949979966136308,0.9999673932257813
combined_overall,0.00206047210984589,0.9949979966136308,0.9999673932257813
combined_overall,0.00206047210984589,0.9950044591503057,0.9999673932257813
combined_overall,0.002063703378183338,0.9950044591503057,0.9999673932257813
combined_overall,0.002063703378183338,0.9950109216869806,0.9999673932257813
combined_overall,0.00206585755707497,0.9950109216869806,0.9999673932257813
combined_overall,0.00206585755707497,0.9950173842236555,0.9999673932257813
combined_overall,0.0020712430043040493,0.9950173842236555,0.9999673932257813
combined_overall,0.0020712430043040493,0.9950238467603304,0.9999673932257813
combined_overall,0.0020744742726414972,0.9950238467603304,0.9999673932257813
combined_overall,0.0020744742726414972,0.9950303092970053,0.9999673932257813
combined_overall,0.0020917077037745525,0.9950303092970053,0.9999673932257813
combined_overall,0.0020917077037745525,0.995043234370355,0.9999673932257813
combined_overall,0.002096016061557816,0.995043234370355,0.9999673932257813
combined_overall,0.002096016061557816,0.9950496969070299,0.9999673932257813
combined_overall,0.0020992473298952637,0.9950496969070299,0.9999673932257813
combined_overall,0.0020992473298952637,0.9950626219803798,0.9999673932257813
combined_overall,0.0021100182243534234,0.9950626219803798,0.9999673932257813
combined_overall,0.0021100182243534234,0.9950690845170547,0.9999673932257813
combined_overall,0.0021197120293657665,0.9950690845170547,0.9999673932257813
combined_overall,0.0021197120293657665,0.9950755470537296,0.9999673932257813
combined_overall,0.0021218662082573983,0.9950755470537296,0.9999673932257813
combined_overall,0.0021218662082573983,0.9950820095904044,0.9999673932257813
combined_overall,0.002127251655486478,0.9950820095904044,0.9999673932257813
combined_overall,0.002127251655486478,0.9950884721270793,0.9999673932257813
combined_overall,0.002130482923823926,0.9950884721270793,0.9999673932257813
combined_overall,0.002130482923823926,0.9951013972004291,0.9999673932257813
combined_overall,0.002131560013269742,0.9951013972004291,0.9999673932257813
combined_overall,0.002131560013269742,0.9951207848104539,0.9999673932257813
combined_overall,0.0021358683710530056,0.9951207848104539,0.9999673932257813
combined_overall,0.0021358683710530056,0.9951272473471287,0.9999673932257813
combined_overall,0.0021434079971737172,0.9951272473471287,0.9999673932257813
combined_overall,0.0021434079971737172,0.9951401724204785,0.9999673932257813
combined_overall,0.0021444850866195334,0.9951401724204785,0.9999673932257813
combined_overall,0.0021444850866195334,0.9951466349571534,0.9999673932257813
combined_overall,0.002145562176065349,0.9951466349571534,0.9999673932257813
combined_overall,0.002145562176065349,0.9951595600305032,0.9999673932257813
combined_overall,0.0021466392655111652,0.9951595600305032,0.9999673932257813
combined_overall,0.0021466392655111652,0.9951660225671781,0.9999673932257813
combined_overall,0.002147716354956981,0.9951660225671781,0.9999673932257813
combined_overall,0.002147716354956981,0.9951724851038529,0.9999673932257813
combined_overall,0.002148793444402797,0.9951724851038529,0.9999673932257813
combined_overall,0.002148793444402797,0.9951789476405278,0.9999673932257813
combined_overall,0.002150947623294429,0.9951789476405278,0.9999673932257813
combined_overall,0.002150947623294429,0.9951918727138777,0.9999673932257813
combined_overall,0.0021520247127402446,0.9951918727138777,0.9999673932257813
combined_overall,0.0021520247127402446,0.9952047977872275,0.9999673932257813
combined_overall,0.0021531018021860608,0.9952047977872275,0.9999673932257813
combined_overall,0.0021531018021860608,0.9952371104706019,0.9999673932257813
combined_overall,0.0021584872494151406,0.9952371104706019,0.9999673932257813
combined_overall,0.0021584872494151406,0.9952435730072768,0.9999673932257813
combined_overall,0.0021595643388609563,0.9952435730072768,0.9999673932257813
combined_overall,0.0021595643388609563,0.9952564980806267,0.9999673932257813
combined_overall,0.0021606414283067725,0.9952564980806267,0.9999673932257813
combined_overall,0.0021606414283067725,0.9952629606173015,0.9999673932257813
combined_overall,0.002161718517752588,0.9952629606173015,0.9999673932257813
combined_overall,0.002161718517752588,0.9952694231539764,0.9999673932257813
combined_overall,0.002164949786090036,0.9952694231539764,0.9999673932257813
combined_overall,0.002164949786090036,0.9952758856906513,0.9999673932257813
combined_overall,0.002166026875535852,0.9952758856906513,0.9999673932257813
combined_overall,0.002166026875535852,0.9952823482273262,0.9999673932257813
combined_overall,0.002167103964981668,0.9952823482273262,0.9999673932257813
combined_overall,0.002167103964981668,0.9953146609107006,0.9999673932257813
combined_overall,0.0021681810544274837,0.9953146609107006,0.9999673932257813
combined_overall,0.0021681810544274837,0.9953211234473756,0.9999673932257813
combined_overall,0.0021703352333191156,0.9953211234473756,0.9999673932257813
combined_overall,0.0021703352333191156,0.9953275859840505,0.9999673932257813
combined_overall,0.0021714123227649317,0.9953275859840505,0.9999673932257813
combined_overall,0.0021714123227649317,0.9953340485207254,0.9999673932257813
combined_overall,0.002172489412210748,0.9953340485207254,0.9999673932257813
combined_overall,0.002172489412210748,0.9953598986674249,0.9999673932257813
combined_overall,0.0021735665016565636,0.9953598986674249,0.9999673932257813
combined_overall,0.0021735665016565636,0.9953663612040998,0.9999673932257813
combined_overall,0.0021746435911023797,0.9953663612040998,0.9999673932257813
combined_overall,0.0021746435911023797,0.9953728237407747,0.9999673932257813
combined_overall,0.0021789519488856434,0.9953728237407747,0.9999673932257813
combined_overall,0.0021789519488856434,0.9953922113507994,0.9999673932257813
combined_overall,0.002180029038331459,0.9953922113507994,0.9999673932257813
combined_overall,0.002180029038331459,0.9954051364241492,0.9999673932257813
combined_overall,0.002183260306668907,0.9954051364241492,0.9999673932257813
combined_overall,0.002183260306668907,0.9954115989608241,0.9999673932257813
combined_overall,0.0021907999327896188,0.9954115989608241,0.9999673932257813
combined_overall,0.0021907999327896188,0.995418061497499,0.9999673932257813
combined_overall,0.00219833955891033,0.995418061497499,0.9999673932257813
combined_overall,0.00219833955891033,0.9954309865708488,0.9999673932257813
combined_overall,0.002201570827247778,0.9954309865708488,0.9999673932257813
combined_overall,0.002201570827247778,0.9954439116441985,0.9999673932257813
combined_overall,0.0022026479166935937,0.9954439116441985,0.9999673932257813
combined_overall,0.0022026479166935937,0.9954632992542233,0.9999673932257813
combined_overall,0.00220372500613941,0.9954632992542233,0.9999673932257813
combined_overall,0.00220372500613941,0.9954697617908982,0.9999673932257813
combined_overall,0.002204802095585226,0.9954697617908982,0.9999673932257813
combined_overall,0.002204802095585226,0.9954956119375977,0.9999673932257813
combined_overall,0.002204802095585226,0.9955085370109475,0.9999673932257813
combined_overall,0.0022134188111517534,0.9955085370109475,0.9999673932257813
combined_overall,0.0022134188111517534,0.9955149995476225,0.9999673932257813
combined_overall,0.002214495900597569,0.9955149995476225,0.9999673932257813
combined_overall,0.002214495900597569,0.9955214620842974,0.9999673932257813
combined_overall,0.0022155729900433852,0.9955214620842974,0.9999673932257813
combined_overall,0.0022155729900433852,0.9955279246209722,0.9999673932257813
combined_overall,0.0022220355267182808,0.9955279246209722,0.9999673932257813
combined_overall,0.0022220355267182808,0.9955343871576471,0.9999673932257813
combined_overall,0.0022284980633931763,0.9955343871576471,0.9999673932257813
combined_overall,0.0022284980633931763,0.995540849694322,0.9999673932257813
combined_overall,0.00223280642117644,0.995540849694322,0.9999673932257813
combined_overall,0.00223280642117644,0.9955537747676718,0.9999673932257813
combined_overall,0.002239268957851336,0.9955537747676718,0.9999673932257813
combined_overall,0.002239268957851336,0.9955666998410216,0.9999673932257813
combined_overall,0.0022435773156345997,0.9955666998410216,0.9999673932257813
combined_overall,0.0022457314945262315,0.9955666998410216,0.9999673932257813
combined_overall,0.0022586565678760226,0.9955666998410216,0.9999673932257813
combined_overall,0.0022586565678760226,0.9955731623776964,0.9999673932257813
combined_overall,0.0022597336573218388,0.9955731623776964,0.9999673932257813
combined_overall,0.0022597336573218388,0.9955796249143714,0.9999673932257813
combined_overall,0.0022769670884548936,0.9955796249143714,0.9999673932257813
combined_overall,0.0022769670884548936,0.9955860874510463,0.9999673932257813
combined_overall,0.0022780441779007097,0.9955860874510463,0.9999673932257813
combined_overall,0.0022780441779007097,0.9955925499877212,0.9999673932257813
combined_overall,0.002324359024070795,0.9955925499877212,0.9999673932257813
combined_overall,0.002324359024070795,0.9955990125243961,0.9999673932257813
combined_overall,0.002326513202962427,0.9955990125243961,0.9999673932257813
combined_overall,0.002326513202962427,0.995605475061071,0.9999673932257813
combined_overall,0.002337284097420586,0.995605475061071,0.9999673932257813
combined_overall,0.002337284097420586,0.9956119375977459,0.9999673932257813
combined_overall,0.0023383611868664023,0.9956119375977459,0.9999673932257813
combined_overall,0.0023383611868664023,0.9956184001344207,0.9999673932257813
combined_overall,0.0023631342441201688,0.9956184001344207,0.9999673932257813
combined_overall,0.0023631342441201688,0.9956248626710956,0.9999673932257813
combined_overall,0.0023674426019034325,0.9956248626710956,0.9999673932257813
combined_overall,0.002374982228024144,0.9956248626710956,0.9999673932257813
combined_overall,0.002374982228024144,0.9956313252077705,0.9999673932257813
combined_overall,0.00237605931746996,0.9956313252077705,0.9999673932257813
combined_overall,0.00237605931746996,0.9956377877444454,0.9999673932257813
combined_overall,0.0023803676752532235,0.9956377877444454,0.9999673932257813
combined_overall,0.0023803676752532235,0.9956442502811204,0.9999673932257813
combined_overall,0.0023825218541448554,0.9956442502811204,0.9999673932257813
combined_overall,0.0023825218541448554,0.9956507128177953,0.9999673932257813
combined_overall,0.0023857531224823034,0.9956507128177953,0.9999673932257813
combined_overall,0.0023857531224823034,0.9956571753544702,0.9999673932257813
combined_overall,0.002390061480265567,0.9956571753544702,0.9999673932257813
combined_overall,0.002390061480265567,0.995663637891145,0.9999673932257813
combined_overall,0.002393292748603015,0.995663637891145,0.9999673932257813
combined_overall,0.002393292748603015,0.9956701004278199,0.9999673932257813
combined_overall,0.0023943698380488308,0.9956701004278199,0.9999673932257813
combined_overall,0.0023943698380488308,0.9956765629644948,0.9999673932257813
combined_overall,0.0024029865536153586,0.9956765629644948,0.9999673932257813
combined_overall,0.0024029865536153586,0.9956830255011697,0.9999673932257813
combined_overall,0.0024040636430611743,0.9956830255011697,0.9999673932257813
combined_overall,0.0024040636430611743,0.9956959505745195,0.9999673932257813
combined_overall,0.002408372000844438,0.9956959505745195,0.9999673932257813
combined_overall,0.002408372000844438,0.9957024131111945,0.9999673932257813
combined_overall,0.002411603269181886,0.9957024131111945,0.9999673932257813
combined_overall,0.002411603269181886,0.9957218007212191,0.9999673932257813
combined_overall,0.0024288367003149408,0.9957218007212191,0.9999673932257813
combined_overall,0.0024288367003149408,0.995728263257894,0.9999673932257813
combined_overall,0.0024352992369898368,0.995728263257894,0.9999673932257813
combined_overall,0.0024352992369898368,0.9957347257945689,0.9999673932257813
combined_overall,0.0024374534158814686,0.9957347257945689,0.9999673932257813
combined_overall,0.0024374534158814686,0.9957411883312438,0.9999673932257813
combined_overall,0.002440684684218916,0.9957411883312438,0.9999673932257813
combined_overall,0.002440684684218916,0.9957541134045935,0.9999673932257813
combined_overall,0.0024525326681228915,0.9957541134045935,0.9999673932257813
combined_overall,0.0024525326681228915,0.9957605759412684,0.9999673932257813
combined_overall,0.0024557639364603395,0.9957605759412684,0.9999673932257813
combined_overall,0.0024557639364603395,0.9957735010146183,0.9999673932257813
combined_overall,0.002458995204797787,0.9957735010146183,0.9999673932257813
combined_overall,0.002458995204797787,0.9957799635512932,0.9999673932257813
combined_overall,0.0024600722942436032,0.9957799635512932,0.9999673932257813
combined_overall,0.0024600722942436032,0.9957864260879681,0.9999673932257813
combined_overall,0.0024740744570392104,0.9957864260879681,0.9999673932257813
combined_overall,0.0024740744570392104,0.9958122762346676,0.9999673932257813
combined_overall,0.0024762286359308423,0.9958122762346676,0.9999673932257813
combined_overall,0.0024762286359308423,0.9958187387713425,0.9999673932257813
combined_overall,0.002478382814822474,0.9958187387713425,0.9999673932257813
combined_overall,0.002478382814822474,0.9958252013080174,0.9999673932257813
combined_overall,0.002483768262051554,0.9958252013080174,0.9999673932257813
combined_overall,0.002483768262051554,0.9958316638446923,0.9999673932257813
combined_overall,0.0024902307987264495,0.9958316638446923,0.9999673932257813
combined_overall,0.0024902307987264495,0.9958381263813673,0.9999673932257813
combined_overall,0.0024945391565097132,0.9958381263813673,0.9999673932257813
combined_overall,0.0024945391565097132,0.9958445889180421,0.9999673932257813
combined_overall,0.002502078782630425,0.9958445889180421,0.9999673932257813
combined_overall,0.0025042329615220568,0.9958445889180421,0.9999673932257813
combined_overall,0.0025053100509678725,0.9958445889180421,0.9999673932257813
combined_overall,0.0025074642298595043,0.9958445889180421,0.9999673932257813
combined_overall,0.002512849677088584,0.9958445889180421,0.9999673932257813
combined_overall,0.002512849677088584,0.995851051454717,0.9999673932257813
combined_overall,0.002520389303209296,0.995851051454717,0.9999673932257813
combined_overall,0.002520389303209296,0.9958575139913919,0.9999673932257813
combined_overall,0.0025290060187758232,0.9958575139913919,0.9999673932257813
combined_overall,0.0025290060187758232,0.9958704390647417,0.9999673932257813
combined_overall,0.002536545644896535,0.9958704390647417,0.9999673932257813
combined_overall,0.002536545644896535,0.9958769016014166,0.9999673932257813
combined_overall,0.0025580874338128534,0.9958769016014166,0.9999673932257813
combined_overall,0.0025623957915961175,0.9958769016014166,0.9999673932257813
combined_overall,0.0025774750438375404,0.9958769016014166,0.9999673932257813
combined_overall,0.0025774750438375404,0.9958833641380915,0.9999673932257813
combined_overall,0.0025796292227291723,0.9958833641380915,0.9999673932257813
combined_overall,0.0025796292227291723,0.9958898266747663,0.9999673932257813
combined_overall,0.0026065564588745706,0.9958898266747663,0.9999673932257813
combined_overall,0.0026065564588745706,0.9958962892114412,0.9999673932257813
combined_overall,0.0026076335483203868,0.9958962892114412,0.9999673932257813
combined_overall,0.0026076335483203868,0.9959027517481162,0.9999673932257813
combined_overall,0.0026097877272120186,0.9959027517481162,0.9999673932257813
combined_overall,0.0026097877272120186,0.9959221393581409,0.9999673932257813
combined_overall,0.0026140960849952823,0.9959221393581409,0.9999673932257813
combined_overall,0.0026140960849952823,0.9959286018948158,0.9999673932257813
combined_overall,0.0026151731744410984,0.9959286018948158,0.9999673932257813
combined_overall,0.0026151731744410984,0.9959479895048404,0.9999673932257813
combined_overall,0.0026248669794534415,0.9959479895048404,0.9999673932257813
combined_overall,0.0026248669794534415,0.9959544520415153,0.9999673932257813
combined_overall,0.0026324066055741532,0.9959544520415153,0.9999673932257813
combined_overall,0.0026324066055741532,0.9959609145781902,0.9999673932257813
combined_overall,0.0026421004105864968,0.9959609145781902,0.9999673932257813
combined_overall,0.0026421004105864968,0.9959673771148652,0.9999673932257813
combined_overall,0.0026485629472613923,0.9959673771148652,0.9999673932257813
combined_overall,0.0026485629472613923,0.9959738396515401,0.9999673932257813
combined_overall,0.0026496400367072084,0.9959738396515401,0.9999673932257813
combined_overall,0.0026496400367072084,0.9959867647248898,0.9999673932257813
combined_overall,0.002650717126153024,0.9959867647248898,0.9999673932257813
combined_overall,0.002650717126153024,0.9959932272615647,0.9999673932257813
combined_overall,0.002653948394490472,0.9959932272615647,0.9999673932257813
combined_overall,0.002653948394490472,0.9959996897982396,0.9999673932257813
combined_overall,0.0026571796628279197,0.9959996897982396,0.9999673932257813
combined_overall,0.0026571796628279197,0.9960061523349145,0.9999673932257813
combined_overall,0.0026636421995028157,0.9960061523349145,0.9999673932257813
combined_overall,0.0026636421995028157,0.9960126148715894,0.9999673932257813
combined_overall,0.002674413093960975,0.9960126148715894,0.9999673932257813
combined_overall,0.002674413093960975,0.9960190774082643,0.9999673932257813
combined_overall,0.0026841068989733184,0.9960190774082643,0.9999673932257813
combined_overall,0.0026841068989733184,0.9960255399449391,0.9999673932257813
combined_overall,0.0026862610778649503,0.9960255399449391,0.9999673932257813
combined_overall,0.0026862610778649503,0.996032002481614,0.9999673932257813
combined_overall,0.002688415256756582,0.996032002481614,0.9999673932257813
combined_overall,0.002688415256756582,0.996038465018289,0.9999673932257813
combined_overall,0.002689492346202398,0.996038465018289,0.9999673932257813
combined_overall,0.002689492346202398,0.9960449275549639,0.9999673932257813
combined_overall,0.0026981090617689257,0.9960449275549639,0.9999673932257813
combined_overall,0.0026981090617689257,0.9960513900916388,0.9999673932257813
combined_overall,0.0027002632406605575,0.9960513900916388,0.9999673932257813
combined_overall,0.0027002632406605575,0.9960578526283137,0.9999673932257813
combined_overall,0.0027024174195521894,0.9960578526283137,0.9999673932257813
combined_overall,0.0027024174195521894,0.9960643151649886,0.9999673932257813
combined_overall,0.002705648687889637,0.9960643151649886,0.9999673932257813
combined_overall,0.002705648687889637,0.9960772402383383,0.9999673932257813
combined_overall,0.002707802866781269,0.9960772402383383,0.9999673932257813
combined_overall,0.002712111224564533,0.9960772402383383,0.9999673932257813
combined_overall,0.002712111224564533,0.9960966278483631,0.9999673932257813
combined_overall,0.0027142654034561647,0.9960966278483631,0.9999673932257813
combined_overall,0.0027142654034561647,0.9961095529217129,0.9999673932257813
combined_overall,0.0027207279401310603,0.9961095529217129,0.9999673932257813
combined_overall,0.0027207279401310603,0.9961224779950626,0.9999673932257813
combined_overall,0.002721805029576876,0.9961224779950626,0.9999673932257813
combined_overall,0.002721805029576876,0.9961418656050873,0.9999673932257813
combined_overall,0.002727190476805956,0.9961418656050873,0.9999673932257813
combined_overall,0.002727190476805956,0.9961483281417622,0.9999673932257813
combined_overall,0.002728267566251772,0.9961483281417622,0.9999673932257813
combined_overall,0.002728267566251772,0.9961547906784372,0.9999673932257813
combined_overall,0.0027498093551680904,0.9961547906784372,0.9999673932257813
combined_overall,0.0027498093551680904,0.9961677157517869,0.9999673932257813
combined_overall,0.002757348981288802,0.9961677157517869,0.9999673932257813
combined_overall,0.002757348981288802,0.9961806408251367,0.9999673932257813
combined_overall,0.002764888607409514,0.9961806408251367,0.9999673932257813
combined_overall,0.002764888607409514,0.9961871033618116,0.9999673932257813
combined_overall,0.0027724282335302255,0.9961871033618116,0.9999673932257813
combined_overall,0.0027724282335302255,0.9962000284351614,0.9999673932257813
combined_overall,0.002773505322976041,0.9962000284351614,0.9999673932257813
combined_overall,0.002773505322976041,0.996219416045186,0.9999673932257813
combined_overall,0.002777813680759305,0.996219416045186,0.9999673932257813
combined_overall,0.002777813680759305,0.996225878581861,0.9999673932257813
combined_overall,0.0027842762174342004,0.996225878581861,0.9999673932257813
combined_overall,0.0027842762174342004,0.9962388036552108,0.9999673932257813
combined_overall,0.00279504711189236,0.9962388036552108,0.9999673932257813
combined_overall,0.00279504711189236,0.9962517287285605,0.9999673932257813
combined_overall,0.0028036638274588875,0.9962517287285605,0.9999673932257813
combined_overall,0.0028036638274588875,0.9962581912652354,0.9999673932257813
combined_overall,0.0028144347219170467,0.9962581912652354,0.9999673932257813
combined_overall,0.0028144347219170467,0.9962646538019103,0.9999673932257813
combined_overall,0.0028187430797003104,0.9962646538019103,0.9999673932257813
combined_overall,0.0028187430797003104,0.9962711163385852,0.9999673932257813
combined_overall,0.0028208972585919427,0.9962711163385852,0.9999673932257813
combined_overall,0.0028208972585919427,0.9962775788752601,0.9999673932257813
combined_overall,0.0028230514374835746,0.9962775788752601,0.9999673932257813
combined_overall,0.0028230514374835746,0.996284041411935,0.9999673932257813
combined_overall,0.0028252056163752064,0.996284041411935,0.9999673932257813
combined_overall,0.0028252056163752064,0.99629050394861,0.9999673932257813
combined_overall,0.0028359765108333657,0.99629050394861,0.9999673932257813
combined_overall,0.0028359765108333657,0.9962969664852848,0.9999673932257813
combined_overall,0.0028392077791708136,0.9962969664852848,0.9999673932257813
combined_overall,0.0028392077791708136,0.9963034290219597,0.9999673932257813
combined_overall,0.002846747405291525,0.9963034290219597,0.9999673932257813
combined_overall,0.002846747405291525,0.9963098915586346,0.9999673932257813
combined_overall,0.0028553641208580527,0.9963098915586346,0.9999673932257813
combined_overall,0.0028553641208580527,0.9963163540953095,0.9999673932257813
combined_overall,0.0028596724786413164,0.9963163540953095,0.9999673932257813
combined_overall,0.0028596724786413164,0.9963228166319844,0.9999673932257813
combined_overall,0.002862903746978764,0.9963228166319844,0.9999673932257813
combined_overall,0.002862903746978764,0.9963292791686593,0.9999673932257813
combined_overall,0.0028693662836536595,0.9963292791686593,0.9999673932257813
combined_overall,0.0028693662836536595,0.9963357417053342,0.9999673932257813
combined_overall,0.0028704433730994757,0.9963357417053342,0.9999673932257813
combined_overall,0.0028704433730994757,0.996342204242009,0.9999673932257813
combined_overall,0.002871520462545292,0.996342204242009,0.9999673932257813
combined_overall,0.002871520462545292,0.9963551293153589,0.9999673932257813
combined_overall,0.0028736746414369236,0.9963551293153589,0.9999673932257813
combined_overall,0.0028736746414369236,0.9963615918520338,0.9999673932257813
combined_overall,0.0028779829992201873,0.9963615918520338,0.9999673932257813
combined_overall,0.0028779829992201873,0.9963809794620585,0.9999673932257813
combined_overall,0.002879060088666003,0.9963809794620585,0.9999673932257813
combined_overall,0.002879060088666003,0.9963939045354082,0.9999673932257813
combined_overall,0.002882291357003451,0.9963939045354082,0.9999673932257813
combined_overall,0.002882291357003451,0.996406829608758,0.9999673932257813
combined_overall,0.0028865997147867147,0.996406829608758,0.9999673932257813
combined_overall,0.0028865997147867147,0.996413292145433,0.9999673932257813
combined_overall,0.0028898309831241627,0.996413292145433,0.9999673932257813
combined_overall,0.0028898309831241627,0.9964262172187827,0.9999673932257813
combined_overall,0.0028909080725699784,0.9964262172187827,0.9999673932257813
combined_overall,0.0028909080725699784,0.9964326797554576,0.9999673932257813
combined_overall,0.0028919851620157946,0.9964326797554576,0.9999673932257813
combined_overall,0.0028919851620157946,0.9964391422921325,0.9999673932257813
combined_overall,0.002900601877582322,0.9964391422921325,0.9999673932257813
combined_overall,0.002900601877582322,0.9964456048288074,0.9999673932257813
combined_overall,0.00290383314591977,0.9964456048288074,0.9999673932257813
combined_overall,0.00290383314591977,0.9964520673654823,0.9999673932257813
combined_overall,0.0029049102353655857,0.9964520673654823,0.9999673932257813
combined_overall,0.0029049102353655857,0.9964585299021572,0.9999673932257813
combined_overall,0.002913526950932113,0.9964585299021572,0.9999673932257813
combined_overall,0.002913526950932113,0.9964649924388321,0.9999673932257813
combined_overall,0.0029210665770528247,0.9964649924388321,0.9999673932257813
combined_overall,0.0029210665770528247,0.9964714549755069,0.9999673932257813
combined_overall,0.0029242978453902727,0.9964714549755069,0.9999673932257813
combined_overall,0.0029242978453902727,0.9964779175121818,0.9999673932257813
combined_overall,0.0029253749348360884,0.9964779175121818,0.9999673932257813
combined_overall,0.0029253749348360884,0.9964843800488568,0.9999673932257813
combined_overall,0.0029264520242819046,0.9964843800488568,0.9999673932257813
combined_overall,0.0029264520242819046,0.9964908425855317,0.9999673932257813
combined_overall,0.0029329145609568,0.9964908425855317,0.9999673932257813
combined_overall,0.0029329145609568,0.9964973051222066,0.9999673932257813
combined_overall,0.002935068739848432,0.9964973051222066,0.9999673932257813
combined_overall,0.002936145829294248,0.9964973051222066,0.9999673932257813
combined_overall,0.00293830000818588,0.9964973051222066,0.9999673932257813
combined_overall,0.00293830000818588,0.9965037676588815,0.9999673932257813
combined_overall,0.0029393770976316957,0.9965037676588815,0.9999673932257813
combined_overall,0.0029393770976316957,0.9965102301955564,0.9999673932257813
combined_overall,0.0029436854554149594,0.9965102301955564,0.9999673932257813
combined_overall,0.0029436854554149594,0.9965166927322312,0.9999673932257813
combined_overall,0.0029447625448607755,0.9965166927322312,0.9999673932257813
combined_overall,0.0029447625448607755,0.996529617805581,0.9999673932257813
combined_overall,0.002945839634306591,0.996529617805581,0.9999673932257813
combined_overall,0.002945839634306591,0.9965360803422559,0.9999673932257813
combined_overall,0.0029469167237524073,0.9965360803422559,0.9999673932257813
combined_overall,0.0029469167237524073,0.9965425428789308,0.9999673932257813
combined_overall,0.002947993813198223,0.9965425428789308,0.9999673932257813
combined_overall,0.002947993813198223,0.9965490054156058,0.9999673932257813
combined_overall,0.002950147992089855,0.9965490054156058,0.9999673932257813
combined_overall,0.002950147992089855,0.9965554679522807,0.9999673932257813
combined_overall,0.002951225081535671,0.9965554679522807,0.9999673932257813
combined_overall,0.002951225081535671,0.9965748555623053,0.9999673932257813
combined_overall,0.002952302170981487,0.9965748555623053,0.9999673932257813
combined_overall,0.002952302170981487,0.9965813180989802,0.9999673932257813
combined_overall,0.002953379260427303,0.9965813180989802,0.9999673932257813
combined_overall,0.002953379260427303,0.9965877806356551,0.9999673932257813
combined_overall,0.0029587647076563827,0.9965877806356551,0.9999673932257813
combined_overall,0.0029587647076563827,0.9966007057090049,0.9999673932257813
combined_overall,0.0029609188865480146,0.9966007057090049,0.9999673932257813
combined_overall,0.0029609188865480146,0.9966136307823547,0.9999673932257813
combined_overall,0.00296738142322291,0.9966136307823547,0.9999673932257813
combined_overall,0.00296738142322291,0.9966200933190296,0.9999673932257813
combined_overall,0.002969535602114542,0.9966200933190296,0.9999673932257813
combined_overall,0.002969535602114542,0.9966330183923794,0.9999673932257813
combined_overall,0.0029738439598978057,0.9966330183923794,0.9999673932257813
combined_overall,0.0029738439598978057,0.9966394809290543,0.9999673932257813
combined_overall,0.0029759981387894375,0.9966394809290543,0.9999673932257813
combined_overall,0.0029759981387894375,0.9966459434657292,0.9999673932257813
combined_overall,0.0029846148543559653,0.9966459434657292,0.9999673932257813
combined_overall,0.0029846148543559653,0.996652406002404,0.9999673932257813
combined_overall,0.0030169275377304435,0.996652406002404,0.9999673932257813
combined_overall,0.0030169275377304435,0.9966588685390789,0.9999673932257813
combined_overall,0.003018004627176259,0.9966588685390789,0.9999673932257813
combined_overall,0.003018004627176259,0.9966717936124287,0.9999673932257813
combined_overall,0.0030190817166220753,0.9966717936124287,0.9999673932257813
combined_overall,0.0030190817166220753,0.9966782561491037,0.9999673932257813
combined_overall,0.003025544253296971,0.9966782561491037,0.9999673932257813
combined_overall,0.0030276984321886027,0.9966782561491037,0.9999673932257813
combined_overall,0.00304170059498421,0.9966782561491037,0.9999673932257813
combined_overall,0.00304170059498421,0.9966847186857786,0.9999673932257813
combined_overall,0.0030492402211049216,0.9966847186857786,0.9999673932257813
combined_overall,0.0030492402211049216,0.9966911812224535,0.9999673932257813
combined_overall,0.0030772445466961357,0.9966911812224535,0.9999673932257813
combined_overall,0.0030772445466961357,0.9966976437591283,0.9999673932257813
combined_overall,0.0030858612622626635,0.9966976437591283,0.9999673932257813
combined_overall,0.0030858612622626635,0.9967041062958032,0.9999673932257813
combined_overall,0.003090169620045927,0.9967041062958032,0.9999673932257813
combined_overall,0.003090169620045927,0.9967105688324781,0.9999673932257813
combined_overall,0.003112788498408062,0.9967105688324781,0.9999673932257813
combined_overall,0.0031149426772996936,0.9967105688324781,0.9999673932257813
combined_overall,0.003130021929541117,0.9967105688324781,0.9999673932257813
combined_overall,0.003130021929541117,0.996717031369153,0.9999673932257813
combined_overall,0.0031375615556618283,0.996717031369153,0.9999673932257813
combined_overall,0.0031375615556618283,0.9967234939058279,0.9999673932257813
combined_overall,0.0031386386451076444,0.9967234939058279,0.9999673932257813
combined_overall,0.0031386386451076444,0.9967299564425028,0.9999673932257813
combined_overall,0.0031407928239992763,0.9967299564425028,0.9999673932257813
combined_overall,0.003142947002890908,0.9967299564425028,0.9999673932257813
combined_overall,0.00315048662901162,0.9967299564425028,0.9999673932257813
combined_overall,0.00315048662901162,0.9967364189791778,0.9999673932257813
combined_overall,0.003155872076240699,0.9967364189791778,0.9999673932257813
combined_overall,0.003155872076240699,0.9967428815158526,0.9999673932257813
combined_overall,0.0031687971495904907,0.9967428815158526,0.9999673932257813
combined_overall,0.0031687971495904907,0.9967493440525275,0.9999673932257813
combined_overall,0.0031709513284821226,0.9967493440525275,0.9999673932257813
combined_overall,0.00320864945908568,0.9967493440525275,0.9999673932257813
combined_overall,0.00320864945908568,0.9967558065892024,0.9999673932257813
combined_overall,0.0032215745324354716,0.9967558065892024,0.9999673932257813
combined_overall,0.0032215745324354716,0.9967622691258773,0.9999673932257813
combined_overall,0.003228037069110367,0.9967622691258773,0.9999673932257813
combined_overall,0.003228037069110367,0.9967751941992271,0.9999673932257813
combined_overall,0.003230191248001999,0.9967751941992271,0.9999673932257813
combined_overall,0.003230191248001999,0.996781656735902,0.9999673932257813
combined_overall,0.003232345426893631,0.996781656735902,0.9999673932257813
combined_overall,0.003232345426893631,0.9967881192725768,0.9999673932257813
combined_overall,0.0032398850530143426,0.9967881192725768,0.9999673932257813
combined_overall,0.0032398850530143426,0.9967945818092517,0.9999673932257813
combined_overall,0.0032635810208222933,0.9967945818092517,0.9999673932257813
combined_overall,0.0032635810208222933,0.9968010443459266,0.9999673932257813
combined_overall,0.003265735199713925,0.9968010443459266,0.9999673932257813
combined_overall,0.003265735199713925,0.9968075068826016,0.9999673932257813
combined_overall,0.0032775831836179005,0.9968075068826016,0.9999673932257813
combined_overall,0.0032775831836179005,0.9968139694192765,0.9999673932257813
combined_overall,0.0032786602730637163,0.9968139694192765,0.9999673932257813
combined_overall,0.0032786602730637163,0.9968204319559514,0.9999673932257813
combined_overall,0.003285122809738612,0.9968204319559514,0.9999673932257813
combined_overall,0.003285122809738612,0.9968268944926263,0.9999673932257813
combined_overall,0.0032894311675218755,0.9968268944926263,0.9999673932257813
combined_overall,0.0032894311675218755,0.9968333570293011,0.9999673932257813
combined_overall,0.0033066645986549307,0.9968333570293011,0.9999673932257813
combined_overall,0.0033066645986549307,0.996839819565976,0.9999673932257813
combined_overall,0.003323898029787986,0.996839819565976,0.9999673932257813
combined_overall,0.003323898029787986,0.9968462821026509,0.9999673932257813
combined_overall,0.0033615961603915435,0.9968462821026509,0.9999673932257813
combined_overall,0.0033615961603915435,0.9968721322493506,0.9999673932257813
combined_overall,0.003384215038753678,0.9968721322493506,0.9999673932257813
combined_overall,0.003384215038753678,0.9968785947860254,0.9999673932257813
combined_overall,0.0033917546648743898,0.9968785947860254,0.9999673932257813
combined_overall,0.0033917546648743898,0.9968850573227003,0.9999673932257813
combined_overall,0.0033949859332118378,0.9968850573227003,0.9999673932257813
combined_overall,0.0033949859332118378,0.9968915198593752,0.9999673932257813
combined_overall,0.003402525559332549,0.9968915198593752,0.9999673932257813
combined_overall,0.0034046797382241813,0.9968915198593752,0.9999673932257813
combined_overall,0.0034294527954779478,0.9968915198593752,0.9999673932257813
combined_overall,0.0034316069743695796,0.9968915198593752,0.9999673932257813
combined_overall,0.003438069511044475,0.9968915198593752,0.9999673932257813
combined_overall,0.003438069511044475,0.9968979823960501,0.9999673932257813
combined_overall,0.003440223689936107,0.9968979823960501,0.9999673932257813
combined_overall,0.003440223689936107,0.9969109074693999,0.9999673932257813
combined_overall,0.0034466862266110026,0.9969109074693999,0.9999673932257813
combined_overall,0.0034466862266110026,0.9969173700060748,0.9999673932257813
combined_overall,0.0034488404055026344,0.9969173700060748,0.9999673932257813
combined_overall,0.0034639196577440578,0.9969173700060748,0.9999673932257813
combined_overall,0.0034639196577440578,0.9969238325427496,0.9999673932257813
combined_overall,0.0034822301783229287,0.9969238325427496,0.9999673932257813
combined_overall,0.0034822301783229287,0.9969302950794245,0.9999673932257813
combined_overall,0.0034854614466603762,0.9969302950794245,0.9999673932257813
combined_overall,0.0034854614466603762,0.9969367576160995,0.9999673932257813
combined_overall,0.0034876156255520085,0.9969367576160995,0.9999673932257813
combined_overall,0.0034876156255520085,0.9969432201527744,0.9999673932257813
combined_overall,0.0034897698044436404,0.9969432201527744,0.9999673932257813
combined_overall,0.0034897698044436404,0.9969561452261242,0.9999673932257813
combined_overall,0.003496232341118536,0.9969561452261242,0.9999673932257813
combined_overall,0.003496232341118536,0.9969626077627991,0.9999673932257813
combined_overall,0.003514542861697407,0.9969626077627991,0.9999673932257813
combined_overall,0.003514542861697407,0.9969690702994739,0.9999673932257813
combined_overall,0.0035177741300348544,0.9969690702994739,0.9999673932257813
combined_overall,0.0035199283089264867,0.9969690702994739,0.9999673932257813
combined_overall,0.0035220824878181185,0.9969690702994739,0.9999673932257813
combined_overall,0.0035242366667097504,0.9969690702994739,0.9999673932257813
combined_overall,0.0035339304717220935,0.9969690702994739,0.9999673932257813
combined_overall,0.0035339304717220935,0.9969755328361488,0.9999673932257813
combined_overall,0.0035371617400595415,0.9969755328361488,0.9999673932257813
combined_overall,0.0035371617400595415,0.9969819953728237,0.9999673932257813
combined_overall,0.003543624276734437,0.9969819953728237,0.9999673932257813
combined_overall,0.003543624276734437,0.9969884579094986,0.9999673932257813
combined_overall,0.0035479326345177007,0.9969884579094986,0.9999673932257813
combined_overall,0.0035479326345177007,0.9969949204461735,0.9999673932257813
combined_overall,0.003552240992300965,0.9969949204461735,0.9999673932257813
combined_overall,0.003563011886759124,0.9969949204461735,0.9999673932257813
combined_overall,0.003563011886759124,0.9970013829828485,0.9999673932257813
combined_overall,0.0035694744234340196,0.9970013829828485,0.9999673932257813
combined_overall,0.0035694744234340196,0.9970078455195234,0.9999673932257813
combined_overall,0.0035716286023256515,0.9970078455195234,0.9999673932257813
combined_overall,0.0035716286023256515,0.9970143080561982,0.9999673932257813
combined_overall,0.0035737827812172833,0.9970143080561982,0.9999673932257813
combined_overall,0.0035737827812172833,0.9970336956662229,0.9999673932257813
combined_overall,0.0035770140495547313,0.9970336956662229,0.9999673932257813
combined_overall,0.0035770140495547313,0.9970401582028978,0.9999673932257813
combined_overall,0.003583476586229627,0.9970401582028978,0.9999673932257813
combined_overall,0.003583476586229627,0.9970466207395727,0.9999673932257813
combined_overall,0.0035920933017961542,0.9970466207395727,0.9999673932257813
combined_overall,0.0035920933017961542,0.9970530832762476,0.9999673932257813
combined_overall,0.003600710017362682,0.9970530832762476,0.9999673932257813
combined_overall,0.003600710017362682,0.9970724708862723,0.9999673932257813
combined_overall,0.0036050183751459458,0.9970724708862723,0.9999673932257813
combined_overall,0.0036050183751459458,0.9970789334229472,0.9999673932257813
combined_overall,0.0036071725540375776,0.9970789334229472,0.9999673932257813
combined_overall,0.0036071725540375776,0.9970853959596221,0.9999673932257813
combined_overall,0.0036093267329292095,0.9970853959596221,0.9999673932257813
combined_overall,0.0036093267329292095,0.997091858496297,0.9999673932257813
combined_overall,0.003612558001266657,0.997091858496297,0.9999673932257813
combined_overall,0.003612558001266657,0.9970983210329719,0.9999673932257813
combined_overall,0.003613635090712473,0.9970983210329719,0.9999673932257813
combined_overall,0.003613635090712473,0.9971112461063216,0.9999673932257813
combined_overall,0.003614712180158289,0.9971112461063216,0.9999673932257813
combined_overall,0.003614712180158289,0.9971177086429965,0.9999673932257813
combined_overall,0.003615789269604105,0.9971177086429965,0.9999673932257813
combined_overall,0.003615789269604105,0.9971306337163464,0.9999673932257813
combined_overall,0.0036276372535080804,0.9971306337163464,0.9999673932257813
combined_overall,0.0036276372535080804,0.9971370962530213,0.9999673932257813
combined_overall,0.003628714342953896,0.9971370962530213,0.9999673932257813
combined_overall,0.003628714342953896,0.997150021326371,0.9999673932257813
combined_overall,0.003631945611291344,0.997150021326371,0.9999673932257813
combined_overall,0.003631945611291344,0.9971564838630459,0.9999673932257813
combined_overall,0.0036384081479662396,0.9971564838630459,0.9999673932257813
combined_overall,0.0036384081479662396,0.9971629463997208,0.9999673932257813
combined_overall,0.0036405623268578715,0.9971629463997208,0.9999673932257813
combined_overall,0.0036427165057495033,0.9971629463997208,0.9999673932257813
combined_overall,0.003651333221316031,0.9971629463997208,0.9999673932257813
combined_overall,0.003651333221316031,0.9971694089363957,0.9999673932257813
combined_overall,0.003652410310761847,0.9971694089363957,0.9999673932257813
combined_overall,0.003652410310761847,0.9971758714730706,0.9999673932257813
combined_overall,0.003655641579099295,0.9971758714730706,0.9999673932257813
combined_overall,0.003655641579099295,0.9971887965464205,0.9999673932257813
combined_overall,0.0036621041157741904,0.9971887965464205,0.9999673932257813
combined_overall,0.0036621041157741904,0.9971952590830953,0.9999673932257813
combined_overall,0.0036653353841116384,0.9971952590830953,0.9999673932257813
combined_overall,0.0036653353841116384,0.9972017216197702,0.9999673932257813
combined_overall,0.00366748956300327,0.9972017216197702,0.9999673932257813
combined_overall,0.00366748956300327,0.9972081841564451,0.9999673932257813
combined_overall,0.003671797920786534,0.9972081841564451,0.9999673932257813
combined_overall,0.003671797920786534,0.99721464669312,0.9999673932257813
combined_overall,0.003679337546907245,0.99721464669312,0.9999673932257813
combined_overall,0.003679337546907245,0.9972211092297949,0.9999673932257813
combined_overall,0.003686877173027957,0.9972211092297949,0.9999673932257813
combined_overall,0.003686877173027957,0.9972275717664698,0.9999673932257813
combined_overall,0.003690108441365405,0.9972275717664698,0.9999673932257813
combined_overall,0.003690108441365405,0.9972340343031447,0.9999673932257813
combined_overall,0.00370195642526938,0.9972340343031447,0.9999673932257813
combined_overall,0.00370195642526938,0.9972404968398195,0.9999673932257813
combined_overall,0.003704110604161012,0.9972404968398195,0.9999673932257813
combined_overall,0.003704110604161012,0.9972469593764944,0.9999673932257813
combined_overall,0.0037051876936068278,0.9972469593764944,0.9999673932257813
combined_overall,0.0037051876936068278,0.9972534219131693,0.9999673932257813
combined_overall,0.003719189856402435,0.9972534219131693,0.9999673932257813
combined_overall,0.003719189856402435,0.9972598844498443,0.9999673932257813
combined_overall,0.00373642328753549,0.9972598844498443,0.9999673932257813
combined_overall,0.00373642328753549,0.9972663469865192,0.9999673932257813
combined_overall,0.003740731645318754,0.9972663469865192,0.9999673932257813
combined_overall,0.003740731645318754,0.997279272059869,0.9999673932257813
combined_overall,0.003753656718668545,0.997279272059869,0.9999673932257813
combined_overall,0.003753656718668545,0.9972857345965438,0.9999673932257813
combined_overall,0.0037655047025725204,0.9972857345965438,0.9999673932257813
combined_overall,0.0037655047025725204,0.9972921971332187,0.9999673932257813
combined_overall,0.0037762755970306796,0.9972921971332187,0.9999673932257813
combined_overall,0.003809665369850974,0.9972921971332187,0.9999673932257813
combined_overall,0.00381074245929679,0.9972921971332187,0.9999673932257813
combined_overall,0.003844132232117084,0.9972921971332187,0.9999673932257813
combined_overall,0.0038872158099497213,0.9972921971332187,0.9999673932257813
combined_overall,0.0038872158099497213,0.9973115847432434,0.9999673932257813
combined_overall,0.003906603419974408,0.9973115847432434,0.9999673932257813
combined_overall,0.003906603419974408,0.9973180472799184,0.9999673932257813
combined_overall,0.0039162972249867515,0.9973180472799184,0.9999673932257813
combined_overall,0.0039162972249867515,0.9973245098165933,0.9999673932257813
combined_overall,0.003947532818915414,0.9973245098165933,0.9999673932257813
combined_overall,0.003947532818915414,0.9973309723532681,0.9999673932257813
combined_overall,0.00395399535559031,0.9973309723532681,0.9999673932257813
combined_overall,0.00395399535559031,0.997337434889943,0.9999673932257813
combined_overall,0.0039615349817110216,0.997337434889943,0.9999673932257813
combined_overall,0.0039615349817110216,0.9973438974266179,0.9999673932257813
combined_overall,0.003979845502289892,0.9973438974266179,0.9999673932257813
combined_overall,0.003981999681181524,0.9973438974266179,0.9999673932257813
combined_overall,0.003990616396748052,0.9973438974266179,0.9999673932257813
combined_overall,0.003990616396748052,0.9973503599632928,0.9999673932257813
combined_overall,0.0039938476650855,0.9973503599632928,0.9999673932257813
combined_overall,0.0039938476650855,0.9973568224999677,0.9999673932257813
combined_overall,0.004039085421809769,0.9973568224999677,0.9999673932257813
combined_overall,0.0040412396007014,0.9973568224999677,0.9999673932257813
combined_overall,0.004096171162438014,0.9973568224999677,0.9999673932257813
combined_overall,0.004096171162438014,0.9973632850366426,0.9999673932257813
combined_overall,0.004097248251883829,0.9973632850366426,0.9999673932257813
combined_overall,0.004097248251883829,0.9973697475733175,0.9999673932257813
combined_overall,0.004098325341329645,0.9973697475733175,0.9999673932257813
combined_overall,0.004098325341329645,0.9973762101099923,0.9999673932257813
combined_overall,0.0041263296669208594,0.9973762101099923,0.9999673932257813
combined_overall,0.0041263296669208594,0.9973891351833422,0.9999673932257813
combined_overall,0.004130638024704123,0.9973891351833422,0.9999673932257813
combined_overall,0.004130638024704123,0.9973955977200171,0.9999673932257813
combined_overall,0.004141408919162283,0.9973955977200171,0.9999673932257813
combined_overall,0.004141408919162283,0.997402060256692,0.9999673932257813
combined_overall,0.0041554110819578905,0.997402060256692,0.9999673932257813
combined_overall,0.004157565260849522,0.997402060256692,0.9999673932257813
combined_overall,0.004190955033669816,0.997402060256692,0.9999673932257813
combined_overall,0.004190955033669816,0.9974085227933669,0.9999673932257813
combined_overall,0.004194186302007264,0.9974085227933669,0.9999673932257813
combined_overall,0.004194186302007264,0.9974149853300418,0.9999673932257813
combined_overall,0.004225421895935926,0.9974149853300418,0.9999673932257813
combined_overall,0.004225421895935926,0.9974214478667166,0.9999673932257813
combined_overall,0.004257734579310404,0.9974214478667166,0.9999673932257813
combined_overall,0.004257734579310404,0.9974279104033915,0.9999673932257813
combined_overall,0.004267428384322747,0.9974279104033915,0.9999673932257813
combined_overall,0.004267428384322747,0.9974343729400664,0.9999673932257813
combined_overall,0.004272813831551828,0.9974343729400664,0.9999673932257813
combined_overall,0.004274968010443459,0.9974343729400664,0.9999673932257813
combined_overall,0.004307280693817937,0.9974343729400664,0.9999673932257813
combined_overall,0.004307280693817937,0.9974408354767413,0.9999673932257813
combined_overall,0.004335285019409152,0.9974408354767413,0.9999673932257813
combined_overall,0.004335285019409152,0.9974472980134163,0.9999673932257813
combined_overall,0.004382676955025053,0.9974472980134163,0.9999673932257813
combined_overall,0.004382676955025053,0.9974537605500912,0.9999673932257813
combined_overall,0.004442993963990746,0.9974537605500912,0.9999673932257813
combined_overall,0.004445148142882377,0.9974537605500912,0.9999673932257813
combined_overall,0.004518390225197861,0.9974537605500912,0.9999673932257813
combined_overall,0.004518390225197861,0.997460223086766,0.9999673932257813
combined_overall,0.004523775672426941,0.997460223086766,0.9999673932257813
combined_overall,0.004523775672426941,0.9974666856234409,0.9999673932257813
combined_overall,0.004549625819126523,0.9974666856234409,0.9999673932257813
combined_overall,0.004549625819126523,0.9974731481601158,0.9999673932257813
combined_overall,0.004580861413055186,0.9974731481601158,0.9999673932257813
combined_overall,0.004583015591946817,0.9974731481601158,0.9999673932257813
combined_overall,0.004583015591946817,0.9974796106967907,0.9999673932257813
combined_overall,0.004618559543658743,0.9974796106967907,0.9999673932257813
combined_overall,0.004618559543658743,0.9974860732334656,0.9999673932257813
combined_overall,0.004629330438116903,0.9974860732334656,0.9999673932257813
combined_overall,0.0046314846170085345,0.9974860732334656,0.9999673932257813
combined_overall,0.0046347158853459825,0.9974860732334656,0.9999673932257813
combined_overall,0.0046347158853459825,0.9974925357701405,0.9999673932257813
combined_overall,0.004635792974791798,0.9974925357701405,0.9999673932257813
combined_overall,0.0046379471536834305,0.9974925357701405,0.9999673932257813
combined_overall,0.004639024243129246,0.9974925357701405,0.9999673932257813
combined_overall,0.0046411784220208785,0.9974925357701405,0.9999673932257813
combined_overall,0.00464333260091251,0.9974925357701405,0.9999673932257813
combined_overall,0.00464333260091251,0.9974989983068154,0.9999673932257813
combined_overall,0.004669182747612093,0.9974989983068154,0.9999673932257813
combined_overall,0.004669182747612093,0.9975054608434902,0.9999673932257813
combined_overall,0.0046831849104077,0.9975054608434902,0.9999673932257813
combined_overall,0.0046831849104077,0.9975183859168401,0.9999673932257813
combined_overall,0.004685339089299332,0.9975183859168401,0.9999673932257813
combined_overall,0.004685339089299332,0.997524848453515,0.9999673932257813
combined_overall,0.004692878715420044,0.997524848453515,0.9999673932257813
combined_overall,0.004692878715420044,0.9975313109901899,0.9999673932257813
combined_overall,0.004702572520432387,0.9975313109901899,0.9999673932257813
combined_overall,0.004702572520432387,0.9975377735268648,0.9999673932257813
combined_overall,0.0047294997565777855,0.9975377735268648,0.9999673932257813
combined_overall,0.0047294997565777855,0.9975442360635397,0.9999673932257813
combined_overall,0.004735962293252681,0.9975442360635397,0.9999673932257813
combined_overall,0.004735962293252681,0.9975506986002145,0.9999673932257813
combined_overall,0.004748887366602472,0.9975506986002145,0.9999673932257813
combined_overall,0.004748887366602472,0.9975571611368894,0.9999673932257813
combined_overall,0.00475211863493992,0.9975571611368894,0.9999673932257813
combined_overall,0.00475211863493992,0.9975636236735643,0.9999673932257813
combined_overall,0.004761812439952264,0.9975636236735643,0.9999673932257813
combined_overall,0.004761812439952264,0.9975700862102392,0.9999673932257813
combined_overall,0.004768274976627159,0.9975700862102392,0.9999673932257813
combined_overall,0.004768274976627159,0.9975765487469141,0.9999673932257813
combined_overall,0.004780122960531134,0.9975765487469141,0.9999673932257813
combined_overall,0.004780122960531134,0.9975830112835891,0.9999673932257813
combined_overall,0.0047822771394227664,0.9975830112835891,0.9999673932257813
combined_overall,0.0047822771394227664,0.997589473820264,0.9999673932257813
combined_overall,0.004797356391664189,0.997589473820264,0.9999673932257813
combined_overall,0.0048016647494474535,0.997589473820264,0.9999673932257813
combined_overall,0.004859827579521514,0.997589473820264,0.9999673932257813
combined_overall,0.004859827579521514,0.9975959363569388,0.9999673932257813
combined_overall,0.0048641359373047775,0.9975959363569388,0.9999673932257813
combined_overall,0.0048641359373047775,0.9976023988936137,0.9999673932257813
combined_overall,0.0048705984739796735,0.9976023988936137,0.9999673932257813
combined_overall,0.0048705984739796735,0.9976088614302886,0.9999673932257813
combined_overall,0.004874906831762937,0.9976088614302886,0.9999673932257813
combined_overall,0.004874906831762937,0.9976153239669635,0.9999673932257813
combined_overall,0.004886754815666913,0.9976153239669635,0.9999673932257813
combined_overall,0.004886754815666913,0.9976217865036384,0.9999673932257813
combined_overall,0.004893217352341808,0.9976217865036384,0.9999673932257813
combined_overall,0.004893217352341808,0.9976282490403133,0.9999673932257813
combined_overall,0.00489537153123344,0.9976282490403133,0.9999673932257813
combined_overall,0.00489537153123344,0.9976347115769882,0.9999673932257813
combined_overall,0.004900756978462519,0.9976347115769882,0.9999673932257813
combined_overall,0.004900756978462519,0.997641174113663,0.9999673932257813
combined_overall,0.004901834067908335,0.997641174113663,0.9999673932257813
combined_overall,0.004901834067908335,0.997647636650338,0.9999673932257813
combined_overall,0.004909373694029047,0.997647636650338,0.9999673932257813
combined_overall,0.004909373694029047,0.9976540991870129,0.9999673932257813
combined_overall,0.004911527872920679,0.9976540991870129,0.9999673932257813
combined_overall,0.004911527872920679,0.9976605617236878,0.9999673932257813
combined_overall,0.004915836230703943,0.9976605617236878,0.9999673932257813
combined_overall,0.004915836230703943,0.9976670242603627,0.9999673932257813
combined_overall,0.0049169133201497585,0.9976670242603627,0.9999673932257813
combined_overall,0.0049169133201497585,0.9976734867970376,0.9999673932257813
combined_overall,0.004925530035716286,0.9976734867970376,0.9999673932257813
combined_overall,0.004925530035716286,0.9976799493337125,0.9999673932257813
combined_overall,0.00493522384072863,0.9976799493337125,0.9999673932257813
combined_overall,0.00493522384072863,0.9976864118703873,0.9999673932257813
combined_overall,0.004938455109066077,0.9976864118703873,0.9999673932257813
combined_overall,0.004938455109066077,0.9976928744070622,0.9999673932257813
combined_overall,0.004940609287957709,0.9976928744070622,0.9999673932257813
combined_overall,0.004940609287957709,0.9976993369437371,0.9999673932257813
combined_overall,0.004957842719090764,0.9976993369437371,0.9999673932257813
combined_overall,0.004957842719090764,0.997705799480412,0.9999673932257813
combined_overall,0.004961073987428212,0.997705799480412,0.9999673932257813
combined_overall,0.004961073987428212,0.997712262017087,0.9999673932257813
combined_overall,0.004991232491911058,0.997712262017087,0.9999673932257813
combined_overall,0.004991232491911058,0.9977187245537619,0.9999673932257813
combined_overall,0.005020313906948089,0.9977187245537619,0.9999673932257813
combined_overall,0.005020313906948089,0.9977251870904368,0.9999673932257813
combined_overall,0.005034316069743696,0.9977251870904368,0.9999673932257813
combined_overall,0.005034316069743696,0.9977316496271116,0.9999673932257813
combined_overall,0.005037547338081144,0.9977316496271116,0.9999673932257813
combined_overall,0.005037547338081144,0.9977381121637865,0.9999673932257813
combined_overall,0.005049395321985119,0.9977381121637865,0.9999673932257813
combined_overall,0.005049395321985119,0.9977445747004614,0.9999673932257813
combined_overall,0.005055857858660014,0.9977445747004614,0.9999673932257813
combined_overall,0.005055857858660014,0.9977510372371363,0.9999673932257813
combined_overall,0.005060166216443279,0.9977510372371363,0.9999673932257813
combined_overall,0.005060166216443279,0.997770424847161,0.9999673932257813
combined_overall,0.005064474574226542,0.997770424847161,0.9999673932257813
combined_overall,0.005064474574226542,0.9977833499205108,0.9999673932257813
combined_overall,0.0050806309159137815,0.9977833499205108,0.9999673932257813
combined_overall,0.0050806309159137815,0.9977898124571857,0.9999673932257813
combined_overall,0.005081708005359597,0.9977898124571857,0.9999673932257813
combined_overall,0.005081708005359597,0.9977962749938606,0.9999673932257813
combined_overall,0.005090324720926125,0.9977962749938606,0.9999673932257813
combined_overall,0.005090324720926125,0.9978027375305355,0.9999673932257813
combined_overall,0.005097864347046836,0.9978027375305355,0.9999673932257813
combined_overall,0.005097864347046836,0.9978092000672104,0.9999673932257813
combined_overall,0.005098941436492652,0.9978092000672104,0.9999673932257813
combined_overall,0.005101095615384284,0.9978092000672104,0.9999673932257813
combined_overall,0.005107558152059179,0.9978092000672104,0.9999673932257813
combined_overall,0.005107558152059179,0.9978156626038853,0.9999673932257813
combined_overall,0.005108635241504996,0.9978156626038853,0.9999673932257813
combined_overall,0.005108635241504996,0.997828587677235,0.9999673932257813
combined_overall,0.005117251957071523,0.997828587677235,0.9999673932257813
combined_overall,0.005117251957071523,0.99783505021391,0.9999673932257813
combined_overall,0.0051204832254089705,0.99783505021391,0.9999673932257813
combined_overall,0.0051204832254089705,0.9978415127505849,0.9999673932257813
combined_overall,0.0051237144937464184,0.9978415127505849,0.9999673932257813
combined_overall,0.0051237144937464184,0.9978479752872598,0.9999673932257813
combined_overall,0.0051269457620838664,0.9978479752872598,0.9999673932257813
combined_overall,0.0051269457620838664,0.9978544378239347,0.9999673932257813
combined_overall,0.005158181356012529,0.9978544378239347,0.9999673932257813
combined_overall,0.005158181356012529,0.9978609003606096,0.9999673932257813
combined_overall,0.005179723144928847,0.9978609003606096,0.9999673932257813
combined_overall,0.005179723144928847,0.9978673628972844,0.9999673932257813
combined_overall,0.005180800234374663,0.9978673628972844,0.9999673932257813
combined_overall,0.005180800234374663,0.9978738254339593,0.9999673932257813
combined_overall,0.005186185681603743,0.9978738254339593,0.9999673932257813
combined_overall,0.005186185681603743,0.9978802879706342,0.9999673932257813
combined_overall,0.005190494039387007,0.9978802879706342,0.9999673932257813
combined_overall,0.0051926482182786384,0.9978802879706342,0.9999673932257813
combined_overall,0.005203419112736798,0.9978802879706342,0.9999673932257813
combined_overall,0.005203419112736798,0.9978867505073091,0.9999673932257813
combined_overall,0.00520557329162843,0.9978867505073091,0.9999673932257813
combined_overall,0.00520557329162843,0.997893213043984,0.9999673932257813
combined_overall,0.005206650381074246,0.997893213043984,0.9999673932257813
combined_overall,0.0052088045599658775,0.997893213043984,0.9999673932257813
combined_overall,0.0052120358283033255,0.997893213043984,0.9999673932257813
combined_overall,0.0052120358283033255,0.997899675580659,0.9999673932257813
combined_overall,0.005231423438328013,0.997899675580659,0.9999673932257813
combined_overall,0.005231423438328013,0.9979061381173339,0.9999673932257813
combined_overall,0.005233577617219644,0.9979061381173339,0.9999673932257813
combined_overall,0.005233577617219644,0.9979190631906836,0.9999673932257813
combined_overall,0.005245425601123619,0.9979190631906836,0.9999673932257813
combined_overall,0.005245425601123619,0.9979255257273585,0.9999673932257813
combined_overall,0.005251888137798515,0.9979255257273585,0.9999673932257813
combined_overall,0.005251888137798515,0.9979384508007083,0.9999673932257813
combined_overall,0.0052648132111483064,0.9979384508007083,0.9999673932257813
combined_overall,0.0052648132111483064,0.9979449133373832,0.9999673932257813
combined_overall,0.005271275747823202,0.9979449133373832,0.9999673932257813
combined_overall,0.005271275747823202,0.9979513758740581,0.9999673932257813
combined_overall,0.0052809695528355455,0.9979513758740581,0.9999673932257813
combined_overall,0.0052809695528355455,0.9979578384107329,0.9999673932257813
combined_overall,0.005283123731727178,0.9979578384107329,0.9999673932257813
combined_overall,0.005283123731727178,0.9979643009474078,0.9999673932257813
combined_overall,0.005286355000064626,0.9979643009474078,0.9999673932257813
combined_overall,0.005286355000064626,0.9979707634840828,0.9999673932257813
combined_overall,0.0052906633578478895,0.9979707634840828,0.9999673932257813
combined_overall,0.0052906633578478895,0.9979772260207577,0.9999673932257813
combined_overall,0.005302511341751865,0.9979772260207577,0.9999673932257813
combined_overall,0.005302511341751865,0.9979901510941075,0.9999673932257813
combined_overall,0.0053035884311976806,0.9979901510941075,0.9999673932257813
combined_overall,0.0053035884311976806,0.9979966136307824,0.9999673932257813
combined_overall,0.00531974477288492,0.9979966136307824,0.9999673932257813
combined_overall,0.00531974477288492,0.9980030761674572,0.9999673932257813
combined_overall,0.005328361488451447,0.9980030761674572,0.9999673932257813
combined_overall,0.005328361488451447,0.9980095387041321,0.9999673932257813
combined_overall,0.005335901114572159,0.9980095387041321,0.9999673932257813
combined_overall,0.005335901114572159,0.998016001240807,0.9999673932257813
combined_overall,0.005339132382909607,0.998016001240807,0.9999673932257813
combined_overall,0.005339132382909607,0.9980224637774819,0.9999673932257813
combined_overall,0.00534344074069287,0.9980224637774819,0.9999673932257813
combined_overall,0.00534344074069287,0.9980289263141569,0.9999673932257813
combined_overall,0.005352057456259398,0.9980289263141569,0.9999673932257813
combined_overall,0.005352057456259398,0.9980353888508318,0.9999673932257813
combined_overall,0.0053563658140426615,0.9980353888508318,0.9999673932257813
combined_overall,0.0053563658140426615,0.9980418513875067,0.9999673932257813
combined_overall,0.0053595970823801095,0.9980418513875067,0.9999673932257813
combined_overall,0.0053595970823801095,0.9980547764608564,0.9999673932257813
combined_overall,0.005364982529609189,0.9980547764608564,0.9999673932257813
combined_overall,0.005364982529609189,0.9980612389975313,0.9999673932257813
combined_overall,0.005373599245175716,0.9980612389975313,0.9999673932257813
combined_overall,0.005373599245175716,0.9980677015342062,0.9999673932257813
combined_overall,0.005376830513513164,0.9980677015342062,0.9999673932257813
combined_overall,0.005376830513513164,0.9980741640708811,0.9999673932257813
combined_overall,0.00537790760295898,0.9980741640708811,0.9999673932257813
combined_overall,0.00537790760295898,0.998080626607556,0.9999673932257813
combined_overall,0.005389755586862955,0.998080626607556,0.9999673932257813
combined_overall,0.005389755586862955,0.9980870891442309,0.9999673932257813
combined_overall,0.005396218123537851,0.9980870891442309,0.9999673932257813
combined_overall,0.005396218123537851,0.9981064767542556,0.9999673932257813
combined_overall,0.005408066107441827,0.9981064767542556,0.9999673932257813
combined_overall,0.005408066107441827,0.9981129392909305,0.9999673932257813
combined_overall,0.005409143196887642,0.9981129392909305,0.9999673932257813
combined_overall,0.005409143196887642,0.9981194018276054,0.9999673932257813
combined_overall,0.005413451554670906,0.9981194018276054,0.9999673932257813
combined_overall,0.005413451554670906,0.99813878943763,0.9999673932257813
combined_overall,0.005414528644116722,0.99813878943763,0.9999673932257813
combined_overall,0.005414528644116722,0.9981452519743049,0.9999673932257813
combined_overall,0.005416682823008354,0.9981452519743049,0.9999673932257813
combined_overall,0.005416682823008354,0.9981517145109798,0.9999673932257813
combined_overall,0.0054188370018999855,0.9981517145109798,0.9999673932257813
combined_overall,0.0054188370018999855,0.9981581770476547,0.9999673932257813
combined_overall,0.005419914091345802,0.9981581770476547,0.9999673932257813
combined_overall,0.005419914091345802,0.9981646395843297,0.9999673932257813
combined_overall,0.005423145359683249,0.9981646395843297,0.9999673932257813
combined_overall,0.005423145359683249,0.9981711021210046,0.9999673932257813
combined_overall,0.005427453717466513,0.9981711021210046,0.9999673932257813
combined_overall,0.005427453717466513,0.9981775646576795,0.9999673932257813
combined_overall,0.0054285308069123295,0.9981775646576795,0.9999673932257813
combined_overall,0.0054285308069123295,0.9981840271943543,0.9999673932257813
combined_overall,0.005433916254141409,0.9981840271943543,0.9999673932257813
combined_overall,0.005433916254141409,0.9981904897310292,0.9999673932257813
combined_overall,0.005434993343587225,0.9981904897310292,0.9999673932257813
combined_overall,0.005434993343587225,0.9981969522677041,0.9999673932257813
combined_overall,0.005439301701370488,0.9981969522677041,0.9999673932257813
combined_overall,0.005439301701370488,0.998203414804379,0.9999673932257813
combined_overall,0.0054414558802621206,0.998203414804379,0.9999673932257813
combined_overall,0.0054414558802621206,0.9982163398777288,0.9999673932257813
combined_overall,0.0054414558802621206,0.9982228024144038,0.9999673932257813
combined_overall,0.005445764238045384,0.9982228024144038,0.9999673932257813
combined_overall,0.005445764238045384,0.9982292649510786,0.9999673932257813
combined_overall,0.005453303864166096,0.9982292649510786,0.9999673932257813
combined_overall,0.005453303864166096,0.9982357274877535,0.9999673932257813
combined_overall,0.005459766400840991,0.9982357274877535,0.9999673932257813
combined_overall,0.005459766400840991,0.9982421900244284,0.9999673932257813
combined_overall,0.005465151848070071,0.9982421900244284,0.9999673932257813
combined_overall,0.005465151848070071,0.9982486525611033,0.9999673932257813
combined_overall,0.005466228937515887,0.9982486525611033,0.9999673932257813
combined_overall,0.005468383116407519,0.9982486525611033,0.9999673932257813
combined_overall,0.005470537295299151,0.9982486525611033,0.9999673932257813
combined_overall,0.005470537295299151,0.9982551150977782,0.9999673932257813
combined_overall,0.005471614384744966,0.9982551150977782,0.9999673932257813
combined_overall,0.005471614384744966,0.9982615776344531,0.9999673932257813
combined_overall,0.005474845653082414,0.9982615776344531,0.9999673932257813
combined_overall,0.005474845653082414,0.998268040171128,0.9999673932257813
combined_overall,0.005479154010865678,0.998268040171128,0.9999673932257813
combined_overall,0.005479154010865678,0.9982745027078028,0.9999673932257813
combined_overall,0.005484539458094758,0.9982745027078028,0.9999673932257813
combined_overall,0.005484539458094758,0.9982874277811526,0.9999673932257813
combined_overall,0.005492079084215469,0.9982874277811526,0.9999673932257813
combined_overall,0.005492079084215469,0.9982938903178276,0.9999673932257813
combined_overall,0.005499618710336181,0.9982938903178276,0.9999673932257813
combined_overall,0.005499618710336181,0.9983003528545025,0.9999673932257813
combined_overall,0.005502849978673629,0.9983003528545025,0.9999673932257813
combined_overall,0.005502849978673629,0.9983068153911774,0.9999673932257813
combined_overall,0.005505004157565261,0.9983068153911774,0.9999673932257813
combined_overall,0.005505004157565261,0.9983132779278523,0.9999673932257813
combined_overall,0.005507158336456893,0.9983132779278523,0.9999673932257813
combined_overall,0.005507158336456893,0.9983197404645271,0.9999673932257813
combined_overall,0.0055136208731317886,0.9983197404645271,0.9999673932257813
combined_overall,0.0055136208731317886,0.998326203001202,0.9999673932257813
combined_overall,0.005519006320360868,0.998326203001202,0.9999673932257813
combined_overall,0.005519006320360868,0.9983326655378769,0.9999673932257813
combined_overall,0.005520083409806684,0.9983326655378769,0.9999673932257813
combined_overall,0.005520083409806684,0.9983391280745518,0.9999673932257813
combined_overall,0.005529777214819028,0.9983391280745518,0.9999673932257813
combined_overall,0.005529777214819028,0.9983455906112267,0.9999673932257813
combined_overall,0.005547010645952082,0.9983455906112267,0.9999673932257813
combined_overall,0.005547010645952082,0.9983520531479017,0.9999673932257813
combined_overall,0.005554550272072794,0.9983520531479017,0.9999673932257813
combined_overall,0.005554550272072794,0.9983585156845766,0.9999673932257813
combined_overall,0.00555562736151861,0.9983585156845766,0.9999673932257813
combined_overall,0.00555562736151861,0.9983649782212514,0.9999673932257813
combined_overall,0.005558858629856058,0.9983649782212514,0.9999673932257813
combined_overall,0.005558858629856058,0.9983714407579263,0.9999673932257813
combined_overall,0.00556101280874769,0.9983714407579263,0.9999673932257813
combined_overall,0.00556101280874769,0.9983843658312761,0.9999673932257813
combined_overall,0.0055631669876393215,0.9983843658312761,0.9999673932257813
combined_overall,0.0055631669876393215,0.998390828367951,0.9999673932257813
combined_overall,0.005580400418772376,0.998390828367951,0.9999673932257813
combined_overall,0.005580400418772376,0.9983972909046259,0.9999673932257813
combined_overall,0.005586862955447272,0.9983972909046259,0.9999673932257813
combined_overall,0.005586862955447272,0.9984037534413008,0.9999673932257813
combined_overall,0.005587940044893088,0.9984037534413008,0.9999673932257813
combined_overall,0.005587940044893088,0.9984102159779756,0.9999673932257813
combined_overall,0.0055954796710138,0.9984102159779756,0.9999673932257813
combined_overall,0.0055954796710138,0.9984166785146505,0.9999673932257813
combined_overall,0.005603019297134511,0.9984166785146505,0.9999673932257813
combined_overall,0.005603019297134511,0.9984296035880004,0.9999673932257813
combined_overall,0.005608404744363591,0.9984296035880004,0.9999673932257813
combined_overall,0.005608404744363591,0.9984360661246753,0.9999673932257813
combined_overall,0.005618098549375935,0.9984360661246753,0.9999673932257813
combined_overall,0.005618098549375935,0.9984425286613502,0.9999673932257813
combined_overall,0.00561917563882175,0.9984425286613502,0.9999673932257813
combined_overall,0.00561917563882175,0.9984489911980251,0.9999673932257813
combined_overall,0.005626715264942462,0.9984489911980251,0.9999673932257813
combined_overall,0.005626715264942462,0.9984554537346999,0.9999673932257813
combined_overall,0.005637486159400621,0.9984554537346999,0.9999673932257813
combined_overall,0.005637486159400621,0.9984619162713748,0.9999673932257813
combined_overall,0.005639640338292253,0.9984619162713748,0.9999673932257813
combined_overall,0.005639640338292253,0.9984683788080497,0.9999673932257813
combined_overall,0.005645025785521333,0.9984683788080497,0.9999673932257813
combined_overall,0.005647179964412965,0.9984683788080497,0.9999673932257813
combined_overall,0.005655796679979492,0.9984683788080497,0.9999673932257813
combined_overall,0.005655796679979492,0.9984748413447246,0.9999673932257813
combined_overall,0.00566441339554602,0.9984748413447246,0.9999673932257813
combined_overall,0.00566441339554602,0.9984813038813996,0.9999673932257813
combined_overall,0.005673030111112547,0.9984813038813996,0.9999673932257813
combined_overall,0.005673030111112547,0.9984877664180745,0.9999673932257813
combined_overall,0.005683801005570707,0.9984877664180745,0.9999673932257813
combined_overall,0.00568810936335397,0.9984877664180745,0.9999673932257813
combined_overall,0.005690263542245602,0.9984877664180745,0.9999673932257813
combined_overall,0.005691340631691418,0.9984877664180745,0.9999673932257813
combined_overall,0.005691340631691418,0.9984942289547493,0.9999673932257813
combined_overall,0.005713959510053553,0.9984942289547493,0.9999673932257813
combined_overall,0.005713959510053553,0.9985006914914242,0.9999673932257813
combined_overall,0.005739809656753136,0.9985006914914242,0.9999673932257813
combined_overall,0.005739809656753136,0.9985071540280991,0.9999673932257813
combined_overall,0.005753811819548742,0.9985071540280991,0.9999673932257813
combined_overall,0.005753811819548742,0.9985265416381238,0.9999673932257813
combined_overall,0.005759197266777823,0.9985265416381238,0.9999673932257813
combined_overall,0.005759197266777823,0.9985330041747987,0.9999673932257813
combined_overall,0.00576242853511527,0.9985330041747987,0.9999673932257813
combined_overall,0.00576242853511527,0.9985394667114735,0.9999673932257813
combined_overall,0.005775353608465062,0.9985394667114735,0.9999673932257813
combined_overall,0.005777507787356693,0.9985394667114735,0.9999673932257813
combined_overall,0.0057958183079355645,0.9985394667114735,0.9999673932257813
combined_overall,0.0057958183079355645,0.9985459292481484,0.9999673932257813
combined_overall,0.005800126665718828,0.9985459292481484,0.9999673932257813
combined_overall,0.005800126665718828,0.9985588543214983,0.9999673932257813
combined_overall,0.005801203755164644,0.9985588543214983,0.9999673932257813
combined_overall,0.005801203755164644,0.9985653168581732,0.9999673932257813
combined_overall,0.005851826959117993,0.9985653168581732,0.9999673932257813
combined_overall,0.005851826959117993,0.9985717793948481,0.9999673932257813
combined_overall,0.0058658291219136,0.9985717793948481,0.9999673932257813
combined_overall,0.0058658291219136,0.998578241931523,0.9999673932257813
combined_overall,0.005880908374155024,0.998578241931523,0.9999673932257813
combined_overall,0.005880908374155024,0.9985847044681978,0.9999673932257813
combined_overall,0.005899218894733894,0.9985847044681978,0.9999673932257813
combined_overall,0.005899218894733894,0.9985911670048727,0.9999673932257813
combined_overall,0.005903527252517158,0.9985911670048727,0.9999673932257813
combined_overall,0.005903527252517158,0.9985976295415476,0.9999673932257813
combined_overall,0.00590568143140879,0.9985976295415476,0.9999673932257813
combined_overall,0.0059078356103004215,0.9985976295415476,0.9999673932257813
combined_overall,0.005909989789192054,0.9985976295415476,0.9999673932257813
combined_overall,0.005909989789192054,0.9986105546148974,0.9999673932257813
combined_overall,0.005916452325866949,0.9986105546148974,0.9999673932257813
combined_overall,0.005916452325866949,0.9986234796882473,0.9999673932257813
combined_overall,0.005932608667554188,0.9986234796882473,0.9999673932257813
combined_overall,0.005932608667554188,0.9986299422249221,0.9999673932257813
combined_overall,0.00593476284644582,0.9986299422249221,0.9999673932257813
combined_overall,0.00593476284644582,0.998636404761597,0.9999673932257813
combined_overall,0.0059369170253374525,0.998636404761597,0.9999673932257813
combined_overall,0.0059369170253374525,0.9986428672982719,0.9999673932257813
combined_overall,0.005946610830349796,0.9986428672982719,0.9999673932257813
combined_overall,0.005946610830349796,0.9986493298349468,0.9999673932257813
combined_overall,0.005948765009241427,0.9986493298349468,0.9999673932257813
combined_overall,0.005950919188133059,0.9986493298349468,0.9999673932257813
combined_overall,0.005954150456470507,0.9986493298349468,0.9999673932257813
combined_overall,0.005956304635362139,0.9986493298349468,0.9999673932257813
combined_overall,0.0059864631398449854,0.9986493298349468,0.9999673932257813
combined_overall,0.0059864631398449854,0.9986557923716217,0.9999673932257813
combined_overall,0.0059896944081824334,0.9986557923716217,0.9999673932257813
combined_overall,0.005991848587074065,0.9986557923716217,0.9999673932257813
combined_overall,0.005991848587074065,0.9986622549082966,0.9999673932257813
combined_overall,0.005994002765965697,0.9986622549082966,0.9999673932257813
combined_overall,0.005994002765965697,0.9986687174449715,0.9999673932257813
combined_overall,0.006004773660423856,0.9986687174449715,0.9999673932257813
combined_overall,0.006004773660423856,0.9986751799816463,0.9999673932257813
combined_overall,0.006025238359894359,0.9986751799816463,0.9999673932257813
combined_overall,0.006025238359894359,0.9986816425183213,0.9999673932257813
combined_overall,0.0060521655960397575,0.9986816425183213,0.9999673932257813
combined_overall,0.0060521655960397575,0.9986881050549962,0.9999673932257813
combined_overall,0.0060553968643772054,0.9986881050549962,0.9999673932257813
combined_overall,0.0060553968643772054,0.9986945675916711,0.9999673932257813
combined_overall,0.006056473953823021,0.9986945675916711,0.9999673932257813
combined_overall,0.006056473953823021,0.9987074926650209,0.9999673932257813
combined_overall,0.006095249173872395,0.9987074926650209,0.9999673932257813
combined_overall,0.006095249173872395,0.9987139552016958,0.9999673932257813
combined_overall,0.006097403352764027,0.9987139552016958,0.9999673932257813
combined_overall,0.006097403352764027,0.9987204177383706,0.9999673932257813
combined_overall,0.006106020068330554,0.9987204177383706,0.9999673932257813
combined_overall,0.006106020068330554,0.9987268802750455,0.9999673932257813
combined_overall,0.006108174247222186,0.9987268802750455,0.9999673932257813
combined_overall,0.006108174247222186,0.9987333428117204,0.9999673932257813
combined_overall,0.006115713873342898,0.9987333428117204,0.9999673932257813
combined_overall,0.006115713873342898,0.9987398053483953,0.9999673932257813
combined_overall,0.0061340243939217685,0.9987398053483953,0.9999673932257813
combined_overall,0.0061340243939217685,0.9987462678850703,0.9999673932257813
combined_overall,0.006139409841150849,0.9987462678850703,0.9999673932257813
combined_overall,0.006139409841150849,0.9987527304217452,0.9999673932257813
combined_overall,0.006167414166742063,0.9987527304217452,0.9999673932257813
combined_overall,0.006169568345633695,0.9987527304217452,0.9999673932257813
combined_overall,0.006173876703416958,0.9987527304217452,0.9999673932257813
combined_overall,0.006173876703416958,0.9987591929584201,0.9999673932257813
combined_overall,0.006178185061200222,0.9987591929584201,0.9999673932257813
combined_overall,0.006178185061200222,0.9987656554950949,0.9999673932257813
combined_overall,0.006185724687320934,0.9987656554950949,0.9999673932257813
combined_overall,0.006185724687320934,0.9987721180317698,0.9999673932257813
combined_overall,0.0062094206551288845,0.9987721180317698,0.9999673932257813
combined_overall,0.006211574834020517,0.9987721180317698,0.9999673932257813
combined_overall,0.0062158831918037805,0.9987721180317698,0.9999673932257813
combined_overall,0.006218037370695412,0.9987721180317698,0.9999673932257813
combined_overall,0.006218037370695412,0.9987785805684447,0.9999673932257813
combined_overall,0.006220191549587044,0.9987785805684447,0.9999673932257813
combined_overall,0.006222345728478676,0.9987785805684447,0.9999673932257813
combined_overall,0.006244964606840811,0.9987785805684447,0.9999673932257813
combined_overall,0.006244964606840811,0.9987850431051196,0.9999673932257813
combined_overall,0.006291279453010896,0.9987850431051196,0.9999673932257813
combined_overall,0.006291279453010896,0.9987915056417945,0.9999673932257813
combined_overall,0.006310667063035583,0.9987915056417945,0.9999673932257813
combined_overall,0.006310667063035583,0.9987979681784694,0.9999673932257813
combined_overall,0.006320360868047926,0.9987979681784694,0.9999673932257813
combined_overall,0.006320360868047926,0.9988044307151444,0.9999673932257813
combined_overall,0.006322515046939558,0.9988044307151444,0.9999673932257813
combined_overall,0.006322515046939558,0.9988108932518192,0.9999673932257813
combined_overall,0.0063472881041933245,0.9988108932518192,0.9999673932257813
combined_overall,0.006349442283084957,0.9988108932518192,0.9999673932257813
combined_overall,0.0064000654870383054,0.9988108932518192,0.9999673932257813
combined_overall,0.0064000654870383054,0.9988173557884941,0.9999673932257813
combined_overall,0.006404373844821569,0.9988173557884941,0.9999673932257813
combined_overall,0.006404373844821569,0.998823818325169,0.9999673932257813
combined_overall,0.006407605113159017,0.998823818325169,0.9999673932257813
combined_overall,0.006407605113159017,0.9988302808618439,0.9999673932257813
combined_overall,0.006426992723183704,0.9988302808618439,0.9999673932257813
combined_overall,0.006426992723183704,0.9988367433985188,0.9999673932257813
combined_overall,0.006436686528196047,0.9988367433985188,0.9999673932257813
combined_overall,0.006436686528196047,0.9988432059351937,0.9999673932257813
combined_overall,0.006473307569353789,0.9988432059351937,0.9999673932257813
combined_overall,0.006473307569353789,0.9988496684718686,0.9999673932257813
combined_overall,0.006498080626607556,0.9988496684718686,0.9999673932257813
combined_overall,0.006498080626607556,0.9988561310085434,0.9999673932257813
combined_overall,0.006548703830560905,0.9988561310085434,0.9999673932257813
combined_overall,0.006548703830560905,0.9988625935452183,0.9999673932257813
combined_overall,0.0065605518144648805,0.9988625935452183,0.9999673932257813
combined_overall,0.006562705993356512,0.9988625935452183,0.9999673932257813
combined_overall,0.0065831706928270155,0.9988625935452183,0.9999673932257813
combined_overall,0.0065831706928270155,0.9988690560818932,0.9999673932257813
combined_overall,0.00660578957118915,0.9988690560818932,0.9999673932257813
combined_overall,0.00660578957118915,0.9988755186185682,0.9999673932257813
combined_overall,0.006607943750080782,0.9988755186185682,0.9999673932257813
combined_overall,0.006607943750080782,0.9988819811552431,0.9999673932257813
combined_overall,0.006609020839526598,0.9988819811552431,0.9999673932257813
combined_overall,0.006609020839526598,0.998888443691918,0.9999673932257813
combined_overall,0.006630562628442916,0.998888443691918,0.9999673932257813
combined_overall,0.0066327168073345485,0.998888443691918,0.9999673932257813
combined_overall,0.0066521044173592355,0.998888443691918,0.9999673932257813
combined_overall,0.0066521044173592355,0.9988949062285929,0.9999673932257813
combined_overall,0.006687648369071161,0.9988949062285929,0.9999673932257813
combined_overall,0.006687648369071161,0.9989013687652677,0.9999673932257813
combined_overall,0.006746888288591038,0.9989013687652677,0.9999673932257813
combined_overall,0.006746888288591038,0.9989078313019426,0.9999673932257813
combined_overall,0.006801819850327651,0.9989078313019426,0.9999673932257813
combined_overall,0.006801819850327651,0.9989142938386175,0.9999673932257813
combined_overall,0.006803974029219282,0.9989142938386175,0.9999673932257813
combined_overall,0.006806128208110915,0.9989142938386175,0.9999673932257813
combined_overall,0.006806128208110915,0.9989207563752924,0.9999673932257813
combined_overall,0.0068621368592933435,0.9989207563752924,0.9999673932257813
combined_overall,0.0068621368592933435,0.9989272189119673,0.9999673932257813
combined_overall,0.006891218274330374,0.9989272189119673,0.9999673932257813
combined_overall,0.006893372453222005,0.9989272189119673,0.9999673932257813
combined_overall,0.007009698113370127,0.9989272189119673,0.9999673932257813
combined_overall,0.007009698113370127,0.9989336814486423,0.9999673932257813
combined_overall,0.007074323480119083,0.9989336814486423,0.9999673932257813
combined_overall,0.007078631837902347,0.9989336814486423,0.9999673932257813
combined_overall,0.007159413546338542,0.9989336814486423,0.9999673932257813
combined_overall,0.007161567725230174,0.9989336814486423,0.9999673932257813
combined_overall,0.007165876083013438,0.9989336814486423,0.9999673932257813
combined_overall,0.0071841866035923085,0.9989336814486423,0.9999673932257813
combined_overall,0.0071841866035923085,0.998946606521992,0.9999673932257813
combined_overall,0.007188494961375572,0.998946606521992,0.9999673932257813
combined_overall,0.007188494961375572,0.9989530690586669,0.9999673932257813
combined_overall,0.007252043238678713,0.9989530690586669,0.9999673932257813
combined_overall,0.007252043238678713,0.9989595315953418,0.9999673932257813
combined_overall,0.007297280995402982,0.9989595315953418,0.9999673932257813
combined_overall,0.007299435174294614,0.9989595315953418,0.9999673932257813
combined_overall,0.007359752183260307,0.9989595315953418,0.9999673932257813
combined_overall,0.007359752183260307,0.9989659941320167,0.9999673932257813
combined_overall,0.007360829272706123,0.9989659941320167,0.9999673932257813
combined_overall,0.007360829272706123,0.9989724566686916,0.9999673932257813
combined_overall,0.007422223371117631,0.9989724566686916,0.9999673932257813
combined_overall,0.007424377550009263,0.9989724566686916,0.9999673932257813
combined_overall,0.007442688070588134,0.9989724566686916,0.9999673932257813
combined_overall,0.007442688070588134,0.9989789192053665,0.9999673932257813
combined_overall,0.007469615306733532,0.9989789192053665,0.9999673932257813
combined_overall,0.007469615306733532,0.9989853817420414,0.9999673932257813
combined_overall,0.007470692396179348,0.9989853817420414,0.9999673932257813
combined_overall,0.007470692396179348,0.9989918442787162,0.9999673932257813
combined_overall,0.007473923664516796,0.9989918442787162,0.9999673932257813
combined_overall,0.007473923664516796,0.9989983068153911,0.9999673932257813
combined_overall,0.0075579366412904395,0.9989983068153911,0.9999673932257813
combined_overall,0.007560090820182071,0.9989983068153911,0.9999673932257813
combined_overall,0.00757624716186931,0.9989983068153911,0.9999673932257813
combined_overall,0.00757624716186931,0.9990047693520661,0.9999673932257813
combined_overall,0.007599943129677261,0.9990047693520661,0.9999673932257813
combined_overall,0.007599943129677261,0.999011231888741,0.9999673932257813
combined_overall,0.007654874691413874,0.999011231888741,0.9999673932257813
combined_overall,0.007654874691413874,0.9990176944254159,0.9999673932257813
combined_overall,0.007675339390884377,0.9990176944254159,0.9999673932257813
combined_overall,0.007675339390884377,0.9990241569620908,0.9999673932257813
combined_overall,0.00774858147319986,0.9990241569620908,0.9999673932257813
combined_overall,0.007752889830983124,0.9990241569620908,0.9999673932257813
combined_overall,0.0077647378148870995,0.9990241569620908,0.9999673932257813
combined_overall,0.0077647378148870995,0.9990306194987657,0.9999673932257813
combined_overall,0.0077712003515619955,0.9990306194987657,0.9999673932257813
combined_overall,0.007773354530453627,0.9990306194987657,0.9999673932257813
combined_overall,0.007800281766599026,0.9990306194987657,0.9999673932257813
combined_overall,0.007800281766599026,0.9990370820354405,0.9999673932257813
combined_overall,0.007804590124382289,0.9990370820354405,0.9999673932257813
combined_overall,0.007812129750503001,0.9990370820354405,0.9999673932257813
combined_overall,0.007812129750503001,0.9990435445721154,0.9999673932257813
combined_overall,0.007823977734406976,0.9990435445721154,0.9999673932257813
combined_overall,0.00782828609219024,0.9990435445721154,0.9999673932257813
combined_overall,0.007847673702214926,0.9990435445721154,0.9999673932257813
combined_overall,0.00784982788110656,0.9990435445721154,0.9999673932257813
combined_overall,0.007946765931229994,0.9990435445721154,0.9999673932257813
combined_overall,0.007946765931229994,0.9990500071087903,0.9999673932257813
combined_overall,0.007954305557350704,0.9990500071087903,0.9999673932257813
combined_overall,0.007954305557350704,0.9990629321821402,0.9999673932257813
combined_overall,0.007955382646796521,0.9990629321821402,0.9999673932257813
combined_overall,0.007955382646796521,0.9990693947188151,0.9999673932257813
combined_overall,0.007956459736242337,0.9990693947188151,0.9999673932257813
combined_overall,0.007956459736242337,0.99907585725549,0.9999673932257813
combined_overall,0.007958613915133968,0.99907585725549,0.9999673932257813
combined_overall,0.007958613915133968,0.9991017074021895,0.9999673932257813
combined_overall,0.007962922272917233,0.9991017074021895,0.9999673932257813
combined_overall,0.007962922272917233,0.9991146324755393,0.9999673932257813
combined_overall,0.007963999362363049,0.9991146324755393,0.9999673932257813
combined_overall,0.007963999362363049,0.9991210950122142,0.9999673932257813
combined_overall,0.008015699655762213,0.9991210950122142,0.9999673932257813
combined_overall,0.008017853834653844,0.9991210950122142,0.9999673932257813
combined_overall,0.008032933086895268,0.9991210950122142,0.9999673932257813
combined_overall,0.0080350872657869,0.9991210950122142,0.9999673932257813
combined_overall,0.008056629054703219,0.9991210950122142,0.9999673932257813
combined_overall,0.008060937412486483,0.9991210950122142,0.9999673932257813
combined_overall,0.008070631217498826,0.9991210950122142,0.9999673932257813
combined_overall,0.008072785396390458,0.9991210950122142,0.9999673932257813
combined_overall,0.008076016664727906,0.9991210950122142,0.9999673932257813
combined_overall,0.008076016664727906,0.999127557548889,0.9999673932257813
combined_overall,0.00810402099031912,0.999127557548889,0.9999673932257813
combined_overall,0.00810402099031912,0.999134020085564,0.9999673932257813
combined_overall,0.008108329348102385,0.999134020085564,0.9999673932257813
combined_overall,0.008110483526994016,0.999134020085564,0.9999673932257813
combined_overall,0.008113714795331463,0.999134020085564,0.9999673932257813
combined_overall,0.008113714795331463,0.9991404826222389,0.9999673932257813
combined_overall,0.008121254421452175,0.9991404826222389,0.9999673932257813
combined_overall,0.008123408600343806,0.9991404826222389,0.9999673932257813
combined_overall,0.008146027478705941,0.9991404826222389,0.9999673932257813
combined_overall,0.008148181657597573,0.9991404826222389,0.9999673932257813
combined_overall,0.008179417251526235,0.9991404826222389,0.9999673932257813
combined_overall,0.008179417251526235,0.9991469451589138,0.9999673932257813
combined_overall,0.008181571430417868,0.9991469451589138,0.9999673932257813
combined_overall,0.008181571430417868,0.9991534076955887,0.9999673932257813
combined_overall,0.008224655008250505,0.9991534076955887,0.9999673932257813
combined_overall,0.008226809187142137,0.9991534076955887,0.9999673932257813
combined_overall,0.008252659333841719,0.9991534076955887,0.9999673932257813
combined_overall,0.008252659333841719,0.9991598702322636,0.9999673932257813
combined_overall,0.008291434553891093,0.9991598702322636,0.9999673932257813
combined_overall,0.008291434553891093,0.9991663327689385,0.9999673932257813
combined_overall,0.00832697850560302,0.9991663327689385,0.9999673932257813
combined_overall,0.00832697850560302,0.9991727953056133,0.9999673932257813
combined_overall,0.008342057757844442,0.9991727953056133,0.9999673932257813
combined_overall,0.008342057757844442,0.9991792578422882,0.9999673932257813
combined_overall,0.00835067447341097,0.9991792578422882,0.9999673932257813
combined_overall,0.00835067447341097,0.9991857203789631,0.9999673932257813
combined_overall,0.008376524620110553,0.9991857203789631,0.9999673932257813
combined_overall,0.008376524620110553,0.999192182915638,0.9999673932257813
combined_overall,0.008406683124593398,0.999192182915638,0.9999673932257813
combined_overall,0.008408837303485031,0.999192182915638,0.9999673932257813
combined_overall,0.008436841629076245,0.999192182915638,0.9999673932257813
combined_overall,0.008436841629076245,0.9992051079889879,0.9999673932257813
combined_overall,0.008448689612980221,0.9992051079889879,0.9999673932257813
combined_overall,0.008448689612980221,0.9992115705256628,0.9999673932257813
combined_overall,0.008486387743583778,0.9992115705256628,0.9999673932257813
combined_overall,0.00848854192247541,0.9992115705256628,0.9999673932257813
combined_overall,0.008543473484212022,0.9992115705256628,0.9999673932257813
combined_overall,0.008543473484212022,0.9992180330623376,0.9999673932257813
combined_overall,0.008558552736453446,0.9992180330623376,0.9999673932257813
combined_overall,0.008558552736453446,0.9992244955990125,0.9999673932257813
combined_overall,0.008560706915345079,0.9992244955990125,0.9999673932257813
combined_overall,0.00856286109423671,0.9992244955990125,0.9999673932257813
combined_overall,0.00859194250927374,0.9992244955990125,0.9999673932257813
combined_overall,0.008594096688165373,0.9992244955990125,0.9999673932257813
combined_overall,0.008639334444889641,0.9992244955990125,0.9999673932257813
combined_overall,0.008639334444889641,0.9992309581356874,0.9999673932257813
combined_overall,0.008917223521910154,0.9992309581356874,0.9999673932257813
combined_overall,0.008919377700801786,0.9992309581356874,0.9999673932257813
combined_overall,0.008959230010296975,0.9992309581356874,0.9999673932257813
combined_overall,0.008959230010296975,0.9992374206723623,0.9999673932257813
combined_overall,0.008999082319792165,0.9992374206723623,0.9999673932257813
combined_overall,0.008999082319792165,0.9992438832090372,0.9999673932257813
combined_overall,0.009088480743794888,0.9992438832090372,0.9999673932257813
combined_overall,0.00909278910157815,0.9992438832090372,0.9999673932257813
combined_overall,0.009105714174927943,0.9992438832090372,0.9999673932257813
combined_overall,0.009107868353819574,0.9992438832090372,0.9999673932257813
combined_overall,0.009196189688376481,0.9992438832090372,0.9999673932257813
combined_overall,0.009200498046159746,0.9992438832090372,0.9999673932257813
combined_overall,0.009202652225051377,0.9992438832090372,0.9999673932257813
combined_overall,0.009202652225051377,0.9992503457457121,0.9999673932257813
combined_overall,0.009209114761726273,0.9992503457457121,0.9999673932257813
combined_overall,0.009209114761726273,0.999256808282387,0.9999673932257813
combined_overall,0.009248967071221463,0.999256808282387,0.9999673932257813
combined_overall,0.009253275429004726,0.999256808282387,0.9999673932257813
combined_overall,0.009262969234017069,0.999256808282387,0.9999673932257813
combined_overall,0.009265123412908702,0.999256808282387,0.9999673932257813
combined_overall,0.009269431770691965,0.999256808282387,0.9999673932257813
combined_overall,0.009271585949583596,0.999256808282387,0.9999673932257813
combined_overall,0.009290973559608284,0.999256808282387,0.9999673932257813
combined_overall,0.009290973559608284,0.9992632708190619,0.9999673932257813
combined_overall,0.009340519674115817,0.9992632708190619,0.9999673932257813
combined_overall,0.009342673853007449,0.9992632708190619,0.9999673932257813
combined_overall,0.009343750942453264,0.9992632708190619,0.9999673932257813
combined_overall,0.009345905121344898,0.9992632708190619,0.9999673932257813
combined_overall,0.00935021347912816,0.9992632708190619,0.9999673932257813
combined_overall,0.00935021347912816,0.9992697333557368,0.9999673932257813
combined_overall,0.009420224293106197,0.9992697333557368,0.9999673932257813
combined_overall,0.009422378471997828,0.9992697333557368,0.9999673932257813
combined_overall,0.009463307870938834,0.9992697333557368,0.9999673932257813
combined_overall,0.009463307870938834,0.9992761958924117,0.9999673932257813
combined_overall,0.009465462049830465,0.9992761958924117,0.9999673932257813
combined_overall,0.009467616228722098,0.9992761958924117,0.9999673932257813
combined_overall,0.009485926749300969,0.9992761958924117,0.9999673932257813
combined_overall,0.0094880809281926,0.9992761958924117,0.9999673932257813
combined_overall,0.009523624879904527,0.9992761958924117,0.9999673932257813
combined_overall,0.009523624879904527,0.9992826584290866,0.9999673932257813
combined_overall,0.009537627042700133,0.9992826584290866,0.9999673932257813
combined_overall,0.009537627042700133,0.9992891209657615,0.9999673932257813
combined_overall,0.009539781221591766,0.9992891209657615,0.9999673932257813
combined_overall,0.009558091742170637,0.9992891209657615,0.9999673932257813
combined_overall,0.009560245921062268,0.9992891209657615,0.9999673932257813
combined_overall,0.00956778554718298,0.9992891209657615,0.9999673932257813
combined_overall,0.00956778554718298,0.9992955835024364,0.9999673932257813
combined_overall,0.009569939726074611,0.9992955835024364,0.9999673932257813
combined_overall,0.009569939726074611,0.9993020460391113,0.9999673932257813
combined_overall,0.0095893273360993,0.9993020460391113,0.9999673932257813
combined_overall,0.0095893273360993,0.9993085085757861,0.9999673932257813
combined_overall,0.009653952702848256,0.9993085085757861,0.9999673932257813
combined_overall,0.009653952702848256,0.999314971112461,0.9999673932257813
combined_overall,0.009737965679621898,0.999314971112461,0.9999673932257813
combined_overall,0.00974011985851353,0.999314971112461,0.9999673932257813
combined_overall,0.009762738736875665,0.999314971112461,0.9999673932257813
combined_overall,0.009764892915767298,0.999314971112461,0.9999673932257813
combined_overall,0.009772432541888008,0.999314971112461,0.9999673932257813
combined_overall,0.009772432541888008,0.999321433649136,0.9999673932257813
combined_overall,0.009805822314708303,0.999321433649136,0.9999673932257813
combined_overall,0.009805822314708303,0.9993278961858109,0.9999673932257813
combined_overall,0.009841366266420229,0.9993278961858109,0.9999673932257813
combined_overall,0.00984352044531186,0.9993278961858109,0.9999673932257813
combined_overall,0.009857522608107468,0.9993278961858109,0.9999673932257813
combined_overall,0.009859676786999099,0.9993278961858109,0.9999673932257813
combined_overall,0.00986721641311981,0.9993278961858109,0.9999673932257813
combined_overall,0.00986721641311981,0.9993343587224858,0.9999673932257813
combined_overall,0.009873678949794707,0.9993343587224858,0.9999673932257813
combined_overall,0.009873678949794707,0.9993408212591607,0.9999673932257813
combined_overall,0.009880141486469603,0.9993408212591607,0.9999673932257813
combined_overall,0.009882295665361234,0.9993408212591607,0.9999673932257813
combined_overall,0.00991029999095245,0.9993408212591607,0.9999673932257813
combined_overall,0.00991029999095245,0.9993472837958356,0.9999673932257813
combined_overall,0.009911377080398265,0.9993472837958356,0.9999673932257813
combined_overall,0.009911377080398265,0.9993537463325104,0.9999673932257813
combined_overall,0.009916762527627344,0.9993537463325104,0.9999673932257813
combined_overall,0.009916762527627344,0.9993602088691853,0.9999673932257813
combined_overall,0.009918916706518977,0.9993602088691853,0.9999673932257813
combined_overall,0.009918916706518977,0.9993666714058602,0.9999673932257813
combined_overall,0.009921070885410608,0.9993666714058602,0.9999673932257813
combined_overall,0.009922147974856424,0.9993666714058602,0.9999673932257813
combined_overall,0.009924302153748055,0.9993666714058602,0.9999673932257813
combined_overall,0.009927533422085504,0.9993666714058602,0.9999673932257813
combined_overall,0.009927533422085504,0.9993731339425351,0.9999673932257813
combined_overall,0.00992861051153132,0.9993731339425351,0.9999673932257813
combined_overall,0.00992861051153132,0.99937959647921,0.9999673932257813
combined_overall,0.009940458495435294,0.99937959647921,0.9999673932257813
combined_overall,0.009940458495435294,0.999386059015885,0.9999673932257813
combined_overall,0.009942612674326928,0.999386059015885,0.9999673932257813
combined_overall,0.009942612674326928,0.9993925215525599,0.9999673932257813
combined_overall,0.00994692103211019,0.9993925215525599,0.9999673932257813
combined_overall,0.00994692103211019,0.9993989840892347,0.9999673932257813
combined_overall,0.009955537747676718,0.9993989840892347,0.9999673932257813
combined_overall,0.009955537747676718,0.9994054466259096,0.9999673932257813
combined_overall,0.009956614837122534,0.9994054466259096,0.9999673932257813
combined_overall,0.009956614837122534,0.9994119091625845,0.9999673932257813
combined_overall,0.009960923194905798,0.9994119091625845,0.9999673932257813
combined_overall,0.009960923194905798,0.9994183716992594,0.9999673932257813
combined_overall,0.009967385731580694,0.9994183716992594,0.9999673932257813
combined_overall,0.009967385731580694,0.9994248342359343,0.9999673932257813
combined_overall,0.00996846282102651,0.9994248342359343,0.9999673932257813
combined_overall,0.009970616999918141,0.9994248342359343,0.9999673932257813
combined_overall,0.009974925357701406,0.9994248342359343,0.9999673932257813
combined_overall,0.009974925357701406,0.9994312967726092,0.9999673932257813
combined_overall,0.009990004609942827,0.9994312967726092,0.9999673932257813
combined_overall,0.009990004609942827,0.9994377593092841,0.9999673932257813
combined_overall,0.009991081699388645,0.9994377593092841,0.9999673932257813
combined_overall,0.009991081699388645,0.9994442218459589,0.9999673932257813
combined_overall,0.009999698414955172,0.9994442218459589,0.9999673932257813
combined_overall,0.009999698414955172,0.9994506843826338,0.9999673932257813
combined_overall,0.01000292968329262,0.9994506843826338,0.9999673932257813
combined_overall,0.01000292968329262,0.9994700719926586,0.9999673932257813
combined_overall,0.01000508386218425,0.9994700719926586,0.9999673932257813
combined_overall,0.01000508386218425,0.9994829970660084,0.9999673932257813
combined_overall,0.010007238041075884,0.9994829970660084,0.9999673932257813
combined_overall,0.010009392219967515,0.9994829970660084,0.9999673932257813
combined_overall,0.010019086024979858,0.9994829970660084,0.9999673932257813
combined_overall,0.010019086024979858,0.9994894596026832,0.9999673932257813
combined_overall,0.010023394382763123,0.9994894596026832,0.9999673932257813
combined_overall,0.010023394382763123,0.9994959221393581,0.9999673932257813
combined_overall,0.01003201109832965,0.9994959221393581,0.9999673932257813
combined_overall,0.01003201109832965,0.9995088472127079,0.9999673932257813
combined_overall,0.010035242366667097,0.9995088472127079,0.9999673932257813
combined_overall,0.010037396545558729,0.9995088472127079,0.9999673932257813
combined_overall,0.010047090350571072,0.9995088472127079,0.9999673932257813
combined_overall,0.010047090350571072,0.9995153097493829,0.9999673932257813
combined_overall,0.010049244529462705,0.9995153097493829,0.9999673932257813
combined_overall,0.010049244529462705,0.9995217722860578,0.9999673932257813
combined_overall,0.010093405196741158,0.9995217722860578,0.9999673932257813
combined_overall,0.010093405196741158,0.9995282348227326,0.9999673932257813
combined_overall,0.010120332432886557,0.9995282348227326,0.9999673932257813
combined_overall,0.010120332432886557,0.9995346973594075,0.9999673932257813
combined_overall,0.010123563701224005,0.9995346973594075,0.9999673932257813
combined_overall,0.010123563701224005,0.9995411598960824,0.9999673932257813
combined_overall,0.010126794969561452,0.9995411598960824,0.9999673932257813
combined_overall,0.010126794969561452,0.9995476224327573,0.9999673932257813
combined_overall,0.01014295131124869,0.9995476224327573,0.9999673932257813
combined_overall,0.01014295131124869,0.9995540849694322,0.9999673932257813
combined_overall,0.010145105490140324,0.9995540849694322,0.9999673932257813
combined_overall,0.010147259669031955,0.9995540849694322,0.9999673932257813
combined_overall,0.010151568026815218,0.9995540849694322,0.9999673932257813
combined_overall,0.010160184742381746,0.9995540849694322,0.9999673932257813
combined_overall,0.010162338921273379,0.9995540849694322,0.9999673932257813
combined_overall,0.010166647279056642,0.9995540849694322,0.9999673932257813
combined_overall,0.010166647279056642,0.9995605475061071,0.9999673932257813
combined_overall,0.010181726531298065,0.9995605475061071,0.9999673932257813
combined_overall,0.010183880710189696,0.9995605475061071,0.9999673932257813
combined_overall,0.010190343246864592,0.9995605475061071,0.9999673932257813
combined_overall,0.010192497425756224,0.9995605475061071,0.9999673932257813
combined_overall,0.010196805783539488,0.9995605475061071,0.9999673932257813
combined_overall,0.010196805783539488,0.9995734725794568,0.9999673932257813
combined_overall,0.01019895996243112,0.9995734725794568,0.9999673932257813
combined_overall,0.010201114141322753,0.9995734725794568,0.9999673932257813
combined_overall,0.010253891524167733,0.9995734725794568,0.9999673932257813
combined_overall,0.010258199881950997,0.9995734725794568,0.9999673932257813
combined_overall,0.010263585329180076,0.9995734725794568,0.9999673932257813
combined_overall,0.010265739508071709,0.9995734725794568,0.9999673932257813
combined_overall,0.010295898012554554,0.9995734725794568,0.9999673932257813
combined_overall,0.010298052191446187,0.9995734725794568,0.9999673932257813
combined_overall,0.010350829574291167,0.9995734725794568,0.9999673932257813
combined_overall,0.010352983753182799,0.9995734725794568,0.9999673932257813
combined_overall,0.010441305087739706,0.9995734725794568,0.9999673932257813
combined_overall,0.010443459266631339,0.9995734725794568,0.9999673932257813
combined_overall,0.010448844713860417,0.9995734725794568,0.9999673932257813
combined_overall,0.010448844713860417,0.9995799351161317,0.9999673932257813
combined_overall,0.010476849039451633,0.9995799351161317,0.9999673932257813
combined_overall,0.010476849039451633,0.9995863976528067,0.9999673932257813
combined_overall,0.010497313738922135,0.9995863976528067,0.9999673932257813
combined_overall,0.010497313738922135,0.9995928601894816,0.9999673932257813
combined_overall,0.010547936942875483,0.9995928601894816,0.9999673932257813
combined_overall,0.010547936942875483,0.9995993227261565,0.9999673932257813
combined_overall,0.010560862016225275,0.9995993227261565,0.9999673932257813
combined_overall,0.010563016195116907,0.9995993227261565,0.9999673932257813
combined_overall,0.010654568798011263,0.9995993227261565,0.9999673932257813
combined_overall,0.010656722976902894,0.9995993227261565,0.9999673932257813
combined_overall,0.010729965059218378,0.9995993227261565,0.9999673932257813
combined_overall,0.010729965059218378,0.9996057852628314,0.9999673932257813
combined_overall,0.010847367808812316,0.9996057852628314,0.9999673932257813
combined_overall,0.010847367808812316,0.9996122477995063,0.9999673932257813
combined_overall,0.010887220118307504,0.9996122477995063,0.9999673932257813
combined_overall,0.010887220118307504,0.9996187103361811,0.9999673932257813
combined_overall,0.01090445354944056,0.9996187103361811,0.9999673932257813
combined_overall,0.01090445354944056,0.999625172872856,0.9999673932257813
combined_overall,0.010905530638886376,0.999625172872856,0.9999673932257813
combined_overall,0.010905530638886376,0.9996316354095309,0.9999673932257813
combined_overall,0.010907684817778008,0.9996316354095309,0.9999673932257813
combined_overall,0.010907684817778008,0.9996380979462058,0.9999673932257813
combined_overall,0.010928149517248511,0.9996380979462058,0.9999673932257813
combined_overall,0.010928149517248511,0.9996445604828808,0.9999673932257813
combined_overall,0.010952922574502278,0.9996445604828808,0.9999673932257813
combined_overall,0.010955076753393909,0.9996445604828808,0.9999673932257813
combined_overall,0.010982003989539307,0.9996445604828808,0.9999673932257813
combined_overall,0.010984158168430938,0.9996445604828808,0.9999673932257813
combined_overall,0.011025087567371946,0.9996445604828808,0.9999673932257813
combined_overall,0.011027241746263577,0.9996445604828808,0.9999673932257813
combined_overall,0.011029395925155209,0.9996445604828808,0.9999673932257813
combined_overall,0.011029395925155209,0.9996510230195557,0.9999673932257813
combined_overall,0.01105847734019224,0.9996510230195557,0.9999673932257813
combined_overall,0.01105847734019224,0.9996574855562306,0.9999673932257813
combined_overall,0.011092944202458349,0.9996574855562306,0.9999673932257813
combined_overall,0.01109509838134998,0.9996574855562306,0.9999673932257813
combined_overall,0.011118794349157931,0.9996574855562306,0.9999673932257813
combined_overall,0.011118794349157931,0.9996639480929054,0.9999673932257813
combined_overall,0.011141413227520066,0.9996639480929054,0.9999673932257813
combined_overall,0.01114572158530333,0.9996639480929054,0.9999673932257813
combined_overall,0.011198498968148311,0.9996639480929054,0.9999673932257813
combined_overall,0.011200653147039942,0.9996639480929054,0.9999673932257813
combined_overall,0.0112383512776435,0.9996639480929054,0.9999673932257813
combined_overall,0.011240505456535132,0.9996639480929054,0.9999673932257813
combined_overall,0.011320210075525512,0.9996639480929054,0.9999673932257813
combined_overall,0.011322364254417143,0.9996639480929054,0.9999673932257813
combined_overall,0.01133098096998367,0.9996639480929054,0.9999673932257813
combined_overall,0.01133098096998367,0.9996704106295803,0.9999673932257813
combined_overall,0.011435458646227817,0.9996704106295803,0.9999673932257813
combined_overall,0.011435458646227817,0.9996768731662552,0.9999673932257813
combined_overall,0.011439767004011081,0.9996768731662552,0.9999673932257813
combined_overall,0.011439767004011081,0.9996833357029301,0.9999673932257813
combined_overall,0.011518394533555645,0.9996833357029301,0.9999673932257813
combined_overall,0.011520548712447277,0.9996833357029301,0.9999673932257813
combined_overall,0.01160994713645,0.9996833357029301,0.9999673932257813
combined_overall,0.01160994713645,0.999689798239605,0.9999673932257813
combined_overall,0.01164979944594519,0.999689798239605,0.9999673932257813
combined_overall,0.01165195362483682,0.999689798239605,0.9999673932257813
combined_overall,0.011657339072065901,0.999689798239605,0.9999673932257813
combined_overall,0.011657339072065901,0.9996962607762799,0.9999673932257813
combined_overall,0.011687497576548746,0.9996962607762799,0.9999673932257813
combined_overall,0.01168965175544038,0.9996962607762799,0.9999673932257813
combined_overall,0.011709039365465065,0.9996962607762799,0.9999673932257813
combined_overall,0.011711193544356697,0.9996962607762799,0.9999673932257813
combined_overall,0.011732735333273016,0.9996962607762799,0.9999673932257813
combined_overall,0.011734889512164648,0.9996962607762799,0.9999673932257813
combined_overall,0.011816748310046659,0.9996962607762799,0.9999673932257813
combined_overall,0.011816748310046659,0.9997027233129548,0.9999673932257813
combined_overall,0.011901838376266119,0.9997027233129548,0.9999673932257813
combined_overall,0.01190399255515775,0.9997027233129548,0.9999673932257813
combined_overall,0.012032166199209847,0.9997027233129548,0.9999673932257813
combined_overall,0.012036474556993111,0.9997027233129548,0.9999673932257813
combined_overall,0.012046168362005455,0.9997027233129548,0.9999673932257813
combined_overall,0.012046168362005455,0.9997091858496296,0.9999673932257813
combined_overall,0.01205263089868035,0.9997091858496296,0.9999673932257813
combined_overall,0.012054785077571982,0.9997091858496296,0.9999673932257813
combined_overall,0.012059093435355245,0.9997091858496296,0.9999673932257813
combined_overall,0.012106485370971146,0.9997091858496296,0.9999673932257813
combined_overall,0.012106485370971146,0.9997156483863046,0.9999673932257813
combined_overall,0.012217425583890188,0.9997156483863046,0.9999673932257813
combined_overall,0.012217425583890188,0.9997221109229795,0.9999673932257813
combined_overall,0.01224650699892722,0.9997221109229795,0.9999673932257813
combined_overall,0.012248661177818851,0.9997221109229795,0.9999673932257813
combined_overall,0.012251892446156298,0.9997221109229795,0.9999673932257813
combined_overall,0.012256200803939563,0.9997221109229795,0.9999673932257813
combined_overall,0.012258354982831194,0.9997221109229795,0.9999673932257813
combined_overall,0.012292821845097304,0.9997221109229795,0.9999673932257813
combined_overall,0.012292821845097304,0.9997285734596544,0.9999673932257813
combined_overall,0.012359601390737893,0.9997285734596544,0.9999673932257813
combined_overall,0.012361755569629524,0.9997285734596544,0.9999673932257813
combined_overall,0.012406993326353795,0.9997285734596544,0.9999673932257813
combined_overall,0.012406993326353795,0.9997350359963293,0.9999673932257813
combined_overall,0.012444691456957351,0.9997350359963293,0.9999673932257813
combined_overall,0.012444691456957351,0.9997414985330042,0.9999673932257813
combined_overall,0.012502854287031412,0.9997414985330042,0.9999673932257813
combined_overall,0.012502854287031412,0.9997479610696791,0.9999673932257813
combined_overall,0.01251685644982702,0.9997479610696791,0.9999673932257813
combined_overall,0.01251685644982702,0.9997544236063539,0.9999673932257813
combined_overall,0.012531935702068443,0.9997544236063539,0.9999673932257813
combined_overall,0.01253516697040589,0.9997544236063539,0.9999673932257813
combined_overall,0.012537321149297523,0.9997544236063539,0.9999673932257813
combined_overall,0.012541629507080786,0.9997544236063539,0.9999673932257813
combined_overall,0.012548092043755682,0.9997544236063539,0.9999673932257813
combined_overall,0.012550246222647313,0.9997544236063539,0.9999673932257813
combined_overall,0.012555631669876393,0.9997544236063539,0.9999673932257813
combined_overall,0.012557785848768025,0.9997544236063539,0.9999673932257813
combined_overall,0.012617025768287903,0.9997544236063539,0.9999673932257813
combined_overall,0.012617025768287903,0.9997608861430288,0.9999673932257813
combined_overall,0.012621334126071165,0.9997608861430288,0.9999673932257813
combined_overall,0.012623488304962797,0.9997608861430288,0.9999673932257813
combined_overall,0.012670880240578698,0.9997608861430288,0.9999673932257813
combined_overall,0.01267303441947033,0.9997608861430288,0.9999673932257813
combined_overall,0.012716117997302968,0.9997608861430288,0.9999673932257813
combined_overall,0.0127182721761946,0.9997608861430288,0.9999673932257813
combined_overall,0.012778589185160293,0.9997608861430288,0.9999673932257813
combined_overall,0.012778589185160293,0.9997673486797037,0.9999673932257813
combined_overall,0.01279797679518498,0.9997673486797037,0.9999673932257813
combined_overall,0.012802285152968242,0.9997673486797037,0.9999673932257813
combined_overall,0.012806593510751507,0.9997673486797037,0.9999673932257813
combined_overall,0.012808747689643138,0.9997673486797037,0.9999673932257813
combined_overall,0.012813056047426403,0.9997673486797037,0.9999673932257813
combined_overall,0.012813056047426403,0.9997738112163786,0.9999673932257813
combined_overall,0.012855062535813224,0.9997738112163786,0.9999673932257813
combined_overall,0.012859370893596489,0.9997738112163786,0.9999673932257813
combined_overall,0.012870141788054647,0.9997738112163786,0.9999673932257813
combined_overall,0.012872295966946279,0.9997738112163786,0.9999673932257813
combined_overall,0.012946615138707578,0.9997738112163786,0.9999673932257813
combined_overall,0.012948769317599211,0.9997738112163786,0.9999673932257813
combined_overall,0.01297785073263624,0.9997738112163786,0.9999673932257813
combined_overall,0.01297785073263624,0.9997802737530536,0.9999673932257813
combined_overall,0.013070480424976412,0.9997802737530536,0.9999673932257813
combined_overall,0.013072634603868044,0.9997802737530536,0.9999673932257813
combined_overall,0.013127566165604657,0.9997802737530536,0.9999673932257813
combined_overall,0.01313187452338792,0.9997802737530536,0.9999673932257813
combined_overall,0.013140491238954447,0.9997802737530536,0.9999673932257813
combined_overall,0.013140491238954447,0.9997867362897285,0.9999673932257813
combined_overall,0.013258971077994201,0.9997867362897285,0.9999673932257813
combined_overall,0.013258971077994201,0.9997931988264034,0.9999673932257813
combined_overall,0.013284821224693783,0.9997931988264034,0.9999673932257813
combined_overall,0.013284821224693783,0.9997996613630782,0.9999673932257813
combined_overall,0.013393607258721194,0.9997996613630782,0.9999673932257813
combined_overall,0.013395761437612825,0.9997996613630782,0.9999673932257813
combined_overall,0.013402223974287721,0.9997996613630782,0.9999673932257813
combined_overall,0.013402223974287721,0.9998061238997531,0.9999673932257813
combined_overall,0.013437767925999647,0.9998061238997531,0.9999673932257813
combined_overall,0.013437767925999647,0.999812586436428,0.9999673932257813
combined_overall,0.013473311877711574,0.999812586436428,0.9999673932257813
combined_overall,0.013475466056603205,0.999812586436428,0.9999673932257813
combined_overall,0.013481928593278101,0.999812586436428,0.9999673932257813
combined_overall,0.013486236951061364,0.999812586436428,0.9999673932257813
combined_overall,0.013531474707785634,0.999812586436428,0.9999673932257813
combined_overall,0.013531474707785634,0.9998255115097778,0.9999673932257813
combined_overall,0.01353793724446053,0.9998255115097778,0.9999673932257813
combined_overall,0.01353793724446053,0.9998319740464527,0.9999673932257813
combined_overall,0.013542245602243793,0.9998319740464527,0.9999673932257813
combined_overall,0.013551939407256136,0.9998319740464527,0.9999673932257813
combined_overall,0.013551939407256136,0.9998384365831277,0.9999673932257813
combined_overall,0.01359071462730551,0.9998384365831277,0.9999673932257813
combined_overall,0.013592868806197141,0.9998384365831277,0.9999673932257813
combined_overall,0.013616564774005092,0.9998384365831277,0.9999673932257813
combined_overall,0.013616564774005092,0.9998448991198025,0.9999673932257813
combined_overall,0.013646723278487939,0.9998448991198025,0.9999673932257813
combined_overall,0.013646723278487939,0.9998513616564774,0.9999673932257813
combined_overall,0.013653185815162835,0.9998513616564774,0.9999673932257813
combined_overall,0.013655339994054466,0.9998513616564774,0.9999673932257813
combined_overall,0.013747969686394638,0.9998513616564774,0.9999673932257813
combined_overall,0.013747969686394638,0.9998578241931523,0.9999673932257813
combined_overall,0.013843830647072255,0.9998578241931523,0.9999673932257813
combined_overall,0.01385029318374715,0.9998578241931523,0.9999673932257813
combined_overall,0.013959079217774562,0.9998578241931523,0.9999673932257813
combined_overall,0.013963387575557824,0.9998578241931523,0.9999673932257813
combined_overall,0.014016164958402806,0.9998578241931523,0.9999673932257813
combined_overall,0.014018319137294438,0.9998578241931523,0.9999673932257813
combined_overall,0.01416588039137122,0.9998578241931523,0.9999673932257813
combined_overall,0.01416588039137122,0.9998642867298272,0.9999673932257813
combined_overall,0.014175574196383564,0.9998642867298272,0.9999673932257813
combined_overall,0.014180959643612644,0.9998642867298272,0.9999673932257813
combined_overall,0.014190653448624987,0.9998642867298272,0.9999673932257813
combined_overall,0.014190653448624987,0.9998707492665021,0.9999673932257813
combined_overall,0.014196038895854067,0.9998707492665021,0.9999673932257813
combined_overall,0.014198193074745699,0.9998707492665021,0.9999673932257813
combined_overall,0.014217580684770387,0.9998707492665021,0.9999673932257813
combined_overall,0.014219734863662018,0.9998707492665021,0.9999673932257813
combined_overall,0.014228351579228546,0.9998707492665021,0.9999673932257813
combined_overall,0.014230505758120177,0.9998707492665021,0.9999673932257813
combined_overall,0.014257432994265577,0.9998707492665021,0.9999673932257813
combined_overall,0.014257432994265577,0.999877211803177,0.9999673932257813
combined_overall,0.014275743514844447,0.999877211803177,0.9999673932257813
combined_overall,0.014277897693736078,0.999877211803177,0.9999673932257813
combined_overall,0.014282206051519343,0.999877211803177,0.9999673932257813
combined_overall,0.014284360230410974,0.999877211803177,0.9999673932257813
combined_overall,0.014294054035423318,0.999877211803177,0.9999673932257813
combined_overall,0.014294054035423318,0.9998836743398519,0.9999673932257813
combined_overall,0.014326366718797796,0.9998836743398519,0.9999673932257813
combined_overall,0.014328520897689427,0.9998836743398519,0.9999673932257813
combined_overall,0.014361910670509721,0.9998836743398519,0.9999673932257813
combined_overall,0.014364064849401354,0.9998836743398519,0.9999673932257813
combined_overall,0.014392069174992568,0.9998836743398519,0.9999673932257813
combined_overall,0.014394223353884199,0.9998836743398519,0.9999673932257813
combined_overall,0.014426536037258677,0.9998836743398519,0.9999673932257813
combined_overall,0.014429767305596126,0.9998836743398519,0.9999673932257813
combined_overall,0.014470696704537132,0.9998836743398519,0.9999673932257813
combined_overall,0.014475005062320394,0.9998836743398519,0.9999673932257813
combined_overall,0.014495469761790898,0.9998836743398519,0.9999673932257813
combined_overall,0.01449762394068253,0.9998836743398519,0.9999673932257813
combined_overall,0.014546092965744247,0.9998836743398519,0.9999673932257813
combined_overall,0.01454824714463588,0.9998836743398519,0.9999673932257813
combined_overall,0.014592407811914333,0.9998836743398519,0.9999673932257813
combined_overall,0.014596716169697597,0.9998836743398519,0.9999673932257813
combined_overall,0.014607487064155756,0.9998836743398519,0.9999673932257813
combined_overall,0.014609641243047387,0.9998836743398519,0.9999673932257813
combined_overall,0.014612872511384836,0.9998836743398519,0.9999673932257813
combined_overall,0.014612872511384836,0.9998901368765267,0.9999673932257813
combined_overall,0.014683960414808687,0.9998901368765267,0.9999673932257813
combined_overall,0.01468611459370032,0.9998901368765267,0.9999673932257813
combined_overall,0.014711964740399902,0.9998901368765267,0.9999673932257813
combined_overall,0.014714118919291534,0.9998901368765267,0.9999673932257813
combined_overall,0.014745354513220196,0.9998901368765267,0.9999673932257813
combined_overall,0.014747508692111827,0.9998901368765267,0.9999673932257813
combined_overall,0.01483690711611455,0.9998901368765267,0.9999673932257813
combined_overall,0.014839061295006183,0.9998901368765267,0.9999673932257813
combined_overall,0.014905840840646771,0.9998901368765267,0.9999673932257813
combined_overall,0.014907995019538402,0.9998901368765267,0.9999673932257813
combined_overall,0.014912303377321667,0.9998901368765267,0.9999673932257813
combined_overall,0.014947847329033592,0.9998901368765267,0.9999673932257813
combined_overall,0.014950001507925224,0.9998901368765267,0.9999673932257813
combined_overall,0.014973697475733174,0.9998901368765267,0.9999673932257813
combined_overall,0.014975851654624806,0.9998901368765267,0.9999673932257813
combined_overall,0.015091100225327113,0.9998901368765267,0.9999673932257813
combined_overall,0.015093254404218744,0.9998901368765267,0.9999673932257813
combined_overall,0.015155725592076069,0.9998901368765267,0.9999673932257813
combined_overall,0.0151578797709677,0.9998901368765267,0.9999673932257813
combined_overall,0.015236507300512264,0.9998901368765267,0.9999673932257813
combined_overall,0.015238661479403896,0.9998901368765267,0.9999673932257813
combined_overall,0.015274205431115821,0.9998901368765267,0.9999673932257813
combined_overall,0.015276359610007454,0.9998901368765267,0.9999673932257813
combined_overall,0.015348524602877122,0.9998901368765267,0.9999673932257813
combined_overall,0.0153539100501062,0.9998901368765267,0.9999673932257813
combined_overall,0.015510088019749513,0.9998901368765267,0.9999673932257813
combined_overall,0.015512242198641144,0.9998901368765267,0.9999673932257813
combined_overall,0.015641492932139057,0.9998901368765267,0.9999673932257813
combined_overall,0.015644724200476506,0.9998901368765267,0.9999673932257813
combined_overall,0.01576212695007044,0.9998901368765267,0.9999673932257813
combined_overall,0.015768589486745338,0.9998901368765267,0.9999673932257813
combined_overall,0.015820289780144502,0.9998901368765267,0.9999673932257813
combined_overall,0.015822443959036134,0.9998901368765267,0.9999673932257813
combined_overall,0.015869835894652035,0.9998901368765267,0.9999673932257813
combined_overall,0.015869835894652035,0.9998965994132016,0.9999673932257813
combined_overall,0.015898917309689065,0.9998965994132016,0.9999673932257813
combined_overall,0.015898917309689065,0.9999030619498765,0.9999673932257813
combined_overall,0.015913996561930488,0.9999030619498765,0.9999673932257813
combined_overall,0.01591615074082212,0.9999030619498765,0.9999673932257813
combined_overall,0.01595600305031731,0.9999030619498765,0.9999673932257813
combined_overall,0.015958157229208944,0.9999030619498765,0.9999673932257813
combined_overall,0.015962465586992207,0.9999030619498765,0.9999673932257813
combined_overall,0.015981853197016893,0.9999030619498765,0.9999673932257813
combined_overall,0.015984007375908525,0.9999030619498765,0.9999673932257813
combined_overall,0.01605724945822401,0.9999030619498765,0.9999673932257813
combined_overall,0.01605940363711564,0.9999030619498765,0.9999673932257813
combined_overall,0.016130491540539492,0.9999030619498765,0.9999673932257813
combined_overall,0.016132645719431123,0.9999030619498765,0.9999673932257813
combined_overall,0.016132645719431123,0.9999095244865515,0.9999673932257813
combined_overall,0.016175729297263762,0.9999095244865515,0.9999673932257813
combined_overall,0.016177883476155393,0.9999095244865515,0.9999673932257813
combined_overall,0.016181114744492842,0.9999095244865515,0.9999673932257813
combined_overall,0.016185423102276105,0.9999095244865515,0.9999673932257813
combined_overall,0.016186500191721923,0.9999095244865515,0.9999673932257813
combined_overall,0.016186500191721923,0.9999159870232264,0.9999673932257813
combined_overall,0.016188654370613554,0.9999159870232264,0.9999673932257813
combined_overall,0.016190808549505185,0.9999159870232264,0.9999673932257813
combined_overall,0.016238200485121087,0.9999159870232264,0.9999673932257813
combined_overall,0.016241431753458536,0.9999159870232264,0.9999673932257813
combined_overall,0.01627912988406209,0.9999159870232264,0.9999673932257813
combined_overall,0.016281284062953726,0.9999159870232264,0.9999673932257813
combined_overall,0.01632221346189473,0.9999159870232264,0.9999673932257813
combined_overall,0.01632436764078636,0.9999159870232264,0.9999673932257813
combined_overall,0.01640191808088511,0.9999159870232264,0.9999673932257813
combined_overall,0.01640407225977674,0.9999159870232264,0.9999673932257813
combined_overall,0.016457926732067536,0.9999159870232264,0.9999673932257813
combined_overall,0.01646008091095917,0.9999159870232264,0.9999673932257813
combined_overall,0.016462235089850803,0.9999159870232264,0.9999673932257813
combined_overall,0.016465466358188248,0.9999159870232264,0.9999673932257813
combined_overall,0.01655809605052842,0.9999159870232264,0.9999673932257813
combined_overall,0.01656025022942005,0.9999159870232264,0.9999673932257813
combined_overall,0.0165634814977575,0.9999159870232264,0.9999673932257813
combined_overall,0.0165634814977575,0.9999224495599013,0.9999673932257813
combined_overall,0.016586100376119635,0.9999224495599013,0.9999673932257813
combined_overall,0.016588254555011266,0.9999224495599013,0.9999673932257813
combined_overall,0.016602256717806872,0.9999224495599013,0.9999673932257813
combined_overall,0.016602256717806872,0.999935374633251,0.9999673932257813
combined_overall,0.01668303842624307,0.999935374633251,0.9999673932257813
combined_overall,0.0166851926051347,0.999935374633251,0.9999673932257813
combined_overall,0.016760588866341818,0.999935374633251,0.9999673932257813
combined_overall,0.01676274304523345,0.999935374633251,0.9999673932257813
combined_overall,0.01688983959983973,0.999935374633251,0.9999673932257813
combined_overall,0.01689199377873136,0.999935374633251,0.9999673932257813
combined_overall,0.016951233698251238,0.999935374633251,0.9999673932257813
combined_overall,0.01695338787714287,0.999935374633251,0.9999673932257813
combined_overall,0.016963081682155212,0.999935374633251,0.9999673932257813
combined_overall,0.016965235861046844,0.999935374633251,0.9999673932257813
combined_overall,0.01705140301671212,0.999935374633251,0.9999673932257813
combined_overall,0.017054634285049566,0.999935374633251,0.9999673932257813
combined_overall,0.0170567884639412,0.999935374633251,0.9999673932257813
combined_overall,0.0171041803995571,0.999935374633251,0.9999673932257813
combined_overall,0.017108488757340366,0.999935374633251,0.9999673932257813
combined_overall,0.017294825231466523,0.999935374633251,0.9999673932257813
combined_overall,0.017296979410358154,0.999935374633251,0.9999673932257813
combined_overall,0.017379915297685983,0.999935374633251,0.9999673932257813
combined_overall,0.017382069476577614,0.999935374633251,0.9999673932257813
combined_overall,0.017453157380001465,0.999935374633251,0.9999673932257813
combined_overall,0.017455311558893096,0.999935374633251,0.9999673932257813
combined_overall,0.01746500536390544,0.999935374633251,0.9999673932257813
combined_overall,0.01746715954279707,0.999935374633251,0.9999673932257813
combined_overall,0.017490855510605023,0.999935374633251,0.9999673932257813
combined_overall,0.017493009689496655,0.999935374633251,0.9999673932257813
combined_overall,0.0175500954301249,0.999935374633251,0.9999673932257813
combined_overall,0.01755224960901653,0.999935374633251,0.9999673932257813
combined_overall,0.017596410276294983,0.999935374633251,0.9999673932257813
combined_overall,0.01760071863407825,0.999935374633251,0.9999673932257813
combined_overall,0.017616874975765487,0.999935374633251,0.9999673932257813
combined_overall,0.017620106244102936,0.999935374633251,0.9999673932257813
combined_overall,0.017692271236972604,0.999935374633251,0.9999673932257813
combined_overall,0.017694425415864235,0.999935374633251,0.9999673932257813
combined_overall,0.017787055108204407,0.999935374633251,0.9999673932257813
combined_overall,0.017789209287096038,0.999935374633251,0.9999673932257813
combined_overall,0.01791846002059395,0.999935374633251,0.9999673932257813
combined_overall,0.01791846002059395,0.9999418371699259,0.9999673932257813
combined_overall,0.017928153825606294,0.9999418371699259,0.9999673932257813
combined_overall,0.017930308004497925,0.9999418371699259,0.9999673932257813
combined_overall,0.017955081061751692,0.9999418371699259,0.9999673932257813
combined_overall,0.017955081061751692,0.9999482997066008,0.9999673932257813
combined_overall,0.017957235240643323,0.9999482997066008,0.9999673932257813
combined_overall,0.018057404559104206,0.9999482997066008,0.9999673932257813
combined_overall,0.018059558737995838,0.9999482997066008,0.9999673932257813
combined_overall,0.01811556738917827,0.9999482997066008,0.9999673932257813
combined_overall,0.0181177215680699,0.9999482997066008,0.9999673932257813
combined_overall,0.018249126480459444,0.9999482997066008,0.9999673932257813
combined_overall,0.018251280659351075,0.9999482997066008,0.9999673932257813
combined_overall,0.018338524904462167,0.9999482997066008,0.9999673932257813
combined_overall,0.018340679083353798,0.9999482997066008,0.9999673932257813
combined_overall,0.01840099609231949,0.9999482997066008,0.9999673932257813
combined_overall,0.018404227360656937,0.9999482997066008,0.9999673932257813
combined_overall,0.01846131310128518,0.9999482997066008,0.9999673932257813
combined_overall,0.018463467280176817,0.9999482997066008,0.9999673932257813
combined_overall,0.018465621459068448,0.9999482997066008,0.9999673932257813
combined_overall,0.01846777563796008,0.9999482997066008,0.9999673932257813
combined_overall,0.018523784289142507,0.9999482997066008,0.9999673932257813
combined_overall,0.018525938468034138,0.9999482997066008,0.9999673932257813
combined_overall,0.01853347809415485,0.9999482997066008,0.9999673932257813
combined_overall,0.018539940630829747,0.9999482997066008,0.9999673932257813
combined_overall,0.01859487219256636,0.9999482997066008,0.9999673932257813
combined_overall,0.018597026371457992,0.9999482997066008,0.9999673932257813
combined_overall,0.018602411818687072,0.9999482997066008,0.9999673932257813
combined_overall,0.018604565997578704,0.9999482997066008,0.9999673932257813
combined_overall,0.018656266290977868,0.9999482997066008,0.9999673932257813
combined_overall,0.0186584204698695,0.9999482997066008,0.9999673932257813
combined_overall,0.018688578974352346,0.9999482997066008,0.9999673932257813
combined_overall,0.018690733153243978,0.9999482997066008,0.9999673932257813
combined_overall,0.01869504151102724,0.9999482997066008,0.9999673932257813
combined_overall,0.018697195689918875,0.9999482997066008,0.9999673932257813
combined_overall,0.018704735316039584,0.9999482997066008,0.9999673932257813
combined_overall,0.01870688949493122,0.9999482997066008,0.9999673932257813
combined_overall,0.01878551702447578,0.9999482997066008,0.9999673932257813
combined_overall,0.01878874829281323,0.9999482997066008,0.9999673932257813
combined_overall,0.018940617904673277,0.9999482997066008,0.9999673932257813
combined_overall,0.01894277208356491,0.9999482997066008,0.9999673932257813
combined_overall,0.01895031170968562,0.9999482997066008,0.9999673932257813
combined_overall,0.018954620067468883,0.9999482997066008,0.9999673932257813
combined_overall,0.018972930588047755,0.9999482997066008,0.9999673932257813
combined_overall,0.018978316035276832,0.9999482997066008,0.9999673932257813
combined_overall,0.018980470214168467,0.9999482997066008,0.9999673932257813
combined_overall,0.019065560280387923,0.9999482997066008,0.9999673932257813
combined_overall,0.019067714459279555,0.9999482997066008,0.9999673932257813
combined_overall,0.019193733924440022,0.9999482997066008,0.9999673932257813
combined_overall,0.019195888103331653,0.9999482997066008,0.9999673932257813
combined_overall,0.019229277876151946,0.9999482997066008,0.9999673932257813
combined_overall,0.01923143205504358,0.9999482997066008,0.9999673932257813
combined_overall,0.01925189675451408,0.9999482997066008,0.9999673932257813
combined_overall,0.019254050933405712,0.9999482997066008,0.9999673932257813
combined_overall,0.019277746901213665,0.9999482997066008,0.9999673932257813
combined_overall,0.019279901080105296,0.9999482997066008,0.9999673932257813
combined_overall,0.01934021808907099,0.9999482997066008,0.9999673932257813
combined_overall,0.01934237226796262,0.9999482997066008,0.9999673932257813
combined_overall,0.019383301666903625,0.9999482997066008,0.9999673932257813
combined_overall,0.01938545584579526,0.9999482997066008,0.9999673932257813
combined_overall,0.0194490041230984,0.9999482997066008,0.9999673932257813
combined_overall,0.019452235391435847,0.9999482997066008,0.9999673932257813
combined_overall,0.01946192919644819,0.9999482997066008,0.9999673932257813
combined_overall,0.019464083375339822,0.9999482997066008,0.9999673932257813
combined_overall,0.019511475310955723,0.9999482997066008,0.9999673932257813
combined_overall,0.019513629489847355,0.9999482997066008,0.9999673932257813
combined_overall,0.019617030076645683,0.9999482997066008,0.9999673932257813
combined_overall,0.01961918425553732,0.9999482997066008,0.9999673932257813
combined_overall,0.019720430663444016,0.9999482997066008,0.9999673932257813
combined_overall,0.01972473902122728,0.9999482997066008,0.9999673932257813
combined_overall,0.019753820436264308,0.9999482997066008,0.9999673932257813
combined_overall,0.019753820436264308,0.9999547622432757,0.9999673932257813
combined_overall,0.019783978940747154,0.9999547622432757,0.9999673932257813
combined_overall,0.019786133119638786,0.9999547622432757,0.9999673932257813
combined_overall,0.019877685722533144,0.9999547622432757,0.9999673932257813
combined_overall,0.019879839901424775,0.9999547622432757,0.9999673932257813
combined_overall,0.019885225348653855,0.9999547622432757,0.9999673932257813
combined_overall,0.019887379527545487,0.9999547622432757,0.9999673932257813
combined_overall,0.019890610795882932,0.9999547622432757,0.9999673932257813
combined_overall,0.019892764974774567,0.9999547622432757,0.9999673932257813
combined_overall,0.01996492996764423,0.9999547622432757,0.9999673932257813
combined_overall,0.019967084146535866,0.9999547622432757,0.9999673932257813
combined_overall,0.020060790928321852,0.9999547622432757,0.9999673932257813
combined_overall,0.0200640221966593,0.9999547622432757,0.9999673932257813
combined_overall,0.0201383413684206,0.9999547622432757,0.9999673932257813
combined_overall,0.02014049554731223,0.9999547622432757,0.9999673932257813
combined_overall,0.020144803905095494,0.9999547622432757,0.9999673932257813
combined_overall,0.02019650419849466,0.9999547622432757,0.9999673932257813
combined_overall,0.02019865837738629,0.9999547622432757,0.9999673932257813
combined_overall,0.02048516416997333,0.9999547622432757,0.9999673932257813
combined_overall,0.020487318348864962,0.9999547622432757,0.9999673932257813
combined_overall,0.020582102220096765,0.9999547622432757,0.9999673932257813
combined_overall,0.020584256398988397,0.9999547622432757,0.9999673932257813
combined_overall,0.020600412740675637,0.9999547622432757,0.9999673932257813
combined_overall,0.02060256691956727,0.9999547622432757,0.9999673932257813
combined_overall,0.020704890416919784,0.9999547622432757,0.9999673932257813
combined_overall,0.020707044595811415,0.9999547622432757,0.9999673932257813
combined_overall,0.020719969669161207,0.9999547622432757,0.9999673932257813
combined_overall,0.02072212384805284,0.9999547622432757,0.9999673932257813
combined_overall,0.02073504892140263,0.9999547622432757,0.9999673932257813
combined_overall,0.02073720310029426,0.9999547622432757,0.9999673932257813
combined_overall,0.020781363767572714,0.9999547622432757,0.9999673932257813
combined_overall,0.020783517946464346,0.9999547622432757,0.9999673932257813
combined_overall,0.020861068386563094,0.9999547622432757,0.9999673932257813
combined_overall,0.020863222565454725,0.9999547622432757,0.9999673932257813
combined_overall,0.021060329934039043,0.9999547622432757,0.9999673932257813
combined_overall,0.021062484112930675,0.9999547622432757,0.9999673932257813
combined_overall,0.021070023739051386,0.9999547622432757,0.9999673932257813
combined_overall,0.021070023739051386,0.9999612247799506,0.9999673932257813
combined_overall,0.021117415674667288,0.9999612247799506,0.9999673932257813
combined_overall,0.02111956985355892,0.9999612247799506,0.9999673932257813
combined_overall,0.021142188731921054,0.9999612247799506,0.9999673932257813
combined_overall,0.021142188731921054,0.9999676873166256,0.9999673932257813
combined_overall,0.021147574179150135,0.9999676873166256,0.9999673932257813
combined_overall,0.021147574179150135,0.9999741498533005,0.9999673932257813
combined_overall,0.021162653431391558,0.9999741498533005,0.9999673932257813
combined_overall,0.02116696178917482,0.9999741498533005,0.9999673932257813
combined_overall,0.021218662082573985,0.9999741498533005,0.9999673932257813
combined_overall,0.021218662082573985,0.9999806123899753,0.9999673932257813
combined_overall,0.021253128944840095,0.9999806123899753,0.9999673932257813
combined_overall,0.021255283123731726,0.9999806123899753,0.9999673932257813
combined_overall,0.021261745660406624,0.9999806123899753,0.9999673932257813
combined_overall,0.02127036237597315,0.9999806123899753,0.9999673932257813
combined_overall,0.021280056180985493,0.9999806123899753,0.9999673932257813
combined_overall,0.021280056180985493,0.9999870749266502,0.9999673932257813
combined_overall,0.021316677222143237,0.9999870749266502,0.9999673932257813
combined_overall,0.02132313975881813,0.9999870749266502,0.9999673932257813
combined_overall,0.021332833563830474,0.9999870749266502,0.9999673932257813
combined_overall,0.021336064832167923,0.9999870749266502,0.9999673932257813
combined_overall,0.02135545244219261,0.9999870749266502,0.9999673932257813
combined_overall,0.02135545244219261,0.9999935374633251,0.9999673932257813
combined_overall,0.02136083788942169,0.9999935374633251,0.9999673932257813
combined_overall,0.02136299206831332,0.9999935374633251,0.9999673932257813
combined_overall,0.021410384003929223,0.9999935374633251,0.9999673932257813
combined_overall,0.021410384003929223,1.0,0.9999673932257813
combined_overall,0.02142977161395391,1.0,0.9999673932257813
combined_overall,0.02143192579284554,1.0,0.9999673932257813
combined_overall,0.021550405631885296,1.0,0.9999673932257813
combined_overall,0.021552559810776927,1.0,0.9999673932257813
combined_overall,0.02164734368200873,1.0,0.9999673932257813
combined_overall,0.021651652039791993,1.0,0.9999673932257813
combined_overall,0.02166780838147923,1.0,0.9999673932257813
combined_overall,0.02167103964981668,1.0,0.9999673932257813
combined_overall,0.021717354495986763,1.0,0.9999673932257813
combined_overall,0.021719508674878398,1.0,0.9999673932257813
combined_overall,0.02175828389492777,1.0,0.9999673932257813
combined_overall,0.021760438073819402,1.0,0.9999673932257813
combined_overall,0.021766900610494296,1.0,0.9999673932257813
combined_overall,0.02176905478938593,1.0,0.9999673932257813
combined_overall,0.021865992839509366,1.0,0.9999673932257813
combined_overall,0.021868147018400997,1.0,0.9999673932257813
combined_overall,0.021884303360088234,1.0,0.9999673932257813
combined_overall,0.021886457538979866,1.0,0.9999673932257813
combined_overall,0.022301136975619005,1.0,0.9999673932257813
combined_overall,0.02230436824395645,1.0,0.9999673932257813
combined_overall,0.022451929498033235,1.0,0.9999673932257813
combined_overall,0.022455160766370684,1.0,0.9999673932257813
combined_overall,0.022483165091961896,1.0,0.9999673932257813
combined_overall,0.022486396360299345,1.0,0.9999673932257813
combined_overall,0.022549944637602484,1.0,0.9999673932257813
combined_overall,0.02255209881649412,1.0,0.9999673932257813
combined_overall,0.02266303902941316,1.0,0.9999673932257813
combined_overall,0.022669501566088053,1.0,0.9999673932257813
combined_overall,0.022723356038378852,1.0,0.9999673932257813
combined_overall,0.022727664396162115,1.0,0.9999673932257813
combined_overall,0.02273412693283701,1.0,0.9999673932257813
combined_overall,0.02273628111172864,1.0,0.9999673932257813
combined_overall,0.022745974916740987,1.0,0.9999673932257813
combined_overall,0.022751360363970064,1.0,0.9999673932257813
combined_overall,0.02279228976291107,1.0,0.9999673932257813
combined_overall,0.022800906478477597,1.0,0.9999673932257813
combined_overall,0.022942005195879488,1.0,0.9999673932257813
combined_overall,0.02294631355366275,1.0,0.9999673932257813
combined_overall,0.02297754914759141,1.0,0.9999673932257813
combined_overall,0.022979703326483046,1.0,0.9999673932257813
combined_overall,0.023016324367640787,1.0,0.9999673932257813
combined_overall,0.02301847854653242,1.0,0.9999673932257813
combined_overall,0.02319081285786297,1.0,0.9999673932257813
combined_overall,0.023196198305092047,1.0,0.9999673932257813
combined_overall,0.023246821509045397,1.0,0.9999673932257813
combined_overall,0.02324897568793703,1.0,0.9999673932257813
combined_overall,0.02334375955916883,1.0,0.9999673932257813
combined_overall,0.02334914500639791,1.0,0.9999673932257813
combined_overall,0.02337607224254331,1.0,0.9999673932257813
combined_overall,0.023380380600326572,1.0,0.9999673932257813
combined_overall,0.02338468895810984,1.0,0.9999673932257813
combined_overall,0.02338684313700147,1.0,0.9999673932257813
combined_overall,0.02350855424437867,1.0,0.9999673932257813
combined_overall,0.023510708423270302,1.0,0.9999673932257813
combined_overall,0.02358825886336905,1.0,0.9999673932257813
combined_overall,0.023594721400043945,1.0,0.9999673932257813
combined_overall,0.023602261026164657,1.0,0.9999673932257813
combined_overall,0.023605492294502105,1.0,0.9999673932257813
combined_overall,0.023633496620093317,1.0,0.9999673932257813
combined_overall,0.023635650798984952,1.0,0.9999673932257813
combined_overall,0.023708892881300434,1.0,0.9999673932257813
combined_overall,0.023714278328529514,1.0,0.9999673932257813
combined_overall,0.023716432507421146,1.0,0.9999673932257813
combined_overall,0.023787520410845,1.0,0.9999673932257813
combined_overall,0.02378967458973663,1.0,0.9999673932257813
combined_overall,0.023854299956485588,1.0,0.9999673932257813
combined_overall,0.02385645413537722,1.0,0.9999673932257813
combined_overall,0.023886612639860066,1.0,0.9999673932257813
combined_overall,0.023888766818751697,1.0,0.9999673932257813
combined_overall,0.023910308607668015,1.0,0.9999673932257813
combined_overall,0.023912462786559646,1.0,0.9999673932257813
combined_overall,0.02394369838048831,1.0,0.9999673932257813
combined_overall,0.023945852559379942,1.0,0.9999673932257813
combined_overall,0.02401801755224961,1.0,0.9999673932257813
combined_overall,0.02402017173114124,1.0,0.9999673932257813
combined_overall,0.024021248820587055,1.0,0.9999673932257813
combined_overall,0.02402555717837032,1.0,0.9999673932257813
combined_overall,0.024078334561215303,1.0,0.9999673932257813
combined_overall,0.024082642918998566,1.0,0.9999673932257813
combined_overall,0.024107415976252333,1.0,0.9999673932257813
combined_overall,0.024109570155143964,1.0,0.9999673932257813
combined_overall,0.024127880675722836,1.0,0.9999673932257813
combined_overall,0.02413111194406028,1.0,0.9999673932257813
combined_overall,0.024186043505796895,1.0,0.9999673932257813
combined_overall,0.024189274774134344,1.0,0.9999673932257813
combined_overall,0.02421943327861719,1.0,0.9999673932257813
combined_overall,0.024221587457508822,1.0,0.9999673932257813
combined_overall,0.02425605431977493,1.0,0.9999673932257813
combined_overall,0.024260362677558194,1.0,0.9999673932257813
combined_overall,0.024271133572016355,1.0,0.9999673932257813
combined_overall,0.024273287750907986,1.0,0.9999673932257813
combined_overall,0.02435191528045255,1.0,0.9999673932257813
combined_overall,0.024354069459344183,1.0,0.9999673932257813
combined_overall,0.024424080273322216,1.0,0.9999673932257813
combined_overall,0.02442623445221385,1.0,0.9999673932257813
combined_overall,0.02445316168835925,1.0,0.9999673932257813
combined_overall,0.02445854713558833,1.0,0.9999673932257813
combined_overall,0.02454040593347034,1.0,0.9999673932257813
combined_overall,0.024544714291253603,1.0,0.9999673932257813
combined_overall,0.02460072294243603,1.0,0.9999673932257813
combined_overall,0.024602877121327662,1.0,0.9999673932257813
combined_overall,0.024637343983593775,1.0,0.9999673932257813
combined_overall,0.024639498162485406,1.0,0.9999673932257813
combined_overall,0.024690121366438753,1.0,0.9999673932257813
combined_overall,0.024692275545330388,1.0,0.9999673932257813
combined_overall,0.024703046439788545,1.0,0.9999673932257813
combined_overall,0.024705200618680177,1.0,0.9999673932257813
combined_overall,0.024713817334246706,1.0,0.9999673932257813
combined_overall,0.024719202781475786,1.0,0.9999673932257813
combined_overall,0.024753669643741896,1.0,0.9999673932257813
combined_overall,0.024755823822633527,1.0,0.9999673932257813
combined_overall,0.0247741343432124,1.0,0.9999673932257813
combined_overall,0.02477628852210403,1.0,0.9999673932257813
combined_overall,0.024789213595453823,1.0,0.9999673932257813
combined_overall,0.024791367774345454,1.0,0.9999673932257813
combined_overall,0.024826911726057378,1.0,0.9999673932257813
combined_overall,0.02482906590494901,1.0,0.9999673932257813
combined_overall,0.024955085370109476,1.0,0.9999673932257813
combined_overall,0.024957239549001108,1.0,0.9999673932257813
combined_overall,0.02500463148461701,1.0,0.9999673932257813
combined_overall,0.02500678566350864,1.0,0.9999673932257813
combined_overall,0.025080027745824126,1.0,0.9999673932257813
combined_overall,0.02508649028249902,1.0,0.9999673932257813
combined_overall,0.025103723713632075,1.0,0.9999673932257813
combined_overall,0.025105877892523706,1.0,0.9999673932257813
combined_overall,0.025113417518644418,1.0,0.9999673932257813
combined_overall,0.02511557169753605,1.0,0.9999673932257813
combined_overall,0.025140344754789816,1.0,0.9999673932257813
combined_overall,0.025142498933681447,1.0,0.9999673932257813
combined_overall,0.025198507584863878,1.0,0.9999673932257813
combined_overall,0.02520066176375551,1.0,0.9999673932257813
combined_overall,0.025250207878263042,1.0,0.9999673932257813
combined_overall,0.025252362057154674,1.0,0.9999673932257813
combined_overall,0.025283597651083338,1.0,0.9999673932257813
combined_overall,0.02528575182997497,1.0,0.9999673932257813
combined_overall,0.025315910334457816,1.0,0.9999673932257813
combined_overall,0.025318064513349448,1.0,0.9999673932257813
combined_overall,0.025363302270073718,1.0,0.9999673932257813
combined_overall,0.02536545644896535,1.0,0.9999673932257813
combined_overall,0.025384844058990035,1.0,0.9999673932257813
combined_overall,0.025386998237881667,1.0,0.9999673932257813
combined_overall,0.025417156742364513,1.0,0.9999673932257813
combined_overall,0.025419310921256145,1.0,0.9999673932257813
combined_overall,0.02553455949195845,1.0,0.9999673932257813
combined_overall,0.02555071583364569,1.0,0.9999673932257813
combined_overall,0.025600261948153222,1.0,0.9999673932257813
combined_overall,0.02560349321649067,1.0,0.9999673932257813
combined_overall,0.025604570305936485,1.0,0.9999673932257813
combined_overall,0.02560672448482812,1.0,0.9999673932257813
combined_overall,0.025613187021503014,1.0,0.9999673932257813
combined_overall,0.025615341200394645,1.0,0.9999673932257813
combined_overall,0.025625035005406988,1.0,0.9999673932257813
combined_overall,0.02562718918429862,1.0,0.9999673932257813
combined_overall,0.025665964404347996,1.0,0.9999673932257813
combined_overall,0.02566919567268544,1.0,0.9999673932257813
combined_overall,0.02567027276213126,1.0,0.9999673932257813
combined_overall,0.025673504030468707,1.0,0.9999673932257813
combined_overall,0.02568104365658942,1.0,0.9999673932257813
combined_overall,0.02568319783548105,1.0,0.9999673932257813
combined_overall,0.025687506193264313,1.0,0.9999673932257813
combined_overall,0.025690737461601762,1.0,0.9999673932257813
combined_overall,0.025749977381121638,1.0,0.9999673932257813
combined_overall,0.025753208649459087,1.0,0.9999673932257813
combined_overall,0.025795215137845908,1.0,0.9999673932257813
combined_overall,0.02579736931673754,1.0,0.9999673932257813
combined_overall,0.02581029439008733,1.0,0.9999673932257813
combined_overall,0.025812448568978963,1.0,0.9999673932257813
combined_overall,0.0258286049106662,1.0,0.9999673932257813
combined_overall,0.02583075908955783,1.0,0.9999673932257813
combined_overall,0.025835067447341098,1.0,0.9999673932257813
combined_overall,0.02583722162623273,1.0,0.9999673932257813
combined_overall,0.02584476125235344,1.0,0.9999673932257813
combined_overall,0.025851223789028335,1.0,0.9999673932257813
combined_overall,0.025874919756836288,1.0,0.9999673932257813
combined_overall,0.02587707393572792,1.0,0.9999673932257813
combined_overall,0.025896461545752605,1.0,0.9999673932257813
combined_overall,0.025898615724644237,1.0,0.9999673932257813
combined_overall,0.025972934896405536,1.0,0.9999673932257813
combined_overall,0.025989091238092777,1.0,0.9999673932257813
combined_overall,0.026005247579780014,1.0,0.9999673932257813
combined_overall,0.026007401758671646,1.0,0.9999673932257813
combined_overall,0.026013864295346543,1.0,0.9999673932257813
combined_overall,0.026016018474238175,1.0,0.9999673932257813
combined_overall,0.02603540608426286,1.0,0.9999673932257813
combined_overall,0.026037560263154493,1.0,0.9999673932257813
combined_overall,0.026066641678191525,1.0,0.9999673932257813
combined_overall,0.026074181304312237,1.0,0.9999673932257813
combined_overall,0.02609680018267437,1.0,0.9999673932257813
combined_overall,0.026098954361566003,1.0,0.9999673932257813
combined_overall,0.026101108540457635,1.0,0.9999673932257813
combined_overall,0.026103262719349266,1.0,0.9999673932257813
combined_overall,0.02610757107713253,1.0,0.9999673932257813
combined_overall,0.026117264882144872,1.0,0.9999673932257813
combined_overall,0.026121573239928135,1.0,0.9999673932257813
combined_overall,0.02614419211829027,1.0,0.9999673932257813
combined_overall,0.02615496301274843,1.0,0.9999673932257813
combined_overall,0.02619158405390617,1.0,0.9999673932257813
combined_overall,0.026193738232797803,1.0,0.9999673932257813
combined_overall,0.026249746883980234,1.0,0.9999673932257813
combined_overall,0.026251901062871865,1.0,0.9999673932257813
combined_overall,0.026262671957330026,1.0,0.9999673932257813
combined_overall,0.026264826136221657,1.0,0.9999673932257813
combined_overall,0.026299292998487767,1.0,0.9999673932257813
combined_overall,0.026301447177379398,1.0,0.9999673932257813
combined_overall,0.026339145307982956,1.0,0.9999673932257813
combined_overall,0.026341299486874588,1.0,0.9999673932257813
combined_overall,0.026382228885815595,1.0,0.9999673932257813
combined_overall,0.026384383064707227,1.0,0.9999673932257813
combined_overall,0.026408079032515176,1.0,0.9999673932257813
combined_overall,0.026410233211406807,1.0,0.9999673932257813
combined_overall,0.02644146880533547,1.0,0.9999673932257813
combined_overall,0.026443622984227103,1.0,0.9999673932257813
combined_overall,0.026493169098734635,1.0,0.9999673932257813
combined_overall,0.026495323277626267,1.0,0.9999673932257813
combined_overall,0.02652655887155493,1.0,0.9999673932257813
combined_overall,0.026528713050446562,1.0,0.9999673932257813
combined_overall,0.026537329766013088,1.0,0.9999673932257813
combined_overall,0.02653948394490472,1.0,0.9999673932257813
combined_overall,0.026598723864424596,1.0,0.9999673932257813
combined_overall,0.02660087804331623,1.0,0.9999673932257813
combined_overall,0.026622419832232548,1.0,0.9999673932257813
combined_overall,0.02662457401112418,1.0,0.9999673932257813
combined_overall,0.02663319072669071,1.0,0.9999673932257813
combined_overall,0.02663749908447397,1.0,0.9999673932257813
combined_overall,0.026638576173919785,1.0,0.9999673932257813
combined_overall,0.02664073035281142,1.0,0.9999673932257813
combined_overall,0.026674120125631712,1.0,0.9999673932257813
combined_overall,0.026676274304523344,1.0,0.9999673932257813
combined_overall,0.026679505572860793,1.0,0.9999673932257813
combined_overall,0.026681659751752424,1.0,0.9999673932257813
combined_overall,0.02668273684119824,1.0,0.9999673932257813
combined_overall,0.026684891020089873,1.0,0.9999673932257813
combined_overall,0.026741976760718118,1.0,0.9999673932257813
combined_overall,0.02674413093960975,1.0,0.9999673932257813
combined_overall,0.026750593476284643,1.0,0.9999673932257813
combined_overall,0.026752747655176278,1.0,0.9999673932257813
combined_overall,0.026804447948575442,1.0,0.9999673932257813
combined_overall,0.026806602127467074,1.0,0.9999673932257813
combined_overall,0.0268152188430336,1.0,0.9999673932257813
combined_overall,0.026817373021925234,1.0,0.9999673932257813
combined_overall,0.026835683542504103,1.0,0.9999673932257813
combined_overall,0.026837837721395735,1.0,0.9999673932257813
combined_overall,0.02687661294144511,1.0,0.9999673932257813
combined_overall,0.026878767120336742,1.0,0.9999673932257813
combined_overall,0.026928313234844275,1.0,0.9999673932257813
combined_overall,0.026930467413735906,1.0,0.9999673932257813
combined_overall,0.026931544503181724,1.0,0.9999673932257813
combined_overall,0.026935852860964987,1.0,0.9999673932257813
combined_overall,0.026939084129302435,1.0,0.9999673932257813
combined_overall,0.026941238308194067,1.0,0.9999673932257813
combined_overall,0.02694554666597733,1.0,0.9999673932257813
combined_overall,0.02694770084486896,1.0,0.9999673932257813
combined_overall,0.026949855023760592,1.0,0.9999673932257813
combined_overall,0.026978936438797625,1.0,0.9999673932257813
combined_overall,0.026981090617689257,1.0,0.9999673932257813
combined_overall,0.027004786585497206,1.0,0.9999673932257813
combined_overall,0.027006940764388837,1.0,0.9999673932257813
combined_overall,0.027015557479955366,1.0,0.9999673932257813
combined_overall,0.027017711658846998,1.0,0.9999673932257813
combined_overall,0.02701878874829281,1.0,0.9999673932257813
combined_overall,0.027020942927184446,1.0,0.9999673932257813
combined_overall,0.02702202001663026,1.0,0.9999673932257813
combined_overall,0.027045715984438213,1.0,0.9999673932257813
combined_overall,0.027076951578366874,1.0,0.9999673932257813
combined_overall,0.027079105757258505,1.0,0.9999673932257813
combined_overall,0.027108187172295538,1.0,0.9999673932257813
combined_overall,0.02711034135118717,1.0,0.9999673932257813
combined_overall,0.027131883140103487,1.0,0.9999673932257813
combined_overall,0.027134037318995118,1.0,0.9999673932257813
combined_overall,0.027169581270707045,1.0,0.9999673932257813
combined_overall,0.027171735449598677,1.0,0.9999673932257813
combined_overall,0.027191123059623363,1.0,0.9999673932257813
combined_overall,0.027193277238514994,1.0,0.9999673932257813
combined_overall,0.027240669174130896,1.0,0.9999673932257813
combined_overall,0.027248208800251607,1.0,0.9999673932257813
combined_overall,0.02726867349972211,1.0,0.9999673932257813
combined_overall,0.027270827678613743,1.0,0.9999673932257813
combined_overall,0.027275136036397005,1.0,0.9999673932257813
combined_overall,0.027277290215288637,1.0,0.9999673932257813
combined_overall,0.02730098618309659,1.0,0.9999673932257813
combined_overall,0.027307448719771484,1.0,0.9999673932257813
combined_overall,0.027413003485461447,1.0,0.9999673932257813
combined_overall,0.02741946602213634,1.0,0.9999673932257813
combined_overall,0.027612265032937396,1.0,0.9999673932257813
combined_overall,0.02761549630127484,1.0,0.9999673932257813
combined_overall,0.027670427863011455,1.0,0.9999673932257813
combined_overall,0.027672582041903086,1.0,0.9999673932257813
combined_overall,0.027673659131348904,1.0,0.9999673932257813
combined_overall,0.027677967489132167,1.0,0.9999673932257813
combined_overall,0.027684430025807064,1.0,0.9999673932257813
combined_overall,0.027686584204698696,1.0,0.9999673932257813
combined_overall,0.02789446246774117,1.0,0.9999673932257813
combined_overall,0.027896616646632802,1.0,0.9999673932257813
combined_overall,0.027951548208369415,1.0,0.9999673932257813
combined_overall,0.027953702387261047,1.0,0.9999673932257813
combined_overall,0.02801401939622674,1.0,0.9999673932257813
combined_overall,0.02801617357511837,1.0,0.9999673932257813
combined_overall,0.028060334242396824,1.0,0.9999673932257813
combined_overall,0.02806248842128846,1.0,0.9999673932257813
combined_overall,0.028065719689625904,1.0,0.9999673932257813
combined_overall,0.028067873868517536,1.0,0.9999673932257813
combined_overall,0.028081876031313145,1.0,0.9999673932257813
combined_overall,0.02808510729965059,1.0,0.9999673932257813
combined_overall,0.02809695528355457,1.0,0.9999673932257813
combined_overall,0.0280991094624462,1.0,0.9999673932257813
combined_overall,0.028123882519699966,1.0,0.9999673932257813
combined_overall,0.02813357632471231,1.0,0.9999673932257813
combined_overall,0.028148655576953733,1.0,0.9999673932257813
combined_overall,0.028150809755845364,1.0,0.9999673932257813
combined_overall,0.028151886845291182,1.0,0.9999673932257813
combined_overall,0.028155118113628627,1.0,0.9999673932257813
combined_overall,0.02819712460201545,1.0,0.9999673932257813
combined_overall,0.028199278780907083,1.0,0.9999673932257813
combined_overall,0.02820681840702779,1.0,0.9999673932257813
combined_overall,0.028208972585919426,1.0,0.9999673932257813
combined_overall,0.028214358033148503,1.0,0.9999673932257813
combined_overall,0.02821866639093177,1.0,0.9999673932257813
combined_overall,0.028219743480377583,1.0,0.9999673932257813
combined_overall,0.02822405183816085,1.0,0.9999673932257813
combined_overall,0.02823159146428156,1.0,0.9999673932257813
combined_overall,0.028233745643173193,1.0,0.9999673932257813
combined_overall,0.028245593627077167,1.0,0.9999673932257813
combined_overall,0.0282477478059688,1.0,0.9999673932257813
combined_overall,0.02831883570939265,1.0,0.9999673932257813
combined_overall,0.028322066977730098,1.0,0.9999673932257813
combined_overall,0.02833822331941734,1.0,0.9999673932257813
combined_overall,0.02834037749830897,1.0,0.9999673932257813
combined_overall,0.028362996376671105,1.0,0.9999673932257813
combined_overall,0.028365150555562737,1.0,0.9999673932257813
combined_overall,0.02837484436057508,1.0,0.9999673932257813
combined_overall,0.028389923612816503,1.0,0.9999673932257813
combined_overall,0.028397463238937215,1.0,0.9999673932257813
combined_overall,0.028402848686166295,1.0,0.9999673932257813
combined_overall,0.028405002865057927,1.0,0.9999673932257813
combined_overall,0.028453471890119642,1.0,0.9999673932257813
combined_overall,0.02845778024790291,1.0,0.9999673932257813
combined_overall,0.028464242784577803,1.0,0.9999673932257813
combined_overall,0.028466396963469434,1.0,0.9999673932257813
combined_overall,0.02847285950014433,1.0,0.9999673932257813
combined_overall,0.028475013679035963,1.0,0.9999673932257813
combined_overall,0.028513788899085336,1.0,0.9999673932257813
combined_overall,0.028515943077976967,1.0,0.9999673932257813
combined_overall,0.02852886815132676,1.0,0.9999673932257813
combined_overall,0.02853102233021839,1.0,0.9999673932257813
combined_overall,0.028543947403568182,1.0,0.9999673932257813
combined_overall,0.028548255761351445,1.0,0.9999673932257813
combined_overall,0.028583799713063372,1.0,0.9999673932257813
combined_overall,0.028585953891955004,1.0,0.9999673932257813
combined_overall,0.028595647696967347,1.0,0.9999673932257813
combined_overall,0.02867427522651191,1.0,0.9999673932257813
combined_overall,0.028676429405403544,1.0,0.9999673932257813
combined_overall,0.028700125373211493,1.0,0.9999673932257813
combined_overall,0.028702279552103124,1.0,0.9999673932257813
combined_overall,0.028738900593260865,1.0,0.9999673932257813
combined_overall,0.028747517308827394,1.0,0.9999673932257813
combined_overall,0.02875397984550229,1.0,0.9999673932257813
combined_overall,0.02881752812280543,1.0,0.9999673932257813
combined_overall,0.028819682301697062,1.0,0.9999673932257813
combined_overall,0.028823990659480325,1.0,0.9999673932257813
combined_overall,0.028826144838371957,1.0,0.9999673932257813
combined_overall,0.028829376106709406,1.0,0.9999673932257813
combined_overall,0.0288358386433843,1.0,0.9999673932257813
combined_overall,0.028837992822275935,1.0,0.9999673932257813
combined_overall,0.02883906991172175,1.0,0.9999673932257813
combined_overall,0.02884122409061338,1.0,0.9999673932257813
combined_overall,0.02884876371673409,1.0,0.9999673932257813
combined_overall,0.02885199498507154,1.0,0.9999673932257813
combined_overall,0.028868151326758778,1.0,0.9999673932257813
combined_overall,0.028871382595096227,1.0,0.9999673932257813
combined_overall,0.02887569095287949,1.0,0.9999673932257813
combined_overall,0.02887892222121694,1.0,0.9999673932257813
combined_overall,0.02888107640010857,1.0,0.9999673932257813
combined_overall,0.0288832305790002,1.0,0.9999673932257813
combined_overall,0.028919851620157946,1.0,0.9999673932257813
combined_overall,0.028922005799049577,1.0,0.9999673932257813
combined_overall,0.028938162140736814,1.0,0.9999673932257813
combined_overall,0.028943547587965895,1.0,0.9999673932257813
combined_overall,0.028947855945749158,1.0,0.9999673932257813
combined_overall,0.028951087214086606,1.0,0.9999673932257813
combined_overall,0.028959703929653136,1.0,0.9999673932257813
combined_overall,0.028961858108544767,1.0,0.9999673932257813
combined_overall,0.028970474824111293,1.0,0.9999673932257813
combined_overall,0.02897693736078619,1.0,0.9999673932257813
combined_overall,0.028993093702473428,1.0,0.9999673932257813
combined_overall,0.02899524788136506,1.0,0.9999673932257813
combined_overall,0.028996324970810877,1.0,0.9999673932257813
combined_overall,0.028998479149702508,1.0,0.9999673932257813
combined_overall,0.0290114042230523,1.0,0.9999673932257813
combined_overall,0.029015712580835563,1.0,0.9999673932257813
combined_overall,0.02903725436975188,1.0,0.9999673932257813
combined_overall,0.029039408548643515,1.0,0.9999673932257813
combined_overall,0.029050179443101672,1.0,0.9999673932257813
combined_overall,0.029052333621993304,1.0,0.9999673932257813
combined_overall,0.02905341071143912,1.0,0.9999673932257813
combined_overall,0.029062027427005647,1.0,0.9999673932257813
combined_overall,0.02906418160589728,1.0,0.9999673932257813
combined_overall,0.029142809135441844,1.0,0.9999673932257813
combined_overall,0.029148194582670924,1.0,0.9999673932257813
combined_overall,0.029152502940454187,1.0,0.9999673932257813
combined_overall,0.02915465711934582,1.0,0.9999673932257813
combined_overall,0.029217128307203143,1.0,0.9999673932257813
combined_overall,0.029220359575540592,1.0,0.9999673932257813
combined_overall,0.02923651591722783,1.0,0.9999673932257813
combined_overall,0.02924190136445691,1.0,0.9999673932257813
combined_overall,0.029253749348360884,1.0,0.9999673932257813
combined_overall,0.029261288974481596,1.0,0.9999673932257813
combined_overall,0.029328068520122184,1.0,0.9999673932257813
combined_overall,0.02933022269901382,1.0,0.9999673932257813
combined_overall,0.02933453105679708,1.0,0.9999673932257813
combined_overall,0.029380845902967166,1.0,0.9999673932257813
combined_overall,0.029383000081858797,1.0,0.9999673932257813
combined_overall,0.029389462618533695,1.0,0.9999673932257813
combined_overall,0.029391616797425326,1.0,0.9999673932257813
combined_overall,0.029425006570245618,1.0,0.9999673932257813
combined_overall,0.0294303920174747,1.0,0.9999673932257813
combined_overall,0.029505788278681815,1.0,0.9999673932257813
combined_overall,0.029507942457573447,1.0,0.9999673932257813
combined_overall,0.029510096636465078,1.0,0.9999673932257813
combined_overall,0.02951225081535671,1.0,0.9999673932257813
combined_overall,0.02951548208369416,1.0,0.9999673932257813
combined_overall,0.02951763626258579,1.0,0.9999673932257813
combined_overall,0.02952302170981487,1.0,0.9999673932257813
combined_overall,0.029524098799260688,1.0,0.9999673932257813
combined_overall,0.02952625297815232,1.0,0.9999673932257813
combined_overall,0.029532715514827213,1.0,0.9999673932257813
combined_overall,0.029534869693718845,1.0,0.9999673932257813
combined_overall,0.029539178051502107,1.0,0.9999673932257813
combined_overall,0.029543486409285374,1.0,0.9999673932257813
combined_overall,0.029545640588177005,1.0,0.9999673932257813
combined_overall,0.029547794767068637,1.0,0.9999673932257813
combined_overall,0.029556411482635166,1.0,0.9999673932257813
combined_overall,0.02956071984041843,1.0,0.9999673932257813
combined_overall,0.029569336555984954,1.0,0.9999673932257813
combined_overall,0.029614574312709224,1.0,0.9999673932257813
combined_overall,0.029616728491600856,1.0,0.9999673932257813
combined_overall,0.0296264222966132,1.0,0.9999673932257813
combined_overall,0.02962857647550483,1.0,0.9999673932257813
combined_overall,0.029638270280517177,1.0,0.9999673932257813
combined_overall,0.029641501548854622,1.0,0.9999673932257813
combined_overall,0.029672737142783286,1.0,0.9999673932257813
combined_overall,0.02967704550056655,1.0,0.9999673932257813
combined_overall,0.029717974899507556,1.0,0.9999673932257813
combined_overall,0.029720129078399188,1.0,0.9999673932257813
combined_overall,0.029742747956761323,1.0,0.9999673932257813
combined_overall,0.029752441761773666,1.0,0.9999673932257813
combined_overall,0.02976967519290672,1.0,0.9999673932257813
combined_overall,0.029771829371798352,1.0,0.9999673932257813
combined_overall,0.029789062802931407,1.0,0.9999673932257813
combined_overall,0.029792294071268856,1.0,0.9999673932257813
combined_overall,0.02980952750240191,1.0,0.9999673932257813
combined_overall,0.029813835860185173,1.0,0.9999673932257813
combined_overall,0.02981491294963099,1.0,0.9999673932257813
combined_overall,0.029818144217968436,1.0,0.9999673932257813
combined_overall,0.029871998690259235,1.0,0.9999673932257813
combined_overall,0.029874152869150867,1.0,0.9999673932257813
combined_overall,0.029887077942500655,1.0,0.9999673932257813
combined_overall,0.02988923212139229,1.0,0.9999673932257813
combined_overall,0.029944163683128903,1.0,0.9999673932257813
combined_overall,0.029953857488141247,1.0,0.9999673932257813
combined_overall,0.029966782561491035,1.0,0.9999673932257813
combined_overall,0.02996893674038267,1.0,0.9999673932257813
combined_overall,0.030018482854890203,1.0,0.9999673932257813
combined_overall,0.030021714123227648,1.0,0.9999673932257813
combined_overall,0.030041101733252338,1.0,0.9999673932257813
combined_overall,0.03004325591214397,1.0,0.9999673932257813
combined_overall,0.030068028969397736,1.0,0.9999673932257813
combined_overall,0.030070183148289367,1.0,0.9999673932257813
combined_overall,0.030107881278892926,1.0,0.9999673932257813
combined_overall,0.030110035457784557,1.0,0.9999673932257813
combined_overall,0.03011111254723037,1.0,0.9999673932257813
combined_overall,0.03011757508390527,1.0,0.9999673932257813
combined_overall,0.03015204194617138,1.0,0.9999673932257813
combined_overall,0.03015419612506301,1.0,0.9999673932257813
combined_overall,0.0302683676063195,1.0,0.9999673932257813
combined_overall,0.030272675964102762,1.0,0.9999673932257813
combined_overall,0.03027913850077766,1.0,0.9999673932257813
combined_overall,0.03028129267966929,1.0,0.9999673932257813
combined_overall,0.03032437625750193,1.0,0.9999673932257813
combined_overall,0.03032653043639356,1.0,0.9999673932257813
combined_overall,0.030368536924780382,1.0,0.9999673932257813
combined_overall,0.030370691103672014,1.0,0.9999673932257813
combined_overall,0.030372845282563645,1.0,0.9999673932257813
combined_overall,0.030374999461455277,1.0,0.9999673932257813
combined_overall,0.030451472812108207,1.0,0.9999673932257813
combined_overall,0.030453626990999842,1.0,0.9999673932257813
combined_overall,0.030464397885458,1.0,0.9999673932257813
combined_overall,0.030468706243241262,1.0,0.9999673932257813
combined_overall,0.03053333160999022,1.0,0.9999673932257813
combined_overall,0.030535485788881853,1.0,0.9999673932257813
combined_overall,0.03054625668334001,1.0,0.9999673932257813
combined_overall,0.03056025884613562,1.0,0.9999673932257813
combined_overall,0.030571029740593777,1.0,0.9999673932257813
combined_overall,0.030573183919485408,1.0,0.9999673932257813
combined_overall,0.0305861089928352,1.0,0.9999673932257813
combined_overall,0.030590417350618463,1.0,0.9999673932257813
combined_overall,0.030597956976739175,1.0,0.9999673932257813
combined_overall,0.030603342423968255,1.0,0.9999673932257813
combined_overall,0.030610882050088967,1.0,0.9999673932257813
combined_overall,0.030613036228980598,1.0,0.9999673932257813
combined_overall,0.030627038391776207,1.0,0.9999673932257813
combined_overall,0.030630269660113653,1.0,0.9999673932257813
combined_overall,0.030632423839005288,1.0,0.9999673932257813
combined_overall,0.030641040554571813,1.0,0.9999673932257813
combined_overall,0.030666890701271397,1.0,0.9999673932257813
combined_overall,0.03067119905905466,1.0,0.9999673932257813
combined_overall,0.03068196995351282,1.0,0.9999673932257813
combined_overall,0.030684124132404452,1.0,0.9999673932257813
combined_overall,0.030689509579633532,1.0,0.9999673932257813
combined_overall,0.03069489502686261,1.0,0.9999673932257813
combined_overall,0.030720745173562193,1.0,0.9999673932257813
combined_overall,0.030722899352453825,1.0,0.9999673932257813
combined_overall,0.030778908003636255,1.0,0.9999673932257813
combined_overall,0.030781062182527887,1.0,0.9999673932257813
combined_overall,0.030789678898094412,1.0,0.9999673932257813
combined_overall,0.030791833076986044,1.0,0.9999673932257813
combined_overall,0.030849995907060106,1.0,0.9999673932257813
combined_overall,0.030853227175397555,1.0,0.9999673932257813
combined_overall,0.030902773289905087,1.0,0.9999673932257813
combined_overall,0.030927546347158854,1.0,0.9999673932257813
combined_overall,0.030951242314966803,1.0,0.9999673932257813
combined_overall,0.030953396493858434,1.0,0.9999673932257813
combined_overall,0.030962013209424964,1.0,0.9999673932257813
combined_overall,0.030964167388316595,1.0,0.9999673932257813
combined_overall,0.030966321567208226,1.0,0.9999673932257813
combined_overall,0.030969552835545675,1.0,0.9999673932257813
combined_overall,0.0309846320877871,1.0,0.9999673932257813
combined_overall,0.03098678626667873,1.0,0.9999673932257813
combined_overall,0.031007250966149234,1.0,0.9999673932257813
combined_overall,0.031009405145040865,1.0,0.9999673932257813
combined_overall,0.031043872007306975,1.0,0.9999673932257813
combined_overall,0.031047103275644423,1.0,0.9999673932257813
combined_overall,0.031083724316802164,1.0,0.9999673932257813
combined_overall,0.031085878495693796,1.0,0.9999673932257813
combined_overall,0.031093418121814508,1.0,0.9999673932257813
combined_overall,0.031096649390151956,1.0,0.9999673932257813
combined_overall,0.031114959910730825,1.0,0.9999673932257813
combined_overall,0.03111711408962246,1.0,0.9999673932257813
combined_overall,0.03113973296798459,1.0,0.9999673932257813
combined_overall,0.03114834968355112,1.0,0.9999673932257813
combined_overall,0.0311537351307802,1.0,0.9999673932257813
combined_overall,0.031162351846346727,1.0,0.9999673932257813
combined_overall,0.03117743109858815,1.0,0.9999673932257813
combined_overall,0.03117958527747978,1.0,0.9999673932257813
combined_overall,0.031248519002012004,1.0,0.9999673932257813
combined_overall,0.03125067318090363,1.0,0.9999673932257813
combined_overall,0.03127113788037414,1.0,0.9999673932257813
combined_overall,0.0312754462381574,1.0,0.9999673932257813
combined_overall,0.031335763247123095,1.0,0.9999673932257813
combined_overall,0.03133791742601472,1.0,0.9999673932257813
combined_overall,0.031379923914401545,1.0,0.9999673932257813
combined_overall,0.03138530936163063,1.0,0.9999673932257813
combined_overall,0.03138961771941389,1.0,0.9999673932257813
combined_overall,0.031391771898305526,1.0,0.9999673932257813
combined_overall,0.03141331368722184,1.0,0.9999673932257813
combined_overall,0.031425161671125815,1.0,0.9999673932257813
combined_overall,0.031439163833921424,1.0,0.9999673932257813
combined_overall,0.03144131801281306,1.0,0.9999673932257813
combined_overall,0.031484401590645694,1.0,0.9999673932257813
combined_overall,0.03148655576953732,1.0,0.9999673932257813
combined_overall,0.031537178973490676,1.0,0.9999673932257813
combined_overall,0.031539333152382304,1.0,0.9999673932257813
combined_overall,0.0315457956890572,1.0,0.9999673932257813
combined_overall,0.03154902695739465,1.0,0.9999673932257813
combined_overall,0.0315791854618775,1.0,0.9999673932257813
combined_overall,0.031581339640769125,1.0,0.9999673932257813
combined_overall,0.031584570909106574,1.0,0.9999673932257813
combined_overall,0.03162226903971013,1.0,0.9999673932257813
combined_overall,0.03162550030804758,1.0,0.9999673932257813
combined_overall,0.031664275528096954,1.0,0.9999673932257813
combined_overall,0.0316675067964344,1.0,0.9999673932257813
combined_overall,0.03172890089484591,1.0,0.9999673932257813
combined_overall,0.03173213216318336,1.0,0.9999673932257813
combined_overall,0.03173967178930407,1.0,0.9999673932257813
combined_overall,0.031741825968195705,1.0,0.9999673932257813
combined_overall,0.03177090738323273,1.0,0.9999673932257813
combined_overall,0.031773061562124366,1.0,0.9999673932257813
combined_overall,0.03181183678217374,1.0,0.9999673932257813
combined_overall,0.03181399096106537,1.0,0.9999673932257813
combined_overall,0.03182476185552353,1.0,0.9999673932257813
combined_overall,0.031827993123860976,1.0,0.9999673932257813
combined_overall,0.03186138289668127,1.0,0.9999673932257813
combined_overall,0.031865691254464534,1.0,0.9999673932257813
combined_overall,0.03189261849060993,1.0,0.9999673932257813
combined_overall,0.03189477266950157,1.0,0.9999673932257813
combined_overall,0.03191954572675533,1.0,0.9999673932257813
combined_overall,0.031921699905646965,1.0,0.9999673932257813
combined_overall,0.03194108751567165,1.0,0.9999673932257813
combined_overall,0.031943241694563286,1.0,0.9999673932257813
combined_overall,0.03196262930458797,1.0,0.9999673932257813
combined_overall,0.0319647834834796,1.0,0.9999673932257813
combined_overall,0.03198524818295011,1.0,0.9999673932257813
combined_overall,0.031987402361841735,1.0,0.9999673932257813
combined_overall,0.031988479451287556,1.0,0.9999673932257813
combined_overall,0.031990633630179184,1.0,0.9999673932257813
combined_overall,0.03201432959798713,1.0,0.9999673932257813
combined_overall,0.03201648377687877,1.0,0.9999673932257813
combined_overall,0.032032640118566005,1.0,0.9999673932257813
combined_overall,0.03203479429745764,1.0,0.9999673932257813
combined_overall,0.03204771937080743,1.0,0.9999673932257813
combined_overall,0.032049873549699064,1.0,0.9999673932257813
combined_overall,0.03208757168030262,1.0,0.9999673932257813
combined_overall,0.03208972585919425,1.0,0.9999673932257813
combined_overall,0.03209403421697751,1.0,0.9999673932257813
combined_overall,0.03209618839586915,1.0,0.9999673932257813
combined_overall,0.032123115632014546,1.0,0.9999673932257813
combined_overall,0.032125269810906174,1.0,0.9999673932257813
combined_overall,0.03218020137264279,1.0,0.9999673932257813
combined_overall,0.032182355551534425,1.0,0.9999673932257813
combined_overall,0.032195280624884214,1.0,0.9999673932257813
combined_overall,0.03219851189322166,1.0,0.9999673932257813
combined_overall,0.032199588982667476,1.0,0.9999673932257813
combined_overall,0.03220174316155911,1.0,0.9999673932257813
combined_overall,0.032206051519342374,1.0,0.9999673932257813
combined_overall,0.03220928278767982,1.0,0.9999673932257813
combined_overall,0.03222543912936706,1.0,0.9999673932257813
combined_overall,0.03222759330825869,1.0,0.9999673932257813
combined_overall,0.032282524869995305,1.0,0.9999673932257813
combined_overall,0.0322889874066702,1.0,0.9999673932257813
combined_overall,0.03229006449611602,1.0,0.9999673932257813
combined_overall,0.032292218675007645,1.0,0.9999673932257813
combined_overall,0.0323094521061407,1.0,0.9999673932257813
combined_overall,0.03231160628503234,1.0,0.9999673932257813
combined_overall,0.032334225163394466,1.0,0.9999673932257813
combined_overall,0.0323363793422861,1.0,0.9999673932257813
combined_overall,0.03234715023674426,1.0,0.9999673932257813
combined_overall,0.03234930441563589,1.0,0.9999673932257813
combined_overall,0.03238700254623945,1.0,0.9999673932257813
combined_overall,0.03238915672513108,1.0,0.9999673932257813
combined_overall,0.03243331739240954,1.0,0.9999673932257813
combined_overall,0.0324376257501928,1.0,0.9999673932257813
combined_overall,0.03250225111694176,1.0,0.9999673932257813
combined_overall,0.032504405295833386,1.0,0.9999673932257813
combined_overall,0.032528101263641335,1.0,0.9999673932257813
combined_overall,0.03253025544253297,1.0,0.9999673932257813
combined_overall,0.03254856596311184,1.0,0.9999673932257813
combined_overall,0.03255933685757,1.0,0.9999673932257813
combined_overall,0.03262719349265641,1.0,0.9999673932257813
combined_overall,0.032629347671548035,1.0,0.9999673932257813
combined_overall,0.03264765819212691,1.0,0.9999673932257813
combined_overall,0.03265196654991017,1.0,0.9999673932257813
combined_overall,0.03267566251771812,1.0,0.9999673932257813
combined_overall,0.032677816696609754,1.0,0.9999673932257813
combined_overall,0.032757521315600134,1.0,0.9999673932257813
combined_overall,0.03276075258393758,1.0,0.9999673932257813
combined_overall,0.0327822943728539,1.0,0.9999673932257813
combined_overall,0.03278444855174553,1.0,0.9999673932257813
combined_overall,0.03278660273063716,1.0,0.9999673932257813
combined_overall,0.032788756909528795,1.0,0.9999673932257813
combined_overall,0.032809221608999295,1.0,0.9999673932257813
combined_overall,0.03281137578789093,1.0,0.9999673932257813
combined_overall,0.0328630760812901,1.0,0.9999673932257813
combined_overall,0.032865230260181726,1.0,0.9999673932257813
combined_overall,0.03297078502587169,1.0,0.9999673932257813
combined_overall,0.03297509338365495,1.0,0.9999673932257813
combined_overall,0.03300632897758361,1.0,0.9999673932257813
combined_overall,0.03300848315647525,1.0,0.9999673932257813
combined_overall,0.03305156673430788,1.0,0.9999673932257813
combined_overall,0.03305372091319952,1.0,0.9999673932257813
combined_overall,0.03310218993826123,1.0,0.9999673932257813
combined_overall,0.033104344117152865,1.0,0.9999673932257813
combined_overall,0.03310972956438194,1.0,0.9999673932257813
combined_overall,0.033111883743273576,1.0,0.9999673932257813
combined_overall,0.03313450262163571,1.0,0.9999673932257813
combined_overall,0.03314204224775642,1.0,0.9999673932257813
combined_overall,0.03322390104563843,1.0,0.9999673932257813
combined_overall,0.033226055224530066,1.0,0.9999673932257813
combined_overall,0.03325190537122965,1.0,0.9999673932257813
combined_overall,0.03325405955012128,1.0,0.9999673932257813
combined_overall,0.03326159917624199,1.0,0.9999673932257813
combined_overall,0.033263753355133624,1.0,0.9999673932257813
combined_overall,0.033282063875712496,1.0,0.9999673932257813
combined_overall,0.033284218054604124,1.0,0.9999673932257813
combined_overall,0.033409160430318774,1.0,0.9999673932257813
combined_overall,0.03341131460921041,1.0,0.9999673932257813
combined_overall,0.03341454587754786,1.0,0.9999673932257813
combined_overall,0.033416700056439486,1.0,0.9999673932257813
combined_overall,0.033465169081501205,1.0,0.9999673932257813
combined_overall,0.03346947743928447,1.0,0.9999673932257813
combined_overall,0.03347378579706773,1.0,0.9999673932257813
combined_overall,0.033475939975959365,1.0,0.9999673932257813
combined_overall,0.033531948627141796,1.0,0.9999673932257813
combined_overall,0.033534102806033424,1.0,0.9999673932257813
combined_overall,0.033554567505503924,1.0,0.9999673932257813
combined_overall,0.03355672168439556,1.0,0.9999673932257813
combined_overall,0.03363858048227757,1.0,0.9999673932257813
combined_overall,0.0336407346611692,1.0,0.9999673932257813
combined_overall,0.03365150555562736,1.0,0.9999673932257813
combined_overall,0.033653659734519,1.0,0.9999673932257813
combined_overall,0.033655813913410625,1.0,0.9999673932257813
combined_overall,0.03365796809230226,1.0,0.9999673932257813
combined_overall,0.033663353539531336,1.0,0.9999673932257813
combined_overall,0.03366550771842297,1.0,0.9999673932257813
combined_overall,0.03371397674348468,1.0,0.9999673932257813
combined_overall,0.03371613092237632,1.0,0.9999673932257813
combined_overall,0.03371936219071377,1.0,0.9999673932257813
combined_overall,0.033721516369605395,1.0,0.9999673932257813
combined_overall,0.03375490614242569,1.0,0.9999673932257813
combined_overall,0.033757060321317325,1.0,0.9999673932257813
combined_overall,0.03377321666300456,1.0,0.9999673932257813
combined_overall,0.033777525020787826,1.0,0.9999673932257813
combined_overall,0.033788295915245986,1.0,0.9999673932257813
combined_overall,0.03379260427302925,1.0,0.9999673932257813
combined_overall,0.03379691263081251,1.0,0.9999673932257813
combined_overall,0.03379906680970415,1.0,0.9999673932257813
combined_overall,0.033913238290960636,1.0,0.9999673932257813
combined_overall,0.033915392469852264,1.0,0.9999673932257813
combined_overall,0.03394555097433511,1.0,0.9999673932257813
combined_overall,0.033947705153226745,1.0,0.9999673932257813
combined_overall,0.033958476047684906,1.0,0.9999673932257813
combined_overall,0.033960630226576534,1.0,0.9999673932257813
combined_overall,0.03401448469886733,1.0,0.9999673932257813
combined_overall,0.0340187930566506,1.0,0.9999673932257813
combined_overall,0.03402525559332549,1.0,0.9999673932257813
combined_overall,0.034048951561133446,1.0,0.9999673932257813
combined_overall,0.034051105740025074,1.0,0.9999673932257813
combined_overall,0.03409526640730353,1.0,0.9999673932257813
combined_overall,0.03409742058619516,1.0,0.9999673932257813
combined_overall,0.03414265834291943,1.0,0.9999673932257813
combined_overall,0.03414481252181106,1.0,0.9999673932257813
combined_overall,0.034221285872463994,1.0,0.9999673932257813
combined_overall,0.03422344005135562,1.0,0.9999673932257813
combined_overall,0.034242827661380315,1.0,0.9999673932257813
combined_overall,0.03424498184027194,1.0,0.9999673932257813
combined_overall,0.03430422175979182,1.0,0.9999673932257813
combined_overall,0.03430637593868345,1.0,0.9999673932257813
combined_overall,0.03432684063815396,1.0,0.9999673932257813
combined_overall,0.034328994817045586,1.0,0.9999673932257813
combined_overall,0.03433868862205793,1.0,0.9999673932257813
combined_overall,0.03434084280094956,1.0,0.9999673932257813
combined_overall,0.034352690784853535,1.0,0.9999673932257813
combined_overall,0.03435484496374517,1.0,0.9999673932257813
combined_overall,0.03437961802099893,1.0,0.9999673932257813
combined_overall,0.03438177219989057,1.0,0.9999673932257813
combined_overall,0.034439935029964626,1.0,0.9999673932257813
combined_overall,0.03444208920885626,1.0,0.9999673932257813
combined_overall,0.03447224771333911,1.0,0.9999673932257813
combined_overall,0.034475478981676556,1.0,0.9999673932257813
combined_overall,0.034512100022834294,1.0,0.9999673932257813
combined_overall,0.03451533129117174,1.0,0.9999673932257813
combined_overall,0.03458534210514978,1.0,0.9999673932257813
combined_overall,0.034588573373487225,1.0,0.9999673932257813
combined_overall,0.03467797179748995,1.0,0.9999673932257813
combined_overall,0.034682280155273214,1.0,0.9999673932257813
combined_overall,0.03476306186370941,1.0,0.9999673932257813
combined_overall,0.03476521604260104,1.0,0.9999673932257813
combined_overall,0.03479537454708389,1.0,0.9999673932257813
combined_overall,0.03479752872597552,1.0,0.9999673932257813
combined_overall,0.034811530888771126,1.0,0.9999673932257813
combined_overall,0.03481368506766276,1.0,0.9999673932257813
combined_overall,0.03483307267768745,1.0,0.9999673932257813
combined_overall,0.034835226856579075,1.0,0.9999673932257813
combined_overall,0.03484061230380816,1.0,0.9999673932257813
combined_overall,0.03484276648269979,1.0,0.9999673932257813
combined_overall,0.03486538536106192,1.0,0.9999673932257813
combined_overall,0.03486861662939937,1.0,0.9999673932257813
combined_overall,0.03504525929851319,1.0,0.9999673932257813
combined_overall,0.03504741347740482,1.0,0.9999673932257813
combined_overall,0.035075417802996035,1.0,0.9999673932257813
combined_overall,0.03507757198188766,1.0,0.9999673932257813
combined_overall,0.03511203884415377,1.0,0.9999673932257813
combined_overall,0.03511527011249122,1.0,0.9999673932257813
combined_overall,0.0351206555597203,1.0,0.9999673932257813
combined_overall,0.03512280973861193,1.0,0.9999673932257813
combined_overall,0.03520897689427721,1.0,0.9999673932257813
combined_overall,0.03521220816261466,1.0,0.9999673932257813
combined_overall,0.03530483785495483,1.0,0.9999673932257813
combined_overall,0.035311300391629726,1.0,0.9999673932257813
combined_overall,0.035355461058908175,1.0,0.9999673932257813
combined_overall,0.035358692327245624,1.0,0.9999673932257813
combined_overall,0.035380234116161945,1.0,0.9999673932257813
combined_overall,0.03538238829505357,1.0,0.9999673932257813
combined_overall,0.03541039262064479,1.0,0.9999673932257813
combined_overall,0.03541254679953642,1.0,0.9999673932257813
combined_overall,0.035477172166285376,1.0,0.9999673932257813
combined_overall,0.03547932634517701,1.0,0.9999673932257813
combined_overall,0.03548255761351446,1.0,0.9999673932257813
combined_overall,0.0354857888818519,1.0,0.9999673932257813
combined_overall,0.03552456410190128,1.0,0.9999673932257813
combined_overall,0.03552671828079291,1.0,0.9999673932257813
combined_overall,0.035549337159155044,1.0,0.9999673932257813
combined_overall,0.03555149133804668,1.0,0.9999673932257813
combined_overall,0.03558272693197534,1.0,0.9999673932257813
combined_overall,0.035584881110866974,1.0,0.9999673932257813
combined_overall,0.03561073125756655,1.0,0.9999673932257813
combined_overall,0.035612885436458186,1.0,0.9999673932257813
combined_overall,0.035622579241470526,1.0,0.9999673932257813
combined_overall,0.03562473342036216,1.0,0.9999673932257813
combined_overall,0.03567643371376133,1.0,0.9999673932257813
combined_overall,0.03568074207154459,1.0,0.9999673932257813
combined_overall,0.03568397333988204,1.0,0.9999673932257813
combined_overall,0.03571736311270233,1.0,0.9999673932257813
combined_overall,0.035719517291593963,1.0,0.9999673932257813
combined_overall,0.03576798631665568,1.0,0.9999673932257813
combined_overall,0.03577014049554731,1.0,0.9999673932257813
combined_overall,0.03577983430055966,1.0,0.9999673932257813
combined_overall,0.03578737392668037,1.0,0.9999673932257813
combined_overall,0.03584230548841698,1.0,0.9999673932257813
combined_overall,0.03584445966730861,1.0,0.9999673932257813
combined_overall,0.03591231630239502,1.0,0.9999673932257813
combined_overall,0.035914470481286646,1.0,0.9999673932257813
combined_overall,0.035955399880227654,1.0,0.9999673932257813
combined_overall,0.035959708238010916,1.0,0.9999673932257813
combined_overall,0.03597047913246908,1.0,0.9999673932257813
combined_overall,0.03597263331136071,1.0,0.9999673932257813
combined_overall,0.0359855583847105,1.0,0.9999673932257813
combined_overall,0.03598771256360213,1.0,0.9999673932257813
combined_overall,0.03599309801083121,1.0,0.9999673932257813
combined_overall,0.035997406368614475,1.0,0.9999673932257813
combined_overall,0.03606741718259251,1.0,0.9999673932257813
combined_overall,0.03606957136148414,1.0,0.9999673932257813
combined_overall,0.03607064845092996,1.0,0.9999673932257813
combined_overall,0.03607280262982159,1.0,0.9999673932257813
combined_overall,0.03609542150818373,1.0,0.9999673932257813
combined_overall,0.03609972986596699,1.0,0.9999673932257813
combined_overall,0.03614496762269126,1.0,0.9999673932257813
combined_overall,0.03614819889102871,1.0,0.9999673932257813
combined_overall,0.03617189485883666,1.0,0.9999673932257813
combined_overall,0.03617404903772829,1.0,0.9999673932257813
combined_overall,0.036178357395511555,1.0,0.9999673932257813
combined_overall,0.03623436604669398,1.0,0.9999673932257813
combined_overall,0.036236520225585614,1.0,0.9999673932257813
combined_overall,0.036256984925056114,1.0,0.9999673932257813
combined_overall,0.03625913910394775,1.0,0.9999673932257813
combined_overall,0.03634099790182976,1.0,0.9999673932257813
combined_overall,0.03634315208072139,1.0,0.9999673932257813
combined_overall,0.03635176879628792,1.0,0.9999673932257813
combined_overall,0.03635392297517955,1.0,0.9999673932257813
combined_overall,0.0363711564063126,1.0,0.9999673932257813
combined_overall,0.03637438767465005,1.0,0.9999673932257813
combined_overall,0.036375464764095866,1.0,0.9999673932257813
combined_overall,0.03638085021132495,1.0,0.9999673932257813
combined_overall,0.03638300439021658,1.0,0.9999673932257813
combined_overall,0.036389466926891476,1.0,0.9999673932257813
combined_overall,0.03639916073190382,1.0,0.9999673932257813
combined_overall,0.03640131491079545,1.0,0.9999673932257813
combined_overall,0.036423933789157585,1.0,0.9999673932257813
combined_overall,0.03643039632583248,1.0,0.9999673932257813
combined_overall,0.036445475578073906,1.0,0.9999673932257813
combined_overall,0.036447629756965534,1.0,0.9999673932257813
combined_overall,0.0365262572865101,1.0,0.9999673932257813
combined_overall,0.036528411465401735,1.0,0.9999673932257813
combined_overall,0.03654349071764316,1.0,0.9999673932257813
combined_overall,0.036545644896534786,1.0,0.9999673932257813
combined_overall,0.03661673279995864,1.0,0.9999673932257813
combined_overall,0.03662211824718772,1.0,0.9999673932257813
combined_overall,0.036652276751670564,1.0,0.9999673932257813
combined_overall,0.0366544309305622,1.0,0.9999673932257813
combined_overall,0.03668351234559923,1.0,0.9999673932257813
combined_overall,0.03668674361393667,1.0,0.9999673932257813
combined_overall,0.03671367085008207,1.0,0.9999673932257813
combined_overall,0.036715825028973706,1.0,0.9999673932257813
combined_overall,0.036750291891239815,1.0,0.9999673932257813
combined_overall,0.03675244607013145,1.0,0.9999673932257813
combined_overall,0.03688169680362936,1.0,0.9999673932257813
combined_overall,0.03688385098252099,1.0,0.9999673932257813
combined_overall,0.03706049365163481,1.0,0.9999673932257813
combined_overall,0.037062647830526436,1.0,0.9999673932257813
combined_overall,0.037211286174049035,1.0,0.9999673932257813
combined_overall,0.0372155945318323,1.0,0.9999673932257813
combined_overall,0.03733515146031787,1.0,0.9999673932257813
combined_overall,0.037337305639209506,1.0,0.9999673932257813
combined_overall,0.03734053690754695,1.0,0.9999673932257813
combined_overall,0.03735238489145092,1.0,0.9999673932257813
combined_overall,0.03735453907034256,1.0,0.9999673932257813
combined_overall,0.037371772501475616,1.0,0.9999673932257813
combined_overall,0.03737392668036724,1.0,0.9999673932257813
combined_overall,0.03738038921704214,1.0,0.9999673932257813
combined_overall,0.037384697574825404,1.0,0.9999673932257813
combined_overall,0.037437474957670386,1.0,0.9999673932257813
combined_overall,0.037439629136562014,1.0,0.9999673932257813
combined_overall,0.03745255420991181,1.0,0.9999673932257813
combined_overall,0.03745470838880344,1.0,0.9999673932257813
combined_overall,0.03748055853550302,1.0,0.9999673932257813
combined_overall,0.037482712714394656,1.0,0.9999673932257813
combined_overall,0.03750210032441934,1.0,0.9999673932257813
combined_overall,0.03750533159275679,1.0,0.9999673932257813
combined_overall,0.037530104650010554,1.0,0.9999673932257813
combined_overall,0.03753225882890219,1.0,0.9999673932257813
combined_overall,0.03753441300779382,1.0,0.9999673932257813
combined_overall,0.03753656718668545,1.0,0.9999673932257813
combined_overall,0.037548415170589426,1.0,0.9999673932257813
combined_overall,0.037551646438926875,1.0,0.9999673932257813
combined_overall,0.03763027396847144,1.0,0.9999673932257813
combined_overall,0.03763242814736307,1.0,0.9999673932257813
combined_overall,0.0376819742618706,1.0,0.9999673932257813
combined_overall,0.037684128440762237,1.0,0.9999673932257813
combined_overall,0.03769597642466621,1.0,0.9999673932257813
combined_overall,0.03769813060355784,1.0,0.9999673932257813
combined_overall,0.037776758133102405,1.0,0.9999673932257813
combined_overall,0.03777891231199404,1.0,0.9999673932257813
combined_overall,0.03780260827980199,1.0,0.9999673932257813
combined_overall,0.03780691663758525,1.0,0.9999673932257813
combined_overall,0.037818764621489226,1.0,0.9999673932257813
combined_overall,0.03782091880038086,1.0,0.9999673932257813
combined_overall,0.03786938782544257,1.0,0.9999673932257813
combined_overall,0.03787154200433421,1.0,0.9999673932257813
combined_overall,0.037884467077683996,1.0,0.9999673932257813
combined_overall,0.03788662125657563,1.0,0.9999673932257813
combined_overall,0.037888775435467266,1.0,0.9999673932257813
combined_overall,0.037890929614358894,1.0,0.9999673932257813
combined_overall,0.03792108811884174,1.0,0.9999673932257813
combined_overall,0.037923242297733376,1.0,0.9999673932257813
combined_overall,0.0379523237127704,1.0,0.9999673932257813
combined_overall,0.037954477891662036,1.0,0.9999673932257813
combined_overall,0.03796201751778275,1.0,0.9999673932257813
combined_overall,0.03796632587556601,1.0,0.9999673932257813
combined_overall,0.037978173859469985,1.0,0.9999673932257813
combined_overall,0.03798032803836162,1.0,0.9999673932257813
combined_overall,0.037992176022265595,1.0,0.9999673932257813
combined_overall,0.03800079273783212,1.0,0.9999673932257813
combined_overall,0.03802556579508589,1.0,0.9999673932257813
combined_overall,0.03802771997397752,1.0,0.9999673932257813
combined_overall,0.03806326392568944,1.0,0.9999673932257813
combined_overall,0.03806541810458108,1.0,0.9999673932257813
combined_overall,0.03807080355181015,1.0,0.9999673932257813
combined_overall,0.03807511190959342,1.0,0.9999673932257813
combined_overall,0.038078343177930865,1.0,0.9999673932257813
combined_overall,0.0381752812280543,1.0,0.9999673932257813
combined_overall,0.0381817437647292,1.0,0.9999673932257813
combined_overall,0.038186052122512464,1.0,0.9999673932257813
combined_overall,0.03818820630140409,1.0,0.9999673932257813
combined_overall,0.0381957459275248,1.0,0.9999673932257813
combined_overall,0.03819790010641644,1.0,0.9999673932257813
combined_overall,0.03825390875759887,1.0,0.9999673932257813
combined_overall,0.038270065099286106,1.0,0.9999673932257813
combined_overall,0.038279758904298446,1.0,0.9999673932257813
combined_overall,0.03828191308319008,1.0,0.9999673932257813
combined_overall,0.03830237778266058,1.0,0.9999673932257813
combined_overall,0.038304531961552216,1.0,0.9999673932257813
combined_overall,0.038307763229889664,1.0,0.9999673932257813
combined_overall,0.03830991740878129,1.0,0.9999673932257813
combined_overall,0.038318534124347825,1.0,0.9999673932257813
combined_overall,0.03832068830323945,1.0,0.9999673932257813
combined_overall,0.0383239195715769,1.0,0.9999673932257813
combined_overall,0.038328227929360165,1.0,0.9999673932257813
combined_overall,0.0383303821082518,1.0,0.9999673932257813
combined_overall,0.038363771881072095,1.0,0.9999673932257813
combined_overall,0.03836808023885536,1.0,0.9999673932257813
combined_overall,0.0383713115071928,1.0,0.9999673932257813
combined_overall,0.03837992822275933,1.0,0.9999673932257813
combined_overall,0.03838208240165096,1.0,0.9999673932257813
combined_overall,0.03838639075943422,1.0,0.9999673932257813
combined_overall,0.038393930385554935,1.0,0.9999673932257813
combined_overall,0.03839608456444657,1.0,0.9999673932257813
combined_overall,0.03840147001167565,1.0,0.9999673932257813
combined_overall,0.03842839724782105,1.0,0.9999673932257813
combined_overall,0.03843055142671268,1.0,0.9999673932257813
combined_overall,0.03849086843567837,1.0,0.9999673932257813
combined_overall,0.03849302261457001,1.0,0.9999673932257813
combined_overall,0.03850487059847398,1.0,0.9999673932257813
combined_overall,0.038509178956257245,1.0,0.9999673932257813
combined_overall,0.03857595850189783,1.0,0.9999673932257813
combined_overall,0.038578112680789464,1.0,0.9999673932257813
combined_overall,0.03869120707260014,1.0,0.9999673932257813
combined_overall,0.03869336125149177,1.0,0.9999673932257813
combined_overall,0.03869443834093758,1.0,0.9999673932257813
combined_overall,0.03869766960927503,1.0,0.9999673932257813
combined_overall,0.03870520923539574,1.0,0.9999673932257813
combined_overall,0.03870736341428738,1.0,0.9999673932257813
combined_overall,0.03872459684542043,1.0,0.9999673932257813
combined_overall,0.0387289052032037,1.0,0.9999673932257813
combined_overall,0.038731059382095326,1.0,0.9999673932257813
combined_overall,0.03879783892773592,1.0,0.9999673932257813
combined_overall,0.038799993106627545,1.0,0.9999673932257813
combined_overall,0.03881938071665223,1.0,0.9999673932257813
combined_overall,0.038821534895543866,1.0,0.9999673932257813
combined_overall,0.038824766163881315,1.0,0.9999673932257813
combined_overall,0.03882692034277294,1.0,0.9999673932257813
combined_overall,0.03884630795279763,1.0,0.9999673932257813
combined_overall,0.0388506163105809,1.0,0.9999673932257813
combined_overall,0.03889908533564261,1.0,0.9999673932257813
combined_overall,0.038901239514534246,1.0,0.9999673932257813
combined_overall,0.038935706376800355,1.0,0.9999673932257813
combined_overall,0.038949708539595965,1.0,0.9999673932257813
combined_overall,0.038980944133524625,1.0,0.9999673932257813
combined_overall,0.03898525249130789,1.0,0.9999673932257813
combined_overall,0.03902187353246563,1.0,0.9999673932257813
combined_overall,0.03902402771135726,1.0,0.9999673932257813
combined_overall,0.03907572800475643,1.0,0.9999673932257813
combined_overall,0.039077882183648056,1.0,0.9999673932257813
combined_overall,0.03909619270422693,1.0,0.9999673932257813
combined_overall,0.039098346883118563,1.0,0.9999673932257813
combined_overall,0.03911773449314325,1.0,0.9999673932257813
combined_overall,0.03911988867203488,1.0,0.9999673932257813
combined_overall,0.039123119940372326,1.0,0.9999673932257813
combined_overall,0.03913281374538467,1.0,0.9999673932257813
combined_overall,0.03926098738943677,1.0,0.9999673932257813
combined_overall,0.0392631415683284,1.0,0.9999673932257813
combined_overall,0.03927929791001564,1.0,0.9999673932257813
combined_overall,0.039285760446690535,1.0,0.9999673932257813
combined_overall,0.03931376477228175,1.0,0.9999673932257813
combined_overall,0.03931591895117338,1.0,0.9999673932257813
combined_overall,0.03932992111396899,1.0,0.9999673932257813
combined_overall,0.03933530656119807,1.0,0.9999673932257813
combined_overall,0.039354694171222754,1.0,0.9999673932257813
combined_overall,0.03935684835011439,1.0,0.9999673932257813
combined_overall,0.03936007961845184,1.0,0.9999673932257813
combined_overall,0.039362233797343466,1.0,0.9999673932257813
combined_overall,0.0393643879762351,1.0,0.9999673932257813
combined_overall,0.03936761924457255,1.0,0.9999673932257813
combined_overall,0.03939562357016376,1.0,0.9999673932257813
combined_overall,0.03939885483850121,1.0,0.9999673932257813
combined_overall,0.039399931927947024,1.0,0.9999673932257813
combined_overall,0.03940639446462192,1.0,0.9999673932257813
combined_overall,0.03944947804245456,1.0,0.9999673932257813
combined_overall,0.03945163222134619,1.0,0.9999673932257813
combined_overall,0.039466711473587615,1.0,0.9999673932257813
combined_overall,0.03946886565247924,1.0,0.9999673932257813
combined_overall,0.03950333251474535,1.0,0.9999673932257813
combined_overall,0.03950548669363699,1.0,0.9999673932257813
combined_overall,0.03953133684033657,1.0,0.9999673932257813
combined_overall,0.03953456810867401,1.0,0.9999673932257813
combined_overall,0.03957442041816921,1.0,0.9999673932257813
combined_overall,0.039577651686506655,1.0,0.9999673932257813
combined_overall,0.03968643772053406,1.0,0.9999673932257813
combined_overall,0.039688591899425696,1.0,0.9999673932257813
combined_overall,0.03969828570443804,1.0,0.9999673932257813
combined_overall,0.03970043988332967,1.0,0.9999673932257813
combined_overall,0.03972413585113762,1.0,0.9999673932257813
combined_overall,0.039726290030029254,1.0,0.9999673932257813
combined_overall,0.039733829656149966,1.0,0.9999673932257813
combined_overall,0.039735983835041594,1.0,0.9999673932257813
combined_overall,0.03974567764005394,1.0,0.9999673932257813
combined_overall,0.039754294355620466,1.0,0.9999673932257813
combined_overall,0.0397564485345121,1.0,0.9999673932257813
combined_overall,0.03976614233952444,1.0,0.9999673932257813
combined_overall,0.039768296518416076,1.0,0.9999673932257813
combined_overall,0.03977368196564515,1.0,0.9999673932257813
combined_overall,0.03978014450232005,1.0,0.9999673932257813
combined_overall,0.0397833757706575,1.0,0.9999673932257813
combined_overall,0.03982969061682758,1.0,0.9999673932257813
combined_overall,0.03983184479571922,1.0,0.9999673932257813
combined_overall,0.03983507606405667,1.0,0.9999673932257813
combined_overall,0.039840461511285744,1.0,0.9999673932257813
combined_overall,0.039907241056926335,1.0,0.9999673932257813
combined_overall,0.03991047232526378,1.0,0.9999673932257813
combined_overall,0.03993524538251755,1.0,0.9999673932257813
combined_overall,0.039938476650854995,1.0,0.9999673932257813
combined_overall,0.03994709336642152,1.0,0.9999673932257813
combined_overall,0.039949247545313156,1.0,0.9999673932257813
combined_overall,0.03999879365982069,1.0,0.9999673932257813
combined_overall,0.04000094783871232,1.0,0.9999673932257813
combined_overall,0.04001602709095374,1.0,0.9999673932257813
combined_overall,0.040018181269845375,1.0,0.9999673932257813
combined_overall,0.04002248962762864,1.0,0.9999673932257813
combined_overall,0.04014743200334329,1.0,0.9999673932257813
combined_overall,0.040149586182234916,1.0,0.9999673932257813
combined_overall,0.040166819613367974,1.0,0.9999673932257813
combined_overall,0.0401689737922596,1.0,0.9999673932257813
combined_overall,0.04019266976006756,1.0,0.9999673932257813
combined_overall,0.04019697811785082,1.0,0.9999673932257813
combined_overall,0.040243292964020905,1.0,0.9999673932257813
combined_overall,0.040252986769033244,1.0,0.9999673932257813
combined_overall,0.04027345146850375,1.0,0.9999673932257813
combined_overall,0.040277759826287014,1.0,0.9999673932257813
combined_overall,0.04033484556691526,1.0,0.9999673932257813
combined_overall,0.040336999745806894,1.0,0.9999673932257813
combined_overall,0.040344539371927605,1.0,0.9999673932257813
combined_overall,0.04034669355081923,1.0,0.9999673932257813
combined_overall,0.040351001908602496,1.0,0.9999673932257813
combined_overall,0.04035531026638576,1.0,0.9999673932257813
combined_overall,0.040357464445277394,1.0,0.9999673932257813
combined_overall,0.04035961862416903,1.0,0.9999673932257813
combined_overall,0.04036177280306066,1.0,0.9999673932257813
combined_overall,0.040371466608073,1.0,0.9999673932257813
combined_overall,0.04038116041308534,1.0,0.9999673932257813
combined_overall,0.04041131891756819,1.0,0.9999673932257813
combined_overall,0.04041455018590564,1.0,0.9999673932257813
combined_overall,0.04041562727535145,1.0,0.9999673932257813
combined_overall,0.04041778145424309,1.0,0.9999673932257813
combined_overall,0.040419935633134715,1.0,0.9999673932257813
combined_overall,0.0404253210803638,1.0,0.9999673932257813
combined_overall,0.040455479584846646,1.0,0.9999673932257813
combined_overall,0.04046409630041317,1.0,0.9999673932257813
combined_overall,0.04046948174764225,1.0,0.9999673932257813
combined_overall,0.0404727130159797,1.0,0.9999673932257813
combined_overall,0.04048779226822112,1.0,0.9999673932257813
combined_overall,0.04049102353655857,1.0,0.9999673932257813
combined_overall,0.0405674968872115,1.0,0.9999673932257813
combined_overall,0.040569651066103135,1.0,0.9999673932257813
combined_overall,0.040614888822827405,1.0,0.9999673932257813
combined_overall,0.04061704300171903,1.0,0.9999673932257813
combined_overall,0.04062242844894812,1.0,0.9999673932257813
combined_overall,0.040624582627839745,1.0,0.9999673932257813
combined_overall,0.040666589116226566,1.0,0.9999673932257813
combined_overall,0.04068274545791381,1.0,0.9999673932257813
combined_overall,0.040683822547359624,1.0,0.9999673932257813
combined_overall,0.04068705381569707,1.0,0.9999673932257813
combined_overall,0.04073767701965042,1.0,0.9999673932257813
combined_overall,0.04074413955632532,1.0,0.9999673932257813
combined_overall,0.04076568134524163,1.0,0.9999673932257813
combined_overall,0.04076783552413327,1.0,0.9999673932257813
combined_overall,0.04078506895526632,1.0,0.9999673932257813
combined_overall,0.04078830022360377,1.0,0.9999673932257813
combined_overall,0.04079260858138703,1.0,0.9999673932257813
combined_overall,0.040794762760278665,1.0,0.9999673932257813
combined_overall,0.0407969169391703,1.0,0.9999673932257813
combined_overall,0.04079907111806193,1.0,0.9999673932257813
combined_overall,0.04081307328085754,1.0,0.9999673932257813
combined_overall,0.040815227459749165,1.0,0.9999673932257813
combined_overall,0.04083138380143641,1.0,0.9999673932257813
combined_overall,0.04083353798032804,1.0,0.9999673932257813
combined_overall,0.040850771411461095,1.0,0.9999673932257813
combined_overall,0.040854002679798544,1.0,0.9999673932257813
combined_overall,0.04091539677821005,1.0,0.9999673932257813
combined_overall,0.04091755095710168,1.0,0.9999673932257813
combined_overall,0.040919705135993314,1.0,0.9999673932257813
combined_overall,0.04092185931488494,1.0,0.9999673932257813
combined_overall,0.0409326302093431,1.0,0.9999673932257813
combined_overall,0.04093478438823474,1.0,0.9999673932257813
combined_overall,0.0409595574454885,1.0,0.9999673932257813
combined_overall,0.040963865803271764,1.0,0.9999673932257813
combined_overall,0.0409660199821634,1.0,0.9999673932257813
combined_overall,0.04096817416105503,1.0,0.9999673932257813
combined_overall,0.040999409754983694,1.0,0.9999673932257813
combined_overall,0.04100156393387532,1.0,0.9999673932257813
combined_overall,0.04100587229165859,1.0,0.9999673932257813
combined_overall,0.04100802647055022,1.0,0.9999673932257813
combined_overall,0.04102202863334583,1.0,0.9999673932257813
combined_overall,0.04104572460115378,1.0,0.9999673932257813
combined_overall,0.04106834347951591,1.0,0.9999673932257813
combined_overall,0.041072651837299176,1.0,0.9999673932257813
combined_overall,0.041110349967902735,1.0,0.9999673932257813
combined_overall,0.04111250414679437,1.0,0.9999673932257813
combined_overall,0.04114050847238558,1.0,0.9999673932257813
combined_overall,0.04114373974072303,1.0,0.9999673932257813
combined_overall,0.04123421525417157,1.0,0.9999673932257813
combined_overall,0.041246063238075545,1.0,0.9999673932257813
combined_overall,0.04127191338477512,1.0,0.9999673932257813
combined_overall,0.04127406756366676,1.0,0.9999673932257813
combined_overall,0.04132145949928266,1.0,0.9999673932257813
combined_overall,0.04132361367817429,1.0,0.9999673932257813
combined_overall,0.04136562016656111,1.0,0.9999673932257813
combined_overall,0.041367774345452746,1.0,0.9999673932257813
combined_overall,0.04141408919162283,1.0,0.9999673932257813
combined_overall,0.04141732045996028,1.0,0.9999673932257813
combined_overall,0.04142378299663517,1.0,0.9999673932257813
combined_overall,0.04142701426497262,1.0,0.9999673932257813
combined_overall,0.04143886224887659,1.0,0.9999673932257813
combined_overall,0.04144209351721404,1.0,0.9999673932257813
combined_overall,0.04147548329003434,1.0,0.9999673932257813
combined_overall,0.04147763746892597,1.0,0.9999673932257813
combined_overall,0.04150025634728811,1.0,0.9999673932257813
combined_overall,0.041502410526179735,1.0,0.9999673932257813
combined_overall,0.04151210433119208,1.0,0.9999673932257813
combined_overall,0.04151748977842116,1.0,0.9999673932257813
combined_overall,0.04153795447789166,1.0,0.9999673932257813
combined_overall,0.04154226283567493,1.0,0.9999673932257813
combined_overall,0.04155949626680798,1.0,0.9999673932257813
combined_overall,0.041561650445699615,1.0,0.9999673932257813
combined_overall,0.04156380462459124,1.0,0.9999673932257813
combined_overall,0.04156703589292869,1.0,0.9999673932257813
combined_overall,0.041572421340157775,1.0,0.9999673932257813
combined_overall,0.04157672969794104,1.0,0.9999673932257813
combined_overall,0.04161011947076133,1.0,0.9999673932257813
combined_overall,0.04161227364965296,1.0,0.9999673932257813
combined_overall,0.041624121633556936,1.0,0.9999673932257813
combined_overall,0.04162627581244857,1.0,0.9999673932257813
combined_overall,0.04167043647972702,1.0,0.9999673932257813
combined_overall,0.04167366774806447,1.0,0.9999673932257813
combined_overall,0.041735061846475976,1.0,0.9999673932257813
combined_overall,0.04173721602536761,1.0,0.9999673932257813
combined_overall,0.04181045810768309,1.0,0.9999673932257813
combined_overall,0.04181261228657473,1.0,0.9999673932257813
combined_overall,0.041828768628261966,1.0,0.9999673932257813
combined_overall,0.04185354168551573,1.0,0.9999673932257813
combined_overall,0.04191708996281887,1.0,0.9999673932257813
combined_overall,0.041919244141710506,1.0,0.9999673932257813
combined_overall,0.04193109212561448,1.0,0.9999673932257813
combined_overall,0.04193432339395193,1.0,0.9999673932257813
combined_overall,0.041984946597905276,1.0,0.9999673932257813
combined_overall,0.041988177866242725,1.0,0.9999673932257813
combined_overall,0.04199033204513435,1.0,0.9999673932257813
combined_overall,0.04199248622402599,1.0,0.9999673932257813
combined_overall,0.04201618219183394,1.0,0.9999673932257813
combined_overall,0.04201833637072557,1.0,0.9999673932257813
combined_overall,0.042085115916366156,1.0,0.9999673932257813
combined_overall,0.04209050136359524,1.0,0.9999673932257813
combined_overall,0.042123891136415535,1.0,0.9999673932257813
combined_overall,0.04212712240475298,1.0,0.9999673932257813
combined_overall,0.04213897038865696,1.0,0.9999673932257813
combined_overall,0.04214112456754859,1.0,0.9999673932257813
combined_overall,0.0421422016569944,1.0,0.9999673932257813
combined_overall,0.0421486641936693,1.0,0.9999673932257813
combined_overall,0.04233715484668709,1.0,0.9999673932257813
combined_overall,0.04233930902557872,1.0,0.9999673932257813
combined_overall,0.04238131551396554,1.0,0.9999673932257813
combined_overall,0.042383469692857174,1.0,0.9999673932257813
combined_overall,0.04240608857121931,1.0,0.9999673932257813
combined_overall,0.04240931983955676,1.0,0.9999673932257813
combined_overall,0.04241362819734002,1.0,0.9999673932257813
combined_overall,0.04241578237623165,1.0,0.9999673932257813
combined_overall,0.04255149564640446,1.0,0.9999673932257813
combined_overall,0.042553649825296094,1.0,0.9999673932257813
combined_overall,0.04255688109363354,1.0,0.9999673932257813
combined_overall,0.04255903527252517,1.0,0.9999673932257813
combined_overall,0.04259996467146618,1.0,0.9999673932257813
combined_overall,0.042602118850357806,1.0,0.9999673932257813
combined_overall,0.042699056900481244,1.0,0.9999673932257813
combined_overall,0.04270121107937287,1.0,0.9999673932257813
combined_overall,0.042706596526601956,1.0,0.9999673932257813
combined_overall,0.042708750705493584,1.0,0.9999673932257813
combined_overall,0.042727061226072456,1.0,0.9999673932257813
combined_overall,0.04272921540496409,1.0,0.9999673932257813
combined_overall,0.04274968010443459,1.0,0.9999673932257813
combined_overall,0.042751834283326226,1.0,0.9999673932257813
combined_overall,0.04278306987725489,1.0,0.9999673932257813
combined_overall,0.04278522405614652,1.0,0.9999673932257813
combined_overall,0.04285738904901619,1.0,0.9999673932257813
combined_overall,0.04285954322790782,1.0,0.9999673932257813
combined_overall,0.042897241358511376,1.0,0.9999673932257813
combined_overall,0.04289939553740301,1.0,0.9999673932257813
combined_overall,0.042900472626848825,1.0,0.9999673932257813
combined_overall,0.04290262680574045,1.0,0.9999673932257813
combined_overall,0.0429187831474277,1.0,0.9999673932257813
combined_overall,0.042920937326319325,1.0,0.9999673932257813
combined_overall,0.042955404188585435,1.0,0.9999673932257813
combined_overall,0.0429597125463687,1.0,0.9999673932257813
combined_overall,0.04296078963581452,1.0,0.9999673932257813
combined_overall,0.042962943814706146,1.0,0.9999673932257813
combined_overall,0.04298233142473083,1.0,0.9999673932257813
combined_overall,0.04298448560362247,1.0,0.9999673932257813
combined_overall,0.043025415002563475,1.0,0.9999673932257813
combined_overall,0.0430275691814551,1.0,0.9999673932257813
combined_overall,0.043077115295962635,1.0,0.9999673932257813
combined_overall,0.04307926947485427,1.0,0.9999673932257813
combined_overall,0.04309219454820406,1.0,0.9999673932257813
combined_overall,0.043094348727095694,1.0,0.9999673932257813
combined_overall,0.04309865708487896,1.0,0.9999673932257813
combined_overall,0.04310081126377059,1.0,0.9999673932257813
combined_overall,0.0431288155893618,1.0,0.9999673932257813
combined_overall,0.04313096976825344,1.0,0.9999673932257813
combined_overall,0.043147126109940676,1.0,0.9999673932257813
combined_overall,0.043149280288832303,1.0,0.9999673932257813
combined_overall,0.043181592972206785,1.0,0.9999673932257813
combined_overall,0.043184824240544234,1.0,0.9999673932257813
combined_overall,0.04319990349278566,1.0,0.9999673932257813
combined_overall,0.043202057671677285,1.0,0.9999673932257813
combined_overall,0.04320744311890637,1.0,0.9999673932257813
combined_overall,0.043209597297798,1.0,0.9999673932257813
combined_overall,0.04337116071467039,1.0,0.9999673932257813
combined_overall,0.0433787003407911,1.0,0.9999673932257813
combined_overall,0.04342286100806955,1.0,0.9999673932257813
combined_overall,0.04342501518696119,1.0,0.9999673932257813
combined_overall,0.043426092276407,1.0,0.9999673932257813
combined_overall,0.043428246455298636,1.0,0.9999673932257813
combined_overall,0.04352195323708462,1.0,0.9999673932257813
combined_overall,0.04352410741597625,1.0,0.9999673932257813
combined_overall,0.043548880473230016,1.0,0.9999673932257813
combined_overall,0.04355103465212165,1.0,0.9999673932257813
combined_overall,0.043576884798821235,1.0,0.9999673932257813
combined_overall,0.04357903897771286,1.0,0.9999673932257813
combined_overall,0.043586578603833574,1.0,0.9999673932257813
combined_overall,0.04358873278272521,1.0,0.9999673932257813
combined_overall,0.04359196405106266,1.0,0.9999673932257813
combined_overall,0.043594118229954286,1.0,0.9999673932257813
combined_overall,0.04364043307612438,1.0,0.9999673932257813
combined_overall,0.043642587255016005,1.0,0.9999673932257813
combined_overall,0.04365012688113672,1.0,0.9999673932257813
combined_overall,0.04365228106002835,1.0,0.9999673932257813
combined_overall,0.04385908223362501,1.0,0.9999673932257813
combined_overall,0.04386339059140827,1.0,0.9999673932257813
combined_overall,0.04392801595815723,1.0,0.9999673932257813
combined_overall,0.04393124722649468,1.0,0.9999673932257813
combined_overall,0.04396786826765242,1.0,0.9999673932257813
combined_overall,0.043972176625435684,1.0,0.9999673932257813
combined_overall,0.043993718414352,1.0,0.9999673932257813
combined_overall,0.04399587259324363,1.0,0.9999673932257813
combined_overall,0.044017414382159954,1.0,0.9999673932257813
combined_overall,0.04401956856105158,1.0,0.9999673932257813
combined_overall,0.04402603109772648,1.0,0.9999673932257813
combined_overall,0.044028185276618115,1.0,0.9999673932257813
combined_overall,0.04405295833387188,1.0,0.9999673932257813
combined_overall,0.044058343781100955,1.0,0.9999673932257813
combined_overall,0.04408527101724636,1.0,0.9999673932257813
combined_overall,0.04408742519613799,1.0,0.9999673932257813
combined_overall,0.04409927318004196,1.0,0.9999673932257813
combined_overall,0.0441014273589336,1.0,0.9999673932257813
combined_overall,0.04412943168452481,1.0,0.9999673932257813
combined_overall,0.04413158586341644,1.0,0.9999673932257813
combined_overall,0.044170361083465816,1.0,0.9999673932257813
combined_overall,0.04417466944124908,1.0,0.9999673932257813
combined_overall,0.04418544033570724,1.0,0.9999673932257813
combined_overall,0.0441897486934905,1.0,0.9999673932257813
combined_overall,0.04423283227132314,1.0,0.9999673932257813
combined_overall,0.0442371406291064,1.0,0.9999673932257813
combined_overall,0.04426729913358925,1.0,0.9999673932257813
combined_overall,0.04427160749137252,1.0,0.9999673932257813
combined_overall,0.04434808084202545,1.0,0.9999673932257813
combined_overall,0.044350235020917075,1.0,0.9999673932257813
combined_overall,0.044409474940436955,1.0,0.9999673932257813
combined_overall,0.04441809165600348,1.0,0.9999673932257813
combined_overall,0.04445040433937796,1.0,0.9999673932257813
combined_overall,0.044454712697161225,1.0,0.9999673932257813
combined_overall,0.04447410030718591,1.0,0.9999673932257813
combined_overall,0.04447625448607754,1.0,0.9999673932257813
combined_overall,0.044478408664969174,1.0,0.9999673932257813
combined_overall,0.04448056284386081,1.0,0.9999673932257813
combined_overall,0.04453657149504323,1.0,0.9999673932257813
combined_overall,0.04453980276338068,1.0,0.9999673932257813
combined_overall,0.04455057365783884,1.0,0.9999673932257813
combined_overall,0.04455380492617629,1.0,0.9999673932257813
combined_overall,0.044561344552297,1.0,0.9999673932257813
combined_overall,0.04456349873118863,1.0,0.9999673932257813
combined_overall,0.04472398505861521,1.0,0.9999673932257813
combined_overall,0.0447304475952901,1.0,0.9999673932257813
combined_overall,0.04477460826256856,1.0,0.9999673932257813
combined_overall,0.044776762441460186,1.0,0.9999673932257813
combined_overall,0.044832771092642616,1.0,0.9999673932257813
combined_overall,0.04483492527153425,1.0,0.9999673932257813
combined_overall,0.044857544149896386,1.0,0.9999673932257813
combined_overall,0.044859698328788014,1.0,0.9999673932257813
combined_overall,0.0449060131749581,1.0,0.9999673932257813
combined_overall,0.04490924444329555,1.0,0.9999673932257813
combined_overall,0.044923246606091156,1.0,0.9999673932257813
combined_overall,0.044926477874428605,1.0,0.9999673932257813
combined_overall,0.04496740727336961,1.0,0.9999673932257813
combined_overall,0.04497279272059869,1.0,0.9999673932257813
combined_overall,0.0450007970461899,1.0,0.9999673932257813
combined_overall,0.045002951225081536,1.0,0.9999673932257813
combined_overall,0.045015876298431325,1.0,0.9999673932257813
combined_overall,0.04501803047732296,1.0,0.9999673932257813
combined_overall,0.045026647192889485,1.0,0.9999673932257813
combined_overall,0.04502880137178112,1.0,0.9999673932257813
combined_overall,0.045029878461226934,1.0,0.9999673932257813
combined_overall,0.0450341868190102,1.0,0.9999673932257813
combined_overall,0.04503849517679346,1.0,0.9999673932257813
combined_overall,0.04504388062402254,1.0,0.9999673932257813
combined_overall,0.045084810022963544,1.0,0.9999673932257813
combined_overall,0.04508696420185518,1.0,0.9999673932257813
combined_overall,0.0451494353897125,1.0,0.9999673932257813
combined_overall,0.045151589568604135,1.0,0.9999673932257813
combined_overall,0.04515805210527903,1.0,0.9999673932257813
combined_overall,0.04516020628417066,1.0,0.9999673932257813
combined_overall,0.045210829488124014,1.0,0.9999673932257813
combined_overall,0.045214060756461456,1.0,0.9999673932257813
combined_overall,0.04537454708388804,1.0,0.9999673932257813
combined_overall,0.04537993253111711,1.0,0.9999673932257813
combined_overall,0.04541655357227486,1.0,0.9999673932257813
combined_overall,0.045418707751166486,1.0,0.9999673932257813
combined_overall,0.045445634987311884,1.0,0.9999673932257813
combined_overall,0.04544778916620352,1.0,0.9999673932257813
combined_overall,0.04552426251685645,1.0,0.9999673932257813
combined_overall,0.04552857087463971,1.0,0.9999673932257813
combined_overall,0.045557652289676745,1.0,0.9999673932257813
combined_overall,0.045560883558014194,1.0,0.9999673932257813
combined_overall,0.04558242534693051,1.0,0.9999673932257813
combined_overall,0.04558457952582214,1.0,0.9999673932257813
combined_overall,0.04558996497305122,1.0,0.9999673932257813
combined_overall,0.04560073586750938,1.0,0.9999673932257813
combined_overall,0.04568690302317466,1.0,0.9999673932257813
combined_overall,0.04569121138095792,1.0,0.9999673932257813
combined_overall,0.04579568905720206,1.0,0.9999673932257813
combined_overall,0.04579892032553951,1.0,0.9999673932257813
combined_overall,0.04581938502501002,1.0,0.9999673932257813
combined_overall,0.04582584756168491,1.0,0.9999673932257813
combined_overall,0.045890472928433866,1.0,0.9999673932257813
combined_overall,0.0458926271073255,1.0,0.9999673932257813
combined_overall,0.04593032523792906,1.0,0.9999673932257813
combined_overall,0.04593247941682069,1.0,0.9999673932257813
combined_overall,0.04601972366193178,1.0,0.9999673932257813
combined_overall,0.046021877840823414,1.0,0.9999673932257813
combined_overall,0.04605849888198116,1.0,0.9999673932257813
combined_overall,0.046060653060872786,1.0,0.9999673932257813
combined_overall,0.04608111776034329,1.0,0.9999673932257813
combined_overall,0.04608327193923492,1.0,0.9999673932257813
combined_overall,0.046109122085934505,1.0,0.9999673932257813
combined_overall,0.04611127626482613,1.0,0.9999673932257813
combined_overall,0.04615005148487551,1.0,0.9999673932257813
combined_overall,0.04615220566376714,1.0,0.9999673932257813
combined_overall,0.046209291404395385,1.0,0.9999673932257813
combined_overall,0.04621144558328702,1.0,0.9999673932257813
combined_overall,0.04626099169779455,1.0,0.9999673932257813
combined_overall,0.04626314587668618,1.0,0.9999673932257813
combined_overall,0.04634069631678493,1.0,0.9999673932257813
combined_overall,0.04634285049567656,1.0,0.9999673932257813
combined_overall,0.04639670496796736,1.0,0.9999673932257813
combined_overall,0.046399936236304805,1.0,0.9999673932257813
combined_overall,0.04640209041519644,1.0,0.9999673932257813
combined_overall,0.046445173993029075,1.0,0.9999673932257813
combined_overall,0.04644732817192071,1.0,0.9999673932257813
combined_overall,0.04647102413972866,1.0,0.9999673932257813
combined_overall,0.04647748667640356,1.0,0.9999673932257813
combined_overall,0.04653026405924854,1.0,0.9999673932257813
combined_overall,0.0465345724170318,1.0,0.9999673932257813
combined_overall,0.04654534331148996,1.0,0.9999673932257813
combined_overall,0.04655072875871904,1.0,0.9999673932257813
combined_overall,0.04655396002705649,1.0,0.9999673932257813
combined_overall,0.046556114205948115,1.0,0.9999673932257813
combined_overall,0.04657981017375607,1.0,0.9999673932257813
combined_overall,0.0465819643526477,1.0,0.9999673932257813
combined_overall,0.046601351962672385,1.0,0.9999673932257813
combined_overall,0.04660350614156402,1.0,0.9999673932257813
combined_overall,0.04661643121491381,1.0,0.9999673932257813
combined_overall,0.046618585393805444,1.0,0.9999673932257813
combined_overall,0.04662827919881778,1.0,0.9999673932257813
combined_overall,0.04663258755660105,1.0,0.9999673932257813
combined_overall,0.046639050093275944,1.0,0.9999673932257813
combined_overall,0.04664120427216758,1.0,0.9999673932257813
combined_overall,0.04665951479274645,1.0,0.9999673932257813
combined_overall,0.04666166897163808,1.0,0.9999673932257813
combined_overall,0.04667028568720461,1.0,0.9999673932257813
combined_overall,0.04667351695554205,1.0,0.9999673932257813
combined_overall,0.046674594044987874,1.0,0.9999673932257813
combined_overall,0.0466767482238795,1.0,0.9999673932257813
combined_overall,0.04669829001279582,1.0,0.9999673932257813
combined_overall,0.04670044419168745,1.0,0.9999673932257813
combined_overall,0.04674460485896591,1.0,0.9999673932257813
combined_overall,0.04674675903785754,1.0,0.9999673932257813
combined_overall,0.04675968411120733,1.0,0.9999673932257813
combined_overall,0.04676291537954478,1.0,0.9999673932257813
combined_overall,0.04678338007901528,1.0,0.9999673932257813
combined_overall,0.046785534257906915,1.0,0.9999673932257813
combined_overall,0.046788765526244364,1.0,0.9999673932257813
combined_overall,0.04679091970513599,1.0,0.9999673932257813
combined_overall,0.046820001120173024,1.0,0.9999673932257813
combined_overall,0.04682215529906465,1.0,0.9999673932257813
combined_overall,0.04687708686080127,1.0,0.9999673932257813
combined_overall,0.0468792410396929,1.0,0.9999673932257813
combined_overall,0.04689001193415106,1.0,0.9999673932257813
combined_overall,0.046893243202488506,1.0,0.9999673932257813
combined_overall,0.046899705739163404,1.0,0.9999673932257813
combined_overall,0.04690185991805503,1.0,0.9999673932257813
combined_overall,0.04693740386976696,1.0,0.9999673932257813
combined_overall,0.04693955804865859,1.0,0.9999673932257813
combined_overall,0.047007414683744995,1.0,0.9999673932257813
combined_overall,0.04700956886263663,1.0,0.9999673932257813
combined_overall,0.04701603139931152,1.0,0.9999673932257813
combined_overall,0.047018185578203156,1.0,0.9999673932257813
combined_overall,0.04713989668558036,1.0,0.9999673932257813
combined_overall,0.04714205086447199,1.0,0.9999673932257813
combined_overall,0.0471969824262086,1.0,0.9999673932257813
combined_overall,0.047199136605100236,1.0,0.9999673932257813
combined_overall,0.04727345577686153,1.0,0.9999673932257813
combined_overall,0.04727560995575317,1.0,0.9999673932257813
combined_overall,0.04729392047633204,1.0,0.9999673932257813
combined_overall,0.04729715174466948,1.0,0.9999673932257813
combined_overall,0.047316539354694175,1.0,0.9999673932257813
combined_overall,0.0473186935335858,1.0,0.9999673932257813
combined_overall,0.04743178792539648,1.0,0.9999673932257813
combined_overall,0.047433942104288106,1.0,0.9999673932257813
combined_overall,0.04743609628317974,1.0,0.9999673932257813
combined_overall,0.04743932755151719,1.0,0.9999673932257813
combined_overall,0.0474737944137833,1.0,0.9999673932257813
combined_overall,0.04747594859267493,1.0,0.9999673932257813
combined_overall,0.04747702568212075,1.0,0.9999673932257813
combined_overall,0.047479179861012376,1.0,0.9999673932257813
combined_overall,0.047496413292145434,1.0,0.9999673932257813
combined_overall,0.0475007216499287,1.0,0.9999673932257813
combined_overall,0.04751580090217012,1.0,0.9999673932257813
combined_overall,0.047517955081061755,1.0,0.9999673932257813
combined_overall,0.0475211863493992,1.0,0.9999673932257813
combined_overall,0.04752334052829083,1.0,0.9999673932257813
combined_overall,0.04764074327788477,1.0,0.9999673932257813
combined_overall,0.0476428974567764,1.0,0.9999673932257813
combined_overall,0.04767844140848833,1.0,0.9999673932257813
combined_overall,0.047680595587379956,1.0,0.9999673932257813
combined_overall,0.047687058124054854,1.0,0.9999673932257813
combined_overall,0.04768921230294649,1.0,0.9999673932257813
combined_overall,0.04775168349080381,1.0,0.9999673932257813
combined_overall,0.047763531474707785,1.0,0.9999673932257813
combined_overall,0.047777533637503394,1.0,0.9999673932257813
combined_overall,0.04777968781639502,1.0,0.9999673932257813
combined_overall,0.047808769231432055,1.0,0.9999673932257813
combined_overall,0.04781092341032369,1.0,0.9999673932257813
combined_overall,0.04782061721533603,1.0,0.9999673932257813
combined_overall,0.047822771394227664,1.0,0.9999673932257813
combined_overall,0.04782600266256511,1.0,0.9999673932257813
combined_overall,0.04796171593273792,1.0,0.9999673932257813
combined_overall,0.04796387011162955,1.0,0.9999673932257813
combined_overall,0.04801987876281198,1.0,0.9999673932257813
combined_overall,0.04802203294170361,1.0,0.9999673932257813
combined_overall,0.048027418388932694,1.0,0.9999673932257813
combined_overall,0.048030649657270136,1.0,0.9999673932257813
combined_overall,0.04804896017784901,1.0,0.9999673932257813
combined_overall,0.04805111435674064,1.0,0.9999673932257813
combined_overall,0.04805434562507809,1.0,0.9999673932257813
combined_overall,0.04805649980396972,1.0,0.9999673932257813
combined_overall,0.048057576893415534,1.0,0.9999673932257813
combined_overall,0.04805973107230717,1.0,0.9999673932257813
combined_overall,0.04810604591847725,1.0,0.9999673932257813
combined_overall,0.0481092771868147,1.0,0.9999673932257813
combined_overall,0.04814051278074336,1.0,0.9999673932257813
combined_overall,0.048142666959635,1.0,0.9999673932257813
combined_overall,0.04817605673245529,1.0,0.9999673932257813
combined_overall,0.04817821091134692,1.0,0.9999673932257813
combined_overall,0.04821375486305885,1.0,0.9999673932257813
combined_overall,0.04821590904195048,1.0,0.9999673932257813
combined_overall,0.048304230376507384,1.0,0.9999673932257813
combined_overall,0.04830638455539902,1.0,0.9999673932257813
combined_overall,0.04835593066990655,1.0,0.9999673932257813
combined_overall,0.04836239320658145,1.0,0.9999673932257813
combined_overall,0.0483796266377145,1.0,0.9999673932257813
combined_overall,0.048381780816606136,1.0,0.9999673932257813
combined_overall,0.04839039753217266,1.0,0.9999673932257813
combined_overall,0.0483925517110643,1.0,0.9999673932257813
combined_overall,0.04843563528889693,1.0,0.9999673932257813
combined_overall,0.04844102073612601,1.0,0.9999673932257813
combined_overall,0.04845933125670488,1.0,0.9999673932257813
combined_overall,0.04846256252504233,1.0,0.9999673932257813
combined_overall,0.04847656468783794,1.0,0.9999673932257813
combined_overall,0.0484808730456212,1.0,0.9999673932257813
combined_overall,0.048495952297862625,1.0,0.9999673932257813
combined_overall,0.04850456901342915,1.0,0.9999673932257813
combined_overall,0.04854334423347852,1.0,0.9999673932257813
combined_overall,0.04854549841237016,1.0,0.9999673932257813
combined_overall,0.048550883859599235,1.0,0.9999673932257813
combined_overall,0.04855626930682832,1.0,0.9999673932257813
combined_overall,0.04861227795801074,1.0,0.9999673932257813
combined_overall,0.048617663405239826,1.0,0.9999673932257813
combined_overall,0.048752299585966816,1.0,0.9999673932257813
combined_overall,0.04875445376485845,1.0,0.9999673932257813
combined_overall,0.04876522465931661,1.0,0.9999673932257813
combined_overall,0.04876737883820824,1.0,0.9999673932257813
combined_overall,0.0487846122693413,1.0,0.9999673932257813
combined_overall,0.048787843537678746,1.0,0.9999673932257813
combined_overall,0.048810462416040874,1.0,0.9999673932257813
combined_overall,0.048818002042161586,1.0,0.9999673932257813
combined_overall,0.048866471067223305,1.0,0.9999673932257813
combined_overall,0.04886862524611494,1.0,0.9999673932257813
combined_overall,0.04892140262895992,1.0,0.9999673932257813
combined_overall,0.04892355680785155,1.0,0.9999673932257813
combined_overall,0.04893001934452645,1.0,0.9999673932257813
combined_overall,0.048933250612863896,1.0,0.9999673932257813
combined_overall,0.048970948743467455,1.0,0.9999673932257813
combined_overall,0.04897310292235908,1.0,0.9999673932257813
combined_overall,0.04899679889016704,1.0,0.9999673932257813
combined_overall,0.048998953069058666,1.0,0.9999673932257813
combined_overall,0.04901834067908335,1.0,0.9999673932257813
combined_overall,0.04902049485797499,1.0,0.9999673932257813
combined_overall,0.04907004097248252,1.0,0.9999673932257813
combined_overall,0.04907650350915741,1.0,0.9999673932257813
combined_overall,0.04909481402973628,1.0,0.9999673932257813
combined_overall,0.04909696820862792,1.0,0.9999673932257813
combined_overall,0.04911958708699005,1.0,0.9999673932257813
combined_overall,0.04912174126588168,1.0,0.9999673932257813
combined_overall,0.049127126713110765,1.0,0.9999673932257813
combined_overall,0.04912928089200239,1.0,0.9999673932257813
combined_overall,0.049183135364293196,1.0,0.9999673932257813
combined_overall,0.04918744372207646,1.0,0.9999673932257813
combined_overall,0.049238066926029805,1.0,0.9999673932257813
combined_overall,0.04924022110492144,1.0,0.9999673932257813
combined_overall,0.04925314617827123,1.0,0.9999673932257813
combined_overall,0.049255300357162864,1.0,0.9999673932257813
combined_overall,0.0492714566988501,1.0,0.9999673932257813
combined_overall,0.04927361087774173,1.0,0.9999673932257813
combined_overall,0.049286535951091524,1.0,0.9999673932257813
combined_overall,0.04928976721942897,1.0,0.9999673932257813
combined_overall,0.049331773707815794,1.0,0.9999673932257813
combined_overall,0.04933392788670742,1.0,0.9999673932257813
combined_overall,0.04934685296005722,1.0,0.9999673932257813
combined_overall,0.04935116131784048,1.0,0.9999673932257813
combined_overall,0.049408247058468725,1.0,0.9999673932257813
combined_overall,0.04941040123736035,1.0,0.9999673932257813
combined_overall,0.0494265575790476,1.0,0.9999673932257813
combined_overall,0.049428711757939225,1.0,0.9999673932257813
combined_overall,0.04945887026242207,1.0,0.9999673932257813
combined_overall,0.04946102444131371,1.0,0.9999673932257813
combined_overall,0.04946856406743442,1.0,0.9999673932257813
combined_overall,0.04947071824632605,1.0,0.9999673932257813
combined_overall,0.04951272473471287,1.0,0.9999673932257813
combined_overall,0.04951703309249613,1.0,0.9999673932257813
combined_overall,0.0495482686864248,1.0,0.9999673932257813
combined_overall,0.04955149995476224,1.0,0.9999673932257813
combined_overall,0.04959781480093233,1.0,0.9999673932257813
combined_overall,0.04959996897982396,1.0,0.9999673932257813
combined_overall,0.04960427733760722,1.0,0.9999673932257813
combined_overall,0.04960643151649886,1.0,0.9999673932257813
combined_overall,0.04968075068826015,1.0,0.9999673932257813
combined_overall,0.04968721322493505,1.0,0.9999673932257813
combined_overall,0.049691521582718313,1.0,0.9999673932257813
combined_overall,0.04969367576160995,1.0,0.9999673932257813
combined_overall,0.04969475285105576,1.0,0.9999673932257813
combined_overall,0.0496969070299474,1.0,0.9999673932257813
combined_overall,0.049722757176646974,1.0,0.9999673932257813
combined_overall,0.04972491135553861,1.0,0.9999673932257813
combined_overall,0.049727065534430244,1.0,0.9999673932257813
combined_overall,0.049734605160550956,1.0,0.9999673932257813
combined_overall,0.04975722403891309,1.0,0.9999673932257813
combined_overall,0.04975937821780472,1.0,0.9999673932257813
combined_overall,0.04978307418561267,1.0,0.9999673932257813
combined_overall,0.0497852283645043,1.0,0.9999673932257813
combined_overall,0.049786305453950117,1.0,0.9999673932257813
combined_overall,0.04979061381173338,1.0,0.9999673932257813
combined_overall,0.04985308499959071,1.0,0.9999673932257813
combined_overall,0.049855239178482336,1.0,0.9999673932257813
combined_overall,0.04991232491911058,1.0,0.9999673932257813
combined_overall,0.049914479098002215,1.0,0.9999673932257813
combined_overall,0.049934943797472715,1.0,0.9999673932257813
combined_overall,0.04993709797636435,1.0,0.9999673932257813
combined_overall,0.04995863976528067,1.0,0.9999673932257813
combined_overall,0.049962948123063934,1.0,0.9999673932257813
combined_overall,0.04997802737530536,1.0,0.9999673932257813
combined_overall,0.04998233573308862,1.0,0.9999673932257813
combined_overall,0.0499877211803177,1.0,0.9999673932257813
combined_overall,0.04998987535920933,1.0,0.9999673932257813
combined_overall,0.04999310662754678,1.0,0.9999673932257813
combined_overall,0.04999526080643841,1.0,0.9999673932257813
combined_overall,0.05000603170089657,1.0,0.9999673932257813
combined_overall,0.050008185879788204,1.0,0.9999673932257813
combined_overall,0.05002111095313799,1.0,0.9999673932257813
combined_overall,0.05003726729482523,1.0,0.9999673932257813
combined_overall,0.05019129108557691,1.0,0.9999673932257813
combined_overall,0.05019344526446854,1.0,0.9999673932257813
combined_overall,0.05023652884230118,1.0,0.9999673932257813
combined_overall,0.05023868302119281,1.0,0.9999673932257813
combined_overall,0.05026991861512147,1.0,0.9999673932257813
combined_overall,0.05027745824124218,1.0,0.9999673932257813
combined_overall,0.05031515637184574,1.0,0.9999673932257813
combined_overall,0.050317310550737376,1.0,0.9999673932257813
combined_overall,0.050361471218015826,1.0,0.9999673932257813
combined_overall,0.050365779575799095,1.0,0.9999673932257813
combined_overall,0.050400246438065205,1.0,0.9999673932257813
combined_overall,0.05040240061695683,1.0,0.9999673932257813
combined_overall,0.050403477706402654,1.0,0.9999673932257813
combined_overall,0.050406708974740096,1.0,0.9999673932257813
combined_overall,0.05042501949531897,1.0,0.9999673932257813
combined_overall,0.050431482031993866,1.0,0.9999673932257813
combined_overall,0.05054349933435872,1.0,0.9999673932257813
combined_overall,0.05054996187103362,1.0,0.9999673932257813
combined_overall,0.050553193139371067,1.0,0.9999673932257813
combined_overall,0.050555347318262694,1.0,0.9999673932257813
combined_overall,0.050559655676045964,1.0,0.9999673932257813
combined_overall,0.05056180985493759,1.0,0.9999673932257813
combined_overall,0.05062104977445747,1.0,0.9999673932257813
combined_overall,0.0506232039533491,1.0,0.9999673932257813
combined_overall,0.05063182066891563,1.0,0.9999673932257813
combined_overall,0.050636129026698895,1.0,0.9999673932257813
combined_overall,0.05069213767788132,1.0,0.9999673932257813
combined_overall,0.05069536894621877,1.0,0.9999673932257813
combined_overall,0.050805232069691994,1.0,0.9999673932257813
combined_overall,0.05080738624858363,1.0,0.9999673932257813
combined_overall,0.05083108221639158,1.0,0.9999673932257813
combined_overall,0.05083323639528321,1.0,0.9999673932257813
combined_overall,0.05083431348472903,1.0,0.9999673932257813
combined_overall,0.050844007289741366,1.0,0.9999673932257813
combined_overall,0.05089032213591146,1.0,0.9999673932257813
combined_overall,0.050892476314803085,1.0,0.9999673932257813
combined_overall,0.05095602459210623,1.0,0.9999673932257813
combined_overall,0.050958178770997856,1.0,0.9999673932257813
combined_overall,0.05096356421822694,1.0,0.9999673932257813
combined_overall,0.05096571839711857,1.0,0.9999673932257813
combined_overall,0.05096679548656439,1.0,0.9999673932257813
combined_overall,0.050968949665456016,1.0,0.9999673932257813
combined_overall,0.050972180933793465,1.0,0.9999673932257813
combined_overall,0.0509743351126851,1.0,0.9999673932257813
combined_overall,0.05101634160107192,1.0,0.9999673932257813
combined_overall,0.05101849577996355,1.0,0.9999673932257813
combined_overall,0.05102495831663845,1.0,0.9999673932257813
combined_overall,0.05102711249553008,1.0,0.9999673932257813
combined_overall,0.051042191747771505,1.0,0.9999673932257813
combined_overall,0.05104650010555477,1.0,0.9999673932257813
combined_overall,0.05111543383008699,1.0,0.9999673932257813
combined_overall,0.051117588008978615,1.0,0.9999673932257813
combined_overall,0.05111974218787025,1.0,0.9999673932257813
combined_overall,0.0511229734562077,1.0,0.9999673932257813
combined_overall,0.05121021770131879,1.0,0.9999673932257813
combined_overall,0.05121237188021042,1.0,0.9999673932257813
combined_overall,0.05124037620580164,1.0,0.9999673932257813
combined_overall,0.051242530384693265,1.0,0.9999673932257813
combined_overall,0.05126299508416377,1.0,0.9999673932257813
combined_overall,0.051266226352501214,1.0,0.9999673932257813
combined_overall,0.051298539035875695,1.0,0.9999673932257813
combined_overall,0.05130284739365896,1.0,0.9999673932257813
combined_overall,0.051336237166479254,1.0,0.9999673932257813
combined_overall,0.05133839134537088,1.0,0.9999673932257813
combined_overall,0.051354547687058126,1.0,0.9999673932257813
combined_overall,0.0513599331342872,1.0,0.9999673932257813
combined_overall,0.05136316440262465,1.0,0.9999673932257813
combined_overall,0.05136531858151629,1.0,0.9999673932257813
combined_overall,0.051392245817661684,1.0,0.9999673932257813
combined_overall,0.05139655417544495,1.0,0.9999673932257813
combined_overall,0.0515214965511596,1.0,0.9999673932257813
combined_overall,0.051523650730051225,1.0,0.9999673932257813
combined_overall,0.05153226744561775,1.0,0.9999673932257813
combined_overall,0.0515354987139552,1.0,0.9999673932257813
combined_overall,0.05156027177120897,1.0,0.9999673932257813
combined_overall,0.0515624259501006,1.0,0.9999673932257813
combined_overall,0.05157319684455876,1.0,0.9999673932257813
combined_overall,0.05157535102345039,1.0,0.9999673932257813
combined_overall,0.05157750520234202,1.0,0.9999673932257813
combined_overall,0.051579659381233656,1.0,0.9999673932257813
combined_overall,0.051581813560125284,1.0,0.9999673932257813
combined_overall,0.05158504482846273,1.0,0.9999673932257813
combined_overall,0.05161520333294558,1.0,0.9999673932257813
combined_overall,0.051617357511837214,1.0,0.9999673932257813
combined_overall,0.05162382004851211,1.0,0.9999673932257813
combined_overall,0.05162597422740374,1.0,0.9999673932257813
combined_overall,0.05165505564244077,1.0,0.9999673932257813
combined_overall,0.0516572098213324,1.0,0.9999673932257813
combined_overall,0.05169921630971922,1.0,0.9999673932257813
combined_overall,0.05170137048861086,1.0,0.9999673932257813
combined_overall,0.051711064293623196,1.0,0.9999673932257813
combined_overall,0.05171860391974391,1.0,0.9999673932257813
combined_overall,0.05173260608253952,1.0,0.9999673932257813
combined_overall,0.05173476026143115,1.0,0.9999673932257813
combined_overall,0.05174660824533513,1.0,0.9999673932257813
combined_overall,0.051748762424226755,1.0,0.9999673932257813
combined_overall,0.05175737913979329,1.0,0.9999673932257813
combined_overall,0.051760610408130736,1.0,0.9999673932257813
combined_overall,0.051783229286492864,1.0,0.9999673932257813
combined_overall,0.0517853834653845,1.0,0.9999673932257813
combined_overall,0.05181338779097571,1.0,0.9999673932257813
combined_overall,0.05181661905931316,1.0,0.9999673932257813
combined_overall,0.05182415868543387,1.0,0.9999673932257813
combined_overall,0.051826312864325506,1.0,0.9999673932257813
combined_overall,0.051836006669337846,1.0,0.9999673932257813
combined_overall,0.051842469206012744,1.0,0.9999673932257813
combined_overall,0.05185754845825417,1.0,0.9999673932257813
combined_overall,0.0518597026371458,1.0,0.9999673932257813
combined_overall,0.051864010994929065,1.0,0.9999673932257813
combined_overall,0.05186616517382069,1.0,0.9999673932257813
combined_overall,0.05189740076774936,1.0,0.9999673932257813
combined_overall,0.05189955494664099,1.0,0.9999673932257813
combined_overall,0.0519006320360868,1.0,0.9999673932257813
combined_overall,0.05190278621497844,1.0,0.9999673932257813
combined_overall,0.05191032584109915,1.0,0.9999673932257813
combined_overall,0.0519135571094366,1.0,0.9999673932257813
combined_overall,0.05191678837777405,1.0,0.9999673932257813
combined_overall,0.051918942556665675,1.0,0.9999673932257813
combined_overall,0.05192001964611149,1.0,0.9999673932257813
combined_overall,0.05192217382500312,1.0,0.9999673932257813
combined_overall,0.051929713451123835,1.0,0.9999673932257813
combined_overall,0.05193186763001547,1.0,0.9999673932257813
combined_overall,0.05199003046008953,1.0,0.9999673932257813
combined_overall,0.051992184638981156,1.0,0.9999673932257813
combined_overall,0.05201803478568074,1.0,0.9999673932257813
combined_overall,0.052020188964572375,1.0,0.9999673932257813
combined_overall,0.05203203694847635,1.0,0.9999673932257813
combined_overall,0.05203634530625961,1.0,0.9999673932257813
combined_overall,0.05203742239570543,1.0,0.9999673932257813
combined_overall,0.052040653664042875,1.0,0.9999673932257813
combined_overall,0.05205681000573011,1.0,0.9999673932257813
combined_overall,0.05205896418462175,1.0,0.9999673932257813
combined_overall,0.052064349631850824,1.0,0.9999673932257813
combined_overall,0.05206650381074246,1.0,0.9999673932257813
combined_overall,0.05206973507907991,1.0,0.9999673932257813
combined_overall,0.052071889257971536,1.0,0.9999673932257813
combined_overall,0.05211174156746673,1.0,0.9999673932257813
combined_overall,0.052120358283033255,1.0,0.9999673932257813
combined_overall,0.052168827308094974,1.0,0.9999673932257813
combined_overall,0.0521709814869866,1.0,0.9999673932257813
combined_overall,0.052182829470890583,1.0,0.9999673932257813
combined_overall,0.052187137828673846,1.0,0.9999673932257813
combined_overall,0.05221729633315669,1.0,0.9999673932257813
combined_overall,0.05222052760149414,1.0,0.9999673932257813
combined_overall,0.05223560685373556,1.0,0.9999673932257813
combined_overall,0.05223776103262719,1.0,0.9999673932257813
combined_overall,0.052276536252676566,1.0,0.9999673932257813
combined_overall,0.0522786904315682,1.0,0.9999673932257813
combined_overall,0.052287307147134726,1.0,0.9999673932257813
combined_overall,0.052290538415472175,1.0,0.9999673932257813
combined_overall,0.052332544903858996,1.0,0.9999673932257813
combined_overall,0.05233685326164226,1.0,0.9999673932257813
combined_overall,0.05237239721335418,1.0,0.9999673932257813
combined_overall,0.05237562848169163,1.0,0.9999673932257813
combined_overall,0.052384245197258164,1.0,0.9999673932257813
combined_overall,0.05238855355504143,1.0,0.9999673932257813
combined_overall,0.052393939002270504,1.0,0.9999673932257813
combined_overall,0.05239717027060795,1.0,0.9999673932257813
combined_overall,0.05241763497007845,1.0,0.9999673932257813
combined_overall,0.05241978914897009,1.0,0.9999673932257813
combined_overall,0.052421943327861716,1.0,0.9999673932257813
combined_overall,0.05242409750675335,1.0,0.9999673932257813
combined_overall,0.0524273287750908,1.0,0.9999673932257813
combined_overall,0.05243163713287406,1.0,0.9999673932257813
combined_overall,0.05247579780015252,1.0,0.9999673932257813
combined_overall,0.052477951979044146,1.0,0.9999673932257813
combined_overall,0.052582429655288296,1.0,0.9999673932257813
combined_overall,0.052585660923625745,1.0,0.9999673932257813
combined_overall,0.05259104637085482,1.0,0.9999673932257813
combined_overall,0.05259858599697553,1.0,0.9999673932257813
combined_overall,0.05260504853365043,1.0,0.9999673932257813
combined_overall,0.05260720271254206,1.0,0.9999673932257813
combined_overall,0.05261151107032532,1.0,0.9999673932257813
combined_overall,0.052627667412012566,1.0,0.9999673932257813
combined_overall,0.0526438237536998,1.0,0.9999673932257813
combined_overall,0.05275368687717303,1.0,0.9999673932257813
combined_overall,0.05276338068218537,1.0,0.9999673932257813
combined_overall,0.052782768292210056,1.0,0.9999673932257813
combined_overall,0.052785999560547504,1.0,0.9999673932257813
combined_overall,0.05278923082888495,1.0,0.9999673932257813
combined_overall,0.05279138500777659,1.0,0.9999673932257813
combined_overall,0.0527924620972224,1.0,0.9999673932257813
combined_overall,0.05279461627611404,1.0,0.9999673932257813
combined_overall,0.05279569336555985,1.0,0.9999673932257813
combined_overall,0.05279784754445148,1.0,0.9999673932257813
combined_overall,0.05287862925288768,1.0,0.9999673932257813
combined_overall,0.05288078343177931,1.0,0.9999673932257813
combined_overall,0.0529475629774199,1.0,0.9999673932257813
combined_overall,0.05295187133520316,1.0,0.9999673932257813
combined_overall,0.05295510260354061,1.0,0.9999673932257813
combined_overall,0.05296910476633621,1.0,0.9999673932257813
combined_overall,0.05301434252306048,1.0,0.9999673932257813
combined_overall,0.05301757379139793,1.0,0.9999673932257813
combined_overall,0.05303157595419354,1.0,0.9999673932257813
combined_overall,0.05303373013308517,1.0,0.9999673932257813
combined_overall,0.05305311774310986,1.0,0.9999673932257813
combined_overall,0.05305527192200149,1.0,0.9999673932257813
combined_overall,0.053088661694821786,1.0,0.9999673932257813
combined_overall,0.053091892963159235,1.0,0.9999673932257813
combined_overall,0.05311451184152137,1.0,0.9999673932257813
combined_overall,0.053116666020413,1.0,0.9999673932257813
combined_overall,0.05312097437819626,1.0,0.9999673932257813
combined_overall,0.05312959109376279,1.0,0.9999673932257813
combined_overall,0.05313066818320861,1.0,0.9999673932257813
combined_overall,0.053132822362100235,1.0,0.9999673932257813
combined_overall,0.05314143907766677,1.0,0.9999673932257813
combined_overall,0.05314574743545003,1.0,0.9999673932257813
combined_overall,0.05316190377713727,1.0,0.9999673932257813
combined_overall,0.0531640579560289,1.0,0.9999673932257813
combined_overall,0.05319421646051175,1.0,0.9999673932257813
combined_overall,0.05319637063940338,1.0,0.9999673932257813
combined_overall,0.0532049873549699,1.0,0.9999673932257813
combined_overall,0.05321037280219899,1.0,0.9999673932257813
combined_overall,0.05322760623333204,1.0,0.9999673932257813
combined_overall,0.05323191459111531,1.0,0.9999673932257813
combined_overall,0.05326961272171886,1.0,0.9999673932257813
combined_overall,0.05327392107950213,1.0,0.9999673932257813
combined_overall,0.053279306526731206,1.0,0.9999673932257813
combined_overall,0.05328146070562284,1.0,0.9999673932257813
combined_overall,0.053296539957864264,1.0,0.9999673932257813
combined_overall,0.05330084831564753,1.0,0.9999673932257813
combined_overall,0.05330515667343079,1.0,0.9999673932257813
combined_overall,0.05330731085232242,1.0,0.9999673932257813
combined_overall,0.05330838794176824,1.0,0.9999673932257813
combined_overall,0.053313773388997315,1.0,0.9999673932257813
combined_overall,0.053317004657334764,1.0,0.9999673932257813
combined_overall,0.05331915883622639,1.0,0.9999673932257813
combined_overall,0.05332885264123874,1.0,0.9999673932257813
combined_overall,0.053331006820130374,1.0,0.9999673932257813
combined_overall,0.05334393189348016,1.0,0.9999673932257813
combined_overall,0.0533460860723718,1.0,0.9999673932257813
combined_overall,0.05339132382909606,1.0,0.9999673932257813
combined_overall,0.053396709276325144,1.0,0.9999673932257813
combined_overall,0.05340101763410841,1.0,0.9999673932257813
combined_overall,0.05340317181300004,1.0,0.9999673932257813
combined_overall,0.053404248902445856,1.0,0.9999673932257813
combined_overall,0.053413942707458195,1.0,0.9999673932257813
combined_overall,0.05342040524413309,1.0,0.9999673932257813
combined_overall,0.05342255942302473,1.0,0.9999673932257813
combined_overall,0.05343225322803707,1.0,0.9999673932257813
combined_overall,0.053435484496374516,1.0,0.9999673932257813
combined_overall,0.0534408699436036,1.0,0.9999673932257813
combined_overall,0.05344302412249523,1.0,0.9999673932257813
combined_overall,0.053496878594786024,1.0,0.9999673932257813
combined_overall,0.05350334113146092,1.0,0.9999673932257813
combined_overall,0.05354857888818519,1.0,0.9999673932257813
combined_overall,0.05355073306707682,1.0,0.9999673932257813
combined_overall,0.05359597082380109,1.0,0.9999673932257813
combined_overall,0.053598125002692724,1.0,0.9999673932257813
combined_overall,0.053608895897150885,1.0,0.9999673932257813
combined_overall,0.053612127165488334,1.0,0.9999673932257813
combined_overall,0.05364659402775444,1.0,0.9999673932257813
combined_overall,0.05364874820664607,1.0,0.9999673932257813
combined_overall,0.053650902385537706,1.0,0.9999673932257813
combined_overall,0.053653056564429334,1.0,0.9999673932257813
combined_overall,0.0536573649222126,1.0,0.9999673932257813
combined_overall,0.05365951910110423,1.0,0.9999673932257813
combined_overall,0.053660596190550046,1.0,0.9999673932257813
combined_overall,0.05366490454833331,1.0,0.9999673932257813
combined_overall,0.053674598353345655,1.0,0.9999673932257813
combined_overall,0.05367675253223729,1.0,0.9999673932257813
combined_overall,0.053712296483949214,1.0,0.9999673932257813
combined_overall,0.05371445066284084,1.0,0.9999673932257813
combined_overall,0.05371768193117829,1.0,0.9999673932257813
combined_overall,0.053719836110069925,1.0,0.9999673932257813
combined_overall,0.053765073866794195,1.0,0.9999673932257813
combined_overall,0.05376938222457746,1.0,0.9999673932257813
combined_overall,0.053816774160193356,1.0,0.9999673932257813
combined_overall,0.053820005428530805,1.0,0.9999673932257813
combined_overall,0.05395787287759525,1.0,0.9999673932257813
combined_overall,0.05396002705648688,1.0,0.9999673932257813
combined_overall,0.053965412503715955,1.0,0.9999673932257813
combined_overall,0.05397295212983667,1.0,0.9999673932257813
combined_overall,0.05405050256993542,1.0,0.9999673932257813
combined_overall,0.054059119285501944,1.0,0.9999673932257813
combined_overall,0.05406342764328521,1.0,0.9999673932257813
combined_overall,0.05407204435885174,1.0,0.9999673932257813
combined_overall,0.054132361367817426,1.0,0.9999673932257813
combined_overall,0.05413451554670906,1.0,0.9999673932257813
combined_overall,0.05414313226227559,1.0,0.9999673932257813
combined_overall,0.054166828230083536,1.0,0.9999673932257813
combined_overall,0.05417329076675843,1.0,0.9999673932257813
combined_overall,0.05417544494565007,1.0,0.9999673932257813
combined_overall,0.054177599124541696,1.0,0.9999673932257813
combined_overall,0.05418190748232496,1.0,0.9999673932257813
combined_overall,0.05419052419789149,1.0,0.9999673932257813
combined_overall,0.05419375546622894,1.0,0.9999673932257813
combined_overall,0.054218528523482704,1.0,0.9999673932257813
combined_overall,0.05422175979182015,1.0,0.9999673932257813
combined_overall,0.05422714523904923,1.0,0.9999673932257813
combined_overall,0.054229299417940864,1.0,0.9999673932257813
combined_overall,0.05424114740184484,1.0,0.9999673932257813
combined_overall,0.05424437867018229,1.0,0.9999673932257813
combined_overall,0.054246532849073915,1.0,0.9999673932257813
combined_overall,0.05424868702796555,1.0,0.9999673932257813
combined_overall,0.05425514956464045,1.0,0.9999673932257813
combined_overall,0.05426484336965279,1.0,0.9999673932257813
combined_overall,0.054284230979677474,1.0,0.9999673932257813
combined_overall,0.05428638515856911,1.0,0.9999673932257813
combined_overall,0.054291770605798186,1.0,0.9999673932257813
combined_overall,0.05429392478468982,1.0,0.9999673932257813
combined_overall,0.054295001874135634,1.0,0.9999673932257813
combined_overall,0.05429715605302727,1.0,0.9999673932257813
combined_overall,0.054309004036931244,1.0,0.9999673932257813
combined_overall,0.05431115821582287,1.0,0.9999673932257813
combined_overall,0.05432839164695593,1.0,0.9999673932257813
combined_overall,0.05433162291529338,1.0,0.9999673932257813
combined_overall,0.05434562507808899,1.0,0.9999673932257813
combined_overall,0.054347779256980616,1.0,0.9999673932257813
combined_overall,0.05435639597254714,1.0,0.9999673932257813
combined_overall,0.05435962724088459,1.0,0.9999673932257813
combined_overall,0.05438116902980091,1.0,0.9999673932257813
combined_overall,0.05438332320869254,1.0,0.9999673932257813
combined_overall,0.054385477387584175,1.0,0.9999673932257813
combined_overall,0.05438763156647581,1.0,0.9999673932257813
combined_overall,0.054393017013704886,1.0,0.9999673932257813
combined_overall,0.05441779007095865,1.0,0.9999673932257813
combined_overall,0.05442532969707936,1.0,0.9999673932257813
combined_overall,0.054427483875970996,1.0,0.9999673932257813
combined_overall,0.05443610059153752,1.0,0.9999673932257813
combined_overall,0.054438254770429156,1.0,0.9999673932257813
combined_overall,0.05444364021765823,1.0,0.9999673932257813
combined_overall,0.05444687148599568,1.0,0.9999673932257813
combined_overall,0.05445764238045384,1.0,0.9999673932257813
combined_overall,0.05446087364879129,1.0,0.9999673932257813
combined_overall,0.0544888779743825,1.0,0.9999673932257813
combined_overall,0.05449210924271995,1.0,0.9999673932257813
combined_overall,0.054520113568311164,1.0,0.9999673932257813
combined_overall,0.054524421926094434,1.0,0.9999673932257813
combined_overall,0.05452549901554025,1.0,0.9999673932257813
combined_overall,0.054527653194431876,1.0,0.9999673932257813
combined_overall,0.054538424088890036,1.0,0.9999673932257813
combined_overall,0.05454057826778167,1.0,0.9999673932257813
combined_overall,0.0545491949833482,1.0,0.9999673932257813
combined_overall,0.05455134916223983,1.0,0.9999673932257813
combined_overall,0.05467413735906285,1.0,0.9999673932257813
combined_overall,0.054676291537954474,1.0,0.9999673932257813
combined_overall,0.054680599895737744,1.0,0.9999673932257813
combined_overall,0.05468275407462937,1.0,0.9999673932257813
combined_overall,0.05470537295299151,1.0,0.9999673932257813
combined_overall,0.05470752713188314,1.0,0.9999673932257813
combined_overall,0.054732300189136905,1.0,0.9999673932257813
combined_overall,0.05473445436802854,1.0,0.9999673932257813
combined_overall,0.0547387627258118,1.0,0.9999673932257813
combined_overall,0.05474091690470343,1.0,0.9999673932257813
combined_overall,0.05476892123029465,1.0,0.9999673932257813
combined_overall,0.05477107540918628,1.0,0.9999673932257813
combined_overall,0.054774306677523726,1.0,0.9999673932257813
combined_overall,0.05478292339309026,1.0,0.9999673932257813
combined_overall,0.05481846734480218,1.0,0.9999673932257813
combined_overall,0.05482062152369381,1.0,0.9999673932257813
combined_overall,0.05484108622316432,1.0,0.9999673932257813
combined_overall,0.054843240402055946,1.0,0.9999673932257813
combined_overall,0.05487555308543043,1.0,0.9999673932257813
combined_overall,0.054877707264322055,1.0,0.9999673932257813
combined_overall,0.0548938636060093,1.0,0.9999673932257813
combined_overall,0.05489601778490093,1.0,0.9999673932257813
combined_overall,0.0549078657688049,1.0,0.9999673932257813
combined_overall,0.05491001994769654,1.0,0.9999673932257813
combined_overall,0.05494017845217938,1.0,0.9999673932257813
combined_overall,0.05494556389940846,1.0,0.9999673932257813
combined_overall,0.054947718078300095,1.0,0.9999673932257813
combined_overall,0.05494987225719172,1.0,0.9999673932257813
combined_overall,0.05501234344504905,1.0,0.9999673932257813
combined_overall,0.05501449762394068,1.0,0.9999673932257813
combined_overall,0.05516529014635491,1.0,0.9999673932257813
combined_overall,0.05516744432524655,1.0,0.9999673932257813
combined_overall,0.05519867991917521,1.0,0.9999673932257813
combined_overall,0.05520191118751266,1.0,0.9999673932257813
combined_overall,0.05527838453816559,1.0,0.9999673932257813
combined_overall,0.055287001253732114,1.0,0.9999673932257813
combined_overall,0.055294540879852826,1.0,0.9999673932257813
combined_overall,0.05530315759541935,1.0,0.9999673932257813
combined_overall,0.05531500557932333,1.0,0.9999673932257813
combined_overall,0.05531715975821496,1.0,0.9999673932257813
combined_overall,0.05532039102655241,1.0,0.9999673932257813
combined_overall,0.05532685356322731,1.0,0.9999673932257813
combined_overall,0.05534085572602291,1.0,0.9999673932257813
combined_overall,0.055343009904914545,1.0,0.9999673932257813
combined_overall,0.0554011727349886,1.0,0.9999673932257813
combined_overall,0.05540655818221769,1.0,0.9999673932257813
combined_overall,0.05544856467060451,1.0,0.9999673932257813
combined_overall,0.05545287302838777,1.0,0.9999673932257813
combined_overall,0.05549703369566622,1.0,0.9999673932257813
combined_overall,0.055499187874557855,1.0,0.9999673932257813
combined_overall,0.05554334854183631,1.0,0.9999673932257813
combined_overall,0.05554550272072794,1.0,0.9999673932257813
combined_overall,0.055578892493548235,1.0,0.9999673932257813
combined_overall,0.055582123761885684,1.0,0.9999673932257813
combined_overall,0.055633824055284845,1.0,0.9999673932257813
combined_overall,0.05564028659195974,1.0,0.9999673932257813
combined_overall,0.05569629524314217,1.0,0.9999673932257813
combined_overall,0.0556984494220338,1.0,0.9999673932257813
combined_overall,0.05578784784603653,1.0,0.9999673932257813
combined_overall,0.05579215620381979,1.0,0.9999673932257813
combined_overall,0.05579538747215724,1.0,0.9999673932257813
combined_overall,0.055804004187723764,1.0,0.9999673932257813
combined_overall,0.05587832335948507,1.0,0.9999673932257813
combined_overall,0.05588801716449741,1.0,0.9999673932257813
combined_overall,0.055908481863967914,1.0,0.9999673932257813
combined_overall,0.05591063604285954,1.0,0.9999673932257813
combined_overall,0.055914944400642805,1.0,0.9999673932257813
combined_overall,0.05591709857953444,1.0,0.9999673932257813
combined_overall,0.055936486189559126,1.0,0.9999673932257813
combined_overall,0.05593864036845076,1.0,0.9999673932257813
combined_overall,0.055953719620692184,1.0,0.9999673932257813
combined_overall,0.05595587379958381,1.0,0.9999673932257813
combined_overall,0.056019422076886954,1.0,0.9999673932257813
combined_overall,0.05602157625577858,1.0,0.9999673932257813
combined_overall,0.056109897590335495,1.0,0.9999673932257813
combined_overall,0.05611205176922712,1.0,0.9999673932257813
combined_overall,0.05620575855101311,1.0,0.9999673932257813
combined_overall,0.05620791272990474,1.0,0.9999673932257813
combined_overall,0.056233762876604323,1.0,0.9999673932257813
combined_overall,0.05623591705549596,1.0,0.9999673932257813
combined_overall,0.056241302502725035,1.0,0.9999673932257813
combined_overall,0.05628007772277441,1.0,0.9999673932257813
combined_overall,0.05628223190166604,1.0,0.9999673932257813
combined_overall,0.05629084861723257,1.0,0.9999673932257813
combined_overall,0.0562930027961242,1.0,0.9999673932257813
combined_overall,0.056400711740705795,1.0,0.9999673932257813
combined_overall,0.05640286591959743,1.0,0.9999673932257813
combined_overall,0.05645564330244241,1.0,0.9999673932257813
combined_overall,0.05645779748133404,1.0,0.9999673932257813
combined_overall,0.05651380613251647,1.0,0.9999673932257813
combined_overall,0.05651919157974555,1.0,0.9999673932257813
combined_overall,0.05656227515757819,1.0,0.9999673932257813
combined_overall,0.05656658351536145,1.0,0.9999673932257813
combined_overall,0.056584894035940324,1.0,0.9999673932257813
combined_overall,0.05659351075150685,1.0,0.9999673932257813
combined_overall,0.05659458784095266,1.0,0.9999673932257813
combined_overall,0.056598896198735926,1.0,0.9999673932257813
combined_overall,0.0566107441826399,1.0,0.9999673932257813
combined_overall,0.05661397545097735,1.0,0.9999673932257813
combined_overall,0.05665382776047254,1.0,0.9999673932257813
combined_overall,0.05665598193936417,1.0,0.9999673932257813
combined_overall,0.05667213828105141,1.0,0.9999673932257813
combined_overall,0.05668075499661794,1.0,0.9999673932257813
combined_overall,0.05668721753329283,1.0,0.9999673932257813
combined_overall,0.056695834248859364,1.0,0.9999673932257813
combined_overall,0.05670983641165497,1.0,0.9999673932257813
combined_overall,0.056714144769438236,1.0,0.9999673932257813
combined_overall,0.05672599275334221,1.0,0.9999673932257813
combined_overall,0.05672814693223384,1.0,0.9999673932257813
combined_overall,0.056747534542258525,1.0,0.9999673932257813
combined_overall,0.05675184290004179,1.0,0.9999673932257813
combined_overall,0.05684231841349033,1.0,0.9999673932257813
combined_overall,0.05684447259238196,1.0,0.9999673932257813
combined_overall,0.0568670914707441,1.0,0.9999673932257813
combined_overall,0.056872476917973175,1.0,0.9999673932257813
combined_overall,0.05692417721137234,1.0,0.9999673932257813
combined_overall,0.056928485569155605,1.0,0.9999673932257813
combined_overall,0.05695864407363845,1.0,0.9999673932257813
combined_overall,0.0569618753419759,1.0,0.9999673932257813
combined_overall,0.05699311093590456,1.0,0.9999673932257813
combined_overall,0.05699526511479619,1.0,0.9999673932257813
combined_overall,0.0570092672775918,1.0,0.9999673932257813
combined_overall,0.05701357563537506,1.0,0.9999673932257813
combined_overall,0.05705450503431607,1.0,0.9999673932257813
combined_overall,0.05705881339209933,1.0,0.9999673932257813
combined_overall,0.05707820100212402,1.0,0.9999673932257813
combined_overall,0.05708035518101565,1.0,0.9999673932257813
combined_overall,0.05721822263008009,1.0,0.9999673932257813
combined_overall,0.057223608077309175,1.0,0.9999673932257813
combined_overall,0.05725592076068365,1.0,0.9999673932257813
combined_overall,0.057258074939575285,1.0,0.9999673932257813
combined_overall,0.05734316500579474,1.0,0.9999673932257813
combined_overall,0.057345319184686376,1.0,0.9999673932257813
combined_overall,0.0574077903725437,1.0,0.9999673932257813
combined_overall,0.05741209873032696,1.0,0.9999673932257813
combined_overall,0.05752196185380019,1.0,0.9999673932257813
combined_overall,0.05752411603269182,1.0,0.9999673932257813
combined_overall,0.057539195284933245,1.0,0.9999673932257813
combined_overall,0.05754350364271651,1.0,0.9999673932257813
combined_overall,0.05754781200049977,1.0,0.9999673932257813
combined_overall,0.0575499661793914,1.0,0.9999673932257813
combined_overall,0.05756612252107864,1.0,0.9999673932257813
combined_overall,0.05756935378941609,1.0,0.9999673932257813
combined_overall,0.057580124683874245,1.0,0.9999673932257813
combined_overall,0.05758227886276588,1.0,0.9999673932257813
combined_overall,0.05758658722054914,1.0,0.9999673932257813
combined_overall,0.05758874139944078,1.0,0.9999673932257813
combined_overall,0.05761351445669454,1.0,0.9999673932257813
combined_overall,0.057615668635586176,1.0,0.9999673932257813
combined_overall,0.05763828751394831,1.0,0.9999673932257813
combined_overall,0.057642595871731574,1.0,0.9999673932257813
combined_overall,0.05771799213293869,1.0,0.9999673932257813
combined_overall,0.05772122340127613,1.0,0.9999673932257813
combined_overall,0.05773522556407174,1.0,0.9999673932257813
combined_overall,0.05773737974296338,1.0,0.9999673932257813
combined_overall,0.057830009435303545,1.0,0.9999673932257813
combined_overall,0.05783216361419518,1.0,0.9999673932257813
combined_overall,0.05783431779308681,1.0,0.9999673932257813
combined_overall,0.05783754906142426,1.0,0.9999673932257813
combined_overall,0.05786339920812384,1.0,0.9999673932257813
combined_overall,0.05786555338701547,1.0,0.9999673932257813
combined_overall,0.0578677075659071,1.0,0.9999673932257813
combined_overall,0.05786986174479874,1.0,0.9999673932257813
combined_overall,0.05787740137091945,1.0,0.9999673932257813
combined_overall,0.05788170972870271,1.0,0.9999673932257813
combined_overall,0.057886018086485976,1.0,0.9999673932257813
combined_overall,0.0578946348020525,1.0,0.9999673932257813
combined_overall,0.05797433942104288,1.0,0.9999673932257813
combined_overall,0.057976493599934516,1.0,0.9999673932257813
combined_overall,0.057978647778826144,1.0,0.9999673932257813
combined_overall,0.05798080195771778,1.0,0.9999673932257813
combined_overall,0.0579958812099592,1.0,0.9999673932257813
combined_overall,0.05799803538885083,1.0,0.9999673932257813
combined_overall,0.058014191730538074,1.0,0.9999673932257813
combined_overall,0.0580163459094297,1.0,0.9999673932257813
combined_overall,0.05811220687010732,1.0,0.9999673932257813
combined_overall,0.058114361048998954,1.0,0.9999673932257813
combined_overall,0.05814775082181925,1.0,0.9999673932257813
combined_overall,0.05814990500071088,1.0,0.9999673932257813
combined_overall,0.05818221768408536,1.0,0.9999673932257813
combined_overall,0.05818544895242281,1.0,0.9999673932257813
combined_overall,0.058187603131314436,1.0,0.9999673932257813
combined_overall,0.0581919114890977,1.0,0.9999673932257813
combined_overall,0.058194065667989334,1.0,0.9999673932257813
combined_overall,0.05819621984688096,1.0,0.9999673932257813
combined_overall,0.058198374025772596,1.0,0.9999673932257813
combined_overall,0.05820591365189331,1.0,0.9999673932257813
combined_overall,0.058212376188568206,1.0,0.9999673932257813
combined_overall,0.058267307750304816,1.0,0.9999673932257813
combined_overall,0.0582726931975339,1.0,0.9999673932257813
combined_overall,0.05829746625478766,1.0,0.9999673932257813
combined_overall,0.0582996204336793,1.0,0.9999673932257813
combined_overall,0.058347012369295195,1.0,0.9999673932257813
combined_overall,0.05834916654818683,1.0,0.9999673932257813
combined_overall,0.05841917736216486,1.0,0.9999673932257813
combined_overall,0.05842240863050231,1.0,0.9999673932257813
combined_overall,0.058437487882743736,1.0,0.9999673932257813
combined_overall,0.05843964206163536,1.0,0.9999673932257813
combined_overall,0.05850211324949269,1.0,0.9999673932257813
combined_overall,0.05850426742838432,1.0,0.9999673932257813
combined_overall,0.05857750951069981,1.0,0.9999673932257813
combined_overall,0.05857966368959144,1.0,0.9999673932257813
combined_overall,0.058684141365835586,1.0,0.9999673932257813
combined_overall,0.058686295544727214,1.0,0.9999673932257813
combined_overall,0.05870245188641446,1.0,0.9999673932257813
combined_overall,0.058704606065306086,1.0,0.9999673932257813
combined_overall,0.058711068601980984,1.0,0.9999673932257813
combined_overall,0.05873799583812638,1.0,0.9999673932257813
combined_overall,0.05874015001701801,1.0,0.9999673932257813
combined_overall,0.058804775383766966,1.0,0.9999673932257813
combined_overall,0.0588069295626586,1.0,0.9999673932257813
combined_overall,0.05882631717268329,1.0,0.9999673932257813
combined_overall,0.05882847135157492,1.0,0.9999673932257813
combined_overall,0.058878017466082455,1.0,0.9999673932257813
combined_overall,0.058881248734419904,1.0,0.9999673932257813
combined_overall,0.05888232582386572,1.0,0.9999673932257813
combined_overall,0.05888663418164898,1.0,0.9999673932257813
combined_overall,0.05897603260565171,1.0,0.9999673932257813
combined_overall,0.058978186784543335,1.0,0.9999673932257813
combined_overall,0.05901588491514689,1.0,0.9999673932257813
combined_overall,0.05901911618348434,1.0,0.9999673932257813
combined_overall,0.05902773289905087,1.0,0.9999673932257813
combined_overall,0.059044966330183926,1.0,0.9999673932257813
combined_overall,0.059047120509075554,1.0,0.9999673932257813
combined_overall,0.05906327685076279,1.0,0.9999673932257813
combined_overall,0.059079433192450036,1.0,0.9999673932257813
combined_overall,0.05909343535524564,1.0,0.9999673932257813
combined_overall,0.05909666662358309,1.0,0.9999673932257813
combined_overall,0.05912143968083686,1.0,0.9999673932257813
combined_overall,0.059124670949174306,1.0,0.9999673932257813
combined_overall,0.059165600348115306,1.0,0.9999673932257813
combined_overall,0.05916775452700694,1.0,0.9999673932257813
combined_overall,0.059182833779248364,1.0,0.9999673932257813
combined_overall,0.05918714213703163,1.0,0.9999673932257813
combined_overall,0.05918821922647744,1.0,0.9999673932257813
combined_overall,0.059190373405369076,1.0,0.9999673932257813
combined_overall,0.05923130280431008,1.0,0.9999673932257813
combined_overall,0.05923453407264753,1.0,0.9999673932257813
combined_overall,0.05935624518002473,1.0,0.9999673932257813
combined_overall,0.05935839935891636,1.0,0.9999673932257813
combined_overall,0.05936163062725381,1.0,0.9999673932257813
combined_overall,0.059363784806145445,1.0,0.9999673932257813
combined_overall,0.0593745557006036,1.0,0.9999673932257813
combined_overall,0.05937670987949523,1.0,0.9999673932257813
combined_overall,0.05938963495284502,1.0,0.9999673932257813
combined_overall,0.05939178913173666,1.0,0.9999673932257813
combined_overall,0.059398251668411554,1.0,0.9999673932257813
combined_overall,0.05940040584730318,1.0,0.9999673932257813
combined_overall,0.0594219476362195,1.0,0.9999673932257813
combined_overall,0.05942410181511113,1.0,0.9999673932257813
combined_overall,0.05942517890455695,1.0,0.9999673932257813
combined_overall,0.05942733308344858,1.0,0.9999673932257813
combined_overall,0.05946503121405214,1.0,0.9999673932257813
combined_overall,0.059467185392943774,1.0,0.9999673932257813
combined_overall,0.05952427113357202,1.0,0.9999673932257813
combined_overall,0.059526425312463646,1.0,0.9999673932257813
combined_overall,0.05954473583304252,1.0,0.9999673932257813
combined_overall,0.05954689001193415,1.0,0.9999673932257813
combined_overall,0.059564123443067205,1.0,0.9999673932257813
combined_overall,0.05956627762195884,1.0,0.9999673932257813
combined_overall,0.05958243396364608,1.0,0.9999673932257813
combined_overall,0.05958458814253771,1.0,0.9999673932257813
combined_overall,0.059596436126441686,1.0,0.9999673932257813
combined_overall,0.05960720702089985,1.0,0.9999673932257813
combined_overall,0.059662138582636456,1.0,0.9999673932257813
combined_overall,0.05966429276152809,1.0,0.9999673932257813
combined_overall,0.05973214939661449,1.0,0.9999673932257813
combined_overall,0.059734303575506124,1.0,0.9999673932257813
combined_overall,0.059835549983412825,1.0,0.9999673932257813
combined_overall,0.05983770416230445,1.0,0.9999673932257813
combined_overall,0.05986463139844985,1.0,0.9999673932257813
combined_overall,0.0598678626667873,1.0,0.9999673932257813
combined_overall,0.060032657351997136,1.0,0.9999673932257813
combined_overall,0.06003481153088877,1.0,0.9999673932257813
combined_overall,0.060035888620334585,1.0,0.9999673932257813
combined_overall,0.06004019697811785,1.0,0.9999673932257813
combined_overall,0.06021037711055677,1.0,0.9999673932257813
combined_overall,0.0602125312894484,1.0,0.9999673932257813
combined_overall,0.06021899382612329,1.0,0.9999673932257813
combined_overall,0.06022114800501493,1.0,0.9999673932257813
combined_overall,0.06028038792453481,1.0,0.9999673932257813
combined_overall,0.060282542103426436,1.0,0.9999673932257813
combined_overall,0.0602868504612097,1.0,0.9999673932257813
combined_overall,0.06028900464010133,1.0,0.9999673932257813
combined_overall,0.060293312997884596,1.0,0.9999673932257813
combined_overall,0.060296544266222045,1.0,0.9999673932257813
combined_overall,0.06029869844511367,1.0,0.9999673932257813
combined_overall,0.06030085262400531,1.0,0.9999673932257813
combined_overall,0.06040533030024946,1.0,0.9999673932257813
combined_overall,0.060407484479141085,1.0,0.9999673932257813
combined_overall,0.0604085615685869,1.0,0.9999673932257813
combined_overall,0.060410715747478534,1.0,0.9999673932257813
combined_overall,0.06045056805697372,1.0,0.9999673932257813
combined_overall,0.060452722235865355,1.0,0.9999673932257813
combined_overall,0.06046133895143188,1.0,0.9999673932257813
combined_overall,0.060463493130323516,1.0,0.9999673932257813
combined_overall,0.06049688290314381,1.0,0.9999673932257813
combined_overall,0.060500114171481253,1.0,0.9999673932257813
combined_overall,0.06056581662767603,1.0,0.9999673932257813
combined_overall,0.060570124985459294,1.0,0.9999673932257813
combined_overall,0.06062397945775009,1.0,0.9999673932257813
combined_overall,0.060626133636641724,1.0,0.9999673932257813
combined_overall,0.06062828781553335,1.0,0.9999673932257813
combined_overall,0.06063044199442499,1.0,0.9999673932257813
combined_overall,0.060667063035582725,1.0,0.9999673932257813
combined_overall,0.06066921721447436,1.0,0.9999673932257813
combined_overall,0.06075538437013964,1.0,0.9999673932257813
combined_overall,0.060757538549031265,1.0,0.9999673932257813
combined_overall,0.06083832025746746,1.0,0.9999673932257813
combined_overall,0.06084047443635909,1.0,0.9999673932257813
combined_overall,0.06087709547751684,1.0,0.9999673932257813
combined_overall,0.0608814038353001,1.0,0.9999673932257813
combined_overall,0.060949260470386506,1.0,0.9999673932257813
combined_overall,0.060951414649278134,1.0,0.9999673932257813
combined_overall,0.061073125756655335,1.0,0.9999673932257813
combined_overall,0.06107527993554697,1.0,0.9999673932257813
combined_overall,0.06110651552947563,1.0,0.9999673932257813
combined_overall,0.061108669708367265,1.0,0.9999673932257813
combined_overall,0.061149599107308265,1.0,0.9999673932257813
combined_overall,0.06116575544899551,1.0,0.9999673932257813
combined_overall,0.06122176410017793,1.0,0.9999673932257813
combined_overall,0.06122391827906957,1.0,0.9999673932257813
combined_overall,0.061240074620756806,1.0,0.9999673932257813
combined_overall,0.06124222879964844,1.0,0.9999673932257813
combined_overall,0.06125192260466078,1.0,0.9999673932257813
combined_overall,0.061254076783552415,1.0,0.9999673932257813
combined_overall,0.06126592476745639,1.0,0.9999673932257813
combined_overall,0.06126807894634802,1.0,0.9999673932257813
combined_overall,0.061277772751360364,1.0,0.9999673932257813
combined_overall,0.06128208110914363,1.0,0.9999673932257813
combined_overall,0.06132193341863882,1.0,0.9999673932257813
combined_overall,0.06132408759753045,1.0,0.9999673932257813
combined_overall,0.06137040244370053,1.0,0.9999673932257813
combined_overall,0.06137255662259217,1.0,0.9999673932257813
combined_overall,0.06138225042760451,1.0,0.9999673932257813
combined_overall,0.06139840676929175,1.0,0.9999673932257813
combined_overall,0.06145010706269091,1.0,0.9999673932257813
combined_overall,0.06145226124158255,1.0,0.9999673932257813
combined_overall,0.06146087795714907,1.0,0.9999673932257813
combined_overall,0.06146303213604071,1.0,0.9999673932257813
combined_overall,0.061466263404378156,1.0,0.9999673932257813
combined_overall,0.06147164885160723,1.0,0.9999673932257813
combined_overall,0.0615168866083315,1.0,0.9999673932257813
combined_overall,0.06151904078722313,1.0,0.9999673932257813
combined_overall,0.061555661828380875,1.0,0.9999673932257813
combined_overall,0.06155781600727251,1.0,0.9999673932257813
combined_overall,0.06156104727560996,1.0,0.9999673932257813
combined_overall,0.06156535563339322,1.0,0.9999673932257813
combined_overall,0.06157504943840556,1.0,0.9999673932257813
combined_overall,0.061577203617297196,1.0,0.9999673932257813
combined_overall,0.06158905160120117,1.0,0.9999673932257813
combined_overall,0.06159228286953862,1.0,0.9999673932257813
combined_overall,0.061604130853442594,1.0,0.9999673932257813
combined_overall,0.06160843921122586,1.0,0.9999673932257813
combined_overall,0.061618133016238204,1.0,0.9999673932257813
combined_overall,0.061625672642358915,1.0,0.9999673932257813
combined_overall,0.06162782682125054,1.0,0.9999673932257813
combined_overall,0.06163105808958799,1.0,0.9999673932257813
combined_overall,0.061659062415179204,1.0,0.9999673932257813
combined_overall,0.06166121659407084,1.0,0.9999673932257813
combined_overall,0.061722610692482346,1.0,0.9999673932257813
combined_overall,0.06172476487137398,1.0,0.9999673932257813
combined_overall,0.061808777848147624,1.0,0.9999673932257813
combined_overall,0.06181200911648507,1.0,0.9999673932257813
combined_overall,0.06183785926318465,1.0,0.9999673932257813
combined_overall,0.061840013442076285,1.0,0.9999673932257813
combined_overall,0.06186478649933005,1.0,0.9999673932257813
combined_overall,0.06186694067822168,1.0,0.9999673932257813
combined_overall,0.061868017767667496,1.0,0.9999673932257813
combined_overall,0.06187017194655913,1.0,0.9999673932257813
combined_overall,0.06187663448323403,1.0,0.9999673932257813
combined_overall,0.06187878866212566,1.0,0.9999673932257813
combined_overall,0.06188955955658382,1.0,0.9999673932257813
combined_overall,0.061891713735475445,1.0,0.9999673932257813
combined_overall,0.06192618059774156,1.0,0.9999673932257813
combined_overall,0.06193264313441645,1.0,0.9999673932257813
combined_overall,0.06194664529721206,1.0,0.9999673932257813
combined_overall,0.0619487994761037,1.0,0.9999673932257813
combined_overall,0.06195849328111604,1.0,0.9999673932257813
combined_overall,0.06196064746000767,1.0,0.9999673932257813
combined_overall,0.062009116485069384,1.0,0.9999673932257813
combined_overall,0.06201127066396102,1.0,0.9999673932257813
combined_overall,0.06201557902174428,1.0,0.9999673932257813
combined_overall,0.06204358334733549,1.0,0.9999673932257813
combined_overall,0.06204573752622713,1.0,0.9999673932257813
combined_overall,0.06210605453519282,1.0,0.9999673932257813
combined_overall,0.06210820871408445,1.0,0.9999673932257813
combined_overall,0.062200838406424624,1.0,0.9999673932257813
combined_overall,0.06220299258531625,1.0,0.9999673932257813
combined_overall,0.062208378032545336,1.0,0.9999673932257813
combined_overall,0.06221591765866605,1.0,0.9999673932257813
combined_overall,0.06222345728478676,1.0,0.9999673932257813
combined_overall,0.06222668855312421,1.0,0.9999673932257813
combined_overall,0.06228269720430663,1.0,0.9999673932257813
combined_overall,0.06228485138319827,1.0,0.9999673932257813
combined_overall,0.06237209562830936,1.0,0.9999673932257813
combined_overall,0.062374249807200986,1.0,0.9999673932257813
combined_overall,0.06238394361221333,1.0,0.9999673932257813
combined_overall,0.06240763958002128,1.0,0.9999673932257813
combined_overall,0.06245180024729974,1.0,0.9999673932257813
combined_overall,0.062453954426191366,1.0,0.9999673932257813
combined_overall,0.062492729646240745,1.0,0.9999673932257813
combined_overall,0.06249488382513237,1.0,0.9999673932257813
combined_overall,0.062499192182915636,1.0,0.9999673932257813
combined_overall,0.06254119867130246,1.0,0.9999673932257813
combined_overall,0.06254335285019409,1.0,0.9999673932257813
combined_overall,0.06258428224913509,1.0,0.9999673932257813
combined_overall,0.06258643642802673,1.0,0.9999673932257813
combined_overall,0.06266614104701711,1.0,0.9999673932257813
combined_overall,0.06267368067313782,1.0,0.9999673932257813
combined_overall,0.06267583485202945,1.0,0.9999673932257813
combined_overall,0.06267798903092109,1.0,0.9999673932257813
combined_overall,0.06268660574648761,1.0,0.9999673932257813
combined_overall,0.06268875992537924,1.0,0.9999673932257813
combined_overall,0.0628007772277441,1.0,0.9999673932257813
combined_overall,0.06280400849608155,1.0,0.9999673932257813
combined_overall,0.06280939394331063,1.0,0.9999673932257813
combined_overall,0.06281154812220226,1.0,0.9999673932257813
combined_overall,0.06284278371613092,1.0,0.9999673932257813
combined_overall,0.06284493789502256,1.0,0.9999673932257813
combined_overall,0.06284816916336,1.0,0.9999673932257813
combined_overall,0.06285032334225163,1.0,0.9999673932257813
combined_overall,0.06288694438340937,1.0,0.9999673932257813
combined_overall,0.062889098562301,1.0,0.9999673932257813
combined_overall,0.06289232983063846,1.0,0.9999673932257813
combined_overall,0.06289448400953009,1.0,0.9999673932257813
combined_overall,0.06309589973589767,1.0,0.9999673932257813
combined_overall,0.06310020809368093,1.0,0.9999673932257813
combined_overall,0.06310559354091001,1.0,0.9999673932257813
combined_overall,0.06310774771980164,1.0,0.9999673932257813
combined_overall,0.06310882480924745,1.0,0.9999673932257813
combined_overall,0.0631109789881391,1.0,0.9999673932257813
combined_overall,0.06314652293985101,1.0,0.9999673932257813
combined_overall,0.06314975420818847,1.0,0.9999673932257813
combined_overall,0.06321114830659998,1.0,0.9999673932257813
combined_overall,0.06321545666438323,1.0,0.9999673932257813
combined_overall,0.06322299629050394,1.0,0.9999673932257813
combined_overall,0.06322730464828721,1.0,0.9999673932257813
combined_overall,0.0632326900955163,1.0,0.9999673932257813
combined_overall,0.06323592136385374,1.0,0.9999673932257813
combined_overall,0.06324346098997445,1.0,0.9999673932257813
combined_overall,0.06324561516886608,1.0,0.9999673932257813
combined_overall,0.06324884643720353,1.0,0.9999673932257813
combined_overall,0.06325100061609516,1.0,0.9999673932257813
combined_overall,0.0632606944211075,1.0,0.9999673932257813
combined_overall,0.06326500277889077,1.0,0.9999673932257813
combined_overall,0.0632736194944573,1.0,0.9999673932257813
combined_overall,0.06327685076279474,1.0,0.9999673932257813
combined_overall,0.06333178232453136,1.0,0.9999673932257813
combined_overall,0.06333609068231462,1.0,0.9999673932257813
combined_overall,0.06334470739788114,1.0,0.9999673932257813
combined_overall,0.06334901575566441,1.0,0.9999673932257813
combined_overall,0.06336624918679747,1.0,0.9999673932257813
combined_overall,0.0633684033656891,1.0,0.9999673932257813
combined_overall,0.06339748478072613,1.0,0.9999673932257813
combined_overall,0.06340071604906358,1.0,0.9999673932257813
combined_overall,0.06343195164299224,1.0,0.9999673932257813
combined_overall,0.06344056835855877,1.0,0.9999673932257813
combined_overall,0.06345564761080019,1.0,0.9999673932257813
combined_overall,0.06345995596858346,1.0,0.9999673932257813
combined_overall,0.06346103305802928,1.0,0.9999673932257813
combined_overall,0.0634631872369209,1.0,0.9999673932257813
combined_overall,0.06350734790419936,1.0,0.9999673932257813
combined_overall,0.06350950208309099,1.0,0.9999673932257813
combined_overall,0.06352135006699497,1.0,0.9999673932257813
combined_overall,0.0635235042458866,1.0,0.9999673932257813
combined_overall,0.06352888969311568,1.0,0.9999673932257813
combined_overall,0.0635375064086822,1.0,0.9999673932257813
combined_overall,0.0635708961815025,1.0,0.9999673932257813
combined_overall,0.06357305036039412,1.0,0.9999673932257813
combined_overall,0.06360644013321443,1.0,0.9999673932257813
combined_overall,0.06360859431210605,1.0,0.9999673932257813
combined_overall,0.06360967140155187,1.0,0.9999673932257813
combined_overall,0.06361936520656421,1.0,0.9999673932257813
combined_overall,0.06362798192213075,1.0,0.9999673932257813
combined_overall,0.06363013610102237,1.0,0.9999673932257813
combined_overall,0.06364736953215543,1.0,0.9999673932257813
combined_overall,0.06364952371104705,1.0,0.9999673932257813
combined_overall,0.06365490915827614,1.0,0.9999673932257813
combined_overall,0.0636581404266136,1.0,0.9999673932257813
combined_overall,0.06368399057331317,1.0,0.9999673932257813
combined_overall,0.0636861447522048,1.0,0.9999673932257813
combined_overall,0.06369368437832551,1.0,0.9999673932257813
combined_overall,0.06369583855721715,1.0,0.9999673932257813
combined_overall,0.06371845743557929,1.0,0.9999673932257813
combined_overall,0.06372061161447092,1.0,0.9999673932257813
combined_overall,0.06374323049283305,1.0,0.9999673932257813
combined_overall,0.0637475388506163,1.0,0.9999673932257813
combined_overall,0.06378308280232824,1.0,0.9999673932257813
combined_overall,0.06378523698121986,1.0,0.9999673932257813
combined_overall,0.06379062242844895,1.0,0.9999673932257813
combined_overall,0.06379385369678639,1.0,0.9999673932257813
combined_overall,0.0638347830957274,1.0,0.9999673932257813
combined_overall,0.06384016854295649,1.0,0.9999673932257813
combined_overall,0.06384447690073974,1.0,0.9999673932257813
combined_overall,0.06384663107963137,1.0,0.9999673932257813
combined_overall,0.06385309361630627,1.0,0.9999673932257813
combined_overall,0.0638552477951979,1.0,0.9999673932257813
combined_overall,0.0638951001046931,1.0,0.9999673932257813
combined_overall,0.06389725428358473,1.0,0.9999673932257813
combined_overall,0.06390263973081381,1.0,0.9999673932257813
combined_overall,0.06390587099915125,1.0,0.9999673932257813
combined_overall,0.06393064405640501,1.0,0.9999673932257813
combined_overall,0.06393387532474247,1.0,0.9999673932257813
combined_overall,0.06396834218700857,1.0,0.9999673932257813
combined_overall,0.06397049636590021,1.0,0.9999673932257813
combined_overall,0.06401142576484121,1.0,0.9999673932257813
combined_overall,0.06401788830151611,1.0,0.9999673932257813
combined_overall,0.06404696971655315,1.0,0.9999673932257813
combined_overall,0.06405450934267386,1.0,0.9999673932257813
combined_overall,0.06406851150546947,1.0,0.9999673932257813
combined_overall,0.0640706656843611,1.0,0.9999673932257813
combined_overall,0.06407605113159018,1.0,0.9999673932257813
combined_overall,0.0640782053104818,1.0,0.9999673932257813
combined_overall,0.06409328456272323,1.0,0.9999673932257813
combined_overall,0.06409867000995231,1.0,0.9999673932257813
combined_overall,0.06411051799385628,1.0,0.9999673932257813
combined_overall,0.06411482635163955,1.0,0.9999673932257813
combined_overall,0.06416544955559289,1.0,0.9999673932257813
combined_overall,0.06416760373448453,1.0,0.9999673932257813
combined_overall,0.06417406627115942,1.0,0.9999673932257813
combined_overall,0.06418268298672596,1.0,0.9999673932257813
combined_overall,0.06418483716561758,1.0,0.9999673932257813
combined_overall,0.06425592506904143,1.0,0.9999673932257813
combined_overall,0.06425807924793306,1.0,0.9999673932257813
combined_overall,0.06426777305294541,1.0,0.9999673932257813
combined_overall,0.06426992723183704,1.0,0.9999673932257813
combined_overall,0.064334552598586,1.0,0.9999673932257813
combined_overall,0.06433993804581507,1.0,0.9999673932257813
combined_overall,0.06435286311916487,1.0,0.9999673932257813
combined_overall,0.0643550172980565,1.0,0.9999673932257813
combined_overall,0.0643614798347314,1.0,0.9999673932257813
combined_overall,0.06436363401362302,1.0,0.9999673932257813
combined_overall,0.06438517580253934,1.0,0.9999673932257813
combined_overall,0.06438732998143097,1.0,0.9999673932257813
combined_overall,0.06439271542866006,1.0,0.9999673932257813
combined_overall,0.06440671759145566,1.0,0.9999673932257813
combined_overall,0.06440887177034729,1.0,0.9999673932257813
combined_overall,0.06445195534817993,1.0,0.9999673932257813
combined_overall,0.06446164915319227,1.0,0.9999673932257813
combined_overall,0.06446488042152973,1.0,0.9999673932257813
combined_overall,0.06446703460042136,1.0,0.9999673932257813
combined_overall,0.06456504973999061,1.0,0.9999673932257813
combined_overall,0.06456720391888224,1.0,0.9999673932257813
combined_overall,0.06458551443946112,1.0,0.9999673932257813
combined_overall,0.06458766861835274,1.0,0.9999673932257813
combined_overall,0.06458874570779856,1.0,0.9999673932257813
combined_overall,0.06459520824447346,1.0,0.9999673932257813
combined_overall,0.06462213548061885,1.0,0.9999673932257813
combined_overall,0.06462428965951049,1.0,0.9999673932257813
combined_overall,0.06462967510673956,1.0,0.9999673932257813
combined_overall,0.0646318292856312,1.0,0.9999673932257813
combined_overall,0.06463721473286027,1.0,0.9999673932257813
combined_overall,0.06465337107454751,1.0,0.9999673932257813
combined_overall,0.06465552525343915,1.0,0.9999673932257813
combined_overall,0.06472230479907974,1.0,0.9999673932257813
combined_overall,0.06472553606741718,1.0,0.9999673932257813
combined_overall,0.064726613156863,1.0,0.9999673932257813
combined_overall,0.06472984442520045,1.0,0.9999673932257813
combined_overall,0.0647330756935379,1.0,0.9999673932257813
combined_overall,0.06473522987242952,1.0,0.9999673932257813
combined_overall,0.06473738405132116,1.0,0.9999673932257813
combined_overall,0.06474169240910442,1.0,0.9999673932257813
combined_overall,0.06474492367744188,1.0,0.9999673932257813
combined_overall,0.06474923203522513,1.0,0.9999673932257813
combined_overall,0.06482031993864898,1.0,0.9999673932257813
combined_overall,0.06482247411754062,1.0,0.9999673932257813
combined_overall,0.06485370971146928,1.0,0.9999673932257813
combined_overall,0.06485694097980672,1.0,0.9999673932257813
combined_overall,0.06486017224814418,1.0,0.9999673932257813
combined_overall,0.06486232642703581,1.0,0.9999673932257813
combined_overall,0.06488494530539794,1.0,0.9999673932257813
combined_overall,0.06489356202096447,1.0,0.9999673932257813
combined_overall,0.06489787037874774,1.0,0.9999673932257813
combined_overall,0.06490002455763937,1.0,0.9999673932257813
combined_overall,0.06490648709431426,1.0,0.9999673932257813
combined_overall,0.0649161808993266,1.0,0.9999673932257813
combined_overall,0.06491833507821823,1.0,0.9999673932257813
combined_overall,0.06492048925710987,1.0,0.9999673932257813
combined_overall,0.0649226434360015,1.0,0.9999673932257813
combined_overall,0.06492479761489313,1.0,0.9999673932257813
combined_overall,0.06493449141990547,1.0,0.9999673932257813
combined_overall,0.06493772268824292,1.0,0.9999673932257813
combined_overall,0.06496249574549669,1.0,0.9999673932257813
combined_overall,0.06496464992438832,1.0,0.9999673932257813
combined_overall,0.06498080626607557,1.0,0.9999673932257813
combined_overall,0.06498403753441301,1.0,0.9999673932257813
combined_overall,0.06500450223388352,1.0,0.9999673932257813
combined_overall,0.06500665641277514,1.0,0.9999673932257813
combined_overall,0.0650378920067038,1.0,0.9999673932257813
combined_overall,0.06504327745393289,1.0,0.9999673932257813
combined_overall,0.06509066938954879,1.0,0.9999673932257813
combined_overall,0.06509390065788623,1.0,0.9999673932257813
combined_overall,0.06510897991012765,1.0,0.9999673932257813
combined_overall,0.06511221117846511,1.0,0.9999673932257813
combined_overall,0.06513698423571887,1.0,0.9999673932257813
combined_overall,0.0651391384146105,1.0,0.9999673932257813
combined_overall,0.06515529475629774,1.0,0.9999673932257813
combined_overall,0.06515744893518938,1.0,0.9999673932257813
combined_overall,0.06516498856131009,1.0,0.9999673932257813
combined_overall,0.06516714274020172,1.0,0.9999673932257813
combined_overall,0.06519622415523875,1.0,0.9999673932257813
combined_overall,0.065200532513022,1.0,0.9999673932257813
combined_overall,0.06523392228584231,1.0,0.9999673932257813
combined_overall,0.06523823064362556,1.0,0.9999673932257813
combined_overall,0.06526300370087934,1.0,0.9999673932257813
combined_overall,0.06526623496921678,1.0,0.9999673932257813
combined_overall,0.06532439779929085,1.0,0.9999673932257813
combined_overall,0.06532655197818248,1.0,0.9999673932257813
combined_overall,0.06536425010878603,1.0,0.9999673932257813
combined_overall,0.06536640428767766,1.0,0.9999673932257813
combined_overall,0.0653954857027147,1.0,0.9999673932257813
combined_overall,0.06539763988160632,1.0,0.9999673932257813
combined_overall,0.06539871697105215,1.0,0.9999673932257813
combined_overall,0.06540194823938959,1.0,0.9999673932257813
combined_overall,0.06541056495495612,1.0,0.9999673932257813
combined_overall,0.06541379622329356,1.0,0.9999673932257813
combined_overall,0.06543749219110152,1.0,0.9999673932257813
combined_overall,0.06543964636999315,1.0,0.9999673932257813
combined_overall,0.06545903398001783,1.0,0.9999673932257813
combined_overall,0.06546118815890947,1.0,0.9999673932257813
combined_overall,0.06551504263120027,1.0,0.9999673932257813
combined_overall,0.0655171968100919,1.0,0.9999673932257813
combined_overall,0.0655311989728875,1.0,0.9999673932257813
combined_overall,0.06553335315177913,1.0,0.9999673932257813
combined_overall,0.06554843240402056,1.0,0.9999673932257813
combined_overall,0.06555166367235801,1.0,0.9999673932257813
combined_overall,0.06556135747737035,1.0,0.9999673932257813
combined_overall,0.06557535964016596,1.0,0.9999673932257813
combined_overall,0.0655785909085034,1.0,0.9999673932257813
combined_overall,0.06558074508739503,1.0,0.9999673932257813
combined_overall,0.0655915159818532,1.0,0.9999673932257813
combined_overall,0.06559367016074483,1.0,0.9999673932257813
combined_overall,0.06559690142908228,1.0,0.9999673932257813
combined_overall,0.06559905560797391,1.0,0.9999673932257813
combined_overall,0.06561844321799859,1.0,0.9999673932257813
combined_overall,0.06562275157578186,1.0,0.9999673932257813
combined_overall,0.0656389079174691,1.0,0.9999673932257813
combined_overall,0.06564106209636072,1.0,0.9999673932257813
combined_overall,0.06566691224306032,1.0,0.9999673932257813
combined_overall,0.06566906642195194,1.0,0.9999673932257813
combined_overall,0.06570137910532642,1.0,0.9999673932257813
combined_overall,0.06571107291033877,1.0,0.9999673932257813
combined_overall,0.06573692305703835,1.0,0.9999673932257813
combined_overall,0.06573907723592998,1.0,0.9999673932257813
combined_overall,0.0657606190248463,1.0,0.9999673932257813
combined_overall,0.06576277320373793,1.0,0.9999673932257813
combined_overall,0.0657735440981961,1.0,0.9999673932257813
combined_overall,0.06577892954542518,1.0,0.9999673932257813
combined_overall,0.06578323790320843,1.0,0.9999673932257813
combined_overall,0.06578539208210006,1.0,0.9999673932257813
combined_overall,0.0658080109604622,1.0,0.9999673932257813
combined_overall,0.06581662767602872,1.0,0.9999673932257813
combined_overall,0.06585001744884902,1.0,0.9999673932257813
combined_overall,0.06585217162774065,1.0,0.9999673932257813
combined_overall,0.06586509670109045,1.0,0.9999673932257813
combined_overall,0.06586725087998208,1.0,0.9999673932257813
combined_overall,0.06589417811612748,1.0,0.9999673932257813
combined_overall,0.06589633229501911,1.0,0.9999673932257813
combined_overall,0.06589956356335655,1.0,0.9999673932257813
combined_overall,0.06590171774224819,1.0,0.9999673932257813
combined_overall,0.06591571990504379,1.0,0.9999673932257813
combined_overall,0.06591787408393543,1.0,0.9999673932257813
combined_overall,0.06596849728788877,1.0,0.9999673932257813
combined_overall,0.06597172855622623,1.0,0.9999673932257813
combined_overall,0.06599650161347999,1.0,0.9999673932257813
combined_overall,0.06599865579237162,1.0,0.9999673932257813
combined_overall,0.06601481213405887,1.0,0.9999673932257813
combined_overall,0.0660169663129505,1.0,0.9999673932257813
combined_overall,0.06605035608577078,1.0,0.9999673932257813
combined_overall,0.06605251026466241,1.0,0.9999673932257813
combined_overall,0.06616560465647309,1.0,0.9999673932257813
combined_overall,0.06617099010370217,1.0,0.9999673932257813
combined_overall,0.06617422137203961,1.0,0.9999673932257813
combined_overall,0.06619037771372686,1.0,0.9999673932257813
combined_overall,0.06620222569763083,1.0,0.9999673932257813
combined_overall,0.06620545696596829,1.0,0.9999673932257813
combined_overall,0.06620868823430573,1.0,0.9999673932257813
combined_overall,0.06621191950264317,1.0,0.9999673932257813
combined_overall,0.06624638636490929,1.0,0.9999673932257813
combined_overall,0.06624961763324673,1.0,0.9999673932257813
combined_overall,0.06627869904828376,1.0,0.9999673932257813
combined_overall,0.0662808532271754,1.0,0.9999673932257813
combined_overall,0.06632932225223712,1.0,0.9999673932257813
combined_overall,0.06633147643112874,1.0,0.9999673932257813
combined_overall,0.06637671418785301,1.0,0.9999673932257813
combined_overall,0.06637886836674464,1.0,0.9999673932257813
combined_overall,0.06645534171739757,1.0,0.9999673932257813
combined_overall,0.06645749589628921,1.0,0.9999673932257813
combined_overall,0.06646718970130155,1.0,0.9999673932257813
combined_overall,0.06647149805908482,1.0,0.9999673932257813
combined_overall,0.06649950238467603,1.0,0.9999673932257813
combined_overall,0.0665038107424593,1.0,0.9999673932257813
combined_overall,0.06651781290525491,1.0,0.9999673932257813
combined_overall,0.06651996708414654,1.0,0.9999673932257813
combined_overall,0.06653612342583377,1.0,0.9999673932257813
combined_overall,0.0665382776047254,1.0,0.9999673932257813
combined_overall,0.06654797140973776,1.0,0.9999673932257813
combined_overall,0.06655012558862938,1.0,0.9999673932257813
combined_overall,0.06660074879258274,1.0,0.9999673932257813
combined_overall,0.06660505715036599,1.0,0.9999673932257813
combined_overall,0.06662444476039069,1.0,0.9999673932257813
combined_overall,0.06662875311817394,1.0,0.9999673932257813
combined_overall,0.06666752833822331,1.0,0.9999673932257813
combined_overall,0.06666968251711496,1.0,0.9999673932257813
combined_overall,0.06668691594824801,1.0,0.9999673932257813
combined_overall,0.06668907012713964,1.0,0.9999673932257813
combined_overall,0.06673969333109299,1.0,0.9999673932257813
combined_overall,0.06674184750998462,1.0,0.9999673932257813
combined_overall,0.06680431869784194,1.0,0.9999673932257813
combined_overall,0.06681616668174592,1.0,0.9999673932257813
combined_overall,0.06685171063345785,1.0,0.9999673932257813
combined_overall,0.06685494190179529,1.0,0.9999673932257813
combined_overall,0.06690879637408609,1.0,0.9999673932257813
combined_overall,0.06691849017909843,1.0,0.9999673932257813
combined_overall,0.06693572361023149,1.0,0.9999673932257813
combined_overall,0.06696049666748526,1.0,0.9999673932257813
combined_overall,0.06696265084637688,1.0,0.9999673932257813
combined_overall,0.06696588211471434,1.0,0.9999673932257813
combined_overall,0.06700250315587207,1.0,0.9999673932257813
combined_overall,0.06700465733476371,1.0,0.9999673932257813
combined_overall,0.06708005359597083,1.0,0.9999673932257813
combined_overall,0.06708328486430827,1.0,0.9999673932257813
combined_overall,0.06711559754768275,1.0,0.9999673932257813
combined_overall,0.06711990590546602,1.0,0.9999673932257813
combined_overall,0.06713390806826162,1.0,0.9999673932257813
combined_overall,0.06713606224715325,1.0,0.9999673932257813
combined_overall,0.06714252478382815,1.0,0.9999673932257813
combined_overall,0.06714575605216559,1.0,0.9999673932257813
combined_overall,0.06721576686614363,1.0,0.9999673932257813
combined_overall,0.06721792104503527,1.0,0.9999673932257813
combined_overall,0.06723300029727669,1.0,0.9999673932257813
combined_overall,0.06723515447616832,1.0,0.9999673932257813
combined_overall,0.06725131081785556,1.0,0.9999673932257813
combined_overall,0.06725346499674718,1.0,0.9999673932257813
combined_overall,0.06728685476956749,1.0,0.9999673932257813
combined_overall,0.06728900894845911,1.0,0.9999673932257813
combined_overall,0.06729331730624238,1.0,0.9999673932257813
combined_overall,0.06729547148513401,1.0,0.9999673932257813
combined_overall,0.06730193402180891,1.0,0.9999673932257813
combined_overall,0.06730408820070054,1.0,0.9999673932257813
combined_overall,0.06731055073737544,1.0,0.9999673932257813
combined_overall,0.06731378200571288,1.0,0.9999673932257813
combined_overall,0.06732778416850849,1.0,0.9999673932257813
combined_overall,0.06732993834740013,1.0,0.9999673932257813
combined_overall,0.06733963215241247,1.0,0.9999673932257813
combined_overall,0.067348248867979,1.0,0.9999673932257813
combined_overall,0.06735255722576225,1.0,0.9999673932257813
combined_overall,0.06735471140465389,1.0,0.9999673932257813
combined_overall,0.0673557884940997,1.0,0.9999673932257813
combined_overall,0.06736440520966623,1.0,0.9999673932257813
combined_overall,0.06738810117747418,1.0,0.9999673932257813
combined_overall,0.06739025535636581,1.0,0.9999673932257813
combined_overall,0.06740748878749887,1.0,0.9999673932257813
combined_overall,0.06741287423472794,1.0,0.9999673932257813
combined_overall,0.06751627482152628,1.0,0.9999673932257813
combined_overall,0.06753997078933423,1.0,0.9999673932257813
combined_overall,0.06755181877323821,1.0,0.9999673932257813
combined_overall,0.06755720422046728,1.0,0.9999673932257813
combined_overall,0.06758090018827524,1.0,0.9999673932257813
combined_overall,0.0675852085460585,1.0,0.9999673932257813
combined_overall,0.06761967540832461,1.0,0.9999673932257813
combined_overall,0.06762182958721624,1.0,0.9999673932257813
combined_overall,0.06765091100225328,1.0,0.9999673932257813
combined_overall,0.0676530651811449,1.0,0.9999673932257813
combined_overall,0.06767352988061541,1.0,0.9999673932257813
combined_overall,0.06767568405950704,1.0,0.9999673932257813
combined_overall,0.0677198447267855,1.0,0.9999673932257813
combined_overall,0.06772307599512294,1.0,0.9999673932257813
combined_overall,0.06777585337796792,1.0,0.9999673932257813
combined_overall,0.06777908464630537,1.0,0.9999673932257813
combined_overall,0.06781032024023403,1.0,0.9999673932257813
combined_overall,0.06781247441912566,1.0,0.9999673932257813
combined_overall,0.06782755367136709,1.0,0.9999673932257813
combined_overall,0.06783186202915036,1.0,0.9999673932257813
combined_overall,0.06786740598086227,1.0,0.9999673932257813
combined_overall,0.06787171433864554,1.0,0.9999673932257813
combined_overall,0.06788356232254951,1.0,0.9999673932257813
combined_overall,0.06788787068033278,1.0,0.9999673932257813
combined_overall,0.0679094124692491,1.0,0.9999673932257813
combined_overall,0.06791156664814073,1.0,0.9999673932257813
combined_overall,0.06794495642096102,1.0,0.9999673932257813
combined_overall,0.06794711059985266,1.0,0.9999673932257813
combined_overall,0.06797080656766061,1.0,0.9999673932257813
combined_overall,0.06797296074655224,1.0,0.9999673932257813
combined_overall,0.067997733803806,1.0,0.9999673932257813
combined_overall,0.06799988798269764,1.0,0.9999673932257813
combined_overall,0.06802896939773466,1.0,0.9999673932257813
combined_overall,0.0680311235766263,1.0,0.9999673932257813
combined_overall,0.06803974029219283,1.0,0.9999673932257813
combined_overall,0.06804189447108445,1.0,0.9999673932257813
combined_overall,0.06805805081277169,1.0,0.9999673932257813
combined_overall,0.06806020499166333,1.0,0.9999673932257813
combined_overall,0.0680720529755673,1.0,0.9999673932257813
combined_overall,0.0680785155122422,1.0,0.9999673932257813
combined_overall,0.06808390095947128,1.0,0.9999673932257813
combined_overall,0.06808605513836291,1.0,0.9999673932257813
combined_overall,0.06808713222780872,1.0,0.9999673932257813
combined_overall,0.06808928640670035,1.0,0.9999673932257813
combined_overall,0.06809359476448362,1.0,0.9999673932257813
combined_overall,0.06809574894337525,1.0,0.9999673932257813
combined_overall,0.06810113439060433,1.0,0.9999673932257813
combined_overall,0.06810328856949596,1.0,0.9999673932257813
combined_overall,0.06810436565894178,1.0,0.9999673932257813
combined_overall,0.06810651983783342,1.0,0.9999673932257813
combined_overall,0.06817114520458237,1.0,0.9999673932257813
combined_overall,0.068173299383474,1.0,0.9999673932257813
combined_overall,0.06819484117239032,1.0,0.9999673932257813
combined_overall,0.06820453497740267,1.0,0.9999673932257813
combined_overall,0.06822176840853572,1.0,0.9999673932257813
combined_overall,0.06822392258742735,1.0,0.9999673932257813
combined_overall,0.06822499967687316,1.0,0.9999673932257813
combined_overall,0.0682271538557648,1.0,0.9999673932257813
combined_overall,0.06826162071803091,1.0,0.9999673932257813
combined_overall,0.06826377489692254,1.0,0.9999673932257813
combined_overall,0.06826485198636835,1.0,0.9999673932257813
combined_overall,0.06826700616525999,1.0,0.9999673932257813
combined_overall,0.0683628671259376,1.0,0.9999673932257813
combined_overall,0.06836502130482924,1.0,0.9999673932257813
combined_overall,0.0683757921992874,1.0,0.9999673932257813
combined_overall,0.06837794637817902,1.0,0.9999673932257813
combined_overall,0.06840487361432443,1.0,0.9999673932257813
combined_overall,0.06840810488266187,1.0,0.9999673932257813
combined_overall,0.06841564450878258,1.0,0.9999673932257813
combined_overall,0.06841779868767423,1.0,0.9999673932257813
combined_overall,0.06845118846049451,1.0,0.9999673932257813
combined_overall,0.06845334263938614,1.0,0.9999673932257813
combined_overall,0.06848673241220644,1.0,0.9999673932257813
combined_overall,0.06848888659109807,1.0,0.9999673932257813
combined_overall,0.06851258255890602,1.0,0.9999673932257813
combined_overall,0.06851473673779765,1.0,0.9999673932257813
combined_overall,0.06852012218502673,1.0,0.9999673932257813
combined_overall,0.06852227636391836,1.0,0.9999673932257813
combined_overall,0.06859982680401712,1.0,0.9999673932257813
combined_overall,0.06860198098290875,1.0,0.9999673932257813
combined_overall,0.06867522306522422,1.0,0.9999673932257813
combined_overall,0.06867737724411586,1.0,0.9999673932257813
combined_overall,0.06870322739081544,1.0,0.9999673932257813
combined_overall,0.06870538156970707,1.0,0.9999673932257813
combined_overall,0.06879154872537235,1.0,0.9999673932257813
combined_overall,0.06879370290426398,1.0,0.9999673932257813
combined_overall,0.0688087821565054,1.0,0.9999673932257813
combined_overall,0.06881201342484285,1.0,0.9999673932257813
combined_overall,0.06882063014040939,1.0,0.9999673932257813
combined_overall,0.06882278431930101,1.0,0.9999673932257813
combined_overall,0.06891541401164118,1.0,0.9999673932257813
combined_overall,0.06891756819053281,1.0,0.9999673932257813
combined_overall,0.0689369558005575,1.0,0.9999673932257813
combined_overall,0.06893910997944913,1.0,0.9999673932257813
combined_overall,0.06894557251612403,1.0,0.9999673932257813
combined_overall,0.06894772669501566,1.0,0.9999673932257813
combined_overall,0.06895849758947382,1.0,0.9999673932257813
combined_overall,0.06896065176836545,1.0,0.9999673932257813
combined_overall,0.06898111646783596,1.0,0.9999673932257813
combined_overall,0.06898542482561922,1.0,0.9999673932257813
combined_overall,0.06900158116730645,1.0,0.9999673932257813
combined_overall,0.0690037353461981,1.0,0.9999673932257813
combined_overall,0.0690112749723188,1.0,0.9999673932257813
combined_overall,0.06901342915121043,1.0,0.9999673932257813
combined_overall,0.06903927929791001,1.0,0.9999673932257813
combined_overall,0.06904251056624747,1.0,0.9999673932257813
combined_overall,0.06906836071294704,1.0,0.9999673932257813
combined_overall,0.06907266907073031,1.0,0.9999673932257813
combined_overall,0.06910929011188806,1.0,0.9999673932257813
combined_overall,0.06911144429077969,1.0,0.9999673932257813
combined_overall,0.06912867772191274,1.0,0.9999673932257813
combined_overall,0.06913083190080437,1.0,0.9999673932257813
combined_overall,0.06914052570581672,1.0,0.9999673932257813
combined_overall,0.06914267988470835,1.0,0.9999673932257813
combined_overall,0.06915237368972069,1.0,0.9999673932257813
combined_overall,0.06915560495805814,1.0,0.9999673932257813
combined_overall,0.06918576346254099,1.0,0.9999673932257813
combined_overall,0.06919007182032424,1.0,0.9999673932257813
combined_overall,0.06919653435699914,1.0,0.9999673932257813
combined_overall,0.06919868853589077,1.0,0.9999673932257813
combined_overall,0.06923746375594014,1.0,0.9999673932257813
combined_overall,0.06923961793483178,1.0,0.9999673932257813
combined_overall,0.06928485569155605,1.0,0.9999673932257813
combined_overall,0.06928700987044768,1.0,0.9999673932257813
combined_overall,0.06932363091160543,1.0,0.9999673932257813
combined_overall,0.06932578509049706,1.0,0.9999673932257813
combined_overall,0.06936025195276317,1.0,0.9999673932257813
combined_overall,0.0693624061316548,1.0,0.9999673932257813
combined_overall,0.06938394792057112,1.0,0.9999673932257813
combined_overall,0.06939148754669183,1.0,0.9999673932257813
combined_overall,0.06939256463613765,1.0,0.9999673932257813
combined_overall,0.0693968729939209,1.0,0.9999673932257813
combined_overall,0.06947980888124873,1.0,0.9999673932257813
combined_overall,0.06948196306014037,1.0,0.9999673932257813
combined_overall,0.06950027358071924,1.0,0.9999673932257813
combined_overall,0.06950781320683995,1.0,0.9999673932257813
combined_overall,0.06962629304587971,1.0,0.9999673932257813
combined_overall,0.06962844722477134,1.0,0.9999673932257813
combined_overall,0.0696402952086753,1.0,0.9999673932257813
combined_overall,0.0696467577453502,1.0,0.9999673932257813
combined_overall,0.06965106610313347,1.0,0.9999673932257813
combined_overall,0.06965752863980837,1.0,0.9999673932257813
combined_overall,0.06968445587595376,1.0,0.9999673932257813
combined_overall,0.06968661005484539,1.0,0.9999673932257813
combined_overall,0.06969953512819518,1.0,0.9999673932257813
combined_overall,0.06970168930708681,1.0,0.9999673932257813
combined_overall,0.06972215400655732,1.0,0.9999673932257813
combined_overall,0.06972430818544895,1.0,0.9999673932257813
combined_overall,0.06973292490101549,1.0,0.9999673932257813
combined_overall,0.06973507907990711,1.0,0.9999673932257813
combined_overall,0.06973831034824456,1.0,0.9999673932257813
combined_overall,0.0697404645271362,1.0,0.9999673932257813
combined_overall,0.06974800415325691,1.0,0.9999673932257813
combined_overall,0.06975015833214854,1.0,0.9999673932257813
combined_overall,0.06975338960048598,1.0,0.9999673932257813
combined_overall,0.06975554377937762,1.0,0.9999673932257813
combined_overall,0.06975769795826925,1.0,0.9999673932257813
combined_overall,0.06975985213716088,1.0,0.9999673932257813
combined_overall,0.06977708556829393,1.0,0.9999673932257813
combined_overall,0.06977923974718557,1.0,0.9999673932257813
combined_overall,0.06978893355219791,1.0,0.9999673932257813
combined_overall,0.06979108773108954,1.0,0.9999673932257813
combined_overall,0.06979647317831862,1.0,0.9999673932257813
combined_overall,0.06979862735721025,1.0,0.9999673932257813
combined_overall,0.06981370660945167,1.0,0.9999673932257813
combined_overall,0.06981801496723494,1.0,0.9999673932257813
combined_overall,0.06984709638227198,1.0,0.9999673932257813
combined_overall,0.0698492505611636,1.0,0.9999673932257813
combined_overall,0.06987833197620064,1.0,0.9999673932257813
combined_overall,0.06988048615509226,1.0,0.9999673932257813
combined_overall,0.06988156324453808,1.0,0.9999673932257813
combined_overall,0.0698837174234297,1.0,0.9999673932257813
combined_overall,0.06988802578121298,1.0,0.9999673932257813
combined_overall,0.0698901799601046,1.0,0.9999673932257813
combined_overall,0.06999573472579457,1.0,0.9999673932257813
combined_overall,0.07000004308357784,1.0,0.9999673932257813
combined_overall,0.07002266196193997,1.0,0.9999673932257813
combined_overall,0.07002697031972323,1.0,0.9999673932257813
combined_overall,0.07003881830362721,1.0,0.9999673932257813
combined_overall,0.07004204957196465,1.0,0.9999673932257813
combined_overall,0.07004743501919374,1.0,0.9999673932257813
combined_overall,0.07005066628753118,1.0,0.9999673932257813
combined_overall,0.07007005389755587,1.0,0.9999673932257813
combined_overall,0.0700722080764475,1.0,0.9999673932257813
combined_overall,0.07009698113370126,1.0,0.9999673932257813
combined_overall,0.0700991353125929,1.0,0.9999673932257813
combined_overall,0.07010882911760524,1.0,0.9999673932257813
combined_overall,0.07011098329649687,1.0,0.9999673932257813
combined_overall,0.07011313747538851,1.0,0.9999673932257813
combined_overall,0.07011636874372595,1.0,0.9999673932257813
combined_overall,0.07017130030546256,1.0,0.9999673932257813
combined_overall,0.07017345448435419,1.0,0.9999673932257813
combined_overall,0.07018207119992073,1.0,0.9999673932257813
combined_overall,0.07018422537881236,1.0,0.9999673932257813
combined_overall,0.07022946313553663,1.0,0.9999673932257813
combined_overall,0.07023161731442826,1.0,0.9999673932257813
combined_overall,0.070268238355586,1.0,0.9999673932257813
combined_overall,0.07027254671336927,1.0,0.9999673932257813
combined_overall,0.07027900925004416,1.0,0.9999673932257813
combined_overall,0.07028439469727324,1.0,0.9999673932257813
combined_overall,0.07028654887616487,1.0,0.9999673932257813
combined_overall,0.07032316991732261,1.0,0.9999673932257813
combined_overall,0.0703285553645517,1.0,0.9999673932257813
combined_overall,0.07035117424291383,1.0,0.9999673932257813
combined_overall,0.07035332842180546,1.0,0.9999673932257813
combined_overall,0.07035871386903454,1.0,0.9999673932257813
combined_overall,0.07036733058460107,1.0,0.9999673932257813
combined_overall,0.0703694847634927,1.0,0.9999673932257813
combined_overall,0.07038564110517993,1.0,0.9999673932257813
combined_overall,0.07038779528407157,1.0,0.9999673932257813
combined_overall,0.07039856617852973,1.0,0.9999673932257813
combined_overall,0.07040072035742136,1.0,0.9999673932257813
combined_overall,0.07042764759356676,1.0,0.9999673932257813
combined_overall,0.0704308788619042,1.0,0.9999673932257813
combined_overall,0.07043303304079584,1.0,0.9999673932257813
combined_overall,0.07043518721968747,1.0,0.9999673932257813
combined_overall,0.07044164975636237,1.0,0.9999673932257813
combined_overall,0.070443803935254,1.0,0.9999673932257813
combined_overall,0.07045242065082052,1.0,0.9999673932257813
combined_overall,0.07045996027694124,1.0,0.9999673932257813
combined_overall,0.07046103736638705,1.0,0.9999673932257813
combined_overall,0.07046749990306195,1.0,0.9999673932257813
combined_overall,0.07046965408195358,1.0,0.9999673932257813
combined_overall,0.07047396243973685,1.0,0.9999673932257813
combined_overall,0.07048150206585756,1.0,0.9999673932257813
combined_overall,0.07048365624474918,1.0,0.9999673932257813
combined_overall,0.07049227296031571,1.0,0.9999673932257813
combined_overall,0.07049658131809898,1.0,0.9999673932257813
combined_overall,0.07056012959540212,1.0,0.9999673932257813
combined_overall,0.07056228377429376,1.0,0.9999673932257813
combined_overall,0.07058705683154752,1.0,0.9999673932257813
combined_overall,0.07058921101043915,1.0,0.9999673932257813
combined_overall,0.07068184070277932,1.0,0.9999673932257813
combined_overall,0.07068399488167096,1.0,0.9999673932257813
combined_overall,0.07070122831280401,1.0,0.9999673932257813
combined_overall,0.07070553667058727,1.0,0.9999673932257813
combined_overall,0.07079816636292745,1.0,0.9999673932257813
combined_overall,0.07080032054181908,1.0,0.9999673932257813
combined_overall,0.07080355181015652,1.0,0.9999673932257813
combined_overall,0.07080570598904816,1.0,0.9999673932257813
combined_overall,0.07089079605526762,1.0,0.9999673932257813
combined_overall,0.07089295023415924,1.0,0.9999673932257813
combined_overall,0.07091556911252138,1.0,0.9999673932257813
combined_overall,0.070917723291413,1.0,0.9999673932257813
combined_overall,0.07100927589430736,1.0,0.9999673932257813
combined_overall,0.07101358425209063,1.0,0.9999673932257813
combined_overall,0.07101466134153644,1.0,0.9999673932257813
combined_overall,0.07101681552042807,1.0,0.9999673932257813
combined_overall,0.07102112387821134,1.0,0.9999673932257813
combined_overall,0.07102974059377787,1.0,0.9999673932257813
combined_overall,0.0710383573093444,1.0,0.9999673932257813
combined_overall,0.07104051148823604,1.0,0.9999673932257813
combined_overall,0.0710458969354651,1.0,0.9999673932257813
combined_overall,0.07106205327715234,1.0,0.9999673932257813
combined_overall,0.07106420745604398,1.0,0.9999673932257813
combined_overall,0.07110513685498498,1.0,0.9999673932257813
combined_overall,0.07110944521276825,1.0,0.9999673932257813
combined_overall,0.07116653095339649,1.0,0.9999673932257813
combined_overall,0.07117299349007139,1.0,0.9999673932257813
combined_overall,0.07117514766896302,1.0,0.9999673932257813
combined_overall,0.07118268729508373,1.0,0.9999673932257813
combined_overall,0.07118807274231281,1.0,0.9999673932257813
combined_overall,0.07120746035233749,1.0,0.9999673932257813
combined_overall,0.07120961453122913,1.0,0.9999673932257813
combined_overall,0.07124623557238688,1.0,0.9999673932257813
combined_overall,0.0712483897512785,1.0,0.9999673932257813
combined_overall,0.07128716497132788,1.0,0.9999673932257813
combined_overall,0.07129039623966532,1.0,0.9999673932257813
combined_overall,0.0713087067602442,1.0,0.9999673932257813
combined_overall,0.07131086093913583,1.0,0.9999673932257813
combined_overall,0.07133240272805215,1.0,0.9999673932257813
combined_overall,0.0713367110858354,1.0,0.9999673932257813
combined_overall,0.07133778817528123,1.0,0.9999673932257813
combined_overall,0.0713431736225103,1.0,0.9999673932257813
combined_overall,0.0713560986958601,1.0,0.9999673932257813
combined_overall,0.07136040705364337,1.0,0.9999673932257813
combined_overall,0.07136363832198081,1.0,0.9999673932257813
combined_overall,0.07136794667976408,1.0,0.9999673932257813
combined_overall,0.07138194884255968,1.0,0.9999673932257813
combined_overall,0.07138410302145132,1.0,0.9999673932257813
combined_overall,0.0714239553309465,1.0,0.9999673932257813
combined_overall,0.07142610950983813,1.0,0.9999673932257813
combined_overall,0.07145195965653772,1.0,0.9999673932257813
combined_overall,0.07145411383542935,1.0,0.9999673932257813
combined_overall,0.07146273055099588,1.0,0.9999673932257813
combined_overall,0.07146703890877915,1.0,0.9999673932257813
combined_overall,0.07148642651880383,1.0,0.9999673932257813
combined_overall,0.07148858069769545,1.0,0.9999673932257813
combined_overall,0.07152089338106994,1.0,0.9999673932257813
combined_overall,0.07152304755996157,1.0,0.9999673932257813
combined_overall,0.07156182278001094,1.0,0.9999673932257813
combined_overall,0.07156397695890257,1.0,0.9999673932257813
combined_overall,0.07160059800006031,1.0,0.9999673932257813
combined_overall,0.07160275217895194,1.0,0.9999673932257813
combined_overall,0.07163291068343479,1.0,0.9999673932257813
combined_overall,0.07163506486232643,1.0,0.9999673932257813
combined_overall,0.07173092582300404,1.0,0.9999673932257813
combined_overall,0.07175569888025782,1.0,0.9999673932257813
combined_overall,0.07179016574252392,1.0,0.9999673932257813
combined_overall,0.07179231992141555,1.0,0.9999673932257813
combined_overall,0.07188171834541827,1.0,0.9999673932257813
combined_overall,0.0718838725243099,1.0,0.9999673932257813
combined_overall,0.07189356632932226,1.0,0.9999673932257813
combined_overall,0.07189572050821388,1.0,0.9999673932257813
combined_overall,0.07189787468710551,1.0,0.9999673932257813
combined_overall,0.07190002886599715,1.0,0.9999673932257813
combined_overall,0.07191403102879275,1.0,0.9999673932257813
combined_overall,0.07191833938657602,1.0,0.9999673932257813
combined_overall,0.07197434803775844,1.0,0.9999673932257813
combined_overall,0.07197650221665008,1.0,0.9999673932257813
combined_overall,0.07198511893221661,1.0,0.9999673932257813
combined_overall,0.07198727311110824,1.0,0.9999673932257813
combined_overall,0.07198835020055405,1.0,0.9999673932257813
combined_overall,0.07199373564778314,1.0,0.9999673932257813
combined_overall,0.07199696691612058,1.0,0.9999673932257813
combined_overall,0.07200019818445803,1.0,0.9999673932257813
combined_overall,0.07200235236334966,1.0,0.9999673932257813
combined_overall,0.07210359877125636,1.0,0.9999673932257813
combined_overall,0.072105752950148,1.0,0.9999673932257813
combined_overall,0.07213483436518502,1.0,0.9999673932257813
combined_overall,0.07213698854407666,1.0,0.9999673932257813
combined_overall,0.07219730555304235,1.0,0.9999673932257813
combined_overall,0.07219945973193398,1.0,0.9999673932257813
combined_overall,0.07222638696807938,1.0,0.9999673932257813
combined_overall,0.07222854114697101,1.0,0.9999673932257813
combined_overall,0.07225223711477896,1.0,0.9999673932257813
combined_overall,0.0722619309197913,1.0,0.9999673932257813
combined_overall,0.07228454979815344,1.0,0.9999673932257813
combined_overall,0.07228670397704506,1.0,0.9999673932257813
combined_overall,0.0722953206926116,1.0,0.9999673932257813
combined_overall,0.07229747487150323,1.0,0.9999673932257813
combined_overall,0.07230178322928649,1.0,0.9999673932257813
combined_overall,0.07230393740817813,1.0,0.9999673932257813
combined_overall,0.0723965671005183,1.0,0.9999673932257813
combined_overall,0.07239872127940992,1.0,0.9999673932257813
combined_overall,0.07242134015777206,1.0,0.9999673932257813
combined_overall,0.07242349433666369,1.0,0.9999673932257813
combined_overall,0.07242564851555533,1.0,0.9999673932257813
combined_overall,0.07243641941001348,1.0,0.9999673932257813
combined_overall,0.0724374964994593,1.0,0.9999673932257813
combined_overall,0.07243965067835094,1.0,0.9999673932257813
combined_overall,0.07246119246726725,1.0,0.9999673932257813
combined_overall,0.07246334664615889,1.0,0.9999673932257813
combined_overall,0.07248488843507521,1.0,0.9999673932257813
combined_overall,0.07248704261396684,1.0,0.9999673932257813
combined_overall,0.07258182648519863,1.0,0.9999673932257813
combined_overall,0.07258398066409028,1.0,0.9999673932257813
combined_overall,0.072620601705248,1.0,0.9999673932257813
combined_overall,0.07262275588413965,1.0,0.9999673932257813
combined_overall,0.07263137259970617,1.0,0.9999673932257813
combined_overall,0.07263568095748943,1.0,0.9999673932257813
combined_overall,0.07269599796645512,1.0,0.9999673932257813
combined_overall,0.07269815214534676,1.0,0.9999673932257813
combined_overall,0.07272615647093797,1.0,0.9999673932257813
combined_overall,0.07272831064982961,1.0,0.9999673932257813
combined_overall,0.07273800445484195,1.0,0.9999673932257813
combined_overall,0.07274015863373358,1.0,0.9999673932257813
combined_overall,0.07278647347990366,1.0,0.9999673932257813
combined_overall,0.07278862765879529,1.0,0.9999673932257813
combined_overall,0.07281878616327814,1.0,0.9999673932257813
combined_overall,0.07282094034216978,1.0,0.9999673932257813
combined_overall,0.07282309452106141,1.0,0.9999673932257813
combined_overall,0.07282632578939885,1.0,0.9999673932257813
combined_overall,0.07282847996829049,1.0,0.9999673932257813
combined_overall,0.07283278832607375,1.0,0.9999673932257813
combined_overall,0.0728564842938817,1.0,0.9999673932257813
combined_overall,0.07286079265166497,1.0,0.9999673932257813
combined_overall,0.07287371772501476,1.0,0.9999673932257813
combined_overall,0.0728769489933522,1.0,0.9999673932257813
combined_overall,0.07289741369282271,1.0,0.9999673932257813
combined_overall,0.07289956787171434,1.0,0.9999673932257813
combined_overall,0.07290064496116015,1.0,0.9999673932257813
combined_overall,0.07290495331894342,1.0,0.9999673932257813
combined_overall,0.07290710749783505,1.0,0.9999673932257813
combined_overall,0.07293942018120952,1.0,0.9999673932257813
combined_overall,0.07294157436010117,1.0,0.9999673932257813
combined_overall,0.07295234525455932,1.0,0.9999673932257813
combined_overall,0.07295449943345095,1.0,0.9999673932257813
combined_overall,0.07296203905957166,1.0,0.9999673932257813
combined_overall,0.0729641932384633,1.0,0.9999673932257813
combined_overall,0.07296634741735493,1.0,0.9999673932257813
combined_overall,0.07296957868569237,1.0,0.9999673932257813
combined_overall,0.07297280995402983,1.0,0.9999673932257813
combined_overall,0.07297604122236727,1.0,0.9999673932257813
combined_overall,0.0729781954012589,1.0,0.9999673932257813
combined_overall,0.07298142666959635,1.0,0.9999673932257813
combined_overall,0.07301589353186246,1.0,0.9999673932257813
combined_overall,0.0730180477107541,1.0,0.9999673932257813
combined_overall,0.07304497494689949,1.0,0.9999673932257813
combined_overall,0.07304712912579112,1.0,0.9999673932257813
combined_overall,0.07308913561417794,1.0,0.9999673932257813
combined_overall,0.07309128979306957,1.0,0.9999673932257813
combined_overall,0.07309667524029866,1.0,0.9999673932257813
combined_overall,0.07310098359808193,1.0,0.9999673932257813
combined_overall,0.07313221919201059,1.0,0.9999673932257813
combined_overall,0.07313545046034803,1.0,0.9999673932257813
combined_overall,0.07322484888435075,1.0,0.9999673932257813
combined_overall,0.07322915724213401,1.0,0.9999673932257813
combined_overall,0.07323238851047147,1.0,0.9999673932257813
combined_overall,0.0732345426893631,1.0,0.9999673932257813
combined_overall,0.07326793246218338,1.0,0.9999673932257813
combined_overall,0.07327008664107502,1.0,0.9999673932257813
combined_overall,0.07331101604001602,1.0,0.9999673932257813
combined_overall,0.07331317021890765,1.0,0.9999673932257813
combined_overall,0.07332717238170326,1.0,0.9999673932257813
combined_overall,0.07333686618671562,1.0,0.9999673932257813
combined_overall,0.07334117454449887,1.0,0.9999673932257813
combined_overall,0.0733433287233905,1.0,0.9999673932257813
combined_overall,0.07336594760175263,1.0,0.9999673932257813
combined_overall,0.07336810178064428,1.0,0.9999673932257813
combined_overall,0.07336917887009009,1.0,0.9999673932257813
combined_overall,0.07337241013842753,1.0,0.9999673932257813
combined_overall,0.0733971831956813,1.0,0.9999673932257813
combined_overall,0.07339933737457294,1.0,0.9999673932257813
combined_overall,0.07355336116532461,1.0,0.9999673932257813
combined_overall,0.07355551534421624,1.0,0.9999673932257813
combined_overall,0.07355982370199951,1.0,0.9999673932257813
combined_overall,0.07356197788089114,1.0,0.9999673932257813
combined_overall,0.07357598004368675,1.0,0.9999673932257813
combined_overall,0.07357813422257838,1.0,0.9999673932257813
combined_overall,0.07363737414209826,1.0,0.9999673932257813
combined_overall,0.07363952832098988,1.0,0.9999673932257813
combined_overall,0.0736546075732313,1.0,0.9999673932257813
combined_overall,0.07365676175212295,1.0,0.9999673932257813
combined_overall,0.07366968682547273,1.0,0.9999673932257813
combined_overall,0.07367722645159344,1.0,0.9999673932257813
combined_overall,0.07368799734605161,1.0,0.9999673932257813
combined_overall,0.07369122861438905,1.0,0.9999673932257813
combined_overall,0.07376123942836708,1.0,0.9999673932257813
combined_overall,0.07376339360725873,1.0,0.9999673932257813
combined_overall,0.07380324591675391,1.0,0.9999673932257813
combined_overall,0.073808631363983,1.0,0.9999673932257813
combined_overall,0.07381293972176625,1.0,0.9999673932257813
combined_overall,0.07381509390065788,1.0,0.9999673932257813
combined_overall,0.07381832516899534,1.0,0.9999673932257813
combined_overall,0.07382047934788696,1.0,0.9999673932257813
combined_overall,0.07384202113680328,1.0,0.9999673932257813
combined_overall,0.07384417531569491,1.0,0.9999673932257813
combined_overall,0.07385063785236981,1.0,0.9999673932257813
combined_overall,0.07385494621015308,1.0,0.9999673932257813
combined_overall,0.07387217964128613,1.0,0.9999673932257813
combined_overall,0.0738764879990694,1.0,0.9999673932257813
combined_overall,0.07388402762519011,1.0,0.9999673932257813
combined_overall,0.07388833598297337,1.0,0.9999673932257813
combined_overall,0.07390233814576898,1.0,0.9999673932257813
combined_overall,0.0739044923246606,1.0,0.9999673932257813
combined_overall,0.0739238799346853,1.0,0.9999673932257813
combined_overall,0.07392603411357693,1.0,0.9999673932257813
combined_overall,0.07393788209748091,1.0,0.9999673932257813
combined_overall,0.07394003627637254,1.0,0.9999673932257813
combined_overall,0.07396157806528886,1.0,0.9999673932257813
combined_overall,0.07396373224418049,1.0,0.9999673932257813
combined_overall,0.07396588642307211,1.0,0.9999673932257813
combined_overall,0.07397665731753028,1.0,0.9999673932257813
combined_overall,0.07399496783810915,1.0,0.9999673932257813
combined_overall,0.07399712201700077,1.0,0.9999673932257813
combined_overall,0.07401112417979638,1.0,0.9999673932257813
combined_overall,0.07401974089536291,1.0,0.9999673932257813
combined_overall,0.07403051178982108,1.0,0.9999673932257813
combined_overall,0.0740391285053876,1.0,0.9999673932257813
combined_overall,0.0741543770760899,1.0,0.9999673932257813
combined_overall,0.07415653125498153,1.0,0.9999673932257813
combined_overall,0.07418345849112694,1.0,0.9999673932257813
combined_overall,0.07418668975946438,1.0,0.9999673932257813
combined_overall,0.07419315229613928,1.0,0.9999673932257813
combined_overall,0.07419746065392255,1.0,0.9999673932257813
combined_overall,0.0742146940850556,1.0,0.9999673932257813
combined_overall,0.07421684826394723,1.0,0.9999673932257813
combined_overall,0.07424592967898426,1.0,0.9999673932257813
combined_overall,0.07425023803676753,1.0,0.9999673932257813
combined_overall,0.07426962564679221,1.0,0.9999673932257813
combined_overall,0.07427177982568385,1.0,0.9999673932257813
combined_overall,0.07429870706182924,1.0,0.9999673932257813
combined_overall,0.07430086124072087,1.0,0.9999673932257813
combined_overall,0.07431378631407067,1.0,0.9999673932257813
combined_overall,0.07431594049296229,1.0,0.9999673932257813
combined_overall,0.07433748228187861,1.0,0.9999673932257813
combined_overall,0.07434609899744514,1.0,0.9999673932257813
combined_overall,0.07435471571301167,1.0,0.9999673932257813
combined_overall,0.07435902407079494,1.0,0.9999673932257813
combined_overall,0.0744042618275192,1.0,0.9999673932257813
combined_overall,0.07441395563253154,1.0,0.9999673932257813
combined_overall,0.07442149525865226,1.0,0.9999673932257813
combined_overall,0.07442364943754388,1.0,0.9999673932257813
combined_overall,0.0744311890636646,1.0,0.9999673932257813
combined_overall,0.07443334324255624,1.0,0.9999673932257813
combined_overall,0.07443549742144787,1.0,0.9999673932257813
combined_overall,0.07444088286867695,1.0,0.9999673932257813
combined_overall,0.07447534973094305,1.0,0.9999673932257813
combined_overall,0.0744775039098347,1.0,0.9999673932257813
combined_overall,0.07450873950376335,1.0,0.9999673932257813
combined_overall,0.07451089368265498,1.0,0.9999673932257813
combined_overall,0.07451412495099242,1.0,0.9999673932257813
combined_overall,0.07451627912988407,1.0,0.9999673932257813
combined_overall,0.07452812711378803,1.0,0.9999673932257813
combined_overall,0.0745324354715713,1.0,0.9999673932257813
combined_overall,0.07453566673990875,1.0,0.9999673932257813
combined_overall,0.07453782091880039,1.0,0.9999673932257813
combined_overall,0.07454320636602946,1.0,0.9999673932257813
combined_overall,0.07454751472381273,1.0,0.9999673932257813
combined_overall,0.07456905651272905,1.0,0.9999673932257813
combined_overall,0.07457121069162068,1.0,0.9999673932257813
combined_overall,0.07458413576497047,1.0,0.9999673932257813
combined_overall,0.0745862899438621,1.0,0.9999673932257813
combined_overall,0.0745992150172119,1.0,0.9999673932257813
combined_overall,0.07460136919610352,1.0,0.9999673932257813
combined_overall,0.07462614225335729,1.0,0.9999673932257813
combined_overall,0.07462937352169474,1.0,0.9999673932257813
combined_overall,0.07464552986338198,1.0,0.9999673932257813
combined_overall,0.07464768404227361,1.0,0.9999673932257813
combined_overall,0.0746541465789485,1.0,0.9999673932257813
combined_overall,0.07465630075784013,1.0,0.9999673932257813
combined_overall,0.07467353418897318,1.0,0.9999673932257813
combined_overall,0.07467568836786483,1.0,0.9999673932257813
combined_overall,0.07468538217287717,1.0,0.9999673932257813
combined_overall,0.0746875363517688,1.0,0.9999673932257813
combined_overall,0.07473600537683052,1.0,0.9999673932257813
combined_overall,0.07473815955572215,1.0,0.9999673932257813
combined_overall,0.07477801186521733,1.0,0.9999673932257813
combined_overall,0.07478016604410896,1.0,0.9999673932257813
combined_overall,0.07478447440189223,1.0,0.9999673932257813
combined_overall,0.07478662858078386,1.0,0.9999673932257813
combined_overall,0.07479416820690457,1.0,0.9999673932257813
combined_overall,0.07479632238579621,1.0,0.9999673932257813
combined_overall,0.074809247459146,1.0,0.9999673932257813
combined_overall,0.07481140163803762,1.0,0.9999673932257813
combined_overall,0.07481463290637508,1.0,0.9999673932257813
combined_overall,0.0748167870852667,1.0,0.9999673932257813
combined_overall,0.07482863506917069,1.0,0.9999673932257813
combined_overall,0.07483078924806232,1.0,0.9999673932257813
combined_overall,0.07484156014252047,1.0,0.9999673932257813
combined_overall,0.07484371432141211,1.0,0.9999673932257813
combined_overall,0.07485017685808701,1.0,0.9999673932257813
combined_overall,0.07485233103697864,1.0,0.9999673932257813
combined_overall,0.07490187715148616,1.0,0.9999673932257813
combined_overall,0.07491911058261923,1.0,0.9999673932257813
combined_overall,0.07496111707100604,1.0,0.9999673932257813
combined_overall,0.07496542542878931,1.0,0.9999673932257813
combined_overall,0.07500958609606777,1.0,0.9999673932257813
combined_overall,0.07501281736440521,1.0,0.9999673932257813
combined_overall,0.07502143407997174,1.0,0.9999673932257813
combined_overall,0.07502466534830919,1.0,0.9999673932257813
combined_overall,0.07502789661664663,1.0,0.9999673932257813
combined_overall,0.07503005079553826,1.0,0.9999673932257813
combined_overall,0.07505051549500877,1.0,0.9999673932257813
combined_overall,0.0750526696739004,1.0,0.9999673932257813
combined_overall,0.07505482385279204,1.0,0.9999673932257813
combined_overall,0.07505697803168367,1.0,0.9999673932257813
combined_overall,0.0750795969100458,1.0,0.9999673932257813
combined_overall,0.07508175108893743,1.0,0.9999673932257813
combined_overall,0.0750860594467207,1.0,0.9999673932257813
combined_overall,0.07509036780450395,1.0,0.9999673932257813
combined_overall,0.07510113869896212,1.0,0.9999673932257813
combined_overall,0.07510329287785375,1.0,0.9999673932257813
combined_overall,0.0751140637723119,1.0,0.9999673932257813
combined_overall,0.07511621795120355,1.0,0.9999673932257813
combined_overall,0.07515499317125292,1.0,0.9999673932257813
combined_overall,0.07515714735014455,1.0,0.9999673932257813
combined_overall,0.07518730585462739,1.0,0.9999673932257813
combined_overall,0.07518946003351902,1.0,0.9999673932257813
combined_overall,0.07522284980633932,1.0,0.9999673932257813
combined_overall,0.07522500398523095,1.0,0.9999673932257813
combined_overall,0.07526485629472614,1.0,0.9999673932257813
combined_overall,0.07526701047361777,1.0,0.9999673932257813
combined_overall,0.07530578569366715,1.0,0.9999673932257813
combined_overall,0.07531009405145041,1.0,0.9999673932257813
combined_overall,0.07532086494590857,1.0,0.9999673932257813
combined_overall,0.0753230191248002,1.0,0.9999673932257813
combined_overall,0.07547273455776861,1.0,0.9999673932257813
combined_overall,0.07547488873666025,1.0,0.9999673932257813
combined_overall,0.07548135127333515,1.0,0.9999673932257813
combined_overall,0.07548350545222678,1.0,0.9999673932257813
combined_overall,0.07549104507834749,1.0,0.9999673932257813
combined_overall,0.07549319925723912,1.0,0.9999673932257813
combined_overall,0.07549750761502239,1.0,0.9999673932257813
combined_overall,0.07549966179391401,1.0,0.9999673932257813
combined_overall,0.07551474104615544,1.0,0.9999673932257813
combined_overall,0.07551797231449288,1.0,0.9999673932257813
combined_overall,0.07557721223401276,1.0,0.9999673932257813
combined_overall,0.0755793664129044,1.0,0.9999673932257813
combined_overall,0.07558582894957928,1.0,0.9999673932257813
combined_overall,0.07558798312847093,1.0,0.9999673932257813
combined_overall,0.07560521655960398,1.0,0.9999673932257813
combined_overall,0.0756073707384956,1.0,0.9999673932257813
combined_overall,0.07560952491738723,1.0,0.9999673932257813
combined_overall,0.07561167909627887,1.0,0.9999673932257813
combined_overall,0.07564937722688243,1.0,0.9999673932257813
combined_overall,0.07565368558466569,1.0,0.9999673932257813
combined_overall,0.07566337938967804,1.0,0.9999673932257813
combined_overall,0.07566553356856967,1.0,0.9999673932257813
combined_overall,0.07568599826804018,1.0,0.9999673932257813
combined_overall,0.07569353789416089,1.0,0.9999673932257813
combined_overall,0.07569892334138996,1.0,0.9999673932257813
combined_overall,0.07570323169917323,1.0,0.9999673932257813
combined_overall,0.07570646296751067,1.0,0.9999673932257813
combined_overall,0.07570861714640231,1.0,0.9999673932257813
combined_overall,0.07574092982977679,1.0,0.9999673932257813
combined_overall,0.07574308400866842,1.0,0.9999673932257813
combined_overall,0.0757549319925724,1.0,0.9999673932257813
combined_overall,0.07575816326090984,1.0,0.9999673932257813
combined_overall,0.07577216542370545,1.0,0.9999673932257813
combined_overall,0.07577431960259708,1.0,0.9999673932257813
combined_overall,0.07577539669204289,1.0,0.9999673932257813
combined_overall,0.07577755087093453,1.0,0.9999673932257813
combined_overall,0.07582601989599624,1.0,0.9999673932257813
combined_overall,0.07582817407488787,1.0,0.9999673932257813
combined_overall,0.07583032825377951,1.0,0.9999673932257813
combined_overall,0.07583248243267114,1.0,0.9999673932257813
combined_overall,0.07583463661156277,1.0,0.9999673932257813
combined_overall,0.0758367907904544,1.0,0.9999673932257813
combined_overall,0.07586264093715399,1.0,0.9999673932257813
combined_overall,0.07586479511604562,1.0,0.9999673932257813
combined_overall,0.07593265175113202,1.0,0.9999673932257813
combined_overall,0.07593480593002365,1.0,0.9999673932257813
combined_overall,0.07599943129677261,1.0,0.9999673932257813
combined_overall,0.07600266256511005,1.0,0.9999673932257813
combined_overall,0.07602205017513475,1.0,0.9999673932257813
combined_overall,0.07602420435402638,1.0,0.9999673932257813
combined_overall,0.07606836502130483,1.0,0.9999673932257813
combined_overall,0.07607051920019646,1.0,0.9999673932257813
combined_overall,0.07607805882631717,1.0,0.9999673932257813
combined_overall,0.0760802130052088,1.0,0.9999673932257813
combined_overall,0.0760866755418837,1.0,0.9999673932257813
combined_overall,0.07608882972077534,1.0,0.9999673932257813
combined_overall,0.07610606315190839,1.0,0.9999673932257813
combined_overall,0.07610821733080002,1.0,0.9999673932257813
combined_overall,0.07613083620916215,1.0,0.9999673932257813
combined_overall,0.07613729874583705,1.0,0.9999673932257813
combined_overall,0.0761480696402952,1.0,0.9999673932257813
combined_overall,0.07615022381918685,1.0,0.9999673932257813
combined_overall,0.0761545321769701,1.0,0.9999673932257813
combined_overall,0.07615668635586173,1.0,0.9999673932257813
combined_overall,0.07617284269754898,1.0,0.9999673932257813
combined_overall,0.0761803823236697,1.0,0.9999673932257813
combined_overall,0.07619007612868203,1.0,0.9999673932257813
combined_overall,0.07619223030757366,1.0,0.9999673932257813
combined_overall,0.07619546157591112,1.0,0.9999673932257813
combined_overall,0.07619761575480274,1.0,0.9999673932257813
combined_overall,0.07622238881205651,1.0,0.9999673932257813
combined_overall,0.07622454299094814,1.0,0.9999673932257813
combined_overall,0.07623639097485212,1.0,0.9999673932257813
combined_overall,0.07623962224318956,1.0,0.9999673932257813
combined_overall,0.07625793276376844,1.0,0.9999673932257813
combined_overall,0.0762622411215517,1.0,0.9999673932257813
combined_overall,0.0762762432843473,1.0,0.9999673932257813
combined_overall,0.07628055164213057,1.0,0.9999673932257813
combined_overall,0.07631824977273413,1.0,0.9999673932257813
combined_overall,0.07632578939885484,1.0,0.9999673932257813
combined_overall,0.07636671879779584,1.0,0.9999673932257813
combined_overall,0.07636887297668747,1.0,0.9999673932257813
combined_overall,0.07636995006613329,1.0,0.9999673932257813
combined_overall,0.07637210424502493,1.0,0.9999673932257813
combined_overall,0.07637533551336237,1.0,0.9999673932257813
combined_overall,0.07637964387114564,1.0,0.9999673932257813
combined_overall,0.07638072096059145,1.0,0.9999673932257813
combined_overall,0.07638287513948308,1.0,0.9999673932257813
combined_overall,0.07639041476560379,1.0,0.9999673932257813
combined_overall,0.07639256894449542,1.0,0.9999673932257813
combined_overall,0.0764044169283994,1.0,0.9999673932257813
combined_overall,0.07640872528618267,1.0,0.9999673932257813
combined_overall,0.07643672961177388,1.0,0.9999673932257813
combined_overall,0.07644103796955715,1.0,0.9999673932257813
combined_overall,0.07646365684791928,1.0,0.9999673932257813
combined_overall,0.07646796520570254,1.0,0.9999673932257813
combined_overall,0.07652397385688497,1.0,0.9999673932257813
combined_overall,0.07652828221466823,1.0,0.9999673932257813
combined_overall,0.07653366766189731,1.0,0.9999673932257813
combined_overall,0.07653582184078894,1.0,0.9999673932257813
combined_overall,0.07661014101255025,1.0,0.9999673932257813
combined_overall,0.07661229519144187,1.0,0.9999673932257813
combined_overall,0.0766209119070084,1.0,0.9999673932257813
combined_overall,0.07662306608590004,1.0,0.9999673932257813
combined_overall,0.0766413766064789,1.0,0.9999673932257813
combined_overall,0.07664568496426218,1.0,0.9999673932257813
combined_overall,0.0766478391431538,1.0,0.9999673932257813
combined_overall,0.07666399548484104,1.0,0.9999673932257813
combined_overall,0.07666830384262431,1.0,0.9999673932257813
combined_overall,0.07668015182652828,1.0,0.9999673932257813
combined_overall,0.07668230600541992,1.0,0.9999673932257813
combined_overall,0.07668338309486573,1.0,0.9999673932257813
combined_overall,0.07668553727375736,1.0,0.9999673932257813
combined_overall,0.07668661436320318,1.0,0.9999673932257813
combined_overall,0.07669199981043226,1.0,0.9999673932257813
combined_overall,0.07669415398932389,1.0,0.9999673932257813
combined_overall,0.07669630816821552,1.0,0.9999673932257813
combined_overall,0.07671138742045694,1.0,0.9999673932257813
combined_overall,0.07671354159934858,1.0,0.9999673932257813
combined_overall,0.07671677286768602,1.0,0.9999673932257813
combined_overall,0.07672000413602348,1.0,0.9999673932257813
combined_overall,0.0767426230143856,1.0,0.9999673932257813
combined_overall,0.07674693137216887,1.0,0.9999673932257813
combined_overall,0.0767490855510605,1.0,0.9999673932257813
combined_overall,0.07676631898219356,1.0,0.9999673932257813
combined_overall,0.07676847316108519,1.0,0.9999673932257813
combined_overall,0.07679432330778477,1.0,0.9999673932257813
combined_overall,0.07679863166556804,1.0,0.9999673932257813
combined_overall,0.07680509420224294,1.0,0.9999673932257813
combined_overall,0.07680724838113456,1.0,0.9999673932257813
combined_overall,0.07684710069062975,1.0,0.9999673932257813
combined_overall,0.07685571740619628,1.0,0.9999673932257813
combined_overall,0.07690095516292055,1.0,0.9999673932257813
combined_overall,0.07690310934181219,1.0,0.9999673932257813
combined_overall,0.07693003657795758,1.0,0.9999673932257813
combined_overall,0.0769321907568492,1.0,0.9999673932257813
combined_overall,0.07693973038296992,1.0,0.9999673932257813
combined_overall,0.07694188456186156,1.0,0.9999673932257813
combined_overall,0.076945115830199,1.0,0.9999673932257813
combined_overall,0.07694834709853646,1.0,0.9999673932257813
combined_overall,0.07695373254576553,1.0,0.9999673932257813
combined_overall,0.07695588672465717,1.0,0.9999673932257813
combined_overall,0.07696234926133205,1.0,0.9999673932257813
combined_overall,0.0769645034402237,1.0,0.9999673932257813
combined_overall,0.07698281396080256,1.0,0.9999673932257813
combined_overall,0.07698496813969419,1.0,0.9999673932257813
combined_overall,0.07699358485526073,1.0,0.9999673932257813
combined_overall,0.07699681612359817,1.0,0.9999673932257813
combined_overall,0.07700866410750214,1.0,0.9999673932257813
combined_overall,0.0770129724652854,1.0,0.9999673932257813
combined_overall,0.07702482044918939,1.0,0.9999673932257813
combined_overall,0.07702805171752683,1.0,0.9999673932257813
combined_overall,0.07705821022200968,1.0,0.9999673932257813
combined_overall,0.0770603644009013,1.0,0.9999673932257813
combined_overall,0.0770732894742511,1.0,0.9999673932257813
combined_overall,0.07707544365314273,1.0,0.9999673932257813
combined_overall,0.07709052290538415,1.0,0.9999673932257813
combined_overall,0.07709267708427579,1.0,0.9999673932257813
combined_overall,0.07710560215762557,1.0,0.9999673932257813
combined_overall,0.07710775633651722,1.0,0.9999673932257813
combined_overall,0.0771142188731921,1.0,0.9999673932257813
combined_overall,0.07711637305208374,1.0,0.9999673932257813
combined_overall,0.0771476086460124,1.0,0.9999673932257813
combined_overall,0.07715083991434984,1.0,0.9999673932257813
combined_overall,0.07717992132938688,1.0,0.9999673932257813
combined_overall,0.0771820755082785,1.0,0.9999673932257813
combined_overall,0.07724562378558165,1.0,0.9999673932257813
combined_overall,0.07724777796447328,1.0,0.9999673932257813
combined_overall,0.07726716557449796,1.0,0.9999673932257813
combined_overall,0.07727039684283542,1.0,0.9999673932257813
combined_overall,0.07728009064784776,1.0,0.9999673932257813
combined_overall,0.07728332191618521,1.0,0.9999673932257813
combined_overall,0.07729193863175174,1.0,0.9999673932257813
combined_overall,0.07729409281064337,1.0,0.9999673932257813
combined_overall,0.07732748258346366,1.0,0.9999673932257813
combined_overall,0.0773296367623553,1.0,0.9999673932257813
combined_overall,0.07734256183570508,1.0,0.9999673932257813
combined_overall,0.07734579310404253,1.0,0.9999673932257813
combined_overall,0.07735225564071743,1.0,0.9999673932257813
combined_overall,0.07735440981960906,1.0,0.9999673932257813
combined_overall,0.07736841198240467,1.0,0.9999673932257813
combined_overall,0.07737272034018793,1.0,0.9999673932257813
combined_overall,0.07742872899137036,1.0,0.9999673932257813
combined_overall,0.07743088317026199,1.0,0.9999673932257813
combined_overall,0.07751489614703563,1.0,0.9999673932257813
combined_overall,0.07751705032592726,1.0,0.9999673932257813
combined_overall,0.07752997539927706,1.0,0.9999673932257813
combined_overall,0.07753212957816868,1.0,0.9999673932257813
combined_overall,0.07754182338318104,1.0,0.9999673932257813
combined_overall,0.07754397756207267,1.0,0.9999673932257813
combined_overall,0.07762152800217141,1.0,0.9999673932257813
combined_overall,0.07762368218106304,1.0,0.9999673932257813
combined_overall,0.07766353449055824,1.0,0.9999673932257813
combined_overall,0.07766891993778731,1.0,0.9999673932257813
combined_overall,0.07767322829557058,1.0,0.9999673932257813
combined_overall,0.0776818450111371,1.0,0.9999673932257813
combined_overall,0.07768292210058292,1.0,0.9999673932257813
combined_overall,0.07768507627947455,1.0,0.9999673932257813
combined_overall,0.07772492858896975,1.0,0.9999673932257813
combined_overall,0.077729236946753,1.0,0.9999673932257813
combined_overall,0.0777766288823689,1.0,0.9999673932257813
combined_overall,0.07777878306126054,1.0,0.9999673932257813
combined_overall,0.07783586880188878,1.0,0.9999673932257813
combined_overall,0.07783802298078042,1.0,0.9999673932257813
combined_overall,0.07784017715967205,1.0,0.9999673932257813
combined_overall,0.07784233133856368,1.0,0.9999673932257813
combined_overall,0.077904802526421,1.0,0.9999673932257813
combined_overall,0.07790695670531264,1.0,0.9999673932257813
combined_overall,0.07791341924198752,1.0,0.9999673932257813
combined_overall,0.07791665051032498,1.0,0.9999673932257813
combined_overall,0.07792849849422895,1.0,0.9999673932257813
combined_overall,0.07793065267312059,1.0,0.9999673932257813
combined_overall,0.07795542573037435,1.0,0.9999673932257813
combined_overall,0.07795757990926598,1.0,0.9999673932257813
combined_overall,0.07797373625095322,1.0,0.9999673932257813
combined_overall,0.07797696751929067,1.0,0.9999673932257813
combined_overall,0.07798881550319464,1.0,0.9999673932257813
combined_overall,0.07799096968208628,1.0,0.9999673932257813
combined_overall,0.07801466564989423,1.0,0.9999673932257813
combined_overall,0.07801681982878586,1.0,0.9999673932257813
combined_overall,0.07802220527601494,1.0,0.9999673932257813
combined_overall,0.07802435945490657,1.0,0.9999673932257813
combined_overall,0.07802759072324403,1.0,0.9999673932257813
combined_overall,0.07803836161770218,1.0,0.9999673932257813
combined_overall,0.07805774922772686,1.0,0.9999673932257813
combined_overall,0.07806205758551013,1.0,0.9999673932257813
combined_overall,0.07809221608999298,1.0,0.9999673932257813
combined_overall,0.0780943702688846,1.0,0.9999673932257813
combined_overall,0.0781072953422344,1.0,0.9999673932257813
combined_overall,0.07810944952112603,1.0,0.9999673932257813
combined_overall,0.07812560586281327,1.0,0.9999673932257813
combined_overall,0.07812883713115072,1.0,0.9999673932257813
combined_overall,0.07813099131004235,1.0,0.9999673932257813
combined_overall,0.07813314548893398,1.0,0.9999673932257813
combined_overall,0.07813529966782562,1.0,0.9999673932257813
combined_overall,0.07815253309895867,1.0,0.9999673932257813
combined_overall,0.07815684145674194,1.0,0.9999673932257813
combined_overall,0.07815791854618775,1.0,0.9999673932257813
combined_overall,0.07816007272507938,1.0,0.9999673932257813
combined_overall,0.07817730615621243,1.0,0.9999673932257813
combined_overall,0.0781816145139957,1.0,0.9999673932257813
combined_overall,0.07822146682349089,1.0,0.9999673932257813
combined_overall,0.07822469809182833,1.0,0.9999673932257813
combined_overall,0.07827962965356496,1.0,0.9999673932257813
combined_overall,0.07828178383245658,1.0,0.9999673932257813
combined_overall,0.07830224853192709,1.0,0.9999673932257813
combined_overall,0.07830655688971035,1.0,0.9999673932257813
combined_overall,0.07831517360527687,1.0,0.9999673932257813
combined_overall,0.07831732778416851,1.0,0.9999673932257813
combined_overall,0.07835394882532624,1.0,0.9999673932257813
combined_overall,0.07835610300421789,1.0,0.9999673932257813
combined_overall,0.0783701051670135,1.0,0.9999673932257813
combined_overall,0.07837225934590512,1.0,0.9999673932257813
combined_overall,0.07837764479313421,1.0,0.9999673932257813
combined_overall,0.07837979897202584,1.0,0.9999673932257813
combined_overall,0.07838087606147165,1.0,0.9999673932257813
combined_overall,0.07838410732980909,1.0,0.9999673932257813
combined_overall,0.0784110345659545,1.0,0.9999673932257813
combined_overall,0.07841318874484612,1.0,0.9999673932257813
combined_overall,0.07844980978600387,1.0,0.9999673932257813
combined_overall,0.0784519639648955,1.0,0.9999673932257813
combined_overall,0.07846488903824529,1.0,0.9999673932257813
combined_overall,0.07846919739602856,1.0,0.9999673932257813
combined_overall,0.07847135157492019,1.0,0.9999673932257813
combined_overall,0.07847996829048672,1.0,0.9999673932257813
combined_overall,0.07848212246937834,1.0,0.9999673932257813
combined_overall,0.07848858500605324,1.0,0.9999673932257813
combined_overall,0.07849289336383651,1.0,0.9999673932257813
combined_overall,0.07849935590051141,1.0,0.9999673932257813
combined_overall,0.07850474134774048,1.0,0.9999673932257813
combined_overall,0.07851551224219865,1.0,0.9999673932257813
combined_overall,0.07851766642109027,1.0,0.9999673932257813
combined_overall,0.07852520604721099,1.0,0.9999673932257813
combined_overall,0.07852843731554843,1.0,0.9999673932257813
combined_overall,0.07855428746224802,1.0,0.9999673932257813
combined_overall,0.07856182708836873,1.0,0.9999673932257813
combined_overall,0.07858121469839341,1.0,0.9999673932257813
combined_overall,0.07858336887728505,1.0,0.9999673932257813
combined_overall,0.07858875432451412,1.0,0.9999673932257813
combined_overall,0.07859090850340576,1.0,0.9999673932257813
combined_overall,0.07860814193453881,1.0,0.9999673932257813
combined_overall,0.07861029611343044,1.0,0.9999673932257813
combined_overall,0.07862645245511768,1.0,0.9999673932257813
combined_overall,0.07862860663400932,1.0,0.9999673932257813
combined_overall,0.07866522767516705,1.0,0.9999673932257813
combined_overall,0.0786673818540587,1.0,0.9999673932257813
combined_overall,0.07867599856962522,1.0,0.9999673932257813
combined_overall,0.07867815274851685,1.0,0.9999673932257813
combined_overall,0.07868461528519174,1.0,0.9999673932257813
combined_overall,0.078688923642975,1.0,0.9999673932257813
combined_overall,0.07869969453743317,1.0,0.9999673932257813
combined_overall,0.0787018487163248,1.0,0.9999673932257813
combined_overall,0.07870292580577061,1.0,0.9999673932257813
combined_overall,0.07870723416355388,1.0,0.9999673932257813
combined_overall,0.07874277811526581,1.0,0.9999673932257813
combined_overall,0.07874493229415744,1.0,0.9999673932257813
combined_overall,0.078782630424761,1.0,0.9999673932257813
combined_overall,0.07878478460365262,1.0,0.9999673932257813
combined_overall,0.07879232422977334,1.0,0.9999673932257813
combined_overall,0.0787966325875566,1.0,0.9999673932257813
combined_overall,0.07884940997040159,1.0,0.9999673932257813
combined_overall,0.07885156414929322,1.0,0.9999673932257813
combined_overall,0.07885587250707647,1.0,0.9999673932257813
combined_overall,0.07885802668596811,1.0,0.9999673932257813
combined_overall,0.07887310593820954,1.0,0.9999673932257813
combined_overall,0.07887741429599279,1.0,0.9999673932257813
combined_overall,0.07890003317435493,1.0,0.9999673932257813
combined_overall,0.07890218735324657,1.0,0.9999673932257813
combined_overall,0.0789043415321382,1.0,0.9999673932257813
combined_overall,0.07890649571102983,1.0,0.9999673932257813
combined_overall,0.07890864988992145,1.0,0.9999673932257813
combined_overall,0.07891188115825891,1.0,0.9999673932257813
combined_overall,0.07892157496327125,1.0,0.9999673932257813
combined_overall,0.07892372914216288,1.0,0.9999673932257813
combined_overall,0.07892696041050033,1.0,0.9999673932257813
combined_overall,0.07893450003662104,1.0,0.9999673932257813
combined_overall,0.0789388083944043,1.0,0.9999673932257813
combined_overall,0.07894311675218757,1.0,0.9999673932257813
combined_overall,0.0789452709310792,1.0,0.9999673932257813
combined_overall,0.0789517334677541,1.0,0.9999673932257813
combined_overall,0.07895604182553737,1.0,0.9999673932257813
combined_overall,0.0789657356305497,1.0,0.9999673932257813
combined_overall,0.07896788980944133,1.0,0.9999673932257813
combined_overall,0.07900989629782816,1.0,0.9999673932257813
combined_overall,0.07901420465561142,1.0,0.9999673932257813
combined_overall,0.07901851301339469,1.0,0.9999673932257813
combined_overall,0.07902066719228631,1.0,0.9999673932257813
combined_overall,0.07906267368067314,1.0,0.9999673932257813
combined_overall,0.07906482785956477,1.0,0.9999673932257813
combined_overall,0.07907021330679385,1.0,0.9999673932257813
combined_overall,0.07907236748568548,1.0,0.9999673932257813
combined_overall,0.07907667584346874,1.0,0.9999673932257813
combined_overall,0.07908098420125201,1.0,0.9999673932257813
combined_overall,0.07909175509571016,1.0,0.9999673932257813
combined_overall,0.07909606345349343,1.0,0.9999673932257813
combined_overall,0.07911868233185557,1.0,0.9999673932257813
combined_overall,0.0791208365107472,1.0,0.9999673932257813
combined_overall,0.07912406777908465,1.0,0.9999673932257813
combined_overall,0.07912622195797628,1.0,0.9999673932257813
combined_overall,0.07916930553580892,1.0,0.9999673932257813
combined_overall,0.07917145971470055,1.0,0.9999673932257813
combined_overall,0.07917899934082126,1.0,0.9999673932257813
combined_overall,0.07918115351971289,1.0,0.9999673932257813
combined_overall,0.0791822306091587,1.0,0.9999673932257813
combined_overall,0.07918438478805034,1.0,0.9999673932257813
combined_overall,0.07921454329253319,1.0,0.9999673932257813
combined_overall,0.07921669747142482,1.0,0.9999673932257813
combined_overall,0.07923931634978695,1.0,0.9999673932257813
combined_overall,0.07924147052867858,1.0,0.9999673932257813
combined_overall,0.07934056275769365,1.0,0.9999673932257813
combined_overall,0.07934487111547692,1.0,0.9999673932257813
combined_overall,0.07934702529436855,1.0,0.9999673932257813
combined_overall,0.07938256924608048,1.0,0.9999673932257813
combined_overall,0.07940087976665934,1.0,0.9999673932257813
combined_overall,0.07940626521388842,1.0,0.9999673932257813
combined_overall,0.07940841939278005,1.0,0.9999673932257813
combined_overall,0.07949350945899951,1.0,0.9999673932257813
combined_overall,0.07949566363789115,1.0,0.9999673932257813
combined_overall,0.07955274937851939,1.0,0.9999673932257813
combined_overall,0.07955490355741102,1.0,0.9999673932257813
combined_overall,0.07955705773630266,1.0,0.9999673932257813
combined_overall,0.0795602890046401,1.0,0.9999673932257813
combined_overall,0.07956459736242337,1.0,0.9999673932257813
combined_overall,0.079566751541315,1.0,0.9999673932257813
combined_overall,0.07956890572020663,1.0,0.9999673932257813
combined_overall,0.07957105989909827,1.0,0.9999673932257813
combined_overall,0.0795796766146648,1.0,0.9999673932257813
combined_overall,0.07958183079355642,1.0,0.9999673932257813
combined_overall,0.07960337258247274,1.0,0.9999673932257813
combined_overall,0.07960552676136437,1.0,0.9999673932257813
combined_overall,0.07961091220859345,1.0,0.9999673932257813
combined_overall,0.07961522056637671,1.0,0.9999673932257813
combined_overall,0.07962706855028069,1.0,0.9999673932257813
combined_overall,0.07963245399750978,1.0,0.9999673932257813
combined_overall,0.07963999362363049,1.0,0.9999673932257813
combined_overall,0.07964322489196793,1.0,0.9999673932257813
combined_overall,0.07964537907085956,1.0,0.9999673932257813
combined_overall,0.07967661466478822,1.0,0.9999673932257813
combined_overall,0.07967876884367986,1.0,0.9999673932257813
combined_overall,0.07969600227481291,1.0,0.9999673932257813
combined_overall,0.07969923354315035,1.0,0.9999673932257813
combined_overall,0.07972185242151249,1.0,0.9999673932257813
combined_overall,0.07973046913707901,1.0,0.9999673932257813
combined_overall,0.07974554838932044,1.0,0.9999673932257813
combined_overall,0.07974770256821208,1.0,0.9999673932257813
combined_overall,0.07975955055211605,1.0,0.9999673932257813
combined_overall,0.07976170473100769,1.0,0.9999673932257813
combined_overall,0.07979940286161125,1.0,0.9999673932257813
combined_overall,0.0798037112193945,1.0,0.9999673932257813
combined_overall,0.07980801957717777,1.0,0.9999673932257813
combined_overall,0.07982956136609409,1.0,0.9999673932257813
combined_overall,0.07983171554498572,1.0,0.9999673932257813
combined_overall,0.07984356352888969,1.0,0.9999673932257813
combined_overall,0.07984571770778133,1.0,0.9999673932257813
combined_overall,0.07985648860223948,1.0,0.9999673932257813
combined_overall,0.07985864278113111,1.0,0.9999673932257813
combined_overall,0.07988018457004743,1.0,0.9999673932257813
combined_overall,0.07988233874893906,1.0,0.9999673932257813
combined_overall,0.07990603471674702,1.0,0.9999673932257813
combined_overall,0.07990818889563865,1.0,0.9999673932257813
combined_overall,0.07993942448956731,1.0,0.9999673932257813
combined_overall,0.07994157866845894,1.0,0.9999673932257813
combined_overall,0.07996958299405016,1.0,0.9999673932257813
combined_overall,0.07997173717294179,1.0,0.9999673932257813
combined_overall,0.08000297276687045,1.0,0.9999673932257813
combined_overall,0.08000512694576209,1.0,0.9999673932257813
combined_overall,0.08005251888137799,1.0,0.9999673932257813
combined_overall,0.08006328977583614,1.0,0.9999673932257813
combined_overall,0.08006544395472778,1.0,0.9999673932257813
combined_overall,0.08006759813361941,1.0,0.9999673932257813
combined_overall,0.08009560245921062,1.0,0.9999673932257813
combined_overall,0.08009775663810226,1.0,0.9999673932257813
combined_overall,0.08012468387424765,1.0,0.9999673932257813
combined_overall,0.08012899223203092,1.0,0.9999673932257813
combined_overall,0.08014191730538071,1.0,0.9999673932257813
combined_overall,0.08014407148427234,1.0,0.9999673932257813
combined_overall,0.08014945693150143,1.0,0.9999673932257813
combined_overall,0.08015376528928468,1.0,0.9999673932257813
combined_overall,0.08016130491540539,1.0,0.9999673932257813
combined_overall,0.08016345909429702,1.0,0.9999673932257813
combined_overall,0.08019361759877987,1.0,0.9999673932257813
combined_overall,0.08019577177767151,1.0,0.9999673932257813
combined_overall,0.08020869685102129,1.0,0.9999673932257813
combined_overall,0.08021085102991293,1.0,0.9999673932257813
combined_overall,0.080216236477142,1.0,0.9999673932257813
combined_overall,0.08021839065603364,1.0,0.9999673932257813
combined_overall,0.08024316371328741,1.0,0.9999673932257813
combined_overall,0.08024531789217904,1.0,0.9999673932257813
combined_overall,0.08025501169719138,1.0,0.9999673932257813
combined_overall,0.08025716587608302,1.0,0.9999673932257813
combined_overall,0.08026255132331209,1.0,0.9999673932257813
combined_overall,0.08026470550220373,1.0,0.9999673932257813
combined_overall,0.08034225594230247,1.0,0.9999673932257813
combined_overall,0.0803444101211941,1.0,0.9999673932257813
combined_overall,0.08035194974731481,1.0,0.9999673932257813
combined_overall,0.08035410392620644,1.0,0.9999673932257813
combined_overall,0.08036056646288134,1.0,0.9999673932257813
combined_overall,0.08036272064177298,1.0,0.9999673932257813
combined_overall,0.08037026026789369,1.0,0.9999673932257813
combined_overall,0.08037241444678532,1.0,0.9999673932257813
combined_overall,0.08037349153623113,1.0,0.9999673932257813
combined_overall,0.0803777998940144,1.0,0.9999673932257813
combined_overall,0.08038857078847256,1.0,0.9999673932257813
combined_overall,0.08039072496736419,1.0,0.9999673932257813
combined_overall,0.08039287914625583,1.0,0.9999673932257813
combined_overall,0.08039503332514746,1.0,0.9999673932257813
combined_overall,0.0804047271301598,1.0,0.9999673932257813
combined_overall,0.08040688130905142,1.0,0.9999673932257813
combined_overall,0.0804122667562805,1.0,0.9999673932257813
combined_overall,0.08042196056129285,1.0,0.9999673932257813
combined_overall,0.0804381169029801,1.0,0.9999673932257813
combined_overall,0.08044027108187173,1.0,0.9999673932257813
combined_overall,0.08044673361854662,1.0,0.9999673932257813
combined_overall,0.08044888779743825,1.0,0.9999673932257813
combined_overall,0.08046504413912549,1.0,0.9999673932257813
combined_overall,0.08047150667580039,1.0,0.9999673932257813
combined_overall,0.08048443174915018,1.0,0.9999673932257813
combined_overall,0.08048874010693344,1.0,0.9999673932257813
combined_overall,0.08049412555416252,1.0,0.9999673932257813
combined_overall,0.08049627973305415,1.0,0.9999673932257813
combined_overall,0.08050058809083742,1.0,0.9999673932257813
combined_overall,0.08050812771695813,1.0,0.9999673932257813
combined_overall,0.08051028189584976,1.0,0.9999673932257813
combined_overall,0.0805135131641872,1.0,0.9999673932257813
combined_overall,0.08051566734307884,1.0,0.9999673932257813
combined_overall,0.080526438237537,1.0,0.9999673932257813
combined_overall,0.08052859241642862,1.0,0.9999673932257813
combined_overall,0.08053397786365771,1.0,0.9999673932257813
combined_overall,0.0805404404003326,1.0,0.9999673932257813
combined_overall,0.08054798002645332,1.0,0.9999673932257813
combined_overall,0.08055013420534494,1.0,0.9999673932257813
combined_overall,0.08055121129479076,1.0,0.9999673932257813
combined_overall,0.0805533654736824,1.0,0.9999673932257813
combined_overall,0.08063953262934767,1.0,0.9999673932257813
combined_overall,0.0806416868082393,1.0,0.9999673932257813
combined_overall,0.08064276389768511,1.0,0.9999673932257813
combined_overall,0.08064491807657675,1.0,0.9999673932257813
combined_overall,0.08066969113383052,1.0,0.9999673932257813
combined_overall,0.08067184531272215,1.0,0.9999673932257813
combined_overall,0.08069769545942174,1.0,0.9999673932257813
combined_overall,0.08069984963831336,1.0,0.9999673932257813
combined_overall,0.08070738926443408,1.0,0.9999673932257813
combined_overall,0.08071062053277152,1.0,0.9999673932257813
combined_overall,0.08071277471166316,1.0,0.9999673932257813
combined_overall,0.08071492889055479,1.0,0.9999673932257813
combined_overall,0.08074185612670018,1.0,0.9999673932257813
combined_overall,0.08074401030559182,1.0,0.9999673932257813
combined_overall,0.08075047284226672,1.0,0.9999673932257813
combined_overall,0.08075262702115835,1.0,0.9999673932257813
combined_overall,0.08075478120004997,1.0,0.9999673932257813
combined_overall,0.0807569353789416,1.0,0.9999673932257813
combined_overall,0.08076662918395396,1.0,0.9999673932257813
combined_overall,0.08076878336284558,1.0,0.9999673932257813
combined_overall,0.08078601679397863,1.0,0.9999673932257813
combined_overall,0.08078924806231609,1.0,0.9999673932257813
combined_overall,0.08079894186732843,1.0,0.9999673932257813
combined_overall,0.08080109604622006,1.0,0.9999673932257813
combined_overall,0.08080971276178658,1.0,0.9999673932257813
combined_overall,0.0808172523879073,1.0,0.9999673932257813
combined_overall,0.0808441796240527,1.0,0.9999673932257813
combined_overall,0.08084848798183597,1.0,0.9999673932257813
combined_overall,0.08085171925017341,1.0,0.9999673932257813
combined_overall,0.08085818178684831,1.0,0.9999673932257813
combined_overall,0.08086464432352321,1.0,0.9999673932257813
combined_overall,0.08086787559186065,1.0,0.9999673932257813
combined_overall,0.08087002977075228,1.0,0.9999673932257813
combined_overall,0.08087649230742718,1.0,0.9999673932257813
combined_overall,0.08088080066521044,1.0,0.9999673932257813
combined_overall,0.08089587991745187,1.0,0.9999673932257813
combined_overall,0.0808980340963435,1.0,0.9999673932257813
combined_overall,0.08090018827523512,1.0,0.9999673932257813
combined_overall,0.08090234245412677,1.0,0.9999673932257813
combined_overall,0.08090341954357258,1.0,0.9999673932257813
combined_overall,0.08090557372246421,1.0,0.9999673932257813
combined_overall,0.08091526752747655,1.0,0.9999673932257813
combined_overall,0.08091742170636819,1.0,0.9999673932257813
combined_overall,0.08095619692641756,1.0,0.9999673932257813
combined_overall,0.08097019908921317,1.0,0.9999673932257813
combined_overall,0.08097773871533388,1.0,0.9999673932257813
combined_overall,0.08097989289422551,1.0,0.9999673932257813
combined_overall,0.08098743252034622,1.0,0.9999673932257813
combined_overall,0.08098958669923785,1.0,0.9999673932257813
combined_overall,0.08100574304092509,1.0,0.9999673932257813
combined_overall,0.08100897430926254,1.0,0.9999673932257813
combined_overall,0.08106498296044497,1.0,0.9999673932257813
combined_overall,0.0810671371393366,1.0,0.9999673932257813
combined_overall,0.08107144549711987,1.0,0.9999673932257813
combined_overall,0.08107359967601149,1.0,0.9999673932257813
combined_overall,0.08107575385490312,1.0,0.9999673932257813
combined_overall,0.08107790803379476,1.0,0.9999673932257813
combined_overall,0.08111345198550668,1.0,0.9999673932257813
combined_overall,0.08111560616439832,1.0,0.9999673932257813
combined_overall,0.08111991452218158,1.0,0.9999673932257813
combined_overall,0.0811220687010732,1.0,0.9999673932257813
combined_overall,0.08113068541663974,1.0,0.9999673932257813
combined_overall,0.08113283959553137,1.0,0.9999673932257813
combined_overall,0.081134993774423,1.0,0.9999673932257813
combined_overall,0.08113714795331463,1.0,0.9999673932257813
combined_overall,0.08116299810001422,1.0,0.9999673932257813
combined_overall,0.08116730645779748,1.0,0.9999673932257813
combined_overall,0.08119746496228032,1.0,0.9999673932257813
combined_overall,0.08119961914117196,1.0,0.9999673932257813
combined_overall,0.0812093129461843,1.0,0.9999673932257813
combined_overall,0.08121146712507593,1.0,0.9999673932257813
combined_overall,0.08123300891399225,1.0,0.9999673932257813
combined_overall,0.08123839436122134,1.0,0.9999673932257813
combined_overall,0.08124377980845042,1.0,0.9999673932257813
combined_overall,0.08124593398734205,1.0,0.9999673932257813
combined_overall,0.0812631674184751,1.0,0.9999673932257813
combined_overall,0.08126962995515,1.0,0.9999673932257813
combined_overall,0.0812836321179456,1.0,0.9999673932257813
combined_overall,0.08128794047572886,1.0,0.9999673932257813
combined_overall,0.08130086554907866,1.0,0.9999673932257813
combined_overall,0.08130301972797029,1.0,0.9999673932257813
combined_overall,0.08130625099630774,1.0,0.9999673932257813
combined_overall,0.08130840517519937,1.0,0.9999673932257813
combined_overall,0.08131163644353681,1.0,0.9999673932257813
combined_overall,0.08132025315910335,1.0,0.9999673932257813
combined_overall,0.0813374865902364,1.0,0.9999673932257813
combined_overall,0.08133964076912803,1.0,0.9999673932257813
combined_overall,0.08138164725751486,1.0,0.9999673932257813
combined_overall,0.0813848785258523,1.0,0.9999673932257813
combined_overall,0.08139241815197301,1.0,0.9999673932257813
combined_overall,0.08139672650975628,1.0,0.9999673932257813
combined_overall,0.08139888068864791,1.0,0.9999673932257813
combined_overall,0.08141072867255188,1.0,0.9999673932257813
combined_overall,0.08141288285144352,1.0,0.9999673932257813
combined_overall,0.08141934538811842,1.0,0.9999673932257813
combined_overall,0.08142149956701004,1.0,0.9999673932257813
combined_overall,0.08145704351872197,1.0,0.9999673932257813
combined_overall,0.0814591976976136,1.0,0.9999673932257813
combined_overall,0.08146458314484269,1.0,0.9999673932257813
combined_overall,0.08146673732373431,1.0,0.9999673932257813
combined_overall,0.08149043329154226,1.0,0.9999673932257813
combined_overall,0.08149474164932553,1.0,0.9999673932257813
combined_overall,0.08149905000710879,1.0,0.9999673932257813
combined_overall,0.08150228127544625,1.0,0.9999673932257813
combined_overall,0.08150335836489206,1.0,0.9999673932257813
combined_overall,0.08150551254378369,1.0,0.9999673932257813
combined_overall,0.08151520634879603,1.0,0.9999673932257813
combined_overall,0.08151736052768765,1.0,0.9999673932257813
combined_overall,0.08154428776383306,1.0,0.9999673932257813
combined_overall,0.08154644194272469,1.0,0.9999673932257813
combined_overall,0.08155290447939958,1.0,0.9999673932257813
combined_overall,0.08155505865829121,1.0,0.9999673932257813
combined_overall,0.08155613574773704,1.0,0.9999673932257813
combined_overall,0.0815604441055203,1.0,0.9999673932257813
combined_overall,0.08156152119496611,1.0,0.9999673932257813
combined_overall,0.08156367537385775,1.0,0.9999673932257813
combined_overall,0.08157875462609918,1.0,0.9999673932257813
combined_overall,0.0815809088049908,1.0,0.9999673932257813
combined_overall,0.08159167969944896,1.0,0.9999673932257813
combined_overall,0.0815938338783406,1.0,0.9999673932257813
combined_overall,0.08160675895169038,1.0,0.9999673932257813
combined_overall,0.08162399238282345,1.0,0.9999673932257813
combined_overall,0.08165630506619792,1.0,0.9999673932257813
combined_overall,0.08166169051342699,1.0,0.9999673932257813
combined_overall,0.08167138431843934,1.0,0.9999673932257813
combined_overall,0.08167353849733097,1.0,0.9999673932257813
combined_overall,0.0816821552128975,1.0,0.9999673932257813
combined_overall,0.08168430939178913,1.0,0.9999673932257813
combined_overall,0.08169184901790984,1.0,0.9999673932257813
combined_overall,0.08169400319680148,1.0,0.9999673932257813
combined_overall,0.08169938864403055,1.0,0.9999673932257813
combined_overall,0.08170154282292219,1.0,0.9999673932257813
combined_overall,0.0817155449857178,1.0,0.9999673932257813
combined_overall,0.08171769916460943,1.0,0.9999673932257813
combined_overall,0.08177155363690022,1.0,0.9999673932257813
combined_overall,0.08177478490523767,1.0,0.9999673932257813
combined_overall,0.08180817467805797,1.0,0.9999673932257813
combined_overall,0.08181571430417868,1.0,0.9999673932257813
combined_overall,0.08181786848307031,1.0,0.9999673932257813
combined_overall,0.08182002266196194,1.0,0.9999673932257813
combined_overall,0.08182648519863683,1.0,0.9999673932257813
combined_overall,0.08182863937752846,1.0,0.9999673932257813
combined_overall,0.08183187064586592,1.0,0.9999673932257813
combined_overall,0.08183402482475755,1.0,0.9999673932257813
combined_overall,0.08184264154032407,1.0,0.9999673932257813
combined_overall,0.08184910407699897,1.0,0.9999673932257813
combined_overall,0.0818512582558906,1.0,0.9999673932257813
combined_overall,0.08185448952422805,1.0,0.9999673932257813
combined_overall,0.08188787929704834,1.0,0.9999673932257813
combined_overall,0.08189003347593998,1.0,0.9999673932257813
combined_overall,0.08189218765483161,1.0,0.9999673932257813
combined_overall,0.08190295854928976,1.0,0.9999673932257813
combined_overall,0.08192234615931446,1.0,0.9999673932257813
combined_overall,0.08192450033820609,1.0,0.9999673932257813
combined_overall,0.08193311705377261,1.0,0.9999673932257813
combined_overall,0.08193527123266424,1.0,0.9999673932257813
combined_overall,0.08194281085878495,1.0,0.9999673932257813
combined_overall,0.08194496503767659,1.0,0.9999673932257813
combined_overall,0.08197727772105107,1.0,0.9999673932257813
combined_overall,0.0819794318999427,1.0,0.9999673932257813
combined_overall,0.08198804861550922,1.0,0.9999673932257813
combined_overall,0.08199020279440086,1.0,0.9999673932257813
combined_overall,0.08200528204664229,1.0,0.9999673932257813
combined_overall,0.08200743622553391,1.0,0.9999673932257813
combined_overall,0.08201066749387136,1.0,0.9999673932257813
combined_overall,0.08201497585165463,1.0,0.9999673932257813
combined_overall,0.08201820711999207,1.0,0.9999673932257813
combined_overall,0.08202251547777534,1.0,0.9999673932257813
combined_overall,0.08203328637223349,1.0,0.9999673932257813
combined_overall,0.08203544055112513,1.0,0.9999673932257813
combined_overall,0.08204298017724584,1.0,0.9999673932257813
combined_overall,0.08204513435613747,1.0,0.9999673932257813
combined_overall,0.0820602136083789,1.0,0.9999673932257813
combined_overall,0.08206883032394542,1.0,0.9999673932257813
combined_overall,0.08207852412895776,1.0,0.9999673932257813
combined_overall,0.08208498666563266,1.0,0.9999673932257813
combined_overall,0.08210006591787408,1.0,0.9999673932257813
combined_overall,0.08210222009676571,1.0,0.9999673932257813
combined_overall,0.0821076055439948,1.0,0.9999673932257813
combined_overall,0.08211083681233225,1.0,0.9999673932257813
combined_overall,0.0821216077067904,1.0,0.9999673932257813
combined_overall,0.08212483897512785,1.0,0.9999673932257813
combined_overall,0.08216361419517722,1.0,0.9999673932257813
combined_overall,0.08216576837406886,1.0,0.9999673932257813
combined_overall,0.08217330800018957,1.0,0.9999673932257813
combined_overall,0.0821754621790812,1.0,0.9999673932257813
combined_overall,0.08217869344741864,1.0,0.9999673932257813
combined_overall,0.08218084762631028,1.0,0.9999673932257813
combined_overall,0.08218515598409354,1.0,0.9999673932257813
combined_overall,0.08222069993580547,1.0,0.9999673932257813
combined_overall,0.0822228541146971,1.0,0.9999673932257813
combined_overall,0.08222716247248037,1.0,0.9999673932257813
combined_overall,0.082229316651372,1.0,0.9999673932257813
combined_overall,0.08223254791970945,1.0,0.9999673932257813
combined_overall,0.08223470209860108,1.0,0.9999673932257813
combined_overall,0.08224116463527598,1.0,0.9999673932257813
combined_overall,0.08224439590361342,1.0,0.9999673932257813
combined_overall,0.08227132313975882,1.0,0.9999673932257813
combined_overall,0.08227563149754208,1.0,0.9999673932257813
combined_overall,0.08229932746535003,1.0,0.9999673932257813
combined_overall,0.08230148164424167,1.0,0.9999673932257813
combined_overall,0.0823036358231333,1.0,0.9999673932257813
combined_overall,0.08230579000202493,1.0,0.9999673932257813
combined_overall,0.0823381026853994,1.0,0.9999673932257813
combined_overall,0.08234025686429104,1.0,0.9999673932257813
combined_overall,0.08235425902708665,1.0,0.9999673932257813
combined_overall,0.08235641320597828,1.0,0.9999673932257813
combined_overall,0.08241349894660652,1.0,0.9999673932257813
combined_overall,0.08241565312549816,1.0,0.9999673932257813
combined_overall,0.0824253469305105,1.0,0.9999673932257813
combined_overall,0.08242750110940213,1.0,0.9999673932257813
combined_overall,0.08247812431335548,1.0,0.9999673932257813
combined_overall,0.08248027849224711,1.0,0.9999673932257813
combined_overall,0.08250828281783833,1.0,0.9999673932257813
combined_overall,0.08251582244395904,1.0,0.9999673932257813
combined_overall,0.08252551624897138,1.0,0.9999673932257813
combined_overall,0.082527670427863,1.0,0.9999673932257813
combined_overall,0.08253197878564628,1.0,0.9999673932257813
combined_overall,0.08254598094844189,1.0,0.9999673932257813
combined_overall,0.08254921221677933,1.0,0.9999673932257813
combined_overall,0.08255567475345423,1.0,0.9999673932257813
combined_overall,0.0825599831112375,1.0,0.9999673932257813
combined_overall,0.08259014161572034,1.0,0.9999673932257813
combined_overall,0.08259229579461197,1.0,0.9999673932257813
combined_overall,0.08260306668907012,1.0,0.9999673932257813
combined_overall,0.08260737504685339,1.0,0.9999673932257813
combined_overall,0.08261599176241992,1.0,0.9999673932257813
combined_overall,0.08261814594131155,1.0,0.9999673932257813
combined_overall,0.0826278397463239,1.0,0.9999673932257813
combined_overall,0.08262999392521553,1.0,0.9999673932257813
combined_overall,0.08263430228299878,1.0,0.9999673932257813
combined_overall,0.08263645646189043,1.0,0.9999673932257813
combined_overall,0.08263861064078205,1.0,0.9999673932257813
combined_overall,0.08264291899856532,1.0,0.9999673932257813
combined_overall,0.08264615026690277,1.0,0.9999673932257813
combined_overall,0.0826483044457944,1.0,0.9999673932257813
combined_overall,0.08266446078748163,1.0,0.9999673932257813
combined_overall,0.0826687691452649,1.0,0.9999673932257813
combined_overall,0.08270215891808519,1.0,0.9999673932257813
combined_overall,0.08270431309697683,1.0,0.9999673932257813
combined_overall,0.08270646727586846,1.0,0.9999673932257813
combined_overall,0.08270862145476009,1.0,0.9999673932257813
combined_overall,0.08271400690198917,1.0,0.9999673932257813
combined_overall,0.0827161610808808,1.0,0.9999673932257813
combined_overall,0.08272370070700151,1.0,0.9999673932257813
combined_overall,0.08272585488589314,1.0,0.9999673932257813
combined_overall,0.0827495508537011,1.0,0.9999673932257813
combined_overall,0.08275170503259273,1.0,0.9999673932257813
combined_overall,0.08276893846372578,1.0,0.9999673932257813
combined_overall,0.08277324682150905,1.0,0.9999673932257813
combined_overall,0.08277540100040068,1.0,0.9999673932257813
combined_overall,0.0827775551792923,1.0,0.9999673932257813
combined_overall,0.08280771368377515,1.0,0.9999673932257813
combined_overall,0.08280986786266678,1.0,0.9999673932257813
combined_overall,0.08286264524551176,1.0,0.9999673932257813
combined_overall,0.08286587651384922,1.0,0.9999673932257813
combined_overall,0.08287018487163247,1.0,0.9999673932257813
combined_overall,0.08287233905052412,1.0,0.9999673932257813
combined_overall,0.08288418703442808,1.0,0.9999673932257813
combined_overall,0.08288957248165717,1.0,0.9999673932257813
combined_overall,0.08289280374999461,1.0,0.9999673932257813
combined_overall,0.08289711210777788,1.0,0.9999673932257813
combined_overall,0.08290142046556115,1.0,0.9999673932257813
combined_overall,0.08290465173389859,1.0,0.9999673932257813
combined_overall,0.08290896009168186,1.0,0.9999673932257813
combined_overall,0.08291326844946512,1.0,0.9999673932257813
combined_overall,0.08291542262835674,1.0,0.9999673932257813
combined_overall,0.08291757680724839,1.0,0.9999673932257813
combined_overall,0.08292188516503164,1.0,0.9999673932257813
combined_overall,0.08292403934392328,1.0,0.9999673932257813
combined_overall,0.08293050188059817,1.0,0.9999673932257813
combined_overall,0.08293265605948981,1.0,0.9999673932257813
combined_overall,0.08296389165341847,1.0,0.9999673932257813
combined_overall,0.08296712292175591,1.0,0.9999673932257813
combined_overall,0.08296820001120173,1.0,0.9999673932257813
combined_overall,0.082972508368985,1.0,0.9999673932257813
combined_overall,0.08297466254787662,1.0,0.9999673932257813
combined_overall,0.0830274399307216,1.0,0.9999673932257813
combined_overall,0.08303174828850488,1.0,0.9999673932257813
combined_overall,0.08304467336185466,1.0,0.9999673932257813
combined_overall,0.0830468275407463,1.0,0.9999673932257813
combined_overall,0.08304790463019211,1.0,0.9999673932257813
combined_overall,0.08305221298797537,1.0,0.9999673932257813
combined_overall,0.08305436716686701,1.0,0.9999673932257813
combined_overall,0.08305867552465027,1.0,0.9999673932257813
combined_overall,0.0830683693296626,1.0,0.9999673932257813
combined_overall,0.08307052350855425,1.0,0.9999673932257813
combined_overall,0.0830877569396873,1.0,0.9999673932257813
combined_overall,0.08308991111857893,1.0,0.9999673932257813
combined_overall,0.08311252999694106,1.0,0.9999673932257813
combined_overall,0.0831146841758327,1.0,0.9999673932257813
combined_overall,0.08313407178585738,1.0,0.9999673932257813
combined_overall,0.08313945723308647,1.0,0.9999673932257813
combined_overall,0.08315776775366533,1.0,0.9999673932257813
combined_overall,0.08316099902200279,1.0,0.9999673932257813
combined_overall,0.08318146372147328,1.0,0.9999673932257813
combined_overall,0.08318361790036492,1.0,0.9999673932257813
combined_overall,0.0832159305837394,1.0,0.9999673932257813
combined_overall,0.08322023894152265,1.0,0.9999673932257813
combined_overall,0.08324285781988479,1.0,0.9999673932257813
combined_overall,0.08324501199877643,1.0,0.9999673932257813
combined_overall,0.08324932035655969,1.0,0.9999673932257813
combined_overall,0.08325147453545133,1.0,0.9999673932257813
combined_overall,0.08327301632436764,1.0,0.9999673932257813
combined_overall,0.08327624759270509,1.0,0.9999673932257813
combined_overall,0.0832773246821509,1.0,0.9999673932257813
combined_overall,0.08328163303993417,1.0,0.9999673932257813
combined_overall,0.08329563520272977,1.0,0.9999673932257813
combined_overall,0.08329778938162141,1.0,0.9999673932257813
combined_overall,0.08331502281275446,1.0,0.9999673932257813
combined_overall,0.0833182540810919,1.0,0.9999673932257813
combined_overall,0.08334625840668312,1.0,0.9999673932257813
combined_overall,0.08335379803280384,1.0,0.9999673932257813
combined_overall,0.08335702930114128,1.0,0.9999673932257813
combined_overall,0.08335918348003292,1.0,0.9999673932257813
combined_overall,0.08337749400061178,1.0,0.9999673932257813
combined_overall,0.08337964817950341,1.0,0.9999673932257813
combined_overall,0.08339365034229902,1.0,0.9999673932257813
combined_overall,0.08339580452119066,1.0,0.9999673932257813
combined_overall,0.08342273175733605,1.0,0.9999673932257813
combined_overall,0.08342596302567351,1.0,0.9999673932257813
combined_overall,0.08344427354625238,1.0,0.9999673932257813
combined_overall,0.083446427725144,1.0,0.9999673932257813
combined_overall,0.08347658622962685,1.0,0.9999673932257813
combined_overall,0.0834798174979643,1.0,0.9999673932257813
combined_overall,0.08348197167685593,1.0,0.9999673932257813
combined_overall,0.08350243637632644,1.0,0.9999673932257813
combined_overall,0.08350459055521807,1.0,0.9999673932257813
combined_overall,0.08351105309189297,1.0,0.9999673932257813
combined_overall,0.08351428436023041,1.0,0.9999673932257813
combined_overall,0.08351751562856786,1.0,0.9999673932257813
combined_overall,0.08351966980745949,1.0,0.9999673932257813
combined_overall,0.08355090540138815,1.0,0.9999673932257813
combined_overall,0.08355305958027978,1.0,0.9999673932257813
combined_overall,0.08359829733700405,1.0,0.9999673932257813
combined_overall,0.08360045151589568,1.0,0.9999673932257813
combined_overall,0.08360583696312476,1.0,0.9999673932257813
combined_overall,0.08360799114201639,1.0,0.9999673932257813
combined_overall,0.08362091621536619,1.0,0.9999673932257813
combined_overall,0.08362307039425781,1.0,0.9999673932257813
combined_overall,0.08363384128871598,1.0,0.9999673932257813
combined_overall,0.08363599546760761,1.0,0.9999673932257813
combined_overall,0.08363707255705342,1.0,0.9999673932257813
combined_overall,0.08364461218317414,1.0,0.9999673932257813
combined_overall,0.08364676636206578,1.0,0.9999673932257813
combined_overall,0.08364999763040322,1.0,0.9999673932257813
combined_overall,0.08365215180929485,1.0,0.9999673932257813
combined_overall,0.08365753725652393,1.0,0.9999673932257813
combined_overall,0.08366615397209046,1.0,0.9999673932257813
combined_overall,0.08366938524042791,1.0,0.9999673932257813
combined_overall,0.08367153941931954,1.0,0.9999673932257813
combined_overall,0.08372108553382707,1.0,0.9999673932257813
combined_overall,0.08372323971271871,1.0,0.9999673932257813
combined_overall,0.08372647098105615,1.0,0.9999673932257813
combined_overall,0.08373077933883942,1.0,0.9999673932257813
combined_overall,0.08373185642828523,1.0,0.9999673932257813
combined_overall,0.08373616478606849,1.0,0.9999673932257813
combined_overall,0.08376847746944298,1.0,0.9999673932257813
combined_overall,0.0837706316483346,1.0,0.9999673932257813
combined_overall,0.08377494000611786,1.0,0.9999673932257813
combined_overall,0.08380725268949235,1.0,0.9999673932257813
combined_overall,0.08381048395782979,1.0,0.9999673932257813
combined_overall,0.08385033626732498,1.0,0.9999673932257813
combined_overall,0.08385249044621662,1.0,0.9999673932257813
combined_overall,0.08386003007233733,1.0,0.9999673932257813
combined_overall,0.08386218425122896,1.0,0.9999673932257813
combined_overall,0.0839052678290616,1.0,0.9999673932257813
combined_overall,0.08390742200795323,1.0,0.9999673932257813
combined_overall,0.08391496163407394,1.0,0.9999673932257813
combined_overall,0.08391711581296557,1.0,0.9999673932257813
combined_overall,0.083932195065207,1.0,0.9999673932257813
combined_overall,0.08393434924409862,1.0,0.9999673932257813
combined_overall,0.08393650342299026,1.0,0.9999673932257813
combined_overall,0.08393865760188189,1.0,0.9999673932257813
combined_overall,0.0839526597646775,1.0,0.9999673932257813
combined_overall,0.08395481394356913,1.0,0.9999673932257813
combined_overall,0.08395589103301494,1.0,0.9999673932257813
combined_overall,0.08396019939079821,1.0,0.9999673932257813
combined_overall,0.08396235356968984,1.0,0.9999673932257813
combined_overall,0.08396558483802728,1.0,0.9999673932257813
combined_overall,0.08401189968419738,1.0,0.9999673932257813
combined_overall,0.08401728513142645,1.0,0.9999673932257813
combined_overall,0.08402482475754716,1.0,0.9999673932257813
combined_overall,0.0840269789364388,1.0,0.9999673932257813
combined_overall,0.08405175199369257,1.0,0.9999673932257813
combined_overall,0.08405713744092165,1.0,0.9999673932257813
combined_overall,0.08406898542482562,1.0,0.9999673932257813
combined_overall,0.08407329378260889,1.0,0.9999673932257813
combined_overall,0.08408621885595867,1.0,0.9999673932257813
combined_overall,0.08408837303485031,1.0,0.9999673932257813
combined_overall,0.08409268139263357,1.0,0.9999673932257813
combined_overall,0.08409698975041684,1.0,0.9999673932257813
combined_overall,0.08411745444988733,1.0,0.9999673932257813
combined_overall,0.08411960862877897,1.0,0.9999673932257813
combined_overall,0.0841282253443455,1.0,0.9999673932257813
combined_overall,0.08413145661268294,1.0,0.9999673932257813
combined_overall,0.08413253370212875,1.0,0.9999673932257813
combined_overall,0.0841346878810204,1.0,0.9999673932257813
combined_overall,0.08414761295437018,1.0,0.9999673932257813
combined_overall,0.08415192131215345,1.0,0.9999673932257813
combined_overall,0.08417130892217814,1.0,0.9999673932257813
combined_overall,0.08417346310106977,1.0,0.9999673932257813
combined_overall,0.0841960819794319,1.0,0.9999673932257813
combined_overall,0.08420469869499843,1.0,0.9999673932257813
combined_overall,0.08422947175225219,1.0,0.9999673932257813
combined_overall,0.08423162593114382,1.0,0.9999673932257813
combined_overall,0.0842499364517227,1.0,0.9999673932257813
combined_overall,0.0842563989883976,1.0,0.9999673932257813
combined_overall,0.08428871167177207,1.0,0.9999673932257813
combined_overall,0.08429194294010951,1.0,0.9999673932257813
combined_overall,0.08438241845355805,1.0,0.9999673932257813
combined_overall,0.0843845726324497,1.0,0.9999673932257813
combined_overall,0.0843921122585704,1.0,0.9999673932257813
combined_overall,0.08439534352690785,1.0,0.9999673932257813
combined_overall,0.08440180606358275,1.0,0.9999673932257813
combined_overall,0.08440826860025764,1.0,0.9999673932257813
combined_overall,0.08441042277914927,1.0,0.9999673932257813
combined_overall,0.08441365404748671,1.0,0.9999673932257813
combined_overall,0.08441580822637836,1.0,0.9999673932257813
combined_overall,0.08442119367360743,1.0,0.9999673932257813
combined_overall,0.08442334785249907,1.0,0.9999673932257813
combined_overall,0.0844255020313907,1.0,0.9999673932257813
combined_overall,0.08442765621028232,1.0,0.9999673932257813
combined_overall,0.08444704382030702,1.0,0.9999673932257813
combined_overall,0.08445566053587354,1.0,0.9999673932257813
combined_overall,0.08445781471476517,1.0,0.9999673932257813
combined_overall,0.08446212307254844,1.0,0.9999673932257813
combined_overall,0.0844804335931273,1.0,0.9999673932257813
combined_overall,0.08448258777201893,1.0,0.9999673932257813
combined_overall,0.08450520665038107,1.0,0.9999673932257813
combined_overall,0.08450736082927271,1.0,0.9999673932257813
combined_overall,0.08451059209761015,1.0,0.9999673932257813
combined_overall,0.08451274627650178,1.0,0.9999673932257813
combined_overall,0.08452244008151413,1.0,0.9999673932257813
combined_overall,0.08452459426040576,1.0,0.9999673932257813
combined_overall,0.08452997970763484,1.0,0.9999673932257813
combined_overall,0.08453213388652647,1.0,0.9999673932257813
combined_overall,0.08457306328546747,1.0,0.9999673932257813
combined_overall,0.08457521746435911,1.0,0.9999673932257813
combined_overall,0.08458275709047983,1.0,0.9999673932257813
combined_overall,0.08458706544826308,1.0,0.9999673932257813
combined_overall,0.08458921962715472,1.0,0.9999673932257813
combined_overall,0.08459137380604635,1.0,0.9999673932257813
combined_overall,0.0845946050743838,1.0,0.9999673932257813
combined_overall,0.08460106761105869,1.0,0.9999673932257813
combined_overall,0.08466138462002439,1.0,0.9999673932257813
combined_overall,0.08466461588836183,1.0,0.9999673932257813
combined_overall,0.08469908275062794,1.0,0.9999673932257813
combined_overall,0.08470123692951957,1.0,0.9999673932257813
combined_overall,0.08471308491342355,1.0,0.9999673932257813
combined_overall,0.08471523909231518,1.0,0.9999673932257813
combined_overall,0.084716316181761,1.0,0.9999673932257813
combined_overall,0.08472062453954426,1.0,0.9999673932257813
combined_overall,0.08473139543400242,1.0,0.9999673932257813
combined_overall,0.08473354961289405,1.0,0.9999673932257813
combined_overall,0.08475293722291874,1.0,0.9999673932257813
combined_overall,0.08475509140181037,1.0,0.9999673932257813
combined_overall,0.08475724558070201,1.0,0.9999673932257813
combined_overall,0.08475939975959364,1.0,0.9999673932257813
combined_overall,0.08476263102793108,1.0,0.9999673932257813
combined_overall,0.08476909356460598,1.0,0.9999673932257813
combined_overall,0.08478848117463067,1.0,0.9999673932257813
combined_overall,0.0847906353535223,1.0,0.9999673932257813
combined_overall,0.08486818579362104,1.0,0.9999673932257813
combined_overall,0.08487033997251267,1.0,0.9999673932257813
combined_overall,0.08487249415140431,1.0,0.9999673932257813
combined_overall,0.08487572541974175,1.0,0.9999673932257813
combined_overall,0.08490803810311623,1.0,0.9999673932257813
combined_overall,0.08491019228200787,1.0,0.9999673932257813
combined_overall,0.08492419444480348,1.0,0.9999673932257813
combined_overall,0.08492634862369511,1.0,0.9999673932257813
combined_overall,0.08493711951815326,1.0,0.9999673932257813
combined_overall,0.0849392736970449,1.0,0.9999673932257813
combined_overall,0.08494465914427397,1.0,0.9999673932257813
combined_overall,0.08494681332316562,1.0,0.9999673932257813
combined_overall,0.08494789041261143,1.0,0.9999673932257813
combined_overall,0.08495004459150306,1.0,0.9999673932257813
combined_overall,0.08495219877039469,1.0,0.9999673932257813
combined_overall,0.08495435294928633,1.0,0.9999673932257813
combined_overall,0.08495650712817795,1.0,0.9999673932257813
combined_overall,0.08495866130706958,1.0,0.9999673932257813
combined_overall,0.08496296966485285,1.0,0.9999673932257813
combined_overall,0.08496943220152775,1.0,0.9999673932257813
combined_overall,0.08497158638041938,1.0,0.9999673932257813
combined_overall,0.08502867212104762,1.0,0.9999673932257813
combined_overall,0.08503082629993926,1.0,0.9999673932257813
combined_overall,0.08503298047883089,1.0,0.9999673932257813
combined_overall,0.08503513465772251,1.0,0.9999673932257813
combined_overall,0.08506421607275955,1.0,0.9999673932257813
combined_overall,0.08506852443054282,1.0,0.9999673932257813
combined_overall,0.08509329748779658,1.0,0.9999673932257813
combined_overall,0.08509545166668821,1.0,0.9999673932257813
combined_overall,0.08510083711391729,1.0,0.9999673932257813
combined_overall,0.08510299129280892,1.0,0.9999673932257813
combined_overall,0.08512345599227943,1.0,0.9999673932257813
combined_overall,0.08512561017117105,1.0,0.9999673932257813
combined_overall,0.08516330830177461,1.0,0.9999673932257813
combined_overall,0.08516546248066624,1.0,0.9999673932257813
combined_overall,0.08517731046457022,1.0,0.9999673932257813
combined_overall,0.08518485009069093,1.0,0.9999673932257813
combined_overall,0.08519992934293236,1.0,0.9999673932257813
combined_overall,0.08520423770071561,1.0,0.9999673932257813
combined_overall,0.085243012920765,1.0,0.9999673932257813
combined_overall,0.08524516709965663,1.0,0.9999673932257813
combined_overall,0.08526994015691039,1.0,0.9999673932257813
combined_overall,0.08527317142524783,1.0,0.9999673932257813
combined_overall,0.08527532560413947,1.0,0.9999673932257813
combined_overall,0.08527855687247692,1.0,0.9999673932257813
combined_overall,0.08528071105136854,1.0,0.9999673932257813
combined_overall,0.08530009866139324,1.0,0.9999673932257813
combined_overall,0.08530332992973068,1.0,0.9999673932257813
combined_overall,0.08530548410862232,1.0,0.9999673932257813
combined_overall,0.0853184091819721,1.0,0.9999673932257813
combined_overall,0.08532056336086374,1.0,0.9999673932257813
combined_overall,0.08533564261310517,1.0,0.9999673932257813
combined_overall,0.08533995097088842,1.0,0.9999673932257813
combined_overall,0.08535072186534659,1.0,0.9999673932257813
combined_overall,0.08535395313368403,1.0,0.9999673932257813
combined_overall,0.08537549492260035,1.0,0.9999673932257813
combined_overall,0.08537764910149198,1.0,0.9999673932257813
combined_overall,0.08539811380096249,1.0,0.9999673932257813
combined_overall,0.08540242215874574,1.0,0.9999673932257813
combined_overall,0.08541965558987881,1.0,0.9999673932257813
combined_overall,0.08542504103710788,1.0,0.9999673932257813
combined_overall,0.0854401202893493,1.0,0.9999673932257813
combined_overall,0.08544335155768676,1.0,0.9999673932257813
combined_overall,0.08544442864713257,1.0,0.9999673932257813
combined_overall,0.0854465828260242,1.0,0.9999673932257813
combined_overall,0.08545196827325328,1.0,0.9999673932257813
combined_overall,0.08545412245214491,1.0,0.9999673932257813
combined_overall,0.08545843080992818,1.0,0.9999673932257813
combined_overall,0.08546058498881981,1.0,0.9999673932257813
combined_overall,0.08547566424106123,1.0,0.9999673932257813
combined_overall,0.0854799725988445,1.0,0.9999673932257813
combined_overall,0.08548966640385684,1.0,0.9999673932257813
combined_overall,0.08549182058274847,1.0,0.9999673932257813
combined_overall,0.08549505185108593,1.0,0.9999673932257813
combined_overall,0.08549720602997755,1.0,0.9999673932257813
combined_overall,0.08549936020886918,1.0,0.9999673932257813
combined_overall,0.08550151438776082,1.0,0.9999673932257813
combined_overall,0.08550797692443571,1.0,0.9999673932257813
combined_overall,0.08551013110332735,1.0,0.9999673932257813
combined_overall,0.0855144394611106,1.0,0.9999673932257813
combined_overall,0.08551659364000223,1.0,0.9999673932257813
combined_overall,0.08553167289224366,1.0,0.9999673932257813
combined_overall,0.0855338270711353,1.0,0.9999673932257813
combined_overall,0.08553598125002693,1.0,0.9999673932257813
combined_overall,0.08553813542891855,1.0,0.9999673932257813
combined_overall,0.08556613975450977,1.0,0.9999673932257813
combined_overall,0.08557044811229304,1.0,0.9999673932257813
combined_overall,0.08561245460067986,1.0,0.9999673932257813
combined_overall,0.08561460877957149,1.0,0.9999673932257813
combined_overall,0.08561784004790894,1.0,0.9999673932257813
combined_overall,0.08561999422680057,1.0,0.9999673932257813
combined_overall,0.08564153601571689,1.0,0.9999673932257813
combined_overall,0.08564369019460852,1.0,0.9999673932257813
combined_overall,0.08565015273128342,1.0,0.9999673932257813
combined_overall,0.08565230691017504,1.0,0.9999673932257813
combined_overall,0.08565984653629576,1.0,0.9999673932257813
combined_overall,0.08566415489407903,1.0,0.9999673932257813
combined_overall,0.08566954034130811,1.0,0.9999673932257813
combined_overall,0.08567169452019974,1.0,0.9999673932257813
combined_overall,0.08567707996742882,1.0,0.9999673932257813
combined_overall,0.08568138832521208,1.0,0.9999673932257813
combined_overall,0.0856835425041037,1.0,0.9999673932257813
combined_overall,0.08568569668299535,1.0,0.9999673932257813
combined_overall,0.08568785086188697,1.0,0.9999673932257813
combined_overall,0.0856900050407786,1.0,0.9999673932257813
combined_overall,0.08569431339856187,1.0,0.9999673932257813
combined_overall,0.0856964675774535,1.0,0.9999673932257813
combined_overall,0.08570185302468258,1.0,0.9999673932257813
combined_overall,0.08570723847191167,1.0,0.9999673932257813
combined_overall,0.08572662608193635,1.0,0.9999673932257813
combined_overall,0.08573093443971962,1.0,0.9999673932257813
combined_overall,0.08574601369196104,1.0,0.9999673932257813
combined_overall,0.08574924496029848,1.0,0.9999673932257813
combined_overall,0.08575355331808175,1.0,0.9999673932257813
combined_overall,0.08576001585475665,1.0,0.9999673932257813
combined_overall,0.0857707867492148,1.0,0.9999673932257813
combined_overall,0.08577294092810643,1.0,0.9999673932257813
combined_overall,0.08578048055422714,1.0,0.9999673932257813
combined_overall,0.08578263473311877,1.0,0.9999673932257813
combined_overall,0.08579555980646857,1.0,0.9999673932257813
combined_overall,0.08580094525369765,1.0,0.9999673932257813
combined_overall,0.08581279323760162,1.0,0.9999673932257813
combined_overall,0.08581494741649326,1.0,0.9999673932257813
combined_overall,0.08584402883153029,1.0,0.9999673932257813
combined_overall,0.08584833718931355,1.0,0.9999673932257813
combined_overall,0.085851568457651,1.0,0.9999673932257813
combined_overall,0.08585587681543426,1.0,0.9999673932257813
combined_overall,0.08586018517321753,1.0,0.9999673932257813
combined_overall,0.08586233935210916,1.0,0.9999673932257813
combined_overall,0.08586449353100079,1.0,0.9999673932257813
combined_overall,0.08586664770989243,1.0,0.9999673932257813
combined_overall,0.08587311024656731,1.0,0.9999673932257813
combined_overall,0.08587526442545895,1.0,0.9999673932257813
combined_overall,0.08588926658825455,1.0,0.9999673932257813
combined_overall,0.08589142076714619,1.0,0.9999673932257813
combined_overall,0.0859398897922079,1.0,0.9999673932257813
combined_overall,0.08594312106054536,1.0,0.9999673932257813
combined_overall,0.08599159008560707,1.0,0.9999673932257813
combined_overall,0.0859937442644987,1.0,0.9999673932257813
combined_overall,0.08599697553283615,1.0,0.9999673932257813
combined_overall,0.08600451515895687,1.0,0.9999673932257813
combined_overall,0.08600774642729431,1.0,0.9999673932257813
combined_overall,0.08602174859008992,1.0,0.9999673932257813
combined_overall,0.08602390276898154,1.0,0.9999673932257813
combined_overall,0.08603790493177715,1.0,0.9999673932257813
combined_overall,0.08604005911066878,1.0,0.9999673932257813
combined_overall,0.08604436746845205,1.0,0.9999673932257813
combined_overall,0.08604652164734368,1.0,0.9999673932257813
combined_overall,0.08605836963124766,1.0,0.9999673932257813
combined_overall,0.08606052381013929,1.0,0.9999673932257813
combined_overall,0.08606483216792256,1.0,0.9999673932257813
combined_overall,0.08606698634681419,1.0,0.9999673932257813
combined_overall,0.08608314268850142,1.0,0.9999673932257813
combined_overall,0.08608529686739305,1.0,0.9999673932257813
combined_overall,0.08609068231462214,1.0,0.9999673932257813
combined_overall,0.08609283649351376,1.0,0.9999673932257813
combined_overall,0.08610145320908029,1.0,0.9999673932257813
combined_overall,0.08610468447741775,1.0,0.9999673932257813
combined_overall,0.08615530768137108,1.0,0.9999673932257813
combined_overall,0.08615746186026273,1.0,0.9999673932257813
combined_overall,0.08617900364917905,1.0,0.9999673932257813
combined_overall,0.0861833120069623,1.0,0.9999673932257813
combined_overall,0.08621347051144515,1.0,0.9999673932257813
combined_overall,0.08621562469033678,1.0,0.9999673932257813
combined_overall,0.0862167017797826,1.0,0.9999673932257813
combined_overall,0.08621885595867423,1.0,0.9999673932257813
combined_overall,0.08622747267424076,1.0,0.9999673932257813
combined_overall,0.0862371664792531,1.0,0.9999673932257813
combined_overall,0.08624147483703637,1.0,0.9999673932257813
combined_overall,0.08624686028426545,1.0,0.9999673932257813
combined_overall,0.08625332282094034,1.0,0.9999673932257813
combined_overall,0.08625547699983198,1.0,0.9999673932257813
combined_overall,0.0862705562520734,1.0,0.9999673932257813
combined_overall,0.08627378752041084,1.0,0.9999673932257813
combined_overall,0.08628132714653156,1.0,0.9999673932257813
combined_overall,0.08628348132542318,1.0,0.9999673932257813
combined_overall,0.08629317513043554,1.0,0.9999673932257813
combined_overall,0.08630179184600206,1.0,0.9999673932257813
combined_overall,0.08630825438267696,1.0,0.9999673932257813
combined_overall,0.08631256274046022,1.0,0.9999673932257813
combined_overall,0.0863179481876893,1.0,0.9999673932257813
combined_overall,0.08632010236658093,1.0,0.9999673932257813
combined_overall,0.08632979617159327,1.0,0.9999673932257813
combined_overall,0.08633195035048491,1.0,0.9999673932257813
combined_overall,0.0863524150499554,1.0,0.9999673932257813
combined_overall,0.08635672340773867,1.0,0.9999673932257813
combined_overall,0.08637503392831754,1.0,0.9999673932257813
combined_overall,0.08638149646499244,1.0,0.9999673932257813
combined_overall,0.08639980698557131,1.0,0.9999673932257813
combined_overall,0.08640196116446294,1.0,0.9999673932257813
combined_overall,0.08641165496947528,1.0,0.9999673932257813
combined_overall,0.08641380914836691,1.0,0.9999673932257813
combined_overall,0.08642027168504181,1.0,0.9999673932257813
combined_overall,0.08642242586393345,1.0,0.9999673932257813
combined_overall,0.08642565713227089,1.0,0.9999673932257813
combined_overall,0.08642781131116252,1.0,0.9999673932257813
combined_overall,0.0864461218317414,1.0,0.9999673932257813
combined_overall,0.08644827601063303,1.0,0.9999673932257813
combined_overall,0.0864525843684163,1.0,0.9999673932257813
combined_overall,0.08645473854730792,1.0,0.9999673932257813
combined_overall,0.08646120108398282,1.0,0.9999673932257813
combined_overall,0.08646335526287445,1.0,0.9999673932257813
combined_overall,0.08652367227184014,1.0,0.9999673932257813
combined_overall,0.08652582645073177,1.0,0.9999673932257813
combined_overall,0.08653013480851504,1.0,0.9999673932257813
combined_overall,0.08653228898740667,1.0,0.9999673932257813
combined_overall,0.08653552025574411,1.0,0.9999673932257813
combined_overall,0.08653767443463575,1.0,0.9999673932257813
combined_overall,0.08654198279241901,1.0,0.9999673932257813
combined_overall,0.08654413697131065,1.0,0.9999673932257813
combined_overall,0.08655383077632299,1.0,0.9999673932257813
combined_overall,0.08655598495521462,1.0,0.9999673932257813
combined_overall,0.08661091651695123,1.0,0.9999673932257813
combined_overall,0.08661307069584287,1.0,0.9999673932257813
combined_overall,0.08665400009478387,1.0,0.9999673932257813
combined_overall,0.0866561542736755,1.0,0.9999673932257813
combined_overall,0.08668415859926672,1.0,0.9999673932257813
combined_overall,0.08670031494095395,1.0,0.9999673932257813
combined_overall,0.0867498610554615,1.0,0.9999673932257813
combined_overall,0.08675201523435312,1.0,0.9999673932257813
combined_overall,0.0867638632182571,1.0,0.9999673932257813
combined_overall,0.08676601739714873,1.0,0.9999673932257813
combined_overall,0.08679940716996902,1.0,0.9999673932257813
combined_overall,0.08680156134886065,1.0,0.9999673932257813
combined_overall,0.08680910097498136,1.0,0.9999673932257813
combined_overall,0.086811255153873,1.0,0.9999673932257813
combined_overall,0.08681664060110207,1.0,0.9999673932257813
combined_overall,0.08681879477999371,1.0,0.9999673932257813
combined_overall,0.08682741149556024,1.0,0.9999673932257813
combined_overall,0.0868317198533435,1.0,0.9999673932257813
combined_overall,0.08684464492669329,1.0,0.9999673932257813
combined_overall,0.08684679910558492,1.0,0.9999673932257813
combined_overall,0.08685757000004309,1.0,0.9999673932257813
combined_overall,0.08685972417893471,1.0,0.9999673932257813
combined_overall,0.08687803469951359,1.0,0.9999673932257813
combined_overall,0.08688018887840522,1.0,0.9999673932257813
combined_overall,0.08690819320399644,1.0,0.9999673932257813
combined_overall,0.08691034738288807,1.0,0.9999673932257813
combined_overall,0.08691142447233388,1.0,0.9999673932257813
combined_overall,0.08691573283011715,1.0,0.9999673932257813
combined_overall,0.08692004118790041,1.0,0.9999673932257813
combined_overall,0.08692219536679203,1.0,0.9999673932257813
combined_overall,0.08694804551349163,1.0,0.9999673932257813
combined_overall,0.08695235387127488,1.0,0.9999673932257813
combined_overall,0.08695558513961234,1.0,0.9999673932257813
combined_overall,0.08695773931850397,1.0,0.9999673932257813
combined_overall,0.08695881640794978,1.0,0.9999673932257813
combined_overall,0.08696097058684141,1.0,0.9999673932257813
combined_overall,0.08696312476573305,1.0,0.9999673932257813
combined_overall,0.08696527894462468,1.0,0.9999673932257813
combined_overall,0.08697066439185376,1.0,0.9999673932257813
combined_overall,0.08697281857074539,1.0,0.9999673932257813
combined_overall,0.08697497274963702,1.0,0.9999673932257813
combined_overall,0.08697712692852866,1.0,0.9999673932257813
combined_overall,0.08698143528631191,1.0,0.9999673932257813
combined_overall,0.08698251237575773,1.0,0.9999673932257813
combined_overall,0.08698574364409518,1.0,0.9999673932257813
combined_overall,0.08702021050636129,1.0,0.9999673932257813
combined_overall,0.08702236468525293,1.0,0.9999673932257813
combined_overall,0.08702990431137364,1.0,0.9999673932257813
combined_overall,0.08703528975860271,1.0,0.9999673932257813
combined_overall,0.08703959811638598,1.0,0.9999673932257813
combined_overall,0.08704175229527761,1.0,0.9999673932257813
combined_overall,0.08704713774250669,1.0,0.9999673932257813
combined_overall,0.08704929192139832,1.0,0.9999673932257813
combined_overall,0.08717961974434205,1.0,0.9999673932257813
combined_overall,0.08718500519157113,1.0,0.9999673932257813
combined_overall,0.08719039063880021,1.0,0.9999673932257813
combined_overall,0.08719254481769184,1.0,0.9999673932257813
combined_overall,0.08719362190713766,1.0,0.9999673932257813
combined_overall,0.0871968531754751,1.0,0.9999673932257813
combined_overall,0.08720439280159581,1.0,0.9999673932257813
combined_overall,0.08720654698048745,1.0,0.9999673932257813
combined_overall,0.08721839496439142,1.0,0.9999673932257813
combined_overall,0.08722701167995794,1.0,0.9999673932257813
combined_overall,0.08724747637942845,1.0,0.9999673932257813
combined_overall,0.08725070764776591,1.0,0.9999673932257813
combined_overall,0.08729163704670691,1.0,0.9999673932257813
combined_overall,0.08729379122559854,1.0,0.9999673932257813
combined_overall,0.08733472062453955,1.0,0.9999673932257813
combined_overall,0.08733687480343118,1.0,0.9999673932257813
combined_overall,0.08735087696622679,1.0,0.9999673932257813
combined_overall,0.08735303114511841,1.0,0.9999673932257813
combined_overall,0.08735626241345586,1.0,0.9999673932257813
combined_overall,0.0873648791290224,1.0,0.9999673932257813
combined_overall,0.08736703330791402,1.0,0.9999673932257813
combined_overall,0.08736918748680565,1.0,0.9999673932257813
combined_overall,0.08737349584458892,1.0,0.9999673932257813
combined_overall,0.08737565002348055,1.0,0.9999673932257813
combined_overall,0.08738426673904708,1.0,0.9999673932257813
combined_overall,0.08738749800738453,1.0,0.9999673932257813
combined_overall,0.08739396054405942,1.0,0.9999673932257813
combined_overall,0.08739611472295106,1.0,0.9999673932257813
combined_overall,0.08742304195909645,1.0,0.9999673932257813
combined_overall,0.08742519613798809,1.0,0.9999673932257813
combined_overall,0.08743488994300043,1.0,0.9999673932257813
combined_overall,0.08743704412189206,1.0,0.9999673932257813
combined_overall,0.08743919830078369,1.0,0.9999673932257813
combined_overall,0.0874467379269044,1.0,0.9999673932257813
combined_overall,0.08745104628468767,1.0,0.9999673932257813
combined_overall,0.0874532004635793,1.0,0.9999673932257813
combined_overall,0.08745750882136256,1.0,0.9999673932257813
combined_overall,0.08746181717914582,1.0,0.9999673932257813
combined_overall,0.08747797352083306,1.0,0.9999673932257813
combined_overall,0.08747905061027889,1.0,0.9999673932257813
combined_overall,0.08748120478917051,1.0,0.9999673932257813
combined_overall,0.08751136329365336,1.0,0.9999673932257813
combined_overall,0.08751351747254499,1.0,0.9999673932257813
combined_overall,0.08751674874088244,1.0,0.9999673932257813
combined_overall,0.08751998000921989,1.0,0.9999673932257813
combined_overall,0.08752213418811151,1.0,0.9999673932257813
combined_overall,0.08752536545644897,1.0,0.9999673932257813
combined_overall,0.08756306358705253,1.0,0.9999673932257813
combined_overall,0.08756521776594416,1.0,0.9999673932257813
combined_overall,0.08757060321317324,1.0,0.9999673932257813
combined_overall,0.08757275739206487,1.0,0.9999673932257813
combined_overall,0.08758029701818558,1.0,0.9999673932257813
combined_overall,0.08758245119707721,1.0,0.9999673932257813
combined_overall,0.08758568246541466,1.0,0.9999673932257813
combined_overall,0.08758783664430629,1.0,0.9999673932257813
combined_overall,0.08758999082319792,1.0,0.9999673932257813
combined_overall,0.08759429918098119,1.0,0.9999673932257813
combined_overall,0.08763415149047638,1.0,0.9999673932257813
combined_overall,0.087636305669368,1.0,0.9999673932257813
combined_overall,0.08763738275881382,1.0,0.9999673932257813
combined_overall,0.08763953693770546,1.0,0.9999673932257813
combined_overall,0.08765784745828432,1.0,0.9999673932257813
combined_overall,0.08766000163717595,1.0,0.9999673932257813
combined_overall,0.08767292671052575,1.0,0.9999673932257813
combined_overall,0.08767508088941738,1.0,0.9999673932257813
combined_overall,0.08770631648334604,1.0,0.9999673932257813
combined_overall,0.08770847066223768,1.0,0.9999673932257813
combined_overall,0.08774186043505797,1.0,0.9999673932257813
combined_overall,0.0877440146139496,1.0,0.9999673932257813
combined_overall,0.08775586259785358,1.0,0.9999673932257813
combined_overall,0.0877580167767452,1.0,0.9999673932257813
combined_overall,0.08777632729732408,1.0,0.9999673932257813
combined_overall,0.08777848147621571,1.0,0.9999673932257813
combined_overall,0.08779571490734876,1.0,0.9999673932257813
combined_overall,0.0877978690862404,1.0,0.9999673932257813
combined_overall,0.08780540871236112,1.0,0.9999673932257813
combined_overall,0.08780971707014437,1.0,0.9999673932257813
combined_overall,0.08783772139573559,1.0,0.9999673932257813
combined_overall,0.08789803840470128,1.0,0.9999673932257813
combined_overall,0.0879120405674969,1.0,0.9999673932257813
combined_overall,0.08791634892528015,1.0,0.9999673932257813
combined_overall,0.08792065728306342,1.0,0.9999673932257813
combined_overall,0.08792281146195505,1.0,0.9999673932257813
combined_overall,0.08794973869810045,1.0,0.9999673932257813
combined_overall,0.08795189287699208,1.0,0.9999673932257813
combined_overall,0.08798959100759564,1.0,0.9999673932257813
combined_overall,0.08799174518648727,1.0,0.9999673932257813
combined_overall,0.08803698294321154,1.0,0.9999673932257813
combined_overall,0.08803913712210316,1.0,0.9999673932257813
combined_overall,0.08807360398436928,1.0,0.9999673932257813
combined_overall,0.08807575816326091,1.0,0.9999673932257813
combined_overall,0.08816300240837201,1.0,0.9999673932257813
combined_overall,0.08816515658726364,1.0,0.9999673932257813
combined_overall,0.08818131292895087,1.0,0.9999673932257813
combined_overall,0.08818562128673414,1.0,0.9999673932257813
combined_overall,0.08819100673396321,1.0,0.9999673932257813
combined_overall,0.08819316091285485,1.0,0.9999673932257813
combined_overall,0.08820177762842138,1.0,0.9999673932257813
combined_overall,0.08820393180731301,1.0,0.9999673932257813
combined_overall,0.08822331941733769,1.0,0.9999673932257813
combined_overall,0.08822547359622933,1.0,0.9999673932257813
combined_overall,0.08822978195401258,1.0,0.9999673932257813
combined_overall,0.08823193613290423,1.0,0.9999673932257813
combined_overall,0.08824055284847075,1.0,0.9999673932257813
combined_overall,0.08824270702736238,1.0,0.9999673932257813
combined_overall,0.08827501971073685,1.0,0.9999673932257813
combined_overall,0.0882771738896285,1.0,0.9999673932257813
combined_overall,0.08828255933685757,1.0,0.9999673932257813
combined_overall,0.08828471351574921,1.0,0.9999673932257813
combined_overall,0.08831379493078623,1.0,0.9999673932257813
combined_overall,0.0883181032885695,1.0,0.9999673932257813
combined_overall,0.08832779709358184,1.0,0.9999673932257813
combined_overall,0.08832995127247348,1.0,0.9999673932257813
combined_overall,0.08833533671970255,1.0,0.9999673932257813
combined_overall,0.08833749089859419,1.0,0.9999673932257813
combined_overall,0.08833856798804,1.0,0.9999673932257813
combined_overall,0.08834610761416072,1.0,0.9999673932257813
combined_overall,0.08834718470360653,1.0,0.9999673932257813
combined_overall,0.08834933888249816,1.0,0.9999673932257813
combined_overall,0.08838811410254753,1.0,0.9999673932257813
combined_overall,0.0883924224603308,1.0,0.9999673932257813
combined_overall,0.08839996208645151,1.0,0.9999673932257813
combined_overall,0.08840211626534314,1.0,0.9999673932257813
combined_overall,0.08840534753368058,1.0,0.9999673932257813
combined_overall,0.08840965589146385,1.0,0.9999673932257813
combined_overall,0.08842258096481365,1.0,0.9999673932257813
combined_overall,0.08842473514370527,1.0,0.9999673932257813
combined_overall,0.08843658312760926,1.0,0.9999673932257813
combined_overall,0.08843873730650088,1.0,0.9999673932257813
combined_overall,0.0885012084943582,1.0,0.9999673932257813
combined_overall,0.08850336267324983,1.0,0.9999673932257813
combined_overall,0.088514133567708,1.0,0.9999673932257813
combined_overall,0.08851844192549126,1.0,0.9999673932257813
combined_overall,0.0885615255033239,1.0,0.9999673932257813
combined_overall,0.08856367968221553,1.0,0.9999673932257813
combined_overall,0.08858306729224022,1.0,0.9999673932257813
combined_overall,0.08858737565002348,1.0,0.9999673932257813
combined_overall,0.08860784034949398,1.0,0.9999673932257813
combined_overall,0.08860999452838561,1.0,0.9999673932257813
combined_overall,0.08862722795951868,1.0,0.9999673932257813
combined_overall,0.08863045922785612,1.0,0.9999673932257813
combined_overall,0.08864015303286846,1.0,0.9999673932257813
combined_overall,0.0886423072117601,1.0,0.9999673932257813
combined_overall,0.08864984683788081,1.0,0.9999673932257813
combined_overall,0.08865307810621825,1.0,0.9999673932257813
combined_overall,0.08865846355344734,1.0,0.9999673932257813
combined_overall,0.0886638490006764,1.0,0.9999673932257813
combined_overall,0.08868431370014691,1.0,0.9999673932257813
combined_overall,0.088689699147376,1.0,0.9999673932257813
combined_overall,0.08871231802573813,1.0,0.9999673932257813
combined_overall,0.08871447220462976,1.0,0.9999673932257813
combined_overall,0.08872093474130466,1.0,0.9999673932257813
combined_overall,0.08872308892019629,1.0,0.9999673932257813
combined_overall,0.08873385981465445,1.0,0.9999673932257813
combined_overall,0.0887370910829919,1.0,0.9999673932257813
combined_overall,0.08875324742467913,1.0,0.9999673932257813
combined_overall,0.08875540160357076,1.0,0.9999673932257813
combined_overall,0.08878771428694525,1.0,0.9999673932257813
combined_overall,0.08879094555528269,1.0,0.9999673932257813
combined_overall,0.08879417682362015,1.0,0.9999673932257813
combined_overall,0.08879633100251177,1.0,0.9999673932257813
combined_overall,0.08881571861253645,1.0,0.9999673932257813
combined_overall,0.08882002697031972,1.0,0.9999673932257813
combined_overall,0.08884480002757349,1.0,0.9999673932257813
combined_overall,0.08884910838535676,1.0,0.9999673932257813
combined_overall,0.08885126256424838,1.0,0.9999673932257813
combined_overall,0.08885557092203165,1.0,0.9999673932257813
combined_overall,0.08885772510092328,1.0,0.9999673932257813
combined_overall,0.08885987927981491,1.0,0.9999673932257813
combined_overall,0.08887065017427308,1.0,0.9999673932257813
combined_overall,0.0888728043531647,1.0,0.9999673932257813
combined_overall,0.08887711271094796,1.0,0.9999673932257813
combined_overall,0.08888142106873123,1.0,0.9999673932257813
combined_overall,0.08888465233706867,1.0,0.9999673932257813
combined_overall,0.08893635263046784,1.0,0.9999673932257813
combined_overall,0.08893850680935948,1.0,0.9999673932257813
combined_overall,0.08894173807769692,1.0,0.9999673932257813
combined_overall,0.08894389225658855,1.0,0.9999673932257813
combined_overall,0.0889460464354802,1.0,0.9999673932257813
combined_overall,0.08894820061437182,1.0,0.9999673932257813
combined_overall,0.08897620493996304,1.0,0.9999673932257813
combined_overall,0.08897835911885467,1.0,0.9999673932257813
combined_overall,0.08898482165552957,1.0,0.9999673932257813
combined_overall,0.0889869758344212,1.0,0.9999673932257813
combined_overall,0.08900528635500006,1.0,0.9999673932257813
combined_overall,0.08901067180222914,1.0,0.9999673932257813
combined_overall,0.08904944702227852,1.0,0.9999673932257813
combined_overall,0.08905160120117014,1.0,0.9999673932257813
combined_overall,0.08908606806343626,1.0,0.9999673932257813
combined_overall,0.08908822224232789,1.0,0.9999673932257813
combined_overall,0.08909899313678606,1.0,0.9999673932257813
combined_overall,0.08910114731567768,1.0,0.9999673932257813
combined_overall,0.08910437858401513,1.0,0.9999673932257813
combined_overall,0.08910653276290677,1.0,0.9999673932257813
combined_overall,0.0891086869417984,1.0,0.9999673932257813
combined_overall,0.08911084112069002,1.0,0.9999673932257813
combined_overall,0.0891151494784733,1.0,0.9999673932257813
combined_overall,0.08912053492570236,1.0,0.9999673932257813
combined_overall,0.08913345999905216,1.0,0.9999673932257813
combined_overall,0.08913776835683543,1.0,0.9999673932257813
combined_overall,0.08913992253572706,1.0,0.9999673932257813
combined_overall,0.0891496163407394,1.0,0.9999673932257813
combined_overall,0.08915177051963104,1.0,0.9999673932257813
combined_overall,0.08915392469852267,1.0,0.9999673932257813
combined_overall,0.0891560788774143,1.0,0.9999673932257813
combined_overall,0.08915823305630592,1.0,0.9999673932257813
combined_overall,0.08916038723519756,1.0,0.9999673932257813
combined_overall,0.089163618503535,1.0,0.9999673932257813
combined_overall,0.08916900395076409,1.0,0.9999673932257813
combined_overall,0.08917331230854735,1.0,0.9999673932257813
combined_overall,0.08917546648743899,1.0,0.9999673932257813
combined_overall,0.08917762066633061,1.0,0.9999673932257813
combined_overall,0.08919054573968041,1.0,0.9999673932257813
combined_overall,0.08919269991857204,1.0,0.9999673932257813
combined_overall,0.08922070424416326,1.0,0.9999673932257813
combined_overall,0.08922285842305488,1.0,0.9999673932257813
combined_overall,0.08922608969139233,1.0,0.9999673932257813
combined_overall,0.08922824387028397,1.0,0.9999673932257813
combined_overall,0.08923901476474212,1.0,0.9999673932257813
combined_overall,0.08924116894363375,1.0,0.9999673932257813
combined_overall,0.0892444002119712,1.0,0.9999673932257813
combined_overall,0.08924655439086283,1.0,0.9999673932257813
combined_overall,0.08925517110642936,1.0,0.9999673932257813
combined_overall,0.08925732528532099,1.0,0.9999673932257813
combined_overall,0.08926271073255007,1.0,0.9999673932257813
combined_overall,0.0892648649114417,1.0,0.9999673932257813
combined_overall,0.08927671289534568,1.0,0.9999673932257813
combined_overall,0.08928102125312895,1.0,0.9999673932257813
combined_overall,0.0892853296109122,1.0,0.9999673932257813
combined_overall,0.08928748378980383,1.0,0.9999673932257813
combined_overall,0.08930902557872016,1.0,0.9999673932257813
combined_overall,0.0893111797576118,1.0,0.9999673932257813
combined_overall,0.08931225684705761,1.0,0.9999673932257813
combined_overall,0.08931656520484087,1.0,0.9999673932257813
combined_overall,0.08931871938373251,1.0,0.9999673932257813
combined_overall,0.08934887788821536,1.0,0.9999673932257813
combined_overall,0.08936718840879422,1.0,0.9999673932257813
combined_overall,0.08936934258768585,1.0,0.9999673932257813
combined_overall,0.08937795930325237,1.0,0.9999673932257813
combined_overall,0.0893865760188189,1.0,0.9999673932257813
combined_overall,0.08940811780773522,1.0,0.9999673932257813
combined_overall,0.08941027198662686,1.0,0.9999673932257813
combined_overall,0.08943181377554317,1.0,0.9999673932257813
combined_overall,0.089432890864989,1.0,0.9999673932257813
combined_overall,0.08943504504388063,1.0,0.9999673932257813
combined_overall,0.08943612213332644,1.0,0.9999673932257813
combined_overall,0.08943827631221807,1.0,0.9999673932257813
combined_overall,0.08945658683279695,1.0,0.9999673932257813
combined_overall,0.08945874101168858,1.0,0.9999673932257813
combined_overall,0.08945981810113439,1.0,0.9999673932257813
combined_overall,0.08946304936947184,1.0,0.9999673932257813
combined_overall,0.08947597444282163,1.0,0.9999673932257813
combined_overall,0.0894802828006049,1.0,0.9999673932257813
combined_overall,0.08949967041062958,1.0,0.9999673932257813
combined_overall,0.08950397876841285,1.0,0.9999673932257813
combined_overall,0.0895082871261961,1.0,0.9999673932257813
combined_overall,0.08951044130508774,1.0,0.9999673932257813
combined_overall,0.089514749662871,1.0,0.9999673932257813
combined_overall,0.08951690384176264,1.0,0.9999673932257813
combined_overall,0.08956537286682435,1.0,0.9999673932257813
combined_overall,0.08956752704571598,1.0,0.9999673932257813
combined_overall,0.08957829794017415,1.0,0.9999673932257813
combined_overall,0.08958045211906578,1.0,0.9999673932257813
combined_overall,0.08959983972909047,1.0,0.9999673932257813
combined_overall,0.0896019939079821,1.0,0.9999673932257813
combined_overall,0.08961061062354862,1.0,0.9999673932257813
combined_overall,0.08961276480244025,1.0,0.9999673932257813
combined_overall,0.08963430659135657,1.0,0.9999673932257813
combined_overall,0.08963861494913984,1.0,0.9999673932257813
combined_overall,0.08964076912803147,1.0,0.9999673932257813
combined_overall,0.08965261711193544,1.0,0.9999673932257813
combined_overall,0.0896569254697187,1.0,0.9999673932257813
combined_overall,0.08966554218528523,1.0,0.9999673932257813
combined_overall,0.08966769636417686,1.0,0.9999673932257813
combined_overall,0.08967092763251432,1.0,0.9999673932257813
combined_overall,0.08967308181140594,1.0,0.9999673932257813
combined_overall,0.08967523599029757,1.0,0.9999673932257813
combined_overall,0.08967739016918921,1.0,0.9999673932257813
combined_overall,0.08969246942143064,1.0,0.9999673932257813
combined_overall,0.08969462360032227,1.0,0.9999673932257813
combined_overall,0.0897301675520342,1.0,0.9999673932257813
combined_overall,0.08973232173092582,1.0,0.9999673932257813
combined_overall,0.08975494060928796,1.0,0.9999673932257813
combined_overall,0.08975924896707121,1.0,0.9999673932257813
combined_overall,0.08977325112986682,1.0,0.9999673932257813
combined_overall,0.08977540530875847,1.0,0.9999673932257813
combined_overall,0.08980125545545804,1.0,0.9999673932257813
combined_overall,0.08980340963434967,1.0,0.9999673932257813
combined_overall,0.08984003067550742,1.0,0.9999673932257813
combined_overall,0.08984218485439904,1.0,0.9999673932257813
combined_overall,0.08990250186336474,1.0,0.9999673932257813
combined_overall,0.08990465604225638,1.0,0.9999673932257813
combined_overall,0.08992512074172687,1.0,0.9999673932257813
combined_overall,0.08992727492061851,1.0,0.9999673932257813
combined_overall,0.08993266036784758,1.0,0.9999673932257813
combined_overall,0.08993481454673923,1.0,0.9999673932257813
combined_overall,0.08993804581507667,1.0,0.9999673932257813
combined_overall,0.0899401999939683,1.0,0.9999673932257813
combined_overall,0.08995527924620972,1.0,0.9999673932257813
combined_overall,0.08995743342510136,1.0,0.9999673932257813
combined_overall,0.08997035849845114,1.0,0.9999673932257813
combined_overall,0.08997251267734278,1.0,0.9999673932257813
combined_overall,0.0899735897667886,1.0,0.9999673932257813
combined_overall,0.08997682103512604,1.0,0.9999673932257813
combined_overall,0.08999082319792165,1.0,0.9999673932257813
combined_overall,0.09000374827127144,1.0,0.9999673932257813
combined_overall,0.09001559625517541,1.0,0.9999673932257813
combined_overall,0.09001990461295868,1.0,0.9999673932257813
combined_overall,0.09002421297074194,1.0,0.9999673932257813
combined_overall,0.09002636714963358,1.0,0.9999673932257813
combined_overall,0.09004683184910407,1.0,0.9999673932257813
combined_overall,0.09004898602799571,1.0,0.9999673932257813
combined_overall,0.09005329438577897,1.0,0.9999673932257813
combined_overall,0.09005760274356224,1.0,0.9999673932257813
combined_overall,0.09005975692245387,1.0,0.9999673932257813
combined_overall,0.09006298819079131,1.0,0.9999673932257813
combined_overall,0.09007160490635785,1.0,0.9999673932257813
combined_overall,0.09009099251638253,1.0,0.9999673932257813
combined_overall,0.09009422378471998,1.0,0.9999673932257813
combined_overall,0.09009637796361161,1.0,0.9999673932257813
combined_overall,0.09009960923194905,1.0,0.9999673932257813
combined_overall,0.09010068632139487,1.0,0.9999673932257813
combined_overall,0.09010499467917814,1.0,0.9999673932257813
combined_overall,0.09012869064698609,1.0,0.9999673932257813
combined_overall,0.09013084482587772,1.0,0.9999673932257813
combined_overall,0.09013192191532354,1.0,0.9999673932257813
combined_overall,0.09013407609421517,1.0,0.9999673932257813
combined_overall,0.09014592407811914,1.0,0.9999673932257813
combined_overall,0.09014807825701078,1.0,0.9999673932257813
combined_overall,0.09015777206202312,1.0,0.9999673932257813
combined_overall,0.09015992624091475,1.0,0.9999673932257813
combined_overall,0.09016638877758965,1.0,0.9999673932257813
combined_overall,0.09016854295648127,1.0,0.9999673932257813
combined_overall,0.09018254511927688,1.0,0.9999673932257813
combined_overall,0.09018469929816851,1.0,0.9999673932257813
combined_overall,0.09018793056650597,1.0,0.9999673932257813
combined_overall,0.0901900847453976,1.0,0.9999673932257813
combined_overall,0.09019331601373505,1.0,0.9999673932257813
combined_overall,0.09019547019262668,1.0,0.9999673932257813
combined_overall,0.09020193272930158,1.0,0.9999673932257813
combined_overall,0.09020731817653065,1.0,0.9999673932257813
combined_overall,0.09024717048602585,1.0,0.9999673932257813
combined_overall,0.0902514788438091,1.0,0.9999673932257813
combined_overall,0.09025901846992981,1.0,0.9999673932257813
combined_overall,0.09026117264882146,1.0,0.9999673932257813
combined_overall,0.09026763518549634,1.0,0.9999673932257813
combined_overall,0.0902708664538338,1.0,0.9999673932257813
combined_overall,0.09028809988496685,1.0,0.9999673932257813
combined_overall,0.09029025406385847,1.0,0.9999673932257813
combined_overall,0.09030856458443735,1.0,0.9999673932257813
combined_overall,0.09031071876332898,1.0,0.9999673932257813
combined_overall,0.09032364383667878,1.0,0.9999673932257813
combined_overall,0.0903257980155704,1.0,0.9999673932257813
combined_overall,0.09032795219446203,1.0,0.9999673932257813
combined_overall,0.09033441473113693,1.0,0.9999673932257813
combined_overall,0.09033980017836601,1.0,0.9999673932257813
combined_overall,0.09034195435725764,1.0,0.9999673932257813
combined_overall,0.09036995868284886,1.0,0.9999673932257813
combined_overall,0.09037211286174049,1.0,0.9999673932257813
combined_overall,0.09038719211398191,1.0,0.9999673932257813
combined_overall,0.09038934629287354,1.0,0.9999673932257813
combined_overall,0.09041411935012732,1.0,0.9999673932257813
combined_overall,0.09041842770791057,1.0,0.9999673932257813
combined_overall,0.0904205818868022,1.0,0.9999673932257813
combined_overall,0.09042273606569384,1.0,0.9999673932257813
combined_overall,0.09042489024458547,1.0,0.9999673932257813
combined_overall,0.09042812151292291,1.0,0.9999673932257813
combined_overall,0.09043027569181455,1.0,0.9999673932257813
combined_overall,0.090433506960152,1.0,0.9999673932257813
combined_overall,0.09047659053798464,1.0,0.9999673932257813
combined_overall,0.09047982180632208,1.0,0.9999673932257813
combined_overall,0.09056598896198736,1.0,0.9999673932257813
combined_overall,0.09056814314087899,1.0,0.9999673932257813
combined_overall,0.09060691836092837,1.0,0.9999673932257813
combined_overall,0.0906166121659407,1.0,0.9999673932257813
combined_overall,0.0906230747026156,1.0,0.9999673932257813
combined_overall,0.09062522888150723,1.0,0.9999673932257813
combined_overall,0.09063061432873631,1.0,0.9999673932257813
combined_overall,0.09063815395485703,1.0,0.9999673932257813
combined_overall,0.09064784775986937,1.0,0.9999673932257813
combined_overall,0.09065000193876101,1.0,0.9999673932257813
combined_overall,0.09065969574377335,1.0,0.9999673932257813
combined_overall,0.09066615828044824,1.0,0.9999673932257813
combined_overall,0.0906769291749064,1.0,0.9999673932257813
combined_overall,0.09067908335379803,1.0,0.9999673932257813
combined_overall,0.09070493350049762,1.0,0.9999673932257813
combined_overall,0.09070816476883506,1.0,0.9999673932257813
combined_overall,0.0907307836471972,1.0,0.9999673932257813
combined_overall,0.09073509200498046,1.0,0.9999673932257813
combined_overall,0.09074047745220955,1.0,0.9999673932257813
combined_overall,0.09074263163110118,1.0,0.9999673932257813
combined_overall,0.09075232543611352,1.0,0.9999673932257813
combined_overall,0.09075447961500514,1.0,0.9999673932257813
combined_overall,0.09076094215168004,1.0,0.9999673932257813
combined_overall,0.09076309633057168,1.0,0.9999673932257813
combined_overall,0.09076848177780075,1.0,0.9999673932257813
combined_overall,0.09077171304613821,1.0,0.9999673932257813
combined_overall,0.09078032976170473,1.0,0.9999673932257813
combined_overall,0.09078679229837963,1.0,0.9999673932257813
combined_overall,0.09078894647727126,1.0,0.9999673932257813
combined_overall,0.09079110065616289,1.0,0.9999673932257813
combined_overall,0.09080187155062105,1.0,0.9999673932257813
combined_overall,0.09080833408729594,1.0,0.9999673932257813
combined_overall,0.09081264244507921,1.0,0.9999673932257813
combined_overall,0.09081479662397084,1.0,0.9999673932257813
combined_overall,0.09081695080286248,1.0,0.9999673932257813
combined_overall,0.0908191049817541,1.0,0.9999673932257813
combined_overall,0.09082341333953736,1.0,0.9999673932257813
combined_overall,0.090825567518429,1.0,0.9999673932257813
combined_overall,0.09082664460787482,1.0,0.9999673932257813
combined_overall,0.09082879878676645,1.0,0.9999673932257813
combined_overall,0.09083741550233297,1.0,0.9999673932257813
combined_overall,0.09083956968122461,1.0,0.9999673932257813
combined_overall,0.09084495512845368,1.0,0.9999673932257813
combined_overall,0.09084926348623695,1.0,0.9999673932257813
combined_overall,0.09086865109626163,1.0,0.9999673932257813
combined_overall,0.09087080527515327,1.0,0.9999673932257813
combined_overall,0.0908858845273947,1.0,0.9999673932257813
combined_overall,0.09088803870628633,1.0,0.9999673932257813
combined_overall,0.09092250556855243,1.0,0.9999673932257813
combined_overall,0.09093112228411897,1.0,0.9999673932257813
combined_overall,0.09093650773134804,1.0,0.9999673932257813
combined_overall,0.09093866191023968,1.0,0.9999673932257813
combined_overall,0.09096989750416834,1.0,0.9999673932257813
combined_overall,0.09097312877250578,1.0,0.9999673932257813
combined_overall,0.09097528295139741,1.0,0.9999673932257813
combined_overall,0.09097851421973487,1.0,0.9999673932257813
combined_overall,0.09098497675640976,1.0,0.9999673932257813
combined_overall,0.09098928511419302,1.0,0.9999673932257813
combined_overall,0.09099251638253048,1.0,0.9999673932257813
combined_overall,0.0909946705614221,1.0,0.9999673932257813
combined_overall,0.091001133098097,1.0,0.9999673932257813
combined_overall,0.09100974981366353,1.0,0.9999673932257813
combined_overall,0.09101190399255515,1.0,0.9999673932257813
combined_overall,0.09101298108200097,1.0,0.9999673932257813
combined_overall,0.09101513526089261,1.0,0.9999673932257813
combined_overall,0.09102698324479658,1.0,0.9999673932257813
combined_overall,0.09102913742368822,1.0,0.9999673932257813
combined_overall,0.09104529376537546,1.0,0.9999673932257813
combined_overall,0.09104744794426708,1.0,0.9999673932257813
combined_overall,0.0910485250337129,1.0,0.9999673932257813
combined_overall,0.09105283339149617,1.0,0.9999673932257813
combined_overall,0.09105714174927942,1.0,0.9999673932257813
combined_overall,0.09106468137540014,1.0,0.9999673932257813
combined_overall,0.09106683555429176,1.0,0.9999673932257813
combined_overall,0.09107114391207503,1.0,0.9999673932257813
combined_overall,0.09107329809096666,1.0,0.9999673932257813
combined_overall,0.09107868353819575,1.0,0.9999673932257813
combined_overall,0.09108299189597902,1.0,0.9999673932257813
combined_overall,0.09112069002658257,1.0,0.9999673932257813
combined_overall,0.09112392129492002,1.0,0.9999673932257813
combined_overall,0.0911293067421491,1.0,0.9999673932257813
combined_overall,0.09113253801048654,1.0,0.9999673932257813
combined_overall,0.09114115472605307,1.0,0.9999673932257813
combined_overall,0.09114330890494471,1.0,0.9999673932257813
combined_overall,0.09115623397829449,1.0,0.9999673932257813
combined_overall,0.09115838815718613,1.0,0.9999673932257813
combined_overall,0.0911637736044152,1.0,0.9999673932257813
combined_overall,0.09116808196219847,1.0,0.9999673932257813
combined_overall,0.09119285501945223,1.0,0.9999673932257813
combined_overall,0.09119500919834386,1.0,0.9999673932257813
combined_overall,0.09119931755612713,1.0,0.9999673932257813
combined_overall,0.09120147173501876,1.0,0.9999673932257813
combined_overall,0.09120254882446457,1.0,0.9999673932257813
combined_overall,0.09120470300335622,1.0,0.9999673932257813
combined_overall,0.0912111655400311,1.0,0.9999673932257813
combined_overall,0.09121331971892274,1.0,0.9999673932257813
combined_overall,0.09121870516615181,1.0,0.9999673932257813
combined_overall,0.0912240906133809,1.0,0.9999673932257813
combined_overall,0.09122624479227252,1.0,0.9999673932257813
combined_overall,0.09123378441839324,1.0,0.9999673932257813
combined_overall,0.09126825128065935,1.0,0.9999673932257813
combined_overall,0.09127040545955098,1.0,0.9999673932257813
combined_overall,0.0912790221751175,1.0,0.9999673932257813
combined_overall,0.09128333053290077,1.0,0.9999673932257813
combined_overall,0.0912919472484673,1.0,0.9999673932257813
combined_overall,0.09129410142735893,1.0,0.9999673932257813
combined_overall,0.09131995157405852,1.0,0.9999673932257813
combined_overall,0.09132210575295015,1.0,0.9999673932257813
combined_overall,0.09133179955796249,1.0,0.9999673932257813
combined_overall,0.09133395373685413,1.0,0.9999673932257813
combined_overall,0.09136949768856605,1.0,0.9999673932257813
combined_overall,0.09137165186745769,1.0,0.9999673932257813
combined_overall,0.09138457694080747,1.0,0.9999673932257813
combined_overall,0.09138673111969911,1.0,0.9999673932257813
combined_overall,0.09139965619304889,1.0,0.9999673932257813
combined_overall,0.09140181037194053,1.0,0.9999673932257813
combined_overall,0.09140827290861542,1.0,0.9999673932257813
combined_overall,0.09141473544529032,1.0,0.9999673932257813
combined_overall,0.09142550633974848,1.0,0.9999673932257813
combined_overall,0.09142766051864011,1.0,0.9999673932257813
combined_overall,0.09144920230755643,1.0,0.9999673932257813
combined_overall,0.09145351066533969,1.0,0.9999673932257813
combined_overall,0.09145674193367714,1.0,0.9999673932257813
combined_overall,0.09145889611256877,1.0,0.9999673932257813
combined_overall,0.09149013170649743,1.0,0.9999673932257813
combined_overall,0.09149228588538906,1.0,0.9999673932257813
combined_overall,0.09149551715372652,1.0,0.9999673932257813
combined_overall,0.0915009026009556,1.0,0.9999673932257813
combined_overall,0.09150305677984723,1.0,0.9999673932257813
combined_overall,0.09151382767430538,1.0,0.9999673932257813
combined_overall,0.09151598185319702,1.0,0.9999673932257813
combined_overall,0.09152998401599262,1.0,0.9999673932257813
combined_overall,0.09153213819488426,1.0,0.9999673932257813
combined_overall,0.09154290908934241,1.0,0.9999673932257813
combined_overall,0.09154506326823404,1.0,0.9999673932257813
combined_overall,0.0915547570732464,1.0,0.9999673932257813
combined_overall,0.09155691125213802,1.0,0.9999673932257813
combined_overall,0.09162045952944116,1.0,0.9999673932257813
combined_overall,0.0916226137083328,1.0,0.9999673932257813
combined_overall,0.09162476788722443,1.0,0.9999673932257813
combined_overall,0.09162692206611606,1.0,0.9999673932257813
combined_overall,0.09163553878168258,1.0,0.9999673932257813
combined_overall,0.09163769296057422,1.0,0.9999673932257813
combined_overall,0.09164200131835748,1.0,0.9999673932257813
combined_overall,0.09164415549724911,1.0,0.9999673932257813
combined_overall,0.09168723907508175,1.0,0.9999673932257813
combined_overall,0.09168939325397338,1.0,0.9999673932257813
combined_overall,0.09169477870120246,1.0,0.9999673932257813
combined_overall,0.09169693288009409,1.0,0.9999673932257813
combined_overall,0.09170231832732317,1.0,0.9999673932257813
combined_overall,0.09170878086399807,1.0,0.9999673932257813
combined_overall,0.0917173975795646,1.0,0.9999673932257813
combined_overall,0.09171955175845622,1.0,0.9999673932257813
combined_overall,0.0917238601162395,1.0,0.9999673932257813
combined_overall,0.09172816847402275,1.0,0.9999673932257813
combined_overall,0.0917378622790351,1.0,0.9999673932257813
combined_overall,0.09174001645792673,1.0,0.9999673932257813
combined_overall,0.09175401862072234,1.0,0.9999673932257813
combined_overall,0.09175724988905978,1.0,0.9999673932257813
combined_overall,0.09177986876742192,1.0,0.9999673932257813
combined_overall,0.09178417712520519,1.0,0.9999673932257813
combined_overall,0.09178740839354263,1.0,0.9999673932257813
combined_overall,0.09178956257243427,1.0,0.9999673932257813
combined_overall,0.09179710219855498,1.0,0.9999673932257813
combined_overall,0.09180356473522987,1.0,0.9999673932257813
combined_overall,0.09184233995527924,1.0,0.9999673932257813
combined_overall,0.09184449413417088,1.0,0.9999673932257813
combined_overall,0.09184664831306251,1.0,0.9999673932257813
combined_overall,0.09184880249195414,1.0,0.9999673932257813
combined_overall,0.09185526502862904,1.0,0.9999673932257813
combined_overall,0.09185741920752066,1.0,0.9999673932257813
combined_overall,0.09188973189089515,1.0,0.9999673932257813
combined_overall,0.09189188606978678,1.0,0.9999673932257813
combined_overall,0.09189942569590749,1.0,0.9999673932257813
combined_overall,0.09190157987479912,1.0,0.9999673932257813
combined_overall,0.09191127367981147,1.0,0.9999673932257813
combined_overall,0.09191665912704054,1.0,0.9999673932257813
combined_overall,0.09192312166371544,1.0,0.9999673932257813
combined_overall,0.09192527584260707,1.0,0.9999673932257813
combined_overall,0.09194466345263176,1.0,0.9999673932257813
combined_overall,0.09194681763152339,1.0,0.9999673932257813
combined_overall,0.09198236158323532,1.0,0.9999673932257813
combined_overall,0.09198451576212695,1.0,0.9999673932257813
combined_overall,0.09198666994101858,1.0,0.9999673932257813
combined_overall,0.09198882411991022,1.0,0.9999673932257813
combined_overall,0.09199313247769347,1.0,0.9999673932257813
combined_overall,0.09199528665658512,1.0,0.9999673932257813
combined_overall,0.09200605755104327,1.0,0.9999673932257813
combined_overall,0.0920082117299349,1.0,0.9999673932257813
combined_overall,0.0920146742666098,1.0,0.9999673932257813
combined_overall,0.09201790553494725,1.0,0.9999673932257813
combined_overall,0.09202005971383888,1.0,0.9999673932257813
combined_overall,0.09202975351885122,1.0,0.9999673932257813
combined_overall,0.09203190769774285,1.0,0.9999673932257813
combined_overall,0.0920480640394301,1.0,0.9999673932257813
combined_overall,0.09205021821832172,1.0,0.9999673932257813
combined_overall,0.09205344948665917,1.0,0.9999673932257813
combined_overall,0.09205668075499662,1.0,0.9999673932257813
combined_overall,0.09205883493388825,1.0,0.9999673932257813
combined_overall,0.09206314329167152,1.0,0.9999673932257813
combined_overall,0.09207929963335876,1.0,0.9999673932257813
combined_overall,0.09208360799114201,1.0,0.9999673932257813
combined_overall,0.09208468508058783,1.0,0.9999673932257813
combined_overall,0.09208683925947947,1.0,0.9999673932257813
combined_overall,0.09209007052781691,1.0,0.9999673932257813
combined_overall,0.09210514978005833,1.0,0.9999673932257813
combined_overall,0.09210730395894996,1.0,0.9999673932257813
combined_overall,0.09211484358507067,1.0,0.9999673932257813
combined_overall,0.09211699776396232,1.0,0.9999673932257813
combined_overall,0.0921299228373121,1.0,0.9999673932257813
combined_overall,0.09213423119509537,1.0,0.9999673932257813
combined_overall,0.09215577298401169,1.0,0.9999673932257813
combined_overall,0.09215792716290332,1.0,0.9999673932257813
combined_overall,0.09217516059403637,1.0,0.9999673932257813
combined_overall,0.09217731477292801,1.0,0.9999673932257813
combined_overall,0.09220639618796503,1.0,0.9999673932257813
combined_overall,0.09220962745630248,1.0,0.9999673932257813
combined_overall,0.09221178163519411,1.0,0.9999673932257813
combined_overall,0.09221393581408574,1.0,0.9999673932257813
combined_overall,0.09223547760300206,1.0,0.9999673932257813
combined_overall,0.09223763178189369,1.0,0.9999673932257813
combined_overall,0.09224194013967696,1.0,0.9999673932257813
combined_overall,0.09224409431856859,1.0,0.9999673932257813
combined_overall,0.09224732558690604,1.0,0.9999673932257813
combined_overall,0.0922516339446893,1.0,0.9999673932257813
combined_overall,0.09226025066025582,1.0,0.9999673932257813
combined_overall,0.0922645590180391,1.0,0.9999673932257813
combined_overall,0.09226671319693072,1.0,0.9999673932257813
combined_overall,0.09227425282305143,1.0,0.9999673932257813
combined_overall,0.09227640700194308,1.0,0.9999673932257813
combined_overall,0.09228071535972633,1.0,0.9999673932257813
combined_overall,0.09228286953861796,1.0,0.9999673932257813
combined_overall,0.09228825498584704,1.0,0.9999673932257813
combined_overall,0.09229040916473867,1.0,0.9999673932257813
combined_overall,0.0923054884169801,1.0,0.9999673932257813
combined_overall,0.09230764259587174,1.0,0.9999673932257813
combined_overall,0.09231087386420918,1.0,0.9999673932257813
combined_overall,0.09231518222199245,1.0,0.9999673932257813
combined_overall,0.0923259531164506,1.0,0.9999673932257813
combined_overall,0.09232810729534223,1.0,0.9999673932257813
combined_overall,0.0923668825153916,1.0,0.9999673932257813
combined_overall,0.09236903669428324,1.0,0.9999673932257813
combined_overall,0.09237873049929558,1.0,0.9999673932257813
combined_overall,0.09238088467818721,1.0,0.9999673932257813
combined_overall,0.0923862701254163,1.0,0.9999673932257813
combined_overall,0.09238842430430792,1.0,0.9999673932257813
combined_overall,0.09240781191433262,1.0,0.9999673932257813
combined_overall,0.09241212027211587,1.0,0.9999673932257813
combined_overall,0.09243043079269475,1.0,0.9999673932257813
combined_overall,0.09243366206103219,1.0,0.9999673932257813
combined_overall,0.09244227877659872,1.0,0.9999673932257813
combined_overall,0.09244443295549036,1.0,0.9999673932257813
combined_overall,0.0924605892971776,1.0,0.9999673932257813
combined_overall,0.09246489765496085,1.0,0.9999673932257813
combined_overall,0.09247136019163575,1.0,0.9999673932257813
combined_overall,0.09247566854941902,1.0,0.9999673932257813
combined_overall,0.09248320817553973,1.0,0.9999673932257813
combined_overall,0.09248536235443136,1.0,0.9999673932257813
combined_overall,0.09251121250113094,1.0,0.9999673932257813
combined_overall,0.09251552085891421,1.0,0.9999673932257813
combined_overall,0.09254675645284287,1.0,0.9999673932257813
combined_overall,0.09255106481062614,1.0,0.9999673932257813
combined_overall,0.09257152951009663,1.0,0.9999673932257813
combined_overall,0.09257368368898827,1.0,0.9999673932257813
combined_overall,0.09259522547790458,1.0,0.9999673932257813
combined_overall,0.09259953383568785,1.0,0.9999673932257813
combined_overall,0.09260168801457948,1.0,0.9999673932257813
combined_overall,0.09260276510402529,1.0,0.9999673932257813
combined_overall,0.09260491928291693,1.0,0.9999673932257813
combined_overall,0.09260599637236275,1.0,0.9999673932257813
combined_overall,0.09260922764070019,1.0,0.9999673932257813
combined_overall,0.09264154032407468,1.0,0.9999673932257813
combined_overall,0.0926436945029663,1.0,0.9999673932257813
combined_overall,0.09264692577130375,1.0,0.9999673932257813
combined_overall,0.09264907995019539,1.0,0.9999673932257813
combined_overall,0.09267169882855752,1.0,0.9999673932257813
combined_overall,0.09267385300744915,1.0,0.9999673932257813
combined_overall,0.09268354681246149,1.0,0.9999673932257813
combined_overall,0.09268785517024476,1.0,0.9999673932257813
combined_overall,0.09269000934913639,1.0,0.9999673932257813
combined_overall,0.09270185733304037,1.0,0.9999673932257813
combined_overall,0.092704011511932,1.0,0.9999673932257813
combined_overall,0.09270508860137781,1.0,0.9999673932257813
combined_overall,0.09271155113805271,1.0,0.9999673932257813
combined_overall,0.09272124494306505,1.0,0.9999673932257813
combined_overall,0.09272447621140249,1.0,0.9999673932257813
combined_overall,0.09272986165863158,1.0,0.9999673932257813
combined_overall,0.0927320158375232,1.0,0.9999673932257813
combined_overall,0.09274709508976463,1.0,0.9999673932257813
combined_overall,0.09274924926865627,1.0,0.9999673932257813
combined_overall,0.09276863687868095,1.0,0.9999673932257813
combined_overall,0.09277079105757259,1.0,0.9999673932257813
combined_overall,0.09277725359424747,1.0,0.9999673932257813
combined_overall,0.09277940777313912,1.0,0.9999673932257813
combined_overall,0.09278371613092237,1.0,0.9999673932257813
combined_overall,0.09278587030981401,1.0,0.9999673932257813
combined_overall,0.09279017866759727,1.0,0.9999673932257813
combined_overall,0.09279556411482635,1.0,0.9999673932257813
combined_overall,0.09281495172485103,1.0,0.9999673932257813
combined_overall,0.09281710590374267,1.0,0.9999673932257813
combined_overall,0.09281818299318849,1.0,0.9999673932257813
combined_overall,0.09282356844041757,1.0,0.9999673932257813
combined_overall,0.0928257226193092,1.0,0.9999673932257813
combined_overall,0.09283003097709246,1.0,0.9999673932257813
combined_overall,0.09283110806653828,1.0,0.9999673932257813
combined_overall,0.09283326224542991,1.0,0.9999673932257813
combined_overall,0.09287742291270837,1.0,0.9999673932257813
combined_overall,0.0928795770916,1.0,0.9999673932257813
combined_overall,0.09289250216494979,1.0,0.9999673932257813
combined_overall,0.0929000417910705,1.0,0.9999673932257813
combined_overall,0.09290111888051632,1.0,0.9999673932257813
combined_overall,0.09290542723829957,1.0,0.9999673932257813
combined_overall,0.09291512104331193,1.0,0.9999673932257813
combined_overall,0.09291942940109518,1.0,0.9999673932257813
combined_overall,0.09292373775887845,1.0,0.9999673932257813
combined_overall,0.09292589193777008,1.0,0.9999673932257813
combined_overall,0.09294312536890313,1.0,0.9999673932257813
combined_overall,0.09294527954779477,1.0,0.9999673932257813
combined_overall,0.09295066499502384,1.0,0.9999673932257813
combined_overall,0.09295281917391549,1.0,0.9999673932257813
combined_overall,0.09295605044225293,1.0,0.9999673932257813
combined_overall,0.09295820462114456,1.0,0.9999673932257813
combined_overall,0.09297543805227762,1.0,0.9999673932257813
combined_overall,0.09297759223116925,1.0,0.9999673932257813
combined_overall,0.09297866932061506,1.0,0.9999673932257813
combined_overall,0.09298082349950669,1.0,0.9999673932257813
combined_overall,0.09299374857285649,1.0,0.9999673932257813
combined_overall,0.09299590275174811,1.0,0.9999673932257813
combined_overall,0.09300667364620628,1.0,0.9999673932257813
combined_overall,0.09300882782509791,1.0,0.9999673932257813
combined_overall,0.09302713834567677,1.0,0.9999673932257813
combined_overall,0.09303036961401423,1.0,0.9999673932257813
combined_overall,0.09306052811849708,1.0,0.9999673932257813
combined_overall,0.09306375938683452,1.0,0.9999673932257813
combined_overall,0.09306806774461779,1.0,0.9999673932257813
combined_overall,0.09307237610240104,1.0,0.9999673932257813
combined_overall,0.09308853244408828,1.0,0.9999673932257813
combined_overall,0.093096072070209,1.0,0.9999673932257813
combined_overall,0.0931036116963297,1.0,0.9999673932257813
combined_overall,0.09310792005411297,1.0,0.9999673932257813
combined_overall,0.09314669527416235,1.0,0.9999673932257813
combined_overall,0.09314884945305398,1.0,0.9999673932257813
combined_overall,0.09316177452640377,1.0,0.9999673932257813
combined_overall,0.0931639287052954,1.0,0.9999673932257813
combined_overall,0.09317469959975357,1.0,0.9999673932257813
combined_overall,0.09317900795753682,1.0,0.9999673932257813
combined_overall,0.09319301012033243,1.0,0.9999673932257813
combined_overall,0.09319516429922406,1.0,0.9999673932257813
combined_overall,0.09320593519368223,1.0,0.9999673932257813
combined_overall,0.09320808937257385,1.0,0.9999673932257813
combined_overall,0.09321886026703202,1.0,0.9999673932257813
combined_overall,0.09322101444592365,1.0,0.9999673932257813
combined_overall,0.09322424571426109,1.0,0.9999673932257813
combined_overall,0.09322639989315273,1.0,0.9999673932257813
combined_overall,0.09323070825093599,1.0,0.9999673932257813
combined_overall,0.0932317853403818,1.0,0.9999673932257813
combined_overall,0.09323609369816507,1.0,0.9999673932257813
combined_overall,0.09324686459262323,1.0,0.9999673932257813
combined_overall,0.09324901877151485,1.0,0.9999673932257813
combined_overall,0.0932921023493475,1.0,0.9999673932257813
combined_overall,0.09329425652823913,1.0,0.9999673932257813
combined_overall,0.09329533361768495,1.0,0.9999673932257813
combined_overall,0.09329748779657658,1.0,0.9999673932257813
combined_overall,0.09329964197546821,1.0,0.9999673932257813
combined_overall,0.09330179615435984,1.0,0.9999673932257813
combined_overall,0.09330395033325148,1.0,0.9999673932257813
combined_overall,0.0933061045121431,1.0,0.9999673932257813
combined_overall,0.09330933578048055,1.0,0.9999673932257813
combined_overall,0.09331148995937219,1.0,0.9999673932257813
combined_overall,0.09332333794327616,1.0,0.9999673932257813
combined_overall,0.09332872339050524,1.0,0.9999673932257813
combined_overall,0.09335134226886738,1.0,0.9999673932257813
combined_overall,0.09336426734221717,1.0,0.9999673932257813
combined_overall,0.09337396114722951,1.0,0.9999673932257813
combined_overall,0.09337611532612114,1.0,0.9999673932257813
combined_overall,0.09337719241556695,1.0,0.9999673932257813
combined_overall,0.09338473204168767,1.0,0.9999673932257813
combined_overall,0.09341596763561633,1.0,0.9999673932257813
combined_overall,0.09341812181450797,1.0,0.9999673932257813
combined_overall,0.09344289487176173,1.0,0.9999673932257813
combined_overall,0.09344504905065336,1.0,0.9999673932257813
combined_overall,0.09346012830289478,1.0,0.9999673932257813
combined_overall,0.09346228248178642,1.0,0.9999673932257813
combined_overall,0.09346874501846131,1.0,0.9999673932257813
combined_overall,0.09347089919735295,1.0,0.9999673932257813
combined_overall,0.09348705553904019,1.0,0.9999673932257813
combined_overall,0.09348920971793181,1.0,0.9999673932257813
combined_overall,0.0934945951651609,1.0,0.9999673932257813
combined_overall,0.09349674934405253,1.0,0.9999673932257813
combined_overall,0.0935010577018358,1.0,0.9999673932257813
combined_overall,0.09352367658019793,1.0,0.9999673932257813
combined_overall,0.09352583075908956,1.0,0.9999673932257813
combined_overall,0.09353013911687282,1.0,0.9999673932257813
combined_overall,0.09353229329576446,1.0,0.9999673932257813
combined_overall,0.0935355245641019,1.0,0.9999673932257813
combined_overall,0.09354521836911424,1.0,0.9999673932257813
combined_overall,0.09356676015803056,1.0,0.9999673932257813
combined_overall,0.09357429978415127,1.0,0.9999673932257813
combined_overall,0.09357753105248873,1.0,0.9999673932257813
combined_overall,0.09358076232082617,1.0,0.9999673932257813
combined_overall,0.09360661246752576,1.0,0.9999673932257813
combined_overall,0.09361092082530902,1.0,0.9999673932257813
combined_overall,0.09364323350868349,1.0,0.9999673932257813
combined_overall,0.09364538768757513,1.0,0.9999673932257813
combined_overall,0.09366477529759981,1.0,0.9999673932257813
combined_overall,0.09366800656593727,1.0,0.9999673932257813
combined_overall,0.09371216723321571,1.0,0.9999673932257813
combined_overall,0.09372078394878225,1.0,0.9999673932257813
combined_overall,0.09373694029046949,1.0,0.9999673932257813
combined_overall,0.09374017155880693,1.0,0.9999673932257813
combined_overall,0.09374124864825274,1.0,0.9999673932257813
combined_overall,0.09374340282714438,1.0,0.9999673932257813
combined_overall,0.09374986536381927,1.0,0.9999673932257813
combined_overall,0.09375201954271091,1.0,0.9999673932257813
combined_overall,0.09375632790049417,1.0,0.9999673932257813
combined_overall,0.09376063625827744,1.0,0.9999673932257813
combined_overall,0.09376494461606069,1.0,0.9999673932257813
combined_overall,0.09378648640497701,1.0,0.9999673932257813
combined_overall,0.09378864058386864,1.0,0.9999673932257813
combined_overall,0.09379079476276028,1.0,0.9999673932257813
combined_overall,0.09379294894165191,1.0,0.9999673932257813
combined_overall,0.09379510312054354,1.0,0.9999673932257813
combined_overall,0.093798334388881,1.0,0.9999673932257813
combined_overall,0.09380048856777262,1.0,0.9999673932257813
combined_overall,0.09380802819389333,1.0,0.9999673932257813
combined_overall,0.09381125946223078,1.0,0.9999673932257813
combined_overall,0.09381449073056823,1.0,0.9999673932257813
combined_overall,0.09381556782001405,1.0,0.9999673932257813
combined_overall,0.09381772199890567,1.0,0.9999673932257813
combined_overall,0.09382741580391803,1.0,0.9999673932257813
combined_overall,0.09382956998280965,1.0,0.9999673932257813
combined_overall,0.09383603251948455,1.0,0.9999673932257813
combined_overall,0.09383818669837618,1.0,0.9999673932257813
combined_overall,0.09384357214560526,1.0,0.9999673932257813
combined_overall,0.09385111177172598,1.0,0.9999673932257813
combined_overall,0.09385218886117179,1.0,0.9999673932257813
combined_overall,0.09385434304006342,1.0,0.9999673932257813
combined_overall,0.09389311826011279,1.0,0.9999673932257813
combined_overall,0.09389527243900442,1.0,0.9999673932257813
combined_overall,0.09389958079678769,1.0,0.9999673932257813
combined_overall,0.09390173497567932,1.0,0.9999673932257813
combined_overall,0.09390819751235421,1.0,0.9999673932257813
combined_overall,0.09392112258570401,1.0,0.9999673932257813
combined_overall,0.09392435385404145,1.0,0.9999673932257813
combined_overall,0.09392650803293309,1.0,0.9999673932257813
combined_overall,0.09394266437462033,1.0,0.9999673932257813
combined_overall,0.09394481855351196,1.0,0.9999673932257813
combined_overall,0.09395989780575338,1.0,0.9999673932257813
combined_overall,0.09396205198464501,1.0,0.9999673932257813
combined_overall,0.09407514637645568,1.0,0.9999673932257813
combined_overall,0.09407945473423895,1.0,0.9999673932257813
combined_overall,0.09408591727091385,1.0,0.9999673932257813
combined_overall,0.09408807144980548,1.0,0.9999673932257813
combined_overall,0.09409130271814292,1.0,0.9999673932257813
combined_overall,0.09410530488093853,1.0,0.9999673932257813
combined_overall,0.09411499868595087,1.0,0.9999673932257813
combined_overall,0.09412469249096322,1.0,0.9999673932257813
combined_overall,0.09412900084874648,1.0,0.9999673932257813
combined_overall,0.09413115502763812,1.0,0.9999673932257813
combined_overall,0.09413330920652975,1.0,0.9999673932257813
combined_overall,0.094137617564313,1.0,0.9999673932257813
combined_overall,0.09413977174320465,1.0,0.9999673932257813
combined_overall,0.09416562188990422,1.0,0.9999673932257813
combined_overall,0.09416777606879585,1.0,0.9999673932257813
combined_overall,0.09418608658937473,1.0,0.9999673932257813
combined_overall,0.09418824076826636,1.0,0.9999673932257813
combined_overall,0.0941914720366038,1.0,0.9999673932257813
combined_overall,0.09419470330494126,1.0,0.9999673932257813
combined_overall,0.09423994106166553,1.0,0.9999673932257813
combined_overall,0.09424317233000297,1.0,0.9999673932257813
combined_overall,0.09425071195612368,1.0,0.9999673932257813
combined_overall,0.09425825158224439,1.0,0.9999673932257813
combined_overall,0.09427009956614837,1.0,0.9999673932257813
combined_overall,0.09427225374504,1.0,0.9999673932257813
combined_overall,0.09428087046060653,1.0,0.9999673932257813
combined_overall,0.09428302463949816,1.0,0.9999673932257813
combined_overall,0.09428733299728143,1.0,0.9999673932257813
combined_overall,0.09429487262340214,1.0,0.9999673932257813
combined_overall,0.09429810389173958,1.0,0.9999673932257813
combined_overall,0.09430241224952285,1.0,0.9999673932257813
combined_overall,0.09430672060730612,1.0,0.9999673932257813
combined_overall,0.09430887478619775,1.0,0.9999673932257813
combined_overall,0.09434441873790968,1.0,0.9999673932257813
combined_overall,0.09434872709569293,1.0,0.9999673932257813
combined_overall,0.09436057507959691,1.0,0.9999673932257813
combined_overall,0.09436272925848854,1.0,0.9999673932257813
combined_overall,0.09437134597405507,1.0,0.9999673932257813
combined_overall,0.0943735001529467,1.0,0.9999673932257813
combined_overall,0.0943799626896216,1.0,0.9999673932257813
combined_overall,0.09438319395795905,1.0,0.9999673932257813
combined_overall,0.09439504194186302,1.0,0.9999673932257813
combined_overall,0.09439719612075465,1.0,0.9999673932257813
combined_overall,0.09439827321020047,1.0,0.9999673932257813
combined_overall,0.0944004273890921,1.0,0.9999673932257813
combined_overall,0.09441442955188771,1.0,0.9999673932257813
combined_overall,0.09442089208856261,1.0,0.9999673932257813
combined_overall,0.09443381716191239,1.0,0.9999673932257813
combined_overall,0.09443597134080403,1.0,0.9999673932257813
combined_overall,0.09443812551969566,1.0,0.9999673932257813
combined_overall,0.09444027969858729,1.0,0.9999673932257813
combined_overall,0.09445105059304545,1.0,0.9999673932257813
combined_overall,0.09445320477193708,1.0,0.9999673932257813
combined_overall,0.09452321558591512,1.0,0.9999673932257813
combined_overall,0.09452752394369839,1.0,0.9999673932257813
combined_overall,0.0945566053587354,1.0,0.9999673932257813
combined_overall,0.09455983662707286,1.0,0.9999673932257813
combined_overall,0.09457168461097683,1.0,0.9999673932257813
combined_overall,0.09457383878986847,1.0,0.9999673932257813
combined_overall,0.09457491587931428,1.0,0.9999673932257813
combined_overall,0.09457707005820591,1.0,0.9999673932257813
combined_overall,0.09457922423709754,1.0,0.9999673932257813
combined_overall,0.09458137841598918,1.0,0.9999673932257813
combined_overall,0.09458460968432662,1.0,0.9999673932257813
combined_overall,0.09458891804210989,1.0,0.9999673932257813
combined_overall,0.09459214931044733,1.0,0.9999673932257813
combined_overall,0.09459430348933896,1.0,0.9999673932257813
combined_overall,0.09461045983102621,1.0,0.9999673932257813
combined_overall,0.09461369109936366,1.0,0.9999673932257813
combined_overall,0.09463092453049671,1.0,0.9999673932257813
combined_overall,0.09463307870938835,1.0,0.9999673932257813
combined_overall,0.09465785176664211,1.0,0.9999673932257813
combined_overall,0.09466000594553374,1.0,0.9999673932257813
combined_overall,0.09468154773445006,1.0,0.9999673932257813
combined_overall,0.09468370191334169,1.0,0.9999673932257813
combined_overall,0.09468585609223332,1.0,0.9999673932257813
combined_overall,0.09468801027112496,1.0,0.9999673932257813
combined_overall,0.09468908736057077,1.0,0.9999673932257813
combined_overall,0.0946912415394624,1.0,0.9999673932257813
combined_overall,0.09470524370225801,1.0,0.9999673932257813
combined_overall,0.09470955206004128,1.0,0.9999673932257813
combined_overall,0.09472893967006596,1.0,0.9999673932257813
combined_overall,0.09473109384895759,1.0,0.9999673932257813
combined_overall,0.09473540220674086,1.0,0.9999673932257813
combined_overall,0.09474401892230738,1.0,0.9999673932257813
combined_overall,0.09474940436953647,1.0,0.9999673932257813
combined_overall,0.09475371272731972,1.0,0.9999673932257813
combined_overall,0.09478171705291094,1.0,0.9999673932257813
combined_overall,0.09478387123180257,1.0,0.9999673932257813
combined_overall,0.0947924879473691,1.0,0.9999673932257813
combined_overall,0.09479679630515236,1.0,0.9999673932257813
combined_overall,0.09483126316741848,1.0,0.9999673932257813
combined_overall,0.09483341734631011,1.0,0.9999673932257813
combined_overall,0.09483880279353919,1.0,0.9999673932257813
combined_overall,0.09484095697243082,1.0,0.9999673932257813
combined_overall,0.09484741950910572,1.0,0.9999673932257813
combined_overall,0.09485603622467224,1.0,0.9999673932257813
combined_overall,0.09485711331411806,1.0,0.9999673932257813
combined_overall,0.09485926749300969,1.0,0.9999673932257813
combined_overall,0.09490127398139651,1.0,0.9999673932257813
combined_overall,0.09490342816028814,1.0,0.9999673932257813
combined_overall,0.09490450524973396,1.0,0.9999673932257813
combined_overall,0.0949346637542168,1.0,0.9999673932257813
combined_overall,0.09495082009590404,1.0,0.9999673932257813
combined_overall,0.09495297427479568,1.0,0.9999673932257813
combined_overall,0.09496374516925384,1.0,0.9999673932257813
combined_overall,0.09496589934814546,1.0,0.9999673932257813
combined_overall,0.09499067240539924,1.0,0.9999673932257813
combined_overall,0.09499713494207412,1.0,0.9999673932257813
combined_overall,0.09500036621041158,1.0,0.9999673932257813
combined_overall,0.09500252038930321,1.0,0.9999673932257813
combined_overall,0.09500682874708648,1.0,0.9999673932257813
combined_overall,0.0950089829259781,1.0,0.9999673932257813
combined_overall,0.09503698725156932,1.0,0.9999673932257813
combined_overall,0.09503914143046095,1.0,0.9999673932257813
combined_overall,0.09505098941436492,1.0,0.9999673932257813
combined_overall,0.09505314359325656,1.0,0.9999673932257813
combined_overall,0.09506068321937727,1.0,0.9999673932257813
combined_overall,0.09506499157716053,1.0,0.9999673932257813
combined_overall,0.09506606866660634,1.0,0.9999673932257813
combined_overall,0.09506822284549798,1.0,0.9999673932257813
combined_overall,0.09507037702438961,1.0,0.9999673932257813
combined_overall,0.09507360829272705,1.0,0.9999673932257813
combined_overall,0.09508007082940195,1.0,0.9999673932257813
combined_overall,0.0950822250082936,1.0,0.9999673932257813
combined_overall,0.09509838134998083,1.0,0.9999673932257813
combined_overall,0.09510053552887246,1.0,0.9999673932257813
combined_overall,0.09510161261831827,1.0,0.9999673932257813
combined_overall,0.0951037667972099,1.0,0.9999673932257813
combined_overall,0.09510807515499317,1.0,0.9999673932257813
combined_overall,0.0951166918705597,1.0,0.9999673932257813
combined_overall,0.09512423149668041,1.0,0.9999673932257813
combined_overall,0.09512638567557204,1.0,0.9999673932257813
combined_overall,0.09513931074892183,1.0,0.9999673932257813
combined_overall,0.09514577328559673,1.0,0.9999673932257813
combined_overall,0.09515331291171744,1.0,0.9999673932257813
combined_overall,0.09515546709060907,1.0,0.9999673932257813
combined_overall,0.09515762126950071,1.0,0.9999673932257813
combined_overall,0.09516623798506724,1.0,0.9999673932257813
combined_overall,0.09518024014786283,1.0,0.9999673932257813
combined_overall,0.09518239432675447,1.0,0.9999673932257813
combined_overall,0.09518670268453773,1.0,0.9999673932257813
combined_overall,0.095191011042321,1.0,0.9999673932257813
combined_overall,0.09519208813176681,1.0,0.9999673932257813
combined_overall,0.09519424231065844,1.0,0.9999673932257813
combined_overall,0.09520501320511661,1.0,0.9999673932257813
combined_overall,0.09520716738400824,1.0,0.9999673932257813
combined_overall,0.09521039865234568,1.0,0.9999673932257813
combined_overall,0.09521255283123732,1.0,0.9999673932257813
combined_overall,0.09521362992068313,1.0,0.9999673932257813
combined_overall,0.09521578409957476,1.0,0.9999673932257813
combined_overall,0.09521793827846639,1.0,0.9999673932257813
combined_overall,0.09522224663624966,1.0,0.9999673932257813
combined_overall,0.09522332372569547,1.0,0.9999673932257813
combined_overall,0.0952254779045871,1.0,0.9999673932257813
combined_overall,0.09523409462015364,1.0,0.9999673932257813
combined_overall,0.09524163424627435,1.0,0.9999673932257813
combined_overall,0.09525455931962414,1.0,0.9999673932257813
combined_overall,0.09525671349851578,1.0,0.9999673932257813
combined_overall,0.09526209894574485,1.0,0.9999673932257813
combined_overall,0.09526425312463649,1.0,0.9999673932257813
combined_overall,0.09530302834468586,1.0,0.9999673932257813
combined_overall,0.0953062596130233,1.0,0.9999673932257813
combined_overall,0.09531056797080657,1.0,0.9999673932257813
combined_overall,0.0953127221496982,1.0,0.9999673932257813
combined_overall,0.09531487632858983,1.0,0.9999673932257813
combined_overall,0.09531703050748146,1.0,0.9999673932257813
combined_overall,0.095325647223048,1.0,0.9999673932257813
combined_overall,0.09532780140193962,1.0,0.9999673932257813
combined_overall,0.09536226826420573,1.0,0.9999673932257813
combined_overall,0.09536442244309737,1.0,0.9999673932257813
combined_overall,0.0953805787847846,1.0,0.9999673932257813
combined_overall,0.09538273296367623,1.0,0.9999673932257813
combined_overall,0.09538381005312205,1.0,0.9999673932257813
combined_overall,0.09538596423201369,1.0,0.9999673932257813
combined_overall,0.09539458094758022,1.0,0.9999673932257813
combined_overall,0.09539888930536347,1.0,0.9999673932257813
combined_overall,0.09541504564705071,1.0,0.9999673932257813
combined_overall,0.09541719982594235,1.0,0.9999673932257813
combined_overall,0.09544412706208774,1.0,0.9999673932257813
combined_overall,0.09544628124097937,1.0,0.9999673932257813
combined_overall,0.09545274377765427,1.0,0.9999673932257813
combined_overall,0.09545489795654591,1.0,0.9999673932257813
combined_overall,0.09545705213543754,1.0,0.9999673932257813
combined_overall,0.09545920631432916,1.0,0.9999673932257813
combined_overall,0.09546566885100406,1.0,0.9999673932257813
combined_overall,0.09546782302989569,1.0,0.9999673932257813
combined_overall,0.09546997720878733,1.0,0.9999673932257813
combined_overall,0.09547320847712477,1.0,0.9999673932257813
combined_overall,0.09547967101379967,1.0,0.9999673932257813
combined_overall,0.09548613355047457,1.0,0.9999673932257813
combined_overall,0.0954882877293662,1.0,0.9999673932257813
combined_overall,0.09549044190825783,1.0,0.9999673932257813
combined_overall,0.09549259608714947,1.0,0.9999673932257813
combined_overall,0.09549367317659528,1.0,0.9999673932257813
combined_overall,0.09549582735548691,1.0,0.9999673932257813
combined_overall,0.09550444407105343,1.0,0.9999673932257813
combined_overall,0.09550767533939089,1.0,0.9999673932257813
combined_overall,0.0955087524288367,1.0,0.9999673932257813
combined_overall,0.09552167750218649,1.0,0.9999673932257813
combined_overall,0.09552598585996976,1.0,0.9999673932257813
combined_overall,0.09553783384387374,1.0,0.9999673932257813
combined_overall,0.09554645055944026,1.0,0.9999673932257813
combined_overall,0.09554860473833189,1.0,0.9999673932257813
combined_overall,0.095583071600598,1.0,0.9999673932257813
combined_overall,0.09558522577948964,1.0,0.9999673932257813
combined_overall,0.09561538428397248,1.0,0.9999673932257813
combined_overall,0.09562076973120155,1.0,0.9999673932257813
combined_overall,0.0956229239100932,1.0,0.9999673932257813
combined_overall,0.09564015734122625,1.0,0.9999673932257813
combined_overall,0.09564338860956369,1.0,0.9999673932257813
combined_overall,0.09564446569900951,1.0,0.9999673932257813
combined_overall,0.09564661987790114,1.0,0.9999673932257813
combined_overall,0.0956573907723593,1.0,0.9999673932257813
combined_overall,0.09565954495125094,1.0,0.9999673932257813
combined_overall,0.0956638533090342,1.0,0.9999673932257813
combined_overall,0.09566600748792582,1.0,0.9999673932257813
combined_overall,0.09567247002460072,1.0,0.9999673932257813
combined_overall,0.09567677838238399,1.0,0.9999673932257813
combined_overall,0.09567893256127562,1.0,0.9999673932257813
combined_overall,0.09568324091905889,1.0,0.9999673932257813
combined_overall,0.09568970345573377,1.0,0.9999673932257813
combined_overall,0.09569185763462541,1.0,0.9999673932257813
combined_overall,0.09569508890296285,1.0,0.9999673932257813
combined_overall,0.09569939726074612,1.0,0.9999673932257813
combined_overall,0.09571663069187918,1.0,0.9999673932257813
combined_overall,0.0957187848707708,1.0,0.9999673932257813
combined_overall,0.09572309322855407,1.0,0.9999673932257813
combined_overall,0.0957252474074457,1.0,0.9999673932257813
combined_overall,0.09574032665968712,1.0,0.9999673932257813
combined_overall,0.09574248083857875,1.0,0.9999673932257813
combined_overall,0.09574678919636202,1.0,0.9999673932257813
combined_overall,0.09574894337525365,1.0,0.9999673932257813
combined_overall,0.0957791018797365,1.0,0.9999673932257813
combined_overall,0.09578125605862814,1.0,0.9999673932257813
combined_overall,0.09578448732696558,1.0,0.9999673932257813
combined_overall,0.09578664150585721,1.0,0.9999673932257813
combined_overall,0.0958124916525568,1.0,0.9999673932257813
combined_overall,0.09581464583144843,1.0,0.9999673932257813
combined_overall,0.09581895418923168,1.0,0.9999673932257813
combined_overall,0.09583511053091893,1.0,0.9999673932257813
combined_overall,0.09583726470981056,1.0,0.9999673932257813
combined_overall,0.09585880649872688,1.0,0.9999673932257813
combined_overall,0.09586419194595595,1.0,0.9999673932257813
combined_overall,0.09587173157207667,1.0,0.9999673932257813
combined_overall,0.09587388575096831,1.0,0.9999673932257813
combined_overall,0.09587603992985994,1.0,0.9999673932257813
combined_overall,0.09589111918210136,1.0,0.9999673932257813
combined_overall,0.09589542753988463,1.0,0.9999673932257813
combined_overall,0.0959008129871137,1.0,0.9999673932257813
combined_overall,0.09590296716600534,1.0,0.9999673932257813
combined_overall,0.09592989440215073,1.0,0.9999673932257813
combined_overall,0.095934202759934,1.0,0.9999673932257813
combined_overall,0.09594497365439215,1.0,0.9999673932257813
combined_overall,0.09594712783328378,1.0,0.9999673932257813
combined_overall,0.09596112999607939,1.0,0.9999673932257813
combined_overall,0.09596328417497102,1.0,0.9999673932257813
combined_overall,0.09597944051665827,1.0,0.9999673932257813
combined_overall,0.09598267178499571,1.0,0.9999673932257813
combined_overall,0.09598482596388734,1.0,0.9999673932257813
combined_overall,0.09598913432167061,1.0,0.9999673932257813
combined_overall,0.09600421357391203,1.0,0.9999673932257813
combined_overall,0.09600636775280366,1.0,0.9999673932257813
combined_overall,0.09601175320003275,1.0,0.9999673932257813
combined_overall,0.09601498446837019,1.0,0.9999673932257813
combined_overall,0.0960289866311658,1.0,0.9999673932257813
combined_overall,0.09603114081005742,1.0,0.9999673932257813
combined_overall,0.09605052842008212,1.0,0.9999673932257813
combined_overall,0.09605483677786539,1.0,0.9999673932257813
combined_overall,0.09605806804620283,1.0,0.9999673932257813
combined_overall,0.09606883894066098,1.0,0.9999673932257813
combined_overall,0.09607099311955263,1.0,0.9999673932257813
combined_overall,0.09607422438789007,1.0,0.9999673932257813
combined_overall,0.0960763785667817,1.0,0.9999673932257813
combined_overall,0.09609253490846893,1.0,0.9999673932257813
combined_overall,0.0960968432662522,1.0,0.9999673932257813
combined_overall,0.09610115162403547,1.0,0.9999673932257813
combined_overall,0.0961033058029271,1.0,0.9999673932257813
combined_overall,0.09610545998181873,1.0,0.9999673932257813
combined_overall,0.09611515378683107,1.0,0.9999673932257813
combined_overall,0.09611730796572271,1.0,0.9999673932257813
combined_overall,0.09612592468128923,1.0,0.9999673932257813
combined_overall,0.09612807886018086,1.0,0.9999673932257813
combined_overall,0.09614854355965137,1.0,0.9999673932257813
combined_overall,0.096150697738543,1.0,0.9999673932257813
combined_overall,0.09617439370635095,1.0,0.9999673932257813
combined_overall,0.09617654788524259,1.0,0.9999673932257813
combined_overall,0.09618947295859237,1.0,0.9999673932257813
combined_overall,0.09619485840582145,1.0,0.9999673932257813
combined_overall,0.0961980896741589,1.0,0.9999673932257813
combined_overall,0.09620024385305054,1.0,0.9999673932257813
combined_overall,0.09620132094249635,1.0,0.9999673932257813
combined_overall,0.09620778347917125,1.0,0.9999673932257813
combined_overall,0.0962120918369545,1.0,0.9999673932257813
combined_overall,0.09622932526808756,1.0,0.9999673932257813
combined_overall,0.0962314794469792,1.0,0.9999673932257813
combined_overall,0.09623255653642501,1.0,0.9999673932257813
combined_overall,0.09623686489420827,1.0,0.9999673932257813
combined_overall,0.09624655869922062,1.0,0.9999673932257813
combined_overall,0.09624871287811225,1.0,0.9999673932257813
combined_overall,0.09625302123589552,1.0,0.9999673932257813
combined_overall,0.09625517541478715,1.0,0.9999673932257813
combined_overall,0.0962594837725704,1.0,0.9999673932257813
combined_overall,0.09626271504090786,1.0,0.9999673932257813
combined_overall,0.0962993360820656,1.0,0.9999673932257813
combined_overall,0.09630149026095723,1.0,0.9999673932257813
combined_overall,0.09631226115541539,1.0,0.9999673932257813
combined_overall,0.09631872369209028,1.0,0.9999673932257813
combined_overall,0.09633057167599426,1.0,0.9999673932257813
combined_overall,0.09633272585488589,1.0,0.9999673932257813
combined_overall,0.0963402654810066,1.0,0.9999673932257813
combined_overall,0.09634241965989823,1.0,0.9999673932257813
combined_overall,0.09636719271715201,1.0,0.9999673932257813
combined_overall,0.09636934689604364,1.0,0.9999673932257813
combined_overall,0.09637042398548945,1.0,0.9999673932257813
combined_overall,0.09637257816438108,1.0,0.9999673932257813
combined_overall,0.09637365525382689,1.0,0.9999673932257813
combined_overall,0.09637580943271853,1.0,0.9999673932257813
combined_overall,0.09637688652216435,1.0,0.9999673932257813
combined_overall,0.09637904070105598,1.0,0.9999673932257813
combined_overall,0.09638981159551414,1.0,0.9999673932257813
combined_overall,0.09639196577440577,1.0,0.9999673932257813
combined_overall,0.09640381375830974,1.0,0.9999673932257813
combined_overall,0.09640596793720138,1.0,0.9999673932257813
combined_overall,0.0964070450266472,1.0,0.9999673932257813
combined_overall,0.09641135338443045,1.0,0.9999673932257813
combined_overall,0.0964145846527679,1.0,0.9999673932257813
combined_overall,0.09641673883165953,1.0,0.9999673932257813
combined_overall,0.09642535554722606,1.0,0.9999673932257813
combined_overall,0.0964275097261177,1.0,0.9999673932257813
combined_overall,0.09644474315725075,1.0,0.9999673932257813
combined_overall,0.09644689733614238,1.0,0.9999673932257813
combined_overall,0.09645120569392565,1.0,0.9999673932257813
combined_overall,0.09645335987281728,1.0,0.9999673932257813
combined_overall,0.09645982240949218,1.0,0.9999673932257813
combined_overall,0.09646305367782962,1.0,0.9999673932257813
combined_overall,0.09646736203561289,1.0,0.9999673932257813
combined_overall,0.09646951621450452,1.0,0.9999673932257813
combined_overall,0.09650613725566226,1.0,0.9999673932257813
combined_overall,0.0965093685239997,1.0,0.9999673932257813
combined_overall,0.09651152270289134,1.0,0.9999673932257813
combined_overall,0.09651690815012041,1.0,0.9999673932257813
combined_overall,0.09651906232901206,1.0,0.9999673932257813
combined_overall,0.0965222935973495,1.0,0.9999673932257813
combined_overall,0.09652444777624113,1.0,0.9999673932257813
combined_overall,0.09652660195513277,1.0,0.9999673932257813
combined_overall,0.0965352186706993,1.0,0.9999673932257813
combined_overall,0.09653737284959092,1.0,0.9999673932257813
combined_overall,0.09656753135407377,1.0,0.9999673932257813
combined_overall,0.0965696855329654,1.0,0.9999673932257813
combined_overall,0.09657183971185704,1.0,0.9999673932257813
combined_overall,0.0965761480696403,1.0,0.9999673932257813
combined_overall,0.09657722515908611,1.0,0.9999673932257813
combined_overall,0.09657937933797775,1.0,0.9999673932257813
combined_overall,0.09658045642742356,1.0,0.9999673932257813
combined_overall,0.09658476478520682,1.0,0.9999673932257813
combined_overall,0.09659445859021916,1.0,0.9999673932257813
combined_overall,0.09659984403744824,1.0,0.9999673932257813
combined_overall,0.0966030753057857,1.0,0.9999673932257813
combined_overall,0.09660630657412314,1.0,0.9999673932257813
combined_overall,0.09660846075301477,1.0,0.9999673932257813
combined_overall,0.09661061493190641,1.0,0.9999673932257813
combined_overall,0.09661492328968967,1.0,0.9999673932257813
combined_overall,0.09664292761528089,1.0,0.9999673932257813
combined_overall,0.09664723597306414,1.0,0.9999673932257813
combined_overall,0.09665800686752231,1.0,0.9999673932257813
combined_overall,0.09666016104641394,1.0,0.9999673932257813
combined_overall,0.09670647589258402,1.0,0.9999673932257813
combined_overall,0.09670863007147566,1.0,0.9999673932257813
combined_overall,0.09672370932371707,1.0,0.9999673932257813
combined_overall,0.09672586350260871,1.0,0.9999673932257813
combined_overall,0.09672694059205453,1.0,0.9999673932257813
combined_overall,0.09672909477094616,1.0,0.9999673932257813
combined_overall,0.09673124894983778,1.0,0.9999673932257813
combined_overall,0.09673340312872943,1.0,0.9999673932257813
combined_overall,0.09674201984429595,1.0,0.9999673932257813
combined_overall,0.09674417402318758,1.0,0.9999673932257813
combined_overall,0.0967527907387541,1.0,0.9999673932257813
combined_overall,0.09675709909653737,1.0,0.9999673932257813
combined_overall,0.09677002416988717,1.0,0.9999673932257813
combined_overall,0.09677325543822461,1.0,0.9999673932257813
combined_overall,0.09677648670656205,1.0,0.9999673932257813
combined_overall,0.09678079506434532,1.0,0.9999673932257813
combined_overall,0.09679802849547837,1.0,0.9999673932257813
combined_overall,0.09680018267437002,1.0,0.9999673932257813
combined_overall,0.09680772230049073,1.0,0.9999673932257813
combined_overall,0.09681203065827398,1.0,0.9999673932257813
combined_overall,0.09681418483716561,1.0,0.9999673932257813
combined_overall,0.09681849319494888,1.0,0.9999673932257813
combined_overall,0.0968195702843947,1.0,0.9999673932257813
combined_overall,0.09682172446328632,1.0,0.9999673932257813
combined_overall,0.09682710991051541,1.0,0.9999673932257813
combined_overall,0.09683249535774449,1.0,0.9999673932257813
combined_overall,0.09683680371552775,1.0,0.9999673932257813
combined_overall,0.0968400349838652,1.0,0.9999673932257813
combined_overall,0.09684434334164846,1.0,0.9999673932257813
combined_overall,0.09684865169943173,1.0,0.9999673932257813
combined_overall,0.09685619132555244,1.0,0.9999673932257813
combined_overall,0.09685726841499825,1.0,0.9999673932257813
combined_overall,0.09686373095167315,1.0,0.9999673932257813
combined_overall,0.09687234766723968,1.0,0.9999673932257813
combined_overall,0.0968745018461313,1.0,0.9999673932257813
combined_overall,0.09688527274058947,1.0,0.9999673932257813
combined_overall,0.09689819781393925,1.0,0.9999673932257813
combined_overall,0.0969003519928309,1.0,0.9999673932257813
combined_overall,0.09693697303398864,1.0,0.9999673932257813
combined_overall,0.0969412813917719,1.0,0.9999673932257813
combined_overall,0.0969477439284468,1.0,0.9999673932257813
combined_overall,0.09694989810733842,1.0,0.9999673932257813
combined_overall,0.09696497735957985,1.0,0.9999673932257813
combined_overall,0.09696713153847149,1.0,0.9999673932257813
combined_overall,0.09700159840073759,1.0,0.9999673932257813
combined_overall,0.09700375257962922,1.0,0.9999673932257813
combined_overall,0.09700806093741249,1.0,0.9999673932257813
combined_overall,0.09701021511630412,1.0,0.9999673932257813
combined_overall,0.0970565299624742,1.0,0.9999673932257813
combined_overall,0.09705868414136584,1.0,0.9999673932257813
combined_overall,0.09707376339360727,1.0,0.9999673932257813
combined_overall,0.0970759175724989,1.0,0.9999673932257813
combined_overall,0.09709853645086103,1.0,0.9999673932257813
combined_overall,0.09710069062975266,1.0,0.9999673932257813
combined_overall,0.09710176771919847,1.0,0.9999673932257813
combined_overall,0.09710715316642755,1.0,0.9999673932257813
combined_overall,0.09711469279254827,1.0,0.9999673932257813
combined_overall,0.0971168469714399,1.0,0.9999673932257813
combined_overall,0.09713946584980203,1.0,0.9999673932257813
combined_overall,0.09714162002869366,1.0,0.9999673932257813
combined_overall,0.0971437742075853,1.0,0.9999673932257813
combined_overall,0.09714592838647693,1.0,0.9999673932257813
combined_overall,0.09714915965481437,1.0,0.9999673932257813
combined_overall,0.09715993054927254,1.0,0.9999673932257813
combined_overall,0.09717393271206815,1.0,0.9999673932257813
combined_overall,0.09717608689095977,1.0,0.9999673932257813
combined_overall,0.09717716398040559,1.0,0.9999673932257813
combined_overall,0.09717931815929721,1.0,0.9999673932257813
combined_overall,0.09718793487486375,1.0,0.9999673932257813
combined_overall,0.09719008905375538,1.0,0.9999673932257813
combined_overall,0.09719224323264701,1.0,0.9999673932257813
combined_overall,0.09719547450098447,1.0,0.9999673932257813
combined_overall,0.09721486211100915,1.0,0.9999673932257813
combined_overall,0.09721701628990077,1.0,0.9999673932257813
combined_overall,0.09723424972103384,1.0,0.9999673932257813
combined_overall,0.0972385580788171,1.0,0.9999673932257813
combined_overall,0.09729564381944535,1.0,0.9999673932257813
combined_overall,0.09729779799833697,1.0,0.9999673932257813
combined_overall,0.0973064147139035,1.0,0.9999673932257813
combined_overall,0.09730856889279513,1.0,0.9999673932257813
combined_overall,0.09731180016113258,1.0,0.9999673932257813
combined_overall,0.09731610851891584,1.0,0.9999673932257813
combined_overall,0.0973193397872533,1.0,0.9999673932257813
combined_overall,0.09732149396614492,1.0,0.9999673932257813
combined_overall,0.09734411284450706,1.0,0.9999673932257813
combined_overall,0.09734626702339869,1.0,0.9999673932257813
combined_overall,0.09736457754397757,1.0,0.9999673932257813
combined_overall,0.0973667317228692,1.0,0.9999673932257813
combined_overall,0.09737104008065246,1.0,0.9999673932257813
combined_overall,0.09737319425954409,1.0,0.9999673932257813
combined_overall,0.09739904440624367,1.0,0.9999673932257813
combined_overall,0.09740119858513531,1.0,0.9999673932257813
combined_overall,0.09741196947959346,1.0,0.9999673932257813
combined_overall,0.0974152007479309,1.0,0.9999673932257813
combined_overall,0.0974281258212807,1.0,0.9999673932257813
combined_overall,0.09743028000017233,1.0,0.9999673932257813
combined_overall,0.09743243417906397,1.0,0.9999673932257813
combined_overall,0.09743566544740141,1.0,0.9999673932257813
combined_overall,0.097461515594101,1.0,0.9999673932257813
combined_overall,0.09746366977299263,1.0,0.9999673932257813
combined_overall,0.09747336357800497,1.0,0.9999673932257813
combined_overall,0.0974755177568966,1.0,0.9999673932257813
combined_overall,0.0974884428302464,1.0,0.9999673932257813
combined_overall,0.09749167409858384,1.0,0.9999673932257813
combined_overall,0.097502444993042,1.0,0.9999673932257813
combined_overall,0.09750459917193363,1.0,0.9999673932257813
combined_overall,0.09750675335082526,1.0,0.9999673932257813
combined_overall,0.0975089075297169,1.0,0.9999673932257813
combined_overall,0.0975498369286579,1.0,0.9999673932257813
combined_overall,0.09755199110754953,1.0,0.9999673932257813
combined_overall,0.09756707035979095,1.0,0.9999673932257813
combined_overall,0.0975692245386826,1.0,0.9999673932257813
combined_overall,0.09757030162812841,1.0,0.9999673932257813
combined_overall,0.09757245580702004,1.0,0.9999673932257813
combined_overall,0.09757891834369493,1.0,0.9999673932257813
combined_overall,0.09758538088036983,1.0,0.9999673932257813
combined_overall,0.09758861214870727,1.0,0.9999673932257813
combined_overall,0.09759076632759892,1.0,0.9999673932257813
combined_overall,0.09759615177482799,1.0,0.9999673932257813
combined_overall,0.09759830595371963,1.0,0.9999673932257813
combined_overall,0.09760907684817778,1.0,0.9999673932257813
combined_overall,0.09761123102706941,1.0,0.9999673932257813
combined_overall,0.0976306186370941,1.0,0.9999673932257813
combined_overall,0.09763384990543154,1.0,0.9999673932257813
combined_overall,0.09763600408432317,1.0,0.9999673932257813
combined_overall,0.09763815826321481,1.0,0.9999673932257813
combined_overall,0.09764031244210644,1.0,0.9999673932257813
combined_overall,0.09766616258880602,1.0,0.9999673932257813
combined_overall,0.09768985855661398,1.0,0.9999673932257813
combined_overall,0.09769201273550561,1.0,0.9999673932257813
combined_overall,0.09769416691439724,1.0,0.9999673932257813
combined_overall,0.09769955236162632,1.0,0.9999673932257813
combined_overall,0.09776417772837527,1.0,0.9999673932257813
combined_overall,0.09776740899671273,1.0,0.9999673932257813
combined_overall,0.09781803220066607,1.0,0.9999673932257813
combined_overall,0.09782234055844934,1.0,0.9999673932257813
combined_overall,0.09782880309512423,1.0,0.9999673932257813
combined_overall,0.09783095727401586,1.0,0.9999673932257813
combined_overall,0.09787511794129432,1.0,0.9999673932257813
combined_overall,0.09787942629907757,1.0,0.9999673932257813
combined_overall,0.09789665973021064,1.0,0.9999673932257813
combined_overall,0.09789881390910227,1.0,0.9999673932257813
combined_overall,0.09790958480356042,1.0,0.9999673932257813
combined_overall,0.09791173898245206,1.0,0.9999673932257813
combined_overall,0.09791389316134369,1.0,0.9999673932257813
combined_overall,0.09791604734023532,1.0,0.9999673932257813
combined_overall,0.0979278953241393,1.0,0.9999673932257813
combined_overall,0.09793328077136838,1.0,0.9999673932257813
combined_overall,0.09794512875527235,1.0,0.9999673932257813
combined_overall,0.0979483600236098,1.0,0.9999673932257813
combined_overall,0.09795697673917633,1.0,0.9999673932257813
combined_overall,0.09796774763363449,1.0,0.9999673932257813
combined_overall,0.09797205599141776,1.0,0.9999673932257813
combined_overall,0.09797636434920101,1.0,0.9999673932257813
combined_overall,0.09802052501647947,1.0,0.9999673932257813
combined_overall,0.0980226791953711,1.0,0.9999673932257813
combined_overall,0.09803237300038345,1.0,0.9999673932257813
combined_overall,0.09803452717927508,1.0,0.9999673932257813
combined_overall,0.09803883553705833,1.0,0.9999673932257813
combined_overall,0.0980431438948416,1.0,0.9999673932257813
combined_overall,0.09808515038322843,1.0,0.9999673932257813
combined_overall,0.09808730456212006,1.0,0.9999673932257813
combined_overall,0.09810561508269892,1.0,0.9999673932257813
combined_overall,0.09811207761937382,1.0,0.9999673932257813
combined_overall,0.0981174630666029,1.0,0.9999673932257813
combined_overall,0.09812284851383199,1.0,0.9999673932257813
combined_overall,0.09812823396106106,1.0,0.9999673932257813
combined_overall,0.0981303881399527,1.0,0.9999673932257813
combined_overall,0.09813146522939852,1.0,0.9999673932257813
combined_overall,0.09813469649773596,1.0,0.9999673932257813
combined_overall,0.09813685067662758,1.0,0.9999673932257813
combined_overall,0.09813900485551923,1.0,0.9999673932257813
combined_overall,0.09816377791277299,1.0,0.9999673932257813
combined_overall,0.09816593209166462,1.0,0.9999673932257813
combined_overall,0.09818962805947257,1.0,0.9999673932257813
combined_overall,0.09819178223836421,1.0,0.9999673932257813
combined_overall,0.09821547820617216,1.0,0.9999673932257813
combined_overall,0.09821978656395541,1.0,0.9999673932257813
combined_overall,0.09822624910063031,1.0,0.9999673932257813
combined_overall,0.09822840327952194,1.0,0.9999673932257813
combined_overall,0.09823271163730521,1.0,0.9999673932257813
combined_overall,0.09823486581619684,1.0,0.9999673932257813
combined_overall,0.09825425342622153,1.0,0.9999673932257813
combined_overall,0.09825640760511316,1.0,0.9999673932257813
combined_overall,0.09826502432067968,1.0,0.9999673932257813
combined_overall,0.09826933267846295,1.0,0.9999673932257813
combined_overall,0.09828333484125856,1.0,0.9999673932257813
combined_overall,0.09828872028848763,1.0,0.9999673932257813
combined_overall,0.09830056827239161,1.0,0.9999673932257813
combined_overall,0.09830272245128324,1.0,0.9999673932257813
combined_overall,0.09830379954072906,1.0,0.9999673932257813
combined_overall,0.0983059537196207,1.0,0.9999673932257813
combined_overall,0.09836196237080312,1.0,0.9999673932257813
combined_overall,0.09836627072858639,1.0,0.9999673932257813
combined_overall,0.09838350415971944,1.0,0.9999673932257813
combined_overall,0.09838888960694853,1.0,0.9999673932257813
combined_overall,0.09839104378584015,1.0,0.9999673932257813
combined_overall,0.09841043139586483,1.0,0.9999673932257813
combined_overall,0.09841366266420229,1.0,0.9999673932257813
combined_overall,0.09842981900588953,1.0,0.9999673932257813
combined_overall,0.09843520445311861,1.0,0.9999673932257813
combined_overall,0.09843951281090187,1.0,0.9999673932257813
combined_overall,0.0984416669897935,1.0,0.9999673932257813
combined_overall,0.09844489825813095,1.0,0.9999673932257813
combined_overall,0.09844705243702258,1.0,0.9999673932257813
combined_overall,0.09851921742989225,1.0,0.9999673932257813
combined_overall,0.09857953443885795,1.0,0.9999673932257813
combined_overall,0.09859784495943681,1.0,0.9999673932257813
combined_overall,0.09859999913832844,1.0,0.9999673932257813
combined_overall,0.09860215331722008,1.0,0.9999673932257813
combined_overall,0.09860430749611171,1.0,0.9999673932257813
combined_overall,0.09862692637447384,1.0,0.9999673932257813
combined_overall,0.09862908055336547,1.0,0.9999673932257813
combined_overall,0.09866139323673995,1.0,0.9999673932257813
combined_overall,0.09866570159452322,1.0,0.9999673932257813
combined_overall,0.09867000995230647,1.0,0.9999673932257813
combined_overall,0.09867216413119811,1.0,0.9999673932257813
combined_overall,0.09867862666787301,1.0,0.9999673932257813
combined_overall,0.09868078084676464,1.0,0.9999673932257813
combined_overall,0.09869801427789769,1.0,0.9999673932257813
combined_overall,0.09870016845678932,1.0,0.9999673932257813
combined_overall,0.09870232263568096,1.0,0.9999673932257813
combined_overall,0.09870878517235586,1.0,0.9999673932257813
combined_overall,0.0987184789773682,1.0,0.9999673932257813
combined_overall,0.09872278733515145,1.0,0.9999673932257813
combined_overall,0.09873571240850125,1.0,0.9999673932257813
combined_overall,0.09874109785573033,1.0,0.9999673932257813
combined_overall,0.09878095016522552,1.0,0.9999673932257813
combined_overall,0.09878310434411715,1.0,0.9999673932257813
combined_overall,0.09879387523857532,1.0,0.9999673932257813
combined_overall,0.09879602941746694,1.0,0.9999673932257813
combined_overall,0.09879710650691276,1.0,0.9999673932257813
combined_overall,0.09880356904358766,1.0,0.9999673932257813
combined_overall,0.09881541702749164,1.0,0.9999673932257813
combined_overall,0.09881864829582908,1.0,0.9999673932257813
combined_overall,0.09883049627973306,1.0,0.9999673932257813
combined_overall,0.09883265045862469,1.0,0.9999673932257813
combined_overall,0.09883695881640794,1.0,0.9999673932257813
combined_overall,0.09884126717419121,1.0,0.9999673932257813
combined_overall,0.09884449844252866,1.0,0.9999673932257813
combined_overall,0.0988466526214203,1.0,0.9999673932257813
combined_overall,0.09884772971086611,1.0,0.9999673932257813
combined_overall,0.09884988388975774,1.0,0.9999673932257813
combined_overall,0.09885203806864937,1.0,0.9999673932257813
combined_overall,0.09885419224754101,1.0,0.9999673932257813
combined_overall,0.09887250276811987,1.0,0.9999673932257813
combined_overall,0.0988746569470115,1.0,0.9999673932257813
combined_overall,0.09887896530479477,1.0,0.9999673932257813
combined_overall,0.0988811194836864,1.0,0.9999673932257813
combined_overall,0.09890481545149435,1.0,0.9999673932257813
combined_overall,0.09890696963038599,1.0,0.9999673932257813
combined_overall,0.09891666343539833,1.0,0.9999673932257813
combined_overall,0.09891881761428996,1.0,0.9999673932257813
combined_overall,0.0989285114193023,1.0,0.9999673932257813
combined_overall,0.09893066559819394,1.0,0.9999673932257813
combined_overall,0.09893389686653138,1.0,0.9999673932257813
combined_overall,0.09893712813486884,1.0,0.9999673932257813
combined_overall,0.09893928231376047,1.0,0.9999673932257813
combined_overall,0.0989414364926521,1.0,0.9999673932257813
combined_overall,0.09896728663935168,1.0,0.9999673932257813
combined_overall,0.09896944081824331,1.0,0.9999673932257813
combined_overall,0.09897698044436402,1.0,0.9999673932257813
combined_overall,0.09897913462325565,1.0,0.9999673932257813
combined_overall,0.09899421387549708,1.0,0.9999673932257813
combined_overall,0.09900175350161779,1.0,0.9999673932257813
combined_overall,0.0990157556644134,1.0,0.9999673932257813
combined_overall,0.09901790984330502,1.0,0.9999673932257813
combined_overall,0.09902437237997992,1.0,0.9999673932257813
combined_overall,0.09902652655887155,1.0,0.9999673932257813
combined_overall,0.09903083491665482,1.0,0.9999673932257813
combined_overall,0.0990362203638839,1.0,0.9999673932257813
combined_overall,0.09904268290055879,1.0,0.9999673932257813
combined_overall,0.09904806834778787,1.0,0.9999673932257813
combined_overall,0.0990502225266795,1.0,0.9999673932257813
combined_overall,0.09905345379501695,1.0,0.9999673932257813
combined_overall,0.09907607267337909,1.0,0.9999673932257813
combined_overall,0.09907822685227072,1.0,0.9999673932257813
combined_overall,0.09908145812060817,1.0,0.9999673932257813
combined_overall,0.0990836122994998,1.0,0.9999673932257813
combined_overall,0.09909546028340377,1.0,0.9999673932257813
combined_overall,0.09909976864118704,1.0,0.9999673932257813
combined_overall,0.09912669587733244,1.0,0.9999673932257813
combined_overall,0.09912992714566989,1.0,0.9999673932257813
combined_overall,0.09918701288629812,1.0,0.9999673932257813
combined_overall,0.09919024415463558,1.0,0.9999673932257813
combined_overall,0.09919562960186466,1.0,0.9999673932257813
combined_overall,0.09919993795964792,1.0,0.9999673932257813
combined_overall,0.09920963176466026,1.0,0.9999673932257813
combined_overall,0.0992117859435519,1.0,0.9999673932257813
combined_overall,0.09921501721188934,1.0,0.9999673932257813
combined_overall,0.09922794228523914,1.0,0.9999673932257813
combined_overall,0.09924086735858893,1.0,0.9999673932257813
combined_overall,0.09924409862692637,1.0,0.9999673932257813
combined_overall,0.099246252805818,1.0,0.9999673932257813
combined_overall,0.09924732989526382,1.0,0.9999673932257813
combined_overall,0.09924948407415546,1.0,0.9999673932257813
combined_overall,0.09928718220475902,1.0,0.9999673932257813
combined_overall,0.09929041347309646,1.0,0.9999673932257813
combined_overall,0.09929256765198809,1.0,0.9999673932257813
combined_overall,0.09929579892032554,1.0,0.9999673932257813
combined_overall,0.09930333854644625,1.0,0.9999673932257813
combined_overall,0.09930549272533788,1.0,0.9999673932257813
combined_overall,0.09930764690422951,1.0,0.9999673932257813
combined_overall,0.0993130323514586,1.0,0.9999673932257813
combined_overall,0.09931841779868768,1.0,0.9999673932257813
combined_overall,0.0993270345142542,1.0,0.9999673932257813
combined_overall,0.09933241996148329,1.0,0.9999673932257813
combined_overall,0.09933672831926654,1.0,0.9999673932257813
combined_overall,0.099339959587604,1.0,0.9999673932257813
combined_overall,0.09934211376649563,1.0,0.9999673932257813
combined_overall,0.09935073048206215,1.0,0.9999673932257813
combined_overall,0.0993539617503996,1.0,0.9999673932257813
combined_overall,0.09937765771820756,1.0,0.9999673932257813
combined_overall,0.09937981189709919,1.0,0.9999673932257813
combined_overall,0.09938412025488244,1.0,0.9999673932257813
combined_overall,0.0993938140598948,1.0,0.9999673932257813
combined_overall,0.09941427875936529,1.0,0.9999673932257813
combined_overall,0.09941643293825693,1.0,0.9999673932257813
combined_overall,0.09942397256437764,1.0,0.9999673932257813
combined_overall,0.09942612674326927,1.0,0.9999673932257813
combined_overall,0.0994347434588358,1.0,0.9999673932257813
combined_overall,0.09943689763772742,1.0,0.9999673932257813
combined_overall,0.09946921032110191,1.0,0.9999673932257813
combined_overall,0.09948105830500588,1.0,0.9999673932257813
combined_overall,0.0994832124838975,1.0,0.9999673932257813
combined_overall,0.09949182919946405,1.0,0.9999673932257813
combined_overall,0.09949398337835567,1.0,0.9999673932257813
combined_overall,0.09951337098838035,1.0,0.9999673932257813
combined_overall,0.09951983352505525,1.0,0.9999673932257813
combined_overall,0.09952629606173015,1.0,0.9999673932257813
combined_overall,0.09952845024062178,1.0,0.9999673932257813
combined_overall,0.09954460658230903,1.0,0.9999673932257813
combined_overall,0.09954676076120066,1.0,0.9999673932257813
combined_overall,0.09956507128177952,1.0,0.9999673932257813
combined_overall,0.09956722546067115,1.0,0.9999673932257813
combined_overall,0.09956937963956279,1.0,0.9999673932257813
combined_overall,0.09957799635512932,1.0,0.9999673932257813
combined_overall,0.0996652406002404,1.0,0.9999673932257813
combined_overall,0.09966954895802367,1.0,0.9999673932257813
combined_overall,0.0996717031369153,1.0,0.9999673932257813
combined_overall,0.09967385731580694,1.0,0.9999673932257813
combined_overall,0.0996781656735902,1.0,0.9999673932257813
combined_overall,0.09968247403137347,1.0,0.9999673932257813
combined_overall,0.09968785947860254,1.0,0.9999673932257813
combined_overall,0.09969432201527743,1.0,0.9999673932257813
combined_overall,0.09975140775590569,1.0,0.9999673932257813
combined_overall,0.09975356193479731,1.0,0.9999673932257813
combined_overall,0.09975571611368894,1.0,0.9999673932257813
combined_overall,0.09975787029258058,1.0,0.9999673932257813
combined_overall,0.09976217865036384,1.0,0.9999673932257813
combined_overall,0.09976433282925547,1.0,0.9999673932257813
combined_overall,0.0997998767809674,1.0,0.9999673932257813
combined_overall,0.09980418513875067,1.0,0.9999673932257813
combined_overall,0.0998063393176423,1.0,0.9999673932257813
combined_overall,0.09980849349653392,1.0,0.9999673932257813
combined_overall,0.09981064767542555,1.0,0.9999673932257813
combined_overall,0.09981280185431719,1.0,0.9999673932257813
combined_overall,0.0998203414804379,1.0,0.9999673932257813
combined_overall,0.09982464983822116,1.0,0.9999673932257813
combined_overall,0.09986234796882472,1.0,0.9999673932257813
combined_overall,0.09986450214771636,1.0,0.9999673932257813
combined_overall,0.0998677334160538,1.0,0.9999673932257813
combined_overall,0.09986988759494543,1.0,0.9999673932257813
combined_overall,0.09987958139995778,1.0,0.9999673932257813
combined_overall,0.09988173557884941,1.0,0.9999673932257813
combined_overall,0.09989896900998246,1.0,0.9999673932257813
combined_overall,0.09990543154665736,1.0,0.9999673932257813
combined_overall,0.09991404826222389,1.0,0.9999673932257813
combined_overall,0.09991620244111551,1.0,0.9999673932257813
combined_overall,0.09992481915668205,1.0,0.9999673932257813
combined_overall,0.09992912751446531,1.0,0.9999673932257813
combined_overall,0.0999420525878151,1.0,0.9999673932257813
combined_overall,0.09994420676670673,1.0,0.9999673932257813
combined_overall,0.09994528385615255,1.0,0.9999673932257813
combined_overall,0.09994743803504418,1.0,0.9999673932257813
combined_overall,0.09995066930338163,1.0,0.9999673932257813
combined_overall,0.09995282348227326,1.0,0.9999673932257813
combined_overall,0.09997436527118958,1.0,0.9999673932257813
combined_overall,0.09999052161287682,1.0,0.9999673932257813
combined_overall,0.10001744884902222,1.0,0.9999673932257813
combined_overall,0.10001960302791385,1.0,0.9999673932257813
combined_overall,0.10002175720680548,1.0,0.9999673932257813
combined_overall,0.10002391138569712,1.0,0.9999673932257813
combined_overall,0.100030373922372,1.0,0.9999673932257813
combined_overall,0.10003899063793854,1.0,0.9999673932257813
combined_overall,0.10004760735350507,1.0,0.9999673932257813
combined_overall,0.1000497615323967,1.0,0.9999673932257813
combined_overall,0.10005837824796322,1.0,0.9999673932257813
combined_overall,0.10006053242685485,1.0,0.9999673932257813
combined_overall,0.10006484078463812,1.0,0.9999673932257813
combined_overall,0.10007130332131302,1.0,0.9999673932257813
combined_overall,0.10007884294743373,1.0,0.9999673932257813
combined_overall,0.10008099712632536,1.0,0.9999673932257813
combined_overall,0.10010577018357912,1.0,0.9999673932257813
combined_overall,0.10010792436247076,1.0,0.9999673932257813
combined_overall,0.10011330980969983,1.0,0.9999673932257813
combined_overall,0.10011546398859147,1.0,0.9999673932257813
combined_overall,0.10017901226589461,1.0,0.9999673932257813
combined_overall,0.10018116644478624,1.0,0.9999673932257813
combined_overall,0.10018870607090695,1.0,0.9999673932257813
combined_overall,0.10019086024979859,1.0,0.9999673932257813
combined_overall,0.10022101875428142,1.0,0.9999673932257813
combined_overall,0.10022425002261888,1.0,0.9999673932257813
combined_overall,0.10024471472208939,1.0,0.9999673932257813
combined_overall,0.10024686890098101,1.0,0.9999673932257813
combined_overall,0.10025871688488498,1.0,0.9999673932257813
combined_overall,0.10026087106377662,1.0,0.9999673932257813
combined_overall,0.10026194815322244,1.0,0.9999673932257813
combined_overall,0.10026410233211407,1.0,0.9999673932257813
combined_overall,0.10030287755216344,1.0,0.9999673932257813
combined_overall,0.1003061088205009,1.0,0.9999673932257813
combined_overall,0.10033088187775466,1.0,0.9999673932257813
combined_overall,0.1003341131460921,1.0,0.9999673932257813
combined_overall,0.10033626732498374,1.0,0.9999673932257813
combined_overall,0.10033842150387537,1.0,0.9999673932257813
combined_overall,0.100340575682767,1.0,0.9999673932257813
combined_overall,0.10034380695110445,1.0,0.9999673932257813
combined_overall,0.10034919239833352,1.0,0.9999673932257813
combined_overall,0.10035565493500842,1.0,0.9999673932257813
combined_overall,0.10036534874002076,1.0,0.9999673932257813
combined_overall,0.1003675029189124,1.0,0.9999673932257813
combined_overall,0.10038258217115383,1.0,0.9999673932257813
combined_overall,0.10038473635004545,1.0,0.9999673932257813
combined_overall,0.10038581343949127,1.0,0.9999673932257813
combined_overall,0.10039119888672035,1.0,0.9999673932257813
combined_overall,0.10039227597616616,1.0,0.9999673932257813
combined_overall,0.10039443015505779,1.0,0.9999673932257813
combined_overall,0.10040520104951596,1.0,0.9999673932257813
combined_overall,0.1004084323178534,1.0,0.9999673932257813
combined_overall,0.10044289918011952,1.0,0.9999673932257813
combined_overall,0.10044505335901115,1.0,0.9999673932257813
combined_overall,0.10045474716402349,1.0,0.9999673932257813
combined_overall,0.10045690134291511,1.0,0.9999673932257813
combined_overall,0.10046444096903583,1.0,0.9999673932257813
combined_overall,0.10046659514792747,1.0,0.9999673932257813
combined_overall,0.10047305768460237,1.0,0.9999673932257813
combined_overall,0.100475211863494,1.0,0.9999673932257813
combined_overall,0.10048382857906052,1.0,0.9999673932257813
combined_overall,0.10048598275795215,1.0,0.9999673932257813
combined_overall,0.10049998492074776,1.0,0.9999673932257813
combined_overall,0.10050213909963938,1.0,0.9999673932257813
combined_overall,0.1005301434252306,1.0,0.9999673932257813
combined_overall,0.10053229760412223,1.0,0.9999673932257813
combined_overall,0.10054414558802621,1.0,0.9999673932257813
combined_overall,0.10054629976691784,1.0,0.9999673932257813
combined_overall,0.10055060812470111,1.0,0.9999673932257813
combined_overall,0.10055276230359274,1.0,0.9999673932257813
combined_overall,0.10057322700306325,1.0,0.9999673932257813
combined_overall,0.10057538118195487,1.0,0.9999673932257813
combined_overall,0.10058184371862977,1.0,0.9999673932257813
combined_overall,0.1005839978975214,1.0,0.9999673932257813
combined_overall,0.10060230841810028,1.0,0.9999673932257813
combined_overall,0.10060661677588353,1.0,0.9999673932257813
combined_overall,0.10060984804422099,1.0,0.9999673932257813
combined_overall,0.10061631058089587,1.0,0.9999673932257813
combined_overall,0.10061846475978752,1.0,0.9999673932257813
combined_overall,0.10063031274369148,1.0,0.9999673932257813
combined_overall,0.10063246692258312,1.0,0.9999673932257813
combined_overall,0.10064431490648709,1.0,0.9999673932257813
combined_overall,0.10064646908537872,1.0,0.9999673932257813
combined_overall,0.10066154833762014,1.0,0.9999673932257813
combined_overall,0.1006647796059576,1.0,0.9999673932257813
combined_overall,0.10066693378484923,1.0,0.9999673932257813
combined_overall,0.10066908796374086,1.0,0.9999673932257813
combined_overall,0.10067339632152413,1.0,0.9999673932257813
combined_overall,0.10068093594764484,1.0,0.9999673932257813
combined_overall,0.10072078825714002,1.0,0.9999673932257813
combined_overall,0.10072294243603165,1.0,0.9999673932257813
combined_overall,0.100732636241044,1.0,0.9999673932257813
combined_overall,0.10073479041993563,1.0,0.9999673932257813
combined_overall,0.10075740929829777,1.0,0.9999673932257813
combined_overall,0.1007595634771894,1.0,0.9999673932257813
combined_overall,0.10077679690832246,1.0,0.9999673932257813
combined_overall,0.10077895108721409,1.0,0.9999673932257813
combined_overall,0.10082203466504673,1.0,0.9999673932257813
combined_overall,0.10082418884393836,1.0,0.9999673932257813
combined_overall,0.10083172847005907,1.0,0.9999673932257813
combined_overall,0.1008338826489507,1.0,0.9999673932257813
combined_overall,0.1008403451856256,1.0,0.9999673932257813
combined_overall,0.10084249936451722,1.0,0.9999673932257813
combined_overall,0.10086296406398773,1.0,0.9999673932257813
combined_overall,0.10086511824287936,1.0,0.9999673932257813
combined_overall,0.10086834951121681,1.0,0.9999673932257813
combined_overall,0.10087158077955426,1.0,0.9999673932257813
combined_overall,0.10087588913733753,1.0,0.9999673932257813
combined_overall,0.10087804331622915,1.0,0.9999673932257813
combined_overall,0.10088558294234987,1.0,0.9999673932257813
combined_overall,0.1008877371212415,1.0,0.9999673932257813
combined_overall,0.10089419965791639,1.0,0.9999673932257813
combined_overall,0.10089635383680802,1.0,0.9999673932257813
combined_overall,0.10089958510514548,1.0,0.9999673932257813
combined_overall,0.1009017392840371,1.0,0.9999673932257813
combined_overall,0.10090712473126619,1.0,0.9999673932257813
combined_overall,0.10091143308904944,1.0,0.9999673932257813
combined_overall,0.10092651234129087,1.0,0.9999673932257813
combined_overall,0.10093082069907414,1.0,0.9999673932257813
combined_overall,0.10093943741464066,1.0,0.9999673932257813
combined_overall,0.10094697704076137,1.0,0.9999673932257813
combined_overall,0.10096421047189442,1.0,0.9999673932257813
combined_overall,0.10096636465078607,1.0,0.9999673932257813
combined_overall,0.10099436897637727,1.0,0.9999673932257813
combined_overall,0.1009965231552689,1.0,0.9999673932257813
combined_overall,0.10099867733416054,1.0,0.9999673932257813
combined_overall,0.10100083151305217,1.0,0.9999673932257813
combined_overall,0.10100513987083544,1.0,0.9999673932257813
combined_overall,0.1010094482286187,1.0,0.9999673932257813
combined_overall,0.10102021912307686,1.0,0.9999673932257813
combined_overall,0.10102452748086012,1.0,0.9999673932257813
combined_overall,0.10105899434312623,1.0,0.9999673932257813
combined_overall,0.10106114852201786,1.0,0.9999673932257813
combined_overall,0.10106330270090949,1.0,0.9999673932257813
combined_overall,0.10106545687980113,1.0,0.9999673932257813
combined_overall,0.10108592157927163,1.0,0.9999673932257813
combined_overall,0.10108807575816327,1.0,0.9999673932257813
combined_overall,0.1010966924737298,1.0,0.9999673932257813
combined_overall,0.10110315501040468,1.0,0.9999673932257813
combined_overall,0.10110530918929632,1.0,0.9999673932257813
combined_overall,0.10110854045763376,1.0,0.9999673932257813
combined_overall,0.10111931135209193,1.0,0.9999673932257813
combined_overall,0.10112146553098356,1.0,0.9999673932257813
combined_overall,0.10113331351488752,1.0,0.9999673932257813
combined_overall,0.10113869896211661,1.0,0.9999673932257813
combined_overall,0.10117962836105762,1.0,0.9999673932257813
combined_overall,0.10118285962939506,1.0,0.9999673932257813
combined_overall,0.10118393671884088,1.0,0.9999673932257813
combined_overall,0.10118716798717833,1.0,0.9999673932257813
combined_overall,0.10119039925551578,1.0,0.9999673932257813
combined_overall,0.1011925534344074,1.0,0.9999673932257813
combined_overall,0.1012119410444321,1.0,0.9999673932257813
combined_overall,0.10121409522332372,1.0,0.9999673932257813
combined_overall,0.10121732649166118,1.0,0.9999673932257813
combined_overall,0.10122486611778188,1.0,0.9999673932257813
combined_overall,0.10122702029667352,1.0,0.9999673932257813
combined_overall,0.10124102245946913,1.0,0.9999673932257813
combined_overall,0.10124317663836076,1.0,0.9999673932257813
combined_overall,0.10125502462226472,1.0,0.9999673932257813
combined_overall,0.10125717880115637,1.0,0.9999673932257813
combined_overall,0.10126148715893962,1.0,0.9999673932257813
combined_overall,0.10126364133783126,1.0,0.9999673932257813
combined_overall,0.10128410603730176,1.0,0.9999673932257813
combined_overall,0.1012862602161934,1.0,0.9999673932257813
combined_overall,0.10131211036289298,1.0,0.9999673932257813
combined_overall,0.1013207270784595,1.0,0.9999673932257813
combined_overall,0.10132288125735113,1.0,0.9999673932257813
combined_overall,0.1013271896151344,1.0,0.9999673932257813
combined_overall,0.10133903759903838,1.0,0.9999673932257813
combined_overall,0.10134226886737582,1.0,0.9999673932257813
combined_overall,0.10137996699797938,1.0,0.9999673932257813
combined_overall,0.10138212117687101,1.0,0.9999673932257813
combined_overall,0.10138319826631682,1.0,0.9999673932257813
combined_overall,0.1013875066241001,1.0,0.9999673932257813
combined_overall,0.10139181498188335,1.0,0.9999673932257813
combined_overall,0.10140043169744989,1.0,0.9999673932257813
combined_overall,0.10140904841301641,1.0,0.9999673932257813
combined_overall,0.10141120259190804,1.0,0.9999673932257813
combined_overall,0.10141874221802875,1.0,0.9999673932257813
combined_overall,0.10142089639692038,1.0,0.9999673932257813
combined_overall,0.10142735893359528,1.0,0.9999673932257813
combined_overall,0.10143059020193274,1.0,0.9999673932257813
combined_overall,0.10143274438082436,1.0,0.9999673932257813
combined_overall,0.10143382147027018,1.0,0.9999673932257813
combined_overall,0.1014359756491618,1.0,0.9999673932257813
combined_overall,0.10143812982805345,1.0,0.9999673932257813
combined_overall,0.10144136109639089,1.0,0.9999673932257813
combined_overall,0.10144566945417416,1.0,0.9999673932257813
combined_overall,0.1014489007225116,1.0,0.9999673932257813
combined_overall,0.10147151960087374,1.0,0.9999673932257813
combined_overall,0.10148659885311516,1.0,0.9999673932257813
combined_overall,0.10149090721089842,1.0,0.9999673932257813
combined_overall,0.1014962926581275,1.0,0.9999673932257813
combined_overall,0.1015092177314773,1.0,0.9999673932257813
combined_overall,0.10151783444704382,1.0,0.9999673932257813
combined_overall,0.10152537407316453,1.0,0.9999673932257813
combined_overall,0.10153075952039362,1.0,0.9999673932257813
combined_overall,0.10153183660983943,1.0,0.9999673932257813
combined_overall,0.10153614496762269,1.0,0.9999673932257813
combined_overall,0.10153937623596014,1.0,0.9999673932257813
combined_overall,0.10154153041485177,1.0,0.9999673932257813
combined_overall,0.10156199511432228,1.0,0.9999673932257813
combined_overall,0.1015641492932139,1.0,0.9999673932257813
combined_overall,0.10156953474044299,1.0,0.9999673932257813
combined_overall,0.10158030563490114,1.0,0.9999673932257813
combined_overall,0.10158676817157604,1.0,0.9999673932257813
combined_overall,0.10158892235046767,1.0,0.9999673932257813
combined_overall,0.10159430779769675,1.0,0.9999673932257813
combined_overall,0.10159969324492583,1.0,0.9999673932257813
combined_overall,0.10162554339162541,1.0,0.9999673932257813
combined_overall,0.10162769757051704,1.0,0.9999673932257813
combined_overall,0.10163200592830031,1.0,0.9999673932257813
combined_overall,0.10163416010719194,1.0,0.9999673932257813
combined_overall,0.10163954555442102,1.0,0.9999673932257813
combined_overall,0.10165031644887917,1.0,0.9999673932257813
combined_overall,0.10165462480666244,1.0,0.9999673932257813
combined_overall,0.10165677898555407,1.0,0.9999673932257813
combined_overall,0.10165893316444571,1.0,0.9999673932257813
combined_overall,0.10166108734333734,1.0,0.9999673932257813
combined_overall,0.10169340002671182,1.0,0.9999673932257813
combined_overall,0.10169770838449509,1.0,0.9999673932257813
combined_overall,0.1017117105472907,1.0,0.9999673932257813
combined_overall,0.10171386472618232,1.0,0.9999673932257813
combined_overall,0.10171494181562814,1.0,0.9999673932257813
combined_overall,0.10171709599451977,1.0,0.9999673932257813
combined_overall,0.10171817308396558,1.0,0.9999673932257813
combined_overall,0.10172463562064048,1.0,0.9999673932257813
combined_overall,0.1017397148728819,1.0,0.9999673932257813
combined_overall,0.10174186905177353,1.0,0.9999673932257813
combined_overall,0.10174940867789424,1.0,0.9999673932257813
combined_overall,0.10176556501958149,1.0,0.9999673932257813
combined_overall,0.10177095046681056,1.0,0.9999673932257813
combined_overall,0.1017731046457022,1.0,0.9999673932257813
combined_overall,0.10177525882459383,1.0,0.9999673932257813
combined_overall,0.10178279845071454,1.0,0.9999673932257813
combined_overall,0.10178926098738944,1.0,0.9999673932257813
combined_overall,0.10179249225572688,1.0,0.9999673932257813
combined_overall,0.10180649441852249,1.0,0.9999673932257813
combined_overall,0.10180864859741412,1.0,0.9999673932257813
combined_overall,0.10180972568685993,1.0,0.9999673932257813
combined_overall,0.10181941949187229,1.0,0.9999673932257813
combined_overall,0.10182265076020973,1.0,0.9999673932257813
combined_overall,0.10182480493910136,1.0,0.9999673932257813
combined_overall,0.10187111978527144,1.0,0.9999673932257813
combined_overall,0.10187327396416308,1.0,0.9999673932257813
combined_overall,0.10187865941139215,1.0,0.9999673932257813
combined_overall,0.10188296776917542,1.0,0.9999673932257813
combined_overall,0.10188619903751286,1.0,0.9999673932257813
combined_overall,0.10190020120030847,1.0,0.9999673932257813
combined_overall,0.10190666373698337,1.0,0.9999673932257813
combined_overall,0.10191743463144154,1.0,0.9999673932257813
combined_overall,0.10193035970479132,1.0,0.9999673932257813
combined_overall,0.10193466806257459,1.0,0.9999673932257813
combined_overall,0.10193789933091203,1.0,0.9999673932257813
combined_overall,0.10195405567259927,1.0,0.9999673932257813
combined_overall,0.10195836403038254,1.0,0.9999673932257813
combined_overall,0.10195944111982835,1.0,0.9999673932257813
combined_overall,0.10196159529871998,1.0,0.9999673932257813
combined_overall,0.10197021201428652,1.0,0.9999673932257813
combined_overall,0.10197236619317815,1.0,0.9999673932257813
combined_overall,0.10197344328262396,1.0,0.9999673932257813
combined_overall,0.10199283089264866,1.0,0.9999673932257813
combined_overall,0.10199498507154028,1.0,0.9999673932257813
combined_overall,0.1019960621609861,1.0,0.9999673932257813
combined_overall,0.10200037051876935,1.0,0.9999673932257813
combined_overall,0.10200683305544425,1.0,0.9999673932257813
combined_overall,0.10201329559211915,1.0,0.9999673932257813
combined_overall,0.10201975812879405,1.0,0.9999673932257813
combined_overall,0.10202622066546894,1.0,0.9999673932257813
combined_overall,0.1020305290232522,1.0,0.9999673932257813
combined_overall,0.10203806864937291,1.0,0.9999673932257813
combined_overall,0.10204129991771037,1.0,0.9999673932257813
combined_overall,0.10204560827549362,1.0,0.9999673932257813
combined_overall,0.10204883954383108,1.0,0.9999673932257813
combined_overall,0.10205207081216852,1.0,0.9999673932257813
combined_overall,0.10205314790161434,1.0,0.9999673932257813
combined_overall,0.10205530208050598,1.0,0.9999673932257813
combined_overall,0.1020639187960725,1.0,0.9999673932257813
combined_overall,0.10206930424330159,1.0,0.9999673932257813
combined_overall,0.1020768438694223,1.0,0.9999673932257813
combined_overall,0.10207899804831393,1.0,0.9999673932257813
combined_overall,0.10208115222720555,1.0,0.9999673932257813
combined_overall,0.10209515439000116,1.0,0.9999673932257813
combined_overall,0.1020983856583386,1.0,0.9999673932257813
combined_overall,0.10210053983723025,1.0,0.9999673932257813
combined_overall,0.10210269401612188,1.0,0.9999673932257813
combined_overall,0.10210592528445932,1.0,0.9999673932257813
combined_overall,0.10211023364224259,1.0,0.9999673932257813
combined_overall,0.10212638998392982,1.0,0.9999673932257813
combined_overall,0.10213608378894216,1.0,0.9999673932257813
combined_overall,0.10213931505727962,1.0,0.9999673932257813
combined_overall,0.10214362341506288,1.0,0.9999673932257813
combined_overall,0.10214470050450869,1.0,0.9999673932257813
combined_overall,0.10215008595173777,1.0,0.9999673932257813
combined_overall,0.10215654848841267,1.0,0.9999673932257813
combined_overall,0.1021587026673043,1.0,0.9999673932257813
combined_overall,0.10216731938287082,1.0,0.9999673932257813
combined_overall,0.10217485900899154,1.0,0.9999673932257813
combined_overall,0.10218347572455808,1.0,0.9999673932257813
combined_overall,0.1021856299034497,1.0,0.9999673932257813
combined_overall,0.10220070915569113,1.0,0.9999673932257813
combined_overall,0.10220286333458276,1.0,0.9999673932257813
combined_overall,0.10220717169236603,1.0,0.9999673932257813
combined_overall,0.1022125571395951,1.0,0.9999673932257813
combined_overall,0.10221578840793255,1.0,0.9999673932257813
combined_overall,0.10222763639183652,1.0,0.9999673932257813
combined_overall,0.10222979057072816,1.0,0.9999673932257813
combined_overall,0.1022330218390656,1.0,0.9999673932257813
combined_overall,0.10223840728629469,1.0,0.9999673932257813
combined_overall,0.10224810109130703,1.0,0.9999673932257813
combined_overall,0.10225025527019865,1.0,0.9999673932257813
combined_overall,0.10225887198576518,1.0,0.9999673932257813
combined_overall,0.10226210325410263,1.0,0.9999673932257813
combined_overall,0.10226425743299426,1.0,0.9999673932257813
combined_overall,0.10227718250634406,1.0,0.9999673932257813
combined_overall,0.10228149086412731,1.0,0.9999673932257813
combined_overall,0.10228472213246477,1.0,0.9999673932257813
combined_overall,0.1022868763113564,1.0,0.9999673932257813
combined_overall,0.10229010757969385,1.0,0.9999673932257813
combined_overall,0.1022933388480313,1.0,0.9999673932257813
combined_overall,0.10229657011636874,1.0,0.9999673932257813
combined_overall,0.10230087847415201,1.0,0.9999673932257813
combined_overall,0.10230410974248945,1.0,0.9999673932257813
combined_overall,0.10230626392138109,1.0,0.9999673932257813
combined_overall,0.1023073410108269,1.0,0.9999673932257813
combined_overall,0.10231057227916435,1.0,0.9999673932257813
combined_overall,0.1023202660841767,1.0,0.9999673932257813
combined_overall,0.10232242026306833,1.0,0.9999673932257813
combined_overall,0.10232780571029741,1.0,0.9999673932257813
combined_overall,0.10232995988918904,1.0,0.9999673932257813
combined_overall,0.10233642242586394,1.0,0.9999673932257813
combined_overall,0.10234180787309301,1.0,0.9999673932257813
combined_overall,0.10234396205198465,1.0,0.9999673932257813
combined_overall,0.1023611954831177,1.0,0.9999673932257813
combined_overall,0.10236442675145514,1.0,0.9999673932257813
combined_overall,0.1023676580197926,1.0,0.9999673932257813
combined_overall,0.10237304346702168,1.0,0.9999673932257813
combined_overall,0.10237627473535912,1.0,0.9999673932257813
combined_overall,0.10237842891425075,1.0,0.9999673932257813
combined_overall,0.10239135398760055,1.0,0.9999673932257813
combined_overall,0.10239350816649218,1.0,0.9999673932257813
combined_overall,0.10240104779261289,1.0,0.9999673932257813
combined_overall,0.10240320197150451,1.0,0.9999673932257813
combined_overall,0.10241181868707105,1.0,0.9999673932257813
combined_overall,0.10241397286596268,1.0,0.9999673932257813
combined_overall,0.1024290521182041,1.0,0.9999673932257813
combined_overall,0.10243120629709573,1.0,0.9999673932257813
combined_overall,0.10243874592321645,1.0,0.9999673932257813
combined_overall,0.10244305428099972,1.0,0.9999673932257813
combined_overall,0.10244413137044553,1.0,0.9999673932257813
combined_overall,0.10244843972822879,1.0,0.9999673932257813
combined_overall,0.10245059390712043,1.0,0.9999673932257813
combined_overall,0.10247105860659092,1.0,0.9999673932257813
combined_overall,0.10248075241160327,1.0,0.9999673932257813
combined_overall,0.10248613785883234,1.0,0.9999673932257813
combined_overall,0.10249152330606143,1.0,0.9999673932257813
combined_overall,0.10249367748495306,1.0,0.9999673932257813
combined_overall,0.10252491307888172,1.0,0.9999673932257813
combined_overall,0.10252706725777336,1.0,0.9999673932257813
combined_overall,0.10253999233112314,1.0,0.9999673932257813
combined_overall,0.10254214651001478,1.0,0.9999673932257813
combined_overall,0.10256691956726854,1.0,0.9999673932257813
combined_overall,0.10257553628283507,1.0,0.9999673932257813
combined_overall,0.10258307590895578,1.0,0.9999673932257813
combined_overall,0.10258630717729324,1.0,0.9999673932257813
combined_overall,0.10260030934008883,1.0,0.9999673932257813
combined_overall,0.10260246351898047,1.0,0.9999673932257813
combined_overall,0.1026046176978721,1.0,0.9999673932257813
combined_overall,0.10260677187676373,1.0,0.9999673932257813
combined_overall,0.10262723657623424,1.0,0.9999673932257813
combined_overall,0.10262939075512587,1.0,0.9999673932257813
combined_overall,0.10263800747069239,1.0,0.9999673932257813
combined_overall,0.10264016164958403,1.0,0.9999673932257813
combined_overall,0.10264770127570474,1.0,0.9999673932257813
combined_overall,0.10264985545459637,1.0,0.9999673932257813
combined_overall,0.102652009633488,1.0,0.9999673932257813
combined_overall,0.10265416381237963,1.0,0.9999673932257813
combined_overall,0.1026994015691039,1.0,0.9999673932257813
combined_overall,0.10270155574799554,1.0,0.9999673932257813
combined_overall,0.10270694119522461,1.0,0.9999673932257813
combined_overall,0.10270909537411625,1.0,0.9999673932257813
combined_overall,0.1027123266424537,1.0,0.9999673932257813
combined_overall,0.10271448082134532,1.0,0.9999673932257813
combined_overall,0.1027263288052493,1.0,0.9999673932257813
combined_overall,0.10272848298414093,1.0,0.9999673932257813
combined_overall,0.10273063716303257,1.0,0.9999673932257813
combined_overall,0.1027327913419242,1.0,0.9999673932257813
combined_overall,0.10274140805749073,1.0,0.9999673932257813
combined_overall,0.10274356223638235,1.0,0.9999673932257813
combined_overall,0.10276079566751542,1.0,0.9999673932257813
combined_overall,0.10276402693585286,1.0,0.9999673932257813
combined_overall,0.10276618111474449,1.0,0.9999673932257813
combined_overall,0.10276941238308195,1.0,0.9999673932257813
combined_overall,0.10277156656197357,1.0,0.9999673932257813
combined_overall,0.10277479783031102,1.0,0.9999673932257813
combined_overall,0.10277802909864847,1.0,0.9999673932257813
combined_overall,0.10278341454587754,1.0,0.9999673932257813
combined_overall,0.10278556872476918,1.0,0.9999673932257813
combined_overall,0.10280280215590223,1.0,0.9999673932257813
combined_overall,0.10280495633479386,1.0,0.9999673932257813
combined_overall,0.10280926469257713,1.0,0.9999673932257813
combined_overall,0.10281141887146876,1.0,0.9999673932257813
combined_overall,0.10281572722925203,1.0,0.9999673932257813
combined_overall,0.10282218976592693,1.0,0.9999673932257813
combined_overall,0.10282865230260181,1.0,0.9999673932257813
combined_overall,0.10283080648149345,1.0,0.9999673932257813
combined_overall,0.1028340377498309,1.0,0.9999673932257813
combined_overall,0.10284373155484323,1.0,0.9999673932257813
combined_overall,0.10289220057990496,1.0,0.9999673932257813
combined_overall,0.10289650893768822,1.0,0.9999673932257813
combined_overall,0.1029083569215922,1.0,0.9999673932257813
combined_overall,0.10291051110048383,1.0,0.9999673932257813
combined_overall,0.1029492863205332,1.0,0.9999673932257813
combined_overall,0.10295251758887065,1.0,0.9999673932257813
combined_overall,0.10296113430443718,1.0,0.9999673932257813
combined_overall,0.10296328848332881,1.0,0.9999673932257813
combined_overall,0.10298806154058257,1.0,0.9999673932257813
combined_overall,0.10299021571947421,1.0,0.9999673932257813
combined_overall,0.10299344698781165,1.0,0.9999673932257813
combined_overall,0.10299560116670328,1.0,0.9999673932257813
combined_overall,0.103003140792824,1.0,0.9999673932257813
combined_overall,0.10301391168728216,1.0,0.9999673932257813
combined_overall,0.1030171429556196,1.0,0.9999673932257813
combined_overall,0.10301929713451125,1.0,0.9999673932257813
combined_overall,0.10302145131340287,1.0,0.9999673932257813
combined_overall,0.10303222220786103,1.0,0.9999673932257813
combined_overall,0.1030365305656443,1.0,0.9999673932257813
combined_overall,0.1030429931023192,1.0,0.9999673932257813
combined_overall,0.10304514728121082,1.0,0.9999673932257813
combined_overall,0.10305914944400643,1.0,0.9999673932257813
combined_overall,0.10306130362289806,1.0,0.9999673932257813
combined_overall,0.10306561198068133,1.0,0.9999673932257813
combined_overall,0.10306776615957296,1.0,0.9999673932257813
combined_overall,0.10307422869624785,1.0,0.9999673932257813
combined_overall,0.10307638287513948,1.0,0.9999673932257813
combined_overall,0.10308069123292275,1.0,0.9999673932257813
combined_overall,0.10308284541181438,1.0,0.9999673932257813
combined_overall,0.10309253921682672,1.0,0.9999673932257813
combined_overall,0.10309577048516418,1.0,0.9999673932257813
combined_overall,0.10311300391629723,1.0,0.9999673932257813
combined_overall,0.10311515809518886,1.0,0.9999673932257813
combined_overall,0.10314100824188845,1.0,0.9999673932257813
combined_overall,0.10314316242078007,1.0,0.9999673932257813
combined_overall,0.10314962495745497,1.0,0.9999673932257813
combined_overall,0.1031517791363466,1.0,0.9999673932257813
combined_overall,0.10315393331523823,1.0,0.9999673932257813
combined_overall,0.10315608749412987,1.0,0.9999673932257813
combined_overall,0.1031582416730215,1.0,0.9999673932257813
combined_overall,0.10316255003080475,1.0,0.9999673932257813
combined_overall,0.10316901256747965,1.0,0.9999673932257813
combined_overall,0.10317655219360036,1.0,0.9999673932257813
combined_overall,0.10319593980362506,1.0,0.9999673932257813
combined_overall,0.10320347942974577,1.0,0.9999673932257813
combined_overall,0.10320455651919158,1.0,0.9999673932257813
combined_overall,0.10321101905586648,1.0,0.9999673932257813
combined_overall,0.10321317323475811,1.0,0.9999673932257813
combined_overall,0.10321532741364974,1.0,0.9999673932257813
combined_overall,0.10323579211312024,1.0,0.9999673932257813
combined_overall,0.10323794629201187,1.0,0.9999673932257813
combined_overall,0.10326379643871146,1.0,0.9999673932257813
combined_overall,0.10326595061760309,1.0,0.9999673932257813
combined_overall,0.10328533822762778,1.0,0.9999673932257813
combined_overall,0.10328856949596522,1.0,0.9999673932257813
combined_overall,0.10328964658541104,1.0,0.9999673932257813
combined_overall,0.10329610912208594,1.0,0.9999673932257813
combined_overall,0.10329826330097756,1.0,0.9999673932257813
combined_overall,0.10330041747986919,1.0,0.9999673932257813
combined_overall,0.10330580292709828,1.0,0.9999673932257813
combined_overall,0.10330903419543573,1.0,0.9999673932257813
combined_overall,0.10333811561047275,1.0,0.9999673932257813
combined_overall,0.10334242396825602,1.0,0.9999673932257813
combined_overall,0.10334350105770183,1.0,0.9999673932257813
combined_overall,0.10334673232603929,1.0,0.9999673932257813
combined_overall,0.10342320567669222,1.0,0.9999673932257813
combined_overall,0.10342535985558385,1.0,0.9999673932257813
combined_overall,0.10343720783948782,1.0,0.9999673932257813
combined_overall,0.10344582455505436,1.0,0.9999673932257813
combined_overall,0.10344797873394598,1.0,0.9999673932257813
combined_overall,0.10345013291283761,1.0,0.9999673932257813
combined_overall,0.10347921432787464,1.0,0.9999673932257813
combined_overall,0.10348567686454954,1.0,0.9999673932257813
combined_overall,0.10349213940122444,1.0,0.9999673932257813
combined_overall,0.10349429358011607,1.0,0.9999673932257813
combined_overall,0.10352876044238218,1.0,0.9999673932257813
combined_overall,0.10353199171071963,1.0,0.9999673932257813
combined_overall,0.10353414588961125,1.0,0.9999673932257813
combined_overall,0.10353845424739452,1.0,0.9999673932257813
combined_overall,0.10355999603631084,1.0,0.9999673932257813
combined_overall,0.1035643043940941,1.0,0.9999673932257813
combined_overall,0.10357292110966063,1.0,0.9999673932257813
combined_overall,0.10357507528855227,1.0,0.9999673932257813
combined_overall,0.10359553998802276,1.0,0.9999673932257813
combined_overall,0.1035976941669144,1.0,0.9999673932257813
combined_overall,0.10360092543525184,1.0,0.9999673932257813
combined_overall,0.10360307961414347,1.0,0.9999673932257813
combined_overall,0.10363431520807213,1.0,0.9999673932257813
combined_overall,0.10365047154975938,1.0,0.9999673932257813
combined_overall,0.10366016535477172,1.0,0.9999673932257813
combined_overall,0.10366231953366335,1.0,0.9999673932257813
combined_overall,0.10370324893260435,1.0,0.9999673932257813
combined_overall,0.10370648020094181,1.0,0.9999673932257813
combined_overall,0.10370755729038762,1.0,0.9999673932257813
combined_overall,0.10371186564817089,1.0,0.9999673932257813
combined_overall,0.10371401982706252,1.0,0.9999673932257813
combined_overall,0.10371509691650833,1.0,0.9999673932257813
combined_overall,0.10371832818484578,1.0,0.9999673932257813
combined_overall,0.10374310124209955,1.0,0.9999673932257813
combined_overall,0.10374525542099118,1.0,0.9999673932257813
combined_overall,0.10374956377877445,1.0,0.9999673932257813
combined_overall,0.10380988078774013,1.0,0.9999673932257813
combined_overall,0.1038411163816688,1.0,0.9999673932257813
combined_overall,0.10384327056056043,1.0,0.9999673932257813
combined_overall,0.10384542473945206,1.0,0.9999673932257813
combined_overall,0.10384757891834369,1.0,0.9999673932257813
combined_overall,0.10385727272335604,1.0,0.9999673932257813
combined_overall,0.1038615810811393,1.0,0.9999673932257813
combined_overall,0.10387235197559747,1.0,0.9999673932257813
combined_overall,0.1038745061544891,1.0,0.9999673932257813
combined_overall,0.10389173958562214,1.0,0.9999673932257813
combined_overall,0.10389389376451379,1.0,0.9999673932257813
combined_overall,0.10390035630118867,1.0,0.9999673932257813
combined_overall,0.10390251048008031,1.0,0.9999673932257813
combined_overall,0.10390574174841775,1.0,0.9999673932257813
combined_overall,0.10391758973232174,1.0,0.9999673932257813
combined_overall,0.10392082100065918,1.0,0.9999673932257813
combined_overall,0.10394451696846713,1.0,0.9999673932257813
combined_overall,0.10394667114735875,1.0,0.9999673932257813
combined_overall,0.10395097950514202,1.0,0.9999673932257813
combined_overall,0.10395313368403365,1.0,0.9999673932257813
combined_overall,0.10395744204181692,1.0,0.9999673932257813
combined_overall,0.10395959622070855,1.0,0.9999673932257813
combined_overall,0.10397359838350416,1.0,0.9999673932257813
combined_overall,0.10397575256239579,1.0,0.9999673932257813
combined_overall,0.1039897547251914,1.0,0.9999673932257813
combined_overall,0.10399406308297467,1.0,0.9999673932257813
combined_overall,0.10399837144075792,1.0,0.9999673932257813
combined_overall,0.10400267979854119,1.0,0.9999673932257813
combined_overall,0.10400483397743282,1.0,0.9999673932257813
combined_overall,0.10401129651410772,1.0,0.9999673932257813
combined_overall,0.10401345069299935,1.0,0.9999673932257813
combined_overall,0.10401883614022843,1.0,0.9999673932257813
combined_overall,0.10402099031912006,1.0,0.9999673932257813
combined_overall,0.10402529867690333,1.0,0.9999673932257813
combined_overall,0.10402852994524077,1.0,0.9999673932257813
combined_overall,0.10402960703468658,1.0,0.9999673932257813
combined_overall,0.10403391539246985,1.0,0.9999673932257813
combined_overall,0.10405545718138617,1.0,0.9999673932257813
combined_overall,0.1040576113602778,1.0,0.9999673932257813
combined_overall,0.10406838225473596,1.0,0.9999673932257813
combined_overall,0.1040705364336276,1.0,0.9999673932257813
combined_overall,0.10407592188085667,1.0,0.9999673932257813
combined_overall,0.10407807605974831,1.0,0.9999673932257813
combined_overall,0.10408130732808575,1.0,0.9999673932257813
combined_overall,0.10408346150697738,1.0,0.9999673932257813
combined_overall,0.10408992404365228,1.0,0.9999673932257813
combined_overall,0.10411685127979768,1.0,0.9999673932257813
combined_overall,0.10412115963758094,1.0,0.9999673932257813
combined_overall,0.10413408471093073,1.0,0.9999673932257813
combined_overall,0.10413623888982236,1.0,0.9999673932257813
combined_overall,0.104138393068714,1.0,0.9999673932257813
combined_overall,0.10414270142649726,1.0,0.9999673932257813
combined_overall,0.10414377851594307,1.0,0.9999673932257813
combined_overall,0.10414593269483471,1.0,0.9999673932257813
combined_overall,0.10414808687372634,1.0,0.9999673932257813
combined_overall,0.10415024105261797,1.0,0.9999673932257813
combined_overall,0.10415239523150961,1.0,0.9999673932257813
combined_overall,0.10415454941040124,1.0,0.9999673932257813
combined_overall,0.10418793918322153,1.0,0.9999673932257813
combined_overall,0.10419009336211316,1.0,0.9999673932257813
combined_overall,0.1041987100776797,1.0,0.9999673932257813
combined_overall,0.10420086425657132,1.0,0.9999673932257813
combined_overall,0.10422348313493346,1.0,0.9999673932257813
combined_overall,0.10422779149271671,1.0,0.9999673932257813
combined_overall,0.10423102276105417,1.0,0.9999673932257813
combined_overall,0.1042331769399458,1.0,0.9999673932257813
combined_overall,0.10423425402939161,1.0,0.9999673932257813
combined_overall,0.10423748529772907,1.0,0.9999673932257813
combined_overall,0.10423856238717488,1.0,0.9999673932257813
combined_overall,0.10424394783440397,1.0,0.9999673932257813
combined_overall,0.10425041037107885,1.0,0.9999673932257813
combined_overall,0.1042536416394163,1.0,0.9999673932257813
combined_overall,0.10425687290775375,1.0,0.9999673932257813
combined_overall,0.10426333544442865,1.0,0.9999673932257813
combined_overall,0.10426548962332027,1.0,0.9999673932257813
combined_overall,0.10426764380221192,1.0,0.9999673932257813
combined_overall,0.10428164596500752,1.0,0.9999673932257813
combined_overall,0.10428380014389915,1.0,0.9999673932257813
combined_overall,0.1042945710383573,1.0,0.9999673932257813
combined_overall,0.10429672521724895,1.0,0.9999673932257813
combined_overall,0.10429887939614058,1.0,0.9999673932257813
combined_overall,0.1043010335750322,1.0,0.9999673932257813
combined_overall,0.10430426484336966,1.0,0.9999673932257813
combined_overall,0.10430641902226129,1.0,0.9999673932257813
combined_overall,0.1043204211850569,1.0,0.9999673932257813
combined_overall,0.10432365245339434,1.0,0.9999673932257813
combined_overall,0.10432472954284015,1.0,0.9999673932257813
combined_overall,0.10432688372173178,1.0,0.9999673932257813
combined_overall,0.10433119207951505,1.0,0.9999673932257813
combined_overall,0.10433442334785249,1.0,0.9999673932257813
combined_overall,0.1043419629739732,1.0,0.9999673932257813
combined_overall,0.10434519424231066,1.0,0.9999673932257813
combined_overall,0.10434734842120229,1.0,0.9999673932257813
combined_overall,0.10434950260009392,1.0,0.9999673932257813
combined_overall,0.10436027349455208,1.0,0.9999673932257813
combined_overall,0.10436242767344371,1.0,0.9999673932257813
combined_overall,0.10437966110457676,1.0,0.9999673932257813
combined_overall,0.10438612364125166,1.0,0.9999673932257813
combined_overall,0.10439043199903493,1.0,0.9999673932257813
combined_overall,0.10439474035681819,1.0,0.9999673932257813
combined_overall,0.10440335707238473,1.0,0.9999673932257813
combined_overall,0.10440551125127635,1.0,0.9999673932257813
combined_overall,0.10441520505628869,1.0,0.9999673932257813
combined_overall,0.10441735923518032,1.0,0.9999673932257813
combined_overall,0.10443028430853012,1.0,0.9999673932257813
combined_overall,0.10443351557686757,1.0,0.9999673932257813
combined_overall,0.10443997811354246,1.0,0.9999673932257813
combined_overall,0.10444536356077154,1.0,0.9999673932257813
combined_overall,0.10446259699190459,1.0,0.9999673932257813
combined_overall,0.1044830616913751,1.0,0.9999673932257813
combined_overall,0.10448521587026673,1.0,0.9999673932257813
combined_overall,0.10448629295971254,1.0,0.9999673932257813
combined_overall,0.10448844713860418,1.0,0.9999673932257813
combined_overall,0.10449060131749581,1.0,0.9999673932257813
combined_overall,0.10449275549638744,1.0,0.9999673932257813
combined_overall,0.10449383258583325,1.0,0.9999673932257813
combined_overall,0.10449814094361652,1.0,0.9999673932257813
combined_overall,0.10450783474862886,1.0,0.9999673932257813
combined_overall,0.1045099889275205,1.0,0.9999673932257813
combined_overall,0.10451429728530376,1.0,0.9999673932257813
combined_overall,0.10451645146419539,1.0,0.9999673932257813
combined_overall,0.10451968273253284,1.0,0.9999673932257813
combined_overall,0.10452829944809937,1.0,0.9999673932257813
combined_overall,0.10453583907422008,1.0,0.9999673932257813
combined_overall,0.1045444557897866,1.0,0.9999673932257813
combined_overall,0.10454660996867823,1.0,0.9999673932257813
combined_overall,0.10455953504202803,1.0,0.9999673932257813
combined_overall,0.1045638433998113,1.0,0.9999673932257813
combined_overall,0.10456707466814874,1.0,0.9999673932257813
combined_overall,0.10457138302593201,1.0,0.9999673932257813
combined_overall,0.10457892265205272,1.0,0.9999673932257813
combined_overall,0.10458646227817343,1.0,0.9999673932257813
combined_overall,0.10461662078265628,1.0,0.9999673932257813
combined_overall,0.10461877496154791,1.0,0.9999673932257813
combined_overall,0.10465755018159728,1.0,0.9999673932257813
combined_overall,0.10465970436048891,1.0,0.9999673932257813
combined_overall,0.10466401271827218,1.0,0.9999673932257813
combined_overall,0.10467693779162197,1.0,0.9999673932257813
combined_overall,0.10468986286497176,1.0,0.9999673932257813
combined_overall,0.1046920170438634,1.0,0.9999673932257813
combined_overall,0.10471571301167135,1.0,0.9999673932257813
combined_overall,0.10472432972723787,1.0,0.9999673932257813
combined_overall,0.10472540681668369,1.0,0.9999673932257813
combined_overall,0.10472756099557531,1.0,0.9999673932257813
combined_overall,0.10474694860560001,1.0,0.9999673932257813
combined_overall,0.10475233405282908,1.0,0.9999673932257813
combined_overall,0.10476849039451633,1.0,0.9999673932257813
combined_overall,0.10477064457340796,1.0,0.9999673932257813
combined_overall,0.1047738758417454,1.0,0.9999673932257813
combined_overall,0.10477603002063704,1.0,0.9999673932257813
combined_overall,0.10482988449292784,1.0,0.9999673932257813
combined_overall,0.10483311576126528,1.0,0.9999673932257813
combined_overall,0.10483957829794018,1.0,0.9999673932257813
combined_overall,0.1048417324768318,1.0,0.9999673932257813
combined_overall,0.10484496374516926,1.0,0.9999673932257813
combined_overall,0.10490528075413495,1.0,0.9999673932257813
combined_overall,0.10491497455914729,1.0,0.9999673932257813
combined_overall,0.10491712873803892,1.0,0.9999673932257813
combined_overall,0.1049289767219429,1.0,0.9999673932257813
combined_overall,0.10493113090083453,1.0,0.9999673932257813
combined_overall,0.10494621015307595,1.0,0.9999673932257813
combined_overall,0.10494836433196758,1.0,0.9999673932257813
combined_overall,0.10496128940531738,1.0,0.9999673932257813
combined_overall,0.10496559776310063,1.0,0.9999673932257813
combined_overall,0.10497313738922134,1.0,0.9999673932257813
combined_overall,0.10497529156811299,1.0,0.9999673932257813
combined_overall,0.10498498537312533,1.0,0.9999673932257813
combined_overall,0.10498821664146277,1.0,0.9999673932257813
combined_overall,0.10503668566652449,1.0,0.9999673932257813
combined_overall,0.10503883984541612,1.0,0.9999673932257813
combined_overall,0.10506468999211571,1.0,0.9999673932257813
combined_overall,0.10506792126045315,1.0,0.9999673932257813
combined_overall,0.10508407760214039,1.0,0.9999673932257813
combined_overall,0.10508730887047785,1.0,0.9999673932257813
combined_overall,0.10509592558604437,1.0,0.9999673932257813
combined_overall,0.105098079764936,1.0,0.9999673932257813
combined_overall,0.10511315901717742,1.0,0.9999673932257813
combined_overall,0.10511531319606905,1.0,0.9999673932257813
combined_overall,0.1051325466272021,1.0,0.9999673932257813
combined_overall,0.10513470080609374,1.0,0.9999673932257813
combined_overall,0.10514331752166027,1.0,0.9999673932257813
combined_overall,0.10514654878999771,1.0,0.9999673932257813
combined_overall,0.10516270513168495,1.0,0.9999673932257813
combined_overall,0.10516701348946822,1.0,0.9999673932257813
combined_overall,0.10519178654672198,1.0,0.9999673932257813
combined_overall,0.10519609490450525,1.0,0.9999673932257813
combined_overall,0.10521655960397576,1.0,0.9999673932257813
combined_overall,0.10521871378286739,1.0,0.9999673932257813
combined_overall,0.10522733049843391,1.0,0.9999673932257813
combined_overall,0.10523056176677135,1.0,0.9999673932257813
combined_overall,0.10523487012455462,1.0,0.9999673932257813
combined_overall,0.10523810139289207,1.0,0.9999673932257813
combined_overall,0.10525641191347095,1.0,0.9999673932257813
combined_overall,0.10525856609236257,1.0,0.9999673932257813
combined_overall,0.10530380384908684,1.0,0.9999673932257813
combined_overall,0.10530595802797847,1.0,0.9999673932257813
combined_overall,0.10531026638576174,1.0,0.9999673932257813
combined_overall,0.10531242056465337,1.0,0.9999673932257813
combined_overall,0.10532642272744898,1.0,0.9999673932257813
combined_overall,0.1053285769063406,1.0,0.9999673932257813
combined_overall,0.10533611653246132,1.0,0.9999673932257813
combined_overall,0.10533827071135296,1.0,0.9999673932257813
combined_overall,0.10534688742691949,1.0,0.9999673932257813
combined_overall,0.10534904160581111,1.0,0.9999673932257813
combined_overall,0.10535873541082345,1.0,0.9999673932257813
combined_overall,0.10536412085805254,1.0,0.9999673932257813
combined_overall,0.1053888939153063,1.0,0.9999673932257813
combined_overall,0.10539104809419793,1.0,0.9999673932257813
combined_overall,0.10539212518364376,1.0,0.9999673932257813
combined_overall,0.10539427936253538,1.0,0.9999673932257813
combined_overall,0.10540397316754772,1.0,0.9999673932257813
combined_overall,0.10540612734643935,1.0,0.9999673932257813
combined_overall,0.1054158211514517,1.0,0.9999673932257813
combined_overall,0.10541797533034333,1.0,0.9999673932257813
combined_overall,0.10544490256648874,1.0,0.9999673932257813
combined_overall,0.10544705674538037,1.0,0.9999673932257813
combined_overall,0.10545567346094689,1.0,0.9999673932257813
combined_overall,0.10545782763983852,1.0,0.9999673932257813
combined_overall,0.10545998181873016,1.0,0.9999673932257813
combined_overall,0.10546429017651342,1.0,0.9999673932257813
combined_overall,0.10547290689207994,1.0,0.9999673932257813
combined_overall,0.10547506107097158,1.0,0.9999673932257813
combined_overall,0.10547829233930903,1.0,0.9999673932257813
combined_overall,0.10548690905487555,1.0,0.9999673932257813
combined_overall,0.10550952793323769,1.0,0.9999673932257813
combined_overall,0.10551168211212932,1.0,0.9999673932257813
combined_overall,0.10551275920157513,1.0,0.9999673932257813
combined_overall,0.10551491338046677,1.0,0.9999673932257813
combined_overall,0.1055170675593584,1.0,0.9999673932257813
combined_overall,0.10551922173825003,1.0,0.9999673932257813
combined_overall,0.10552137591714167,1.0,0.9999673932257813
combined_overall,0.1055235300960333,1.0,0.9999673932257813
combined_overall,0.10554076352716635,1.0,0.9999673932257813
combined_overall,0.10554291770605798,1.0,0.9999673932257813
combined_overall,0.10555368860051614,1.0,0.9999673932257813
combined_overall,0.10555584277940777,1.0,0.9999673932257813
combined_overall,0.10555907404774523,1.0,0.9999673932257813
combined_overall,0.10556122822663686,1.0,0.9999673932257813
combined_overall,0.10560646598336113,1.0,0.9999673932257813
combined_overall,0.10560862016225275,1.0,0.9999673932257813
combined_overall,0.1056118514305902,1.0,0.9999673932257813
combined_overall,0.10561508269892765,1.0,0.9999673932257813
combined_overall,0.1056193910567109,1.0,0.9999673932257813
combined_overall,0.10562369941449418,1.0,0.9999673932257813
combined_overall,0.10563770157728979,1.0,0.9999673932257813
combined_overall,0.10563985575618141,1.0,0.9999673932257813
combined_overall,0.10565924336620611,1.0,0.9999673932257813
combined_overall,0.10566247463454355,1.0,0.9999673932257813
combined_overall,0.10567432261844753,1.0,0.9999673932257813
combined_overall,0.10567647679733916,1.0,0.9999673932257813
combined_overall,0.10569047896013477,1.0,0.9999673932257813
combined_overall,0.1056926331390264,1.0,0.9999673932257813
combined_overall,0.1056990956757013,1.0,0.9999673932257813
combined_overall,0.10570124985459292,1.0,0.9999673932257813
combined_overall,0.10570232694403874,1.0,0.9999673932257813
combined_overall,0.10570448112293038,1.0,0.9999673932257813
combined_overall,0.10570771239126782,1.0,0.9999673932257813
combined_overall,0.10570986657015945,1.0,0.9999673932257813
combined_overall,0.10571094365960527,1.0,0.9999673932257813
combined_overall,0.10571525201738853,1.0,0.9999673932257813
combined_overall,0.10571848328572599,1.0,0.9999673932257813
combined_overall,0.10572171455406343,1.0,0.9999673932257813
combined_overall,0.10575295014799209,1.0,0.9999673932257813
combined_overall,0.10575510432688372,1.0,0.9999673932257813
combined_overall,0.10575833559522117,1.0,0.9999673932257813
combined_overall,0.1057604897741128,1.0,0.9999673932257813
combined_overall,0.10576802940023351,1.0,0.9999673932257813
combined_overall,0.10577018357912514,1.0,0.9999673932257813
combined_overall,0.1057798773841375,1.0,0.9999673932257813
combined_overall,0.10578203156302912,1.0,0.9999673932257813
combined_overall,0.1058078817097287,1.0,0.9999673932257813
combined_overall,0.10581542133584941,1.0,0.9999673932257813
combined_overall,0.10584019439310319,1.0,0.9999673932257813
combined_overall,0.10584450275088644,1.0,0.9999673932257813
combined_overall,0.10585096528756134,1.0,0.9999673932257813
combined_overall,0.10585311946645297,1.0,0.9999673932257813
combined_overall,0.10585527364534461,1.0,0.9999673932257813
combined_overall,0.10585742782423624,1.0,0.9999673932257813
combined_overall,0.1058617361820195,1.0,0.9999673932257813
combined_overall,0.10586389036091114,1.0,0.9999673932257813
combined_overall,0.10586819871869439,1.0,0.9999673932257813
combined_overall,0.10587035289758602,1.0,0.9999673932257813
combined_overall,0.10588650923927327,1.0,0.9999673932257813
combined_overall,0.1058886634181649,1.0,0.9999673932257813
combined_overall,0.10589835722317724,1.0,0.9999673932257813
combined_overall,0.1059015884915147,1.0,0.9999673932257813
combined_overall,0.10591128229652703,1.0,0.9999673932257813
combined_overall,0.10591343647541866,1.0,0.9999673932257813
combined_overall,0.1059360553537808,1.0,0.9999673932257813
combined_overall,0.10593820953267243,1.0,0.9999673932257813
combined_overall,0.10594574915879314,1.0,0.9999673932257813
combined_overall,0.1059500575165764,1.0,0.9999673932257813
combined_overall,0.10595328878491385,1.0,0.9999673932257813
combined_overall,0.10596190550048039,1.0,0.9999673932257813
combined_overall,0.10597590766327598,1.0,0.9999673932257813
combined_overall,0.10597913893161344,1.0,0.9999673932257813
combined_overall,0.1059899098260716,1.0,0.9999673932257813
combined_overall,0.10599314109440905,1.0,0.9999673932257813
combined_overall,0.10599852654163812,1.0,0.9999673932257813
combined_overall,0.10600068072052976,1.0,0.9999673932257813
combined_overall,0.10600498907831302,1.0,0.9999673932257813
combined_overall,0.10600714325720464,1.0,0.9999673932257813
combined_overall,0.1060232995988919,1.0,0.9999673932257813
combined_overall,0.10602545377778352,1.0,0.9999673932257813
combined_overall,0.10603299340390424,1.0,0.9999673932257813
combined_overall,0.10604161011947076,1.0,0.9999673932257813
combined_overall,0.10605022683503729,1.0,0.9999673932257813
combined_overall,0.10605238101392891,1.0,0.9999673932257813
combined_overall,0.10609331041286993,1.0,0.9999673932257813
combined_overall,0.10609546459176156,1.0,0.9999673932257813
combined_overall,0.10609977294954483,1.0,0.9999673932257813
combined_overall,0.10610408130732808,1.0,0.9999673932257813
combined_overall,0.10612023764901532,1.0,0.9999673932257813
combined_overall,0.10612239182790696,1.0,0.9999673932257813
combined_overall,0.10614285652737745,1.0,0.9999673932257813
combined_overall,0.10614608779571491,1.0,0.9999673932257813
combined_overall,0.10615039615349817,1.0,0.9999673932257813
combined_overall,0.10615901286906469,1.0,0.9999673932257813
combined_overall,0.10616762958463123,1.0,0.9999673932257813
combined_overall,0.10617086085296867,1.0,0.9999673932257813
combined_overall,0.10618163174742683,1.0,0.9999673932257813
combined_overall,0.10622471532525947,1.0,0.9999673932257813
combined_overall,0.10622794659359693,1.0,0.9999673932257813
combined_overall,0.1063141137492622,1.0,0.9999673932257813
combined_overall,0.1063345784487327,1.0,0.9999673932257813
combined_overall,0.10633673262762433,1.0,0.9999673932257813
combined_overall,0.10635288896931157,1.0,0.9999673932257813
combined_overall,0.10635719732709484,1.0,0.9999673932257813
combined_overall,0.10637227657933626,1.0,0.9999673932257813
combined_overall,0.10637658493711952,1.0,0.9999673932257813
combined_overall,0.10638627874213186,1.0,0.9999673932257813
combined_overall,0.1063884329210235,1.0,0.9999673932257813
combined_overall,0.10640782053104818,1.0,0.9999673932257813
combined_overall,0.1064099747099398,1.0,0.9999673932257813
combined_overall,0.10641428306772308,1.0,0.9999673932257813
combined_overall,0.1064164372466147,1.0,0.9999673932257813
combined_overall,0.1064293623199645,1.0,0.9999673932257813
combined_overall,0.10643151649885613,1.0,0.9999673932257813
combined_overall,0.10643690194608521,1.0,0.9999673932257813
combined_overall,0.10644121030386848,1.0,0.9999673932257813
combined_overall,0.10644767284054336,1.0,0.9999673932257813
combined_overall,0.1064562895561099,1.0,0.9999673932257813
combined_overall,0.10647136880835133,1.0,0.9999673932257813
combined_overall,0.10647460007668877,1.0,0.9999673932257813
combined_overall,0.10648644806059275,1.0,0.9999673932257813
combined_overall,0.10648967932893019,1.0,0.9999673932257813
combined_overall,0.10650906693895487,1.0,0.9999673932257813
combined_overall,0.10651122111784651,1.0,0.9999673932257813
combined_overall,0.106531685817317,1.0,0.9999673932257813
combined_overall,0.10653383999620865,1.0,0.9999673932257813
combined_overall,0.1065446108906668,1.0,0.9999673932257813
combined_overall,0.10654891924845007,1.0,0.9999673932257813
combined_overall,0.1065575359640166,1.0,0.9999673932257813
combined_overall,0.10655969014290823,1.0,0.9999673932257813
combined_overall,0.10657261521625802,1.0,0.9999673932257813
combined_overall,0.10657476939514965,1.0,0.9999673932257813
combined_overall,0.10657907775293292,1.0,0.9999673932257813
combined_overall,0.10658123193182455,1.0,0.9999673932257813
combined_overall,0.10658554028960782,1.0,0.9999673932257813
combined_overall,0.10658877155794526,1.0,0.9999673932257813
combined_overall,0.10659954245240341,1.0,0.9999673932257813
combined_overall,0.10660169663129505,1.0,0.9999673932257813
combined_overall,0.10661246752575321,1.0,0.9999673932257813
combined_overall,0.10661462170464484,1.0,0.9999673932257813
combined_overall,0.10663400931466953,1.0,0.9999673932257813
combined_overall,0.10663616349356116,1.0,0.9999673932257813
combined_overall,0.10665878237192329,1.0,0.9999673932257813
combined_overall,0.10666093655081492,1.0,0.9999673932257813
combined_overall,0.10667386162416471,1.0,0.9999673932257813
combined_overall,0.10668247833973124,1.0,0.9999673932257813
combined_overall,0.10668894087640614,1.0,0.9999673932257813
combined_overall,0.10669109505529777,1.0,0.9999673932257813
combined_overall,0.10670725139698502,1.0,0.9999673932257813
combined_overall,0.10670940557587665,1.0,0.9999673932257813
combined_overall,0.10673417863313041,1.0,0.9999673932257813
combined_overall,0.10673956408035949,1.0,0.9999673932257813
combined_overall,0.1067406411698053,1.0,0.9999673932257813
combined_overall,0.10674279534869693,1.0,0.9999673932257813
combined_overall,0.10675033497481765,1.0,0.9999673932257813
combined_overall,0.10675248915370929,1.0,0.9999673932257813
combined_overall,0.10676326004816744,1.0,0.9999673932257813
combined_overall,0.10676541422705907,1.0,0.9999673932257813
combined_overall,0.10677295385317978,1.0,0.9999673932257813
combined_overall,0.10677726221096305,1.0,0.9999673932257813
combined_overall,0.10677941638985468,1.0,0.9999673932257813
combined_overall,0.10678480183708376,1.0,0.9999673932257813
combined_overall,0.10678911019486702,1.0,0.9999673932257813
combined_overall,0.10679126437375866,1.0,0.9999673932257813
combined_overall,0.10679557273154192,1.0,0.9999673932257813
combined_overall,0.10679772691043354,1.0,0.9999673932257813
combined_overall,0.10683327086214547,1.0,0.9999673932257813
combined_overall,0.1068354250410371,1.0,0.9999673932257813
combined_overall,0.10683973339882037,1.0,0.9999673932257813
combined_overall,0.106841887577712,1.0,0.9999673932257813
combined_overall,0.1068688148138574,1.0,0.9999673932257813
combined_overall,0.10687096899274903,1.0,0.9999673932257813
combined_overall,0.1068817398872072,1.0,0.9999673932257813
combined_overall,0.10688604824499046,1.0,0.9999673932257813
combined_overall,0.10689143369221954,1.0,0.9999673932257813
combined_overall,0.1068957420500028,1.0,0.9999673932257813
combined_overall,0.10690005040778607,1.0,0.9999673932257813
combined_overall,0.1069022045866777,1.0,0.9999673932257813
combined_overall,0.10691512966002749,1.0,0.9999673932257813
combined_overall,0.10691728383891912,1.0,0.9999673932257813
combined_overall,0.10692590055448564,1.0,0.9999673932257813
combined_overall,0.10692805473337728,1.0,0.9999673932257813
combined_overall,0.10695067361173942,1.0,0.9999673932257813
combined_overall,0.10695390488007686,1.0,0.9999673932257813
combined_overall,0.10697975502677644,1.0,0.9999673932257813
combined_overall,0.10698837174234298,1.0,0.9999673932257813
combined_overall,0.10699591136846369,1.0,0.9999673932257813
combined_overall,0.10700021972624695,1.0,0.9999673932257813
combined_overall,0.10700237390513857,1.0,0.9999673932257813
combined_overall,0.1070034509945844,1.0,0.9999673932257813
combined_overall,0.10700560517347603,1.0,0.9999673932257813
combined_overall,0.10701422188904255,1.0,0.9999673932257813
combined_overall,0.10701745315738,1.0,0.9999673932257813
combined_overall,0.10702606987294652,1.0,0.9999673932257813
combined_overall,0.10703037823072979,1.0,0.9999673932257813
combined_overall,0.10703253240962142,1.0,0.9999673932257813
combined_overall,0.10703468658851306,1.0,0.9999673932257813
combined_overall,0.10703684076740469,1.0,0.9999673932257813
combined_overall,0.10704007203574213,1.0,0.9999673932257813
combined_overall,0.10704222621463377,1.0,0.9999673932257813
combined_overall,0.10705622837742937,1.0,0.9999673932257813
combined_overall,0.10705838255632101,1.0,0.9999673932257813
combined_overall,0.10709284941858711,1.0,0.9999673932257813
combined_overall,0.10709715777637038,1.0,0.9999673932257813
combined_overall,0.10711977665473252,1.0,0.9999673932257813
combined_overall,0.10712193083362415,1.0,0.9999673932257813
combined_overall,0.10714131844364884,1.0,0.9999673932257813
combined_overall,0.10714347262254047,1.0,0.9999673932257813
combined_overall,0.10715855187478189,1.0,0.9999673932257813
combined_overall,0.10716286023256515,1.0,0.9999673932257813
combined_overall,0.10716501441145679,1.0,0.9999673932257813
combined_overall,0.10716716859034842,1.0,0.9999673932257813
combined_overall,0.10719194164760218,1.0,0.9999673932257813
combined_overall,0.10719732709483126,1.0,0.9999673932257813
combined_overall,0.10720378963150616,1.0,0.9999673932257813
combined_overall,0.10720594381039779,1.0,0.9999673932257813
combined_overall,0.1072070208998436,1.0,0.9999673932257813
combined_overall,0.10720917507873524,1.0,0.9999673932257813
combined_overall,0.10722210015208503,1.0,0.9999673932257813
combined_overall,0.10722425433097667,1.0,0.9999673932257813
combined_overall,0.10723071686765155,1.0,0.9999673932257813
combined_overall,0.10723610231488064,1.0,0.9999673932257813
combined_overall,0.10728457133994235,1.0,0.9999673932257813
combined_overall,0.10728672551883399,1.0,0.9999673932257813
combined_overall,0.10730503603941285,1.0,0.9999673932257813
combined_overall,0.10730719021830448,1.0,0.9999673932257813
combined_overall,0.10732011529165428,1.0,0.9999673932257813
combined_overall,0.1073222694705459,1.0,0.9999673932257813
combined_overall,0.10735135088558294,1.0,0.9999673932257813
combined_overall,0.10735565924336621,1.0,0.9999673932257813
combined_overall,0.10737504685339089,1.0,0.9999673932257813
combined_overall,0.10737720103228253,1.0,0.9999673932257813
combined_overall,0.10738797192674068,1.0,0.9999673932257813
combined_overall,0.10739120319507814,1.0,0.9999673932257813
combined_overall,0.107409513715657,1.0,0.9999673932257813
combined_overall,0.10741166789454863,1.0,0.9999673932257813
combined_overall,0.10743967222013985,1.0,0.9999673932257813
combined_overall,0.10749998922910554,1.0,0.9999673932257813
combined_overall,0.10750752885522626,1.0,0.9999673932257813
combined_overall,0.10750968303411788,1.0,0.9999673932257813
combined_overall,0.10751399139190115,1.0,0.9999673932257813
combined_overall,0.10753553318081747,1.0,0.9999673932257813
combined_overall,0.107544149896384,1.0,0.9999673932257813
combined_overall,0.10754953534361307,1.0,0.9999673932257813
combined_overall,0.10755168952250471,1.0,0.9999673932257813
combined_overall,0.10755384370139634,1.0,0.9999673932257813
combined_overall,0.1075646145958545,1.0,0.9999673932257813
combined_overall,0.1075786167586501,1.0,0.9999673932257813
combined_overall,0.10758184802698756,1.0,0.9999673932257813
combined_overall,0.10760662108424132,1.0,0.9999673932257813
combined_overall,0.10761092944202458,1.0,0.9999673932257813
combined_overall,0.10762385451537437,1.0,0.9999673932257813
combined_overall,0.107626008694266,1.0,0.9999673932257813
combined_overall,0.10763139414149508,1.0,0.9999673932257813
combined_overall,0.10763354832038671,1.0,0.9999673932257813
combined_overall,0.10763785667816998,1.0,0.9999673932257813
combined_overall,0.10764001085706161,1.0,0.9999673932257813
combined_overall,0.10766047555653212,1.0,0.9999673932257813
combined_overall,0.10766262973542375,1.0,0.9999673932257813
combined_overall,0.10770140495547312,1.0,0.9999673932257813
combined_overall,0.10770355913436476,1.0,0.9999673932257813
combined_overall,0.10771109876048547,1.0,0.9999673932257813
combined_overall,0.1077132529393771,1.0,0.9999673932257813
combined_overall,0.10772294674438944,1.0,0.9999673932257813
combined_overall,0.10772510092328107,1.0,0.9999673932257813
combined_overall,0.10774879689108903,1.0,0.9999673932257813
combined_overall,0.10775095106998066,1.0,0.9999673932257813
combined_overall,0.1077541823383181,1.0,0.9999673932257813
combined_overall,0.10775741360665556,1.0,0.9999673932257813
combined_overall,0.10776495323277627,1.0,0.9999673932257813
combined_overall,0.10777249285889698,1.0,0.9999673932257813
combined_overall,0.1078144993472838,1.0,0.9999673932257813
combined_overall,0.10781665352617542,1.0,0.9999673932257813
combined_overall,0.10781773061562125,1.0,0.9999673932257813
combined_overall,0.10781988479451288,1.0,0.9999673932257813
combined_overall,0.10783388695730849,1.0,0.9999673932257813
combined_overall,0.10783604113620011,1.0,0.9999673932257813
combined_overall,0.10783927240453756,1.0,0.9999673932257813
combined_overall,0.1078414265834292,1.0,0.9999673932257813
combined_overall,0.10785219747788735,1.0,0.9999673932257813
combined_overall,0.10785435165677898,1.0,0.9999673932257813
combined_overall,0.10785758292511644,1.0,0.9999673932257813
combined_overall,0.10785973710400806,1.0,0.9999673932257813
combined_overall,0.10786081419345388,1.0,0.9999673932257813
combined_overall,0.10786619964068296,1.0,0.9999673932257813
combined_overall,0.10787050799846623,1.0,0.9999673932257813
combined_overall,0.1078823559823702,1.0,0.9999673932257813
combined_overall,0.10788774142959928,1.0,0.9999673932257813
combined_overall,0.1078888185190451,1.0,0.9999673932257813
combined_overall,0.10789420396627418,1.0,0.9999673932257813
combined_overall,0.10789528105572,1.0,0.9999673932257813
combined_overall,0.10790174359239489,1.0,0.9999673932257813
combined_overall,0.10790389777128652,1.0,0.9999673932257813
combined_overall,0.10791466866574467,1.0,0.9999673932257813
combined_overall,0.1079157457551905,1.0,0.9999673932257813
combined_overall,0.10792220829186538,1.0,0.9999673932257813
combined_overall,0.10798037112193945,1.0,0.9999673932257813
combined_overall,0.10798252530083108,1.0,0.9999673932257813
combined_overall,0.10800945253697648,1.0,0.9999673932257813
combined_overall,0.10801160671586811,1.0,0.9999673932257813
combined_overall,0.1080245317892179,1.0,0.9999673932257813
combined_overall,0.10802668596810953,1.0,0.9999673932257813
combined_overall,0.10802884014700116,1.0,0.9999673932257813
combined_overall,0.10803530268367606,1.0,0.9999673932257813
combined_overall,0.10804607357813423,1.0,0.9999673932257813
combined_overall,0.10804822775702586,1.0,0.9999673932257813
combined_overall,0.10806007574092982,1.0,0.9999673932257813
combined_overall,0.10806222991982146,1.0,0.9999673932257813
combined_overall,0.10806869245649636,1.0,0.9999673932257813
combined_overall,0.10807084663538799,1.0,0.9999673932257813
combined_overall,0.10810746767654573,1.0,0.9999673932257813
combined_overall,0.10810962185543736,1.0,0.9999673932257813
combined_overall,0.10811393021322063,1.0,0.9999673932257813
combined_overall,0.10811608439211226,1.0,0.9999673932257813
combined_overall,0.10812146983934134,1.0,0.9999673932257813
combined_overall,0.1081257781971246,1.0,0.9999673932257813
combined_overall,0.10812793237601623,1.0,0.9999673932257813
combined_overall,0.1081322407337995,1.0,0.9999673932257813
combined_overall,0.10813331782324531,1.0,0.9999673932257813
combined_overall,0.10813762618102858,1.0,0.9999673932257813
combined_overall,0.10815809088049907,1.0,0.9999673932257813
combined_overall,0.10816239923828234,1.0,0.9999673932257813
combined_overall,0.1081731701327405,1.0,0.9999673932257813
combined_overall,0.10817532431163214,1.0,0.9999673932257813
combined_overall,0.10819148065331938,1.0,0.9999673932257813
combined_overall,0.10820440572666916,1.0,0.9999673932257813
combined_overall,0.10823241005226038,1.0,0.9999673932257813
combined_overall,0.10823564132059783,1.0,0.9999673932257813
combined_overall,0.10823779549948946,1.0,0.9999673932257813
combined_overall,0.10823994967838109,1.0,0.9999673932257813
combined_overall,0.10825072057283926,1.0,0.9999673932257813
combined_overall,0.10825287475173088,1.0,0.9999673932257813
combined_overall,0.10827764780898465,1.0,0.9999673932257813
combined_overall,0.1082808790773221,1.0,0.9999673932257813
combined_overall,0.10828518743510536,1.0,0.9999673932257813
combined_overall,0.10828734161399699,1.0,0.9999673932257813
combined_overall,0.10830565213457587,1.0,0.9999673932257813
combined_overall,0.1083078063134675,1.0,0.9999673932257813
combined_overall,0.10831103758180495,1.0,0.9999673932257813
combined_overall,0.10831319176069658,1.0,0.9999673932257813
combined_overall,0.10832073138681729,1.0,0.9999673932257813
combined_overall,0.10832288556570892,1.0,0.9999673932257813
combined_overall,0.10834442735462524,1.0,0.9999673932257813
combined_overall,0.10836596914354156,1.0,0.9999673932257813
combined_overall,0.10836812332243319,1.0,0.9999673932257813
combined_overall,0.10838966511134951,1.0,0.9999673932257813
combined_overall,0.10840366727414512,1.0,0.9999673932257813
combined_overall,0.10840582145303675,1.0,0.9999673932257813
combined_overall,0.10842844033139888,1.0,0.9999673932257813
combined_overall,0.10843059451029051,1.0,0.9999673932257813
combined_overall,0.1084359799575196,1.0,0.9999673932257813
combined_overall,0.10843813413641122,1.0,0.9999673932257813
combined_overall,0.10848121771424386,1.0,0.9999673932257813
combined_overall,0.10848552607202712,1.0,0.9999673932257813
combined_overall,0.10848660316147295,1.0,0.9999673932257813
combined_overall,0.10848983442981039,1.0,0.9999673932257813
combined_overall,0.10849198860870202,1.0,0.9999673932257813
combined_overall,0.10849629696648529,1.0,0.9999673932257813
combined_overall,0.10850168241371437,1.0,0.9999673932257813
combined_overall,0.10850491368205181,1.0,0.9999673932257813
combined_overall,0.10851999293429324,1.0,0.9999673932257813
combined_overall,0.10852214711318486,1.0,0.9999673932257813
combined_overall,0.10852645547096813,1.0,0.9999673932257813
combined_overall,0.10853076382875139,1.0,0.9999673932257813
combined_overall,0.10853722636542629,1.0,0.9999673932257813
combined_overall,0.10854261181265537,1.0,0.9999673932257813
combined_overall,0.10855445979655935,1.0,0.9999673932257813
combined_overall,0.10855876815434261,1.0,0.9999673932257813
combined_overall,0.10856630778046332,1.0,0.9999673932257813
combined_overall,0.10856846195935495,1.0,0.9999673932257813
combined_overall,0.10857600158547566,1.0,0.9999673932257813
combined_overall,0.1085781557643673,1.0,0.9999673932257813
combined_overall,0.10857923285381312,1.0,0.9999673932257813
combined_overall,0.10858246412215056,1.0,0.9999673932257813
combined_overall,0.10858569539048801,1.0,0.9999673932257813
combined_overall,0.1085921579271629,1.0,0.9999673932257813
combined_overall,0.10860508300051269,1.0,0.9999673932257813
combined_overall,0.10860723717940432,1.0,0.9999673932257813
combined_overall,0.1086126226266334,1.0,0.9999673932257813
combined_overall,0.10861477680552503,1.0,0.9999673932257813
combined_overall,0.10862985605776646,1.0,0.9999673932257813
combined_overall,0.1086320102366581,1.0,0.9999673932257813
combined_overall,0.10863954986277881,1.0,0.9999673932257813
combined_overall,0.1086664770989242,1.0,0.9999673932257813
combined_overall,0.10866970836726166,1.0,0.9999673932257813
combined_overall,0.10867186254615328,1.0,0.9999673932257813
combined_overall,0.10867832508282818,1.0,0.9999673932257813
combined_overall,0.10868801888784052,1.0,0.9999673932257813
combined_overall,0.1086934043350696,1.0,0.9999673932257813
combined_overall,0.10869878978229867,1.0,0.9999673932257813
combined_overall,0.10870202105063613,1.0,0.9999673932257813
combined_overall,0.10870525231897357,1.0,0.9999673932257813
combined_overall,0.10871279194509428,1.0,0.9999673932257813
combined_overall,0.10871817739232337,1.0,0.9999673932257813
combined_overall,0.10872140866066081,1.0,0.9999673932257813
combined_overall,0.10872463992899827,1.0,0.9999673932257813
combined_overall,0.10873325664456479,1.0,0.9999673932257813
combined_overall,0.10873971918123969,1.0,0.9999673932257813
combined_overall,0.10874510462846877,1.0,0.9999673932257813
combined_overall,0.1087472588073604,1.0,0.9999673932257813
combined_overall,0.10874833589680621,1.0,0.9999673932257813
combined_overall,0.10875049007569784,1.0,0.9999673932257813
combined_overall,0.1087537213440353,1.0,0.9999673932257813
combined_overall,0.10875587552292693,1.0,0.9999673932257813
combined_overall,0.10875695261237274,1.0,0.9999673932257813
combined_overall,0.1087601838807102,1.0,0.9999673932257813
combined_overall,0.10876126097015601,1.0,0.9999673932257813
combined_overall,0.10876987768572254,1.0,0.9999673932257813
combined_overall,0.10878064858018069,1.0,0.9999673932257813
combined_overall,0.10878280275907233,1.0,0.9999673932257813
combined_overall,0.10885389066249618,1.0,0.9999673932257813
combined_overall,0.1088560448413878,1.0,0.9999673932257813
combined_overall,0.10886466155695433,1.0,0.9999673932257813
combined_overall,0.10887112409362923,1.0,0.9999673932257813
combined_overall,0.10887866371974994,1.0,0.9999673932257813
combined_overall,0.10888081789864157,1.0,0.9999673932257813
combined_overall,0.10888297207753321,1.0,0.9999673932257813
combined_overall,0.10888835752476228,1.0,0.9999673932257813
combined_overall,0.10891743893979931,1.0,0.9999673932257813
combined_overall,0.10891959311869095,1.0,0.9999673932257813
combined_overall,0.1089432890864989,1.0,0.9999673932257813
combined_overall,0.10895298289151124,1.0,0.9999673932257813
combined_overall,0.10898960393266899,1.0,0.9999673932257813
combined_overall,0.10899175811156062,1.0,0.9999673932257813
combined_overall,0.10899283520100643,1.0,0.9999673932257813
combined_overall,0.10899498937989806,1.0,0.9999673932257813
combined_overall,0.10899606646934389,1.0,0.9999673932257813
combined_overall,0.10899822064823551,1.0,0.9999673932257813
combined_overall,0.10900037482712714,1.0,0.9999673932257813
combined_overall,0.1090036060954646,1.0,0.9999673932257813
combined_overall,0.1090380729577307,1.0,0.9999673932257813
combined_overall,0.10904345840495978,1.0,0.9999673932257813
combined_overall,0.10906392310443029,1.0,0.9999673932257813
combined_overall,0.10906715437276773,1.0,0.9999673932257813
combined_overall,0.10908438780390078,1.0,0.9999673932257813
combined_overall,0.10908654198279241,1.0,0.9999673932257813
combined_overall,0.10908869616168405,1.0,0.9999673932257813
combined_overall,0.10909085034057568,1.0,0.9999673932257813
combined_overall,0.1091059295928171,1.0,0.9999673932257813
combined_overall,0.10911131504004619,1.0,0.9999673932257813
combined_overall,0.109112392129492,1.0,0.9999673932257813
combined_overall,0.10911454630838363,1.0,0.9999673932257813
combined_overall,0.10912208593450434,1.0,0.9999673932257813
combined_overall,0.1091253172028418,1.0,0.9999673932257813
combined_overall,0.10913824227619158,1.0,0.9999673932257813
combined_overall,0.10914039645508322,1.0,0.9999673932257813
combined_overall,0.10916193824399953,1.0,0.9999673932257813
combined_overall,0.10916409242289117,1.0,0.9999673932257813
combined_overall,0.10918455712236166,1.0,0.9999673932257813
combined_overall,0.1091867113012533,1.0,0.9999673932257813
combined_overall,0.10919101965903656,1.0,0.9999673932257813
combined_overall,0.10919425092737402,1.0,0.9999673932257813
combined_overall,0.10921040726906125,1.0,0.9999673932257813
combined_overall,0.10921256144795288,1.0,0.9999673932257813
combined_overall,0.10921471562684451,1.0,0.9999673932257813
combined_overall,0.10921686980573615,1.0,0.9999673932257813
combined_overall,0.10922871778964012,1.0,0.9999673932257813
combined_overall,0.10923087196853175,1.0,0.9999673932257813
combined_overall,0.1092341032368692,1.0,0.9999673932257813
combined_overall,0.10923625741576083,1.0,0.9999673932257813
combined_overall,0.10924379704188154,1.0,0.9999673932257813
combined_overall,0.10924595122077317,1.0,0.9999673932257813
combined_overall,0.10925241375744807,1.0,0.9999673932257813
combined_overall,0.10925456793633971,1.0,0.9999673932257813
combined_overall,0.10927180136747276,1.0,0.9999673932257813
combined_overall,0.10927395554636439,1.0,0.9999673932257813
combined_overall,0.1092814951724851,1.0,0.9999673932257813
combined_overall,0.10928364935137673,1.0,0.9999673932257813
combined_overall,0.10933104128699264,1.0,0.9999673932257813
combined_overall,0.10933319546588427,1.0,0.9999673932257813
combined_overall,0.10933642673422171,1.0,0.9999673932257813
combined_overall,0.10933858091311335,1.0,0.9999673932257813
combined_overall,0.10937089359648783,1.0,0.9999673932257813
combined_overall,0.10937304777537946,1.0,0.9999673932257813
combined_overall,0.10937520195427108,1.0,0.9999673932257813
combined_overall,0.10938166449094598,1.0,0.9999673932257813
combined_overall,0.10938381866983762,1.0,0.9999673932257813
combined_overall,0.10939028120651251,1.0,0.9999673932257813
combined_overall,0.10940428336930812,1.0,0.9999673932257813
combined_overall,0.10940643754819976,1.0,0.9999673932257813
combined_overall,0.10944952112603239,1.0,0.9999673932257813
combined_overall,0.10945382948381566,1.0,0.9999673932257813
combined_overall,0.10946460037827381,1.0,0.9999673932257813
combined_overall,0.10946675455716545,1.0,0.9999673932257813
combined_overall,0.10950337559832318,1.0,0.9999673932257813
combined_overall,0.10950552977721482,1.0,0.9999673932257813
combined_overall,0.10951199231388971,1.0,0.9999673932257813
combined_overall,0.10951414649278135,1.0,0.9999673932257813
combined_overall,0.10954538208671001,1.0,0.9999673932257813
combined_overall,0.10954861335504745,1.0,0.9999673932257813
combined_overall,0.10954969044449327,1.0,0.9999673932257813
combined_overall,0.10955184462338491,1.0,0.9999673932257813
combined_overall,0.10962831797403784,1.0,0.9999673932257813
combined_overall,0.10963047215292947,1.0,0.9999673932257813
combined_overall,0.10963585760015855,1.0,0.9999673932257813
combined_overall,0.10963801177905018,1.0,0.9999673932257813
combined_overall,0.1096466284946167,1.0,0.9999673932257813
combined_overall,0.1096530910312916,1.0,0.9999673932257813
combined_overall,0.10965847647852069,1.0,0.9999673932257813
combined_overall,0.10966170774685813,1.0,0.9999673932257813
combined_overall,0.10966386192574976,1.0,0.9999673932257813
combined_overall,0.10966709319408721,1.0,0.9999673932257813
combined_overall,0.10967463282020792,1.0,0.9999673932257813
combined_overall,0.10967678699909955,1.0,0.9999673932257813
combined_overall,0.10968001826743701,1.0,0.9999673932257813
combined_overall,0.10968432662522026,1.0,0.9999673932257813
combined_overall,0.10969078916189516,1.0,0.9999673932257813
combined_overall,0.10969294334078679,1.0,0.9999673932257813
combined_overall,0.10969832878801587,1.0,0.9999673932257813
combined_overall,0.1097004829669075,1.0,0.9999673932257813
combined_overall,0.10970479132469077,1.0,0.9999673932257813
combined_overall,0.1097069455035824,1.0,0.9999673932257813
combined_overall,0.10972525602416128,1.0,0.9999673932257813
combined_overall,0.1097274102030529,1.0,0.9999673932257813
combined_overall,0.10972848729249872,1.0,0.9999673932257813
combined_overall,0.10973171856083616,1.0,0.9999673932257813
combined_overall,0.1097338727397278,1.0,0.9999673932257813
combined_overall,0.10974033527640269,1.0,0.9999673932257813
combined_overall,0.10975972288642738,1.0,0.9999673932257813
combined_overall,0.10976295415476482,1.0,0.9999673932257813
combined_overall,0.10976510833365646,1.0,0.9999673932257813
combined_overall,0.10976726251254809,1.0,0.9999673932257813
combined_overall,0.1097748021386688,1.0,0.9999673932257813
combined_overall,0.10977695631756043,1.0,0.9999673932257813
combined_overall,0.10982650243206797,1.0,0.9999673932257813
combined_overall,0.10983188787929705,1.0,0.9999673932257813
combined_overall,0.1098351191476345,1.0,0.9999673932257813
combined_overall,0.10983727332652612,1.0,0.9999673932257813
combined_overall,0.10984050459486358,1.0,0.9999673932257813
combined_overall,0.10984265877375521,1.0,0.9999673932257813
combined_overall,0.10985666093655082,1.0,0.9999673932257813
combined_overall,0.10985881511544245,1.0,0.9999673932257813
combined_overall,0.10986420056267153,1.0,0.9999673932257813
combined_overall,0.10986743183100897,1.0,0.9999673932257813
combined_overall,0.10987174018879224,1.0,0.9999673932257813
combined_overall,0.10987389436768387,1.0,0.9999673932257813
combined_overall,0.10987927981491295,1.0,0.9999673932257813
combined_overall,0.10988143399380458,1.0,0.9999673932257813
combined_overall,0.10989435906715438,1.0,0.9999673932257813
combined_overall,0.109896513246046,1.0,0.9999673932257813
combined_overall,0.10990405287216672,1.0,0.9999673932257813
combined_overall,0.10990620705105834,1.0,0.9999673932257813
combined_overall,0.10991913212440814,1.0,0.9999673932257813
combined_overall,0.10992128630329977,1.0,0.9999673932257813
combined_overall,0.10992990301886629,1.0,0.9999673932257813
combined_overall,0.10993528846609538,1.0,0.9999673932257813
combined_overall,0.10994175100277027,1.0,0.9999673932257813
combined_overall,0.1099439051816619,1.0,0.9999673932257813
combined_overall,0.10994605936055354,1.0,0.9999673932257813
combined_overall,0.1099503677183368,1.0,0.9999673932257813
combined_overall,0.10995144480778261,1.0,0.9999673932257813
combined_overall,0.10995790734445751,1.0,0.9999673932257813
combined_overall,0.1099632927916866,1.0,0.9999673932257813
combined_overall,0.10996544697057822,1.0,0.9999673932257813
combined_overall,0.10996760114946985,1.0,0.9999673932257813
combined_overall,0.1099697553283615,1.0,0.9999673932257813
combined_overall,0.11001391599563994,1.0,0.9999673932257813
combined_overall,0.11001607017453158,1.0,0.9999673932257813
combined_overall,0.1100182243534232,1.0,0.9999673932257813
combined_overall,0.11002037853231483,1.0,0.9999673932257813
combined_overall,0.11002576397954392,1.0,0.9999673932257813
combined_overall,0.11002791815843554,1.0,0.9999673932257813
combined_overall,0.11003007233732719,1.0,0.9999673932257813
combined_overall,0.11003438069511044,1.0,0.9999673932257813
combined_overall,0.11003545778455626,1.0,0.9999673932257813
combined_overall,0.1100376119634479,1.0,0.9999673932257813
combined_overall,0.11005699957347258,1.0,0.9999673932257813
combined_overall,0.1100591537523642,1.0,0.9999673932257813
combined_overall,0.11008608098850961,1.0,0.9999673932257813
combined_overall,0.11008823516740124,1.0,0.9999673932257813
combined_overall,0.11009038934629288,1.0,0.9999673932257813
combined_overall,0.11009254352518451,1.0,0.9999673932257813
combined_overall,0.11009792897241359,1.0,0.9999673932257813
combined_overall,0.11010008315130522,1.0,0.9999673932257813
combined_overall,0.11011193113520919,1.0,0.9999673932257813
combined_overall,0.11011408531410083,1.0,0.9999673932257813
combined_overall,0.11011731658243827,1.0,0.9999673932257813
combined_overall,0.1101194707613299,1.0,0.9999673932257813
combined_overall,0.11012162494022154,1.0,0.9999673932257813
combined_overall,0.11012808747689642,1.0,0.9999673932257813
combined_overall,0.11013131874523388,1.0,0.9999673932257813
combined_overall,0.1101323958346797,1.0,0.9999673932257813
combined_overall,0.11013670419246296,1.0,0.9999673932257813
combined_overall,0.1101399354608004,1.0,0.9999673932257813
combined_overall,0.11014424381858368,1.0,0.9999673932257813
combined_overall,0.11014855217636693,1.0,0.9999673932257813
combined_overall,0.11015070635525856,1.0,0.9999673932257813
combined_overall,0.11015609180248764,1.0,0.9999673932257813
combined_overall,0.11015824598137927,1.0,0.9999673932257813
combined_overall,0.11016040016027091,1.0,0.9999673932257813
combined_overall,0.11016255433916254,1.0,0.9999673932257813
combined_overall,0.11017440232306652,1.0,0.9999673932257813
combined_overall,0.11017655650195815,1.0,0.9999673932257813
combined_overall,0.11018948157530795,1.0,0.9999673932257813
combined_overall,0.11019163575419957,1.0,0.9999673932257813
combined_overall,0.1102002524697661,1.0,0.9999673932257813
combined_overall,0.11020348373810354,1.0,0.9999673932257813
combined_overall,0.11020994627477844,1.0,0.9999673932257813
combined_overall,0.11021856299034496,1.0,0.9999673932257813
combined_overall,0.1102271797059115,1.0,0.9999673932257813
combined_overall,0.11022933388480313,1.0,0.9999673932257813
combined_overall,0.110247644405382,1.0,0.9999673932257813
combined_overall,0.11024979858427363,1.0,0.9999673932257813
combined_overall,0.11025087567371945,1.0,0.9999673932257813
combined_overall,0.11025518403150271,1.0,0.9999673932257813
combined_overall,0.11026164656817761,1.0,0.9999673932257813
combined_overall,0.11026595492596088,1.0,0.9999673932257813
combined_overall,0.1102950363409979,1.0,0.9999673932257813
combined_overall,0.11029934469878117,1.0,0.9999673932257813
combined_overall,0.11032088648769749,1.0,0.9999673932257813
combined_overall,0.11032627193492657,1.0,0.9999673932257813
combined_overall,0.11034565954495125,1.0,0.9999673932257813
combined_overall,0.11034781372384288,1.0,0.9999673932257813
combined_overall,0.11035750752885523,1.0,0.9999673932257813
combined_overall,0.11035966170774686,1.0,0.9999673932257813
combined_overall,0.11036612424442176,1.0,0.9999673932257813
combined_overall,0.11037150969165084,1.0,0.9999673932257813
combined_overall,0.1103898202122297,1.0,0.9999673932257813
combined_overall,0.11039951401724205,1.0,0.9999673932257813
combined_overall,0.11041567035892928,1.0,0.9999673932257813
combined_overall,0.11041782453782092,1.0,0.9999673932257813
combined_overall,0.11042213289560418,1.0,0.9999673932257813
combined_overall,0.11042428707449581,1.0,0.9999673932257813
combined_overall,0.1104372121478456,1.0,0.9999673932257813
combined_overall,0.11044044341618306,1.0,0.9999673932257813
combined_overall,0.11044906013174959,1.0,0.9999673932257813
combined_overall,0.11045121431064121,1.0,0.9999673932257813
combined_overall,0.11047921863623243,1.0,0.9999673932257813
combined_overall,0.1104846040834615,1.0,0.9999673932257813
combined_overall,0.11048568117290733,1.0,0.9999673932257813
combined_overall,0.11048783535179896,1.0,0.9999673932257813
combined_overall,0.11051583967739016,1.0,0.9999673932257813
combined_overall,0.11052230221406506,1.0,0.9999673932257813
combined_overall,0.11052553348240252,1.0,0.9999673932257813
combined_overall,0.11052768766129414,1.0,0.9999673932257813
combined_overall,0.11053307310852323,1.0,0.9999673932257813
combined_overall,0.11053522728741486,1.0,0.9999673932257813
combined_overall,0.11053738146630648,1.0,0.9999673932257813
combined_overall,0.11053953564519813,1.0,0.9999673932257813
combined_overall,0.11054922945021046,1.0,0.9999673932257813
combined_overall,0.11055138362910209,1.0,0.9999673932257813
combined_overall,0.1105524607185479,1.0,0.9999673932257813
combined_overall,0.11055461489743955,1.0,0.9999673932257813
combined_overall,0.11056215452356026,1.0,0.9999673932257813
combined_overall,0.11056430870245189,1.0,0.9999673932257813
combined_overall,0.11057400250746423,1.0,0.9999673932257813
combined_overall,0.11057615668635586,1.0,0.9999673932257813
combined_overall,0.11059554429638055,1.0,0.9999673932257813
combined_overall,0.11059769847527218,1.0,0.9999673932257813
combined_overall,0.11062677989030921,1.0,0.9999673932257813
combined_overall,0.11062893406920084,1.0,0.9999673932257813
combined_overall,0.11064401332144226,1.0,0.9999673932257813
combined_overall,0.1106461675003339,1.0,0.9999673932257813
combined_overall,0.11064724458977972,1.0,0.9999673932257813
combined_overall,0.11065586130534624,1.0,0.9999673932257813
combined_overall,0.11066124675257533,1.0,0.9999673932257813
combined_overall,0.11066770928925021,1.0,0.9999673932257813
combined_overall,0.11067632600481675,1.0,0.9999673932257813
combined_overall,0.11068494272038328,1.0,0.9999673932257813
combined_overall,0.11069894488317888,1.0,0.9999673932257813
combined_overall,0.11070109906207051,1.0,0.9999673932257813
combined_overall,0.11070325324096214,1.0,0.9999673932257813
combined_overall,0.11072048667209519,1.0,0.9999673932257813
combined_overall,0.11072479502987846,1.0,0.9999673932257813
combined_overall,0.11073341174544499,1.0,0.9999673932257813
combined_overall,0.11073556592433662,1.0,0.9999673932257813
combined_overall,0.1107538764449155,1.0,0.9999673932257813
combined_overall,0.11075818480269875,1.0,0.9999673932257813
combined_overall,0.11076680151826528,1.0,0.9999673932257813
combined_overall,0.11077110987604855,1.0,0.9999673932257813
combined_overall,0.11077434114438599,1.0,0.9999673932257813
combined_overall,0.11077757241272344,1.0,0.9999673932257813
combined_overall,0.11080342255942302,1.0,0.9999673932257813
combined_overall,0.11080557673831466,1.0,0.9999673932257813
combined_overall,0.11084758322670148,1.0,0.9999673932257813
combined_overall,0.1108497374055931,1.0,0.9999673932257813
combined_overall,0.11085296867393056,1.0,0.9999673932257813
combined_overall,0.11085512285282219,1.0,0.9999673932257813
combined_overall,0.1108626624789429,1.0,0.9999673932257813
combined_overall,0.11086481665783453,1.0,0.9999673932257813
combined_overall,0.11087127919450943,1.0,0.9999673932257813
combined_overall,0.11087343337340107,1.0,0.9999673932257813
combined_overall,0.11090251478843809,1.0,0.9999673932257813
combined_overall,0.11090574605677554,1.0,0.9999673932257813
combined_overall,0.11091328568289625,1.0,0.9999673932257813
combined_overall,0.11091759404067951,1.0,0.9999673932257813
combined_overall,0.11093482747181257,1.0,0.9999673932257813
combined_overall,0.1109779110496452,1.0,0.9999673932257813
combined_overall,0.11099622157022408,1.0,0.9999673932257813
combined_overall,0.11100268410689898,1.0,0.9999673932257813
combined_overall,0.11101884044858622,1.0,0.9999673932257813
combined_overall,0.11102099462747785,1.0,0.9999673932257813
combined_overall,0.11104038223750252,1.0,0.9999673932257813
combined_overall,0.11104253641639417,1.0,0.9999673932257813
combined_overall,0.11106838656309374,1.0,0.9999673932257813
combined_overall,0.11107054074198537,1.0,0.9999673932257813
combined_overall,0.11108023454699772,1.0,0.9999673932257813
combined_overall,0.11108238872588935,1.0,0.9999673932257813
combined_overall,0.11108885126256425,1.0,0.9999673932257813
combined_overall,0.11109100544145588,1.0,0.9999673932257813
combined_overall,0.11109208253090169,1.0,0.9999673932257813
combined_overall,0.11109531379923915,1.0,0.9999673932257813
combined_overall,0.11109746797813078,1.0,0.9999673932257813
combined_overall,0.11112331812483035,1.0,0.9999673932257813
combined_overall,0.111125472303722,1.0,0.9999673932257813
combined_overall,0.11112654939316781,1.0,0.9999673932257813
combined_overall,0.11112978066150525,1.0,0.9999673932257813
combined_overall,0.11113408901928852,1.0,0.9999673932257813
combined_overall,0.11114162864540923,1.0,0.9999673932257813
combined_overall,0.11114809118208413,1.0,0.9999673932257813
combined_overall,0.11115239953986739,1.0,0.9999673932257813
combined_overall,0.11115886207654228,1.0,0.9999673932257813
combined_overall,0.11116317043432555,1.0,0.9999673932257813
combined_overall,0.11116747879210881,1.0,0.9999673932257813
combined_overall,0.11116963297100044,1.0,0.9999673932257813
combined_overall,0.11119656020714584,1.0,0.9999673932257813
combined_overall,0.11120086856492911,1.0,0.9999673932257813
combined_overall,0.11120194565437493,1.0,0.9999673932257813
combined_overall,0.11120409983326655,1.0,0.9999673932257813
combined_overall,0.11121917908550798,1.0,0.9999673932257813
combined_overall,0.1112213332643996,1.0,0.9999673932257813
combined_overall,0.11122994997996613,1.0,0.9999673932257813
combined_overall,0.11123210415885777,1.0,0.9999673932257813
combined_overall,0.11125149176888245,1.0,0.9999673932257813
combined_overall,0.1112536459477741,1.0,0.9999673932257813
combined_overall,0.11125903139500316,1.0,0.9999673932257813
combined_overall,0.11126226266334062,1.0,0.9999673932257813
combined_overall,0.11126333975278643,1.0,0.9999673932257813
combined_overall,0.11126549393167806,1.0,0.9999673932257813
combined_overall,0.11128057318391948,1.0,0.9999673932257813
combined_overall,0.11128595863114857,1.0,0.9999673932257813
combined_overall,0.11128703572059438,1.0,0.9999673932257813
combined_overall,0.11129996079394418,1.0,0.9999673932257813
combined_overall,0.1113021149728358,1.0,0.9999673932257813
combined_overall,0.11131180877784815,1.0,0.9999673932257813
combined_overall,0.11132688803008957,1.0,0.9999673932257813
combined_overall,0.11133011929842702,1.0,0.9999673932257813
combined_overall,0.11133658183510191,1.0,0.9999673932257813
combined_overall,0.11133873601399355,1.0,0.9999673932257813
combined_overall,0.11135381526623497,1.0,0.9999673932257813
combined_overall,0.11135812362401823,1.0,0.9999673932257813
combined_overall,0.11136566325013894,1.0,0.9999673932257813
combined_overall,0.11136781742903058,1.0,0.9999673932257813
combined_overall,0.11140120720185087,1.0,0.9999673932257813
combined_overall,0.11140551555963413,1.0,0.9999673932257813
combined_overall,0.11143244279577953,1.0,0.9999673932257813
combined_overall,0.11143459697467116,1.0,0.9999673932257813
combined_overall,0.11145613876358748,1.0,0.9999673932257813
combined_overall,0.11146044712137075,1.0,0.9999673932257813
combined_overall,0.11147229510527472,1.0,0.9999673932257813
combined_overall,0.11147444928416636,1.0,0.9999673932257813
combined_overall,0.1114776805525038,1.0,0.9999673932257813
combined_overall,0.11147983473139543,1.0,0.9999673932257813
combined_overall,0.11150245360975757,1.0,0.9999673932257813
combined_overall,0.11150460778864921,1.0,0.9999673932257813
combined_overall,0.11150999323587828,1.0,0.9999673932257813
combined_overall,0.11151214741476992,1.0,0.9999673932257813
combined_overall,0.11151645577255317,1.0,0.9999673932257813
combined_overall,0.1115186099514448,1.0,0.9999673932257813
combined_overall,0.11152291830922807,1.0,0.9999673932257813
combined_overall,0.11152722666701134,1.0,0.9999673932257813
combined_overall,0.1115315350247946,1.0,0.9999673932257813
combined_overall,0.11153476629313204,1.0,0.9999673932257813
combined_overall,0.11154553718759021,1.0,0.9999673932257813
combined_overall,0.11154984554537346,1.0,0.9999673932257813
combined_overall,0.11156061643983163,1.0,0.9999673932257813
combined_overall,0.11156277061872326,1.0,0.9999673932257813
combined_overall,0.11157138733428978,1.0,0.9999673932257813
combined_overall,0.11157461860262724,1.0,0.9999673932257813
combined_overall,0.11157677278151887,1.0,0.9999673932257813
combined_overall,0.1115789269604105,1.0,0.9999673932257813
combined_overall,0.11161447091212243,1.0,0.9999673932257813
combined_overall,0.11162093344879732,1.0,0.9999673932257813
combined_overall,0.11162308762768895,1.0,0.9999673932257813
combined_overall,0.11162739598547222,1.0,0.9999673932257813
combined_overall,0.11163170434325548,1.0,0.9999673932257813
combined_overall,0.11163385852214712,1.0,0.9999673932257813
combined_overall,0.11163924396937619,1.0,0.9999673932257813
combined_overall,0.11164247523771365,1.0,0.9999673932257813
combined_overall,0.11164462941660527,1.0,0.9999673932257813
combined_overall,0.1116467835954969,1.0,0.9999673932257813
combined_overall,0.11165540031106343,1.0,0.9999673932257813
combined_overall,0.11165755448995507,1.0,0.9999673932257813
combined_overall,0.11167478792108812,1.0,0.9999673932257813
combined_overall,0.11167694209997975,1.0,0.9999673932257813
combined_overall,0.1116801733683172,1.0,0.9999673932257813
combined_overall,0.11168232754720883,1.0,0.9999673932257813
combined_overall,0.1116941755311128,1.0,0.9999673932257813
combined_overall,0.11169632971000444,1.0,0.9999673932257813
combined_overall,0.11170602351501678,1.0,0.9999673932257813
combined_overall,0.11170817769390841,1.0,0.9999673932257813
combined_overall,0.11171679440947493,1.0,0.9999673932257813
combined_overall,0.11171894858836658,1.0,0.9999673932257813
combined_overall,0.11172541112504147,1.0,0.9999673932257813
combined_overall,0.1117275653039331,1.0,0.9999673932257813
combined_overall,0.11173187366171636,1.0,0.9999673932257813
combined_overall,0.111734027840608,1.0,0.9999673932257813
combined_overall,0.11173618201949963,1.0,0.9999673932257813
combined_overall,0.11173833619839126,1.0,0.9999673932257813
combined_overall,0.11175126127174105,1.0,0.9999673932257813
combined_overall,0.11175341545063268,1.0,0.9999673932257813
combined_overall,0.11175772380841595,1.0,0.9999673932257813
combined_overall,0.11175987798730758,1.0,0.9999673932257813
combined_overall,0.11176310925564503,1.0,0.9999673932257813
combined_overall,0.11176526343453666,1.0,0.9999673932257813
combined_overall,0.11179973029680276,1.0,0.9999673932257813
combined_overall,0.1118018844756944,1.0,0.9999673932257813
combined_overall,0.11181696372793583,1.0,0.9999673932257813
combined_overall,0.11181911790682746,1.0,0.9999673932257813
combined_overall,0.11182773462239398,1.0,0.9999673932257813
combined_overall,0.11182988880128561,1.0,0.9999673932257813
combined_overall,0.11183742842740632,1.0,0.9999673932257813
combined_overall,0.11184173678518959,1.0,0.9999673932257813
combined_overall,0.11184604514297285,1.0,0.9999673932257813
combined_overall,0.11184819932186449,1.0,0.9999673932257813
combined_overall,0.11188266618413059,1.0,0.9999673932257813
combined_overall,0.11188589745246805,1.0,0.9999673932257813
combined_overall,0.11188697454191386,1.0,0.9999673932257813
combined_overall,0.11189559125748039,1.0,0.9999673932257813
combined_overall,0.111909593420276,1.0,0.9999673932257813
combined_overall,0.11191174759916762,1.0,0.9999673932257813
combined_overall,0.11191821013584252,1.0,0.9999673932257813
combined_overall,0.11192036431473415,1.0,0.9999673932257813
combined_overall,0.11194944572977118,1.0,0.9999673932257813
combined_overall,0.11195267699810862,1.0,0.9999673932257813
combined_overall,0.11195913953478352,1.0,0.9999673932257813
combined_overall,0.11196129371367516,1.0,0.9999673932257813
combined_overall,0.11196775625035005,1.0,0.9999673932257813
combined_overall,0.11196991042924169,1.0,0.9999673932257813
combined_overall,0.11197529587647076,1.0,0.9999673932257813
combined_overall,0.1119774500553624,1.0,0.9999673932257813
combined_overall,0.11200437729150779,1.0,0.9999673932257813
combined_overall,0.11200653147039943,1.0,0.9999673932257813
combined_overall,0.11201299400707432,1.0,0.9999673932257813
combined_overall,0.11201514818596596,1.0,0.9999673932257813
combined_overall,0.11202053363319503,1.0,0.9999673932257813
combined_overall,0.11202268781208667,1.0,0.9999673932257813
combined_overall,0.11205392340601533,1.0,0.9999673932257813
combined_overall,0.11205823176379859,1.0,0.9999673932257813
combined_overall,0.11207331101604001,1.0,0.9999673932257813
combined_overall,0.11207546519493165,1.0,0.9999673932257813
combined_overall,0.11207977355271491,1.0,0.9999673932257813
combined_overall,0.11208408191049818,1.0,0.9999673932257813
combined_overall,0.11208839026828143,1.0,0.9999673932257813
combined_overall,0.11209054444717308,1.0,0.9999673932257813
combined_overall,0.11210777787830613,1.0,0.9999673932257813
combined_overall,0.11210993205719776,1.0,0.9999673932257813
combined_overall,0.11211747168331847,1.0,0.9999673932257813
combined_overall,0.11212070295165592,1.0,0.9999673932257813
combined_overall,0.11212285713054755,1.0,0.9999673932257813
combined_overall,0.11212824257777664,1.0,0.9999673932257813
combined_overall,0.11214116765112642,1.0,0.9999673932257813
combined_overall,0.11214978436669294,1.0,0.9999673932257813
combined_overall,0.1121530156350304,1.0,0.9999673932257813
combined_overall,0.11215516981392203,1.0,0.9999673932257813
combined_overall,0.11215624690336784,1.0,0.9999673932257813
combined_overall,0.11215840108225948,1.0,0.9999673932257813
combined_overall,0.11216055526115111,1.0,0.9999673932257813
combined_overall,0.11216270944004274,1.0,0.9999673932257813
combined_overall,0.11218640540785069,1.0,0.9999673932257813
combined_overall,0.11220363883898374,1.0,0.9999673932257813
combined_overall,0.1122144097334419,1.0,0.9999673932257813
combined_overall,0.11221871809122516,1.0,0.9999673932257813
combined_overall,0.11223702861180404,1.0,0.9999673932257813
combined_overall,0.11223918279069567,1.0,0.9999673932257813
combined_overall,0.1122413369695873,1.0,0.9999673932257813
combined_overall,0.11224349114847894,1.0,0.9999673932257813
combined_overall,0.1122747267424076,1.0,0.9999673932257813
combined_overall,0.11228549763686575,1.0,0.9999673932257813
combined_overall,0.11228872890520321,1.0,0.9999673932257813
combined_overall,0.11229088308409484,1.0,0.9999673932257813
combined_overall,0.11230380815744463,1.0,0.9999673932257813
combined_overall,0.11230596233633626,1.0,0.9999673932257813
combined_overall,0.11231350196245697,1.0,0.9999673932257813
combined_overall,0.1123156561413486,1.0,0.9999673932257813
combined_overall,0.11232319576746931,1.0,0.9999673932257813
combined_overall,0.11232750412525258,1.0,0.9999673932257813
combined_overall,0.1123361208408191,1.0,0.9999673932257813
combined_overall,0.11234042919860236,1.0,0.9999673932257813
combined_overall,0.11234366046693982,1.0,0.9999673932257813
combined_overall,0.11234689173527726,1.0,0.9999673932257813
combined_overall,0.11235012300361472,1.0,0.9999673932257813
combined_overall,0.11235335427195216,1.0,0.9999673932257813
combined_overall,0.11238458986588082,1.0,0.9999673932257813
combined_overall,0.11238782113421827,1.0,0.9999673932257813
combined_overall,0.1123964378497848,1.0,0.9999673932257813
combined_overall,0.11239859202867643,1.0,0.9999673932257813
combined_overall,0.1124029003864597,1.0,0.9999673932257813
combined_overall,0.11240720874424295,1.0,0.9999673932257813
combined_overall,0.11241151710202622,1.0,0.9999673932257813
combined_overall,0.11241582545980948,1.0,0.9999673932257813
combined_overall,0.11241797963870112,1.0,0.9999673932257813
combined_overall,0.11242121090703856,1.0,0.9999673932257813
combined_overall,0.11242336508593019,1.0,0.9999673932257813
combined_overall,0.1124373672487258,1.0,0.9999673932257813
combined_overall,0.11244490687484651,1.0,0.9999673932257813
combined_overall,0.11244813814318397,1.0,0.9999673932257813
combined_overall,0.11245783194819631,1.0,0.9999673932257813
combined_overall,0.11246967993210027,1.0,0.9999673932257813
combined_overall,0.11247291120043773,1.0,0.9999673932257813
combined_overall,0.11248045082655844,1.0,0.9999673932257813
combined_overall,0.11248260500545007,1.0,0.9999673932257813
combined_overall,0.11250845515214966,1.0,0.9999673932257813
combined_overall,0.11251599477827037,1.0,0.9999673932257813
combined_overall,0.11252353440439108,1.0,0.9999673932257813
combined_overall,0.11253215111995761,1.0,0.9999673932257813
combined_overall,0.11254292201441576,1.0,0.9999673932257813
combined_overall,0.11254615328275322,1.0,0.9999673932257813
combined_overall,0.11254938455109066,1.0,0.9999673932257813
combined_overall,0.11255153872998229,1.0,0.9999673932257813
combined_overall,0.1125526158194281,1.0,0.9999673932257813
combined_overall,0.11255692417721137,1.0,0.9999673932257813
combined_overall,0.11256877216111534,1.0,0.9999673932257813
combined_overall,0.11257092634000698,1.0,0.9999673932257813
combined_overall,0.11258815977114003,1.0,0.9999673932257813
combined_overall,0.11259031395003166,1.0,0.9999673932257813
combined_overall,0.11259893066559819,1.0,0.9999673932257813
combined_overall,0.11260108484448983,1.0,0.9999673932257813
combined_overall,0.11263878297509339,1.0,0.9999673932257813
combined_overall,0.11264093715398502,1.0,0.9999673932257813
combined_overall,0.11264524551176829,1.0,0.9999673932257813
combined_overall,0.11264847678010573,1.0,0.9999673932257813
combined_overall,0.11265601640622644,1.0,0.9999673932257813
combined_overall,0.11265924767456388,1.0,0.9999673932257813
combined_overall,0.11269263744738418,1.0,0.9999673932257813
combined_overall,0.11269479162627581,1.0,0.9999673932257813
combined_overall,0.11273679811466264,1.0,0.9999673932257813
combined_overall,0.11273895229355427,1.0,0.9999673932257813
combined_overall,0.11274002938300008,1.0,0.9999673932257813
combined_overall,0.11274433774078335,1.0,0.9999673932257813
combined_overall,0.1127615711719164,1.0,0.9999673932257813
combined_overall,0.11276372535080803,1.0,0.9999673932257813
combined_overall,0.11277557333471201,1.0,0.9999673932257813
combined_overall,0.11277772751360364,1.0,0.9999673932257813
combined_overall,0.11280573183919486,1.0,0.9999673932257813
combined_overall,0.11280788601808649,1.0,0.9999673932257813
combined_overall,0.1128218881808821,1.0,0.9999673932257813
combined_overall,0.11282404235977372,1.0,0.9999673932257813
combined_overall,0.11283158198589444,1.0,0.9999673932257813
combined_overall,0.11284127579090678,1.0,0.9999673932257813
combined_overall,0.11284450705924423,1.0,0.9999673932257813
combined_overall,0.11284666123813586,1.0,0.9999673932257813
combined_overall,0.11285204668536494,1.0,0.9999673932257813
combined_overall,0.11285527795370238,1.0,0.9999673932257813
combined_overall,0.1128628175798231,1.0,0.9999673932257813
combined_overall,0.11286497175871472,1.0,0.9999673932257813
combined_overall,0.11287789683206452,1.0,0.9999673932257813
combined_overall,0.11288220518984779,1.0,0.9999673932257813
combined_overall,0.11288866772652269,1.0,0.9999673932257813
combined_overall,0.112910209515439,1.0,0.9999673932257813
combined_overall,0.11294036801992184,1.0,0.9999673932257813
combined_overall,0.11294252219881348,1.0,0.9999673932257813
combined_overall,0.11296083271939235,1.0,0.9999673932257813
combined_overall,0.11296514107717562,1.0,0.9999673932257813
combined_overall,0.11298237450830867,1.0,0.9999673932257813
combined_overall,0.1129845286872003,1.0,0.9999673932257813
combined_overall,0.11298883704498357,1.0,0.9999673932257813
combined_overall,0.1129909912238752,1.0,0.9999673932257813
combined_overall,0.11300822465500825,1.0,0.9999673932257813
combined_overall,0.11301037883389989,1.0,0.9999673932257813
combined_overall,0.11304269151727436,1.0,0.9999673932257813
combined_overall,0.11304484569616599,1.0,0.9999673932257813
combined_overall,0.1130653103956365,1.0,0.9999673932257813
combined_overall,0.11306746457452813,1.0,0.9999673932257813
combined_overall,0.11307285002175721,1.0,0.9999673932257813
combined_overall,0.11307500420064884,1.0,0.9999673932257813
combined_overall,0.11307931255843211,1.0,0.9999673932257813
combined_overall,0.11308792927399863,1.0,0.9999673932257813
combined_overall,0.11309008345289026,1.0,0.9999673932257813
combined_overall,0.11309870016845679,1.0,0.9999673932257813
combined_overall,0.11310085434734841,1.0,0.9999673932257813
combined_overall,0.11310193143679424,1.0,0.9999673932257813
combined_overall,0.11310408561568587,1.0,0.9999673932257813
combined_overall,0.11310839397346913,1.0,0.9999673932257813
combined_overall,0.11311377942069821,1.0,0.9999673932257813
combined_overall,0.11312562740460219,1.0,0.9999673932257813
combined_overall,0.11312885867293963,1.0,0.9999673932257813
combined_overall,0.11314070665684361,1.0,0.9999673932257813
combined_overall,0.11314286083573524,1.0,0.9999673932257813
combined_overall,0.11314609210407268,1.0,0.9999673932257813
combined_overall,0.11314932337241014,1.0,0.9999673932257813
combined_overall,0.1131600942668683,1.0,0.9999673932257813
combined_overall,0.11316224844575994,1.0,0.9999673932257813
combined_overall,0.113167633892989,1.0,0.9999673932257813
combined_overall,0.11317301934021809,1.0,0.9999673932257813
combined_overall,0.11317732769800136,1.0,0.9999673932257813
combined_overall,0.11318486732412207,1.0,0.9999673932257813
combined_overall,0.11318917568190533,1.0,0.9999673932257813
combined_overall,0.11319132986079695,1.0,0.9999673932257813
combined_overall,0.11319240695024278,1.0,0.9999673932257813
combined_overall,0.11319456112913441,1.0,0.9999673932257813
combined_overall,0.11320640911303838,1.0,0.9999673932257813
combined_overall,0.11320964038137583,1.0,0.9999673932257813
combined_overall,0.11321718000749655,1.0,0.9999673932257813
combined_overall,0.11322687381250889,1.0,0.9999673932257813
combined_overall,0.11323333634918378,1.0,0.9999673932257813
combined_overall,0.11323764470696704,1.0,0.9999673932257813
combined_overall,0.11325056978031683,1.0,0.9999673932257813
combined_overall,0.11325272395920846,1.0,0.9999673932257813
combined_overall,0.11326241776422082,1.0,0.9999673932257813
combined_overall,0.11326457194311244,1.0,0.9999673932257813
combined_overall,0.11327211156923316,1.0,0.9999673932257813
combined_overall,0.11327641992701643,1.0,0.9999673932257813
combined_overall,0.11328826791092039,1.0,0.9999673932257813
combined_overall,0.11329473044759529,1.0,0.9999673932257813
combined_overall,0.11330765552094509,1.0,0.9999673932257813
combined_overall,0.11330980969983671,1.0,0.9999673932257813
combined_overall,0.11333996820431956,1.0,0.9999673932257813
combined_overall,0.11334212238321119,1.0,0.9999673932257813
combined_overall,0.11334750783044027,1.0,0.9999673932257813
combined_overall,0.1133496620093319,1.0,0.9999673932257813
combined_overall,0.11335181618822353,1.0,0.9999673932257813
combined_overall,0.1133561245460068,1.0,0.9999673932257813
combined_overall,0.11336043290379007,1.0,0.9999673932257813
combined_overall,0.1133625870826817,1.0,0.9999673932257813
combined_overall,0.1133690496193566,1.0,0.9999673932257813
combined_overall,0.1133765892454773,1.0,0.9999673932257813
combined_overall,0.11340136230273107,1.0,0.9999673932257813
combined_overall,0.1134035164816227,1.0,0.9999673932257813
combined_overall,0.11340459357106851,1.0,0.9999673932257813
combined_overall,0.1134099790182976,1.0,0.9999673932257813
combined_overall,0.11341536446552668,1.0,0.9999673932257813
combined_overall,0.11342182700220158,1.0,0.9999673932257813
combined_overall,0.11342505827053902,1.0,0.9999673932257813
combined_overall,0.11343582916499718,1.0,0.9999673932257813
combined_overall,0.11343906043333463,1.0,0.9999673932257813
combined_overall,0.11344229170167207,1.0,0.9999673932257813
combined_overall,0.11345952513280513,1.0,0.9999673932257813
combined_overall,0.11346383349058839,1.0,0.9999673932257813
combined_overall,0.11347568147449237,1.0,0.9999673932257813
combined_overall,0.11348214401116727,1.0,0.9999673932257813
combined_overall,0.11351768796287919,1.0,0.9999673932257813
combined_overall,0.11351984214177083,1.0,0.9999673932257813
combined_overall,0.1135252275889999,1.0,0.9999673932257813
combined_overall,0.11352738176789154,1.0,0.9999673932257813
combined_overall,0.1135392297517955,1.0,0.9999673932257813
combined_overall,0.11354138393068713,1.0,0.9999673932257813
combined_overall,0.11357692788239906,1.0,0.9999673932257813
combined_overall,0.11357908206129069,1.0,0.9999673932257813
combined_overall,0.11358985295574886,1.0,0.9999673932257813
combined_overall,0.1135930842240863,1.0,0.9999673932257813
combined_overall,0.11359631549242376,1.0,0.9999673932257813
combined_overall,0.11359846967131539,1.0,0.9999673932257813
combined_overall,0.11362970526524405,1.0,0.9999673932257813
combined_overall,0.11363185944413567,1.0,0.9999673932257813
combined_overall,0.11364155324914803,1.0,0.9999673932257813
combined_overall,0.11364370742803966,1.0,0.9999673932257813
combined_overall,0.11364586160693128,1.0,0.9999673932257813
combined_overall,0.11364801578582291,1.0,0.9999673932257813
combined_overall,0.11365016996471455,1.0,0.9999673932257813
combined_overall,0.11365232414360618,1.0,0.9999673932257813
combined_overall,0.11366201794861852,1.0,0.9999673932257813
combined_overall,0.11367063466418505,1.0,0.9999673932257813
combined_overall,0.11367494302196832,1.0,0.9999673932257813
combined_overall,0.11367709720085994,1.0,0.9999673932257813
combined_overall,0.11368355973753484,1.0,0.9999673932257813
combined_overall,0.11368571391642647,1.0,0.9999673932257813
combined_overall,0.11370617861589698,1.0,0.9999673932257813
combined_overall,0.1137083327947886,1.0,0.9999673932257813
combined_overall,0.11372233495758421,1.0,0.9999673932257813
combined_overall,0.11372448913647584,1.0,0.9999673932257813
combined_overall,0.11375033928317543,1.0,0.9999673932257813
combined_overall,0.11375249346206706,1.0,0.9999673932257813
combined_overall,0.11375787890929615,1.0,0.9999673932257813
combined_overall,0.11376003308818777,1.0,0.9999673932257813
combined_overall,0.11377618942987501,1.0,0.9999673932257813
combined_overall,0.11377834360876665,1.0,0.9999673932257813
combined_overall,0.11378265196654991,1.0,0.9999673932257813
combined_overall,0.11378480614544154,1.0,0.9999673932257813
combined_overall,0.11380096248712879,1.0,0.9999673932257813
combined_overall,0.11380419375546623,1.0,0.9999673932257813
combined_overall,0.11381496464992438,1.0,0.9999673932257813
combined_overall,0.11381711882881602,1.0,0.9999673932257813
combined_overall,0.11385266278052794,1.0,0.9999673932257813
combined_overall,0.11386127949609447,1.0,0.9999673932257813
combined_overall,0.11386558785387774,1.0,0.9999673932257813
combined_overall,0.11386881912221518,1.0,0.9999673932257813
combined_overall,0.11387312747999845,1.0,0.9999673932257813
combined_overall,0.11388174419556497,1.0,0.9999673932257813
combined_overall,0.11391190270004782,1.0,0.9999673932257813
combined_overall,0.11391621105783109,1.0,0.9999673932257813
combined_overall,0.11392482777339762,1.0,0.9999673932257813
combined_overall,0.11392698195228924,1.0,0.9999673932257813
combined_overall,0.11394744665175975,1.0,0.9999673932257813
combined_overall,0.11395175500954301,1.0,0.9999673932257813
combined_overall,0.11398191351402585,1.0,0.9999673932257813
combined_overall,0.11399699276626728,1.0,0.9999673932257813
combined_overall,0.11399914694515892,1.0,0.9999673932257813
combined_overall,0.11400345530294217,1.0,0.9999673932257813
combined_overall,0.11402284291296687,1.0,0.9999673932257813
combined_overall,0.1140249970918585,1.0,0.9999673932257813
combined_overall,0.1140389992546541,1.0,0.9999673932257813
combined_overall,0.11404330761243736,1.0,0.9999673932257813
combined_overall,0.11405946395412461,1.0,0.9999673932257813
combined_overall,0.11406161813301624,1.0,0.9999673932257813
combined_overall,0.1140723890274744,1.0,0.9999673932257813
combined_overall,0.11407454320636604,1.0,0.9999673932257813
combined_overall,0.11407669738525766,1.0,0.9999673932257813
combined_overall,0.11407885156414929,1.0,0.9999673932257813
combined_overall,0.11408531410082419,1.0,0.9999673932257813
combined_overall,0.11408746827971582,1.0,0.9999673932257813
combined_overall,0.11410793297918632,1.0,0.9999673932257813
combined_overall,0.11411008715807795,1.0,0.9999673932257813
combined_overall,0.11411116424752377,1.0,0.9999673932257813
combined_overall,0.11411547260530704,1.0,0.9999673932257813
combined_overall,0.114127320589211,1.0,0.9999673932257813
combined_overall,0.11412947476810265,1.0,0.9999673932257813
combined_overall,0.11413270603644009,1.0,0.9999673932257813
combined_overall,0.11413486021533172,1.0,0.9999673932257813
combined_overall,0.11413593730477754,1.0,0.9999673932257813
combined_overall,0.11413809148366917,1.0,0.9999673932257813
combined_overall,0.11414455402034407,1.0,0.9999673932257813
combined_overall,0.11414886237812732,1.0,0.9999673932257813
combined_overall,0.11415101655701897,1.0,0.9999673932257813
combined_overall,0.11416394163036875,1.0,0.9999673932257813
combined_overall,0.11416609580926039,1.0,0.9999673932257813
combined_overall,0.11417471252482692,1.0,0.9999673932257813
combined_overall,0.11417686670371854,1.0,0.9999673932257813
combined_overall,0.11418440632983926,1.0,0.9999673932257813
combined_overall,0.11418871468762253,1.0,0.9999673932257813
combined_overall,0.11419086886651415,1.0,0.9999673932257813
combined_overall,0.11420379393986395,1.0,0.9999673932257813
combined_overall,0.11420594811875558,1.0,0.9999673932257813
combined_overall,0.1142081022976472,1.0,0.9999673932257813
combined_overall,0.11421025647653883,1.0,0.9999673932257813
combined_overall,0.11421241065543047,1.0,0.9999673932257813
combined_overall,0.11422318154988863,1.0,0.9999673932257813
combined_overall,0.11422964408656353,1.0,0.9999673932257813
combined_overall,0.11423718371268424,1.0,0.9999673932257813
combined_overall,0.11425980259104637,1.0,0.9999673932257813
combined_overall,0.11426411094882963,1.0,0.9999673932257813
combined_overall,0.11426518803827546,1.0,0.9999673932257813
combined_overall,0.11426734221716708,1.0,0.9999673932257813
combined_overall,0.11426949639605871,1.0,0.9999673932257813
combined_overall,0.11427165057495034,1.0,0.9999673932257813
combined_overall,0.11428242146940851,1.0,0.9999673932257813
combined_overall,0.11428457564830014,1.0,0.9999673932257813
combined_overall,0.1142888840060834,1.0,0.9999673932257813
combined_overall,0.11429103818497503,1.0,0.9999673932257813
combined_overall,0.11430288616887901,1.0,0.9999673932257813
combined_overall,0.1143093487055539,1.0,0.9999673932257813
combined_overall,0.11431365706333717,1.0,0.9999673932257813
combined_overall,0.1143158112422288,1.0,0.9999673932257813
combined_overall,0.11431796542112044,1.0,0.9999673932257813
combined_overall,0.11432011960001207,1.0,0.9999673932257813
combined_overall,0.11433950721003674,1.0,0.9999673932257813
combined_overall,0.11434166138892839,1.0,0.9999673932257813
combined_overall,0.11434381556782001,1.0,0.9999673932257813
combined_overall,0.11434812392560328,1.0,0.9999673932257813
combined_overall,0.11437505116174868,1.0,0.9999673932257813
combined_overall,0.1143772053406403,1.0,0.9999673932257813
combined_overall,0.11438043660897776,1.0,0.9999673932257813
combined_overall,0.11438259078786939,1.0,0.9999673932257813
combined_overall,0.11439443877177337,1.0,0.9999673932257813
combined_overall,0.114396592950665,1.0,0.9999673932257813
combined_overall,0.11439767004011081,1.0,0.9999673932257813
combined_overall,0.11439982421900244,1.0,0.9999673932257813
combined_overall,0.1144030554873399,1.0,0.9999673932257813
combined_overall,0.11440844093456896,1.0,0.9999673932257813
combined_overall,0.11441167220290642,1.0,0.9999673932257813
combined_overall,0.11441490347124386,1.0,0.9999673932257813
combined_overall,0.1144170576501355,1.0,0.9999673932257813
combined_overall,0.11443213690237693,1.0,0.9999673932257813
combined_overall,0.11443429108126855,1.0,0.9999673932257813
combined_overall,0.11443536817071437,1.0,0.9999673932257813
combined_overall,0.114437522349606,1.0,0.9999673932257813
combined_overall,0.11446121831741395,1.0,0.9999673932257813
combined_overall,0.11446337249630559,1.0,0.9999673932257813
combined_overall,0.11446875794353466,1.0,0.9999673932257813
combined_overall,0.1144709121224263,1.0,0.9999673932257813
combined_overall,0.1144773746591012,1.0,0.9999673932257813
combined_overall,0.11448060592743864,1.0,0.9999673932257813
combined_overall,0.11449029973245098,1.0,0.9999673932257813
combined_overall,0.11449676226912588,1.0,0.9999673932257813
combined_overall,0.1145118415213673,1.0,0.9999673932257813
combined_overall,0.11451399570025893,1.0,0.9999673932257813
combined_overall,0.11451722696859638,1.0,0.9999673932257813
combined_overall,0.11451938114748801,1.0,0.9999673932257813
combined_overall,0.11453015204194616,1.0,0.9999673932257813
combined_overall,0.1145323062208378,1.0,0.9999673932257813
combined_overall,0.11453338331028362,1.0,0.9999673932257813
combined_overall,0.11453769166806688,1.0,0.9999673932257813
combined_overall,0.11455061674141667,1.0,0.9999673932257813
combined_overall,0.11456246472532065,1.0,0.9999673932257813
combined_overall,0.1145796981564537,1.0,0.9999673932257813
combined_overall,0.11458400651423697,1.0,0.9999673932257813
combined_overall,0.1145926232298035,1.0,0.9999673932257813
combined_overall,0.11459477740869513,1.0,0.9999673932257813
combined_overall,0.11460339412426165,1.0,0.9999673932257813
combined_overall,0.11460554830315328,1.0,0.9999673932257813
combined_overall,0.11462278173428635,1.0,0.9999673932257813
combined_overall,0.11462493591317797,1.0,0.9999673932257813
combined_overall,0.11467986747491458,1.0,0.9999673932257813
combined_overall,0.11468202165380621,1.0,0.9999673932257813
combined_overall,0.11469063836937275,1.0,0.9999673932257813
combined_overall,0.11469279254826438,1.0,0.9999673932257813
combined_overall,0.11470248635327672,1.0,0.9999673932257813
combined_overall,0.11470679471105999,1.0,0.9999673932257813
combined_overall,0.11471110306884325,1.0,0.9999673932257813
combined_overall,0.11471541142662652,1.0,0.9999673932257813
combined_overall,0.11472187396330141,1.0,0.9999673932257813
combined_overall,0.11472618232108467,1.0,0.9999673932257813
combined_overall,0.11474018448388028,1.0,0.9999673932257813
combined_overall,0.1147423386627719,1.0,0.9999673932257813
combined_overall,0.11475203246778426,1.0,0.9999673932257813
combined_overall,0.11475418664667589,1.0,0.9999673932257813
combined_overall,0.1147552637361217,1.0,0.9999673932257813
combined_overall,0.11478111388282128,1.0,0.9999673932257813
combined_overall,0.11478326806171292,1.0,0.9999673932257813
combined_overall,0.11478542224060455,1.0,0.9999673932257813
combined_overall,0.11481773492397902,1.0,0.9999673932257813
combined_overall,0.1148231203712081,1.0,0.9999673932257813
combined_overall,0.11482419746065392,1.0,0.9999673932257813
combined_overall,0.11483173708677463,1.0,0.9999673932257813
combined_overall,0.11483389126566626,1.0,0.9999673932257813
combined_overall,0.11483927671289534,1.0,0.9999673932257813
combined_overall,0.11484143089178697,1.0,0.9999673932257813
combined_overall,0.11484573924957024,1.0,0.9999673932257813
combined_overall,0.11485004760735351,1.0,0.9999673932257813
combined_overall,0.11486620394904075,1.0,0.9999673932257813
combined_overall,0.11486835812793238,1.0,0.9999673932257813
combined_overall,0.1148769748434989,1.0,0.9999673932257813
combined_overall,0.11488020611183636,1.0,0.9999673932257813
combined_overall,0.11490067081130685,1.0,0.9999673932257813
combined_overall,0.11490282499019848,1.0,0.9999673932257813
combined_overall,0.11491144170576502,1.0,0.9999673932257813
combined_overall,0.11492005842133154,1.0,0.9999673932257813
combined_overall,0.11492221260022317,1.0,0.9999673932257813
combined_overall,0.1149243667791148,1.0,0.9999673932257813
combined_overall,0.11492652095800644,1.0,0.9999673932257813
combined_overall,0.11492867513689807,1.0,0.9999673932257813
combined_overall,0.11493298349468133,1.0,0.9999673932257813
combined_overall,0.11494267729969368,1.0,0.9999673932257813
combined_overall,0.11494698565747694,1.0,0.9999673932257813
combined_overall,0.11495344819415183,1.0,0.9999673932257813
combined_overall,0.11495560237304346,1.0,0.9999673932257813
combined_overall,0.11496852744639326,1.0,0.9999673932257813
combined_overall,0.11497068162528488,1.0,0.9999673932257813
combined_overall,0.11499653177198448,1.0,0.9999673932257813
combined_overall,0.1149986859508761,1.0,0.9999673932257813
combined_overall,0.11502130482923824,1.0,0.9999673932257813
combined_overall,0.11502561318702151,1.0,0.9999673932257813
combined_overall,0.11505469460205853,1.0,0.9999673932257813
combined_overall,0.11505684878095017,1.0,0.9999673932257813
combined_overall,0.11507515930152903,1.0,0.9999673932257813
combined_overall,0.11507731348042066,1.0,0.9999673932257813
combined_overall,0.11507839056986649,1.0,0.9999673932257813
combined_overall,0.11508054474875812,1.0,0.9999673932257813
combined_overall,0.11510424071656607,1.0,0.9999673932257813
combined_overall,0.11510962616379515,1.0,0.9999673932257813
combined_overall,0.11511070325324096,1.0,0.9999673932257813
combined_overall,0.1151139345215784,1.0,0.9999673932257813
combined_overall,0.11511501161102422,1.0,0.9999673932257813
combined_overall,0.11512147414769912,1.0,0.9999673932257813
combined_overall,0.11513224504215729,1.0,0.9999673932257813
combined_overall,0.11513870757883218,1.0,0.9999673932257813
combined_overall,0.11514947847329034,1.0,0.9999673932257813
combined_overall,0.11515270974162778,1.0,0.9999673932257813
combined_overall,0.11515378683107359,1.0,0.9999673932257813
combined_overall,0.11516024936774849,1.0,0.9999673932257813
combined_overall,0.11517963697777318,1.0,0.9999673932257813
combined_overall,0.11518179115666481,1.0,0.9999673932257813
combined_overall,0.11520979548225603,1.0,0.9999673932257813
combined_overall,0.11522272055560583,1.0,0.9999673932257813
combined_overall,0.11522918309228071,1.0,0.9999673932257813
combined_overall,0.11523133727117235,1.0,0.9999673932257813
combined_overall,0.11523564562895561,1.0,0.9999673932257813
combined_overall,0.11523887689729306,1.0,0.9999673932257813
combined_overall,0.11524641652341377,1.0,0.9999673932257813
combined_overall,0.1152485707023054,1.0,0.9999673932257813
combined_overall,0.11525072488119703,1.0,0.9999673932257813
combined_overall,0.11525287906008867,1.0,0.9999673932257813
combined_overall,0.11527980629623406,1.0,0.9999673932257813
combined_overall,0.11528196047512569,1.0,0.9999673932257813
combined_overall,0.115315350247946,1.0,0.9999673932257813
combined_overall,0.11531750442683762,1.0,0.9999673932257813
combined_overall,0.11532073569517506,1.0,0.9999673932257813
combined_overall,0.11532504405295833,1.0,0.9999673932257813
combined_overall,0.11533042950018742,1.0,0.9999673932257813
combined_overall,0.11533258367907905,1.0,0.9999673932257813
combined_overall,0.11534227748409139,1.0,0.9999673932257813
combined_overall,0.11534443166298303,1.0,0.9999673932257813
combined_overall,0.11536058800467026,1.0,0.9999673932257813
combined_overall,0.1153638192730077,1.0,0.9999673932257813
combined_overall,0.11536705054134516,1.0,0.9999673932257813
combined_overall,0.11537351307802005,1.0,0.9999673932257813
combined_overall,0.11537459016746587,1.0,0.9999673932257813
combined_overall,0.1153767443463575,1.0,0.9999673932257813
combined_overall,0.11538105270414076,1.0,0.9999673932257813
combined_overall,0.1153832068830324,1.0,0.9999673932257813
combined_overall,0.11538751524081566,1.0,0.9999673932257813
combined_overall,0.11539074650915311,1.0,0.9999673932257813
combined_overall,0.1154112112086236,1.0,0.9999673932257813
combined_overall,0.11541336538751525,1.0,0.9999673932257813
combined_overall,0.11542629046086503,1.0,0.9999673932257813
combined_overall,0.11542844463975667,1.0,0.9999673932257813
combined_overall,0.11543921553421482,1.0,0.9999673932257813
combined_overall,0.11544136971310645,1.0,0.9999673932257813
combined_overall,0.11545860314423952,1.0,0.9999673932257813
combined_overall,0.11546075732313114,1.0,0.9999673932257813
combined_overall,0.11547368239648094,1.0,0.9999673932257813
combined_overall,0.11547583657537257,1.0,0.9999673932257813
combined_overall,0.11548337620149328,1.0,0.9999673932257813
combined_overall,0.11548768455927653,1.0,0.9999673932257813
combined_overall,0.1154984554537347,1.0,0.9999673932257813
combined_overall,0.11550060963262633,1.0,0.9999673932257813
combined_overall,0.11550384090096379,1.0,0.9999673932257813
combined_overall,0.11550599507985541,1.0,0.9999673932257813
combined_overall,0.11554046194212152,1.0,0.9999673932257813
combined_overall,0.11554261612101316,1.0,0.9999673932257813
combined_overall,0.11554477029990479,1.0,0.9999673932257813
combined_overall,0.11554692447879641,1.0,0.9999673932257813
combined_overall,0.11555123283657968,1.0,0.9999673932257813
combined_overall,0.11555338701547131,1.0,0.9999673932257813
combined_overall,0.115572774625496,1.0,0.9999673932257813
combined_overall,0.11557492880438763,1.0,0.9999673932257813
combined_overall,0.11558569969884579,1.0,0.9999673932257813
combined_overall,0.11558785387773743,1.0,0.9999673932257813
combined_overall,0.11560185604053302,1.0,0.9999673932257813
combined_overall,0.1156061643983163,1.0,0.9999673932257813
combined_overall,0.11560831857720792,1.0,0.9999673932257813
combined_overall,0.11561047275609956,1.0,0.9999673932257813
combined_overall,0.115613704024437,1.0,0.9999673932257813
combined_overall,0.11561801238222028,1.0,0.9999673932257813
combined_overall,0.11563524581335333,1.0,0.9999673932257813
combined_overall,0.11563739999224495,1.0,0.9999673932257813
combined_overall,0.11564493961836567,1.0,0.9999673932257813
combined_overall,0.1156470937972573,1.0,0.9999673932257813
combined_overall,0.11565032506559475,1.0,0.9999673932257813
combined_overall,0.11565247924448638,1.0,0.9999673932257813
combined_overall,0.11565678760226965,1.0,0.9999673932257813
combined_overall,0.11566001887060709,1.0,0.9999673932257813
combined_overall,0.11566432722839036,1.0,0.9999673932257813
combined_overall,0.11568479192786085,1.0,0.9999673932257813
combined_overall,0.11569017737508994,1.0,0.9999673932257813
combined_overall,0.11569233155398156,1.0,0.9999673932257813
combined_overall,0.11573110677403094,1.0,0.9999673932257813
combined_overall,0.1157354151318142,1.0,0.9999673932257813
combined_overall,0.11573649222126002,1.0,0.9999673932257813
combined_overall,0.11573864640015165,1.0,0.9999673932257813
combined_overall,0.11574295475793492,1.0,0.9999673932257813
combined_overall,0.11574510893682655,1.0,0.9999673932257813
combined_overall,0.11580758012468387,1.0,0.9999673932257813
combined_overall,0.11580973430357551,1.0,0.9999673932257813
combined_overall,0.11582481355581693,1.0,0.9999673932257813
combined_overall,0.11582696773470856,1.0,0.9999673932257813
combined_overall,0.11583235318193764,1.0,0.9999673932257813
combined_overall,0.11583450736082927,1.0,0.9999673932257813
combined_overall,0.11583989280805836,1.0,0.9999673932257813
combined_overall,0.11584420116584161,1.0,0.9999673932257813
combined_overall,0.11584743243417907,1.0,0.9999673932257813
combined_overall,0.11586035750752885,1.0,0.9999673932257813
combined_overall,0.11589913272757824,1.0,0.9999673932257813
combined_overall,0.11590344108536149,1.0,0.9999673932257813
combined_overall,0.11590559526425312,1.0,0.9999673932257813
combined_overall,0.11591528906926547,1.0,0.9999673932257813
combined_overall,0.1159174432481571,1.0,0.9999673932257813
combined_overall,0.115923905784832,1.0,0.9999673932257813
combined_overall,0.11592821414261525,1.0,0.9999673932257813
combined_overall,0.11593683085818178,1.0,0.9999673932257813
combined_overall,0.11593898503707342,1.0,0.9999673932257813
combined_overall,0.11594760175263995,1.0,0.9999673932257813
combined_overall,0.11594975593153158,1.0,0.9999673932257813
combined_overall,0.11595621846820647,1.0,0.9999673932257813
combined_overall,0.11595944973654392,1.0,0.9999673932257813
combined_overall,0.11596160391543556,1.0,0.9999673932257813
combined_overall,0.11596375809432719,1.0,0.9999673932257813
combined_overall,0.11596806645211045,1.0,0.9999673932257813
combined_overall,0.11597022063100208,1.0,0.9999673932257813
combined_overall,0.11597345189933952,1.0,0.9999673932257813
combined_overall,0.11597668316767698,1.0,0.9999673932257813
combined_overall,0.11597883734656861,1.0,0.9999673932257813
combined_overall,0.11598314570435188,1.0,0.9999673932257813
combined_overall,0.11599391659881003,1.0,0.9999673932257813
combined_overall,0.11600684167215983,1.0,0.9999673932257813
combined_overall,0.11601115002994308,1.0,0.9999673932257813
combined_overall,0.1160186896560638,1.0,0.9999673932257813
combined_overall,0.11602084383495544,1.0,0.9999673932257813
combined_overall,0.11602407510329288,1.0,0.9999673932257813
combined_overall,0.11602838346107615,1.0,0.9999673932257813
combined_overall,0.1160456168922092,1.0,0.9999673932257813
combined_overall,0.11604777107110083,1.0,0.9999673932257813
combined_overall,0.11610808808006652,1.0,0.9999673932257813
combined_overall,0.1161134735272956,1.0,0.9999673932257813
combined_overall,0.11615655710512823,1.0,0.9999673932257813
combined_overall,0.11615871128401987,1.0,0.9999673932257813
combined_overall,0.11618671560961108,1.0,0.9999673932257813
combined_overall,0.11618886978850272,1.0,0.9999673932257813
combined_overall,0.1161953323251776,1.0,0.9999673932257813
combined_overall,0.11619748650406925,1.0,0.9999673932257813
combined_overall,0.11621148866686486,1.0,0.9999673932257813
combined_overall,0.11621687411409393,1.0,0.9999673932257813
combined_overall,0.11621902829298557,1.0,0.9999673932257813
combined_overall,0.11622549082966045,1.0,0.9999673932257813
combined_overall,0.1162276450085521,1.0,0.9999673932257813
combined_overall,0.11623087627688954,1.0,0.9999673932257813
combined_overall,0.11624057008190188,1.0,0.9999673932257813
combined_overall,0.11624487843968515,1.0,0.9999673932257813
combined_overall,0.11624595552913096,1.0,0.9999673932257813
combined_overall,0.11624918679746842,1.0,0.9999673932257813
combined_overall,0.11635366447371255,1.0,0.9999673932257813
combined_overall,0.11635581865260419,1.0,0.9999673932257813
combined_overall,0.11637305208373724,1.0,0.9999673932257813
combined_overall,0.1163773604415205,1.0,0.9999673932257813
combined_overall,0.11641182730378662,1.0,0.9999673932257813
combined_overall,0.11641613566156989,1.0,0.9999673932257813
combined_overall,0.1164312149138113,1.0,0.9999673932257813
combined_overall,0.11643336909270294,1.0,0.9999673932257813
combined_overall,0.11645598797106507,1.0,0.9999673932257813
combined_overall,0.1164581421499567,1.0,0.9999673932257813
combined_overall,0.11651738206947658,1.0,0.9999673932257813
combined_overall,0.11651953624836821,1.0,0.9999673932257813
combined_overall,0.11652276751670566,1.0,0.9999673932257813
combined_overall,0.11652492169559729,1.0,0.9999673932257813
combined_overall,0.116532461321718,1.0,0.9999673932257813
combined_overall,0.11653676967950126,1.0,0.9999673932257813
combined_overall,0.11653784676894709,1.0,0.9999673932257813
combined_overall,0.11654215512673034,1.0,0.9999673932257813
combined_overall,0.11654646348451361,1.0,0.9999673932257813
combined_overall,0.11654861766340524,1.0,0.9999673932257813
combined_overall,0.11656261982620085,1.0,0.9999673932257813
combined_overall,0.11656477400509248,1.0,0.9999673932257813
combined_overall,0.11659816377791277,1.0,0.9999673932257813
combined_overall,0.11660462631458766,1.0,0.9999673932257813
combined_overall,0.11660893467237093,1.0,0.9999673932257813
combined_overall,0.11661324303015419,1.0,0.9999673932257813
combined_overall,0.11662293683516654,1.0,0.9999673932257813
combined_overall,0.11662509101405817,1.0,0.9999673932257813
combined_overall,0.11662939937184144,1.0,0.9999673932257813
combined_overall,0.11663155355073307,1.0,0.9999673932257813
combined_overall,0.1166337077296247,1.0,0.9999673932257813
combined_overall,0.11664124735574541,1.0,0.9999673932257813
combined_overall,0.11664555571352868,1.0,0.9999673932257813
combined_overall,0.11665094116075775,1.0,0.9999673932257813
combined_overall,0.11665309533964939,1.0,0.9999673932257813
combined_overall,0.11666171205521592,1.0,0.9999673932257813
combined_overall,0.11666494332355336,1.0,0.9999673932257813
combined_overall,0.1166810996652406,1.0,0.9999673932257813
combined_overall,0.11668325384413224,1.0,0.9999673932257813
combined_overall,0.11669187055969876,1.0,0.9999673932257813
combined_overall,0.11669725600692783,1.0,0.9999673932257813
combined_overall,0.1167015643647111,1.0,0.9999673932257813
combined_overall,0.11670587272249437,1.0,0.9999673932257813
combined_overall,0.11671879779584415,1.0,0.9999673932257813
combined_overall,0.1167209519747358,1.0,0.9999673932257813
combined_overall,0.11674680212143537,1.0,0.9999673932257813
combined_overall,0.11675003338977281,1.0,0.9999673932257813
combined_overall,0.11676726682090588,1.0,0.9999673932257813
combined_overall,0.11677157517868914,1.0,0.9999673932257813
combined_overall,0.11678988569926801,1.0,0.9999673932257813
combined_overall,0.11679203987815964,1.0,0.9999673932257813
combined_overall,0.11680388786206362,1.0,0.9999673932257813
combined_overall,0.11680604204095525,1.0,0.9999673932257813
combined_overall,0.11680819621984688,1.0,0.9999673932257813
combined_overall,0.11681358166707596,1.0,0.9999673932257813
combined_overall,0.11683943181377554,1.0,0.9999673932257813
combined_overall,0.116842663082113,1.0,0.9999673932257813
combined_overall,0.11684912561878788,1.0,0.9999673932257813
combined_overall,0.11685127979767952,1.0,0.9999673932257813
combined_overall,0.11685343397657115,1.0,0.9999673932257813
combined_overall,0.11685558815546278,1.0,0.9999673932257813
combined_overall,0.11687174449715002,1.0,0.9999673932257813
combined_overall,0.11687389867604166,1.0,0.9999673932257813
combined_overall,0.11688790083883727,1.0,0.9999673932257813
combined_overall,0.1168900550177289,1.0,0.9999673932257813
combined_overall,0.11690728844886195,1.0,0.9999673932257813
combined_overall,0.11691159680664522,1.0,0.9999673932257813
combined_overall,0.11692344479054918,1.0,0.9999673932257813
combined_overall,0.11692667605888664,1.0,0.9999673932257813
combined_overall,0.11695037202669459,1.0,0.9999673932257813
combined_overall,0.11695252620558622,1.0,0.9999673932257813
combined_overall,0.11696006583170693,1.0,0.9999673932257813
combined_overall,0.11696329710004437,1.0,0.9999673932257813
combined_overall,0.11702469119845589,1.0,0.9999673932257813
combined_overall,0.11706777477628852,1.0,0.9999673932257813
combined_overall,0.11707100604462597,1.0,0.9999673932257813
combined_overall,0.1170731602235176,1.0,0.9999673932257813
combined_overall,0.11707746858130086,1.0,0.9999673932257813
combined_overall,0.1170796227601925,1.0,0.9999673932257813
combined_overall,0.1170860852968674,1.0,0.9999673932257813
combined_overall,0.11708931656520484,1.0,0.9999673932257813
combined_overall,0.11709470201243392,1.0,0.9999673932257813
combined_overall,0.11709901037021718,1.0,0.9999673932257813
combined_overall,0.1171140896224586,1.0,0.9999673932257813
combined_overall,0.11711624380135024,1.0,0.9999673932257813
combined_overall,0.1171205521591335,1.0,0.9999673932257813
combined_overall,0.11712270633802513,1.0,0.9999673932257813
combined_overall,0.11712593760636258,1.0,0.9999673932257813
combined_overall,0.11714317103749564,1.0,0.9999673932257813
combined_overall,0.11714532521638726,1.0,0.9999673932257813
combined_overall,0.11715932737918287,1.0,0.9999673932257813
combined_overall,0.11716148155807452,1.0,0.9999673932257813
combined_overall,0.1171679440947494,1.0,0.9999673932257813
combined_overall,0.11717009827364104,1.0,0.9999673932257813
combined_overall,0.11717332954197848,1.0,0.9999673932257813
combined_overall,0.11717548372087011,1.0,0.9999673932257813
combined_overall,0.11719379424144899,1.0,0.9999673932257813
combined_overall,0.11719594842034062,1.0,0.9999673932257813
combined_overall,0.11720887349369041,1.0,0.9999673932257813
combined_overall,0.11721102767258204,1.0,0.9999673932257813
combined_overall,0.11725841960819794,1.0,0.9999673932257813
combined_overall,0.1172616508765354,1.0,0.9999673932257813
combined_overall,0.11727242177099355,1.0,0.9999673932257813
combined_overall,0.11727457594988518,1.0,0.9999673932257813
combined_overall,0.11730042609658477,1.0,0.9999673932257813
combined_overall,0.1173025802754764,1.0,0.9999673932257813
combined_overall,0.11730796572270548,1.0,0.9999673932257813
combined_overall,0.1173101199015971,1.0,0.9999673932257813
combined_overall,0.11731335116993456,1.0,0.9999673932257813
combined_overall,0.11731550534882619,1.0,0.9999673932257813
combined_overall,0.11733058460106761,1.0,0.9999673932257813
combined_overall,0.11733489295885087,1.0,0.9999673932257813
combined_overall,0.11742106011451615,1.0,0.9999673932257813
combined_overall,0.11742321429340778,1.0,0.9999673932257813
combined_overall,0.11742967683008268,1.0,0.9999673932257813
combined_overall,0.11743183100897431,1.0,0.9999673932257813
combined_overall,0.11744367899287829,1.0,0.9999673932257813
combined_overall,0.11744691026121573,1.0,0.9999673932257813
combined_overall,0.11745444988733644,1.0,0.9999673932257813
combined_overall,0.11748783966015673,1.0,0.9999673932257813
combined_overall,0.11748999383904837,1.0,0.9999673932257813
combined_overall,0.11749968764406071,1.0,0.9999673932257813
combined_overall,0.11750184182295234,1.0,0.9999673932257813
combined_overall,0.11750399600184398,1.0,0.9999673932257813
combined_overall,0.11750938144907305,1.0,0.9999673932257813
combined_overall,0.11751261271741051,1.0,0.9999673932257813
combined_overall,0.11752553779076029,1.0,0.9999673932257813
combined_overall,0.11752769196965193,1.0,0.9999673932257813
combined_overall,0.11752984614854356,1.0,0.9999673932257813
combined_overall,0.11753200032743519,1.0,0.9999673932257813
combined_overall,0.11755138793745988,1.0,0.9999673932257813
combined_overall,0.11755354211635151,1.0,0.9999673932257813
combined_overall,0.11756431301080968,1.0,0.9999673932257813
combined_overall,0.11756862136859293,1.0,0.9999673932257813
combined_overall,0.11756969845803875,1.0,0.9999673932257813
combined_overall,0.11757185263693039,1.0,0.9999673932257813
combined_overall,0.11757616099471364,1.0,0.9999673932257813
combined_overall,0.11757831517360527,1.0,0.9999673932257813
combined_overall,0.11758262353138854,1.0,0.9999673932257813
combined_overall,0.11758477771028017,1.0,0.9999673932257813
combined_overall,0.11759447151529251,1.0,0.9999673932257813
combined_overall,0.11759662569418415,1.0,0.9999673932257813
combined_overall,0.1176203216619921,1.0,0.9999673932257813
combined_overall,0.11762247584088373,1.0,0.9999673932257813
combined_overall,0.1176332467353419,1.0,0.9999673932257813
combined_overall,0.11763540091423352,1.0,0.9999673932257813
combined_overall,0.11763755509312515,1.0,0.9999673932257813
combined_overall,0.11764078636146261,1.0,0.9999673932257813
combined_overall,0.11765048016647495,1.0,0.9999673932257813
combined_overall,0.11766340523982474,1.0,0.9999673932257813
combined_overall,0.11766879068705381,1.0,0.9999673932257813
combined_overall,0.1176741761342829,1.0,0.9999673932257813
combined_overall,0.1176881782970785,1.0,0.9999673932257813
combined_overall,0.11769033247597013,1.0,0.9999673932257813
combined_overall,0.1176946408337534,1.0,0.9999673932257813
combined_overall,0.11769679501264503,1.0,0.9999673932257813
combined_overall,0.1177011033704283,1.0,0.9999673932257813
combined_overall,0.11770648881765737,1.0,0.9999673932257813
combined_overall,0.11771079717544064,1.0,0.9999673932257813
combined_overall,0.11771295135433227,1.0,0.9999673932257813
combined_overall,0.11771618262266972,1.0,0.9999673932257813
combined_overall,0.11772479933823625,1.0,0.9999673932257813
combined_overall,0.11772803060657369,1.0,0.9999673932257813
combined_overall,0.11773018478546532,1.0,0.9999673932257813
combined_overall,0.11774957239549001,1.0,0.9999673932257813
combined_overall,0.11775172657438164,1.0,0.9999673932257813
combined_overall,0.11776465164773144,1.0,0.9999673932257813
combined_overall,0.11777434545274378,1.0,0.9999673932257813
combined_overall,0.1177764996316354,1.0,0.9999673932257813
combined_overall,0.11777865381052705,1.0,0.9999673932257813
combined_overall,0.1177829621683103,1.0,0.9999673932257813
combined_overall,0.11780019559944337,1.0,0.9999673932257813
combined_overall,0.117802349778335,1.0,0.9999673932257813
combined_overall,0.11780558104667244,1.0,0.9999673932257813
combined_overall,0.11786589805563813,1.0,0.9999673932257813
combined_overall,0.11788097730787955,1.0,0.9999673932257813
combined_overall,0.11788743984455445,1.0,0.9999673932257813
combined_overall,0.11789497947067516,1.0,0.9999673932257813
combined_overall,0.11789928782845843,1.0,0.9999673932257813
combined_overall,0.11794021722739943,1.0,0.9999673932257813
combined_overall,0.11794667976407433,1.0,0.9999673932257813
combined_overall,0.11798976334190696,1.0,0.9999673932257813
combined_overall,0.1179919175207986,1.0,0.9999673932257813
combined_overall,0.11800376550470257,1.0,0.9999673932257813
combined_overall,0.11800699677304002,1.0,0.9999673932257813
combined_overall,0.11802423020417308,1.0,0.9999673932257813
combined_overall,0.1180328469197396,1.0,0.9999673932257813
combined_overall,0.11805546579810174,1.0,0.9999673932257813
combined_overall,0.11805761997699336,1.0,0.9999673932257813
combined_overall,0.11807593049757224,1.0,0.9999673932257813
combined_overall,0.11807808467646387,1.0,0.9999673932257813
combined_overall,0.11808239303424714,1.0,0.9999673932257813
combined_overall,0.11808454721313877,1.0,0.9999673932257813
combined_overall,0.11811255153872999,1.0,0.9999673932257813
combined_overall,0.11811470571762162,1.0,0.9999673932257813
combined_overall,0.11812332243318814,1.0,0.9999673932257813
combined_overall,0.11812547661207977,1.0,0.9999673932257813
combined_overall,0.11813086205930885,1.0,0.9999673932257813
combined_overall,0.11813301623820048,1.0,0.9999673932257813
combined_overall,0.11814594131155028,1.0,0.9999673932257813
combined_overall,0.11815671220600843,1.0,0.9999673932257813
combined_overall,0.1181674831004666,1.0,0.9999673932257813
combined_overall,0.11817179145824985,1.0,0.9999673932257813
combined_overall,0.11817933108437056,1.0,0.9999673932257813
combined_overall,0.1181814852632622,1.0,0.9999673932257813
combined_overall,0.11818687071049128,1.0,0.9999673932257813
combined_overall,0.11818902488938292,1.0,0.9999673932257813
combined_overall,0.11819979578384107,1.0,0.9999673932257813
combined_overall,0.11820410414162434,1.0,0.9999673932257813
combined_overall,0.11820518123107016,1.0,0.9999673932257813
combined_overall,0.11820733540996178,1.0,0.9999673932257813
combined_overall,0.11821164376774505,1.0,0.9999673932257813
combined_overall,0.1182148750360825,1.0,0.9999673932257813
combined_overall,0.11822349175164902,1.0,0.9999673932257813
combined_overall,0.11822564593054066,1.0,0.9999673932257813
combined_overall,0.11824503354056534,1.0,0.9999673932257813
combined_overall,0.11824934189834861,1.0,0.9999673932257813
combined_overall,0.11825688152446932,1.0,0.9999673932257813
combined_overall,0.11825903570336095,1.0,0.9999673932257813
combined_overall,0.11826334406114421,1.0,0.9999673932257813
combined_overall,0.11826765241892748,1.0,0.9999673932257813
combined_overall,0.11827088368726492,1.0,0.9999673932257813
combined_overall,0.11827734622393982,1.0,0.9999673932257813
combined_overall,0.1182891942078438,1.0,0.9999673932257813
combined_overall,0.11829134838673543,1.0,0.9999673932257813
combined_overall,0.11829242547618124,1.0,0.9999673932257813
combined_overall,0.11829457965507288,1.0,0.9999673932257813
combined_overall,0.11829781092341032,1.0,0.9999673932257813
combined_overall,0.11830858181786848,1.0,0.9999673932257813
combined_overall,0.11831181308620593,1.0,0.9999673932257813
combined_overall,0.11831935271232664,1.0,0.9999673932257813
combined_overall,0.11832581524900154,1.0,0.9999673932257813
combined_overall,0.1183301236067848,1.0,0.9999673932257813
combined_overall,0.1183505883062553,1.0,0.9999673932257813
combined_overall,0.11835274248514693,1.0,0.9999673932257813
combined_overall,0.11835812793237602,1.0,0.9999673932257813
combined_overall,0.11836028211126765,1.0,0.9999673932257813
combined_overall,0.11836997591627998,1.0,0.9999673932257813
combined_overall,0.11837213009517163,1.0,0.9999673932257813
combined_overall,0.11837536136350907,1.0,0.9999673932257813
combined_overall,0.11837859263184652,1.0,0.9999673932257813
combined_overall,0.11839582606297958,1.0,0.9999673932257813
combined_overall,0.11839905733131702,1.0,0.9999673932257813
combined_overall,0.11840013442076283,1.0,0.9999673932257813
combined_overall,0.11840228859965447,1.0,0.9999673932257813
combined_overall,0.11840659695743773,1.0,0.9999673932257813
combined_overall,0.11840875113632937,1.0,0.9999673932257813
combined_overall,0.11841198240466681,1.0,0.9999673932257813
combined_overall,0.11842706165690824,1.0,0.9999673932257813
combined_overall,0.11842921583579986,1.0,0.9999673932257813
combined_overall,0.11843460128302895,1.0,0.9999673932257813
combined_overall,0.11843890964081222,1.0,0.9999673932257813
combined_overall,0.11844860344582456,1.0,0.9999673932257813
combined_overall,0.11845075762471619,1.0,0.9999673932257813
combined_overall,0.11845291180360781,1.0,0.9999673932257813
combined_overall,0.11845506598249946,1.0,0.9999673932257813
combined_overall,0.11846045142972852,1.0,0.9999673932257813
combined_overall,0.11846260560862017,1.0,0.9999673932257813
combined_overall,0.11847014523474088,1.0,0.9999673932257813
combined_overall,0.1184722994136325,1.0,0.9999673932257813
combined_overall,0.11850030373922373,1.0,0.9999673932257813
combined_overall,0.11850245791811535,1.0,0.9999673932257813
combined_overall,0.1185056891864528,1.0,0.9999673932257813
combined_overall,0.11851538299146515,1.0,0.9999673932257813
combined_overall,0.1185261538859233,1.0,0.9999673932257813
combined_overall,0.11852830806481493,1.0,0.9999673932257813
combined_overall,0.118545541495948,1.0,0.9999673932257813
combined_overall,0.11854769567483962,1.0,0.9999673932257813
combined_overall,0.11856062074818942,1.0,0.9999673932257813
combined_overall,0.11857677708987666,1.0,0.9999673932257813
combined_overall,0.1186069355943595,1.0,0.9999673932257813
combined_overall,0.11860908977325113,1.0,0.9999673932257813
combined_overall,0.11861662939937184,1.0,0.9999673932257813
combined_overall,0.11862309193604674,1.0,0.9999673932257813
combined_overall,0.11865001917219213,1.0,0.9999673932257813
combined_overall,0.11865325044052959,1.0,0.9999673932257813
combined_overall,0.11865755879831284,1.0,0.9999673932257813
combined_overall,0.11865863588775866,1.0,0.9999673932257813
combined_overall,0.11866186715609611,1.0,0.9999673932257813
combined_overall,0.11866294424554193,1.0,0.9999673932257813
combined_overall,0.11866617551387937,1.0,0.9999673932257813
combined_overall,0.11867263805055427,1.0,0.9999673932257813
combined_overall,0.11867479222944591,1.0,0.9999673932257813
combined_overall,0.11867586931889172,1.0,0.9999673932257813
combined_overall,0.11868017767667498,1.0,0.9999673932257813
combined_overall,0.11879219497903984,1.0,0.9999673932257813
combined_overall,0.11879434915793147,1.0,0.9999673932257813
combined_overall,0.11880188878405218,1.0,0.9999673932257813
combined_overall,0.11880404296294382,1.0,0.9999673932257813
combined_overall,0.11881804512573942,1.0,0.9999673932257813
combined_overall,0.11882127639407687,1.0,0.9999673932257813
combined_overall,0.1188234305729685,1.0,0.9999673932257813
combined_overall,0.11882558475186013,1.0,0.9999673932257813
combined_overall,0.11884497236188482,1.0,0.9999673932257813
combined_overall,0.11884712654077645,1.0,0.9999673932257813
combined_overall,0.11887297668747604,1.0,0.9999673932257813
combined_overall,0.11887943922415092,1.0,0.9999673932257813
combined_overall,0.11888159340304257,1.0,0.9999673932257813
combined_overall,0.1188837475819342,1.0,0.9999673932257813
combined_overall,0.11889451847639235,1.0,0.9999673932257813
combined_overall,0.1188977497447298,1.0,0.9999673932257813
combined_overall,0.11889882683417562,1.0,0.9999673932257813
combined_overall,0.11890098101306724,1.0,0.9999673932257813
combined_overall,0.11891498317586285,1.0,0.9999673932257813
combined_overall,0.11891713735475448,1.0,0.9999673932257813
combined_overall,0.11892144571253775,1.0,0.9999673932257813
combined_overall,0.11892359989142938,1.0,0.9999673932257813
combined_overall,0.11893329369644173,1.0,0.9999673932257813
combined_overall,0.11893544787533336,1.0,0.9999673932257813
combined_overall,0.11894083332256244,1.0,0.9999673932257813
combined_overall,0.11894406459089989,1.0,0.9999673932257813
combined_overall,0.11894621876979151,1.0,0.9999673932257813
combined_overall,0.11894945003812897,1.0,0.9999673932257813
combined_overall,0.11895052712757478,1.0,0.9999673932257813
combined_overall,0.11895483548535804,1.0,0.9999673932257813
combined_overall,0.11895591257480387,1.0,0.9999673932257813
combined_overall,0.11896022093258712,1.0,0.9999673932257813
combined_overall,0.11896237511147875,1.0,0.9999673932257813
combined_overall,0.11896991473759946,1.0,0.9999673932257813
combined_overall,0.1189720689164911,1.0,0.9999673932257813
combined_overall,0.11897422309538273,1.0,0.9999673932257813
combined_overall,0.11898283981094926,1.0,0.9999673932257813
combined_overall,0.11898714816873253,1.0,0.9999673932257813
combined_overall,0.11898822525817834,1.0,0.9999673932257813
combined_overall,0.11899037943706997,1.0,0.9999673932257813
combined_overall,0.11900438159986558,1.0,0.9999673932257813
combined_overall,0.11900653577875721,1.0,0.9999673932257813
combined_overall,0.1190129983154321,1.0,0.9999673932257813
combined_overall,0.11901515249432373,1.0,0.9999673932257813
combined_overall,0.11901730667321538,1.0,0.9999673932257813
combined_overall,0.119019460852107,1.0,0.9999673932257813
combined_overall,0.11902161503099863,1.0,0.9999673932257813
combined_overall,0.11902376920989026,1.0,0.9999673932257813
combined_overall,0.11904423390936077,1.0,0.9999673932257813
combined_overall,0.11904854226714404,1.0,0.9999673932257813
combined_overall,0.11905823607215638,1.0,0.9999673932257813
combined_overall,0.119060390251048,1.0,0.9999673932257813
combined_overall,0.11906792987716872,1.0,0.9999673932257813
combined_overall,0.11907008405606036,1.0,0.9999673932257813
combined_overall,0.11908085495051851,1.0,0.9999673932257813
combined_overall,0.11908300912941014,1.0,0.9999673932257813
combined_overall,0.11911209054444717,1.0,0.9999673932257813
combined_overall,0.11911747599167626,1.0,0.9999673932257813
combined_overall,0.11912609270724278,1.0,0.9999673932257813
combined_overall,0.11912824688613441,1.0,0.9999673932257813
combined_overall,0.11913147815447186,1.0,0.9999673932257813
combined_overall,0.11913363233336349,1.0,0.9999673932257813
combined_overall,0.11913794069114675,1.0,0.9999673932257813
combined_overall,0.11914009487003839,1.0,0.9999673932257813
combined_overall,0.1191476344961591,1.0,0.9999673932257813
combined_overall,0.11915732830117144,1.0,0.9999673932257813
combined_overall,0.11915948248006307,1.0,0.9999673932257813
combined_overall,0.11917133046396705,1.0,0.9999673932257813
combined_overall,0.11917348464285868,1.0,0.9999673932257813
combined_overall,0.1191821013584252,1.0,0.9999673932257813
combined_overall,0.11918533262676266,1.0,0.9999673932257813
combined_overall,0.11919179516343756,1.0,0.9999673932257813
combined_overall,0.11919394934232919,1.0,0.9999673932257813
combined_overall,0.11920687441567898,1.0,0.9999673932257813
combined_overall,0.11920902859457061,1.0,0.9999673932257813
combined_overall,0.11922303075736622,1.0,0.9999673932257813
combined_overall,0.11922518493625785,1.0,0.9999673932257813
combined_overall,0.11925426635129488,1.0,0.9999673932257813
combined_overall,0.11925857470907814,1.0,0.9999673932257813
combined_overall,0.11926072888796978,1.0,0.9999673932257813
combined_overall,0.1192693456035363,1.0,0.9999673932257813
combined_overall,0.11931350627081476,1.0,0.9999673932257813
combined_overall,0.11931566044970639,1.0,0.9999673932257813
combined_overall,0.11931889171804383,1.0,0.9999673932257813
combined_overall,0.11932212298638128,1.0,0.9999673932257813
combined_overall,0.11932427716527291,1.0,0.9999673932257813
combined_overall,0.11932750843361035,1.0,0.9999673932257813
combined_overall,0.119329662612502,1.0,0.9999673932257813
combined_overall,0.11933181679139362,1.0,0.9999673932257813
combined_overall,0.11934581895418923,1.0,0.9999673932257813
combined_overall,0.11934797313308086,1.0,0.9999673932257813
combined_overall,0.11935335858030995,1.0,0.9999673932257813
combined_overall,0.11935982111698484,1.0,0.9999673932257813
combined_overall,0.11937597745867208,1.0,0.9999673932257813
combined_overall,0.11937813163756371,1.0,0.9999673932257813
combined_overall,0.11937920872700952,1.0,0.9999673932257813
combined_overall,0.11938136290590116,1.0,0.9999673932257813
combined_overall,0.11939859633703422,1.0,0.9999673932257813
combined_overall,0.11940075051592584,1.0,0.9999673932257813
combined_overall,0.11940505887370911,1.0,0.9999673932257813
combined_overall,0.11940721305260074,1.0,0.9999673932257813
combined_overall,0.11943090902040869,1.0,0.9999673932257813
combined_overall,0.11943306319930032,1.0,0.9999673932257813
combined_overall,0.1194384486465294,1.0,0.9999673932257813
combined_overall,0.11944706536209593,1.0,0.9999673932257813
combined_overall,0.1194513737198792,1.0,0.9999673932257813
combined_overall,0.11945460498821664,1.0,0.9999673932257813
combined_overall,0.11945999043544572,1.0,0.9999673932257813
combined_overall,0.11946214461433735,1.0,0.9999673932257813
combined_overall,0.11947830095602459,1.0,0.9999673932257813
combined_overall,0.11948260931380786,1.0,0.9999673932257813
combined_overall,0.11948476349269949,1.0,0.9999673932257813
combined_overall,0.11948799476103694,1.0,0.9999673932257813
combined_overall,0.11949014893992857,1.0,0.9999673932257813
combined_overall,0.11949122602937438,1.0,0.9999673932257813
combined_overall,0.11949445729771183,1.0,0.9999673932257813
combined_overall,0.11951599908662815,1.0,0.9999673932257813
combined_overall,0.1195192303549656,1.0,0.9999673932257813
combined_overall,0.11952138453385723,1.0,0.9999673932257813
combined_overall,0.11952461580219467,1.0,0.9999673932257813
combined_overall,0.11952784707053213,1.0,0.9999673932257813
combined_overall,0.1195396950544361,1.0,0.9999673932257813
combined_overall,0.11955477430667752,1.0,0.9999673932257813
combined_overall,0.11955908266446079,1.0,0.9999673932257813
combined_overall,0.11956446811168987,1.0,0.9999673932257813
combined_overall,0.11958600990060618,1.0,0.9999673932257813
combined_overall,0.11958924116894364,1.0,0.9999673932257813
combined_overall,0.11959031825838945,1.0,0.9999673932257813
combined_overall,0.11959678079506435,1.0,0.9999673932257813
combined_overall,0.11959893497395598,1.0,0.9999673932257813
combined_overall,0.11960324333173925,1.0,0.9999673932257813
combined_overall,0.11960970586841414,1.0,0.9999673932257813
combined_overall,0.11961832258398067,1.0,0.9999673932257813
combined_overall,0.11963340183622209,1.0,0.9999673932257813
combined_overall,0.11963555601511372,1.0,0.9999673932257813
combined_overall,0.11966463743015075,1.0,0.9999673932257813
combined_overall,0.11966679160904238,1.0,0.9999673932257813
combined_overall,0.11967325414571728,1.0,0.9999673932257813
combined_overall,0.1196754083246089,1.0,0.9999673932257813
combined_overall,0.11969371884518779,1.0,0.9999673932257813
combined_overall,0.11969802720297104,1.0,0.9999673932257813
combined_overall,0.11970448973964594,1.0,0.9999673932257813
combined_overall,0.11972818570745389,1.0,0.9999673932257813
combined_overall,0.11973464824412879,1.0,0.9999673932257813
combined_overall,0.11974111078080368,1.0,0.9999673932257813
combined_overall,0.11974326495969531,1.0,0.9999673932257813
combined_overall,0.11975080458581602,1.0,0.9999673932257813
combined_overall,0.11976696092750326,1.0,0.9999673932257813
combined_overall,0.11977342346417816,1.0,0.9999673932257813
combined_overall,0.11978096309029887,1.0,0.9999673932257813
combined_overall,0.11979065689531121,1.0,0.9999673932257813
combined_overall,0.11979281107420285,1.0,0.9999673932257813
combined_overall,0.11980250487921519,1.0,0.9999673932257813
combined_overall,0.11980896741589009,1.0,0.9999673932257813
combined_overall,0.11981219868422753,1.0,0.9999673932257813
combined_overall,0.11981542995256499,1.0,0.9999673932257813
combined_overall,0.11981758413145661,1.0,0.9999673932257813
combined_overall,0.11982835502591477,1.0,0.9999673932257813
combined_overall,0.11983050920480641,1.0,0.9999673932257813
combined_overall,0.11984128009926456,1.0,0.9999673932257813
combined_overall,0.11984343427815619,1.0,0.9999673932257813
combined_overall,0.11985205099372272,1.0,0.9999673932257813
combined_overall,0.11985420517261436,1.0,0.9999673932257813
combined_overall,0.1198574364409518,1.0,0.9999673932257813
combined_overall,0.11986174479873507,1.0,0.9999673932257813
combined_overall,0.11986713024596414,1.0,0.9999673932257813
combined_overall,0.11988113240875975,1.0,0.9999673932257813
combined_overall,0.1198843636770972,1.0,0.9999673932257813
combined_overall,0.11989513457155536,1.0,0.9999673932257813
combined_overall,0.1199048283765677,1.0,0.9999673932257813
combined_overall,0.11990698255545934,1.0,0.9999673932257813
combined_overall,0.11991344509213422,1.0,0.9999673932257813
combined_overall,0.11991667636047168,1.0,0.9999673932257813
combined_overall,0.11992098471825494,1.0,0.9999673932257813
combined_overall,0.11992313889714658,1.0,0.9999673932257813
combined_overall,0.11992637016548402,1.0,0.9999673932257813
combined_overall,0.11992852434437565,1.0,0.9999673932257813
combined_overall,0.119938218149388,1.0,0.9999673932257813
combined_overall,0.11993929523883382,1.0,0.9999673932257813
combined_overall,0.11994898904384615,1.0,0.9999673932257813
combined_overall,0.11995114322273778,1.0,0.9999673932257813
combined_overall,0.11995329740162942,1.0,0.9999673932257813
combined_overall,0.11996299120664176,1.0,0.9999673932257813
combined_overall,0.11996406829608758,1.0,0.9999673932257813
combined_overall,0.11997160792220829,1.0,0.9999673932257813
combined_overall,0.11997376210109992,1.0,0.9999673932257813
combined_overall,0.11997699336943737,1.0,0.9999673932257813
combined_overall,0.11998776426389553,1.0,0.9999673932257813
combined_overall,0.1199920726216788,1.0,0.9999673932257813
combined_overall,0.12000068933724532,1.0,0.9999673932257813
combined_overall,0.12000392060558276,1.0,0.9999673932257813
combined_overall,0.12000499769502859,1.0,0.9999673932257813
combined_overall,0.12000930605281185,1.0,0.9999673932257813
combined_overall,0.12001361441059512,1.0,0.9999673932257813
combined_overall,0.12001899985782419,1.0,0.9999673932257813
combined_overall,0.12002007694727002,1.0,0.9999673932257813
combined_overall,0.12002761657339073,1.0,0.9999673932257813
combined_overall,0.12002977075228236,1.0,0.9999673932257813
combined_overall,0.12003084784172817,1.0,0.9999673932257813
combined_overall,0.1200330020206198,1.0,0.9999673932257813
combined_overall,0.12003407911006561,1.0,0.9999673932257813
combined_overall,0.12003731037840307,1.0,0.9999673932257813
combined_overall,0.12005238963064449,1.0,0.9999673932257813
combined_overall,0.12005669798842775,1.0,0.9999673932257813
combined_overall,0.12005777507787356,1.0,0.9999673932257813
combined_overall,0.12006208343565683,1.0,0.9999673932257813
combined_overall,0.12006746888288591,1.0,0.9999673932257813
combined_overall,0.12007716268789825,1.0,0.9999673932257813
combined_overall,0.12008147104568152,1.0,0.9999673932257813
combined_overall,0.12008254813512734,1.0,0.9999673932257813
combined_overall,0.12008793358235641,1.0,0.9999673932257813
combined_overall,0.1200943961190313,1.0,0.9999673932257813
combined_overall,0.12009655029792295,1.0,0.9999673932257813
combined_overall,0.12010516701348947,1.0,0.9999673932257813
combined_overall,0.12012240044462252,1.0,0.9999673932257813
combined_overall,0.1201342484285265,1.0,0.9999673932257813
combined_overall,0.12014178805464722,1.0,0.9999673932257813
combined_overall,0.12014394223353884,1.0,0.9999673932257813
combined_overall,0.12014501932298466,1.0,0.9999673932257813
combined_overall,0.12015040477021374,1.0,0.9999673932257813
combined_overall,0.12015255894910537,1.0,0.9999673932257813
combined_overall,0.12015686730688864,1.0,0.9999673932257813
combined_overall,0.12016009857522608,1.0,0.9999673932257813
combined_overall,0.12016225275411771,1.0,0.9999673932257813
combined_overall,0.12016332984356352,1.0,0.9999673932257813
combined_overall,0.1201676382013468,1.0,0.9999673932257813
combined_overall,0.12018379454303403,1.0,0.9999673932257813
combined_overall,0.12019025707970893,1.0,0.9999673932257813
combined_overall,0.12019779670582964,1.0,0.9999673932257813
combined_overall,0.12020102797416708,1.0,0.9999673932257813
combined_overall,0.12020425924250454,1.0,0.9999673932257813
combined_overall,0.12020749051084198,1.0,0.9999673932257813
combined_overall,0.12021287595807106,1.0,0.9999673932257813
combined_overall,0.12021933849474596,1.0,0.9999673932257813
combined_overall,0.12025380535701206,1.0,0.9999673932257813
combined_overall,0.1202559595359037,1.0,0.9999673932257813
combined_overall,0.12025919080424115,1.0,0.9999673932257813
combined_overall,0.12026134498313278,1.0,0.9999673932257813
combined_overall,0.12027965550371165,1.0,0.9999673932257813
combined_overall,0.12028180968260328,1.0,0.9999673932257813
combined_overall,0.1202968889348447,1.0,0.9999673932257813
combined_overall,0.12030119729262796,1.0,0.9999673932257813
combined_overall,0.12030227438207379,1.0,0.9999673932257813
combined_overall,0.12032273908154428,1.0,0.9999673932257813
combined_overall,0.12033458706544826,1.0,0.9999673932257813
combined_overall,0.12034320378101479,1.0,0.9999673932257813
combined_overall,0.12035289758602713,1.0,0.9999673932257813
combined_overall,0.12035612885436459,1.0,0.9999673932257813
combined_overall,0.1203572059438104,1.0,0.9999673932257813
combined_overall,0.12036259139103948,1.0,0.9999673932257813
combined_overall,0.12037443937494345,1.0,0.9999673932257813
combined_overall,0.12037659355383508,1.0,0.9999673932257813
combined_overall,0.12037982482217253,1.0,0.9999673932257813
combined_overall,0.12038305609050998,1.0,0.9999673932257813
combined_overall,0.12038736444829325,1.0,0.9999673932257813
combined_overall,0.12039059571663069,1.0,0.9999673932257813
combined_overall,0.12039274989552233,1.0,0.9999673932257813
combined_overall,0.12039382698496814,1.0,0.9999673932257813
combined_overall,0.12040028952164304,1.0,0.9999673932257813
combined_overall,0.12040890623720957,1.0,0.9999673932257813
combined_overall,0.1204110604161012,1.0,0.9999673932257813
combined_overall,0.12041429168443864,1.0,0.9999673932257813
combined_overall,0.12041644586333028,1.0,0.9999673932257813
combined_overall,0.12041860004222191,1.0,0.9999673932257813
combined_overall,0.12042075422111354,1.0,0.9999673932257813
combined_overall,0.1204918421245374,1.0,0.9999673932257813
combined_overall,0.12049399630342902,1.0,0.9999673932257813
combined_overall,0.1205198464501286,1.0,0.9999673932257813
combined_overall,0.12052200062902024,1.0,0.9999673932257813
combined_overall,0.12053707988126167,1.0,0.9999673932257813
combined_overall,0.12054892786516563,1.0,0.9999673932257813
combined_overall,0.12055754458073216,1.0,0.9999673932257813
combined_overall,0.12055969875962379,1.0,0.9999673932257813
combined_overall,0.12056077584906962,1.0,0.9999673932257813
combined_overall,0.12056508420685287,1.0,0.9999673932257813
combined_overall,0.1205801634590943,1.0,0.9999673932257813
combined_overall,0.12058231763798592,1.0,0.9999673932257813
combined_overall,0.12059201144299828,1.0,0.9999673932257813
combined_overall,0.1205941656218899,1.0,0.9999673932257813
combined_overall,0.12061786158969785,1.0,0.9999673932257813
combined_overall,0.12062647830526438,1.0,0.9999673932257813
combined_overall,0.12065017427307233,1.0,0.9999673932257813
combined_overall,0.12065232845196397,1.0,0.9999673932257813
combined_overall,0.12065340554140978,1.0,0.9999673932257813
combined_overall,0.12065771389919304,1.0,0.9999673932257813
combined_overall,0.1206609451675305,1.0,0.9999673932257813
combined_overall,0.12066525352531375,1.0,0.9999673932257813
combined_overall,0.12069002658256753,1.0,0.9999673932257813
combined_overall,0.12069218076145916,1.0,0.9999673932257813
combined_overall,0.12069756620868824,1.0,0.9999673932257813
combined_overall,0.12069972038757987,1.0,0.9999673932257813
combined_overall,0.12070510583480895,1.0,0.9999673932257813
combined_overall,0.12070726001370058,1.0,0.9999673932257813
combined_overall,0.12071910799760455,1.0,0.9999673932257813
combined_overall,0.12072341635538782,1.0,0.9999673932257813
combined_overall,0.12072772471317109,1.0,0.9999673932257813
combined_overall,0.12072987889206271,1.0,0.9999673932257813
combined_overall,0.12073203307095434,1.0,0.9999673932257813
combined_overall,0.12073418724984597,1.0,0.9999673932257813
combined_overall,0.12077511664878698,1.0,0.9999673932257813
combined_overall,0.12077834791712443,1.0,0.9999673932257813
combined_overall,0.12079019590102841,1.0,0.9999673932257813
combined_overall,0.12079235007992004,1.0,0.9999673932257813
combined_overall,0.12079988970604075,1.0,0.9999673932257813
combined_overall,0.12080204388493238,1.0,0.9999673932257813
combined_overall,0.12081496895828217,1.0,0.9999673932257813
combined_overall,0.12081820022661961,1.0,0.9999673932257813
combined_overall,0.12082035440551125,1.0,0.9999673932257813
combined_overall,0.12082143149495707,1.0,0.9999673932257813
combined_overall,0.12082573985274032,1.0,0.9999673932257813
combined_overall,0.12083435656830686,1.0,0.9999673932257813
combined_overall,0.12083651074719849,1.0,0.9999673932257813
combined_overall,0.12085158999943992,1.0,0.9999673932257813
combined_overall,0.12085374417833154,1.0,0.9999673932257813
combined_overall,0.120856975446669,1.0,0.9999673932257813
combined_overall,0.12085912962556063,1.0,0.9999673932257813
combined_overall,0.12086343798334388,1.0,0.9999673932257813
combined_overall,0.1208709776094646,1.0,0.9999673932257813
combined_overall,0.12088713395115185,1.0,0.9999673932257813
combined_overall,0.12089467357727256,1.0,0.9999673932257813
combined_overall,0.12090113611394744,1.0,0.9999673932257813
combined_overall,0.12090652156117652,1.0,0.9999673932257813
combined_overall,0.12090867574006815,1.0,0.9999673932257813
combined_overall,0.12091190700840561,1.0,0.9999673932257813
combined_overall,0.12091621536618886,1.0,0.9999673932257813
combined_overall,0.12091729245563469,1.0,0.9999673932257813
combined_overall,0.12091944663452632,1.0,0.9999673932257813
combined_overall,0.1209248320817554,1.0,0.9999673932257813
combined_overall,0.12092698626064703,1.0,0.9999673932257813
combined_overall,0.12094745096011753,1.0,0.9999673932257813
combined_overall,0.12095283640734661,1.0,0.9999673932257813
combined_overall,0.12095822185457569,1.0,0.9999673932257813
combined_overall,0.12096145312291313,1.0,0.9999673932257813
combined_overall,0.12096791565958803,1.0,0.9999673932257813
combined_overall,0.12096899274903385,1.0,0.9999673932257813
combined_overall,0.12097437819626293,1.0,0.9999673932257813
combined_overall,0.12097760946460037,1.0,0.9999673932257813
combined_overall,0.12097976364349201,1.0,0.9999673932257813
combined_overall,0.12098084073293783,1.0,0.9999673932257813
combined_overall,0.12098299491182946,1.0,0.9999673932257813
combined_overall,0.12098407200127527,1.0,0.9999673932257813
combined_overall,0.12098622618016691,1.0,0.9999673932257813
combined_overall,0.12098945744850435,1.0,0.9999673932257813
combined_overall,0.1209926887168418,1.0,0.9999673932257813
combined_overall,0.12099591998517925,1.0,0.9999673932257813
combined_overall,0.12099807416407088,1.0,0.9999673932257813
combined_overall,0.12100992214797486,1.0,0.9999673932257813
combined_overall,0.12101207632686649,1.0,0.9999673932257813
combined_overall,0.1210131534163123,1.0,0.9999673932257813
combined_overall,0.12101530759520393,1.0,0.9999673932257813
combined_overall,0.12102500140021628,1.0,0.9999673932257813
combined_overall,0.12102715557910791,1.0,0.9999673932257813
combined_overall,0.12106485370971147,1.0,0.9999673932257813
combined_overall,0.1210670078886031,1.0,0.9999673932257813
combined_overall,0.12106808497804891,1.0,0.9999673932257813
combined_overall,0.12107131624638637,1.0,0.9999673932257813
combined_overall,0.12107562460416962,1.0,0.9999673932257813
combined_overall,0.12108531840918198,1.0,0.9999673932257813
combined_overall,0.12108962676696523,1.0,0.9999673932257813
combined_overall,0.12109178094585686,1.0,0.9999673932257813
combined_overall,0.1210939351247485,1.0,0.9999673932257813
combined_overall,0.12111116855588155,1.0,0.9999673932257813
combined_overall,0.12111332273477318,1.0,0.9999673932257813
combined_overall,0.12111763109255645,1.0,0.9999673932257813
combined_overall,0.12111978527144808,1.0,0.9999673932257813
combined_overall,0.1211208623608939,1.0,0.9999673932257813
combined_overall,0.12112517071867716,1.0,0.9999673932257813
combined_overall,0.12113055616590625,1.0,0.9999673932257813
combined_overall,0.1211348645236895,1.0,0.9999673932257813
combined_overall,0.12113701870258113,1.0,0.9999673932257813
combined_overall,0.12115963758094327,1.0,0.9999673932257813
combined_overall,0.12116394593872654,1.0,0.9999673932257813
combined_overall,0.12116717720706398,1.0,0.9999673932257813
combined_overall,0.1211682542965098,1.0,0.9999673932257813
combined_overall,0.12117040847540143,1.0,0.9999673932257813
combined_overall,0.12118656481708867,1.0,0.9999673932257813
combined_overall,0.1211887189959803,1.0,0.9999673932257813
combined_overall,0.12121026078489662,1.0,0.9999673932257813
combined_overall,0.12121456914267989,1.0,0.9999673932257813
combined_overall,0.1212221087688006,1.0,0.9999673932257813
combined_overall,0.12122426294769223,1.0,0.9999673932257813
combined_overall,0.12124903600494599,1.0,0.9999673932257813
combined_overall,0.12125119018383762,1.0,0.9999673932257813
combined_overall,0.12125334436272926,1.0,0.9999673932257813
combined_overall,0.12125549854162089,1.0,0.9999673932257813
combined_overall,0.12126088398884997,1.0,0.9999673932257813
combined_overall,0.1212630381677416,1.0,0.9999673932257813
combined_overall,0.12126519234663323,1.0,0.9999673932257813
combined_overall,0.12126734652552487,1.0,0.9999673932257813
combined_overall,0.12127380906219976,1.0,0.9999673932257813
combined_overall,0.1212759632410914,1.0,0.9999673932257813
combined_overall,0.12127811741998303,1.0,0.9999673932257813
combined_overall,0.12128027159887465,1.0,0.9999673932257813
combined_overall,0.12128457995665792,1.0,0.9999673932257813
combined_overall,0.12128673413554955,1.0,0.9999673932257813
combined_overall,0.12129211958277863,1.0,0.9999673932257813
combined_overall,0.12135243659174433,1.0,0.9999673932257813
combined_overall,0.12135674494952758,1.0,0.9999673932257813
combined_overall,0.12135889912841923,1.0,0.9999673932257813
combined_overall,0.12136967002287738,1.0,0.9999673932257813
combined_overall,0.12137182420176901,1.0,0.9999673932257813
combined_overall,0.12139444308013114,1.0,0.9999673932257813
combined_overall,0.12139659725902278,1.0,0.9999673932257813
combined_overall,0.1213976743484686,1.0,0.9999673932257813
combined_overall,0.12139982852736023,1.0,0.9999673932257813
combined_overall,0.12140198270625185,1.0,0.9999673932257813
combined_overall,0.12140629106403512,1.0,0.9999673932257813
combined_overall,0.12141383069015584,1.0,0.9999673932257813
combined_overall,0.12141921613738492,1.0,0.9999673932257813
combined_overall,0.12142352449516818,1.0,0.9999673932257813
combined_overall,0.1214256786740598,1.0,0.9999673932257813
combined_overall,0.12142675576350563,1.0,0.9999673932257813
combined_overall,0.12142890994239726,1.0,0.9999673932257813
combined_overall,0.1214386037474096,1.0,0.9999673932257813
combined_overall,0.12144291210519287,1.0,0.9999673932257813
combined_overall,0.12144829755242194,1.0,0.9999673932257813
combined_overall,0.12145260591020521,1.0,0.9999673932257813
combined_overall,0.12145583717854265,1.0,0.9999673932257813
combined_overall,0.12145799135743429,1.0,0.9999673932257813
combined_overall,0.12147307060967572,1.0,0.9999673932257813
combined_overall,0.12147522478856734,1.0,0.9999673932257813
combined_overall,0.12148384150413387,1.0,0.9999673932257813
combined_overall,0.1214859956830255,1.0,0.9999673932257813
combined_overall,0.12148707277247131,1.0,0.9999673932257813
combined_overall,0.12148922695136295,1.0,0.9999673932257813
combined_overall,0.12149138113025458,1.0,0.9999673932257813
combined_overall,0.12149353530914621,1.0,0.9999673932257813
combined_overall,0.12156246903367843,1.0,0.9999673932257813
combined_overall,0.12156462321257007,1.0,0.9999673932257813
combined_overall,0.12157000865979914,1.0,0.9999673932257813
combined_overall,0.12157216283869078,1.0,0.9999673932257813
combined_overall,0.12158293373314893,1.0,0.9999673932257813
combined_overall,0.12158616500148638,1.0,0.9999673932257813
combined_overall,0.12158831918037802,1.0,0.9999673932257813
combined_overall,0.12160016716428199,1.0,0.9999673932257813
combined_overall,0.12160339843261944,1.0,0.9999673932257813
combined_overall,0.12161309223763178,1.0,0.9999673932257813
combined_overall,0.12161632350596922,1.0,0.9999673932257813
combined_overall,0.12161955477430668,1.0,0.9999673932257813
combined_overall,0.12162386313208993,1.0,0.9999673932257813
combined_overall,0.12162494022153576,1.0,0.9999673932257813
combined_overall,0.12162709440042739,1.0,0.9999673932257813
combined_overall,0.12163140275821065,1.0,0.9999673932257813
combined_overall,0.12163571111599392,1.0,0.9999673932257813
combined_overall,0.1216475590998979,1.0,0.9999673932257813
combined_overall,0.12164971327878953,1.0,0.9999673932257813
combined_overall,0.12165294454712697,1.0,0.9999673932257813
combined_overall,0.12165509872601861,1.0,0.9999673932257813
combined_overall,0.12165832999435605,1.0,0.9999673932257813
combined_overall,0.1216755634254891,1.0,0.9999673932257813
combined_overall,0.12167879469382656,1.0,0.9999673932257813
combined_overall,0.12168094887271819,1.0,0.9999673932257813
combined_overall,0.12168741140939308,1.0,0.9999673932257813
combined_overall,0.12169387394606798,1.0,0.9999673932257813
combined_overall,0.12169925939329705,1.0,0.9999673932257813
combined_overall,0.1217014135721887,1.0,0.9999673932257813
combined_overall,0.12170356775108032,1.0,0.9999673932257813
combined_overall,0.12170787610886359,1.0,0.9999673932257813
combined_overall,0.12171218446664685,1.0,0.9999673932257813
combined_overall,0.12171433864553848,1.0,0.9999673932257813
combined_overall,0.12171756991387593,1.0,0.9999673932257813
combined_overall,0.12171972409276756,1.0,0.9999673932257813
combined_overall,0.1217628076706002,1.0,0.9999673932257813
combined_overall,0.12176496184949183,1.0,0.9999673932257813
combined_overall,0.12178111819117907,1.0,0.9999673932257813
combined_overall,0.1217832723700707,1.0,0.9999673932257813
combined_overall,0.12178434945951652,1.0,0.9999673932257813
combined_overall,0.12178650363840815,1.0,0.9999673932257813
combined_overall,0.12178758072785396,1.0,0.9999673932257813
combined_overall,0.12178973490674559,1.0,0.9999673932257813
combined_overall,0.1217908119961914,1.0,0.9999673932257813
combined_overall,0.12179942871175795,1.0,0.9999673932257813
combined_overall,0.12180589124843283,1.0,0.9999673932257813
combined_overall,0.12180804542732447,1.0,0.9999673932257813
combined_overall,0.12181989341122844,1.0,0.9999673932257813
combined_overall,0.12182204759012008,1.0,0.9999673932257813
combined_overall,0.12182527885845752,1.0,0.9999673932257813
combined_overall,0.1218306643056866,1.0,0.9999673932257813
combined_overall,0.12183281848457823,1.0,0.9999673932257813
combined_overall,0.1218371268423615,1.0,0.9999673932257813
combined_overall,0.12189744385132718,1.0,0.9999673932257813
combined_overall,0.12190067511966464,1.0,0.9999673932257813
combined_overall,0.12190282929855627,1.0,0.9999673932257813
combined_overall,0.12192652526636422,1.0,0.9999673932257813
combined_overall,0.12192867944525586,1.0,0.9999673932257813
combined_overall,0.12194268160805145,1.0,0.9999673932257813
combined_overall,0.1219448357869431,1.0,0.9999673932257813
combined_overall,0.12194698996583472,1.0,0.9999673932257813
combined_overall,0.12194914414472635,1.0,0.9999673932257813
combined_overall,0.12195022123417217,1.0,0.9999673932257813
combined_overall,0.1219588379497387,1.0,0.9999673932257813
combined_overall,0.12196422339696777,1.0,0.9999673932257813
combined_overall,0.12196637757585942,1.0,0.9999673932257813
combined_overall,0.12197176302308849,1.0,0.9999673932257813
combined_overall,0.12197391720198011,1.0,0.9999673932257813
combined_overall,0.12198899645422154,1.0,0.9999673932257813
combined_overall,0.12199115063311318,1.0,0.9999673932257813
combined_overall,0.12199869025923389,1.0,0.9999673932257813
combined_overall,0.12200192152757133,1.0,0.9999673932257813
combined_overall,0.12200515279590879,1.0,0.9999673932257813
combined_overall,0.12200730697480042,1.0,0.9999673932257813
combined_overall,0.12201376951147531,1.0,0.9999673932257813
combined_overall,0.12201592369036694,1.0,0.9999673932257813
combined_overall,0.12201807786925857,1.0,0.9999673932257813
combined_overall,0.12202130913759603,1.0,0.9999673932257813
combined_overall,0.12204177383706652,1.0,0.9999673932257813
combined_overall,0.12204392801595816,1.0,0.9999673932257813
combined_overall,0.12209347413046569,1.0,0.9999673932257813
combined_overall,0.12209562830935733,1.0,0.9999673932257813
combined_overall,0.1221074762932613,1.0,0.9999673932257813
combined_overall,0.12210963047215292,1.0,0.9999673932257813
combined_overall,0.12211717009827364,1.0,0.9999673932257813
combined_overall,0.1221214784560569,1.0,0.9999673932257813
combined_overall,0.12212686390328599,1.0,0.9999673932257813
combined_overall,0.1221279409927318,1.0,0.9999673932257813
combined_overall,0.12213009517162343,1.0,0.9999673932257813
combined_overall,0.12213117226106925,1.0,0.9999673932257813
combined_overall,0.12213332643996087,1.0,0.9999673932257813
combined_overall,0.12214517442386486,1.0,0.9999673932257813
combined_overall,0.12214732860275648,1.0,0.9999673932257813
combined_overall,0.12215702240776884,1.0,0.9999673932257813
combined_overall,0.12215917658666046,1.0,0.9999673932257813
combined_overall,0.12217102457056443,1.0,0.9999673932257813
combined_overall,0.1221753329283477,1.0,0.9999673932257813
combined_overall,0.12217748710723933,1.0,0.9999673932257813
combined_overall,0.12218071837557679,1.0,0.9999673932257813
combined_overall,0.12218287255446841,1.0,0.9999673932257813
combined_overall,0.12218933509114331,1.0,0.9999673932257813
combined_overall,0.12219579762781821,1.0,0.9999673932257813
combined_overall,0.12220656852227636,1.0,0.9999673932257813
combined_overall,0.12221195396950545,1.0,0.9999673932257813
combined_overall,0.12221303105895126,1.0,0.9999673932257813
combined_overall,0.12221841650618034,1.0,0.9999673932257813
combined_overall,0.12222703322174687,1.0,0.9999673932257813
combined_overall,0.12223134157953013,1.0,0.9999673932257813
combined_overall,0.12223457284786758,1.0,0.9999673932257813
combined_overall,0.12223780411620502,1.0,0.9999673932257813
combined_overall,0.12223995829509665,1.0,0.9999673932257813
combined_overall,0.12224534374232573,1.0,0.9999673932257813
combined_overall,0.12224749792121736,1.0,0.9999673932257813
combined_overall,0.12225719172622972,1.0,0.9999673932257813
combined_overall,0.12225934590512134,1.0,0.9999673932257813
combined_overall,0.12227119388902533,1.0,0.9999673932257813
combined_overall,0.12227334806791695,1.0,0.9999673932257813
combined_overall,0.12229165858849582,1.0,0.9999673932257813
combined_overall,0.12230027530406234,1.0,0.9999673932257813
combined_overall,0.1223035065723998,1.0,0.9999673932257813
combined_overall,0.12231104619852051,1.0,0.9999673932257813
combined_overall,0.12231535455630377,1.0,0.9999673932257813
combined_overall,0.12231858582464122,1.0,0.9999673932257813
combined_overall,0.12232074000353285,1.0,0.9999673932257813
combined_overall,0.12232827962965356,1.0,0.9999673932257813
combined_overall,0.12233043380854519,1.0,0.9999673932257813
combined_overall,0.12233905052411173,1.0,0.9999673932257813
combined_overall,0.12234120470300336,1.0,0.9999673932257813
combined_overall,0.12234228179244917,1.0,0.9999673932257813
combined_overall,0.1223508985080157,1.0,0.9999673932257813
combined_overall,0.12236705484970294,1.0,0.9999673932257813
combined_overall,0.12237244029693202,1.0,0.9999673932257813
combined_overall,0.12238428828083599,1.0,0.9999673932257813
combined_overall,0.12238644245972763,1.0,0.9999673932257813
combined_overall,0.12239398208584834,1.0,0.9999673932257813
combined_overall,0.12239936753307741,1.0,0.9999673932257813
combined_overall,0.12240259880141487,1.0,0.9999673932257813
combined_overall,0.12240798424864395,1.0,0.9999673932257813
combined_overall,0.12240906133808976,1.0,0.9999673932257813
combined_overall,0.12241121551698139,1.0,0.9999673932257813
combined_overall,0.12242090932199373,1.0,0.9999673932257813
combined_overall,0.12242629476922282,1.0,0.9999673932257813
combined_overall,0.1224316802164519,1.0,0.9999673932257813
combined_overall,0.12243598857423516,1.0,0.9999673932257813
combined_overall,0.12243706566368097,1.0,0.9999673932257813
combined_overall,0.12243921984257261,1.0,0.9999673932257813
combined_overall,0.12246183872093475,1.0,0.9999673932257813
combined_overall,0.12246399289982637,1.0,0.9999673932257813
combined_overall,0.12247368670483871,1.0,0.9999673932257813
combined_overall,0.12248445759929688,1.0,0.9999673932257813
combined_overall,0.12252430990879207,1.0,0.9999673932257813
combined_overall,0.1225264640876837,1.0,0.9999673932257813
combined_overall,0.12253292662435859,1.0,0.9999673932257813
combined_overall,0.12253508080325022,1.0,0.9999673932257813
combined_overall,0.12253831207158768,1.0,0.9999673932257813
combined_overall,0.1225404662504793,1.0,0.9999673932257813
combined_overall,0.12254800587660002,1.0,0.9999673932257813
combined_overall,0.12255016005549164,1.0,0.9999673932257813
combined_overall,0.1225533913238291,1.0,0.9999673932257813
combined_overall,0.12255554550272073,1.0,0.9999673932257813
combined_overall,0.122559853860504,1.0,0.9999673932257813
combined_overall,0.12256200803939563,1.0,0.9999673932257813
combined_overall,0.12256308512884144,1.0,0.9999673932257813
combined_overall,0.12256523930773307,1.0,0.9999673932257813
combined_overall,0.12257277893385378,1.0,0.9999673932257813
combined_overall,0.12257493311274542,1.0,0.9999673932257813
combined_overall,0.1225813956494203,1.0,0.9999673932257813
combined_overall,0.12258462691775776,1.0,0.9999673932257813
combined_overall,0.1226137083327948,1.0,0.9999673932257813
combined_overall,0.12261586251168642,1.0,0.9999673932257813
combined_overall,0.1226212479589155,1.0,0.9999673932257813
combined_overall,0.12262340213780713,1.0,0.9999673932257813
combined_overall,0.12262771049559039,1.0,0.9999673932257813
combined_overall,0.12262986467448203,1.0,0.9999673932257813
combined_overall,0.12263417303226529,1.0,0.9999673932257813
combined_overall,0.12263632721115693,1.0,0.9999673932257813
combined_overall,0.12263955847949437,1.0,0.9999673932257813
combined_overall,0.122641712658386,1.0,0.9999673932257813
combined_overall,0.12264494392672345,1.0,0.9999673932257813
combined_overall,0.12264709810561508,1.0,0.9999673932257813
combined_overall,0.1226481751950609,1.0,0.9999673932257813
combined_overall,0.12265248355284417,1.0,0.9999673932257813
combined_overall,0.12265679191062742,1.0,0.9999673932257813
combined_overall,0.12265894608951906,1.0,0.9999673932257813
combined_overall,0.1226621773578565,1.0,0.9999673932257813
combined_overall,0.12266433153674813,1.0,0.9999673932257813
combined_overall,0.12267294825231466,1.0,0.9999673932257813
combined_overall,0.1226751024312063,1.0,0.9999673932257813
combined_overall,0.12268264205732701,1.0,0.9999673932257813
combined_overall,0.12268479623621864,1.0,0.9999673932257813
combined_overall,0.12268587332566445,1.0,0.9999673932257813
combined_overall,0.1227031067567975,1.0,0.9999673932257813
combined_overall,0.12270526093568915,1.0,0.9999673932257813
combined_overall,0.1227095692934724,1.0,0.9999673932257813
combined_overall,0.12271172347236405,1.0,0.9999673932257813
combined_overall,0.12271387765125567,1.0,0.9999673932257813
combined_overall,0.12272141727737639,1.0,0.9999673932257813
combined_overall,0.12272357145626801,1.0,0.9999673932257813
combined_overall,0.12273111108238872,1.0,0.9999673932257813
combined_overall,0.12273326526128035,1.0,0.9999673932257813
combined_overall,0.12274080488740106,1.0,0.9999673932257813
combined_overall,0.1227429590662927,1.0,0.9999673932257813
combined_overall,0.12274834451352178,1.0,0.9999673932257813
combined_overall,0.12275265287130505,1.0,0.9999673932257813
combined_overall,0.12275372996075086,1.0,0.9999673932257813
combined_overall,0.12275588413964249,1.0,0.9999673932257813
combined_overall,0.12275911540797994,1.0,0.9999673932257813
combined_overall,0.12276126958687157,1.0,0.9999673932257813
combined_overall,0.12276450085520901,1.0,0.9999673932257813
combined_overall,0.12277742592855881,1.0,0.9999673932257813
combined_overall,0.12277958010745044,1.0,0.9999673932257813
combined_overall,0.1227838884652337,1.0,0.9999673932257813
combined_overall,0.12278819682301698,1.0,0.9999673932257813
combined_overall,0.12279789062802932,1.0,0.9999673932257813
combined_overall,0.12280004480692094,1.0,0.9999673932257813
combined_overall,0.12280758443304166,1.0,0.9999673932257813
combined_overall,0.12281620114860818,1.0,0.9999673932257813
combined_overall,0.12281943241694564,1.0,0.9999673932257813
combined_overall,0.1228312804008496,1.0,0.9999673932257813
combined_overall,0.12283343457974125,1.0,0.9999673932257813
combined_overall,0.1228377429375245,1.0,0.9999673932257813
combined_overall,0.12284205129530777,1.0,0.9999673932257813
combined_overall,0.12284528256364521,1.0,0.9999673932257813
combined_overall,0.12284959092142848,1.0,0.9999673932257813
combined_overall,0.12285282218976593,1.0,0.9999673932257813
combined_overall,0.12285497636865755,1.0,0.9999673932257813
combined_overall,0.12285820763699501,1.0,0.9999673932257813
combined_overall,0.12286251599477827,1.0,0.9999673932257813
combined_overall,0.12287974942591133,1.0,0.9999673932257813
combined_overall,0.12288190360480296,1.0,0.9999673932257813
combined_overall,0.12288298069424877,1.0,0.9999673932257813
combined_overall,0.1228851348731404,1.0,0.9999673932257813
combined_overall,0.12288836614147786,1.0,0.9999673932257813
combined_overall,0.12289052032036948,1.0,0.9999673932257813
combined_overall,0.1228915974098153,1.0,0.9999673932257813
combined_overall,0.12289375158870693,1.0,0.9999673932257813
combined_overall,0.12289913703593601,1.0,0.9999673932257813
combined_overall,0.12290129121482764,1.0,0.9999673932257813
combined_overall,0.12290775375150254,1.0,0.9999673932257813
combined_overall,0.12290990793039418,1.0,0.9999673932257813
combined_overall,0.12291637046706906,1.0,0.9999673932257813
combined_overall,0.12293144971931048,1.0,0.9999673932257813
combined_overall,0.12293360389820213,1.0,0.9999673932257813
combined_overall,0.1229389893454312,1.0,0.9999673932257813
combined_overall,0.12294114352432284,1.0,0.9999673932257813
combined_overall,0.12294760606099774,1.0,0.9999673932257813
combined_overall,0.12294976023988936,1.0,0.9999673932257813
combined_overall,0.12295191441878099,1.0,0.9999673932257813
combined_overall,0.12295622277656426,1.0,0.9999673932257813
combined_overall,0.12296160822379333,1.0,0.9999673932257813
combined_overall,0.12296376240268497,1.0,0.9999673932257813
combined_overall,0.12296483949213079,1.0,0.9999673932257813
combined_overall,0.12296699367102241,1.0,0.9999673932257813
combined_overall,0.12297130202880568,1.0,0.9999673932257813
combined_overall,0.12297561038658894,1.0,0.9999673932257813
combined_overall,0.12298638128104711,1.0,0.9999673932257813
combined_overall,0.12299068963883036,1.0,0.9999673932257813
combined_overall,0.12299499799661363,1.0,0.9999673932257813
combined_overall,0.12299715217550526,1.0,0.9999673932257813
combined_overall,0.12300469180162597,1.0,0.9999673932257813
combined_overall,0.1230068459805176,1.0,0.9999673932257813
combined_overall,0.12300900015940924,1.0,0.9999673932257813
combined_overall,0.12301115433830087,1.0,0.9999673932257813
combined_overall,0.12301438560663831,1.0,0.9999673932257813
combined_overall,0.12301653978552995,1.0,0.9999673932257813
combined_overall,0.12302084814331321,1.0,0.9999673932257813
combined_overall,0.12302300232220484,1.0,0.9999673932257813
combined_overall,0.12302838776943392,1.0,0.9999673932257813
combined_overall,0.12302946485887974,1.0,0.9999673932257813
combined_overall,0.12303269612721719,1.0,0.9999673932257813
combined_overall,0.12304992955835024,1.0,0.9999673932257813
combined_overall,0.12305208373724187,1.0,0.9999673932257813
combined_overall,0.12306608590003748,1.0,0.9999673932257813
combined_overall,0.12307901097338728,1.0,0.9999673932257813
combined_overall,0.12311886328288246,1.0,0.9999673932257813
combined_overall,0.12312101746177409,1.0,0.9999673932257813
combined_overall,0.12312747999844899,1.0,0.9999673932257813
combined_overall,0.12312963417734063,1.0,0.9999673932257813
combined_overall,0.1231350196245697,1.0,0.9999673932257813
combined_overall,0.12313717380346133,1.0,0.9999673932257813
combined_overall,0.12316086977126929,1.0,0.9999673932257813
combined_overall,0.12316302395016092,1.0,0.9999673932257813
combined_overall,0.12317271775517326,1.0,0.9999673932257813
combined_overall,0.12317487193406489,1.0,0.9999673932257813
combined_overall,0.12319425954408958,1.0,0.9999673932257813
combined_overall,0.12319641372298121,1.0,0.9999673932257813
combined_overall,0.12320826170688519,1.0,0.9999673932257813
combined_overall,0.12321149297522263,1.0,0.9999673932257813
combined_overall,0.12321795551189753,1.0,0.9999673932257813
combined_overall,0.12322118678023498,1.0,0.9999673932257813
combined_overall,0.12323518894303058,1.0,0.9999673932257813
combined_overall,0.12323734312192222,1.0,0.9999673932257813
combined_overall,0.12324919110582619,1.0,0.9999673932257813
combined_overall,0.12325134528471783,1.0,0.9999673932257813
combined_overall,0.12326103908973017,1.0,0.9999673932257813
combined_overall,0.12326427035806761,1.0,0.9999673932257813
combined_overall,0.1232696558052967,1.0,0.9999673932257813
combined_overall,0.12327827252086322,1.0,0.9999673932257813
combined_overall,0.12329227468365883,1.0,0.9999673932257813
combined_overall,0.12329335177310465,1.0,0.9999673932257813
combined_overall,0.12329658304144209,1.0,0.9999673932257813
combined_overall,0.12329766013088791,1.0,0.9999673932257813
combined_overall,0.12330196848867117,1.0,0.9999673932257813
combined_overall,0.12334612915594963,1.0,0.9999673932257813
combined_overall,0.12335151460317871,1.0,0.9999673932257813
combined_overall,0.12337736474987829,1.0,0.9999673932257813
combined_overall,0.12338813564433646,1.0,0.9999673932257813
combined_overall,0.12339028982322808,1.0,0.9999673932257813
combined_overall,0.12339567527045715,1.0,0.9999673932257813
combined_overall,0.12339890653879461,1.0,0.9999673932257813
combined_overall,0.12340106071768624,1.0,0.9999673932257813
combined_overall,0.12341506288048185,1.0,0.9999673932257813
combined_overall,0.12341937123826512,1.0,0.9999673932257813
combined_overall,0.12344306720607306,1.0,0.9999673932257813
combined_overall,0.12344952974274796,1.0,0.9999673932257813
combined_overall,0.12346137772665193,1.0,0.9999673932257813
combined_overall,0.12346353190554356,1.0,0.9999673932257813
combined_overall,0.12346460899498939,1.0,0.9999673932257813
combined_overall,0.12346676317388101,1.0,0.9999673932257813
combined_overall,0.12347430280000173,1.0,0.9999673932257813
combined_overall,0.12347645697889335,1.0,0.9999673932257813
combined_overall,0.1235001529467013,1.0,0.9999673932257813
combined_overall,0.12350230712559294,1.0,0.9999673932257813
combined_overall,0.12350984675171366,1.0,0.9999673932257813
combined_overall,0.12351200093060528,1.0,0.9999673932257813
combined_overall,0.12352708018284671,1.0,0.9999673932257813
combined_overall,0.12352923436173834,1.0,0.9999673932257813
combined_overall,0.12353031145118415,1.0,0.9999673932257813
combined_overall,0.12353246563007578,1.0,0.9999673932257813
combined_overall,0.12353461980896742,1.0,0.9999673932257813
combined_overall,0.12354000525619649,1.0,0.9999673932257813
combined_overall,0.12354431361397976,1.0,0.9999673932257813
combined_overall,0.12354646779287139,1.0,0.9999673932257813
combined_overall,0.12355185324010047,1.0,0.9999673932257813
combined_overall,0.1235540074189921,1.0,0.9999673932257813
combined_overall,0.12355616159788374,1.0,0.9999673932257813
combined_overall,0.12355939286622118,1.0,0.9999673932257813
combined_overall,0.12356154704511281,1.0,0.9999673932257813
combined_overall,0.12357016376067934,1.0,0.9999673932257813
combined_overall,0.1235744721184626,1.0,0.9999673932257813
combined_overall,0.12357878047624588,1.0,0.9999673932257813
combined_overall,0.12358955137070403,1.0,0.9999673932257813
combined_overall,0.12359278263904147,1.0,0.9999673932257813
combined_overall,0.12359493681793311,1.0,0.9999673932257813
combined_overall,0.12359924517571637,1.0,0.9999673932257813
combined_overall,0.12360355353349964,1.0,0.9999673932257813
combined_overall,0.12360678480183708,1.0,0.9999673932257813
combined_overall,0.12360893898072872,1.0,0.9999673932257813
combined_overall,0.12361001607017454,1.0,0.9999673932257813
combined_overall,0.12361217024906616,1.0,0.9999673932257813
combined_overall,0.12361863278574106,1.0,0.9999673932257813
combined_overall,0.12362078696463269,1.0,0.9999673932257813
combined_overall,0.12364340584299482,1.0,0.9999673932257813
combined_overall,0.12368648942082747,1.0,0.9999673932257813
combined_overall,0.12369079777861072,1.0,0.9999673932257813
combined_overall,0.12369295195750236,1.0,0.9999673932257813
combined_overall,0.12370156867306889,1.0,0.9999673932257813
combined_overall,0.12370587703085215,1.0,0.9999673932257813
combined_overall,0.12372095628309357,1.0,0.9999673932257813
combined_overall,0.12372634173032265,1.0,0.9999673932257813
combined_overall,0.12374249807200989,1.0,0.9999673932257813
combined_overall,0.12374572934034735,1.0,0.9999673932257813
combined_overall,0.12375434605591387,1.0,0.9999673932257813
combined_overall,0.12375757732425131,1.0,0.9999673932257813
combined_overall,0.12375973150314294,1.0,0.9999673932257813
combined_overall,0.12376080859258877,1.0,0.9999673932257813
combined_overall,0.1237629627714804,1.0,0.9999673932257813
combined_overall,0.12376403986092621,1.0,0.9999673932257813
combined_overall,0.1237694253081553,1.0,0.9999673932257813
combined_overall,0.12378881291817997,1.0,0.9999673932257813
combined_overall,0.1237909670970716,1.0,0.9999673932257813
combined_overall,0.1238038921704214,1.0,0.9999673932257813
combined_overall,0.12380604634931303,1.0,0.9999673932257813
combined_overall,0.12380927761765048,1.0,0.9999673932257813
combined_overall,0.12381143179654211,1.0,0.9999673932257813
combined_overall,0.12381250888598792,1.0,0.9999673932257813
combined_overall,0.12381466306487957,1.0,0.9999673932257813
combined_overall,0.1238243568698919,1.0,0.9999673932257813
combined_overall,0.12382651104878353,1.0,0.9999673932257813
combined_overall,0.12382974231712099,1.0,0.9999673932257813
combined_overall,0.12383512776435006,1.0,0.9999673932257813
combined_overall,0.12383835903268751,1.0,0.9999673932257813
combined_overall,0.12384051321157914,1.0,0.9999673932257813
combined_overall,0.12384159030102496,1.0,0.9999673932257813
combined_overall,0.12384374447991658,1.0,0.9999673932257813
combined_overall,0.12385236119548312,1.0,0.9999673932257813
combined_overall,0.12385451537437475,1.0,0.9999673932257813
combined_overall,0.12385559246382057,1.0,0.9999673932257813
combined_overall,0.1238577466427122,1.0,0.9999673932257813
combined_overall,0.12385990082160384,1.0,0.9999673932257813
combined_overall,0.1238652862688329,1.0,0.9999673932257813
combined_overall,0.12386744044772455,1.0,0.9999673932257813
combined_overall,0.12386959462661618,1.0,0.9999673932257813
combined_overall,0.12387390298439943,1.0,0.9999673932257813
combined_overall,0.12387713425273689,1.0,0.9999673932257813
combined_overall,0.12387928843162851,1.0,0.9999673932257813
combined_overall,0.12388359678941178,1.0,0.9999673932257813
combined_overall,0.12389221350497831,1.0,0.9999673932257813
combined_overall,0.12390513857832809,1.0,0.9999673932257813
combined_overall,0.12390729275721973,1.0,0.9999673932257813
combined_overall,0.1239126782044488,1.0,0.9999673932257813
combined_overall,0.12391698656223207,1.0,0.9999673932257813
combined_overall,0.12392129492001534,1.0,0.9999673932257813
combined_overall,0.1239256032777986,1.0,0.9999673932257813
combined_overall,0.12393098872502768,1.0,0.9999673932257813
combined_overall,0.12393421999336512,1.0,0.9999673932257813
combined_overall,0.12394068253004002,1.0,0.9999673932257813
combined_overall,0.12395145342449819,1.0,0.9999673932257813
combined_overall,0.123952530513944,1.0,0.9999673932257813
combined_overall,0.12395468469283563,1.0,0.9999673932257813
combined_overall,0.12395683887172726,1.0,0.9999673932257813
combined_overall,0.12396653267673961,1.0,0.9999673932257813
combined_overall,0.12396976394507705,1.0,0.9999673932257813
combined_overall,0.12397191812396868,1.0,0.9999673932257813
combined_overall,0.12397514939230614,1.0,0.9999673932257813
combined_overall,0.1239794577500894,1.0,0.9999673932257813
combined_overall,0.12401500170180133,1.0,0.9999673932257813
combined_overall,0.12401715588069295,1.0,0.9999673932257813
combined_overall,0.12402361841736785,1.0,0.9999673932257813
combined_overall,0.1240268496857053,1.0,0.9999673932257813
combined_overall,0.1240537769218507,1.0,0.9999673932257813
combined_overall,0.12405593110074233,1.0,0.9999673932257813
combined_overall,0.12405916236907978,1.0,0.9999673932257813
combined_overall,0.12406347072686304,1.0,0.9999673932257813
combined_overall,0.1240677790846463,1.0,0.9999673932257813
combined_overall,0.12406993326353793,1.0,0.9999673932257813
combined_overall,0.12407316453187539,1.0,0.9999673932257813
combined_overall,0.12407747288965865,1.0,0.9999673932257813
combined_overall,0.12407962706855027,1.0,0.9999673932257813
combined_overall,0.12408178124744192,1.0,0.9999673932257813
combined_overall,0.12408393542633354,1.0,0.9999673932257813
combined_overall,0.12408824378411681,1.0,0.9999673932257813
combined_overall,0.12409147505245426,1.0,0.9999673932257813
combined_overall,0.12409362923134588,1.0,0.9999673932257813
combined_overall,0.1240947063207917,1.0,0.9999673932257813
combined_overall,0.12409686049968334,1.0,0.9999673932257813
combined_overall,0.12409793758912915,1.0,0.9999673932257813
combined_overall,0.12410224594691241,1.0,0.9999673932257813
combined_overall,0.12411086266247895,1.0,0.9999673932257813
combined_overall,0.12411732519915383,1.0,0.9999673932257813
combined_overall,0.12411947937804547,1.0,0.9999673932257813
combined_overall,0.12412594191472037,1.0,0.9999673932257813
combined_overall,0.12412917318305781,1.0,0.9999673932257813
combined_overall,0.12413348154084108,1.0,0.9999673932257813
combined_overall,0.1241410211669618,1.0,0.9999673932257813
combined_overall,0.12414317534585342,1.0,0.9999673932257813
combined_overall,0.12414425243529924,1.0,0.9999673932257813
combined_overall,0.12414640661419087,1.0,0.9999673932257813
combined_overall,0.12415179206141995,1.0,0.9999673932257813
combined_overall,0.12415394624031158,1.0,0.9999673932257813
combined_overall,0.12415502332975739,1.0,0.9999673932257813
combined_overall,0.12415717750864903,1.0,0.9999673932257813
combined_overall,0.12416794840310719,1.0,0.9999673932257813
combined_overall,0.12417010258199881,1.0,0.9999673932257813
combined_overall,0.12417656511867371,1.0,0.9999673932257813
combined_overall,0.12417871929756534,1.0,0.9999673932257813
combined_overall,0.12417979638701117,1.0,0.9999673932257813
combined_overall,0.1241819505659028,1.0,0.9999673932257813
combined_overall,0.12418733601313188,1.0,0.9999673932257813
combined_overall,0.12419164437091514,1.0,0.9999673932257813
combined_overall,0.12419272146036095,1.0,0.9999673932257813
combined_overall,0.12419487563925259,1.0,0.9999673932257813
combined_overall,0.12419918399703585,1.0,0.9999673932257813
combined_overall,0.12420133817592748,1.0,0.9999673932257813
combined_overall,0.12422395705428961,1.0,0.9999673932257813
combined_overall,0.12422826541207288,1.0,0.9999673932257813
combined_overall,0.12423257376985615,1.0,0.9999673932257813
combined_overall,0.12423472794874778,1.0,0.9999673932257813
combined_overall,0.12423903630653103,1.0,0.9999673932257813
combined_overall,0.12425519264821829,1.0,0.9999673932257813
combined_overall,0.12425734682710991,1.0,0.9999673932257813
combined_overall,0.12426380936378481,1.0,0.9999673932257813
combined_overall,0.12426596354267644,1.0,0.9999673932257813
combined_overall,0.12426704063212225,1.0,0.9999673932257813
combined_overall,0.12427350316879715,1.0,0.9999673932257813
combined_overall,0.12427565734768878,1.0,0.9999673932257813
combined_overall,0.12427781152658042,1.0,0.9999673932257813
combined_overall,0.12428858242103857,1.0,0.9999673932257813
combined_overall,0.1242971991366051,1.0,0.9999673932257813
combined_overall,0.12429935331549673,1.0,0.9999673932257813
combined_overall,0.12430689294161744,1.0,0.9999673932257813
combined_overall,0.1243101242099549,1.0,0.9999673932257813
combined_overall,0.12431227838884652,1.0,0.9999673932257813
combined_overall,0.12431443256773815,1.0,0.9999673932257813
combined_overall,0.1243241263727505,1.0,0.9999673932257813
combined_overall,0.12432628055164213,1.0,0.9999673932257813
combined_overall,0.12432951181997957,1.0,0.9999673932257813
combined_overall,0.124344591072221,1.0,0.9999673932257813
combined_overall,0.12434674525111264,1.0,0.9999673932257813
combined_overall,0.12434782234055845,1.0,0.9999673932257813
combined_overall,0.1243510536088959,1.0,0.9999673932257813
combined_overall,0.12435320778778752,1.0,0.9999673932257813
combined_overall,0.12435536196667916,1.0,0.9999673932257813
combined_overall,0.12436290159279988,1.0,0.9999673932257813
combined_overall,0.1243650557716915,1.0,0.9999673932257813
combined_overall,0.12436828704002895,1.0,0.9999673932257813
combined_overall,0.12437044121892059,1.0,0.9999673932257813
combined_overall,0.1243715183083664,1.0,0.9999673932257813
combined_overall,0.12437474957670384,1.0,0.9999673932257813
combined_overall,0.12438013502393293,1.0,0.9999673932257813
combined_overall,0.1243844433817162,1.0,0.9999673932257813
combined_overall,0.12438659756060783,1.0,0.9999673932257813
combined_overall,0.12438767465005364,1.0,0.9999673932257813
combined_overall,0.12438982882894527,1.0,0.9999673932257813
combined_overall,0.12439198300783691,1.0,0.9999673932257813
combined_overall,0.12439413718672854,1.0,0.9999673932257813
combined_overall,0.12442106442287393,1.0,0.9999673932257813
combined_overall,0.12442968113844045,1.0,0.9999673932257813
combined_overall,0.12443075822788628,1.0,0.9999673932257813
combined_overall,0.12443398949622372,1.0,0.9999673932257813
combined_overall,0.12443614367511535,1.0,0.9999673932257813
combined_overall,0.124438297854007,1.0,0.9999673932257813
combined_overall,0.12444152912234444,1.0,0.9999673932257813
combined_overall,0.12444906874846515,1.0,0.9999673932257813
combined_overall,0.12445122292735677,1.0,0.9999673932257813
combined_overall,0.12445230001680259,1.0,0.9999673932257813
combined_overall,0.12445553128514004,1.0,0.9999673932257813
combined_overall,0.12445768546403167,1.0,0.9999673932257813
combined_overall,0.1244598396429233,1.0,0.9999673932257813
combined_overall,0.12446199382181494,1.0,0.9999673932257813
combined_overall,0.12446522509015238,1.0,0.9999673932257813
combined_overall,0.12446737926904401,1.0,0.9999673932257813
combined_overall,0.12448245852128544,1.0,0.9999673932257813
combined_overall,0.12448461270017708,1.0,0.9999673932257813
combined_overall,0.12448784396851452,1.0,0.9999673932257813
combined_overall,0.12448999814740615,1.0,0.9999673932257813
combined_overall,0.12449107523685198,1.0,0.9999673932257813
combined_overall,0.1244932294157436,1.0,0.9999673932257813
combined_overall,0.12450507739964757,1.0,0.9999673932257813
combined_overall,0.12450938575743084,1.0,0.9999673932257813
combined_overall,0.12451046284687665,1.0,0.9999673932257813
combined_overall,0.12451261702576828,1.0,0.9999673932257813
combined_overall,0.12451907956244318,1.0,0.9999673932257813
combined_overall,0.12452231083078064,1.0,0.9999673932257813
combined_overall,0.12452877336745553,1.0,0.9999673932257813
combined_overall,0.12453092754634716,1.0,0.9999673932257813
combined_overall,0.12453631299357625,1.0,0.9999673932257813
combined_overall,0.1245406213513595,1.0,0.9999673932257813
combined_overall,0.12454600679858858,1.0,0.9999673932257813
combined_overall,0.12455246933526348,1.0,0.9999673932257813
combined_overall,0.12456647149805908,1.0,0.9999673932257813
combined_overall,0.12456862567695072,1.0,0.9999673932257813
combined_overall,0.12457508821362562,1.0,0.9999673932257813
combined_overall,0.12457831948196306,1.0,0.9999673932257813
combined_overall,0.1245944758236503,1.0,0.9999673932257813
combined_overall,0.12459878418143357,1.0,0.9999673932257813
combined_overall,0.12460416962866264,1.0,0.9999673932257813
combined_overall,0.12460632380755428,1.0,0.9999673932257813
combined_overall,0.1246084779864459,1.0,0.9999673932257813
combined_overall,0.1246149405231208,1.0,0.9999673932257813
combined_overall,0.12462032597034989,1.0,0.9999673932257813
combined_overall,0.12462248014924152,1.0,0.9999673932257813
combined_overall,0.1246278655964706,1.0,0.9999673932257813
combined_overall,0.12463001977536223,1.0,0.9999673932257813
combined_overall,0.12463109686480804,1.0,0.9999673932257813
combined_overall,0.12463325104369967,1.0,0.9999673932257813
combined_overall,0.12463755940148294,1.0,0.9999673932257813
combined_overall,0.12464509902760365,1.0,0.9999673932257813
combined_overall,0.12464725320649528,1.0,0.9999673932257813
combined_overall,0.12464833029594109,1.0,0.9999673932257813
combined_overall,0.12465048447483273,1.0,0.9999673932257813
combined_overall,0.12465371574317018,1.0,0.9999673932257813
combined_overall,0.1246558699220618,1.0,0.9999673932257813
combined_overall,0.12467633462153231,1.0,0.9999673932257813
combined_overall,0.12467848880042394,1.0,0.9999673932257813
combined_overall,0.1246817200687614,1.0,0.9999673932257813
combined_overall,0.12468495133709884,1.0,0.9999673932257813
combined_overall,0.1246892596948821,1.0,0.9999673932257813
combined_overall,0.12469572223155699,1.0,0.9999673932257813
combined_overall,0.12469787641044863,1.0,0.9999673932257813
combined_overall,0.12469895349989445,1.0,0.9999673932257813
combined_overall,0.12470110767878607,1.0,0.9999673932257813
combined_overall,0.12470218476823189,1.0,0.9999673932257813
combined_overall,0.12470649312601516,1.0,0.9999673932257813
combined_overall,0.12473018909382311,1.0,0.9999673932257813
combined_overall,0.12473880580938963,1.0,0.9999673932257813
combined_overall,0.1247431141671729,1.0,0.9999673932257813
combined_overall,0.12474526834606453,1.0,0.9999673932257813
combined_overall,0.12475388506163106,1.0,0.9999673932257813
combined_overall,0.12475603924052268,1.0,0.9999673932257813
combined_overall,0.12476465595608922,1.0,0.9999673932257813
combined_overall,0.12476681013498085,1.0,0.9999673932257813
combined_overall,0.12476896431387248,1.0,0.9999673932257813
combined_overall,0.12477111849276411,1.0,0.9999673932257813
combined_overall,0.12477865811888482,1.0,0.9999673932257813
combined_overall,0.12478296647666809,1.0,0.9999673932257813
combined_overall,0.12478835192389717,1.0,0.9999673932257813
combined_overall,0.1247905061027888,1.0,0.9999673932257813
combined_overall,0.12480881662336767,1.0,0.9999673932257813
combined_overall,0.12481204789170512,1.0,0.9999673932257813
combined_overall,0.12481312498115094,1.0,0.9999673932257813
combined_overall,0.12481635624948838,1.0,0.9999673932257813
combined_overall,0.12481851042838002,1.0,0.9999673932257813
combined_overall,0.12482281878616328,1.0,0.9999673932257813
combined_overall,0.1248249729650549,1.0,0.9999673932257813
combined_overall,0.12482712714394655,1.0,0.9999673932257813
combined_overall,0.12482820423339236,1.0,0.9999673932257813
combined_overall,0.1248314355017298,1.0,0.9999673932257813
combined_overall,0.12483466677006726,1.0,0.9999673932257813
combined_overall,0.12483682094895888,1.0,0.9999673932257813
combined_overall,0.1248378980384047,1.0,0.9999673932257813
combined_overall,0.12484005221729633,1.0,0.9999673932257813
combined_overall,0.12484112930674215,1.0,0.9999673932257813
combined_overall,0.12484328348563378,1.0,0.9999673932257813
combined_overall,0.1248443605750796,1.0,0.9999673932257813
combined_overall,0.12484651475397122,1.0,0.9999673932257813
combined_overall,0.12484759184341704,1.0,0.9999673932257813
combined_overall,0.1248508231117545,1.0,0.9999673932257813
combined_overall,0.12485513146953775,1.0,0.9999673932257813
combined_overall,0.12485620855898358,1.0,0.9999673932257813
combined_overall,0.12487451907956244,1.0,0.9999673932257813
combined_overall,0.12487882743734571,1.0,0.9999673932257813
combined_overall,0.12487990452679153,1.0,0.9999673932257813
combined_overall,0.12488421288457478,1.0,0.9999673932257813
combined_overall,0.12489606086847876,1.0,0.9999673932257813
combined_overall,0.12489821504737039,1.0,0.9999673932257813
combined_overall,0.12490252340515366,1.0,0.9999673932257813
combined_overall,0.12490467758404529,1.0,0.9999673932257813
combined_overall,0.12491114012072019,1.0,0.9999673932257813
combined_overall,0.12491652556794927,1.0,0.9999673932257813
combined_overall,0.12491760265739509,1.0,0.9999673932257813
combined_overall,0.12492191101517834,1.0,0.9999673932257813
combined_overall,0.12492945064129905,1.0,0.9999673932257813
combined_overall,0.1249316048201907,1.0,0.9999673932257813
combined_overall,0.12493268190963651,1.0,0.9999673932257813
combined_overall,0.12493483608852814,1.0,0.9999673932257813
combined_overall,0.12493699026741976,1.0,0.9999673932257813
combined_overall,0.12494129862520303,1.0,0.9999673932257813
combined_overall,0.12494452989354048,1.0,0.9999673932257813
combined_overall,0.12495099243021537,1.0,0.9999673932257813
combined_overall,0.1249596091457819,1.0,0.9999673932257813
combined_overall,0.12496499459301098,1.0,0.9999673932257813
combined_overall,0.12496930295079424,1.0,0.9999673932257813
combined_overall,0.12497145712968588,1.0,0.9999673932257813
combined_overall,0.12497576548746914,1.0,0.9999673932257813
combined_overall,0.12498222802414403,1.0,0.9999673932257813
combined_overall,0.1249865363819273,1.0,0.9999673932257813
combined_overall,0.12498761347137312,1.0,0.9999673932257813
combined_overall,0.12499192182915637,1.0,0.9999673932257813
combined_overall,0.1249929989186022,1.0,0.9999673932257813
combined_overall,0.12499730727638546,1.0,0.9999673932257813
combined_overall,0.12500915526028944,1.0,0.9999673932257813
combined_overall,0.12501454070751852,1.0,0.9999673932257813
combined_overall,0.12501669488641015,1.0,0.9999673932257813
combined_overall,0.12502746578086832,1.0,0.9999673932257813
combined_overall,0.12502961995975995,1.0,0.9999673932257813
combined_overall,0.12503608249643483,1.0,0.9999673932257813
combined_overall,0.12503823667532646,1.0,0.9999673932257813
combined_overall,0.125046853390893,1.0,0.9999673932257813
combined_overall,0.12504900756978463,1.0,0.9999673932257813
combined_overall,0.12505223883812208,1.0,0.9999673932257813
combined_overall,0.1250543930170137,1.0,0.9999673932257813
combined_overall,0.1250554701064595,1.0,0.9999673932257813
combined_overall,0.1250597784642428,1.0,0.9999673932257813
combined_overall,0.12506193264313442,1.0,0.9999673932257813
combined_overall,0.12506408682202605,1.0,0.9999673932257813
combined_overall,0.12506947226925513,1.0,0.9999673932257813
combined_overall,0.12507162644814676,1.0,0.9999673932257813
combined_overall,0.12508239734260493,1.0,0.9999673932257813
combined_overall,0.12508455152149656,1.0,0.9999673932257813
combined_overall,0.125087782789834,1.0,0.9999673932257813
combined_overall,0.12508993696872564,1.0,0.9999673932257813
combined_overall,0.12509316823706307,1.0,0.9999673932257813
combined_overall,0.12509639950540052,1.0,0.9999673932257813
combined_overall,0.1251017849526296,1.0,0.9999673932257813
combined_overall,0.12510393913152124,1.0,0.9999673932257813
combined_overall,0.12510501622096706,1.0,0.9999673932257813
combined_overall,0.1251071703998587,1.0,0.9999673932257813
combined_overall,0.12511040166819615,1.0,0.9999673932257813
combined_overall,0.12511255584708778,1.0,0.9999673932257813
combined_overall,0.12511686420487103,1.0,0.9999673932257813
combined_overall,0.1251211725626543,1.0,0.9999673932257813
combined_overall,0.12512332674154591,1.0,0.9999673932257813
combined_overall,0.12512440383099174,1.0,0.9999673932257813
combined_overall,0.12512655800988337,1.0,0.9999673932257813
combined_overall,0.12513840599378734,1.0,0.9999673932257813
combined_overall,0.12514056017267897,1.0,0.9999673932257813
combined_overall,0.12514486853046225,1.0,0.9999673932257813
combined_overall,0.12514702270935388,1.0,0.9999673932257813
combined_overall,0.12515025397769133,1.0,0.9999673932257813
combined_overall,0.12516533322993276,1.0,0.9999673932257813
combined_overall,0.12516748740882438,1.0,0.9999673932257813
combined_overall,0.12517179576660764,1.0,0.9999673932257813
combined_overall,0.1251761041243909,1.0,0.9999673932257813
combined_overall,0.12517825830328252,1.0,0.9999673932257813
combined_overall,0.12518148957161998,1.0,0.9999673932257813
combined_overall,0.1251825666610658,1.0,0.9999673932257813
combined_overall,0.12518472083995744,1.0,0.9999673932257813
combined_overall,0.12519333755552395,1.0,0.9999673932257813
combined_overall,0.1251954917344156,1.0,0.9999673932257813
combined_overall,0.12519764591330723,1.0,0.9999673932257813
combined_overall,0.1252019542710905,1.0,0.9999673932257813
combined_overall,0.12520841680776537,1.0,0.9999673932257813
combined_overall,0.12521164807610283,1.0,0.9999673932257813
combined_overall,0.12521380225499446,1.0,0.9999673932257813
combined_overall,0.12521595643388608,1.0,0.9999673932257813
combined_overall,0.12522026479166937,1.0,0.9999673932257813
combined_overall,0.125222418970561,1.0,0.9999673932257813
combined_overall,0.12522888150723588,1.0,0.9999673932257813
combined_overall,0.1252310356861275,1.0,0.9999673932257813
combined_overall,0.12523318986501916,1.0,0.9999673932257813
combined_overall,0.12524072949113987,1.0,0.9999673932257813
combined_overall,0.12524611493836893,1.0,0.9999673932257813
combined_overall,0.12524826911726059,1.0,0.9999673932257813
combined_overall,0.12525257747504384,1.0,0.9999673932257813
combined_overall,0.1252558087433813,1.0,0.9999673932257813
combined_overall,0.12526873381673106,1.0,0.9999673932257813
combined_overall,0.12527519635340598,1.0,0.9999673932257813
combined_overall,0.12527627344285178,1.0,0.9999673932257813
combined_overall,0.12527842762174343,1.0,0.9999673932257813
combined_overall,0.12528058180063506,1.0,0.9999673932257813
combined_overall,0.1252827359795267,1.0,0.9999673932257813
combined_overall,0.1252838130689725,1.0,0.9999673932257813
combined_overall,0.12528596724786414,1.0,0.9999673932257813
combined_overall,0.12529350687398486,1.0,0.9999673932257813
combined_overall,0.12529566105287648,1.0,0.9999673932257813
combined_overall,0.1253107403051179,1.0,0.9999673932257813
combined_overall,0.12531289448400953,1.0,0.9999673932257813
combined_overall,0.1253172028417928,1.0,0.9999673932257813
combined_overall,0.12532151119957605,1.0,0.9999673932257813
combined_overall,0.12532258828902187,1.0,0.9999673932257813
combined_overall,0.1253247424679135,1.0,0.9999673932257813
combined_overall,0.12532689664680513,1.0,0.9999673932257813
combined_overall,0.12533551336237167,1.0,0.9999673932257813
combined_overall,0.1253376675412633,1.0,0.9999673932257813
combined_overall,0.12533982172015493,1.0,0.9999673932257813
combined_overall,0.12534089880960075,1.0,0.9999673932257813
combined_overall,0.125345207167384,1.0,0.9999673932257813
combined_overall,0.12535274679350472,1.0,0.9999673932257813
combined_overall,0.1253592093301796,1.0,0.9999673932257813
combined_overall,0.12536244059851706,1.0,0.9999673932257813
combined_overall,0.1253645947774087,1.0,0.9999673932257813
combined_overall,0.12536998022463777,1.0,0.9999673932257813
combined_overall,0.1253721344035294,1.0,0.9999673932257813
combined_overall,0.12538936783466245,1.0,0.9999673932257813
combined_overall,0.1253990616396748,1.0,0.9999673932257813
combined_overall,0.1254055241763497,1.0,0.9999673932257813
combined_overall,0.12541414089191621,1.0,0.9999673932257813
combined_overall,0.1254184492496995,1.0,0.9999673932257813
combined_overall,0.12542168051803693,1.0,0.9999673932257813
combined_overall,0.1254259888758202,1.0,0.9999673932257813
combined_overall,0.125427065965266,1.0,0.9999673932257813
combined_overall,0.12543029723360347,1.0,0.9999673932257813
combined_overall,0.1254313743230493,1.0,0.9999673932257813
combined_overall,0.12543352850194092,1.0,0.9999673932257813
combined_overall,0.12543460559138672,1.0,0.9999673932257813
combined_overall,0.12543891394917,1.0,0.9999673932257813
combined_overall,0.12544214521750743,1.0,0.9999673932257813
combined_overall,0.12544429939639906,1.0,0.9999673932257813
combined_overall,0.12544968484362815,1.0,0.9999673932257813
combined_overall,0.1254529161119656,1.0,0.9999673932257813
combined_overall,0.12545507029085723,1.0,0.9999673932257813
combined_overall,0.1254604557380863,1.0,0.9999673932257813
combined_overall,0.12546260991697794,1.0,0.9999673932257813
combined_overall,0.1254658411853154,1.0,0.9999673932257813
combined_overall,0.12546907245365285,1.0,0.9999673932257813
combined_overall,0.12547122663254448,1.0,0.9999673932257813
combined_overall,0.12547230372199028,1.0,0.9999673932257813
combined_overall,0.1254744579008819,1.0,0.9999673932257813
combined_overall,0.12547768916921936,1.0,0.9999673932257813
combined_overall,0.125479843348111,1.0,0.9999673932257813
combined_overall,0.12548307461644845,1.0,0.9999673932257813
combined_overall,0.1254863058847859,1.0,0.9999673932257813
combined_overall,0.12548846006367753,1.0,0.9999673932257813
combined_overall,0.12548953715312333,1.0,0.9999673932257813
combined_overall,0.125491691332015,1.0,0.9999673932257813
combined_overall,0.1254927684214608,1.0,0.9999673932257813
combined_overall,0.12549599968979824,1.0,0.9999673932257813
combined_overall,0.12549815386868987,1.0,0.9999673932257813
combined_overall,0.12550246222647313,1.0,0.9999673932257813
combined_overall,0.12550461640536476,1.0,0.9999673932257813
combined_overall,0.1255067705842564,1.0,0.9999673932257813
combined_overall,0.12550892476314804,1.0,0.9999673932257813
combined_overall,0.1255132331209313,1.0,0.9999673932257813
combined_overall,0.12551646438926875,1.0,0.9999673932257813
combined_overall,0.12551861856816038,1.0,0.9999673932257813
combined_overall,0.12552184983649783,1.0,0.9999673932257813
combined_overall,0.12552292692594363,1.0,0.9999673932257813
combined_overall,0.12552508110483526,1.0,0.9999673932257813
combined_overall,0.1255261581942811,1.0,0.9999673932257813
combined_overall,0.12552831237317272,1.0,0.9999673932257813
combined_overall,0.12552938946261855,1.0,0.9999673932257813
combined_overall,0.1255336978204018,1.0,0.9999673932257813
combined_overall,0.12553585199929343,1.0,0.9999673932257813
combined_overall,0.12553800617818506,1.0,0.9999673932257813
combined_overall,0.12554016035707669,1.0,0.9999673932257813
combined_overall,0.1255423145359683,1.0,0.9999673932257813
combined_overall,0.12554339162541414,1.0,0.9999673932257813
combined_overall,0.12554554580430577,1.0,0.9999673932257813
combined_overall,0.12554877707264323,1.0,0.9999673932257813
combined_overall,0.12555093125153485,1.0,0.9999673932257813
combined_overall,0.1255552396093181,1.0,0.9999673932257813
combined_overall,0.12555847087765556,1.0,0.9999673932257813
combined_overall,0.1255606250565472,1.0,0.9999673932257813
combined_overall,0.1255681646826679,1.0,0.9999673932257813
combined_overall,0.12557031886155953,1.0,0.9999673932257813
combined_overall,0.12557247304045116,1.0,0.9999673932257813
combined_overall,0.12557570430878862,1.0,0.9999673932257813
combined_overall,0.12557785848768024,1.0,0.9999673932257813
combined_overall,0.1255810897560177,1.0,0.9999673932257813
combined_overall,0.12558324393490933,1.0,0.9999673932257813
combined_overall,0.12558647520324678,1.0,0.9999673932257813
combined_overall,0.12558755229269258,1.0,0.9999673932257813
combined_overall,0.1255940148293675,1.0,0.9999673932257813
combined_overall,0.1255950919188133,1.0,0.9999673932257813
combined_overall,0.12559724609770495,1.0,0.9999673932257813
combined_overall,0.12559832318715075,1.0,0.9999673932257813
combined_overall,0.12560047736604238,1.0,0.9999673932257813
combined_overall,0.1256069399027173,1.0,0.9999673932257813
combined_overall,0.12561124826050055,1.0,0.9999673932257813
combined_overall,0.12561232534994637,1.0,0.9999673932257813
combined_overall,0.125614479528838,1.0,0.9999673932257813
combined_overall,0.12561663370772963,1.0,0.9999673932257813
combined_overall,0.12562094206551289,1.0,0.9999673932257813
combined_overall,0.12562417333385034,1.0,0.9999673932257813
combined_overall,0.12562632751274197,1.0,0.9999673932257813
combined_overall,0.12563063587052523,1.0,0.9999673932257813
combined_overall,0.12563925258609177,1.0,0.9999673932257813
combined_overall,0.12564356094387502,1.0,0.9999673932257813
combined_overall,0.12564571512276665,1.0,0.9999673932257813
combined_overall,0.12564679221221248,1.0,0.9999673932257813
combined_overall,0.1256500234805499,1.0,0.9999673932257813
combined_overall,0.12565110056999573,1.0,0.9999673932257813
combined_overall,0.12565325474888736,1.0,0.9999673932257813
combined_overall,0.1256543318383332,1.0,0.9999673932257813
combined_overall,0.12565971728556227,1.0,0.9999673932257813
combined_overall,0.1256618714644539,1.0,0.9999673932257813
combined_overall,0.12566402564334553,1.0,0.9999673932257813
combined_overall,0.12566510273279133,1.0,0.9999673932257813
combined_overall,0.12566725691168298,1.0,0.9999673932257813
combined_overall,0.1256758736272495,1.0,0.9999673932257813
combined_overall,0.12567802780614112,1.0,0.9999673932257813
combined_overall,0.12568556743226184,1.0,0.9999673932257813
combined_overall,0.12569418414782838,1.0,0.9999673932257813
combined_overall,0.1257017237739491,1.0,0.9999673932257813
combined_overall,0.12570387795284071,1.0,0.9999673932257813
combined_overall,0.12570603213173234,1.0,0.9999673932257813
combined_overall,0.1257092634000698,1.0,0.9999673932257813
combined_overall,0.12571141757896143,1.0,0.9999673932257813
combined_overall,0.12571249466840725,1.0,0.9999673932257813
combined_overall,0.12571572593674468,1.0,0.9999673932257813
combined_overall,0.12571895720508214,1.0,0.9999673932257813
combined_overall,0.12572541974175702,1.0,0.9999673932257813
combined_overall,0.12573188227843193,1.0,0.9999673932257813
combined_overall,0.1257351135467694,1.0,0.9999673932257813
combined_overall,0.12573942190455265,1.0,0.9999673932257813
combined_overall,0.1257426531728901,1.0,0.9999673932257813
combined_overall,0.12574480735178173,1.0,0.9999673932257813
combined_overall,0.1257501927990108,1.0,0.9999673932257813
combined_overall,0.12575234697790244,1.0,0.9999673932257813
combined_overall,0.12575342406734824,1.0,0.9999673932257813
combined_overall,0.12575773242513152,1.0,0.9999673932257813
combined_overall,0.12575988660402315,1.0,0.9999673932257813
combined_overall,0.1257706574984813,1.0,0.9999673932257813
combined_overall,0.12577388876681875,1.0,0.9999673932257813
combined_overall,0.12577927421404783,1.0,0.9999673932257813
combined_overall,0.12578142839293946,1.0,0.9999673932257813
combined_overall,0.12578681384016854,1.0,0.9999673932257813
combined_overall,0.12578896801906017,1.0,0.9999673932257813
combined_overall,0.12579219928739763,1.0,0.9999673932257813
combined_overall,0.12579435346628925,1.0,0.9999673932257813
combined_overall,0.1257975847346267,1.0,0.9999673932257813
combined_overall,0.12580081600296414,1.0,0.9999673932257813
combined_overall,0.1258029701818558,1.0,0.9999673932257813
combined_overall,0.12580943271853068,1.0,0.9999673932257813
combined_overall,0.1258105098079765,1.0,0.9999673932257813
combined_overall,0.12581481816575976,1.0,0.9999673932257813
combined_overall,0.1258245119707721,1.0,0.9999673932257813
combined_overall,0.12582774323910956,1.0,0.9999673932257813
combined_overall,0.12582882032855536,1.0,0.9999673932257813
combined_overall,0.12583097450744699,1.0,0.9999673932257813
combined_overall,0.1258320515968928,1.0,0.9999673932257813
combined_overall,0.12583528286523027,1.0,0.9999673932257813
combined_overall,0.12583635995467607,1.0,0.9999673932257813
combined_overall,0.1258385141335677,1.0,0.9999673932257813
combined_overall,0.12583959122301352,1.0,0.9999673932257813
combined_overall,0.12584174540190515,1.0,0.9999673932257813
combined_overall,0.12584282249135098,1.0,0.9999673932257813
combined_overall,0.1258449766702426,1.0,0.9999673932257813
combined_overall,0.12584928502802586,1.0,0.9999673932257813
combined_overall,0.12585359338580912,1.0,0.9999673932257813
combined_overall,0.12585682465414658,1.0,0.9999673932257813
combined_overall,0.1258589788330382,1.0,0.9999673932257813
combined_overall,0.12586113301192983,1.0,0.9999673932257813
combined_overall,0.1258632871908215,1.0,0.9999673932257813
combined_overall,0.1258643642802673,1.0,0.9999673932257813
combined_overall,0.12586759554860474,1.0,0.9999673932257813
combined_overall,0.125871903906388,1.0,0.9999673932257813
combined_overall,0.12587513517472546,1.0,0.9999673932257813
combined_overall,0.1258794435325087,1.0,0.9999673932257813
combined_overall,0.12588375189029197,1.0,0.9999673932257813
combined_overall,0.12588590606918362,1.0,0.9999673932257813
combined_overall,0.12588806024807525,1.0,0.9999673932257813
combined_overall,0.12589452278475013,1.0,0.9999673932257813
combined_overall,0.1258977540530876,1.0,0.9999673932257813
combined_overall,0.12590206241087085,1.0,0.9999673932257813
combined_overall,0.1259063707686541,1.0,0.9999673932257813
combined_overall,0.12590852494754573,1.0,0.9999673932257813
combined_overall,0.12591067912643739,1.0,0.9999673932257813
combined_overall,0.12591498748422064,1.0,0.9999673932257813
combined_overall,0.12591714166311227,1.0,0.9999673932257813
combined_overall,0.12592145002089553,1.0,0.9999673932257813
combined_overall,0.12592468128923298,1.0,0.9999673932257813
combined_overall,0.1259257583786788,1.0,0.9999673932257813
combined_overall,0.12592791255757044,1.0,0.9999673932257813
combined_overall,0.12593114382590787,1.0,0.9999673932257813
combined_overall,0.12593329800479952,1.0,0.9999673932257813
combined_overall,0.12593760636258278,1.0,0.9999673932257813
combined_overall,0.1259397605414744,1.0,0.9999673932257813
combined_overall,0.12594837725704094,1.0,0.9999673932257813
combined_overall,0.12595053143593257,1.0,0.9999673932257813
combined_overall,0.12595483979371583,1.0,0.9999673932257813
combined_overall,0.12595914815149908,1.0,0.9999673932257813
combined_overall,0.12596345650928237,1.0,0.9999673932257813
combined_overall,0.1259666877776198,1.0,0.9999673932257813
combined_overall,0.12596776486706562,1.0,0.9999673932257813
combined_overall,0.12597099613540308,1.0,0.9999673932257813
combined_overall,0.12597745867207796,1.0,0.9999673932257813
combined_overall,0.1259796128509696,1.0,0.9999673932257813
combined_overall,0.1259860753876445,1.0,0.9999673932257813
combined_overall,0.12598822956653613,1.0,0.9999673932257813
combined_overall,0.12599146083487356,1.0,0.9999673932257813
combined_overall,0.12599576919265684,1.0,0.9999673932257813
combined_overall,0.12599900046099427,1.0,0.9999673932257813
combined_overall,0.12600115463988593,1.0,0.9999673932257813
combined_overall,0.1260076171765608,1.0,0.9999673932257813
combined_overall,0.12600977135545244,1.0,0.9999673932257813
combined_overall,0.12601084844489827,1.0,0.9999673932257813
combined_overall,0.1260130026237899,1.0,0.9999673932257813
combined_overall,0.12601623389212735,1.0,0.9999673932257813
combined_overall,0.12601731098157315,1.0,0.9999673932257813
combined_overall,0.1260216193393564,1.0,0.9999673932257813
combined_overall,0.12602269642880223,1.0,0.9999673932257813
combined_overall,0.12602485060769386,1.0,0.9999673932257813
combined_overall,0.12603992985993528,1.0,0.9999673932257813
combined_overall,0.1260420840388269,1.0,0.9999673932257813
combined_overall,0.12604316112827274,1.0,0.9999673932257813
combined_overall,0.12604531530716437,1.0,0.9999673932257813
combined_overall,0.1260463923966102,1.0,0.9999673932257813
combined_overall,0.12604854657550182,1.0,0.9999673932257813
combined_overall,0.12605177784383925,1.0,0.9999673932257813
combined_overall,0.12605608620162254,1.0,0.9999673932257813
combined_overall,0.12605716329106834,1.0,0.9999673932257813
combined_overall,0.12606147164885162,1.0,0.9999673932257813
combined_overall,0.12606254873829742,1.0,0.9999673932257813
combined_overall,0.12606470291718905,1.0,0.9999673932257813
combined_overall,0.12606578000663488,1.0,0.9999673932257813
combined_overall,0.1260679341855265,1.0,0.9999673932257813
combined_overall,0.12607008836441813,1.0,0.9999673932257813
combined_overall,0.1260733196327556,1.0,0.9999673932257813
combined_overall,0.1260743967222014,1.0,0.9999673932257813
combined_overall,0.12607655090109304,1.0,0.9999673932257813
combined_overall,0.12607762799053884,1.0,0.9999673932257813
combined_overall,0.1260819363483221,1.0,0.9999673932257813
combined_overall,0.12608409052721375,1.0,0.9999673932257813
combined_overall,0.12608624470610538,1.0,0.9999673932257813
combined_overall,0.12608732179555118,1.0,0.9999673932257813
combined_overall,0.1260894759744428,1.0,0.9999673932257813
combined_overall,0.12609055306388864,1.0,0.9999673932257813
combined_overall,0.12609270724278027,1.0,0.9999673932257813
combined_overall,0.1260948614216719,1.0,0.9999673932257813
combined_overall,0.12609916977945518,1.0,0.9999673932257813
combined_overall,0.1261013239583468,1.0,0.9999673932257813
combined_overall,0.12610455522668423,1.0,0.9999673932257813
combined_overall,0.12610563231613006,1.0,0.9999673932257813
combined_overall,0.1261077864950217,1.0,0.9999673932257813
combined_overall,0.12611101776335915,1.0,0.9999673932257813
combined_overall,0.12611317194225077,1.0,0.9999673932257813
combined_overall,0.1261142490316966,1.0,0.9999673932257813
combined_overall,0.12611640321058823,1.0,0.9999673932257813
combined_overall,0.12611748030003403,1.0,0.9999673932257813
combined_overall,0.12611963447892566,1.0,0.9999673932257813
combined_overall,0.12612071156837149,1.0,0.9999673932257813
combined_overall,0.12612501992615474,1.0,0.9999673932257813
combined_overall,0.12612609701560057,1.0,0.9999673932257813
combined_overall,0.12613040537338382,1.0,0.9999673932257813
combined_overall,0.12613148246282965,1.0,0.9999673932257813
combined_overall,0.12613686791005874,1.0,0.9999673932257813
combined_overall,0.12613902208895036,1.0,0.9999673932257813
combined_overall,0.12614009917839616,1.0,0.9999673932257813
combined_overall,0.12614656171507108,1.0,0.9999673932257813
combined_overall,0.1261487158939627,1.0,0.9999673932257813
combined_overall,0.1261551784306376,1.0,0.9999673932257813
combined_overall,0.12615625552008342,1.0,0.9999673932257813
combined_overall,0.12615840969897504,1.0,0.9999673932257813
combined_overall,0.1261616409673125,1.0,0.9999673932257813
combined_overall,0.12616487223564993,1.0,0.9999673932257813
combined_overall,0.12616594932509576,1.0,0.9999673932257813
combined_overall,0.1261691805934332,1.0,0.9999673932257813
combined_overall,0.12617348895121647,1.0,0.9999673932257813
combined_overall,0.12617456604066227,1.0,0.9999673932257813
combined_overall,0.12617779730899972,1.0,0.9999673932257813
combined_overall,0.12617887439844555,1.0,0.9999673932257813
combined_overall,0.1261831827562288,1.0,0.9999673932257813
combined_overall,0.12618749111401206,1.0,0.9999673932257813
combined_overall,0.1261896452929037,1.0,0.9999673932257813
combined_overall,0.12619179947179535,1.0,0.9999673932257813
combined_overall,0.12619395365068697,1.0,0.9999673932257813
combined_overall,0.1261961078295786,1.0,0.9999673932257813
combined_overall,0.12619826200847023,1.0,0.9999673932257813
combined_overall,0.12620041618736186,1.0,0.9999673932257813
combined_overall,0.12620149327680769,1.0,0.9999673932257813
combined_overall,0.12620580163459094,1.0,0.9999673932257813
combined_overall,0.12620795581348257,1.0,0.9999673932257813
combined_overall,0.1262090329029284,1.0,0.9999673932257813
combined_overall,0.12621226417126583,1.0,0.9999673932257813
combined_overall,0.12621441835015748,1.0,0.9999673932257813
combined_overall,0.1262176496184949,1.0,0.9999673932257813
combined_overall,0.12621980379738654,1.0,0.9999673932257813
combined_overall,0.1262219579762782,1.0,0.9999673932257813
combined_overall,0.126223035065724,1.0,0.9999673932257813
combined_overall,0.12622518924461562,1.0,0.9999673932257813
combined_overall,0.12622734342350725,1.0,0.9999673932257813
combined_overall,0.1262294976023989,1.0,0.9999673932257813
combined_overall,0.12623165178129053,1.0,0.9999673932257813
combined_overall,0.12623488304962796,1.0,0.9999673932257813
combined_overall,0.1262359601390738,1.0,0.9999673932257813
combined_overall,0.12623811431796542,1.0,0.9999673932257813
combined_overall,0.12623919140741124,1.0,0.9999673932257813
combined_overall,0.12624134558630287,1.0,0.9999673932257813
combined_overall,0.12624457685464033,1.0,0.9999673932257813
combined_overall,0.12624673103353196,1.0,0.9999673932257813
combined_overall,0.12624996230186938,1.0,0.9999673932257813
combined_overall,0.12625857901743592,1.0,0.9999673932257813
combined_overall,0.12626181028577338,1.0,0.9999673932257813
combined_overall,0.12626611864355664,1.0,0.9999673932257813
combined_overall,0.1262693499118941,1.0,0.9999673932257813
combined_overall,0.12627150409078572,1.0,0.9999673932257813
combined_overall,0.1262779666274606,1.0,0.9999673932257813
combined_overall,0.12627904371690643,1.0,0.9999673932257813
combined_overall,0.12629627714803948,1.0,0.9999673932257813
combined_overall,0.1262984313269311,1.0,0.9999673932257813
combined_overall,0.12630058550582274,1.0,0.9999673932257813
combined_overall,0.1263038167741602,1.0,0.9999673932257813
combined_overall,0.12630489386360602,1.0,0.9999673932257813
combined_overall,0.12630812513194345,1.0,0.9999673932257813
combined_overall,0.12631027931083508,1.0,0.9999673932257813
combined_overall,0.1263113564002809,1.0,0.9999673932257813
combined_overall,0.12631674184751,1.0,0.9999673932257813
combined_overall,0.12631889602640162,1.0,0.9999673932257813
combined_overall,0.12631997311584744,1.0,0.9999673932257813
combined_overall,0.1263242814736307,1.0,0.9999673932257813
combined_overall,0.12632858983141396,1.0,0.9999673932257813
combined_overall,0.12633397527864304,1.0,0.9999673932257813
combined_overall,0.12633612945753467,1.0,0.9999673932257813
combined_overall,0.12634366908365538,1.0,0.9999673932257813
combined_overall,0.126345823262547,1.0,0.9999673932257813
combined_overall,0.12635336288866772,1.0,0.9999673932257813
combined_overall,0.12635659415700518,1.0,0.9999673932257813
combined_overall,0.1263587483358968,1.0,0.9999673932257813
combined_overall,0.12635982542534263,1.0,0.9999673932257813
combined_overall,0.12636197960423426,1.0,0.9999673932257813
combined_overall,0.1263641337831259,1.0,0.9999673932257813
combined_overall,0.12636628796201752,1.0,0.9999673932257813
combined_overall,0.12637059631980077,1.0,0.9999673932257813
combined_overall,0.12637275049869243,1.0,0.9999673932257813
combined_overall,0.12637598176702985,1.0,0.9999673932257813
combined_overall,0.12637813594592148,1.0,0.9999673932257813
combined_overall,0.1263792130353673,1.0,0.9999673932257813
combined_overall,0.12638998392982548,1.0,0.9999673932257813
combined_overall,0.1263921381087171,1.0,0.9999673932257813
combined_overall,0.12639644646650036,1.0,0.9999673932257813
combined_overall,0.12639967773483782,1.0,0.9999673932257813
combined_overall,0.12640290900317527,1.0,0.9999673932257813
combined_overall,0.1264050631820669,1.0,0.9999673932257813
combined_overall,0.12641044862929599,1.0,0.9999673932257813
combined_overall,0.12641475698707924,1.0,0.9999673932257813
combined_overall,0.12641583407652504,1.0,0.9999673932257813
combined_overall,0.12642014243430832,1.0,0.9999673932257813
combined_overall,0.12642121952375412,1.0,0.9999673932257813
combined_overall,0.12642552788153738,1.0,0.9999673932257813
combined_overall,0.1264266049709832,1.0,0.9999673932257813
combined_overall,0.12642875914987484,1.0,0.9999673932257813
combined_overall,0.12642983623932066,1.0,0.9999673932257813
combined_overall,0.1264319904182123,1.0,0.9999673932257813
combined_overall,0.12643522168654975,1.0,0.9999673932257813
combined_overall,0.12643845295488718,1.0,0.9999673932257813
combined_overall,0.1264406071337788,1.0,0.9999673932257813
combined_overall,0.12644168422322463,1.0,0.9999673932257813
combined_overall,0.1264449154915621,1.0,0.9999673932257813
combined_overall,0.12644706967045372,1.0,0.9999673932257813
combined_overall,0.12645030093879117,1.0,0.9999673932257813
combined_overall,0.1264524551176828,1.0,0.9999673932257813
combined_overall,0.1264599947438035,1.0,0.9999673932257813
combined_overall,0.12646214892269514,1.0,0.9999673932257813
combined_overall,0.12646322601214094,1.0,0.9999673932257813
combined_overall,0.1264664572804784,1.0,0.9999673932257813
combined_overall,0.12646753436992422,1.0,0.9999673932257813
combined_overall,0.12646968854881585,1.0,0.9999673932257813
combined_overall,0.1264729198171533,1.0,0.9999673932257813
combined_overall,0.12647507399604493,1.0,0.9999673932257813
combined_overall,0.12648153653271982,1.0,0.9999673932257813
combined_overall,0.12648907615884053,1.0,0.9999673932257813
combined_overall,0.12649876996385287,1.0,0.9999673932257813
combined_overall,0.1265073866794194,1.0,0.9999673932257813
combined_overall,0.1265084637688652,1.0,0.9999673932257813
combined_overall,0.12651061794775686,1.0,0.9999673932257813
combined_overall,0.1265127721266485,1.0,0.9999673932257813
combined_overall,0.12651708048443175,1.0,0.9999673932257813
combined_overall,0.12651923466332338,1.0,0.9999673932257813
combined_overall,0.12652462011055246,1.0,0.9999673932257813
combined_overall,0.12653108264722734,1.0,0.9999673932257813
combined_overall,0.1265343139155648,1.0,0.9999673932257813
combined_overall,0.12653646809445643,1.0,0.9999673932257813
combined_overall,0.12653754518390226,1.0,0.9999673932257813
combined_overall,0.1265407764522397,1.0,0.9999673932257813
combined_overall,0.12654508481002297,1.0,0.9999673932257813
combined_overall,0.1265472389889146,1.0,0.9999673932257813
combined_overall,0.12654939316780622,1.0,0.9999673932257813
combined_overall,0.12655047025725205,1.0,0.9999673932257813
combined_overall,0.12655262443614368,1.0,0.9999673932257813
combined_overall,0.12655370152558948,1.0,0.9999673932257813
combined_overall,0.12655908697281856,1.0,0.9999673932257813
combined_overall,0.1265612411517102,1.0,0.9999673932257813
combined_overall,0.12656231824115602,1.0,0.9999673932257813
combined_overall,0.12656447242004765,1.0,0.9999673932257813
combined_overall,0.1265677036883851,1.0,0.9999673932257813
combined_overall,0.1265687807778309,1.0,0.9999673932257813
combined_overall,0.12657201204616836,1.0,0.9999673932257813
combined_overall,0.12657416622506,1.0,0.9999673932257813
combined_overall,0.12657524331450581,1.0,0.9999673932257813
combined_overall,0.12657847458284327,1.0,0.9999673932257813
combined_overall,0.1265806287617349,1.0,0.9999673932257813
combined_overall,0.1265817058511807,1.0,0.9999673932257813
combined_overall,0.12658601420896398,1.0,0.9999673932257813
combined_overall,0.1265881683878556,1.0,0.9999673932257813
combined_overall,0.1265892454773014,1.0,0.9999673932257813
combined_overall,0.12659247674563887,1.0,0.9999673932257813
combined_overall,0.1265935538350847,1.0,0.9999673932257813
combined_overall,0.12659570801397632,1.0,0.9999673932257813
combined_overall,0.12659678510342212,1.0,0.9999673932257813
combined_overall,0.12659893928231375,1.0,0.9999673932257813
combined_overall,0.12660001637175958,1.0,0.9999673932257813
combined_overall,0.12660324764009703,1.0,0.9999673932257813
combined_overall,0.12660540181898866,1.0,0.9999673932257813
combined_overall,0.1266075559978803,1.0,0.9999673932257813
combined_overall,0.12661294144510937,1.0,0.9999673932257813
combined_overall,0.126615095624001,1.0,0.9999673932257813
combined_overall,0.12661617271344683,1.0,0.9999673932257813
combined_overall,0.12661832689233846,1.0,0.9999673932257813
combined_overall,0.12662371233956754,1.0,0.9999673932257813
combined_overall,0.12662478942901334,1.0,0.9999673932257813
combined_overall,0.1266280206973508,1.0,0.9999673932257813
combined_overall,0.12663232905513405,1.0,0.9999673932257813
combined_overall,0.12663340614457988,1.0,0.9999673932257813
combined_overall,0.1266355603234715,1.0,0.9999673932257813
combined_overall,0.12664309994959222,1.0,0.9999673932257813
combined_overall,0.12664525412848385,1.0,0.9999673932257813
combined_overall,0.1266495624862671,1.0,0.9999673932257813
combined_overall,0.12665171666515873,1.0,0.9999673932257813
combined_overall,0.12665279375460456,1.0,0.9999673932257813
combined_overall,0.1266549479334962,1.0,0.9999673932257813
combined_overall,0.12665925629127944,1.0,0.9999673932257813
combined_overall,0.12666033338072527,1.0,0.9999673932257813
combined_overall,0.1266624875596169,1.0,0.9999673932257813
combined_overall,0.12666356464906273,1.0,0.9999673932257813
combined_overall,0.12666787300684598,1.0,0.9999673932257813
combined_overall,0.12667325845407507,1.0,0.9999673932257813
combined_overall,0.12667433554352087,1.0,0.9999673932257813
combined_overall,0.1266764897224125,1.0,0.9999673932257813
combined_overall,0.12667972099074995,1.0,0.9999673932257813
combined_overall,0.12668187516964158,1.0,0.9999673932257813
combined_overall,0.1266829522590874,1.0,0.9999673932257813
combined_overall,0.12668510643797903,1.0,0.9999673932257813
combined_overall,0.1266894147957623,1.0,0.9999673932257813
combined_overall,0.12669156897465392,1.0,0.9999673932257813
combined_overall,0.126696954421883,1.0,0.9999673932257813
combined_overall,0.1267034169585579,1.0,0.9999673932257813
combined_overall,0.126708802405787,1.0,0.9999673932257813
combined_overall,0.12671203367412442,1.0,0.9999673932257813
combined_overall,0.1267163420319077,1.0,0.9999673932257813
combined_overall,0.1267228045685826,1.0,0.9999673932257813
combined_overall,0.12672388165802842,1.0,0.9999673932257813
combined_overall,0.12672603583692005,1.0,0.9999673932257813
combined_overall,0.12672711292636585,1.0,0.9999673932257813
combined_overall,0.12672926710525748,1.0,0.9999673932257813
combined_overall,0.1267357296419324,1.0,0.9999673932257813
combined_overall,0.12674003799971564,1.0,0.9999673932257813
combined_overall,0.12674219217860727,1.0,0.9999673932257813
combined_overall,0.1267432692680531,1.0,0.9999673932257813
combined_overall,0.12674757762583636,1.0,0.9999673932257813
combined_overall,0.12674973180472798,1.0,0.9999673932257813
combined_overall,0.1267508088941738,1.0,0.9999673932257813
combined_overall,0.12675404016251127,1.0,0.9999673932257813
combined_overall,0.1267561943414029,1.0,0.9999673932257813
combined_overall,0.12675942560974032,1.0,0.9999673932257813
combined_overall,0.1267637339675236,1.0,0.9999673932257813
combined_overall,0.12676588814641523,1.0,0.9999673932257813
combined_overall,0.12676804232530686,1.0,0.9999673932257813
combined_overall,0.1267691194147527,1.0,0.9999673932257813
combined_overall,0.12677127359364432,1.0,0.9999673932257813
combined_overall,0.12677450486198175,1.0,0.9999673932257813
combined_overall,0.1267766590408734,1.0,0.9999673932257813
combined_overall,0.12677881321976503,1.0,0.9999673932257813
combined_overall,0.1267841986669941,1.0,0.9999673932257813
combined_overall,0.12678635284588574,1.0,0.9999673932257813
combined_overall,0.126790661203669,1.0,0.9999673932257813
combined_overall,0.12679927791923554,1.0,0.9999673932257813
combined_overall,0.12680143209812716,1.0,0.9999673932257813
combined_overall,0.12680681754535625,1.0,0.9999673932257813
combined_overall,0.12680789463480205,1.0,0.9999673932257813
combined_overall,0.1268111259031395,1.0,0.9999673932257813
combined_overall,0.1268165113503686,1.0,0.9999673932257813
combined_overall,0.12681974261870602,1.0,0.9999673932257813
combined_overall,0.12682189679759767,1.0,0.9999673932257813
combined_overall,0.1268251280659351,1.0,0.9999673932257813
combined_overall,0.12682620515538093,1.0,0.9999673932257813
combined_overall,0.12682835933427256,1.0,0.9999673932257813
combined_overall,0.12682943642371838,1.0,0.9999673932257813
combined_overall,0.12683159060261,1.0,0.9999673932257813
combined_overall,0.12683374478150164,1.0,0.9999673932257813
combined_overall,0.12684020731817652,1.0,0.9999673932257813
combined_overall,0.12684343858651398,1.0,0.9999673932257813
combined_overall,0.1268445156759598,1.0,0.9999673932257813
combined_overall,0.12684882403374306,1.0,0.9999673932257813
combined_overall,0.12685420948097215,1.0,0.9999673932257813
combined_overall,0.1268585178387554,1.0,0.9999673932257813
combined_overall,0.12686174910709286,1.0,0.9999673932257813
combined_overall,0.1268639032859845,1.0,0.9999673932257813
combined_overall,0.12686713455432194,1.0,0.9999673932257813
combined_overall,0.126872520001551,1.0,0.9999673932257813
combined_overall,0.12687359709099683,1.0,0.9999673932257813
combined_overall,0.12687790544878008,1.0,0.9999673932257813
combined_overall,0.12689406179046733,1.0,0.9999673932257813
combined_overall,0.1268972930588048,1.0,0.9999673932257813
combined_overall,0.12689944723769642,1.0,0.9999673932257813
combined_overall,0.12690052432714222,1.0,0.9999673932257813
combined_overall,0.12690267850603384,1.0,0.9999673932257813
combined_overall,0.1269457620838665,1.0,0.9999673932257813
combined_overall,0.12694683917331231,1.0,0.9999673932257813
combined_overall,0.12695114753109557,1.0,0.9999673932257813
combined_overall,0.1269522246205414,1.0,0.9999673932257813
combined_overall,0.12695437879943303,1.0,0.9999673932257813
combined_overall,0.12695545588887883,1.0,0.9999673932257813
combined_overall,0.12695761006777045,1.0,0.9999673932257813
combined_overall,0.1269608413361079,1.0,0.9999673932257813
combined_overall,0.12696407260444537,1.0,0.9999673932257813
combined_overall,0.12696514969389117,1.0,0.9999673932257813
combined_overall,0.12696945805167445,1.0,0.9999673932257813
combined_overall,0.12697161223056608,1.0,0.9999673932257813
combined_overall,0.12698346021447005,1.0,0.9999673932257813
combined_overall,0.1269866914828075,1.0,0.9999673932257813
combined_overall,0.12698884566169913,1.0,0.9999673932257813
combined_overall,0.12699099984059076,1.0,0.9999673932257813
combined_overall,0.126995308198374,1.0,0.9999673932257813
combined_overall,0.1270125416295071,1.0,0.9999673932257813
combined_overall,0.12701684998729035,1.0,0.9999673932257813
combined_overall,0.1270211583450736,1.0,0.9999673932257813
combined_overall,0.12702331252396523,1.0,0.9999673932257813
combined_overall,0.1270265437923027,1.0,0.9999673932257813
combined_overall,0.12702869797119432,1.0,0.9999673932257813
combined_overall,0.12703085215008594,1.0,0.9999673932257813
combined_overall,0.12703300632897757,1.0,0.9999673932257813
combined_overall,0.12703839177620666,1.0,0.9999673932257813
combined_overall,0.12704054595509828,1.0,0.9999673932257813
combined_overall,0.12704270013398994,1.0,0.9999673932257813
combined_overall,0.12704485431288157,1.0,0.9999673932257813
combined_overall,0.12704593140232737,1.0,0.9999673932257813
combined_overall,0.127048085581219,1.0,0.9999673932257813
combined_overall,0.12705239393900228,1.0,0.9999673932257813
combined_overall,0.12705777938623136,1.0,0.9999673932257813
combined_overall,0.1270674731912437,1.0,0.9999673932257813
combined_overall,0.1270685502806895,1.0,0.9999673932257813
combined_overall,0.12707070445958113,1.0,0.9999673932257813
combined_overall,0.12707178154902696,1.0,0.9999673932257813
combined_overall,0.1270750128173644,1.0,0.9999673932257813
combined_overall,0.12707716699625604,1.0,0.9999673932257813
combined_overall,0.1270803982645935,1.0,0.9999673932257813
combined_overall,0.12708255244348513,1.0,0.9999673932257813
combined_overall,0.12708470662237675,1.0,0.9999673932257813
combined_overall,0.12708686080126838,1.0,0.9999673932257813
combined_overall,0.1270879378907142,1.0,0.9999673932257813
combined_overall,0.12709332333794326,1.0,0.9999673932257813
combined_overall,0.12709763169572655,1.0,0.9999673932257813
combined_overall,0.12709978587461818,1.0,0.9999673932257813
combined_overall,0.12710409423240143,1.0,0.9999673932257813
combined_overall,0.1271073255007389,1.0,0.9999673932257813
combined_overall,0.12710947967963052,1.0,0.9999673932257813
combined_overall,0.12711055676907634,1.0,0.9999673932257813
combined_overall,0.1271148651268596,1.0,0.9999673932257813
combined_overall,0.12712132766353448,1.0,0.9999673932257813
combined_overall,0.12712563602131777,1.0,0.9999673932257813
combined_overall,0.12712671311076357,1.0,0.9999673932257813
combined_overall,0.12713102146854682,1.0,0.9999673932257813
combined_overall,0.12713209855799265,1.0,0.9999673932257813
combined_overall,0.1271353298263301,1.0,0.9999673932257813
combined_overall,0.12713748400522173,1.0,0.9999673932257813
combined_overall,0.12713856109466753,1.0,0.9999673932257813
combined_overall,0.12714286945245082,1.0,0.9999673932257813
combined_overall,0.12714610072078825,1.0,0.9999673932257813
combined_overall,0.1271493319891257,1.0,0.9999673932257813
combined_overall,0.12715148616801733,1.0,0.9999673932257813
combined_overall,0.12715687161524641,1.0,0.9999673932257813
combined_overall,0.12715794870469224,1.0,0.9999673932257813
combined_overall,0.12716548833081295,1.0,0.9999673932257813
combined_overall,0.1271697966885962,1.0,0.9999673932257813
combined_overall,0.12717410504637947,1.0,0.9999673932257813
combined_overall,0.1271751821358253,1.0,0.9999673932257813
combined_overall,0.12717733631471692,1.0,0.9999673932257813
combined_overall,0.12718164467250018,1.0,0.9999673932257813
combined_overall,0.127182721761946,1.0,0.9999673932257813
combined_overall,0.12718703011972926,1.0,0.9999673932257813
combined_overall,0.1271881072091751,1.0,0.9999673932257813
combined_overall,0.12719349265640414,1.0,0.9999673932257813
combined_overall,0.12719780101418743,1.0,0.9999673932257813
combined_overall,0.12720103228252486,1.0,0.9999673932257813
combined_overall,0.12720210937197068,1.0,0.9999673932257813
combined_overall,0.12720641772975394,1.0,0.9999673932257813
combined_overall,0.12721395735587465,1.0,0.9999673932257813
combined_overall,0.12721611153476628,1.0,0.9999673932257813
combined_overall,0.12721826571365794,1.0,0.9999673932257813
combined_overall,0.127223651160887,1.0,0.9999673932257813
combined_overall,0.12722795951867027,1.0,0.9999673932257813
combined_overall,0.12722903660811608,1.0,0.9999673932257813
combined_overall,0.12723334496589936,1.0,0.9999673932257813
combined_overall,0.12723442205534516,1.0,0.9999673932257813
combined_overall,0.1272365762342368,1.0,0.9999673932257813
combined_overall,0.12723980750257424,1.0,0.9999673932257813
combined_overall,0.12724627003924913,1.0,0.9999673932257813
combined_overall,0.12724950130758658,1.0,0.9999673932257813
combined_overall,0.12725811802315312,1.0,0.9999673932257813
combined_overall,0.12726027220204475,1.0,0.9999673932257813
combined_overall,0.12726242638093638,1.0,0.9999673932257813
combined_overall,0.12726565764927383,1.0,0.9999673932257813
combined_overall,0.12726673473871963,1.0,0.9999673932257813
combined_overall,0.12727104309650292,1.0,0.9999673932257813
combined_overall,0.12727212018594872,1.0,0.9999673932257813
combined_overall,0.12727642854373197,1.0,0.9999673932257813
combined_overall,0.1272775056331778,1.0,0.9999673932257813
combined_overall,0.12728073690151526,1.0,0.9999673932257813
combined_overall,0.12728289108040688,1.0,0.9999673932257813
combined_overall,0.12728827652763597,1.0,0.9999673932257813
combined_overall,0.12729473906431085,1.0,0.9999673932257813
combined_overall,0.12729581615375668,1.0,0.9999673932257813
combined_overall,0.1272990474220941,1.0,0.9999673932257813
combined_overall,0.1273044328693232,1.0,0.9999673932257813
combined_overall,0.12730550995876902,1.0,0.9999673932257813
combined_overall,0.1273119724954439,1.0,0.9999673932257813
combined_overall,0.12731520376378136,1.0,0.9999673932257813
combined_overall,0.127317357942673,1.0,0.9999673932257813
combined_overall,0.12732058921101044,1.0,0.9999673932257813
combined_overall,0.12732274338990207,1.0,0.9999673932257813
combined_overall,0.12732812883713115,1.0,0.9999673932257813
combined_overall,0.1273313601054686,1.0,0.9999673932257813
combined_overall,0.12733351428436024,1.0,0.9999673932257813
combined_overall,0.12733459137380604,1.0,0.9999673932257813
combined_overall,0.12733889973158932,1.0,0.9999673932257813
combined_overall,0.12733997682103512,1.0,0.9999673932257813
combined_overall,0.12734320808937258,1.0,0.9999673932257813
combined_overall,0.12734428517881838,1.0,0.9999673932257813
combined_overall,0.1273507477154933,1.0,0.9999673932257813
combined_overall,0.12735505607327655,1.0,0.9999673932257813
combined_overall,0.12735613316272237,1.0,0.9999673932257813
combined_overall,0.12736044152050563,1.0,0.9999673932257813
combined_overall,0.1273658269677347,1.0,0.9999673932257813
combined_overall,0.1273669040571805,1.0,0.9999673932257813
combined_overall,0.12736905823607217,1.0,0.9999673932257813
combined_overall,0.12737444368330123,1.0,0.9999673932257813
combined_overall,0.12738306039886776,1.0,0.9999673932257813
combined_overall,0.1273841374883136,1.0,0.9999673932257813
combined_overall,0.12738736875665102,1.0,0.9999673932257813
combined_overall,0.12738952293554265,1.0,0.9999673932257813
combined_overall,0.12739383129332593,1.0,0.9999673932257813
combined_overall,0.12739706256166336,1.0,0.9999673932257813
combined_overall,0.12740244800889244,1.0,0.9999673932257813
combined_overall,0.12741429599279644,1.0,0.9999673932257813
combined_overall,0.12741645017168807,1.0,0.9999673932257813
combined_overall,0.12742398979780878,1.0,0.9999673932257813
combined_overall,0.12743045233448366,1.0,0.9999673932257813
combined_overall,0.12743476069226692,1.0,0.9999673932257813
combined_overall,0.127440146139496,1.0,0.9999673932257813
combined_overall,0.12744445449727929,1.0,0.9999673932257813
combined_overall,0.12744553158672509,1.0,0.9999673932257813
combined_overall,0.12744983994450834,1.0,0.9999673932257813
combined_overall,0.1274530712128458,1.0,0.9999673932257813
combined_overall,0.12745414830229163,1.0,0.9999673932257813
combined_overall,0.12745845666007488,1.0,0.9999673932257813
combined_overall,0.12745953374952068,1.0,0.9999673932257813
combined_overall,0.12746384210730397,1.0,0.9999673932257813
combined_overall,0.12747030464397885,1.0,0.9999673932257813
combined_overall,0.12747245882287048,1.0,0.9999673932257813
combined_overall,0.12748322971732864,1.0,0.9999673932257813
combined_overall,0.12748969225400353,1.0,0.9999673932257813
combined_overall,0.12749184643289518,1.0,0.9999673932257813
combined_overall,0.12749292352234098,1.0,0.9999673932257813
combined_overall,0.12749723188012424,1.0,0.9999673932257813
combined_overall,0.1274993860590159,1.0,0.9999673932257813
combined_overall,0.1275004631484617,1.0,0.9999673932257813
combined_overall,0.12750584859569078,1.0,0.9999673932257813
combined_overall,0.1275069256851366,1.0,0.9999673932257813
combined_overall,0.12750907986402824,1.0,0.9999673932257813
combined_overall,0.12751446531125732,1.0,0.9999673932257813
combined_overall,0.12752954456349874,1.0,0.9999673932257813
combined_overall,0.127533852921282,1.0,0.9999673932257813
combined_overall,0.12753923836851108,1.0,0.9999673932257813
combined_overall,0.12754354672629434,1.0,0.9999673932257813
combined_overall,0.1275467779946318,1.0,0.9999673932257813
combined_overall,0.12755108635241505,1.0,0.9999673932257813
combined_overall,0.12755324053130668,1.0,0.9999673932257813
combined_overall,0.1275543176207525,1.0,0.9999673932257813
combined_overall,0.12755862597853576,1.0,0.9999673932257813
combined_overall,0.12756616560465647,1.0,0.9999673932257813
combined_overall,0.12757047396243973,1.0,0.9999673932257813
combined_overall,0.1275758594096688,1.0,0.9999673932257813
combined_overall,0.12757801358856044,1.0,0.9999673932257813
combined_overall,0.1275812448568979,1.0,0.9999673932257813
combined_overall,0.12758232194634372,1.0,0.9999673932257813
combined_overall,0.12758447612523535,1.0,0.9999673932257813
combined_overall,0.12758770739357278,1.0,0.9999673932257813
combined_overall,0.12759201575135606,1.0,0.9999673932257813
combined_overall,0.12759955537747678,1.0,0.9999673932257813
combined_overall,0.1276027866458142,1.0,0.9999673932257813
combined_overall,0.1276081720930433,1.0,0.9999673932257813
combined_overall,0.12761032627193492,1.0,0.9999673932257813
combined_overall,0.12761248045082657,1.0,0.9999673932257813
combined_overall,0.12761894298750145,1.0,0.9999673932257813
combined_overall,0.12762109716639308,1.0,0.9999673932257813
combined_overall,0.1276286367925138,1.0,0.9999673932257813
combined_overall,0.1276350993291887,1.0,0.9999673932257813
combined_overall,0.12763940768697196,1.0,0.9999673932257813
combined_overall,0.12764263895530942,1.0,0.9999673932257813
combined_overall,0.12764479313420105,1.0,0.9999673932257813
combined_overall,0.12764802440253847,1.0,0.9999673932257813
combined_overall,0.12766094947588827,1.0,0.9999673932257813
combined_overall,0.1276620265653341,1.0,0.9999673932257813
combined_overall,0.12766848910200898,1.0,0.9999673932257813
combined_overall,0.12767279745979226,1.0,0.9999673932257813
combined_overall,0.12767387454923806,1.0,0.9999673932257813
combined_overall,0.12768033708591298,1.0,0.9999673932257813
combined_overall,0.1276824912648046,1.0,0.9999673932257813
combined_overall,0.12768572253314203,1.0,0.9999673932257813
combined_overall,0.1276878767120337,1.0,0.9999673932257813
combined_overall,0.1276889538014795,1.0,0.9999673932257813
combined_overall,0.12769433924870857,1.0,0.9999673932257813
combined_overall,0.12770080178538346,1.0,0.9999673932257813
combined_overall,0.12770511014316674,1.0,0.9999673932257813
combined_overall,0.12770618723261254,1.0,0.9999673932257813
combined_overall,0.1277234206637456,1.0,0.9999673932257813
combined_overall,0.1277298832004205,1.0,0.9999673932257813
combined_overall,0.12773419155820376,1.0,0.9999673932257813
combined_overall,0.12775357916822844,1.0,0.9999673932257813
combined_overall,0.12776219588379498,1.0,0.9999673932257813
combined_overall,0.12776542715213243,1.0,0.9999673932257813
combined_overall,0.1277697355099157,1.0,0.9999673932257813
combined_overall,0.12777296677825314,1.0,0.9999673932257813
combined_overall,0.12777404386769894,1.0,0.9999673932257813
combined_overall,0.12777619804659057,1.0,0.9999673932257813
combined_overall,0.12778158349381966,1.0,0.9999673932257813
combined_overall,0.12778266058326548,1.0,0.9999673932257813
combined_overall,0.12778696894104874,1.0,0.9999673932257813
combined_overall,0.12778912311994037,1.0,0.9999673932257813
combined_overall,0.1277902002093862,1.0,0.9999673932257813
combined_overall,0.1277988169249527,1.0,0.9999673932257813
combined_overall,0.12780851072996505,1.0,0.9999673932257813
combined_overall,0.1278117419983025,1.0,0.9999673932257813
combined_overall,0.12781281908774833,1.0,0.9999673932257813
combined_overall,0.12781928162442321,1.0,0.9999673932257813
combined_overall,0.12782358998220647,1.0,0.9999673932257813
combined_overall,0.12783436087666464,1.0,0.9999673932257813
combined_overall,0.12784082341333955,1.0,0.9999673932257813
combined_overall,0.1278451317711228,1.0,0.9999673932257813
combined_overall,0.12784836303946026,1.0,0.9999673932257813
combined_overall,0.12784944012890606,1.0,0.9999673932257813
combined_overall,0.12785590266558097,1.0,0.9999673932257813
combined_overall,0.12786021102336423,1.0,0.9999673932257813
combined_overall,0.12786128811281003,1.0,0.9999673932257813
combined_overall,0.1278666735600391,1.0,0.9999673932257813
combined_overall,0.12787529027560565,1.0,0.9999673932257813
combined_overall,0.12788175281228054,1.0,0.9999673932257813
combined_overall,0.127884984080618,1.0,0.9999673932257813
combined_overall,0.12788606117006382,1.0,0.9999673932257813
combined_overall,0.12789575497507616,1.0,0.9999673932257813
combined_overall,0.1278989862434136,1.0,0.9999673932257813
combined_overall,0.12790329460119687,1.0,0.9999673932257813
combined_overall,0.12790868004842595,1.0,0.9999673932257813
combined_overall,0.1279129884062092,1.0,0.9999673932257813
combined_overall,0.1279194509428841,1.0,0.9999673932257813
combined_overall,0.12792375930066738,1.0,0.9999673932257813
combined_overall,0.1279269905690048,1.0,0.9999673932257813
combined_overall,0.12792806765845063,1.0,0.9999673932257813
combined_overall,0.12793453019512552,1.0,0.9999673932257813
combined_overall,0.1279388385529088,1.0,0.9999673932257813
combined_overall,0.12794206982124623,1.0,0.9999673932257813
combined_overall,0.12794314691069206,1.0,0.9999673932257813
combined_overall,0.1279463781790295,1.0,0.9999673932257813
combined_overall,0.1279528407157044,1.0,0.9999673932257813
combined_overall,0.12795822616293348,1.0,0.9999673932257813
combined_overall,0.12796145743127094,1.0,0.9999673932257813
combined_overall,0.12796899705739162,1.0,0.9999673932257813
combined_overall,0.12797545959406653,1.0,0.9999673932257813
combined_overall,0.1279862304885247,1.0,0.9999673932257813
combined_overall,0.12798838466741633,1.0,0.9999673932257813
combined_overall,0.1279948472040912,1.0,0.9999673932257813
combined_overall,0.12799915556187447,1.0,0.9999673932257813
combined_overall,0.12800238683021192,1.0,0.9999673932257813
combined_overall,0.1280131577246701,1.0,0.9999673932257813
combined_overall,0.12801746608245335,1.0,0.9999673932257813
combined_overall,0.12802500570857406,1.0,0.9999673932257813
combined_overall,0.1280293140663573,1.0,0.9999673932257813
combined_overall,0.12803685369247803,1.0,0.9999673932257813
combined_overall,0.1280411620502613,1.0,0.9999673932257813
combined_overall,0.12805731839194853,1.0,0.9999673932257813
combined_overall,0.12806593510751507,1.0,0.9999673932257813
combined_overall,0.12806916637585253,1.0,0.9999673932257813
combined_overall,0.12807347473363578,1.0,0.9999673932257813
combined_overall,0.12807993727031067,1.0,0.9999673932257813
combined_overall,0.1280950165225521,1.0,0.9999673932257813
combined_overall,0.1281079415959019,1.0,0.9999673932257813
combined_overall,0.1281144041325768,1.0,0.9999673932257813
combined_overall,0.12811978957980585,1.0,0.9999673932257813
combined_overall,0.128142408458168,1.0,0.9999673932257813
combined_overall,0.1281574877104094,1.0,0.9999673932257813
combined_overall,0.12816718151542178,1.0,0.9999673932257813
combined_overall,0.12817364405209666,1.0,0.9999673932257813
combined_overall,0.12817687532043412,1.0,0.9999673932257813
combined_overall,0.12818118367821738,1.0,0.9999673932257813
combined_overall,0.12818656912544646,1.0,0.9999673932257813
combined_overall,0.12819087748322971,1.0,0.9999673932257813
combined_overall,0.12819841710935043,1.0,0.9999673932257813
combined_overall,0.12820272546713368,1.0,0.9999673932257813
combined_overall,0.1282091880038086,1.0,0.9999673932257813
combined_overall,0.12821241927214605,1.0,0.9999673932257813
combined_overall,0.1282178047193751,1.0,0.9999673932257813
combined_overall,0.12822534434549582,1.0,0.9999673932257813
combined_overall,0.12822749852438745,1.0,0.9999673932257813
combined_overall,0.12823611523995398,1.0,0.9999673932257813
combined_overall,0.12824042359773724,1.0,0.9999673932257813
combined_overall,0.12824688613441215,1.0,0.9999673932257813
combined_overall,0.1282565799394245,1.0,0.9999673932257813
combined_overall,0.1282641195655452,1.0,0.9999673932257813
combined_overall,0.1282695050127743,1.0,0.9999673932257813
combined_overall,0.12828889262279897,1.0,0.9999673932257813
combined_overall,0.12829427807002805,1.0,0.9999673932257813
combined_overall,0.12829643224891968,1.0,0.9999673932257813
combined_overall,0.1283039718750404,1.0,0.9999673932257813
combined_overall,0.12831474276949856,1.0,0.9999673932257813
combined_overall,0.12832228239561927,1.0,0.9999673932257813
combined_overall,0.12832874493229415,1.0,0.9999673932257813
combined_overall,0.12833951582675232,1.0,0.9999673932257813
combined_overall,0.1283459783634272,1.0,0.9999673932257813
combined_overall,0.12835351798954792,1.0,0.9999673932257813
combined_overall,0.12836321179456026,1.0,0.9999673932257813
combined_overall,0.12836859724178934,1.0,0.9999673932257813
combined_overall,0.1283718285101268,1.0,0.9999673932257813
combined_overall,0.1283793681362475,1.0,0.9999673932257813
combined_overall,0.12838798485181405,1.0,0.9999673932257813
combined_overall,0.12839444738848893,1.0,0.9999673932257813
combined_overall,0.12840414119350127,1.0,0.9999673932257813
combined_overall,0.12841491208795944,1.0,0.9999673932257813
combined_overall,0.12842999134020086,1.0,0.9999673932257813
combined_overall,0.12843645387687574,1.0,0.9999673932257813
combined_overall,0.1284396851452132,1.0,0.9999673932257813
combined_overall,0.12844614768188808,1.0,0.9999673932257813
combined_overall,0.1284730749180335,1.0,0.9999673932257813
combined_overall,0.12848169163360001,1.0,0.9999673932257813
combined_overall,0.12849246252805818,1.0,0.9999673932257813
combined_overall,0.12849892506473307,1.0,0.9999673932257813
combined_overall,0.1285075417802996,1.0,0.9999673932257813
combined_overall,0.1285140043169745,1.0,0.9999673932257813
combined_overall,0.12852262103254103,1.0,0.9999673932257813
combined_overall,0.1285333919269992,1.0,0.9999673932257813
combined_overall,0.12853985446367408,1.0,0.9999673932257813
combined_overall,0.12855170244757805,1.0,0.9999673932257813
combined_overall,0.12856678169981947,1.0,0.9999673932257813
combined_overall,0.128575398415386,1.0,0.9999673932257813
combined_overall,0.12858293804150672,1.0,0.9999673932257813
combined_overall,0.12859155475707323,1.0,0.9999673932257813
combined_overall,0.1285937089359649,1.0,0.9999673932257813
combined_overall,0.12859801729374815,1.0,0.9999673932257813
combined_overall,0.12860663400931466,1.0,0.9999673932257813
combined_overall,0.12861955908266445,1.0,0.9999673932257813
combined_overall,0.12863140706656845,1.0,0.9999673932257813
combined_overall,0.12863786960324333,1.0,0.9999673932257813
combined_overall,0.12864648631880987,1.0,0.9999673932257813
combined_overall,0.12865187176603893,1.0,0.9999673932257813
combined_overall,0.12866048848160547,1.0,0.9999673932257813
combined_overall,0.12866479683938872,1.0,0.9999673932257813
combined_overall,0.12867341355495526,1.0,0.9999673932257813
combined_overall,0.12868633862830506,1.0,0.9999673932257813
combined_overall,0.12870141788054648,1.0,0.9999673932257813
combined_overall,0.12870788041722137,1.0,0.9999673932257813
combined_overall,0.1287380389217042,1.0,0.9999673932257813
combined_overall,0.12874019310059584,1.0,0.9999673932257813
combined_overall,0.12874988690560818,1.0,0.9999673932257813
combined_overall,0.12876173488951217,1.0,0.9999673932257813
combined_overall,0.12877142869452451,1.0,0.9999673932257813
combined_overall,0.12880051010956153,1.0,0.9999673932257813
combined_overall,0.1288198977195862,1.0,0.9999673932257813
combined_overall,0.12882959152459858,1.0,0.9999673932257813
combined_overall,0.1288382082401651,1.0,0.9999673932257813
combined_overall,0.12885221040296072,1.0,0.9999673932257813
combined_overall,0.12886513547631048,1.0,0.9999673932257813
combined_overall,0.12888236890744356,1.0,0.9999673932257813
combined_overall,0.1288931398019017,1.0,0.9999673932257813
combined_overall,0.1289319150219511,1.0,0.9999673932257813
combined_overall,0.12894160882696343,1.0,0.9999673932257813
combined_overall,0.12895884225809648,1.0,0.9999673932257813
combined_overall,0.12897822986812116,1.0,0.9999673932257813
combined_overall,0.12899115494147095,1.0,0.9999673932257813
combined_overall,0.12900623419371238,1.0,0.9999673932257813
combined_overall,0.12901700508817054,1.0,0.9999673932257813
combined_overall,0.12903208434041197,1.0,0.9999673932257813
combined_overall,0.12905362612932827,1.0,0.9999673932257813
combined_overall,0.12906547411323227,1.0,0.9999673932257813
combined_overall,0.12907409082879878,1.0,0.9999673932257813
combined_overall,0.12909024717048603,1.0,0.9999673932257813
combined_overall,0.12910532642272746,1.0,0.9999673932257813
combined_overall,0.12911717440663142,1.0,0.9999673932257813
combined_overall,0.12912686821164376,1.0,0.9999673932257813
combined_overall,0.12914302455333102,1.0,0.9999673932257813
combined_overall,0.12919257066783854,1.0,0.9999673932257813
combined_overall,0.12921303536730905,1.0,0.9999673932257813
combined_overall,0.12922596044065884,1.0,0.9999673932257813
combined_overall,0.12923565424567118,1.0,0.9999673932257813
combined_overall,0.12925504185569586,1.0,0.9999673932257813
combined_overall,0.1292647356607082,1.0,0.9999673932257813
combined_overall,0.12928196909184125,1.0,0.9999673932257813
combined_overall,0.12929489416519105,1.0,0.9999673932257813
combined_overall,0.12930889632798667,1.0,0.9999673932257813
combined_overall,0.12932612975911972,1.0,0.9999673932257813
combined_overall,0.1293509028163735,1.0,0.9999673932257813
combined_overall,0.12937783005251888,1.0,0.9999673932257813
combined_overall,0.12938213841030213,1.0,0.9999673932257813
combined_overall,0.12942953034591806,1.0,0.9999673932257813
combined_overall,0.1294478408664969,1.0,0.9999673932257813
combined_overall,0.12947045974485905,1.0,0.9999673932257813
combined_overall,0.12948877026543792,1.0,0.9999673932257813
combined_overall,0.12950600369657098,1.0,0.9999673932257813
combined_overall,0.12952431421714986,1.0,0.9999673932257813
combined_overall,0.12953831637994545,1.0,0.9999673932257813
combined_overall,0.12955985816886179,1.0,0.9999673932257813
combined_overall,0.12960509592558606,1.0,0.9999673932257813
combined_overall,0.12962986898283982,1.0,0.9999673932257813
combined_overall,0.12965141077175613,1.0,0.9999673932257813
combined_overall,0.1296632587556601,1.0,0.9999673932257813
combined_overall,0.12968587763402223,1.0,0.9999673932257813
combined_overall,0.12972034449628836,1.0,0.9999673932257813
combined_overall,0.12974727173243375,1.0,0.9999673932257813
combined_overall,0.12978281568414568,1.0,0.9999673932257813
combined_overall,0.12980220329417036,1.0,0.9999673932257813
combined_overall,0.1298388243353281,1.0,0.9999673932257813
combined_overall,0.12987005992925676,1.0,0.9999673932257813
combined_overall,0.12993468529600571,1.0,0.9999673932257813
combined_overall,0.1299734605160551,1.0,0.9999673932257813
combined_overall,0.13000900446776703,1.0,0.9999673932257813
combined_overall,0.13006501311894944,1.0,0.9999673932257813
combined_overall,0.1301231759490235,1.0,0.9999673932257813
combined_overall,0.13016625952685615,1.0,0.9999673932257813
combined_overall,0.1302298078041593,1.0,0.9999673932257813
combined_overall,0.13027935391866682,1.0,0.9999673932257813
combined_overall,0.13033428548040343,1.0,0.9999673932257813
combined_overall,0.13039675666826075,1.0,0.9999673932257813
combined_overall,0.1304473798722141,1.0,0.9999673932257813
combined_overall,0.13051954486508377,1.0,0.9999673932257813
combined_overall,0.13062402254132793,1.0,0.9999673932257813
combined_overall,0.13071342096533065,1.0,0.9999673932257813
combined_overall,0.13082974662547878,1.0,0.9999673932257813
combined_overall,0.1309525348223018,1.0,0.9999673932257813
combined_overall,0.1311291774914156,1.0,0.9999673932257813
combined_overall,0.13130689724997524,1.0,0.9999673932257813
combined_overall,0.1315761696114292,1.0,0.9999673932257813
combined_overall,0.13195422800691062,1.0,0.9999673932257813
combined_overall,0.13280835993744264,1.0,0.9999673932257813
combined_overall,1.0,1.0,0.9999673932257813
